x,y,z
nan,nan,nan
1524.0015259619327,-1039.4815589348857,1.1295835913635399e-13
1522.7737806477712,-1091.8328972291015,1.1473409699511767e-13
1523.3864622251988,-1143.4011759697437,1.1663229953379605e-13
1520.3713647319846,-1196.5485680919944,1.1846926973251707e-13
1493.193320891688,-1232.2620283220822,1.185458101574638e-13
1531.0262314517424,-1383.8434669812464,1.263682415870175e-13
1536.5798426602842,-1452.59513875343,1.2947578283985392e-13
1534.2946175214436,-1516.8211089791464,1.3210877345802074e-13
1526.3381044910318,-1580.5693762941014,1.345427589713261e-13
1539.3736179104023,-1744.7333397919117,1.4247234699580521e-13
1536.7084994717898,-1823.2847385011373,1.460085146283432e-13
1538.7811083330785,-1911.9350834003815,1.5027947034036957e-13
1545.8312482344943,-2108.247806706267,1.600766447335484e-13
1539.2827504894976,-2200.877478767386,1.6445475704050019e-13
1530.328507959158,-2412.2842328853985,1.7492548717321005e-13
1511.4380205854297,-2942.5191774955006,2.0255658057897221e-13
1443.3617562482568,-2973.72444765818,2.0240349972907881e-13
1349.7046097881998,-2950.9866936867884,1.9869894316165807e-13
1263.0688601212637,-2942.0843150888745,1.960506444585019e-13
1180.9337003360035,-2932.118107343344,1.9355542660523917e-13
1099.9007746340517,-2922.3662562997492,1.911979815168805e-13
1020.3042527335515,-2914.041091311828,1.8905484961837266e-13
944.5876975556199,-2907.142006185211,1.871719551646836e-13
873.3714349464183,-2913.4077274936362,1.8623816198033375e-13
803.490633430808,-2925.1538509946718,1.857483032606748e-13
640.571334611182,-2838.10828110459,1.781554931059612e-13
573.7141478507417,-2843.704111991242,1.7763501821632357e-13
508.93023040995604,-2849.9149146202367,1.7726762417657937e-13
439.9349608698003,-2847.9712591078737,1.7645629567214426e-13
373.5085429927695,-2843.0701043610266,1.7558373482775176e-13
310.52964433032935,-2842.58888867034,1.7509387610809282e-13
245.29668211183431,-2839.424156012082,1.7451216887849784e-13
178.33243482197142,-2827.131073224315,1.7345591101423323e-13
113.19831936794229,-2822.230747209071,1.7295074420958495e-13
49.2725064740596,-2822.8200053502815,1.7287420378463825e-13
-13.818043444514313,-2814.966085350828,1.7236903697998996e-13
-77.40115532486102,-2809.4339841246274,1.720934914501818e-13
-142.32018602248772,-2803.3897275709855,1.7187917826033102e-13
-206.05434264266827,-2793.410569157011,1.7151178422058681e-13
-268.8233743810994,-2791.8374873703447,1.7174140549542694e-13
-334.6494972908543,-2794.785729973405,1.7235372889500062e-13
-399.7457287068841,-2794.554052506518,1.728588956996489e-13
-463.0149104969548,-2785.5306954254693,1.7290481995461694e-13
-525.7885416743267,-2777.6744606674097,1.7310382505947837e-13
-592.8982341426807,-2778.188662861198,1.7394576973389217e-13
-657.4557080004532,-2778.5256080370436,1.74833638663274e-13
-724.6508260335029,-2777.009395073946,1.757368156776452e-13
-791.3643976089762,-2771.221100922296,1.764716037571336e-13
-858.0647811611087,-2758.107518087527,1.768696139668565e-13
-925.0807434268141,-2749.814026555413,1.7765032630131292e-13
-993.2201338741006,-2747.485398626736,1.7889028118544961e-13
-1063.4817632333672,-2743.5948660963136,1.8017616032455435e-13
-1145.5829833669443,-2769.95412926281,1.8354393902220955e-13
-1232.4201440330999,-2796.748943162656,1.871413389947049e-13
-1308.7940557356903,-2792.786454810128,1.888558445135112e-13
-1389.471403423434,-2800.222351719326,1.9141229470673131e-13
-1472.3076933654584,-2803.961315007196,1.9392282064498337e-13
-1543.8434822162942,-2786.95950857171,1.9508623510417337e-13
-1625.9407550949886,-2782.8125450560156,1.9735183168259598e-13
-1713.23445162959,-2783.802125915105,2.0015321123564554e-13
-1795.901695327609,-2775.377481212136,2.0241880781406813e-13
-1555.9529253240867,-2170.079619893108,1.63505655771161e-13
-1564.0322029442718,-1891.010118469303,1.5026416225538023e-13
-1595.2782068681724,-1844.280264138688,1.4931506098604104e-13
-1648.6846256534568,-1820.0404027476757,1.5037131885030564e-13
-1503.2577974069613,-1198.424901499953,1.1771917356803932e-13
-1498.9588098308325,-1140.4800464850468,1.15331112309702e-13
-1505.5584692835114,-1091.3450167425012,1.1386153615072517e-13
-1523.0418936779317,-1051.0440714365598,1.1331044509110885e-13
-1565.0992195107883,-1029.7896305006773,1.1471878891012832e-13
-1866.0138598170633,-690.7223302243996,1.218370484301723e-13
-449.67084437587636,-112.37607271250573,2.8381189570239912e-14
-447.8746865570476,-100.44533409485175,2.8105644040431758e-14
-446.8924999134585,-88.13253384023122,2.7891330850580968e-14
-449.8005102526354,-77.92144105744502,2.7952563190538335e-14
-455.3485707909375,-68.68718278289289,2.819749255036781e-14
-458.92276948722184,-61.309800571998515,2.8350573400261228e-14
-1728.7755654685009,140.8023232729686,1.062074936560542e-13
-1880.7985968875048,235.6202197308051,1.160659003891904e-13
-1485.468064134729,402.3749873387014,9.423657119438884e-14
-1478.9784204458074,437.21607284685246,9.443557629925027e-14
-894.3728689823552,442.2694130598125,6.109456719246358e-14
-863.629809914567,451.9746828384627,5.968622337344413e-14
-828.2964266827989,458.54181057402667,5.797171785463784e-14
-797.587058174215,466.0138915665512,5.6563374035618375e-14
-769.5790955080711,474.78003144296116,5.536934340644971e-14
-742.8224204704998,483.835820962388,5.428246937220643e-14
-718.4139114744482,492.02338796035264,5.331806001787789e-14
-695.1855198157867,499.0242033593706,5.2399574918517374e-14
-673.4647861500847,506.62880328285775,5.1603554499071596e-14
-653.8876325511524,516.0619768948775,5.100653918448726e-14
-631.0199520352417,626.5615553426824,5.4450858307089194e-14
-617.1990017548192,640.8747574470809,5.448147447706788e-14
-480.6475008536454,633.8755634374502,4.8710326436085975e-14
-457.84099316254805,634.8851766106463,4.7929614101629535e-14
-436.08473836216433,633.3964800720025,4.7087669427215734e-14
-412.81101623548926,634.5361021050123,4.6352881347727317e-14
-392.20212224982134,633.4054746390626,4.5618093268238906e-14
-372.01562346590924,632.7403700549468,4.494453752870786e-14
-352.05701959591727,633.4969750939936,4.437813838410221e-14
-334.18282810093564,632.6626963892058,4.381173923949656e-14
-314.89385768706956,632.4429684888239,4.3260648179880254e-14
-297.56178078501085,633.6063341034819,4.2862637970157365e-14
-280.2126936462051,633.5482687369116,4.241870350546645e-14
-181.01542945057201,549.4503292389813,3.542290866533719e-14
-165.39623329749728,544.1696872401106,3.4825893350752855e-14
-151.23404001411276,543.6049371013933,3.45503478209447e-14
-138.04103811857425,544.7831419887608,3.441257505604063e-14
-126.25377925049425,546.8651988607132,3.43666508010726e-14
-112.39521166330911,550.135952647307,3.4381958886061943e-14
-101.73783961516463,553.9855363549116,3.4489115480987333e-14
-87.28350988600143,558.9764318841899,3.464219633088075e-14
-77.72083222744008,564.1717134329531,3.4871817605720884e-14
-64.99251267804969,571.8183481629402,3.523921164546509e-14
-52.870461027278594,580.5977216203686,3.5698454195145346e-14
-40.754611647875755,592.0990724781038,3.6341393764697706e-14
-1.9588564398020345,652.9970619240551,3.998471799216108e-14
38.15502669308538,515.3394574822017,3.164181167296974e-14
50.74837440562986,515.2568922345299,3.170304401292711e-14
63.10970656566089,515.1486823599533,3.1779584437873815e-14
229.36543161468634,530.2702719182065,3.5376984410369163e-14
501.1021506086616,911.0305687271829,6.366632547067302e-14
524.9978427801665,908.7505241132858,6.426334078525736e-14
550.146762708198,906.0565873507513,6.490628035480972e-14
577.5316493142763,904.9085279962455,6.573291694423419e-14
605.8956300174165,905.1828809836153,6.669732629856272e-14
630.2516675573128,896.9653828555628,6.71259526782643e-14
657.5375902751423,889.6254154840447,6.773827607783797e-14
1715.2744108692152,1984.0996088697932,1.6059711962318604e-13
1787.417569082886,1975.3567864398133,1.6312295364642744e-13
1862.628457083278,1966.0196574204354,1.6583248468954096e-13
1944.8176857997937,1965.0767749633433,1.6929211189713224e-13
2034.2845400635176,1962.3426459358627,1.7307320888949968e-13
2122.894350250588,1960.2371865858818,1.7693084630681385e-13
2222.1778316620002,1959.5441426438883,1.8141611520869104e-13
4768.564752169589,3514.4849219858365,3.627250738224567e-13
4753.200593253074,3339.830786551712,3.557139708973381e-13
1489.9744739899813,928.78099106209,1.0750868088014827e-13
1408.1986127100686,787.1164015960014,9.878307243622338e-14
1397.1906955022903,740.9456190583937,9.683894564257695e-14
1388.8869143977215,694.8396498579915,9.509382395379198e-14
1380.747534225126,652.1236437449836,9.350178311490041e-14
1369.4460519020665,608.3746879430818,9.175666142611544e-14
1361.6423037548682,567.0584067141012,9.03177014371173e-14
1356.8928143345995,529.3714578697366,8.918490314790599e-14
1347.0493718966,490.2858754573455,8.777655932888654e-14
1339.104023662953,452.52918558882914,8.655191252973919e-14
1335.63093161733,417.1217771910539,8.56793516853467e-14
1331.7865549862138,383.8496736457546,8.486802318091157e-14
1323.8340018568285,347.76442892816704,8.381176531664699e-14
1315.07326759415,313.825271224682,8.278612362236107e-14
1310.3649036123102,282.63769985814196,8.208195171285135e-14
1305.896518457626,249.40836609915766,8.140839597332031e-14
1296.60044861072,217.70355799223807,8.050521895894913e-14
0.03489949670250097,-8.547911385714284e-18,0.9993908270190958
1268.4193672744454,182.49955939898902,225.9596911890932
1264.0390673626416,151.7065435004648,224.48368167892428
1261.2006501330832,123.17567908402988,223.4417926129227
1531.0432571773135,16.284177868992316,269.9795042276601
1529.050156079263,-18.348165354509522,269.6322078723262
1529.4296171207047,-54.244066799285136,269.84926809440987
1531.2995039106195,-88.21037701857077,270.45703671624415
1529.8251777393607,-123.7586681755516,270.63068489391105
1528.8362925354438,-158.57981430068992,271.0213932936616
1529.6017614337698,-192.89461612039383,271.84622213757956
1527.7040837075426,-228.31690507524382,272.36716667058033
1529.0821945721127,-263.1736999806411,273.5827039142489
1530.3845636552544,-299.6427829949121,274.9718893355843
1528.0204244369259,-335.2581916398887,275.84013022391895
1525.340748776078,-371.92613266830705,276.8386072455038
1522.3351250139688,-406.5738822829945,277.83708426708864
1522.4283498259051,-444.64844072284626,279.66039013259143
1526.6292368618904,-484.09203934862205,282.3953489308456
1525.2587837032604,-520.5404154750439,284.17524275193165
1524.181836358213,-558.9970954113053,286.2590208839348
1527.410729098764,-599.739237598275,289.3412760375228
1522.8087004503466,-638.5666845192935,291.1645819030256
1521.456149483122,-678.8879461248432,293.76930456802955
1523.501799633122,-721.5797690184385,297.2422681213681
1516.4630010622752,-760.7334432209175,299.15239807570435
1505.1634429980186,-795.5771253183647,300.19428714170596
1497.6977264507148,-837.1421719083269,302.5385375402095
1503.4574843795892,-884.4999625785364,307.5743346925505
1508.1724138022123,-933.8542925429039,312.7837800225584
1505.900476912525,-979.6957244221347,316.7776881088978
1501.5860781994936,-1024.7926810943272,320.5545359731535
1499.4652658970888,-1077.5991143943106,325.5903331254945
1499.0994317443417,-1128.3710557895506,330.84319049991916
1496.2451529611367,-1180.8683833702853,336.0960478743438
1495.2372038653828,-1234.6343691815036,341.913261826186
1501.1433457396497,-1296.323794571491,349.72742982119786
1507.583853918933,-1362.654685017318,358.3230146157109
1511.5611882438004,-1430.505931076189,366.9620114546407
1509.6453086808558,-1494.081520383338,374.5157071831522
1505.1962051786138,-1556.9759703663958,381.85234268958
1517.0869830039444,-1717.5843495123606,404.0793094309471
1514.341558921121,-1794.7592682225102,414.06407964679556
1517.351040555667,-1880.0540801671116,426.00239186139703
1515.8584606651746,-2162.3591314779137,465.6375884138739
1508.8772135541458,-2372.744316779894,495.80895928350304
1492.4257791395396,-2895.78341201334,574.4281717222058
1429.0451675467175,-2936.070901009777,575.7739450991245
1343.0994856458233,-2923.8874863149317,567.3520084822784
1254.384107166215,-2906.5361477029483,558.1920671103478
1177.6519283920943,-2907.938979739224,553.1996820024235
1101.8445603869936,-2910.6645803993442,548.7716534719168
1021.8685025137296,-2898.220635219052,541.8691384096563
948.1995738702022,-2896.7394811277445,537.4411098791496
873.1967295258303,-2889.8883625841977,532.3184886379752
804.339667395722,-2897.286739173289,530.1912984615553
736.738062285054,-2910.89285913512,529.4532937064708
576.6083785964046,-2814.4718796578377,506.57514629885276
509.577185702355,-2813.6165913170703,504.18748385593244
444.69192515837034,-2817.6196625201233,502.97194661226393
379.4926602840374,-2817.202615997222,501.23546483559466
317.44595211997387,-2813.4700952426,499.23851079242496
253.37271440029411,-2807.849740462056,497.11132061600506
186.65481263870123,-2800.9821387384427,494.98413043958516
124.4908784799952,-2798.764505615374,493.9856534180003
60.94859846947928,-2793.2347228505014,492.6398800410816
-2.2835378481915054,-2791.190439867282,492.1623475524975
-65.49006641523941,-2791.900585662468,492.42281981899794
-128.17409313239676,-2779.127761138278,490.5561019090784
-190.99000152658448,-2774.778072566328,490.42586577582824
-256.25727683139905,-2772.2328656957025,490.90339826441226
-318.5119784649525,-2762.054207508322,490.2522175981613
-380.85240816910215,-2764.588972143916,492.07552346366407
-445.2911229584139,-2762.6750604511185,493.4212968405828
-508.0168290248399,-2753.5840116881245,493.7251811514999
-572.464689564829,-2755.9996132581264,496.3299038165039
-638.5245357410641,-2758.887615906523,499.3253348812584
-703.1973852465987,-2749.9783257937333,500.49746008051017
-767.7129218760982,-2742.1307387290567,502.1037057239293
-830.0677439147378,-2733.6826972718745,503.7533634117651
-893.9274714056178,-2718.396142262262,504.57819225568306
-964.6745682608923,-2724.15694372332,509.5705773636073
-1035.6536042280898,-2729.0673358052827,514.6931986047817
-1113.0630808778644,-2746.2988966672265,522.5073665997936
-1194.094063751321,-2766.8379567494226,531.363423660807
-1262.363072102346,-2752.0829307923887,533.8813222369776
-1337.1371883627214,-2747.239680429113,538.7434712116516
-1414.4948295829763,-2750.0952307794923,545.2986899185782
-1495.2982342840473,-2752.206637135618,552.2880290696722
-1577.2627120921402,-2754.4042878734485,559.6680766205167
-1657.9886156093758,-2745.769643219797,565.5721146611924
-1744.1713100270954,-2747.7116525293973,573.8638151447883
-1516.3762355885829,-2158.0855088877715,465.0732318364564
-1553.5641346525729,-2105.5196543467623,461.3832080610341
-1565.8754909089278,-2024.636454838093,451.31161375635213
-1556.843229193246,-1833.9407910886416,424.1790859958943
-1606.12327059339,-1809.4176889626297,426.6101604832313
-1505.7580514899616,-1474.869027953412,371.6505122516478
-1484.3218054196295,-1155.7730602251324,331.7114313882538
-1486.305907334955,-1101.0635452624945,326.15468970291204
-1489.8452170044493,-1052.9184995047935,321.6832491279886
-1520.2916045859931,-1024.8465261178349,323.2894947714077
-443.3385687035089,-106.56405215902461,80.39910625978878
-440.90727554918084,-92.71282906094478,79.44404128262066
-440.68469801460964,-83.79112051810748,79.0967449272868
-442.54895115510215,-74.80189760970725,79.14015697170353
-448.5316389397919,-65.28379137211688,79.92157377120472
-455.6802754226173,-54.43741333366189,80.92005079278957
-1714.071499276465,153.73069722750958,303.4501904729609
-1454.28237518278,407.1546829316951,266.2894804522378
-1453.2942415390692,442.1506930524681,267.85231405124017
-896.0148659532579,425.57892268192455,174.90712695501566
-866.4412510934052,436.7223429456773,171.0868670463432
-837.5952484392803,447.41035212864125,167.44025531533765
-807.6463469118985,454.9112357343607,163.44634722899826
-776.9039143393725,461.34910156235225,159.32220300940867
-748.8059707746684,468.1898895067619,155.71900332281984
-721.624335429321,476.78417004217914,152.50651203598164
-700.3241085028226,484.98391586061376,150.2056736818948
-679.074493151813,493.6594984076853,148.03507146105818
-653.5180744177036,500.3303890584911,145.1264644851371
-638.430162241899,512.3943770655706,144.3450476856359
-639.937032213337,613.9456086341936,156.37018398907082
-611.8095724956409,614.4849363375217,152.89722043573224
-592.650475819066,624.8644827848867,151.85533136973064
-467.82075395181295,624.7093555836124,137.61618080104236
-446.91929433047187,624.754063290689,135.44557858020573
-424.6023737062276,624.710125048248,133.18815227053562
-402.1346980237989,624.8138412553636,131.017550049699
-381.3809487875635,623.8837266357998,128.93377191769582
-362.1714870730598,624.1507671697951,127.24070218544325
-344.07055581348,623.9260260251957,125.63445654202415
-323.7723616866901,623.620878143818,123.89797476535485
-305.268827354258,623.303293156546,122.37855321076921
-272.67289317066997,626.1705518503103,120.42501121201624
-173.01169685239296,540.9964648497415,100.15158646940212
-160.26135934430036,535.6646497656685,98.58875287039974
-146.9724658559307,535.6335745927289,97.93757220414875
-132.66360802755165,537.0735880370942,97.54686380439816
-120.60737632747285,539.1519836081328,97.41662767114796
-109.06196247907019,542.1077524211425,97.50345175998143
-98.09010615916561,546.7015301098404,97.93757220414875
-84.64254809914735,551.9334738292324,98.45851673714955
-74.58163462957506,557.1089751176039,99.10969740340053
-61.58044679807116,565.135091921311,100.23841055823559
-49.136827502099656,574.2603646591343,101.62759597957103
-0.7009536052049213,642.586676529543,113.3054359276721
28.559982694747355,507.8507750965853,89.68928376496956
40.498973360414965,509.2612204638758,90.07999216472015
52.43037406920549,508.1714409395388,90.07999216472015
60.41012462621778,508.0285243498369,90.21022829797035
74.80322557217366,508.1004449640491,90.55752465330421
226.02325877759847,522.1526561117594,100.32523464706905
493.6152206464395,896.8396654731295,180.50728068477417
518.612105258682,894.8777969174006,182.37399859469366
544.5417735509233,894.0752330572808,184.58801285994704
571.5205934307464,891.731843649017,186.75861508078367
599.0142673318365,890.1681969684274,189.18968956812068
622.0224371584628,882.6925780101458,190.4052268117892
647.9172013317568,874.6117950655977,191.92464836637484
1692.845879294815,1952.7677376476165,455.69623024244214
1763.5413982524658,1944.7020220703948,462.90262961561973
1838.2464166997188,1939.2247127155645,471.1509180547989
1920.5021902857002,1936.2788864832446,480.87521600414703
2003.9061282574414,1931.9838430087398,490.8165741755788
2091.8594277067864,1928.41197930304,501.669585279762
2190.180811708598,1928.1459084446244,514.5195504271148
4695.5717985910205,3462.6647832298568,1028.7352165433126
4677.452932506986,3284.7017975406243,1007.8106111344474
1467.0889214715717,915.0708413090747,304.8827879387131
1385.7406521910036,776.0520533933792,280.05109853234205
1375.3485947031838,730.3238874799731,274.58118093583374
1367.919607401408,686.2166714644059,269.84926809440987
1360.0880914520853,643.2737593660889,265.29100343065295
1349.6025073935314,599.9999552531981,260.42885445597886
1341.556100335641,560.8412081673258,256.3915343252228
1336.0249541297387,523.3302896966713,253.00539486071762
1326.0240649705645,485.09188756790854,248.96807472996147
1318.506264317252,447.1716044702992,245.49511117662288
1314.318263868991,413.22109071028956,242.93380055603566
1309.2782195574255,379.6836477579335,240.3724899354484
1301.1175108548807,345.59275870408266,237.37705887069387
1293.768069692565,312.4726263953746,234.68551211685644
1291.3441740035314,278.9036097484293,232.94903034018716
1286.687980224812,247.55871637551056,231.03890038585092
1277.4546539783473,215.56364136389394,228.43417772084695
0.03489949670250097,-8.547911385714284e-18,0.9993908270190958
1211.2355171341383,175.95806260968504,445.48123668168364
1438.1376610330426,-917.2978488965133,620.8520651719203
1435.6149285998647,-961.5140600095554,628.8895385400735
1434.6763573593137,-1010.9985136048228,638.8081226965179
1434.6755268340412,-1059.1841118704929,649.068726996288
1432.6996954882145,-1109.3146284007241,659.5003413677209
1429.3506723965806,-1160.0492479097963,670.0174607749852
1453.3236535098933,-1291.4555533714176,707.6396765408088
1455.9167926215678,-1353.217359180025,723.458108169621
1450.9721206897577,-1411.9328898099113,736.8823987951534
1443.90192541456,-1469.3252740285443,749.7936592056975
1456.2096927502523,-1620.836816863186,793.0592073363946
1458.3268433000242,-1698.0823871503667,814.6919814017432
1455.7240634317934,-1774.7916456562107,835.4697051087775
1458.323764968218,-2045.674317712261,914.3908531811757
1425.0703347017522,-2095.4519377107067,922.3428215134974
1367.8267649606717,-2115.0970345342157,916.7849941844553
1307.0877197118702,-2126.45946305699,908.4910057088078
1251.3727168625167,-2139.056613105797,901.9926229856201
1190.8652671587454,-2148.3778120484376,894.0406546532984
1127.8078407055486,-2149.2965642789745,883.4380302102026
1067.805744358425,-2151.9647725600166,874.3744964120724
1012.9406894510585,-2161.4760738157343,868.8166690830302
957.4296606075184,-2174.3157372959313,864.7124273631222
901.5427659850378,-2181.5632042964803,859.1546000340801
848.1252280986766,-2189.7849789702636,854.7083381708464
795.1909108023807,-2201.566675109763,851.9721770242411
741.0423720541743,-2208.7353232869714,847.9534403401644
688.1680238233358,-2212.00245236287,843.1651583336051
633.1384091059173,-2217.141084966585,839.2319266853599
582.227723554999,-2223.766769922968,836.6667756104174
528.9563306039796,-2230.0354331650333,834.1871295713063
477.27018899986683,-2236.381476356303,832.3060187830151
426.35512633172215,-2242.3399870141748,830.7669281380496
372.30289768492503,-2239.800762321302,826.4061713106473
321.39425052356097,-2242.449491694518,824.5250605223562
273.0204535814694,-2254.05783742251,826.4061713106473
221.91190152017802,-2259.4258705367706,826.3206662748158
169.8717102357173,-2260.8706518736494,825.2091008090075
117.80851002880857,-2259.7109810499023,823.5845051282105
68.15723361968531,-2271.3893184316175,827.0902115972987
16.203785655431204,-2285.2750078490562,831.7929885680265
-34.41717937811747,-2294.471264804058,835.2131900012832
-86.9043779894236,-2308.1290038696743,840.685512294494
-140.87874808128095,-2313.7017644904918,843.6781885485935
-193.3199458595701,-2318.8694387979926,846.9273799101874
-247.14236423350633,-2326.982197084196,851.7156619167467
-301.61445309407367,-2330.2629428330665,855.2213683858349
-355.659481274032,-2336.174269931244,860.0951554282257
-410.5240932387119,-2343.14127450999,865.8239928289306
-466.4709298124007,-2351.8107862082484,872.664395695444
-524.3974971478835,-2359.3138275121055,879.6758086336202
-582.5460267460164,-2366.686843526076,887.1147467509535
-641.32098654188,-2375.2958805963012,895.4942402624324
-701.6179860959443,-2382.9336844831246,904.1302488814056
-757.8338120137275,-2385.383121224495,910.970651747919
-818.4487742098241,-2385.397571114016,917.8965596502637
-884.0797913119517,-2402.454151473212,931.7483754549532
-951.7452499464987,-2416.1460759851802,945.1726660804858
-1016.9703108091819,-2423.3456060679628,956.5448358460643
-1088.324848833135,-2439.0454173536978,972.1067523673822
-1159.2004051208335,-2445.7443738990087,985.1035178137577
-1221.9921860160464,-2437.604840911547,992.4569508952595
-1388.983495076494,-2486.567023429184,1036.6630544201023
-1465.1291272394783,-2487.295684364878,1050.6858802964546
-1547.7232225812738,-2498.046972935096,1069.582493215198
-1344.141071900599,-1543.7049035597054,745.0053771991381
-1360.1533182738685,-1491.6806400787136,734.7447728993681
-1660.622457108222,-1594.9155768469325,838.0348561837201
-1423.3217836112206,-1133.4292997515843,662.2365025143263
-1439.257974787886,-1093.8178719772409,657.9612507227554
-1357.5777491748022,-934.6735515295115,599.9033313932231
-1387.8145075244681,-909.8910617906978,604.0075731131311
-1447.377867196501,-904.4220698429809,621.194085315246
-1509.2040007984974,-897.3248702015537,639.0646378040122
-1651.9813087886735,-884.7408239010731,682.0736708272151
-1712.362433669897,-869.5532361436692,699.0036679218357
-1738.5941956555284,-833.9277086428607,701.8253341042724
-1740.5409619948778,-785.198767810032,694.984931237759
-1743.5628089525883,-738.4156219695893,689.1705888012227
-1741.7359565007896,-692.1307438758433,682.1591758630465
-1741.494994232039,-646.250983285376,676.0883183190158
-1734.7449054031174,-598.9085221051088,667.9653399150312
-1723.98852923224,-552.3714429363123,658.901806116901
-475.5589135447799,-88.40794889635926,176.05486877688801
-478.7450744330831,-76.89680311693711,176.48239395604512
-486.13629085423946,-68.86284984741442,178.70552488766197
-494.54045606601227,-56.89229869021447,181.18517092677305
-501.902498942049,-47.49899353873387,183.49380689422134
-527.8602270932599,-27.519637413291072,192.3863306206887
-536.3569191109892,-14.92325236820338,195.2935018389569
-548.0535273430812,-4.932260831816379,199.48324859469633
-1382.4989507040225,269.9045501073853,512.6881948451776
-1373.3475625280796,301.32190181677595,511.747639451032
-583.2311580737669,291.78195104385526,237.36197946801417
-509.2143737793189,303.3268764433356,215.7292054026656
-487.5392881641294,305.0182247804075,209.3163277153093
-472.93460387177174,312.1020464842783,206.2381464253783
-466.52210192446677,323.2611377762937,206.58016656870396
-335.20739872650216,263.51587656640777,155.19164003402224
-324.7699787568623,266.3836480826988,152.88300406657396
-315.6141573488949,271.8006185620986,151.60042852910271
-309.6857210636821,278.536580612062,151.60042852910271
-303.3897312345686,287.43473894142625,152.11345874409122
-297.94935840882346,294.07451588370867,152.36997385158546
-292.34584370746217,304.22371793728814,153.5670443532253
-285.7868936590704,350.1753212534031,164.51168893964672
-271.9213370013796,352.77852419681375,162.11754793636703
-261.0733980484699,353.0217486030224,159.80891196891875
-247.8318975234524,355.5892404571987,157.75679110896473
-236.63478919206892,356.6702227951518,155.79017528484215
-227.30066415808346,356.5759497485643,153.90906449655097
-216.20104180273577,357.3861508434412,152.0279537082598
-205.38254870717617,359.1175724718764,150.5743680991257
-194.89185207851995,360.1162514627267,149.0352774541602
-183.36939046704703,360.85526383717695,147.32517673753185
-174.3492308195951,363.99680723771445,146.89765155837475
-167.67454583148856,366.60269960576386,146.7266414867119
-155.70950121218814,368.78434336612145,145.70058105673493
-145.78141528594278,369.7919172164871,144.67452062675792
-138.98662383112654,369.89042751567547,143.81947026844375
-127.34866960806183,371.8226698602597,143.04992494596098
-119.44993636180756,372.461716272065,142.36588465930964
-110.04896461242673,373.3879254380016,141.6818443726583
-100.42637024819369,374.38789249387395,141.0833091218384
-92.57988113249992,375.6791745587366,140.82679401434413
-84.4143070992519,376.3941020625829,140.39926883518706
-74.62584003180754,376.78017648069,139.80073358436712
-66.53497777815447,377.33860984191637,139.45871344104145
-57.3202893344481,377.89746304589613,139.11669329771578
-6.878150308918325,213.66939393117636,77.80958260658966
2.5492156971569973,194.7346108419152,70.88367470424487
3.3906788172368185,194.2518593417276,70.71266463258203
11.451335172547076,194.17900528730834,70.79816966841345
15.828488103253099,194.3426985800751,70.96917974007629
20.2960491776387,194.6356423712256,71.22569484757054
33.78986267241029,194.42099976945164,71.82423009839046
112.62810322595675,402.71005175937813,152.19896377992262
122.31073724765392,398.8929082138297,151.85694363659695
130.38175324573268,400.5303266207975,153.31052924573106
141.50100594825125,400.9760392702076,154.76411485486514
152.97064341326114,401.77363292657554,156.4742155714935
162.67504074409453,403.2679720446332,158.26982132395324
182.44225237456914,403.24354576542527,161.09148750639002
196.05656107140567,409.6028576092228,165.28123426212946
209.02892837290992,410.7961101858508,167.76088030124055
219.9407383148661,409.5974837034259,169.21446591037466
231.50139660457896,410.744022358554,171.60860691365434
244.94401586659023,412.7378315810937,174.68678820358537
1234.9178940147149,1674.6194043369476,757.3181023588622
1299.1983371365282,1681.7243701276072,773.478554131
1368.3894942696954,1691.7060544042351,791.9476418705862
1442.6164014263964,1703.1452612436021,812.3833454342948
1520.6908995777712,1717.8841624742151,835.0421799296205
1605.3281453977377,1733.7863757758078,860.0096503923943
1690.1203551818405,1746.3545631656286,884.549595676011
1778.3557221806789,1756.1858079052372,909.6880762104477
1866.7127562450207,1762.7569880799472,934.4845366015586
1373.4894142839169,1018.649174402524,622.3911558168859
1319.3475964192291,887.29614510911,578.6980825070317
1309.306672369782,836.6323921322332,565.5303069889934
1300.4154544627863,789.596767394242,553.7306120442578
1295.3632455065056,746.4659631906717,544.1540480311392
1289.4276474760381,703.748813541032,534.6629890538518
1282.2764453507875,662.6295442666021,525.3429401482273
1273.8947068451523,621.7500618303369,515.9373862067714
1266.5683173928755,583.47723429393,507.55789269529254
1263.79815681573,547.0579810274388,501.2305200437677
1258.347694834443,509.60339942979874,494.13360206976006
1252.2942480699287,474.84241957407204,487.4642092749095
1247.779324138547,440.713315577063,481.6498668383731
1244.1507598455532,406.8764844257053,476.4340596526567
1238.7711447734941,374.6706671309772,471.0472423952774
1232.3541554950757,342.8480592127845,465.5749201020667
1229.5791492882072,311.2027146687401,461.6416884538215
1225.5439127804782,281.88321857707956,457.7084568055763
1220.933283564228,251.1768399776286,453.6897201214997
1217.0106000336555,220.7569155372644,450.1840136524116
1211.0213251864623,191.468409938284,446.2507820041664
0.03489949670250097,-8.547911385714284e-18,0.9993908270190958
1111.9748206012653,149.1716657035915,647.7500000000001
1110.8763042185906,124.42069201159946,645.3750000000001
1107.585151857915,98.72756141969253,642.0000000000001
1103.7428657936332,72.6454271420966,638.6250000000001
1345.947357099361,-27.89981034425483,777.2500000000002
1345.5555568707434,-59.85119254670865,777.6250000000002
1344.8181172065379,-88.88069817492891,778.1250000000002
1343.755955331714,-119.40992163782941,778.8750000000002
1342.9939645623215,-150.78925243258502,780.2500000000002
1344.270839680805,-181.08066285184447,783.1250000000002
1344.0474190321536,-212.50048768886714,785.6250000000002
1342.6617219224054,-243.92734032773163,787.8750000000002
1342.1866731818247,-273.8334004611295,790.8750000000002
1344.8938136037068,-307.40426173115725,796.5000000000002
1345.3339704851476,-338.93879662656974,801.0000000000002
1342.8453632487347,-370.4328790771327,804.2500000000002
1346.0336824360336,-404.70986613584176,811.5000000000002
1345.9660001464579,-438.95466545503865,817.3750000000002
1344.1669558424971,-470.6382712031756,822.2500000000002
1345.1196347540622,-506.68601231344223,829.8750000000002
1345.25071010668,-540.9577837802809,837.1250000000002
1345.754584894084,-576.4436526986412,845.2500000000002
1346.3230364642486,-612.668165882385,854.0000000000002
1343.4206810359792,-648.4408695207494,861.2500000000002
1330.1204705273906,-678.6442961957268,862.1250000000002
1317.646205357134,-712.1700393922403,864.7500000000002
1321.7433156348902,-752.0948128889646,878.0000000000002
1328.895616039369,-796.5093795250284,894.5000000000002
1330.121439956067,-836.7106085554304,907.2500000000002
1326.7410158016278,-878.6711355732954,918.7500000000002
1324.6760911537542,-922.1747667338392,931.8750000000002
1325.23758025561,-966.1584511627769,946.8750000000002
1323.43300111623,-1010.9262295323475,961.5000000000002
1327.8146819904234,-1063.304621059116,982.1250000000002
1323.9795263738993,-1110.3355959428416,997.6250000000002
1339.0324378057765,-1229.6869733305787,1049.6250000000002
1333.797277708486,-1278.9259630066283,1066.8750000000002
1334.619889924257,-1338.994585283512,1091.5000000000002
1338.2347278756001,-1405.5918906666038,1120.5000000000002
1333.2502073735047,-1463.778733761871,1143.1250000000002
1344.0259867319373,-1615.1194828446105,1213.1250000000002
1344.0880270135171,-1690.6964173496406,1247.0000000000002
1345.144851438419,-1856.7518725313603,1323.7500000000002
1321.136131533853,-1912.1937320341697,1341.8750000000002
1276.816954407697,-1942.8442172333457,1342.2500000000002
1221.4250144338696,-1954.6886252329862,1330.7500000000002
1170.018203945854,-1970.290436061475,1323.0000000000002
1115.5579049515752,-1979.2914763116753,1311.7500000000002
1058.846281801232,-1982.2621677052975,1297.5000000000002
1000.7151355723715,-1982.691202617384,1282.2500000000002
949.1410008676668,-1989.9154900012518,1272.8750000000002
895.7599338338152,-1995.7758243194644,1263.0000000000002
842.3253219879743,-1998.0142889411113,1251.8750000000002
795.359216034189,-2009.4884684838278,1247.7500000000002
746.1697216406777,-2020.8841960900857,1243.7500000000002
696.4400075250227,-2026.197995240975,1237.0000000000002
647.0226181972484,-2032.747439653086,1231.6250000000002
599.8212865056364,-2041.3059168409138,1228.3750000000002
551.4959210826538,-2047.0418288420965,1224.0000000000002
502.85819373837927,-2050.1678771481556,1218.7500000000002
454.5498218842817,-2052.991100668721,1214.0000000000002
405.89573999244783,-2055.217603626434,1209.5000000000002
358.533812944688,-2059.611736462808,1207.0000000000002
310.21699876590293,-2064.1570217770923,1205.1250000000002
266.436343969893,-2071.7914167724407,1206.0000000000002
220.18097015770567,-2078.5227994612933,1206.7500000000002
174.39828830124227,-2085.0365073632634,1208.0000000000002
127.17022678519875,-2097.9929655314386,1213.5000000000002
80.36744596194592,-2103.989899097558,1215.6250000000002
32.76468260247624,-2107.6511750225554,1217.0000000000002
-15.004104411840656,-2116.0798813728175,1221.7500000000002
-63.221257971385704,-2126.2351985176792,1228.1250000000002
-111.62234012484555,-2129.8811293262474,1231.3750000000002
-159.52602247250024,-2130.954864762298,1233.7500000000002
-209.37092829748815,-2137.7310076945714,1240.1250000000002
-258.4505324129927,-2148.4917952299566,1249.3750000000002
-309.2259491033381,-2153.36650675196,1256.0000000000002
-359.2184657112833,-2157.4463565502692,1262.7500000000002
-410.3673038381825,-2167.9186384215577,1273.8750000000002
-463.4748879833319,-2177.5577374856994,1285.3750000000002
-517.6695240582761,-2182.4512053792355,1295.0000000000002
-571.3206039808671,-2194.3148279911743,1309.1250000000002
-626.6471836503072,-2201.228970166015,1321.3750000000002
-679.609547082207,-2199.2848527452547,1329.0000000000002
-733.3446113854695,-2197.709626594672,1337.6250000000002
-790.5058533944205,-2201.7411672637995,1350.6250000000002
-852.8423056879099,-2219.920494438693,1373.0000000000002
-915.9364165811638,-2231.896677190827,1392.8750000000002
-980.4312532152394,-2244.785901866544,1414.2500000000002
-1045.9749812500343,-2257.5502405481457,1436.5000000000002
-1106.780675843996,-2255.1717135183535,1450.3750000000002
-1174.1982801539677,-2261.6339417296213,1471.2500000000002
-1250.8951239360358,-2280.080730788506,1501.5000000000002
-1324.0201181113048,-2291.826514750086,1528.1250000000002
-1403.0970635140466,-2309.39140840899,1560.1250000000005
-1488.2302918494647,-2329.0394556386664,1595.7500000000005
-1247.3266905259718,-1395.2121262021508,1080.5000000000002
-1255.8757884272595,-1341.6180544559652,1061.0000000000002
-1502.5061421892544,-1470.0789824218843,1213.6250000000002
-1540.5352297035934,-1441.2922000906326,1218.0000000000002
-1320.2754829061967,-1022.8425278295819,964.2500000000002
-1262.037425659206,-845.7578454324168,877.1250000000002
-1312.7078896308653,-838.3016664667197,899.2500000000002
-1366.2390156854603,-830.5842816318067,923.1250000000002
-1423.4632905110352,-822.3545813348982,949.1250000000002
-1601.689368255893,-787.1525198403664,1030.3750000000002
-1603.3871443920957,-742.8861640239107,1020.2500000000002
-1608.646674118885,-699.4594808466388,1012.7500000000002
-1606.0676785016349,-656.5483984995844,1001.7500000000002
-1603.1256969232259,-613.3767193694433,991.0000000000002
-1599.5762039816257,-569.8783988981617,980.3750000000002
-1594.92179374387,-528.8213485817641,970.1250000000002
-1618.9016097240083,-496.39651480244595,977.6250000000002
-439.2650493461863,-75.97294451245456,257.37500000000006
-444.8856276261922,-66.98481791905574,259.75000000000006
-452.10215758771005,-57.51465882309816,263.12500000000006
-459.31755256904177,-47.8963232094642,266.62500000000006
-470.2103475068718,-38.29687940899094,272.37500000000006
-482.70746805722047,-30.580840109248836,279.25000000000006
-490.83092733310593,-20.35737331590656,283.62500000000006
-500.03854720419645,-9.546664858294964,288.75000000000006
-512.2502929282408,1.9557338600830694,295.75000000000006
-1281.8658873665465,235.77234105377212,752.5000000000001
-1270.3335890090766,264.2297665107364,749.1250000000001
-1265.5842736481227,292.91030417954494,750.0000000000001
-480.7527233996431,276.68936814381965,320.25000000000006
-460.1759821098596,279.58516120178143,310.87500000000006
-442.03309394597585,283.303795829756,303.12500000000006
-425.8229790118396,300.419851908096,300.87500000000006
-302.38973752768436,244.46103296422962,224.50000000000006
-295.4832723216656,248.07725264135038,222.75000000000006
-288.0308109437264,255.38880055143235,222.25000000000006
-282.8186724995984,261.14897278290204,222.25000000000006
-276.7996813852256,268.76499750718574,222.75000000000006
-272.84053426798505,275.53237511290837,223.87500000000006
-269.82404905743186,322.4556869559794,242.75000000000006
-258.18445264641247,323.85658135457487,239.12500000000006
-246.0585669020669,325.0528472865621,235.37500000000006
-234.8473147323463,326.5990297949556,232.25000000000006
-224.66976498626462,327.66166784660146,229.37500000000006
-214.86114750307723,328.4986440895318,226.62500000000006
-203.63869431345356,329.47792650390375,223.62500000000006
-192.6558526764787,330.7668702114813,221.00000000000006
-185.25312197965243,331.0049558492924,219.00000000000006
-173.8414953103778,333.7241705484514,217.25000000000006
-166.58210572324887,335.7153912584413,216.37500000000006
-159.21997739677758,337.8334214857518,215.62500000000006
-149.01482112252057,338.9126297230943,213.75000000000006
-140.77768041959956,339.6054066054854,212.25000000000006
-130.61352392824367,341.093688364423,210.87500000000006
-122.22512401843622,341.8902469121894,209.62500000000006
-115.75450248059117,342.53552028289096,208.75000000000006
-106.641406075245,343.44145408685694,207.62500000000006
-98.86804567392835,343.7322497884334,206.50000000000006
-90.63837174718795,344.6503635091925,205.75000000000006
-80.82080291324559,346.1945772487754,205.25000000000006
-73.59370391396803,346.69603202116866,204.62500000000006
-66.51474328518559,347.24175411477495,204.12500000000006
-57.141866885797484,348.4678664149763,203.87500000000006
4.101236805400562,179.00377574695463,103.37500000000003
8.14168722649125,178.64881871735392,103.25000000000003
9.089187598620525,179.03669084519262,103.50000000000003
16.316094305607507,179.17542225877557,103.87500000000003
32.8887938771645,179.08691775868328,105.12500000000003
107.03214272403794,366.8382372366615,220.62500000000006
116.1520579454123,367.68787212803954,222.62500000000006
125.70183037057446,368.6534235789589,224.87500000000006
134.09038783894394,370.2943960745309,227.37500000000006
144.9699252426929,371.2900047808021,230.12500000000006
153.15506242454805,372.90912345199166,232.75000000000006
196.75267745441607,377.2045940726577,245.62500000000006
206.82318233743752,378.94703950263954,249.25000000000006
218.26728623828444,379.48264684722386,252.75000000000006
230.3022145046059,380.93029545347855,257.00000000000006
1100.187522356435,1540.6279290118068,1093.0000000000002
1160.047738040847,1549.9627198633889,1117.7500000000002
1221.5782691792447,1556.5373282205735,1142.3750000000002
1285.1855876526836,1566.003169589649,1169.6250000000002
1355.2859342815054,1578.1010855894835,1201.0000000000002
1429.0115535492196,1589.6916451619936,1234.1250000000002
1506.7708168262388,1603.4960640537254,1270.3750000000002
1584.116067708223,1611.1291177396788,1304.5000000000002
1662.8927998256643,1617.2690635104484,1339.2500000000002
1745.6012010151594,1624.2430910702476,1376.6250000000002
1262.73133163235,969.4750543407457,919.1250000000002
1270.244921147498,927.658820458247,908.1250000000002
1214.3996226531085,802.8413956068703,840.5000000000002
1205.295888070899,758.6481461780439,822.2500000000002
1198.9619112093515,715.9661465245537,806.2500000000002
1191.6960923485426,675.9463170113537,791.0000000000002
1186.823966451048,637.286482013703,777.7500000000002
1180.9742441665187,598.8994778886687,764.5000000000001
1172.510181615126,561.2224371930122,750.5000000000001
1167.113445035075,527.6617822226268,739.5000000000001
1162.956893567708,492.89750577919006,729.2500000000001
1155.782331972777,459.6495925969799,718.1250000000001
1151.8003448427037,427.7787249212246,709.3750000000001
1150.0294367888105,398.09291176082377,702.6250000000001
1144.5147914617771,366.70620256576586,693.8750000000001
1139.0014692478117,336.0365678409507,685.6250000000001
1135.6150312694808,306.6118028220953,679.1250000000001
1130.6413000436544,277.3198469467966,672.1250000000001
1128.0424049487565,251.37227400297283,667.2500000000001
1125.4960905466269,223.55603361184197,662.5000000000001
1119.8710162311843,194.6306617810629,656.2500000000001
1114.5994293010333,169.06480732787182,650.8750000000001
0.03489949670250097,-8.547911385714284e-18,0.9993908270190958
982.853730332929,125.85198097634355,831.4457731295387
980.4983393295341,103.05452813449614,827.2676536665762
977.448096508057,80.14617814271902,822.9288373011921
1187.163072809177,-5.8275199126443695,996.1600981117144
1190.1729746860672,-32.78979459837056,999.0526423553038
1189.6670273610655,-60.39603804411093,999.5347330625688
1188.8304160285056,-86.38963518496055,1000.1775206722552
1188.6056724217397,-114.12257023995299,1001.9451865988932
1189.6732654012524,-141.79413947235489,1005.3198215497475
1188.3369514562773,-168.33194845929424,1007.0874874763855
1187.594797663282,-194.74215668863886,1009.8193348175533
1188.65761726004,-222.98808500745653,1014.800938792624
1188.297090637125,-251.2258622033568,1019.1397551580081
1187.713078753304,-279.3274709946223,1023.7999653282355
1187.7779970233098,-308.56298978629104,1029.745750717836
1188.7798262956205,-337.0211378722558,1036.816414424388
1189.1665450881492,-366.7585652451106,1044.208471935783
1188.4076228297406,-395.4745843565735,1050.9577418374918
1186.0038518387069,-424.72383908749396,1057.064224129514
1188.7271126633723,-455.93768220526425,1068.3130072990284
1190.4640385166078,-487.4107248583996,1079.4010935661213
1189.8016930898946,-518.4983498371787,1089.0429077114193
1190.9462607746173,-551.0040096706402,1101.095175393042
1190.0724104672781,-584.86278004822,1112.6653523673997
1178.3936280369498,-611.8000556390652,1114.1116244891944
1171.2907338950047,-642.5921012165365,1121.0215912933247
1170.8883273766573,-676.8644533229223,1134.8415249015852
1170.8100594750733,-712.6510892949741,1150.1077306316406
1173.8663067918906,-750.0875058684196,1168.909268214972
1172.0678327675266,-786.3911748068107,1184.3361708474488
1170.0669873404188,-826.4432233238172,1202.0128301138286
1168.6156264813208,-864.7300752662086,1219.8501862826301
1167.4540881352968,-904.9584526488823,1239.4552083780695
1165.217344094946,-945.6808114151528,1259.2209273759306
1184.904170271062,-1052.3539080412475,1329.7668675390282
1186.3131401963594,-1102.6313748648076,1359.0137037797658
1183.64722700207,-1149.9166936680845,1384.7252081672275
1178.672905129887,-1198.118417514996,1410.2760156522675
1186.2408332301065,-1321.0719846489492,1489.8209823509767
1188.966771606397,-1383.674683280941,1530.7986924684935
1187.597618646586,-1447.0918853007497,1570.8122211714806
1190.0890735962482,-1666.51995913126,1718.3319775945413
1162.120584892727,-1706.8026867783199,1732.634001910067
1115.8987726161688,-1723.4737148754984,1722.8314908623472
1067.166376669774,-1732.9594505611146,1707.7259820347135
1020.5071394367434,-1743.331390109761,1695.0309267434043
970.7224848161044,-1750.1039840605838,1679.282630306084
919.430000251752,-1751.0240313082738,1659.516911308223
870.568342852455,-1754.4693085070985,1643.4472210660595
825.6755485132612,-1761.8780264550974,1632.68052860381
781.567079171459,-1771.0032475175838,1624.324289677885
735.8128172608059,-1776.409282798992,1613.3969003132138
691.123435548571,-1782.9762344442001,1604.5585706800239
647.9536887551518,-1792.3955003783435,1599.2555729001099
604.6614213597253,-1795.7430289922727,1589.935152559655
559.9756794639853,-1799.9493341118775,1581.7396105361518
517.5649499547487,-1806.8229956251373,1577.0794003659244
475.32497254653026,-1813.4427884432018,1573.0619778053835
431.8462125912572,-1816.2155490760952,1566.4734048060964
390.1242624226067,-1820.7360945272364,1562.4559822455556
347.8514284176794,-1826.748669322558,1560.3669225140743
303.876213642998,-1825.0638331418777,1552.4927742954142
263.71708799233716,-1829.3630254843217,1550.8858052711978
224.68878703528463,-1838.2313888628353,1553.9390464172088
182.02175378824887,-1842.9454064534375,1553.9390464172088
140.69489125384567,-1845.5998852462026,1553.1355619051008
99.13470036678775,-1843.5035398764048,1549.11813934456
57.08894899720222,-1851.9903015193943,1554.7425309293171
15.75290775216155,-1863.3365204331615,1563.580860562507
-27.53576853524211,-1869.7117331577315,1569.0445552448425
-69.1506129936329,-1877.4509444148587,1576.4366127562378
-112.10278750342933,-1883.4342106871002,1583.1858826579464
-155.09639238319613,-1891.527169770522,1592.5063029984012
-199.4029049626508,-1897.191911045355,1600.7018450219045
-243.65976046763691,-1898.775116415299,1606.326236606662
-286.84821622198695,-1905.1279479714528,1616.6108383616465
-332.87405811249454,-1912.2082551200356,1628.6631060432692
-377.95206540765474,-1919.2336680233757,1641.3581613345782
-424.9937178839139,-1924.4723849533918,1653.731822821044
-471.0757324091444,-1929.6856874621387,1666.7482719171965
-521.2440062645459,-1938.9624819400967,1684.7463249884197
-568.8997662354091,-1945.8794468202634,1701.1374090354263
-615.0242220093545,-1945.0575115318404,1711.7434045952543
-664.1819739477642,-1944.414490387431,1724.1170660817202
-717.6484401344112,-1956.7663702059951,1748.864389054652
-772.810878745484,-1968.1880953581476,1774.2544996372703
-826.0518459657532,-1975.9512621587623,1797.0734597811424
-882.3942950660722,-1983.3454935014292,1821.499388949231
-939.1912986353399,-1989.9637271079462,1846.4074088245843
-998.6021931899045,-1998.789345556292,1874.8507605532136
-1059.2379299352137,-2005.3104723505585,1902.9727184769997
-1124.8780066789984,-2018.9333616575252,1939.2902184242892
-1190.7163737281303,-2026.4869218666363,1972.2330834207244
-1256.9733749514758,-2036.2068364721774,2007.9077957583274
-1093.6329731237233,-1261.5508670129357,1400.9555953118124
-1107.7495484500353,-1220.874409184564,1383.2789360454326
-1122.0429294262522,-1181.7409474201995,1367.3699427056908
-1158.4335299740217,-926.628844162692,1244.7582061579835
-1171.5264617027271,-895.902125556026,1237.52684554901
-1103.2638088920958,-764.9157590671279,1126.4852859756602
-1126.8457505553474,-744.0765061893684,1133.0738589749474
-1171.6593575539441,-737.4763395095662,1161.6779076059984
-1221.999452202831,-731.9853895024333,1195.26356021212
-1274.4825792502506,-725.6628025025391,1230.6168787448796
-1422.1511869233932,-687.8775581500771,1325.5887480760657
-1420.981031991662,-647.1104294969764,1310.1618454435888
-1423.6344386670162,-609.34347575883,1299.3951529813394
-1419.4886655307237,-570.3610050787687,1283.646856544019
-1416.7272369691352,-531.4547704180128,1269.666226033337
-1410.0909980253932,-494.15223236999475,1253.757232693595
-1405.6825875401862,-456.3101860943696,1240.0979959877561
-388.95281833313635,-74.61453605644344,332.32119420794083
-390.5419225386548,-65.79232949227031,332.32119420794083
-396.3525112721704,-57.13733613013942,336.01722296363846
-402.5293210498814,-49.98161849502667,340.35603932902256
-407.91471058430284,-39.61456443384226,343.89137118229854
-428.92702767872106,-23.300246952390584,360.44315213172695
-435.4305962333565,-14.967795826629347,365.58545300921924
-444.6567866175755,-5.335754497278214,373.1382074230361
-455.97466148772867,3.481806047475118,382.61932466591253
-1130.1467496320274,213.9265129090141,965.1455959443389
-1125.0807579395773,239.14329750873944,965.1455959443389
-1126.3070015922515,265.2100944414012,970.9306844315178
-421.6284447906631,245.27048629927975,409.2950104679039
-388.7548882254221,251.25626603936115,388.4044131530914
-277.10900022580284,212.99363440791132,293.2718469194836
-267.12265077205575,216.07053308482793,288.2902429444129
-259.1042020550068,220.92954228707498,285.71909250566677
-254.67614504566905,225.44226471749107,285.39769870082347
-249.53691908246978,231.68119516388714,285.71909250566677
-244.4543694550004,238.13690363141578,286.3618801153533
-240.6783586902521,245.1834282353066,288.2902429444129
-235.86997318869194,285.8154032741164,310.94850618586344
-225.00274804212347,287.182379220369,306.1275991132144
-215.47009468922573,287.73025323008864,301.6280858454086
-205.91650514347137,289.01759887887505,297.77136018728936
-197.08558495685926,289.7985880669747,294.07533143159174
-186.83679616141785,291.51761566870886,290.5399995783158
-177.42094664939398,292.20096952738857,286.8439708226182
-170.20458950602452,292.03760839932954,283.6300327741855
-161.1886767207226,293.61825157400557,281.05888233543936
-153.49823643510194,294.47511701177433,278.6484287991148
-145.55717839738273,297.2012223586052,277.684247384585
-139.5344379391109,299.01964196382096,276.88076287247685
-131.16208277869853,299.8614362560518,274.63100623857395
-122.83169520595003,300.4744448645017,272.38124960467104
-114.08146051216326,301.85803259736014,270.77428058045473
-108.44429375931375,302.30156356501334,269.4887053610816
-99.81185920561626,303.2450009465357,267.8817363368653
-93.49769124038625,303.4478128792779,266.43546421507057
-86.42774415228641,304.54139111101455,265.6319797029624
-77.558002817877,305.7348119662786,264.6677982884326
-71.1962560341471,306.0989351081478,263.7036168739028
-63.887090283935436,306.72945750156305,262.9001323617946
-56.06921758505849,307.6704027910401,262.4180416545297
-48.49671542140349,308.37294984269863,261.9359509472648
0.6105269296181498,159.91061203192632,134.1819135220651
4.189073326504132,158.3242793459096,132.89633830269202
7.76192597621743,157.99763291644135,132.73564140027037
8.654870059945663,158.52662734181416,133.21773210753528
15.012263067886897,158.62846319898455,133.6998228148002
29.68852275200412,158.4957844834896,135.30679183901654
96.07668476611377,324.67456311699857,284.1121234814504
103.68418904587034,325.7440526619223,286.8439708226182
111.16960781669177,326.90921160954184,289.73651506620763
120.50388128467003,327.46484277326584,292.78975621221866
127.94455423999074,328.74344712005575,296.0036942606514
137.18091881268373,329.1511112377621,299.2176323090841
174.94899759416742,332.9639415925643,315.60871635609084
183.76881334962584,334.9663150975537,320.5903203311615
195.0078659638483,335.43569326439126,325.5719243062322
205.748971305236,336.16322236075433,330.7142251837245
978.1146676888944,1361.8174489748253,1406.901380701413
1028.9361636687383,1366.9950237935675,1435.6661262348857
1083.2138015988996,1373.2797001133802,1467.644809816791
1142.0494980903643,1383.8783014342102,1505.5692787882967
1202.9940366195285,1393.8356907563036,1544.9400198815974
1270.0499388710405,1405.9003860207927,1589.7744556572334
1340.2460678259756,1420.0605266282332,1638.4656170909889
1406.491803110938,1424.2472151884733,1679.6040241109274
1475.4083287773165,1428.678257324665,1723.313581569612
1549.2828123806398,1434.494663613161,1771.6833491985242
1122.5639435844535,856.5199601588897,1184.8182615547137
1127.6568655727713,821.1715605681954,1170.5162372391883
1071.009458615032,705.9492121588867,1076.3478524201103
1066.127714528463,668.2135817384989,1055.7786489101409
1061.0775106363008,631.6666300474793,1036.1736268147015
1054.7473379850587,594.8502429657229,1016.0865140119971
1050.1901511115113,560.9701657051527,999.0526423553038
1044.2384285037795,528.8417512440844,982.1794676010321
1037.13066227576,494.6859501165761,964.181414529809
1032.1826116330903,465.30300784926817,950.0400871167052
1028.3465626398763,434.8533392607627,936.8629411181312
1022.7676013056929,404.4907131038427,922.8823106074489
1017.1610310034423,376.8270123917426,910.1872553161397
1014.4043484320522,348.66867587212977,900.0633504635767
1011.2764631910102,322.80026321481944,890.7429301231219
1007.851632683796,296.74633306486345,881.5832066850887
1004.2515921958664,271.4380196868998,872.9055739543204
999.858026180095,245.5308632541549,863.9065474187089
994.1206100876718,219.5381016685341,854.2647332734108
991.7196382090478,194.4553161181369,847.997554078967
990.2517152132018,170.71246281538706,843.176647006318
0.03489949670250097,-8.547911385714284e-18,0.9993908270190958
827.3883972740342,124.80763468147394,997.1983538301296
1002.1660262738815,-787.3885370229442,1518.8746195941537
1001.8321253877762,-824.4710207697239,1546.260708435657
1000.680778015823,-861.7663311827826,1573.8383083879403
999.4282853857885,-900.3829083667964,1603.1395083372413
996.3107025806526,-939.7995024165125,1632.2491971757624
992.4366222710896,-978.9957942384272,1661.3588860142836
967.6279578463854,-999.2777176001448,1657.7201749094684
924.6811388585618,-1000.3144203699392,1623.439686079894
883.9177239375009,-1001.8365292502389,1592.2233750227958
846.3842601347401,-1005.3361789212792,1566.1778639567506
809.5191444510451,-1006.9512170265076,1539.7493306691458
773.2173043520298,-1007.676409751446,1513.7038196031006
737.1340602515066,-1008.2040084589414,1488.4243529801743
703.3762612570534,-1009.2043558370109,1466.0175530189442
670.4422083052965,-1012.9276835925349,1447.6324863840887
637.819745958447,-1013.3307792381062,1426.9492864198762
606.2528424777265,-1012.7239695717927,1406.6491086772235
576.4279506567718,-1014.3102255543971,1390.3706642609452
547.4336587273467,-1017.4921820932628,1376.964886506363
516.7543985838007,-1014.8717129562907,1357.2392420960493
485.9286036554027,-1012.3685058381533,1338.2796421288547
458.8506959589497,-1014.1761527671861,1326.5974643712902
432.54526819264896,-1017.4695113659307,1317.5964421646422
405.57768624349393,-1019.0099368941296,1307.0633310717562
378.7687342744325,-1018.1384806689531,1294.6151088710728
353.5390757941657,-1019.5210249541186,1285.9971088859843
327.7833286966222,-1020.1608128301257,1276.9960866793363
300.43538371209416,-1018.3306705598492,1265.3139089217718
276.24575864722175,-1019.8304199701693,1259.18555337682
252.00614855935396,-1022.613776518121,1255.1638200504456
227.6449626555073,-1022.8790806087658,1248.843953394714
203.77766786280205,-1024.4595172599688,1244.8222200683392
179.50973871307858,-1024.5846343311662,1239.6514200772863
154.49664459987534,-1022.3156832099468,1232.1824867568762
131.72682701750773,-1022.0957730452279,1228.1607534305015
108.33136381811228,-1025.3242953705658,1228.7352867628408
85.13743836729962,-1027.9939422515145,1229.30982009518
60.85476967002385,-1027.1411218488854,1226.245642322704
38.04566150797504,-1025.3441176400252,1222.7984423286687
14.838791605719935,-1026.5852714093328,1223.5644867717876
-8.419235008013596,-1029.0685230633833,1226.437153433484
-32.52897851144041,-1027.9456202267372,1225.671108990365
-56.21491921818999,-1029.6586185845197,1228.9267978736204
-79.49581514122903,-1031.669091290813,1233.1400423107748
-102.37461351156145,-1030.7809113191163,1234.480620086233
-126.39924430400542,-1034.1017078510288,1241.5665311850837
-151.04789835038102,-1037.7730824384025,1249.8015089486125
-175.39490558112396,-1037.6853259508907,1254.2062644965467
-199.6733635567255,-1034.7613122643888,1255.9298644935645
-224.42679189982687,-928.1121340128215,1137.9590202532418
-246.08144119943466,-924.4362161082437,1140.065642471819
-351.7903192807689,-1042.8771420651024,1311.65959773047
-377.20122282840754,-1041.6518384120423,1320.2775977155586
-404.73548592555596,-1041.6164008260985,1331.7682643623432
-432.4401686740972,-1044.0029201279126,1346.7061310031634
-461.22253658568746,-1047.4329979055306,1363.9421309733405
-491.35974639931453,-1049.9841092528895,1381.5611531650768
-520.3486649201097,-1051.5456884450305,1398.2226198029146
-550.5605642433384,-1051.3090010012934,1414.3095531084132
-580.1229155140676,-1049.2671246509801,1428.8643975276736
-612.542132959454,-1051.0018564861957,1449.739108602666
-645.5984337863777,-1053.5208933820054,1472.5289307854555
-679.9229702720396,-1054.5286063061255,1495.318752968245
-715.5648833061376,-1057.7545827597678,1521.9387973666296
-751.3319563597714,-1057.5932067367903,1546.0691973248775
-787.0766459521849,-1057.0267977712115,1570.5826195046848
-826.9211463505441,-1060.1975110451135,1602.3734638941223
-866.4796891804997,-1061.1086404904254,1632.632219397322
-905.6492602809989,-1059.793674124288,1661.3588860142836
-949.3624929609058,-1061.9207240582814,1697.5544859516554
-996.7251851397639,-1066.5220531103646,1739.686930323199
-1047.415375650766,-1070.5193762760046,1784.8835524672188
-1098.4942449674338,-1074.2003011473832,1831.0377301651372
-1151.4655971263257,-1075.521609943238,1877.766441195395
-1182.058566775452,-1055.6069000606456,1888.6825745098404
-1184.4062611523134,-1009.903857532865,1854.9766190126052
-1183.82270654421,-962.3882920489085,1818.2064857428943
-1182.4455322846572,-917.0954805927387,1783.3514635809809
-1179.388817398004,-872.7018171984033,1748.4964414190674
-1178.6527908297453,-832.0258672179465,1719.386752580546
-1172.9946513140621,-788.4054389148868,1684.340219307853
-1169.6934838500765,-747.4211184487052,1654.272974915433
-1176.4218920725789,-714.7485247456797,1640.4841749392915
-1202.8639928817868,-695.3488730969715,1655.805063801671
-1251.8759487432667,-685.9146286141818,1701.1931970564704
-401.3389394896988,-71.6700410595232,485.8636880482118
-398.1112804357538,-61.719821339152745,480.1183547248195
-394.5239213028091,-51.611731402226184,474.1815102906474
-393.43447427848815,-41.677091183496195,471.500354739731
-394.2137043949253,-33.51448563738203,471.500354739731
-395.65968896629124,-24.84946735996815,472.4579102936297
-395.68886088781136,-14.574083741864067,471.8833769612905
-396.0683153256373,-6.265153378322586,472.0748880720702
-399.15394714330864,3.701086069028934,475.71359917688534
-404.9632311447055,11.156917062941893,482.7995102757359
-413.5832950683361,20.996456864711295,493.5241324794016
-422.47463301761843,30.816105106623898,504.8232880154065
-460.37002747335504,63.54894705936417,553.8501323750211
-1205.4337252552998,369.6167181797241,1502.5961751778755
-558.7391252657734,237.8903280341621,723.7204876366545
-482.5520533978023,235.35636212148208,639.8386211151263
-472.7605647878147,244.46726214915574,634.2847989025138
-465.4807674044196,253.72248712806976,631.7951544623771
-234.20099993199713,151.27597365513068,332.2717772028567
-227.99575677839482,155.96587405048885,329.2075994303808
-223.88414001565067,160.9881974445728,328.6330660980416
-222.2688096434955,166.44854311530318,330.9311994273985
-223.836450120259,174.19310861525582,338.01711052624904
-316.3538643319135,274.3969344994602,499.0779546920142
-307.08795065945156,278.7862515578584,494.2901769225206
-298.83549241646955,283.89422102474447,491.22599915004463
-291.7459390163634,288.8956981520627,489.3108880422472
-284.3952782147522,295.46590550184413,488.73635470990797
-280.9882153733434,304.6373382507542,493.9071547009611
-277.83308621403654,316.9822538205845,502.33364357526983
-274.8172650730516,328.24095611479015,510.18559911723935
-278.1148723991797,396.72848721528214,577.4059990009297
-272.25526777479433,407.9402850869051,584.4919100997802
-394.40382467515457,669.9825632522086,926.5307539524039
-375.2458925992567,672.6289903739844,917.9127539673154
-355.2038701176785,672.903237071855,906.8051095420902
-336.1584583856042,672.3917631333658,895.8889762276448
-316.82786117459773,673.1981688283903,886.696442910217
-298.91683917987467,674.8422764477917,879.6105318113665
-280.6053545820356,675.3566083268043,871.5670651586172
-262.68378655295646,674.9452839703323,863.1405762843085
-244.22525018898406,675.009876723814,855.4801318531187
-227.1944308682104,675.338274194772,849.1602651973872
-68.97534475677627,301.3887751710148,368.46737714022845
-60.8364513175235,299.85775200844716,364.63715492463353
-53.69003452101882,298.77064401474723,361.7644882629374
-46.24888989650585,297.2481807356943,358.5087993796817
-39.89735912610508,295.572870381016,355.4446216072058
-32.8668615254374,294.1733441857383,352.76346605628936
-24.178785438474435,292.9184165004581,350.2738216161527
-17.765389545178117,291.7673083936307,348.3587105083553
-11.339905304630443,290.6402530766769,346.63511051133753
-4.814247531299966,289.37507742623166,344.91151051431984
1.649148731927212,287.9641269033839,343.18791051730216
8.29064843334727,286.7241335253132,341.84733274184396
15.342422960065736,285.30686966839085,340.5067549663857
22.79320529731112,283.67998967492747,339.1661771909275
28.017904954358528,282.8887297348017,338.783154969368
34.490245746380594,282.1727473682663,338.783154969368
40.74493471796067,281.0129231033595,338.4001327478085
47.575155944021304,279.6115162656709,338.01711052624904
53.32945928969054,278.40767437599146,337.8255994154693
59.04565533829992,277.41594416535656,338.01711052624904
66.098619482784,276.3162521669853,338.59164385858827
72.68337740719797,275.15630721169225,339.1661771909275
84.92414018931454,272.97462227305783,340.6982660771655
90.97036317628896,272.3753653787305,342.23035496340344
110.25546367747563,267.4170053315386,344.7199994035401
123.89153987808717,264.93136725553694,348.550221619135
131.3583384180475,264.00474052639305,351.42288828083116
137.55794779177887,263.368942059078,354.10404383174756
144.29548986437638,262.67610393957784,357.1682216042235
152.33756146541128,260.89044854777563,360.04088826591965
158.68653371764267,259.906518130038,362.91355492761585
165.51042180220517,258.8636420238089,366.1692438108715
51.53920119978214,46.50800541342142,82.73279985684962
830.5362881366704,240.11461177154985,1030.3297759950253
822.2429638639687,217.67781118234535,1013.6683093571877
819.4152206513031,196.01530653180794,1004.0927538182004
817.3099113884921,176.28875192650196,996.4323093870106
815.8528287601926,156.0473435967252,989.9209316204993
815.4183279712778,137.59748220019867,985.5161760725653
0.03489949670250097,-8.547911385714284e-18,0.9993908270190958
635.2324839148757,92.10432674058816,1111.7601121082732
634.4245702615648,77.3707326670018,1106.9969723874588
634.5033177850922,63.017301947244064,1104.3988961761054
766.2066628448013,8.149374959643465,1327.1839312996524
776.0691276926676,-9.312607977456619,1344.287933024395
779.0325394765949,-26.991710517255942,1350.13360449994
778.0972933577858,-44.60933416099906,1349.9170981489938
774.9511712424212,-62.90415081693261,1346.6695028848021
775.9837831025833,-80.27567493832032,1351.2161362546706
776.1736086079172,-98.3115960889841,1355.1132505717005
775.6040498520717,-116.13104818723083,1358.3608458358922
775.7829836759923,-134.61111716264259,1363.773504609545
776.503929731639,-152.69589953997342,1370.7017078398203
776.0695912654941,-170.71871642561243,1376.3308729644193
775.2159619255401,-188.79811439963916,1381.960038089018
774.9063692504193,-207.1826115293769,1389.3212540211857
776.6148417951827,-227.05209342448967,1401.4456096741678
777.6594024189334,-246.3613531571607,1412.9204462743116
774.6507716276548,-265.08063776269813,1418.1165986970184
774.356695736037,-284.23665033518535,1428.7254098933777
775.7356473050129,-305.5703977813828,1444.0973608105514
777.5306942396495,-326.04567953004465,1460.3353371315097
778.9507641550765,-347.3204178380853,1477.2228325053063
777.4685749260312,-368.4939017507425,1490.213213562073
774.9675229230705,-389.291537172952,1502.121062864109
775.6771613348154,-411.3501445041226,1520.7406090454745
778.6227568804469,-435.213283882618,1544.9893203514387
778.6973537490287,-458.68779552573636,1565.340917340373
778.9274923666385,-483.19080316208436,1587.6410714878223
779.5188135480818,-508.34369274103415,1611.8897827937865
778.7880961942567,-533.0601877144127,1634.622949643128
777.4885744616524,-559.0681149972579,1658.6551545981463
778.8484152666175,-587.5706652494475,1689.832069134386
778.7147318711512,-615.957897905239,1719.709945564949
776.9574101460902,-642.9692316270507,1746.773239433213
776.3771042134912,-672.6671944974523,1779.2491920751293
777.2436810351546,-705.2251486517781,1817.787322543537
777.8932274663229,-737.7900394333251,1856.9749720647826
768.387279799974,-763.3745829319943,1876.0275309480403
746.1085457803766,-775.9988968506923,1864.5526943478965
715.4990911844569,-778.6958973272017,1831.6437290040878
682.3405004016831,-778.060220764807,1792.456079482842
652.0103610910703,-779.1909194991249,1759.7636204899795
623.2274550150842,-780.4416069222739,1729.8857440594163
595.3687314608028,-782.5066364566848,1703.0389565420987
569.643884817319,-784.4973514870735,1679.2232579380266
542.9200993575017,-785.3568158573784,1653.6755085263858
516.8873358858145,-785.5778908713412,1628.777278167583
491.9134079620263,-786.7485079059157,1607.1266430729722
468.0596183590896,-788.6941481249517,1588.5070968916068
443.77081059484027,-787.8677110809899,1566.2069427441575
420.4688139432159,-787.6748962142852,1546.5048648080615
398.65544904079434,-789.8458048569241,1532.4319519965643
375.56632881350265,-790.1621341766181,1515.3279502718217
353.7830891447174,-791.1235152997417,1501.0385311093785
334.57038613195374,-793.6083538014927,1491.7287580186958
312.1801966755543,-793.1498379427509,1476.3568071015218
291.90684622786983,-791.9131222080479,1461.8508815881326
271.61028318436064,-793.0264286696322,1451.8915894446116
250.63774151275015,-791.9082100561831,1438.684702036899
230.9698896435992,-791.6181533435318,1428.2923971914856
211.56985716655615,-793.918028617264,1423.096244768779
192.4763380013945,-795.0326152489423,1416.8175605913418
173.7626885161457,-797.1565365125226,1413.136952625258
155.36922995020575,-798.1432628354886,1408.3738129044434
136.53268853294097,-795.8737807981657,1398.6310271118684
117.28413018038275,-795.1468388340803,1392.1358365834851
99.49113436972023,-795.9309202479988,1389.3212540211857
81.09463026940419,-796.633054449455,1386.9396841607786
62.78689135620812,-797.7830963199356,1386.073658756994
45.12230796437777,-798.4760734198412,1385.2076333532098
26.81682918357084,-799.1751987502734,1384.9911270022635
9.158483176859832,-799.5725500609053,1384.9911270022635
-8.934842860117868,-799.0750491712682,1384.1251015984792
-27.231406464201378,-798.5358166682201,1383.908595247533
-45.890019135308364,-800.4356118038232,1388.6717349683474
-64.65124574739109,-801.8980399173639,1393.434874689162
-82.6289039967184,-803.0099792183786,1398.1980144099764
-101.73615692008714,-804.9715181297605,1405.342723991198
-120.40924154145961,-805.6770476912013,1410.9718891157968
-138.5781235427944,-805.1615388699076,1415.0855097837727
-161.03970441062626,-728.2827261636362,1291.8933960954364
-176.9973488155836,-724.1838085129041,1291.2438770425981
-193.72890264654248,-722.2182321011886,1295.140991359628
-255.06857844492492,-808.2055866486478,1467.9130594146236
-276.53956159102694,-811.0244364382878,1484.151035735582
-296.66168818086595,-810.9402522785994,1495.6258723357257
-317.54492301970953,-811.3210119086073,1509.0492660943844
-339.6805849331174,-813.1535296114105,1526.3697741700732
-363.0124539451523,-815.3393209460208,1545.8553457552232
-384.59579935108815,-816.0365106700174,1562.5263347780735
-407.48709736407403,-815.0649225563577,1578.3312983971396
-430.61978038735805,-814.6955595430377,1596.0848191747205
-454.8157809458535,-815.780978818833,1617.7354542693315
-480.5083638398796,-817.7798984322869,1642.8501909790803
-506.1395765659218,-819.4098453513169,1668.181434039775
-534.1547335909876,-822.5261595124746,1698.7088295231765
-562.3403882551714,-824.9399543979081,1729.236225006578
-590.5465223758654,-825.0567832184469,1757.3820506295722
-618.373086439602,-823.8763509120529,1784.2288381468898
-646.4516022240333,-822.3237355093064,1811.7251447170459
-676.6571636648056,-821.7635504578554,1843.76808465707
-708.0607364658033,-823.1057380285378,1880.5741643179088
-744.7090832852545,-827.9909552026735,1928.8550805788911
-782.992862195447,-832.3459258331125,1979.3010603493346
-821.2201662047655,-834.7684940261084,2028.2314956631556
-862.0886171517475,-837.9786862906403,2082.358083399683
-900.2039577014255,-836.7041499470944,2128.6904425021503
-919.8228464605446,-816.0291488385823,2129.772974256881
-920.3193000605793,-779.9698882399276,2089.5027929809044
-920.1583343169976,-744.2989250206989,2049.8821307577664
-920.1502687769275,-710.8523372471582,2013.9420765007121
-918.5275474634809,-675.4199879894899,1974.7544269794664
-909.249267196836,-637.7724207952367,1923.6589281561844
-905.2977638600605,-603.4732460929597,1884.4712786349387
-909.8072565239123,-578.2168762466482,1867.1507705592498
-917.9976353732279,-554.318033329389,1857.4079847666749
-941.6556225802777,-540.2465447255996,1880.3576579669625
-311.47112498085573,-62.22040604303462,550.1426377540647
-311.49027589659994,-54.66141712268368,547.7610678936575
-308.93122737971424,-46.256214443718385,541.0493710143281
-306.3343722923503,-38.54626897965201,534.770686836891
-305.5668523519019,-32.11637033898653,532.1726106255376
-306.45082472183867,-25.379953256553744,532.6056233274298
-307.9698821101173,-18.077657842773913,534.3376741349987
-307.78506550338017,-11.504497080704436,533.4716487312143
-307.84522357408105,-4.281815925985332,533.2551423802681
-310.6100306579912,3.0495048191021548,538.0182821010825
-315.3421502435417,9.978891710984648,546.4620297879808
-322.40917026696314,17.337605162430588,559.2359044938013
-329.688918621188,24.86176911226643,572.6592982524601
-359.1505697221917,50.974805229888574,628.3014304456103
-374.47143759302435,184.0345210198717,722.6981994581141
-367.333361289931,191.2216444559584,717.2855406844614
-361.26694259724735,198.32602403980465,713.8214390693236
-181.9339769528932,117.58579274344376,375.20550618960806
-177.24990165861806,121.46496608903414,372.17441727636253
-174.8313075670195,124.70595973892432,371.9579109254164
-172.92381252225087,129.64324389558223,374.33948078582364
-173.50768769881012,136.47580301801545,382.35021577082966
-245.904917311807,213.64417647545028,564.2155505655618
-238.68692052643115,216.68916584501665,558.3698790900169
-231.6085267227851,221.3540850635039,554.9057774748791
-225.98221847828196,225.85899789832152,553.3902330182564
-221.28417785032613,231.15646785912176,554.2562584220408
-218.1701175697233,238.35176824310136,559.6689171956936
-215.6595206330247,247.1335087768026,568.1126648825918
-214.00004527531567,255.45947452025106,577.2059316223284
-215.26537028296224,309.0424096818091,652.3336354006285
-211.48262261041984,317.81781390258584,661.210395789419
-305.8120941571525,521.4395584027134,1047.0247131753863
-290.2406674531157,523.2714358546334,1036.415901979027
-275.1254391249572,523.62032308372,1024.508052676991
-259.69247199300725,523.3620950070429,1011.9506843221167
-244.97113101875615,523.1059028460597,1000.4758477219729
-230.63081675608777,524.5363918379923,992.4651127369667
-216.50488934675587,525.5242844188543,984.4543777519607
-202.32577260237525,525.7905213731527,975.7941237141163
-189.15646758349288,525.4922271274189,967.3503760272181
-175.21358398498762,525.5627460038769,959.5561473931581
-52.794371434079125,234.50563952681495,416.3417128693689
-47.4495683912929,233.22207969975742,412.2280922013928
-41.383109865648244,232.4703289515625,408.98049693720117
-35.01041541943627,231.2396731470586,405.0833826201712
-29.18391528926481,229.90511431542578,401.40277465408735
-24.92821814930922,228.77084509373225,398.5881920917879
-18.290597630778617,227.64137291649982,395.5571031785424
-12.931067381420707,226.63139124220444,393.1755333181352
-7.953276860035331,225.98509024311232,391.65998886151243
-2.9451590035525013,224.98072370415156,389.7114317029974
2.6847428377592353,223.7338925060195,387.5463681935363
7.535249938877668,222.74758277781294,386.03082373691353
12.713839102501215,221.7608484838469,384.7317856312369
17.86039633841115,220.77874952683933,383.64925387650635
22.154085123970372,220.01241359823283,382.999734823668
27.276567039948677,219.18429349639806,382.5667221217758
32.19385532945193,218.2634790889816,382.1337094198836
36.49090822783018,217.33281906262584,381.7006967179914
41.71916380609459,216.51734658294757,381.91720306893745
46.87049339712309,215.58883893585548,382.1337094198836
52.14817701302845,214.8879551282897,382.999734823668
56.946108052961236,213.92529397577195,383.4327475255602
67.02532229769109,211.7713904093058,384.7317856312369
71.87665193662518,211.36298021740046,386.6803427897519
86.1604576178236,207.84940592430667,389.7114317029974
96.8168985740037,206.00880751926863,394.25806507286575
101.67361656834971,205.749181514562,397.50566033705735
107.05695266919949,204.8354815704173,400.3202428993568
112.69686773433374,204.36072672573385,404.21735721638674
118.85293137656294,203.16341040698742,407.68145883152454
124.3277547947972,201.77118076594778,410.49604139382393
129.51208775736566,200.8671678615706,413.9601430089617
40.139672844989576,36.12210768902066,93.53074360871938
645.6494166771141,187.2348611891016,1164.3711553881778
639.8331596458718,169.3872587964638,1146.4011282596507
638.0759581178773,153.3725339555709,1136.6583424670757
637.0702229437816,138.139591223372,1129.0806201839619
635.8607233029371,122.87913242558956,1121.7194042517942
634.9345257432539,107.67612557660627,1115.4407200743572
0.03489949670250097,-8.547911385714284e-18,0.9993908270190958
434.6421409300719,63.383220691383016,1206.8002482443028
452.7804526406611,-503.6917307406034,1860.8263123112952
432.3025249243134,-504.48737292895515,1825.352915876627
411.7262973729446,-503.64743149257873,1787.2953647347979
392.9943876157155,-503.2927248203325,1754.406123007291
375.48590883179855,-505.13159258180303,1729.269345401268
357.896561882081,-505.5339033909366,1701.7833362432802
340.05181137135236,-504.1475428112236,1670.7734797573453
322.41669708045487,-503.6646203387566,1643.0525474441608
306.88914523056155,-504.18627541159424,1621.6745403212815
291.08312372176266,-504.80640492428734,1601.0013026639915
275.8618447161661,-505.1139315219209,1581.2677576274873
260.96184098281964,-504.3213089774676,1560.1246736598046
245.38843914744777,-503.81810145771044,1539.686359157711
231.81172429930774,-504.2846050267776,1524.8862003803329
217.58228758910442,-504.53854266834963,1509.616195292562
204.02262082693395,-504.1818089849496,1494.346190204791
190.40769416887827,-503.81623530397735,1479.7809545826092
177.4549678215076,-504.1739878174639,1468.5046431331784
164.78825684512742,-505.75782806933347,1461.4569484772842
151.644028295107,-504.85555880541057,1448.3012517862815
138.99651747139256,-503.872198005719,1436.0852477160645
127.0352088032783,-504.8160138479128,1430.2121688361526
114.79890320021879,-504.1436603288198,1420.580319473097
102.48714830447472,-503.0382055437402,1410.4786237996486
89.92005900691129,-502.74338808775303,1403.1960059885578
78.26876600115504,-503.04446991772727,1398.7324660398247
66.81848917493936,-504.34799700394404,1397.792773419039
54.79725075759418,-504.16115574928995,1393.3292334703058
43.14593355774465,-502.63128398167515,1386.046615659215
31.478978906472147,-503.41095469422777,1385.8116925040185
19.91282731405845,-503.316412134158,1383.9323072624466
8.353315644602914,-502.1015944250842,1379.70369046891
-3.4259531675309645,-502.50141698858226,1380.643383089696
-14.782984895394122,-501.78235220591614,1379.233844158517
-26.56868065926295,-501.72461465358623,1380.4084599344994
-38.18993399721651,-502.7748607738116,1385.3418461936255
-49.83946053641108,-503.21470162671164,1389.3355398319657
-61.37111976197357,-503.2309368070229,1392.8593871599128
-73.15217893440752,-503.55474461917896,1398.0276965742353
-85.01771364423674,-502.9885765622471,1401.5515439021824
-96.92859379964327,-502.31015859843006,1405.5452375405225
-108.75788261449851,-503.5569751781725,1415.4120100587745
-120.94439238740739,-504.37555717359686,1425.0438594218301
-133.2263089907264,-502.68682633359134,1428.8026299049739
-145.09001281840983,-503.39740164182535,1439.3741718888152
-158.24363619943463,-505.245752075652,1454.6441769765863
-171.03681167118387,-504.76250875074385,1464.2760263396417
-182.92126972015967,-503.8542613589724,1472.733259926715
-196.34567877802394,-503.2761715783862,1484.2444945313423
-209.43371607224452,-502.51405933475553,1495.7557291359697
-222.3893250384612,-502.8122389115595,1510.5558879133478
-236.7493960331384,-503.4031183279633,1528.41004770828
-250.74288960598582,-502.2262715898319,1542.270513864872
-265.2213396599912,-502.7711284666119,1561.7691357461797
-280.65056186308175,-504.0354449951865,1585.026528110631
-295.3035999927865,-503.83635922256286,1604.5251499919386
-310.7711022543157,-502.50670485660964,1623.3190024076569
-327.0051329841432,-502.94298883542444,1648.2208568584833
-344.24940357852455,-504.70988336024965,1678.525943878829
-360.7717569685624,-504.32734488290885,1703.662721484852
-377.97765425829004,-503.5905626320195,1729.9741148668575
-396.50976382502154,-504.66649653516356,1763.3332029047572
-415.84636874994726,-505.02293743282394,1797.3970604082463
-436.04366591400753,-505.21715468102695,1833.5752263085037
-456.68598979888867,-505.8124821811688,1872.3375469159225
-477.76486994733494,-505.663966469865,1911.3347906785377
-499.62456019334695,-505.10456180450524,1951.9764965275283
-522.119870037509,-504.4805390459705,1994.732510773287
-546.8352842581656,-505.2128527742126,2045.4759122957262
-575.2649849723268,-507.2758425132675,2107.2607021123995
-603.3975039744271,-508.55801803059273,2168.1057993082873
-622.619787843111,-500.5432531889754,2194.8870390006855
-627.8829588004638,-481.5195502153101,2173.9788781881994
-627.634787366762,-458.8862723070531,2136.1562502015663
-627.484564160626,-436.57009179586595,2100.2130074565052
-626.7271112972164,-415.31338163797955,2065.6793036426234
-624.3541390998323,-392.9865810334651,2026.9169830352046
-626.2486828436637,-374.1992771930569,2004.3643601363426
-871.4438115933749,-445.8203825130556,2689.40028068927
-206.56957609435668,-44.37896419346149,580.495116490495
-209.25189882896169,-40.20088313471565,585.428502749621
-210.9632267974676,-35.00749218951087,587.5428111463892
-210.77858934841947,-30.033423532851035,584.958656439228
-210.8949300149588,-25.194363448254226,583.5491175080491
-211.3603853298532,-20.933584709578078,583.5491175080491
-212.3987120565051,-15.900440817846965,585.1935795944245
-213.91758398184007,-10.801505602882568,588.4825037671751
-215.73122356908596,-6.002367785911933,592.9460437159082
-214.95505600198453,-1.4068976407078193,590.5968121639435
-213.12296492736974,4.1851974863312265,585.6634259048175
-213.74740652345693,8.92363512199848,587.7777343015857
-211.01245828738843,13.65712068029518,580.9649628008879
-208.0186326653866,18.084952613441036,573.6823449897971
-207.65343208844862,22.68444327894393,573.9172681449936
-205.50123486476775,27.625088061645616,569.688651351457
-202.0241055475838,32.449436451255465,562.1711103851698
-197.46806229284806,36.70995509204223,551.8344915565248
-194.0513147007827,39.921260789744785,544.3169505902374
-193.62068393106068,44.70085706365841,545.9614126766128
-194.0660234187433,49.73743642189019,550.4249526253459
-194.0283299833637,54.49323173651298,553.7138767980965
-194.755360673582,59.020399026987995,559.1171093676155
-196.4570909106226,64.4256196952074,568.0441892650816
-198.65733518781892,70.16539796792352,578.8506544041196
-201.32139600419288,75.83469358351203,591.0666584743364
-204.52850956047615,82.89452151585172,606.3366635621074
-216.06549784136743,110.8341046538637,667.181760757995
-126.9833623984336,80.12053490099646,412.5250605250138
-123.97872919265441,82.40051462886692,409.00121319706665
-122.03553700471758,85.25196661249439,409.00121319706665
-121.06089493553658,88.81629442979866,412.5250605250138
-147.97793653120138,167.16674876738466,613.3843582180017
-230.60413952192437,333.1899604480371,1113.300832476105
-219.06127607501463,332.9346325262084,1094.9768263707797
-182.2573678695009,308.64123805740604,984.7978665836321
-130.30872869840843,334.278476122411,985.737559204418
-120.53091272973681,332.566200305209,971.8770930478258
-111.44618324349824,332.47478872401797,963.4198594607526
-103.26335092979915,332.242381931708,955.9023184944654
-94.39804173822876,331.93653515164834,948.1498543729816
-86.32750285123734,331.5646560792764,941.3370828722838
-77.89672351974046,331.6261876304871,935.9338503027648
-69.69374657094686,331.4371941256573,930.5306177332458
-62.02953664344471,331.6519775405199,927.0067704052987
0.1417725424919418,51.986868473065016,142.8332783594581
1.3378303612677787,51.62771093266252,141.8935857386722
2.5257110174211665,51.41202884519012,141.42373942827922
6.495891885945476,46.40430273321708,128.73788904766946
6.464309223025361,45.54525181292296,126.38865749570468
7.45004183454112,45.04779782048157,125.44896487491877
9.22123015349339,42.35897455207675,119.10603968461389
9.776195220850967,41.61975246366555,117.46157759823855
10.976541952982625,40.52265433702441,115.34726920147025
13.401754447280119,39.515696021244175,114.64249973588083
12.3697703318258,40.029821004606056,115.11234604627379
14.579168036471023,38.64000089321123,113.46788395989844
29.594644814928763,17.650701103632382,94.67403154418028
30.623557711895494,17.926344616541837,97.493109406538
31.54244042654382,18.556751798290136,100.5471104240922
40.34752910043062,8.40377789394352,113.23296080470196
40.09480678027062,7.476381389228599,112.05834502871959
0.03489949670250097,-8.547911385714284e-18,0.9993908270190958
264.81025838356044,36.62769694274142,1516.1115357622944
272.3210843868636,25.322386930159002,1551.0722109942276
268.6289470067491,18.7843658599242,1527.1906229836816
267.0508537288423,12.243473820523773,1516.1115357622944
264.2632445482999,6.1988659357898035,1499.1236020228337
272.8787676308912,-12.137826327563474,1549.1025954882032
270.5267318784584,-18.398192303319078,1537.7773063285629
268.42133741427,-24.590639270358995,1528.6678346131998
266.5883764768825,-30.521206914299732,1521.7741803421145
261.7140682887868,-36.199441960624334,1498.3849962080744
275.4585391736221,-50.50951381181116,1588.2487036704385
270.7825708394233,-56.32285573420858,1568.5525486101944
269.1594229080142,-62.294996926216115,1566.8291350424229
269.04984952383893,-68.79877885275569,1574.9537990047736
269.55516472352747,-75.30870061225004,1587.2638959174262
269.7306287030616,-82.14330349558524,1599.0815889535727
269.2625540199775,-88.78947451248663,1607.9448587306827
269.05465110130723,-95.69032008870477,1619.516349828576
269.5376771521273,-102.79169520744496,1636.0118796915306
269.66464767337925,-109.80797580301633,1651.2763998632197
269.786517418623,-117.131592484026,1668.0181316644273
270.0676954557706,-124.68156194781383,1686.9756809099124
269.8641165129784,-131.98612140523335,1703.7174127111198
269.77608554754386,-139.5027968475435,1722.4287600183518
269.97654267161204,-147.5400116232444,1744.8331363993796
270.3197089693733,-155.97088119168137,1769.945734101191
270.4458712076085,-164.11058329555556,1794.07352404999
270.91778551992866,-172.80146999747313,1822.386746949091
271.15217816575233,-182.0350163821594,1852.1771814777103
270.07394136610975,-190.86939089572607,1875.5663656117501
269.6258310643522,-199.85419458344813,1903.387184634345
270.0958662243712,-209.72026571877177,1939.3326676192905
270.20447747315745,-219.90752351913198,1975.7705544807422
270.66961431076163,-230.4088137713341,2015.9014704159897
270.1472729120061,-241.1156596868331,2053.570366968707
268.70849397175937,-251.12328678206302,2085.8228208798564
261.76101339835924,-256.2514324204728,2077.4519549792526
249.66824214981676,-255.8724715399134,2027.4729615138833
238.16686746168955,-255.68214134049546,1981.6794009988155
227.47486277854227,-255.84549429537876,1941.548485063568
217.10311991413062,-256.16910905524423,1904.3719923873573
207.09842789948516,-255.88791141212948,1866.9492977728933
197.39880485715003,-255.80766634516357,1832.4810264174662
188.33052316485683,-256.1173442172723,1802.9367938270998
179.11151290361278,-255.94627784617532,1771.6691476689623
170.31365368337987,-255.64631746108176,1742.124915078596
161.88054854564103,-255.79162493063836,1716.7661154385316
153.96584616092997,-256.08398432949633,1694.607940995757
145.73689837387857,-256.1203294663248,1671.218756861717
137.9733562714088,-255.60940432740594,1647.3371688511709
130.23479712640335,-255.60018102261134,1626.9024079761678
123.18143626390153,-255.5596301621768,1608.9296664836947
115.77807327369227,-255.71313477472432,1591.9417327442343
108.85551923813439,-255.67175472023624,1575.938606757786
102.01613422783994,-255.9082059453176,1562.3975001538681
95.37950345517918,-255.95487682862284,1549.1025954882032
88.82323394167744,-256.144683029838,1537.5311043903098
82.3184175017335,-256.43990331539527,1527.4368249219347
75.59742427472844,-256.2387119755982,1515.126728009282
69.28147413952067,-255.76991738754563,1502.8166310966294
62.89131548296029,-255.80663916116717,1493.9533613195197
56.76175633441481,-256.0357369804391,1487.3059089866872
50.473139326126244,-255.93349503400233,1479.4274469625896
44.38239454841556,-255.78204230972963,1472.287590753251
38.452923778012504,-255.8624219175703,1467.36355198819
32.40725503353329,-255.2979474921347,1459.4850899640924
26.575937875008737,-255.53422729478098,1457.0230705815618
20.701838697132995,-255.90283518120185,1456.0382628285495
14.70002942263129,-255.1870712173462,1449.6370124339703
8.611179314666966,-254.55285395537618,1444.466771730656
2.778747697760228,-254.7267207694744,1444.7129736689092
-2.8545234787835225,-255.29027481289043,1447.9135988661988
-8.643469402432984,-255.50737292367657,1449.8832143722232
-14.705022639147225,-255.27375160838466,1450.1294163104762
-20.572743702228443,-255.17285335843673,1451.8528298782476
-26.24385441353999,-255.0448567980988,1454.068647322525
-32.251676827348405,-255.18637664221708,1458.7464841493331
-38.381953616677336,-255.39019261537342,1464.6553306674064
-44.337863717765075,-255.52540480908436,1470.8103791237327
-50.27210209946304,-256.01730117116523,1479.6736489008426
-56.43568171642009,-255.88553595954656,1486.0748992954218
-62.6200335637325,-255.60501560608273,1492.4761496900012
-68.81972741409282,-255.44497299200316,1500.3546117140988
-74.95450304459033,-255.34184666937372,1509.2178814912088
-81.34642702748266,-255.56562725081096,1521.0355745273553
-87.68866360311905,-255.571676278776,1532.3608636869956
-94.03607302857324,-255.11015296335137,1541.9627392788648
-100.83318679209614,-255.16335782470685,1555.9962497592887
-107.59427910101643,-255.2160091124718,1570.7683660544717
-114.27109088753393,-255.34412398177616,1586.5252901026672
-121.41786598811761,-255.63346096203324,1604.990435471646
-128.61026271059103,-255.15808551218768,1620.5011575815884
-135.86638314570177,-255.3594797594989,1640.4435145800855
-143.66911596961538,-255.39484682853964,1661.863083208101
-151.2620675706823,-255.6746993143777,1684.759863465635
-159.23800146013158,-255.29860342312725,1706.4256340319034
-167.36065421297104,-255.72344504990426,1733.2616453014862
-176.6672059942526,-256.9022644773555,1768.2223205334194
-185.04646396454544,-256.30796882286734,1792.8425143587247
-193.4636545333681,-255.4281627042832,1817.2165062457768
-203.44810028211853,-256.19926812827435,1855.3778066749999
-213.45350093482142,-257.0774536428416,1895.0163187337412
-223.04662464384802,-256.4445134775303,1927.514974583144
-233.3994164626774,-256.53071604520386,1966.9072847036325
-244.08481021441887,-256.3702934364265,2007.5306045153861
-255.37880238562448,-256.21589800369696,2051.600751462682
-267.66122831797657,-256.6498671928778,2103.05695655757
-279.7327851206336,-256.46824568173247,2152.2973442081807
-308.39455773062883,-258.2010176978214,2281.0609579145266
-316.7398700238347,-252.7935521470405,2298.2950935922404
-318.5842268077671,-242.80600155340264,2271.705284260911
-318.9834434000426,-231.3565509362909,2234.774993522953
-318.37728108515057,-219.9671102643201,2194.6440775877054
-318.00015129325266,-209.11058050307548,2158.452392664507
-316.4660519071958,-197.7499367565527,2116.351861223235
-100.62372842120774,-30.943886111874125,597.0397002636511
-106.64197672655114,-20.15623483208094,615.50484563263
-106.9474351402491,-17.41749584054147,614.5200378796178
-106.98867953345193,-15.12554738493858,612.7966243118465
-107.1380627539361,-12.621375848654113,611.8118165588343
-107.39627598046754,-10.193307829482572,611.8118165588343
-107.95429364557293,-7.667244348309816,613.7814320648587
-108.78815801519457,-5.37415886318753,617.7206630769075
-110.01103167371929,-2.9107618888870173,624.1219134714868
-109.57150710498809,-0.32869191123003616,621.4136921507032
-108.55200913901827,2.1613022099105645,615.7510475708831
-108.81322758835127,4.840083638883866,617.7206630769075
-107.3109482549859,7.533320677508506,610.0884029910628
-105.87274204019123,9.69922299454165,602.9485467817244
-105.66592878662064,12.126689997855701,603.1947487199774
-104.55121304670861,14.374022691153174,598.5169118931694
-102.80191451979591,16.94386702028377,590.8846518073248
-100.54723426475891,18.97587890108131,580.2979684624436
-99.03349534984363,20.79630471326183,573.8967180678642
-98.83768124650763,23.273184611920758,575.8663335738886
-98.78987037102493,25.635043815754756,578.8207568329252
-98.73841620378923,28.138022764407932,582.267583968468
-99.19634451789604,30.416128691243287,588.4226324247943
-100.01619652173393,33.13166846330224,597.5321041401572
-101.18221675884438,36.01693046120324,609.1035952380506
-102.50764360775352,39.31692727200177,622.6447018419685
-104.46171162518498,42.63668137644925,639.8788375196822
-66.40502165290984,40.02349941145631,439.7166617199509
-63.849770806996325,41.16808738868797,430.85339194284103
-62.64600458934321,42.20556864781272,428.3913725603105
-61.864348192658596,43.56978979189299,429.12997837506964
-61.27468762658903,45.496229285329875,432.82300744886544
-61.490354709196765,47.36997830304947,440.209065596457
-76.22621529672931,90.69207859061255,671.8850894925789
-115.85651169259741,169.1645799194633,1162.8117543691646
-110.10376998439747,169.03987960224876,1144.1004070619326
-92.00649373134898,157.76614040411698,1035.7715542305898
-65.01421149418515,169.22985593368105,1028.1392941447452
-60.35553083706614,168.82754266862733,1016.8140049851048
-56.07236438134148,168.65187620168507,1007.9507352079949
-51.44735033481222,168.44097775769865,998.841263492632
-47.350879880182354,168.42085758825846,992.1938111597996
-43.03798182737218,168.4991116946773,986.2849646417263
-38.72928362663895,168.38333986170628,979.8837142471469
-34.90777774847967,168.28592943195952,974.7134735438328
-31.090053155141778,169.032883152735,974.7134735438328
0.1790604415958831,26.263676480253846,148.95217264309647
1.0151363194268543,26.201217051565216,148.70597070484342
1.8169626819207687,25.983776915049084,147.7211629518312
2.882250242711493,23.527084747568463,134.4262582861664
3.589902617584456,22.99026423902898,131.96423890363587
3.8687529777945864,22.812901411707973,131.22563308887672
4.675876161737655,21.50749095333271,124.82438269429737
5.029701416874662,21.025979905552575,122.6085652500199
5.845799647048617,20.407728983634268,120.39274780574243
6.833969936512828,20.006670901418836,119.90034392923633
6.425551374135889,20.18711979579083,120.14654586748938
7.5681387600333165,19.461436535681635,118.42313229971802
20.471566190963923,2.8144939535125064,117.19212260845275
271.62518561490225,43.3249855206649,1559.9354807713376
0.03489949670250097,-8.547911385714284e-18,0.9993908270190958
0.0,0.0,1564.75
0.0,0.0,1552.25
0.0,0.0,1536.0
0.0,0.0,1517.5
0.0,-0.0,1574.0
0.0,-0.0,1561.75
0.0,-0.0,1558.5
0.0,-0.0,1549.0
0.0,-0.0,1517.5
0.0,-0.0,1605.25
0.0,-0.0,1591.25
0.0,-0.0,1593.0
0.0,-0.0,1601.5
0.0,-0.0,1614.75
0.0,-0.0,1625.5
0.0,-0.0,1633.75
0.0,-0.0,1649.0
0.0,-0.0,1665.25
0.0,-0.0,1679.0
0.0,-0.0,1695.5
0.0,-0.0,1714.5
0.0,-0.0,1733.0
0.0,-0.0,1753.0
0.0,-0.0,1774.5
0.0,-0.0,1799.5
0.0,-0.0,1826.25
0.0,-0.0,1850.25
0.0,-0.0,1878.0
0.0,-0.0,1905.0
0.0,-0.0,1937.75
0.0,-0.0,1975.75
0.0,-0.0,2011.25
0.0,-0.0,2051.25
0.0,-0.0,2091.25
0.0,-0.0,2115.25
0.0,-0.0,2097.25
0.0,-0.0,2050.0
0.0,-0.0,2004.5
0.0,-0.0,1968.0
0.0,-0.0,1932.75
0.0,-0.0,1894.75
0.0,-0.0,1861.0
0.0,-0.0,1830.75
0.0,-0.0,1796.5
0.0,-0.0,1765.0
0.0,-0.0,1740.75
0.0,-0.0,1717.5
0.0,-0.0,1694.75
0.0,-0.0,1674.5
0.0,-0.0,1650.75
0.0,-0.0,1629.75
0.0,-0.0,1615.0
0.0,-0.0,1599.5
0.0,-0.0,1583.75
0.0,-0.0,1569.25
0.0,-0.0,1556.75
0.0,-0.0,1545.75
0.0,-0.0,1537.5
0.0,-0.0,1527.5
0.0,-0.0,1519.5
0.0,-0.0,1512.25
0.0,-0.0,1501.75
0.0,-0.0,1493.75
0.0,-0.0,1487.75
0.0,-0.0,1485.25
0.0,-0.0,1483.5
0.0,-0.0,1478.75
0.0,-0.0,1474.5
0.0,-0.0,1469.75
0.0,-0.0,1469.25
-0.0,-0.0,1470.75
-0.0,-0.0,1469.75
-0.0,-0.0,1469.5
-0.0,-0.0,1474.25
-0.0,-0.0,1478.75
-0.0,-0.0,1481.75
-0.0,-0.0,1487.25
-0.0,-0.0,1494.5
-0.0,-0.0,1500.0
-0.0,-0.0,1506.5
-0.0,-0.0,1515.75
-0.0,-0.0,1525.0
-0.0,-0.0,1534.25
-0.0,-0.0,1544.5
-0.0,-0.0,1558.0
-0.0,-0.0,1570.0
-0.0,-0.0,1582.5
-0.0,-0.0,1597.5
-0.0,-0.0,1612.75
-0.0,-0.0,1628.75
-0.0,-0.0,1645.5
-0.0,-0.0,1664.5
-0.0,-0.0,1691.0
-0.0,-0.0,1715.5
-0.0,-0.0,1733.25
-0.0,-0.0,1760.0
-0.0,-0.0,1793.5
-0.0,-0.0,1819.5
-0.0,-0.0,1848.75
-0.0,-0.0,1888.5
-0.0,-0.0,1926.25
-0.0,-0.0,1958.5
-0.0,-0.0,1999.0
-0.0,-0.0,2040.0
-0.0,-0.0,2083.75
-0.0,-0.0,2135.25
-0.0,-0.0,2191.0
-0.0,-0.0,2256.0
-0.0,-0.0,2315.75
-0.0,-0.0,2333.25
-0.0,-0.0,2306.75
-0.0,-0.0,2270.0
-0.0,-0.0,2227.75
-0.0,-0.0,2190.25
-0.0,-0.0,2152.25
-0.0,-0.0,605.75
-0.0,-0.0,625.0
-0.0,-0.0,624.75
-0.0,-0.0,622.75
-0.0,-0.0,621.0
-0.0,-0.0,621.25
-0.0,-0.0,623.25
-0.0,-0.0,627.25
-0.0,-0.0,633.75
-0.0,-0.0,631.5
-0.0,0.0,625.5
-0.0,0.0,628.75
-0.0,0.0,622.5
-0.0,0.0,613.75
-0.0,0.0,612.75
-0.0,0.0,610.0
-0.0,0.0,602.25
-0.0,0.0,592.25
-0.0,0.0,586.0
-0.0,0.0,585.5
-0.0,0.0,588.0
-0.0,0.0,591.5
-0.0,0.0,597.5
-0.0,0.0,607.0
-0.0,0.0,619.75
-0.0,0.0,633.75
-0.0,0.0,650.0
-0.0,0.0,446.25
-0.0,0.0,437.5
-0.0,0.0,435.0
-0.0,0.0,435.75
-0.0,0.0,439.75
-0.0,0.0,447.25
-0.0,0.0,683.0
-0.0,0.0,1180.5
-0.0,0.0,1161.0
-0.0,0.0,1052.25
-0.0,0.0,1040.0
-0.0,0.0,1032.25
-0.0,0.0,1023.5
-0.0,0.0,1014.75
-0.0,0.0,1007.5
-0.0,0.0,1001.0
-0.0,0.0,994.75
-0.0,0.0,989.5
-0.0,0.0,993.0
0.0,0.0,151.0
0.0,0.0,151.0
0.0,0.0,149.75
0.0,0.0,140.25
0.0,0.0,136.25
0.0,0.0,134.0
0.0,0.0,133.25
0.0,0.0,126.5
0.0,0.0,124.5
0.0,0.0,122.25
0.0,0.0,121.75
0.0,0.0,122.0
0.0,0.0,120.0
0.0,0.0,104.5
0.0,0.0,107.75
0.0,0.0,115.5
0.0,0.0,118.5
0.0,0.0,1580.25
0.03489949670250097,-8.547911385714284e-18,0.9993908270190958
236.51148335051366,-262.67261330989703,2004.5761812563494
226.24200022691792,-263.4372106527569,1969.369304086163
216.21285010211332,-263.7493312924612,1934.1624269159765
206.90533502951453,-264.52923501982866,1904.6181943256104
197.4436292910719,-264.71011902714713,1872.8581442909665
187.86422188583376,-264.59506786471997,1840.3594884415638
178.8851014787254,-264.58504262466414,1811.3076597277036
170.23961230665816,-264.82582460111485,1785.4564562111332
161.73936170983433,-265.2317772977575,1761.8210701388402
153.37467058252375,-265.15151472165553,1737.200876313535
145.35208918275129,-265.2848867141226,1715.5351057472665
137.81873450274594,-265.8083206873319,1698.0547681312996
130.1435152273434,-265.54597987134156,1677.1276033797903
122.51517303456433,-264.99528021216986,1655.7080347517747
115.06778408718058,-265.42919804768957,1640.6897165183386
107.9697348911261,-265.77263077466625,1626.9024079761678
101.28534247067724,-266.0234610945529,1614.346109125262
94.38143439442767,-266.52494874791097,1603.5132238421277
87.35267292696736,-266.12486803707054,1588.4949056086916
80.70225574100245,-266.0396836428416,1576.677212572545
74.38055744544675,-266.7944393660957,1570.7683660544717
67.7066080857386,-266.5954070351178,1559.9354807713376
61.11615641957127,-266.7134544021421,1551.8108168089868
55.12541200944249,-267.21792381882636,1547.3791819204318
48.74577574928874,-267.484247241253,1541.9627392788648
42.57033780022712,-267.83300180935527,1538.023508266816
36.331044229218655,-268.04952528391726,1534.0842772547671
30.07515553198611,-267.86227606499045,1528.6678346131998
23.593713735151354,-267.1598167659608,1521.0355745273553
17.31186035388712,-263.0288389913808,1494.9381690725318
11.02881792653716,-260.7600839481883,1480.1660527773486
5.043013086383078,-260.42344294410907,1477.211629518312
-0.7775829643243843,-259.2121509207147,1470.0717733089734
-6.8024637956295,-262.51133524719995,1489.2755244927116
-12.85794577225524,-264.6749828183516,1502.8166310966294
-18.930041226238462,-263.4831477399234,1498.1387942698213
-25.060341430992512,-264.8024105668522,1508.4792756764496
-31.58645328079671,-268.125397290434,1531.1298539957304
-37.79644761903784,-269.46888816131747,1543.19374897013
-44.2983337860956,-269.22460415614046,1547.3791819204318
-50.58731681183093,-269.6601455773704,1555.9962497592887
-62.78387021181685,-239.53076998290385,1404.3358557954086
-96.7461833743707,-269.6916683134183,1624.9327924701433
-103.75286975376062,-270.2854664261217,1641.9207262096038
-111.25963098411026,-270.90016359280673,1660.878275455089
-118.65410076285106,-271.06445723150625,1678.1124111328024
-125.93069334236476,-270.63709514631756,1692.8845274279856
-133.29095579028163,-270.2873204421052,1709.133855352687
-140.97328452892458,-270.62694303744667,1730.5534239807025
-149.4682749187962,-271.74133525578225,1758.8666468798035
-157.9232801611628,-272.5004595912773,1786.1950620258922
-166.34055976401478,-272.44275049194016,1810.3228519746915
-174.9580571596144,-272.1658674506493,1834.9430457999965
-183.8656800136676,-272.43179329730003,1863.9948745138568
-192.972467013646,-272.733993982193,1894.7701167954883
-202.94734360384365,-273.3311151124635,1930.7155997804339
-213.5607853074635,-274.4235317236355,1972.0775254069465
-223.69445513792638,-274.3987039097891,2007.7768064536392
-233.60604482728007,-273.8198097487456,2041.2602700560542
-244.57250750998895,-273.8699677724035,2082.3759937443137
-256.1481409379006,-273.93543039285794,2126.9385445681164
-268.3707596072803,-274.4401901872933,2176.917538033486
-282.01352273713513,-275.77660278124256,2236.9908109672306
-296.536628035489,-276.97879327685956,2301.249516851277
-308.1382513469402,-275.02390435925287,2342.365240539537
-316.25841251404984,-269.8120233103407,2357.629760711226
-320.04024340852715,-260.32160401977575,2339.6570192187532
-319.16368196222527,-247.81975794215126,2291.647641259408
-318.610246706204,-235.7591806678143,2247.8236962503647
-318.5242211939168,-224.46004112517173,2209.908597759395
-317.5476908438547,-212.93096884550638,2168.300470194629
-442.635018770199,-243.30922330026647,2864.5595515742602
-107.40831426016102,-43.22550719773152,656.6205693208897
-105.59482663180802,-26.174865905396754,616.9820572621484
-106.51035551352382,-21.06547136293974,615.7510475708831
-107.9824583629771,-19.10095311976149,621.9060960272094
-108.03240702688034,-16.386584811567154,619.6902785829319
-107.40028742523734,-13.692806195848954,614.0276340031118
-107.52822442046498,-11.064544105945496,613.0428262500994
-107.72717225293758,-8.921857523868583,613.0428262500994
-108.2030651360594,-6.529132818204105,614.7662398178709
-109.63223968482967,-3.9182467995896597,622.1522979654624
-109.47499823118918,-1.4928262432193995,620.9212882741972
-109.04690324478707,0.9516379076089251,618.4592688916666
-110.68775889806085,3.532891189387762,628.0611444835357
-112.78338415640586,6.280887984386576,640.6174433344413
-114.93028332875127,8.698388736834149,653.666146061853
-117.16968830899344,11.507944859902956,667.699656542277
-119.03013419114313,14.450341193349955,680.0097534549296
-120.6013154142376,17.452779521316998,691.088840676317
-122.4240265082354,20.41812046795559,703.8913414654756
-125.08000680258326,23.817868195796706,722.1102848962015
-330.4176519823456,86.89536162758203,1937.6092540515192
-151.02981161459863,57.550008716289476,916.6098161161126
-148.91029734961083,60.447280456509944,911.4395754127985
-130.54288006807866,64.68672047192162,826.2537047772425
-127.56791145073969,66.9835266450548,817.1442330618796
-65.016091564253,40.38044752381766,434.05401714013067
-62.91110035933503,41.09929650393984,426.175555116033
-61.51640783902357,42.55132038107203,424.2059396100086
-60.772440280702014,44.05255671484397,425.6831512395269
-83.2690004635689,72.9446466758296,627.8149425452826
-81.04419032035287,74.38538683249325,623.8757115332338
-79.15237033815089,76.14508689147928,622.8909037802216
-77.49780211119217,78.13443730279477,624.1219134714868
-76.22519349040672,80.45631871612481,628.5535483600418
-75.342897698299,82.99152458783865,635.6934045693803
-74.0843190718364,86.07397499610168,644.0642704699841
-79.7271445773624,109.92400693569823,770.1196628555467
-77.33642849095573,111.93565166264999,771.596874485065
-75.79293637846992,115.12355591306385,781.6911539534401
-100.83247425358154,175.53023684500135,1148.0396380739815
-95.9330594296749,175.88519614481888,1136.221945037835
-89.92464615721022,174.5994895895714,1113.8175686568072
-85.03799949712429,174.71637809196702,1101.9998756206608
-80.58628874076989,176.19341598376192,1098.7992504233712
-75.41483707184814,176.06207004509798,1086.2429515724655
-71.0046868371226,176.29620352280116,1077.8720856718617
-66.09094916593985,176.6214238028234,1069.5012197712579
-61.60500498880633,176.71924807318177,1061.3765558089071
-57.20216835273068,176.8704134476836,1054.2366995995687
-52.61885933489317,176.9293365552436,1046.850641451977
-48.16162236379106,176.8448138542026,1039.4645833043855
-43.85401282373995,176.70979620429273,1032.5709290333002
-6.181829996676787,101.52639177939903,576.8511413269008
-3.770076108616289,100.8625682551048,572.4195064383459
0.8709456805704674,99.8004898725181,566.0182560437665
2.7810771195899653,98.98381205797078,561.5866211552117
5.059011503802463,98.58927524080468,559.8632075874402
7.744897782874628,98.06633710314452,557.8935920814158
9.900663476571266,97.52312100895512,555.9239765753914
13.904305870311351,96.63853936136339,553.7081591311139
18.112098821948926,95.54134674073586,551.4923416868365
9.857861453201528,28.377673333428117,170.371741271112
10.383829980574204,27.8190602417507,168.40212576508756
11.01831353621637,27.573915293575144,168.40212576508756
13.779857944630066,27.619254565719697,175.04957809791998
14.510202093910086,27.488332140987417,176.28058778918523
15.199446673971957,27.262509360187906,177.0191936039444
13.691526110918378,10.751212857647785,98.72697723947385
13.9998419919203,11.061369121101215,101.18899662200437
14.411256246543294,11.240332496154958,103.6510160045349
15.28538617174097,10.940739874510914,106.60543926357151
18.934794266135412,3.365342565021618,109.06745864610204
221.5689066791032,49.564585353980746,1287.636137063462
220.98580665445985,44.14478748433956,1278.034261471593
220.5064661652369,38.69525586509176,1269.6633955709892
220.38157867825316,33.550920821230726,1264.2469529294222
0.03489949670250097,-8.547911385714284e-18,0.9993908270190958
433.23132354402424,56.074714278847885,1200.2223998988015
432.7514115895405,45.484006175260525,1195.523936794872
525.0233003173673,-26.366865581463035,1444.3075581479413
534.1843599053802,-38.964425540958665,1471.5586441507326
535.7761849913658,-51.58937889972726,1478.8412619618234
530.0390692767261,-63.320616347605316,1466.6252578916067
530.4171248422475,-75.57808508307032,1472.0284904611256
530.3181954720827,-88.00164070190091,1476.9618767202517
530.1521247197528,-100.65252579699452,1482.600032444967
531.2285233311858,-113.06753254164366,1492.2318818080225
530.7310286780087,-125.42893479311553,1498.339883843131
530.2837334666593,-138.2212249733886,1505.6225016542219
531.1311230570342,-151.35932098221008,1517.3686594140456
531.2898081317379,-164.3346607612814,1527.940201397887
530.5642715284779,-177.20260568424317,1536.8672812953532
530.0436910282922,-190.95810721332913,1547.9086695895876
530.8027638399687,-204.58694478798094,1562.9437515221623
531.4709841339943,-219.29395159803252,1579.6232955411122
532.1206903963764,-233.2731826948119,1596.302839560062
532.1882413259996,-247.45705273008687,1612.5125372686189
531.3039179752127,-262.55069614286816,1628.2523886667827
530.909002183737,-277.4787819116044,1645.8716253065186
533.0430770853907,-293.5731702894823,1671.9480955333277
533.8677997329089,-310.1729820086561,1696.3801036737611
532.5143747914012,-326.1255071708302,1715.6438023998724
532.559153456763,-342.1430606007341,1739.13611791952
533.5383090551516,-360.0878694092567,1768.5015123190797
532.0267338435997,-377.74244691171094,1792.6985973043168
531.8159045063578,-395.77201743128194,1821.359222238287
533.0131441622937,-416.2014745116089,1858.0072344489374
533.0127759617111,-435.24736942211905,1890.6615530212478
530.9539384535766,-453.97857047428414,1919.322177955218
530.8031458227086,-474.80120601779174,1956.6749596314578
531.4364020428435,-498.28890574696874,2001.5452822739849
523.1354072363978,-513.2431128992055,2013.5263631890052
503.8238745574382,-517.7543500804466,1984.865738255035
481.20422408347343,-517.4411050520125,1941.4049545436867
460.9079226338815,-519.2471608288499,1907.5760201953942
440.95663389603163,-520.5910598904792,1874.451855312691
419.9245936146954,-520.0118823511156,1836.3943041708615
401.5893481962811,-521.2979265062226,1807.9686023920879
383.85547046036226,-522.0186404490645,1780.2476700789034
365.28673364416954,-522.2895826736798,1751.1171988345404
348.11010033900294,-522.5245498409398,1725.0407286077314
330.5938377511335,-522.3798393948257,1698.4944120705295
314.27840126700414,-522.4014864519498,1675.0020965508818
298.21842698913804,-522.1044729288799,1651.979627341627
282.62010948337877,-522.5587053290578,1632.2460823051229
268.21399646375,-523.572642371,1616.2713077517626
252.22987707483492,-522.9266571884256,1595.1282237840796
237.49745084139795,-522.6506844068964,1577.2740639891474
223.30602912291434,-523.2963772006193,1563.1786746773587
209.40358102032826,-523.215227468808,1548.3785158999806
196.39254267675372,-524.403610931002,1538.5117433817286
182.98059623229472,-524.4353981138144,1526.0608161563152
169.09351166973445,-523.3284005524664,1511.0257342237408
156.134162229756,-523.9503851091316,1502.0986543262745
142.888030600987,-525.2359275502675,1495.5208059807733
130.40668504658527,-524.8615699369417,1485.8889566177177
118.27492353246625,-525.3616215053995,1479.5460314274128
105.3659403959253,-526.7069669551505,1475.7872609442693
93.2889140158088,-526.548317301399,1469.2094125987678
80.51286980612181,-526.9227710066342,1464.5109494948383
68.8661322532271,-527.5363288267616,1461.6918716324806
56.80825412118949,-528.024672882513,1459.1077169253192
44.583563393088745,-527.8241302411476,1455.3489464421757
19.510504686984724,-514.4559902542346,1414.4723174379887
7.584939357030762,-515.0264861131443,1415.1770869035781
-4.476230220105382,-512.9251785898671,1409.3040080236663
-15.909767086229863,-516.1197545355725,1418.7009342315253
-27.98352449193962,-517.7468527423262,1424.5740131114371
-39.69041027767278,-518.7820630831403,1429.5073993705632
-51.45029435489768,-520.9272060544017,1438.1995561128329
-64.31974785791036,-526.2148636620049,1456.523562218158
-76.89196496596702,-530.3146510803632,1472.263413616322
-91.67471539486405,-471.6255252475814,1320.0332090490049
-152.9018239130731,-531.0450478870223,1518.3083520348316
-166.0807437938121,-531.2841125954294,1529.349740329066
-178.68686017852733,-531.1489164285397,1539.686359157711
-192.40825392200787,-532.2474345782762,1554.956364245482
-206.41252370070904,-532.9390388309107,1570.226369333253
-220.89786495647508,-532.4730068759801,1583.8519123346487
-235.4263760849044,-534.256496614345,1604.0553036815456
-250.03011706805316,-534.6678299025444,1621.6745403212815
-265.1361763340605,-534.699044131155,1639.76362327141
-280.5055703975213,-534.9222124327755,1659.4971683079143
-296.22625360092445,-535.0943833019728,1680.4053291204007
-312.17530914121795,-535.9673663033693,1704.132567795245
-328.9310090991844,-536.1100602435134,1728.0947296252857
-346.6038656251535,-536.6018803142138,1755.1108924728806
-363.74143143162615,-537.0545407636391,1782.1270553204754
-382.7864837211649,-538.1976272671633,1814.546450737589
-402.0327974506456,-539.3069860929313,1848.1404619306854
-421.7163157835336,-539.7722695464281,1881.9693962789781
-441.3133959758135,-539.5397469411912,1915.0935611616815
-462.36641873631305,-539.8691651570616,1952.9161891483143
-485.03513277635636,-540.4618735492355,1995.20235708368
-506.24281316264796,-539.9194244228701,2033.4948313807058
-530.3368908265228,-540.2638513911672,2080.0096161096085
-557.0810033028863,-542.980455540263,2137.330865977549
-586.7310378010084,-545.940180329016,2201.9347336565797
-614.4644670772492,-547.2274451995012,2260.6655224556994
-629.3130430585326,-535.114077258482,2269.592602353165
-630.0715922589762,-510.5064779200464,2228.011203883389
-628.8136704382753,-486.05721977255376,2183.6107275512545
-628.3786738348775,-463.65113174556785,2145.5531764094253
-627.9220758942628,-441.4645371039196,2108.905164198775
-625.4064870054857,-418.3768321304735,2067.3237657289988
-874.6480505980309,-479.2279086408907,2740.143682211709
-212.1482663308873,-84.57152022252819,627.4797475297903
-204.3684214947343,-70.93123199262993,594.3555826470871
-203.22113072816728,-49.786636607590296,574.8569607657795
-211.16512173046527,-36.87795008765371,588.9523500775681
-212.75896591286156,-31.85635986223167,591.0666584743364
-211.50772638477417,-27.2002986802283,585.8983490600139
-211.72293133788656,-22.428120797467887,584.958656439228
-212.18110888954908,-17.572628921552162,584.958656439228
-213.33342139642158,-12.113949561141778,587.0729648359963
-215.08711160089265,-7.452280563562327,591.3015816295328
-214.76787651822292,-2.9872041001295018,590.1269658535505
-215.0317233087722,2.4043732308958896,590.83173531914
-218.25701951297194,7.32375231306902,599.9937383718026
-222.65551192100384,12.338741320357558,612.6795887524123
-226.87063613420946,17.294940108503337,625.1305159778256
-230.7481141302089,22.98088183686435,637.1115968928459
-234.52847981107843,28.471920794322195,649.0926778078663
-237.6886704142621,34.529401886531666,659.8991429469042
-241.06213513821672,40.61033786085791,671.645300706728
-246.397818265427,46.71047442994893,689.0296141912673
-651.1265037340498,171.23744045701437,1849.7849240170608
-297.64322033088064,113.13836488980463,874.8538299516807
-293.3752570389113,119.0900613111838,869.9204436925547
-257.3620280836683,126.91690698360107,788.4021088393772
-251.367588810754,131.72618720738126,779.7099520971075
-128.1433839677713,79.39422009908759,414.16952261138914
-123.77805913519092,81.15245160090312,406.6519816451019
-121.2074482885456,83.59590541530159,404.5376732483336
-119.7692864069639,86.66864178295904,406.1821353347089
-163.98275690075985,143.5718508371277,598.8191225958201
-159.24301037574395,146.80055684502076,595.0603521126765
-155.5926054537535,150.1720533023159,594.1206594918906
-152.4967331873944,153.91728821324782,595.295275267873
-150.09110201961752,158.50894979309462,599.7588152166061
-148.0395692608422,163.78475545763294,606.571586717304
-146.36955463773776,169.0295138020961,614.3240508387877
-156.79555320826825,216.67919484151713,734.8396294545804
-151.85341500716453,220.6901304280436,736.0142452305628
-148.7410356481262,227.0027663523237,745.6460945936184
-198.9266371163646,345.6385881105313,1095.6815958363693
-188.85676127479118,346.4777251821984,1084.170361231742
-177.17158210638615,343.76954332672574,1062.557430953666
-167.19231258592296,343.98468169514126,1050.811273193842
-158.81863662073084,346.989986019883,1048.4620416418772
-149.1730328341222,346.6881596764822,1036.95080703725
-140.01055260988835,347.35619463672634,1028.9634197605696
-130.96253720999968,347.6714887274317,1020.741109328693
-121.85098041294404,347.70857910889856,1012.2838757416199
-112.80355362234948,348.14252372657774,1005.471104240922
-103.8289736942325,348.42618665687013,998.8932558954207
-95.16734750518727,348.32104580682335,992.0804843947228
-86.49107411390125,348.10976851944196,985.5026360492215
-78.51528110483571,349.6444244665771,984.5629434284356
-17.607417456339693,203.16797012848545,560.2917251435979
-12.56289499950829,200.02968498347695,550.6598757805424
-8.234636285524072,198.54300953043514,545.9614126766128
1.2329715242314552,196.57221059428485,540.0883337967009
5.956139595702765,194.94601969367113,535.8597170031643
10.339520289370796,194.24897420323433,534.4501780719854
14.154309917930387,193.32244731207982,532.5707928304136
19.351912799729025,192.18401567863418,530.6914075888418
23.100993863357516,191.59724042367958,530.2215612784488
27.413642599321708,190.16402974424676,527.872329726484
36.05211176956893,187.93349420584045,525.7580213297158
19.278956111505405,55.94059154314246,162.56682339596216
20.317609182887967,54.84288446526502,160.68743815439035
21.56847913801562,54.363111822742134,160.68743815439035
26.992570028958166,54.473125338747415,167.03036334469522
28.392055893860135,54.14345723236613,167.97005596548112
29.831953054238205,53.85289777200743,169.14467174146353
30.129063602409605,45.68227943654998,150.35081932574536
37.756495325811954,6.4665534459795255,105.24557352802174
437.00094029507943,99.25911302730327,1231.2322563847365
435.1136648207488,88.52487561845413,1219.9559449353055
434.4820641736115,77.71092325358723,1212.673327124215
433.9804777084753,67.76553921730867,1206.8002482443028
0.03489949670250097,-8.547911385714284e-18,0.9993908270190958
633.9604867091487,83.99018568558591,1107.646491440297
634.0647254002058,69.61637471286103,1104.8319088779976
635.2588868341065,54.879753309318836,1104.3988961761054
778.5206379588445,-18.899173848437286,1348.8345663942632
764.2538541901871,-36.5008490373035,1325.2353741411373
786.4621364698103,-73.34728027910283,1368.1036316284672
778.2187772058929,-90.81731555251211,1357.0618077302154
775.126899848038,-108.07488032364203,1355.5462632735928
775.1419034852249,-125.58898025424857,1360.092896643461
774.0333514684795,-144.33212199463122,1363.773504609545
774.2586382752856,-161.26632221607895,1369.835682436036
775.6463158927147,-179.96348280153634,1379.1454555267187
773.3250582201895,-198.42125630521633,1382.8260634928024
772.2483699401499,-217.34193710552285,1389.537760372132
774.4227124725262,-236.99573420569163,1402.7446477798446
775.3595768305702,-255.9097040307752,1414.2194843799884
775.76180101928,-275.1879243432072,1425.6943209801323
775.7524246237458,-295.8432662583,1438.0351829840604
775.8599061538763,-315.68504343395495,1450.809057689881
777.1178384910249,-336.89295792437855,1467.047034010839
777.8088553814803,-358.31763159960644,1483.2850103317974
776.8094517878285,-379.66230552702115,1497.5744294942406
776.8971827669596,-401.2012064211187,1514.4619248680372
777.2688974827101,-424.22082811433484,1533.7309901022409
778.0993798587392,-447.5399375345682,1554.7321061440136
778.0350134552167,-471.25275432907614,1575.5167158348402
776.8984429129886,-494.6410914990521,1595.2187937709361
778.4912969209458,-520.785648077348,1622.2820876391997
778.2857677369384,-547.8132220366026,1648.479356103679
778.3588131549819,-574.6423304838999,1675.7591563228889
778.7625066311055,-602.3032527436965,1705.2040200515598
777.967808762075,-630.6887810401698,1734.6488837802308
777.7561093455686,-659.1476954185943,1765.8257983164706
775.6333276608019,-689.2449358876935,1797.2192192036564
777.0714368925528,-721.8624332868022,1837.0563877777406
768.8458443306089,-747.7515079593974,1857.6244911176211
743.3955215805643,-757.7237943300714,1838.5719322343634
710.1172818223815,-757.7702132290448,1798.7347636602792
678.235596125837,-757.8162548717402,1761.4956712975484
649.3752918120001,-759.4815948290515,1730.7517694632008
619.746172806303,-759.7992703944508,1698.2758168212843
591.3785129262903,-760.3433546425516,1668.3979403907213
565.4362267897695,-761.5340592736139,1642.8501909790803
538.9258652971147,-763.4455852998011,1618.601479673116
513.2762426064082,-762.7567694887063,1592.4042112086368
488.66149742845744,-763.3646452095994,1569.8875507102412
464.3434877372878,-763.80471392953,1548.2369156156303
440.10414182982913,-764.2066866818358,1527.4523059248038
417.9908934247038,-764.8619180211665,1509.6987851472227
396.415729526861,-765.5808807753015,1493.2443024753184
373.87579181773435,-766.5589722374019,1477.2228325053063
351.93803750292216,-765.0582548953978,1458.603286323941
330.85792780958354,-764.3387974128673,1442.5818163539288
310.28109415490553,-764.9679029933442,1429.8079416481082
289.7342166218202,-765.3703184364676,1417.46707964418
270.6320325654967,-766.898862594976,1408.5903192553897
251.35196970144008,-766.4633572142938,1397.1154826552458
231.71791154912586,-766.8820477050635,1387.5892032136169
213.16498335132744,-767.8349142216888,1380.2279872814493
194.0186260341739,-766.5783294953042,1369.6191760850897
176.15843103093678,-767.8009310210026,1364.4230236623832
157.10808860950968,-768.9901261514782,1359.4433775906227
139.57153979916222,-769.4438155434682,1354.4637315188622
121.27553574984161,-771.1469607367902,1352.0821616584549
103.75243414515145,-771.8076152182977,1348.8345663942632
85.51865508414141,-771.1475703505779,1343.8549203225027
68.3660093293125,-769.3433754789758,1337.7927424960117
49.26031321876193,-757.9008322607841,1315.4925883485623
31.55145761658407,-750.8373695563299,1301.6361818880114
14.70563565301054,-748.8556231210664,1297.3060548690892
-2.2367110764586693,-745.6216451717053,1291.4603833935441
-19.18415680646563,-756.2567144347379,1310.2964359258558
-37.65879446516553,-762.3203904523546,1321.9877788769456
-54.722765888974045,-758.7792705348903,1317.6576518580234
-71.75421392563238,-762.6318461642645,1326.7509185977601
-90.73902378745497,-772.0610857873226,1346.452996533856
-115.3777200889811,-697.648727750627,1224.7764273021423
-200.34289472172904,-775.5409238296313,1387.3726968626709
-219.89197781305447,-777.2435786762493,1399.0640398137607
-238.55405268039365,-777.9980889756476,1409.456344659174
-258.1527799601895,-776.4600470718541,1417.2505732932339
-277.8499065852333,-776.5384677596963,1428.5089035424317
-297.76135277597814,-778.2311605769968,1443.2313354067671
-318.7751871691585,-780.4046258481992,1460.1188307805637
-340.1966446707544,-781.8156007523514,1476.789819803414
-361.26942867765257,-780.8518044596698,1490.213213562073
-382.79758349901374,-779.4492611403999,1504.069620022624
-404.60073573142506,-780.3455930839806,1522.4726598530433
-429.15595561605386,-783.2607684445018,1546.9378775099538
-453.3749999999996,-785.2685348815398,1570.5370697630797
-477.31087642528536,-785.6175212825423,1592.1877048576905
-501.8222066403092,-785.8101638103509,1614.9208717070321
-527.2789419095931,-785.876935686307,1639.1695830129963
-554.2139525620145,-786.4676791900534,1666.4493832322062
-581.9181636088897,-788.2140022621122,1696.9767787156077
-612.126667956045,-790.1273266866737,1731.1847821650929
-639.7202991338426,-788.6686179100236,1758.897595086195
-669.2485495888563,-788.3659648273838,1791.1570413771653
-702.04886516427,-791.3449984340335,1832.2932480569261
-732.576795433509,-789.4683266555855,1865.418719751681
-765.1524531773597,-788.8870156091226,1903.5238375181964
-846.1146901619244,-796.815532976228,2013.0760510969278
-884.8681240493074,-797.1758921602303,2062.872511814533
-911.6840988618862,-784.6912574429449,2083.4406151544135
-918.6138791677016,-754.3062585087486,2058.758891146557
-918.6280239218895,-719.7301950490642,2021.30329243288
-919.8776925889824,-688.0781882730837,1989.693365194748
-921.0731594973269,-655.4803466570235,1958.0834379566159
-917.5011909562197,-622.5095397613743,1920.4113328919927
-1275.372823793121,-710.1367634688128,2528.361166348669
-1035.3589664643216,-513.0419676419573,2001.3847081458377
-1043.5743572132922,-487.3198369314177,1994.8895176174547
-300.7040849287041,-106.85419473371485,552.740713965418
-313.6110798212007,-64.25034037559995,554.4727647729869
-311.8639222823458,-56.130736710566495,548.843599648388
-310.5741309277252,-49.537452482825124,544.7299789804119
-308.8469317398421,-41.51762733930367,539.7503329086514
-308.99016222882125,-34.18106596943253,538.4512948029748
-310.01325023590107,-27.719076069965936,539.100813855813
-311.8197196707952,-20.6085522156856,541.2658773652742
-315.45322018894717,-13.686795549856111,546.895042489873
-315.05187177452905,-6.78849883005584,545.8125107351425
-313.12470891322386,0.4269578536589207,542.3484091200047
-317.7683295605653,8.234339881734396,550.5756504559569
-324.4880089641463,15.85237091050095,562.7000061089391
-330.4556453199529,22.926599751674054,573.7418300071906
-335.8013501632841,31.225241848789917,584.1341348526039
-341.06468194103536,38.67098695999789,594.5264396980172
-346.2349598291034,46.735887892915066,605.1352508943766
-350.78488166529564,56.14738903158799,615.3110493888437
-356.3982156470837,64.84885799746026,627.4354050418258
-438.5006229072819,162.45105212009446,809.9502588893963
-431.61953866970947,171.6532080636628,804.5376001157435
-379.64353862101086,184.26823812941015,730.9254407940663
-369.71264745534427,190.1594615357339,720.1001232467607
-360.1576960523143,196.18600765418702,710.3573374541859
-182.42672159379904,117.9748013286673,376.2880379443386
-177.75809397081818,121.38625345508346,372.8239363292009
-176.1904155261322,124.51907475053314,373.6899617329853
-174.62404665347023,130.91793166089448,378.0200887519075
-241.35982747314273,208.77308089678314,552.740713965418
-235.0902467705095,212.83994338089107,549.2766123502803
-229.01204568123453,217.9185594617772,547.5445615427113
-224.45106198222632,222.25826508827691,547.1115488408192
-220.6408649170389,228.48030408256412,550.1426377540647
-218.0852244056303,236.05237876570078,556.637828282448
-215.15045627457604,244.25505350932193,563.7825378636696
-231.97793861643294,315.8357985097168,678.7474102160538
-223.96602576529617,320.04235645910785,676.5823467065927
-219.02355227850143,327.21208114509847,681.9950054802455
-216.59115256482042,338.9591939019248,696.717437344581
-248.14048434954475,500.7669773974451,967.9998950800564
-237.0192440564507,506.12562034726966,967.9998950800564
-223.59982654113813,507.41833586378493,960.4221727969425
-210.0076228057161,507.78642002666044,951.7619187590982
-196.28494768404886,508.0242218021402,943.3181710721999
-182.47502772179644,508.23504823844013,935.3074360871938
-170.01593329293146,508.584943668738,928.8122455588106
-157.32553182461595,509.12124554088456,922.9665740832655
-143.97165576114776,509.42129221538585,916.9043962567745
-131.11313757541797,509.2679655938801,910.8422184302834
-119.3696249585984,508.8101642678176,905.2130533056845
-21.404167807079386,292.3424827586411,507.7073929686272
-15.077736555109203,290.73429017811895,504.24329135348944
-8.051747123682226,289.38800833527335,501.42870879119
-1.571470304710812,288.12071446892077,499.0471389307828
6.2417839805139375,286.05690999823895,495.5830373156451
12.120927186817596,284.74213443769054,493.63448015713004
18.57448870136075,283.39193419976334,491.9024293495612
25.334543475158437,281.61271883014314,489.7373658401001
37.808399200010584,278.9494128868756,487.572302330639
49.687326697637616,276.06415842271554,485.8402515230701
27.53131684680138,82.13353284548904,150.038901205654
29.10837434795616,80.65832283663754,148.52335674903125
30.836277720653843,79.7456831203715,148.090344047139
38.67676895467493,79.74019167412811,153.50300282079175
43.91589101683074,76.69116729583558,153.06999011889954
43.868732329336574,67.79451912814942,139.86310271118685
39.90154263369724,31.156981889317215,87.68507213317442
41.44355001779999,31.407517602034535,90.06664199358163
43.09296583961377,31.705619299201203,92.66471820493494
45.044757731751275,31.558989224749148,95.26279441628826
54.22996879763694,11.20272775744028,95.91231346912659
640.724900218357,151.4240498242483,1140.3389504331597
635.3436691296308,134.86538509527915,1124.966999515986
634.9821102452349,119.47901612211318,1119.1213280404409
633.9844825102655,105.0265040891615,1113.0591502139498
0.03489949670250097,-8.547911385714284e-18,0.9993908270190958
815.2089496772825,115.93068933552475,981.3029316354108
985.1133863880058,-623.81617207324,1389.604619817826
984.5659151577829,-655.9258117542422,1409.904797560479
983.2193309484387,-687.2594918512948,1429.6304419707926
981.5969674841945,-720.9722334946769,1451.4627085996835
1001.502032910066,-806.0380405062431,1532.088886237956
1000.6807978253701,-842.931355364964,1559.2834639686798
998.5811872653148,-880.0773930813705,1586.2865305886237
999.5506616044516,-921.9551293095128,1620.567019418198
995.856763411504,-961.6876977421942,1649.8682193674988
994.796224008551,-1004.6108694583032,1684.914752640192
999.3978097492272,-1054.2965909755376,1731.2604414488903
999.6621219651507,-1103.5618472829042,1774.5419524851125
996.8272974669214,-1151.1494576348828,1814.759285748859
983.1207112950943,-1303.9052671160525,1946.1359077437637
936.2629848140821,-1301.2996061843999,1910.514841138731
894.6810776809959,-1306.343048454382,1886.9589745128226
850.3974836762105,-1304.8182090721305,1856.1256856772836
812.8767579627364,-1310.3975707721465,1837.7406190424283
774.4268995874146,-1316.3572273031025,1820.1215968506917
734.1746130283558,-1315.1663113642876,1795.0336413385453
697.5649735688115,-1320.6044714883242,1779.9042635869455
663.1162695244608,-1327.2850224338233,1768.222085829381
627.7651040257654,-1331.0524784445395,1753.8587525209002
592.2871698188125,-1334.2137358499444,1739.686930323199
556.0072366660942,-1334.08058051264,1722.4509303530222
521.9438230275971,-1335.7021793734975,1709.04515259844
488.184617374541,-1339.003430436049,1698.512041505554
455.534810078105,-1343.1655648484823,1690.277063742025
423.21864151475575,-1346.1171335580525,1681.6590637569366
390.12988764632763,-1348.0485665675012,1672.4665304395087
358.0352913317068,-1349.44536675839,1663.8485304544201
324.9768955263981,-1352.0018130446235,1657.1456415771293
294.6260823175583,-1356.9654596062296,1654.8475082477723
262.4861340686989,-1360.274058101753,1651.0172860321773
231.3902628951582,-1364.4405019794249,1649.2936860351597
200.28694441450844,-1368.2149887259268,1647.9531082597014
170.3126229004249,-1371.6207383151084,1647.1870638165824
139.51921853930452,-1374.2866490595707,1646.2295082626838
107.95371137623111,-1376.481015283181,1645.4634638195648
77.14837494167769,-1378.5507308324848,1645.4634638195648
45.557120400173076,-1380.1167757721992,1645.6549749303445
13.947574566261167,-1382.2443872318713,1647.3785749273623
-17.00059639998706,-1385.2636801147237,1651.0172860321773
-48.839255113571326,-1387.7227799910506,1654.8475082477723
-79.40273115654175,-1391.6215034416089,1661.1673749035037
-111.82197456734951,-1396.4857414378898,1669.5938637778127
-144.47243716459394,-1400.2716530893354,1677.6373304305619
-176.3866946228544,-1404.8707047888768,1687.4043970803289
-209.58456521024326,-1407.614414063066,1696.0223970654174
-242.69748537537475,-1410.1120422831293,1705.214930382845
-276.5380897740077,-1416.4771167812899,1719.9612859128854
-311.2295502955335,-1424.0687551671656,1737.1972858830625
-346.1060417775555,-1427.9045477455895,1750.986085859204
-381.1486933798117,-1430.2643264533015,1764.0088413922267
-416.81954567131027,-1431.4960795577438,1776.8400858144696
-450.78737661855325,-1433.8040713094708,1791.2034191229504
-489.4043473953699,-1440.4480377441118,1813.0356857518411
-528.164759571621,-1446.2102705252755,1834.867952380732
-566.7589501068668,-1451.5557826387683,1857.0832412311825
-606.3024623953434,-1455.8766290973579,1879.4900411924125
-646.9773723856482,-1459.5575651181305,1902.6628855967617
-690.9890732635745,-1467.1800657255221,1932.7301299891815
-734.1913773522095,-1473.566301277786,1962.0313299384825
-778.8599971211415,-1479.3901420126494,1992.4815965524617
-824.7744127018892,-1485.065802411294,2024.4639520526791
-866.3737255945499,-1480.0254236623489,2043.8065742414333
-911.300286518751,-1479.8502636017784,2071.1926630829366
-964.2676376512698,-1488.393908220168,2113.51661856526
-1017.4559958094691,-1497.8438485764711,2157.947196266161
-1072.0469385214558,-1504.6896403036762,2201.8032406347224
-1185.1270794701368,-1512.6375891951486,2290.0898627041847
-1193.787281814549,-1455.4432036112096,2243.361151673927
-914.4539216291408,-922.4690610331049,1547.9843084326749
-925.6350066092871,-891.4393887884438,1531.5143529056168
-1074.738994994332,-948.2393769303072,1708.0875970445413
-1124.6904913903174,-947.3918979298433,1752.518174745442
-1148.849699058476,-924.1116119182842,1757.1144414041557
-933.3747309614807,-680.4726170278697,1376.5818642848035
-968.5430771835386,-673.4683955758924,1405.8830642341045
-1009.8341654628491,-669.5834042288246,1443.9937752792734
-1052.771790450708,-665.0525950391154,1484.01959743224
-1096.5268587205496,-658.0460904418431,1524.0454195852067
-1185.032008158417,-641.3292427215724,1605.8206638881577
-1188.1106744078347,-608.2322809317036,1590.691286136558
-1186.0815254358254,-574.0926595047073,1570.391108393905
-1190.0098869310143,-540.3603442620596,1557.559863971662
-1189.8347569887928,-508.8887473852113,1542.2389751092826
-1188.4810821759745,-476.03537546375867,1525.7690195822245
-1183.8720669847824,-442.99964813677786,1506.4263973934703
-1183.4676646411567,-412.92334513751445,1493.786664082007
-1257.4989163346577,-376.2213649788857,1564.2627528489531
-319.91163976980914,-53.08652318504282,386.4694215535244
-320.4923434944794,-43.88418205804053,385.5118659996257
-316.7137373598039,-36.61001951831465,379.9580437870131
-315.37307259682126,-29.32567263247522,377.4683993468764
-314.1028434333723,-21.017557979319385,375.1702660175195
-312.6892503381121,-14.763143244083192,373.0636437989423
-313.88731707686037,-8.4764087773559,374.21271046362074
-314.64285014646794,-1.0296699949485708,374.9787549067397
-315.7033679096391,6.4580058947218415,376.31933268219797
-316.9023401113409,14.09602366818418,378.04293267921565
-315.5458886558839,21.114116438642522,376.8938660145372
-315.2081569164402,27.577140381089098,377.08537712531694
-315.7856889665777,36.24096432815201,378.8089771223346
-313.758410840243,43.31084877386127,377.4683993468764
-313.06994120930824,50.1106538563645,377.8514215684359
-312.26496855845147,56.73056885015431,378.2344437899954
-310.34058695502097,63.31579647228684,377.4683993468764
-307.97001783419637,71.18894875729183,376.70235490375745
-305.57184048493207,78.3154089556688,375.9363104606385
-303.3559082342626,84.1280389389251,375.1702660175195
-300.6543908611618,90.57612590177425,374.21271046362074
-297.58829385996245,98.67006865067903,373.6381771312815
-295.66778288852277,105.24622129296472,374.021199352841
-294.4110940115018,112.36947056814796,375.553288239079
-294.46678384701977,119.25263159268896,378.6174660115549
-295.77138243286095,126.97787787726227,383.59675489182825
-297.09961181044906,135.1026577955417,388.9590659936611
-298.7952303093521,144.72483481447762,395.6619548709522
-321.3113655309837,192.22948626281192,446.2208881168047
-314.6714485242873,197.22565394733698,442.58217701198953
-307.6562541719767,202.78970321076196,439.13497701795416
-296.0664136304099,206.70688086990882,430.3254659220859
-282.95036995737837,208.18053563140836,418.6432881645215
-270.62784589417936,209.30647081382452,407.72715485007603
-259.7185663372517,209.3794233143543,397.5770659787496
-247.3293349651489,211.4726152156625,387.8099993289826
-237.4290387370423,211.33258247590362,378.8089771223346
-226.65896832331634,212.63766006474685,370.3824882480259
-217.3188252761506,212.86076091298958,362.53053270605636
-208.06450190052752,213.46768615296193,355.2531104964261
-198.00854667141516,215.02647920205067,348.3587105083553
-189.11760786799755,215.88471388740516,342.0388438526237
-182.0906517957197,215.5705668790053,336.29351052923136
-173.92717848501903,216.466805376214,330.9311994273985
-166.22468175910035,216.99557560733464,325.7603994363454
-157.61813774651958,218.1915769770507,320.78111055607206
-151.01573188069528,217.94199310589187,315.99333278657843
-142.3979781420672,219.27365745900426,311.5885772386443
-135.92455745073707,219.38414073872067,307.5668439122697
-130.30199559648227,219.97252281403328,304.6941772505735
-124.7992831098237,221.85069894134972,303.3535994751153
-117.11992504079677,223.64339073433064,300.86395503497863
-111.50822676037457,223.80372521115035,297.99128837328243
-106.01456019579861,224.14895484766308,295.5016439331458
-99.63516655762851,224.77333413495126,293.0119994930091
-92.49045875122258,225.55008036913026,290.5223550528724
-87.65521845830692,225.40502032763214,288.2242217235155
-81.55863831195217,225.80336084795528,286.1175995049383
-76.44993069115814,226.2271982835192,284.5855106187003
-69.68893113010606,227.05607968845078,283.05342173246237
-64.30685331083785,227.30292072418183,281.5213328462244
-59.525383575142165,227.60518681799965,280.37226618154597
-54.048716158230825,228.14188187729835,279.41471062764725
-48.238380697377686,228.78383238611548,278.6486661845282
-43.021787375370664,229.33142490625116,278.074132852189
-37.94039059874238,229.41227484094122,277.1165772982903
-32.943934361220606,229.8582153924405,276.7335550767308
-25.70244505099233,230.61847765852303,276.54204396595105
0.25294787056505125,154.59021318707383,184.23368857011423
3.685395271273665,151.81384650629826,180.97799968685857
9.438679514756569,149.63281454107275,178.67986635750162
10.299170655037573,148.44848873947197,177.33928858204342
13.387892033466018,148.36320975001502,177.53079969282317
20.255738648595287,148.23124813265034,178.29684413594214
58.156235662164285,238.22763066148394,292.2459550498901
64.70640231350633,238.3646455644243,294.3525772684673
71.00307185853742,238.7456998518536,296.842221708604
76.62153067393223,239.3655938355274,299.52337725952043
82.34803949467717,240.00624056924173,302.3960439212166
87.65295064399325,241.02899924495637,305.6517328044722
94.12787115221342,241.85414546529537,309.2904439092874
102.07358968337523,241.75237511749168,312.73764390332275
108.04303147680203,242.490629388163,316.3763550081379
135.2015559554234,245.4865113938974,333.99537719987444
143.78738569114893,245.78557139634142,339.35768830170724
150.95027003741205,246.17773387995163,344.1454660712009
159.25748159087408,246.2629301232676,349.50777717303373
166.28528159122618,247.98415879526647,355.8276438287653
792.5837280450501,1012.1831250837711,1532.088886237956
830.8091271638503,1013.4705297009401,1561.7731084088164
871.9548373755033,1015.8685351535055,1595.4790639060514
914.9583994645906,1018.9548992008473,1632.0576860649826
960.556937356301,1023.3365507660891,1672.6580415502885
1011.1721246640302,1029.5376904123254,1719.7697748021055
1062.8396044278502,1034.8077516823455,1767.8390636078216
1177.2105211537928,1048.9714963426266,1879.107018970853
934.2058885242293,753.5567742389362,1430.3964864139116
898.2600732612618,658.2549500733204,1327.1719977036294
896.9343988640362,625.8555697590657,1303.424619966941
890.9283492717943,592.1415306924468,1274.8894644607592
884.4752147874807,558.0623002649415,1246.3543089545772
879.5148817585895,527.4870036720396,1222.2239089963293
873.7722073292697,497.50698757482627,1198.2850201488613
867.6839030304167,468.0546322156531,1174.9206646337325
866.3942122594304,441.44990044085785,1158.833731328234
862.7789769803447,414.7059940627416,1140.831686914938
859.0228335350592,388.9358622599291,1123.7871980555408
858.3388672102295,365.72528914921094,1111.9135091871965
853.5068398076266,340.78453631738574,1095.2520425493587
849.7097959163468,317.16535270957405,1080.888709240878
848.777698016027,295.10857804905356,1070.9301314803313
844.3806882987417,272.3207220464341,1057.3328426149694
840.8971901967784,249.33455592369313,1045.2676426358455
840.2775377787984,228.59365902757708,1037.7987093154354
837.6924842910179,207.88987219462638,1028.6061759980078
835.2289800142676,186.83929388157142,1019.9881760129192
831.6801361245085,166.3747874040024,1010.7956426954914
827.6373976319028,145.23674258552896,1001.411598267284
0.03489949670250097,-8.547911385714284e-18,0.9993908270190958
981.6107979894545,126.50915813889492,830.4815917150089
976.6047888809926,103.45317834964791,824.0537156181434
976.7431151627316,81.6975274978848,822.4467465939271
1185.442491061071,-5.1725014662658015,994.7138259899197
1188.4500284463738,-32.742326663452545,997.6063702335091
1190.273601527051,-59.77598334713279,1000.0168237698336
1188.6394085709176,-86.37575510218662,1000.0168237698336
1187.1734462110699,-113.00492584449444,1000.6596113795201
1188.4191826693107,-140.98732123594934,1004.1949432327962
1188.8078510803273,-167.7372994461205,1007.4088812812288
1187.3816603997861,-196.03750553116473,1009.8193348175533
1186.653735691666,-223.28222879116078,1013.1939697684077
1188.0591542685777,-250.49868767776775,1018.8183613531648
1188.0517003800564,-278.7233743843718,1023.9606622306572
1188.2154399425153,-307.6391391426587,1029.9064476202577
1190.1617583648842,-337.76359783652197,1038.101989643761
1190.181620720111,-366.7162160049652,1045.0119564478914
1187.754638058749,-395.61709853399367,1050.4756511302269
1187.6265387749409,-425.30494497861395,1058.5104962513087
1189.690999724755,-455.5632049507403,1068.955794908715
1190.9957330402865,-487.628416115594,1079.8831842733862
1191.8005169032922,-520.1430644863302,1091.1319674429005
1192.0124700476229,-551.8920066013864,1102.2200537099934
1190.9069940325278,-584.4667347597682,1113.1474430746646
1191.4767901193286,-617.3555906868467,1126.0031952683953
1193.7897244830108,-654.9354701332533,1142.5549762178237
1183.0124404475944,-683.4427741575232,1146.411701875943
1170.871288611471,-711.8134359870763,1149.7863368267972
1172.3709065202547,-749.582296415941,1167.6236929955987
1172.3777453490707,-787.9907976225733,1185.3003522619786
1172.151375635579,-826.4789194781968,1203.4591022356233
1168.3170415892166,-863.5234097780053,1219.0467017705218
1191.8010131603023,-966.7169243621479,1287.66427910456
1191.348886895012,-1011.3431454176989,1311.2867237605403
1188.4805461782348,-1056.6902884157782,1334.4270777092556
1189.5184080667282,-1106.215329625237,1363.0311263403066
1189.6505635707094,-1156.3797463183835,1392.1172656786225
1186.402274635538,-1206.6333326087895,1419.9178297975654
1187.3782779524427,-1263.6005250287496,1454.949754525482
1186.2408332301065,-1321.0719846489492,1489.8209823509767
1192.9112317551821,-1454.3751397070694,1578.3649755852973
1186.8447310954396,-1513.9792813644367,1614.2003848253219
1155.3687107568956,-1547.2263444875564,1620.3068671173442
1103.2810790015917,-1549.422783018589,1596.0416348516771
1054.920250776535,-1554.8204880881424,1576.5973096586595
1007.6143482355343,-1559.9588103830158,1558.277862782593
961.6988527606894,-1566.4717798838112,1542.3688694428513
916.4475039822972,-1571.4584886632856,1526.4598761031093
868.0154347435263,-1570.9893308000376,1506.0513694955616
823.6973174179547,-1572.8703800139526,1489.8209823509767
782.4426139207136,-1581.1977863925351,1480.3398651081002
740.0538156694873,-1584.7932434960935,1467.644809816791
696.145934349118,-1586.8052152909033,1453.9855731109521
656.2567394541887,-1591.705355363094,1444.6651527704971
614.6200553258542,-1595.9343517802452,1435.0233386251991
575.5227218981033,-1598.849464447602,1425.863615187166
536.1504808384589,-1602.3848798492777,1417.8287700660842
496.73122022527264,-1609.0276369510368,1413.007862993435
457.76712259725184,-1608.0025222181812,1402.8839581408722
417.773486171326,-1608.171333048414,1394.2063254101038
379.94849531304226,-1615.5582389697272,1392.5993563858876
342.05854937338086,-1617.935253492837,1387.6177524108168
304.62707883609204,-1618.9683480443637,1382.3147546309028
268.0629743700667,-1626.3930154860507,1383.1182391430111
230.57854166189884,-1630.9686567588496,1382.1540577284813
193.1783959738581,-1632.1560265582857,1379.1008165824703
157.00776383613672,-1635.2621424272147,1378.4580289727837
119.14663053144379,-1639.6080159364865,1379.4222103873135
82.66625625669619,-1646.0701614561788,1382.9575422405894
45.90842723968365,-1649.9957239865803,1385.0466019720707
8.10531967846675,-1651.1889036555453,1385.5286926793356
-28.85767499746936,-1653.2550933578625,1387.4570555083951
-66.93501222510993,-1657.5182849004138,1391.956568776201
-103.85186964177757,-1660.7962093839872,1396.295385141585
-142.38836178886464,-1664.0877468248414,1401.4376860190775
-180.9003674496158,-1672.863934884609,1411.8829846764836
-220.3586150139157,-1680.8736365043649,1422.4889802363116
-259.5416384835361,-1683.2159835361108,1429.0775532355985
-300.26452291273057,-1686.7411038131977,1437.5944890639453
-341.0865387835312,-1693.0304172597623,1449.164666038303
-380.28555765078414,-1695.65143537858,1458.1636925739144
-423.60133448355236,-1700.948122592838,1470.8587478652237
-464.4427484664586,-1703.556276725645,1481.6254403274731
-506.20711854325106,-1703.8066443974606,1491.427951375193
-548.6421612077348,-1715.5688030395788,1511.3543672754756
-595.0438535203722,-1723.5508517354872,1529.9952079563852
-638.1531980073498,-1723.9962573403857,1542.5295663452728
-686.03632671676,-1731.9019766147287,1563.0987698552422
-735.3450276577091,-1740.2758717603597,1585.2749423894277
-782.8574728660612,-1744.2262811944195,1604.2371768751807
-835.1947791134864,-1751.0222681422417,1627.8596215311609
-885.9136364055504,-1756.4285493096484,1650.678581675033
-940.4852132555493,-1764.150268664971,1677.5149643794462
-994.7127167614289,-1769.390084098164,1703.2264687669076
-1044.1805310502116,-1764.953683324731,1720.742431130866
-1101.0421617554696,-1767.3937672984557,1747.2574200304357
-1160.5266238285665,-1773.259477941108,1778.2719221978111
-1223.311285251269,-1783.052288322223,1814.428725242679
-1292.668664076835,-1795.6300478522896,1856.5313136771474
-1361.8527906073316,-1803.143943486967,1896.0627516728696
-1410.7415981092993,-1783.5070693097427,1908.115019354492
-1092.481369001539,-1140.5980714465009,1325.2673542712225
-1095.4580304573094,-1094.2637223923268,1299.2344560789177
-1101.9456624156298,-1051.4334970138773,1278.022464959262
-1350.2523200407811,-1127.9854965179723,1476.3224425475594
-1100.2427910136967,-831.4469477959939,1157.1783943381924
-1118.8048934721228,-807.2786456404926,1157.6604850454573
-1163.275614218996,-801.3669074094881,1185.3003522619786
-1211.2756394810283,-794.1471080991478,1215.3506730148242
-1261.9306175519184,-788.5417671442035,1248.6149318161026
-1317.7726222048732,-783.0195110471868,1286.2180069827652
-1419.0786514692047,-758.513342000322,1350.175374146576
-1417.5468326727519,-717.8992163076191,1333.3021993923044
-1415.6369926941552,-677.1207355016974,1316.7504184428758
-1419.7727553574623,-637.6989047492866,1305.9837259806263
-1418.995548791468,-598.221889178143,1292.1637923723658
-1416.8795117513657,-560.3566277997861,1278.5045556665268
-1410.6963120166981,-521.3076559444559,1261.9527747170985
-1413.0788950394135,-486.13107772680956,1253.9179295960166
-1516.186570276954,-446.4176971899958,1326.2315356857523
-379.84341323202636,-61.223595365147986,322.8400769650644
-380.26018794865155,-50.4842532360098,321.8758955505346
-376.53491588220453,-41.44512359796532,317.85847298999374
-374.1772507467033,-32.11942295284091,315.12662564882595
-372.5275419598792,-23.29465921646046,313.1982628197663
-370.5860815602159,-16.58517451281264,311.2698999907067
-371.07090441780304,-7.59060032826685,311.4305968931283
-373.06314439711946,0.6104236873479362,313.0375659173447
-373.911040424149,9.076971646318071,313.8410504294528
-376.26359661386545,18.17608465084651,316.0908070633557
-380.4641077959241,27.9604006785687,320.1082296238966
-379.0500186503289,35.66391341188802,319.46544201421005
-377.3243482511814,44.659279609896764,318.8226544045235
-379.8781623854107,53.28275618082163,321.8758955505346
-383.7254915543853,61.20530144459361,326.05401501349706
-361.214046269052,120.31310874798537,319.46544201421005
-357.241134308561,127.71303756016557,318.34056369725863
-353.5675156908234,136.49682021629084,318.01916989241533
-351.8243639100915,144.49547900123684,319.1440482093668
-351.01938900826417,154.2237643784839,321.71519864811296
-351.9611730008572,163.30494420989743,325.5719243062322
-353.7326342304478,174.68154579475205,331.03561898856776
-376.5059116801915,238.41973912104987,373.94169193514426
-365.29712508371904,245.09369450898816,369.1207848624952
-349.4339210763433,246.5270593546376,358.8361831075106
-334.81693229830717,247.46900775868468,349.3550658646341
-320.0415250079241,249.20160264906627,340.35603932902256
-306.0673400299847,251.0433227487238,332.16049730551924
-292.6229500636332,251.8620988659825,323.96495528201586
-280.70485243152,251.50302594756684,316.2515039657774
-268.1067589014664,253.03782665408013,309.34153716164707
-256.5118238137443,254.28304659672878,303.0743579672033
-245.6337874350091,255.0563003109882,297.1285725776028
-234.70081840160157,256.13099832958284,291.5041809928456
-223.69925080511632,257.4783299944824,286.20118321293165
-213.93433090129034,258.229171011014,281.3802761402826
-204.87163083651924,258.42575329853116,276.7200659700552
-196.17790454670808,258.86505589165125,272.5419465070927
-185.6514709826813,260.42395753116654,268.3638270441302
-177.87138175526763,260.0179080161027,264.3464044835893
-168.32198523334256,261.5290515297669,260.971769532735
-160.90242535247654,261.4472953979352,257.59713458188065
-146.27218286869035,265.75901646667995,254.5438934358696
-139.90828539876216,265.9219108332388,252.13343989954507
-131.72528780065304,267.2961961947904,250.0443801680638
-123.40106117646606,267.86970464735737,247.47322972931767
-116.75202624340182,267.9116694193861,245.22347309541476
-110.0073043745304,268.4757446028389,243.45580716877677
-101.3124925759465,269.6268184564895,241.6881412421388
-96.54581430092749,269.13311532651454,239.92047531550082
-89.41664819524733,270.17323309246194,238.79559699854937
-82.73893287298748,270.89104999687976,237.67071868159792
-76.29824595486514,271.38283488532227,236.5458403646465
-68.15248535273977,271.76551336081855,235.09956824285177
-63.10829446033742,271.9980483730421,234.2960837307436
-57.22582227621637,272.5134721010624,233.65329612105705
-48.817064219703965,273.366507027181,233.01050851137052
-42.75334956109624,273.7987372411093,232.5284178041056
-37.24299790992224,274.2160090368313,232.20702399926233
-30.823511644609294,275.20429395787363,232.36772090168398
-0.15025577825375444,183.659093773911,154.10832942234782
8.033558046794228,180.60790790211115,151.6978758860233
12.742040936284551,178.03295580161006,149.76951305696366
13.383478650877194,176.8335538691308,148.80533164243386
18.942167592547545,176.51736211055598,148.9660285448555
23.104356641666246,176.98667086211515,149.76951305696366
71.05650813817422,283.6734817808716,245.3841699978364
79.15185665525229,283.908536671182,247.31253282689602
86.21353737352963,285.0472475066883,249.8836832656422
92.01535851033552,285.84420684127923,251.97274299712342
100.26185386333005,286.10280054783357,254.38319653344794
107.72264424835171,286.44912846784206,256.79365006977247
113.9906508303446,287.31216782526076,259.3648005085186
121.79555259959264,288.46212042736187,262.73943545937294
129.54626930905013,289.47722818523675,266.11407041022727
137.46156752145154,289.4119079494752,268.84591775139506
153.14872969368335,288.60022298366005,274.14891553130906
163.51501730143582,291.23143907860896,280.2553978233312
171.19934718106322,293.0092560556006,284.75491109113693
180.31583347825173,294.24869707751867,289.575818163786
189.61596778769123,294.96780653176864,294.2360283340134
199.61884321226518,295.94710552616834,299.5390261139273
949.7462890532186,1206.0998782730464,1288.1463698118248
995.358916018482,1207.4669190192103,1313.0543896871782
1041.9645617958363,1209.2594005796545,1339.4086816843264
1094.4085278487978,1212.8006954965877,1370.7445776565453
1148.7260088987055,1217.1350472934612,1404.3302302626669
1207.537662496518,1223.4486579503684,1442.4153961365944
1268.9178816073256,1230.0696442506814,1482.9110155468463
1113.358612610071,894.0640631870275,1198.1561044557093
1070.917421177296,781.6423933537128,1112.504655464978
1066.4822930504893,742.001156950426,1090.1677860283708
1060.0125217037898,700.3605138872966,1066.0632506651255
1050.4614611507957,660.3912223341796,1041.155230789772
1046.080495966345,624.2853007766699,1022.1929963040192
1041.9399536226488,589.8764197001215,1004.677033940061
1037.169836330712,557.2914556308468,987.964556088211
1034.8090100654329,525.8404586031637,973.9839255775288
1028.4512652648555,493.3031579400838,957.1107508232571
1024.1224182392184,462.6780078773777,942.9694234101532
1020.1723305938553,433.03746253095085,929.9529743140008
1014.1635793035821,403.32843231641147,915.8116469008969
1012.4666724182424,375.71602833259783,906.1698327555989
1011.2983542825242,349.4523599292237,897.8135938296739
1006.2628882237414,321.50232798064434,886.4041137577378
1001.5474410702474,295.7807993544248,876.2802089051747
1001.256118282427,270.0424663162906,870.1737266131527
998.5561277085063,245.21116160929273,862.7816691017574
995.6234120181836,220.7243964467837,855.7110053952056
991.8029108963827,197.00070639693521,848.4796447862319
986.9529206836633,172.91657026428746,840.7661934699935
0.03489949670250097,-8.547911385714284e-18,0.9993908270190958
1109.413721222716,142.05767372009734,645.7500000000001
1332.0391305887385,-637.1346047582074,852.5000000000002
1330.9913741333123,-674.0642653766157,861.3750000000002
1327.2293919645049,-710.3498701207251,869.1250000000002
1326.6482793934354,-749.1493607134943,879.6250000000002
1330.6826943862393,-789.7089582472639,893.3750000000002
1330.7893251633175,-831.5694631426537,906.0000000000002
1325.6183024595653,-870.1476117212642,915.5000000000002
1321.8767464805453,-910.6253645786545,926.7500000000002
1321.9037081585418,-957.1184743054002,942.2500000000002
1321.631096871447,-1003.2862222628074,958.0000000000002
1320.6648124187625,-1051.0923856821125,974.5000000000002
1322.1165831667026,-1101.4238468980063,993.5000000000002
1310.7332394833936,-1143.803215937238,1004.3750000000002
1338.3768165419374,-1276.3297710400198,1067.7500000000002
1336.0810606476448,-1331.715884208664,1089.1250000000002
1328.8957336853373,-1386.6677416987493,1108.8750000000002
1330.9670193471525,-1450.9060896247408,1136.7500000000002
1344.7366739270412,-1604.3710448866366,1208.6250000000002
1344.4202989523824,-1680.7393407782738,1242.6250000000002
1345.3589336771968,-1760.2532875839079,1279.1250000000002
1344.5710413158333,-1842.1781679183082,1316.7500000000002
1340.1838944248125,-1928.4963510464163,1355.8750000000002
1335.7686317692537,-2117.0651501267726,1445.2500000000002
1297.8310107842608,-2681.332637760877,1719.8750000000005
1225.1132263686984,-2686.3240226099824,1704.6250000000005
1152.0005239827947,-2687.4137827320837,1688.1250000000005
1085.5591606285147,-2697.4369309171093,1678.7500000000005
1011.8561234738341,-2692.8914724257834,1660.8750000000005
935.8517750244242,-2670.5053159811596,1633.7500000000005
867.0018676063635,-2665.8834392311824,1618.5000000000005
800.7330211692763,-2668.4533683032805,1608.5000000000005
731.665057427325,-2660.8274899436583,1593.2500000000005
664.6573191987138,-2647.333884290113,1575.8750000000005
600.6309693413793,-2651.0481154711306,1569.3750000000005
538.754508971265,-2655.4756637819396,1564.3750000000005
470.4479760123991,-2622.0241611903266,1538.0000000000005
403.0969387805872,-2586.1185500322135,1511.1250000000002
343.27404082485054,-2574.861767240288,1499.7500000000002
283.18575284591446,-2559.943911374836,1487.0000000000002
224.22806998155826,-2554.9135915197494,1480.7500000000002
168.64789684439512,-2573.0696792722038,1488.7500000000002
110.7395863478248,-2584.87986790789,1493.7500000000002
51.17085520514913,-2570.070541921481,1484.1250000000002
-6.977686952289056,-2558.6625411305795,1477.2500000000002
-64.98443989533673,-2561.745063930345,1479.5000000000002
-122.32401880152635,-2546.64265935059,1472.0000000000002
-179.91507486795257,-2543.005822390161,1471.8750000000002
-238.04941251701763,-2544.9649633541717,1475.7500000000002
-294.7708456404207,-2537.930543855649,1475.1250000000002
-353.180210593181,-2538.1143569282603,1479.5000000000002
-410.291595128412,-2527.974778126155,1478.6250000000002
-467.7967918201494,-2520.169876900717,1479.8750000000002
-528.8833140500682,-2521.9997279181885,1487.7500000000002
-587.2580644300841,-2521.72198361295,1494.8750000000002
-646.0665835385819,-2515.124183243202,1499.2500000000002
-706.5342448909526,-2515.682319505261,1508.6250000000002
-766.7329058314488,-2517.6896951600816,1519.5000000000002
-825.8277874205171,-2504.401568344049,1522.5000000000002
-883.1553472647928,-2493.953765128296,1527.5000000000002
-954.9848995512548,-2516.4959450849665,1554.0000000000005
-1027.4016616849697,-2532.959015152429,1578.1250000000005
-1091.3364621237827,-2526.843786883974,1589.1250000000005
-1161.4906402326599,-2528.530451201236,1606.5000000000005
-1232.8040022596765,-2532.8800235872845,1626.3750000000005
-1303.1043914419886,-2533.527233301352,1644.8750000000005
-1367.4499703251167,-2516.892482041662,1653.7500000000005
-1437.195989430033,-2508.216634975182,1669.0000000000005
-1513.0470598347508,-2508.8254910865,1691.5000000000005
-1320.1161484946217,-1973.3626230330108,1370.7500000000002
-1382.147811861176,-1967.0534883849402,1388.0000000000002
-1444.511276009314,-1962.198731266011,1406.7500000000002
-1510.7724530716441,-1957.7989637702553,1427.7500000000002
-1573.343585764771,-1946.1709220949353,1444.8750000000002
-1458.4705704347543,-1499.6145446999778,1207.7500000000002
-1464.9294938895946,-1440.367704722435,1186.1250000000002
-1463.2790733138963,-1312.493104925365,1134.8750000000002
-1341.448397711044,-1045.699859557451,982.0000000000002
-1256.4859470148908,-764.8004657779,849.2500000000002
-1614.2635619863056,-706.6178771572968,1017.3750000000002
-1608.07473871086,-662.4927785229048,1004.1250000000002
-1604.6122811038347,-617.9620658509286,992.7500000000002
-1609.583848238478,-577.8996516392895,987.3750000000002
-1608.549888176462,-537.2378934164,979.1250000000002
-400.7026050819896,-87.11549678735149,236.75000000000006
-396.3748933815729,-74.69431552498948,232.87500000000006
-393.1213207869751,-64.4641539361541,230.00000000000006
-390.3761515212073,-55.18951167107161,227.62500000000006
-388.9163053748384,-48.07592862946531,226.25000000000006
-388.35847988039285,-37.287780907296224,225.25000000000006
-387.815085652892,-28.287971649449158,224.50000000000006
-387.9020314712726,-19.904810485403555,224.25000000000006
-389.3100031254952,-12.000764201787593,224.87500000000006
-391.86738785585527,-2.671672702382069,226.25000000000006
-396.36827898658163,6.594261764243451,228.87500000000006
-403.1132388022853,13.856896381645933,232.87500000000006
-413.34457555820865,22.56683089413149,239.00000000000006
-1282.7899211760596,292.47297311737776,759.6250000000001
-746.4680148463437,252.03035469236357,454.8750000000001
-735.4537945782158,268.36489345758963,452.0000000000001
-728.6004938077807,282.879847149029,451.2500000000001
-508.9331607662565,261.5912073206354,330.37500000000006
-498.5060538739682,270.66670325513684,327.50000000000006
-565.7920956240508,409.894469838695,403.3750000000001
-553.6103273246367,419.7849477464724,401.1250000000001
-534.4033158357825,425.79789339981573,394.5000000000001
-511.726166349197,428.91383828637873,385.5000000000001
-493.0262475025696,433.0864996147247,378.87500000000006
-475.9256381725088,437.5402546396047,373.25000000000006
-459.39683749951223,441.21959747437177,367.75000000000006
-442.3621614180506,445.26693120032,362.37500000000006
-425.648045890088,450.0118475162066,357.62500000000006
-409.4447657943435,453.4894389769348,352.75000000000006
-394.6971307803675,455.5504087954981,348.00000000000006
-378.45320885452054,459.35562539574573,343.62500000000006
-363.29810102800644,462.65528383932286,339.62500000000006
-348.33595323181413,466.47841382113637,336.12500000000006
-334.2983057792656,469.4809157496315,332.75000000000006
-320.4264990081305,472.26857690660773,329.50000000000006
-306.87200670317804,474.23846151167936,326.12500000000006
-293.71011667463193,476.66136288037234,323.25000000000006
-280.46352574981086,480.31657018989586,321.12500000000006
-267.9740156322633,483.43792137245447,319.12500000000006
-253.72584461551668,486.43075897206853,316.75000000000006
-240.56575613419633,488.49057191575605,314.37500000000006
-228.17097514219728,491.06127721258855,312.62500000000006
-215.60128672436886,493.6386179816126,311.00000000000006
-203.74064963781126,496.0772818424188,309.62500000000006
-115.87776322099427,390.41470370094817,235.12500000000006
-106.68096488738803,396.8398407805041,237.25000000000006
-101.15375025437247,408.5522228668888,243.00000000000006
-72.96881470642485,515.1222902916737,300.37500000000006
-62.873042602976284,523.8665406273284,304.62500000000006
-50.509170736674356,532.1625649615853,308.62500000000006
-39.040834953267876,537.2511639877123,311.00000000000006
-28.316336206678276,540.3078816552932,312.37500000000006
-14.50429898906746,542.5875940213116,313.37500000000006
-3.866926438860784,545.3657889480385,314.87500000000006
8.66702529340115,547.909029445184,316.37500000000006
22.374425548362083,550.3375192383132,318.00000000000006
397.0616684767847,818.0568631986604,525.0000000000001
419.01134613570065,816.2932557050486,529.7500000000001
441.8008879778836,815.2859297552935,535.3750000000001
465.15903995963265,815.9241723615208,542.2500000000001
489.07853626841444,813.9633731695457,548.2500000000001
512.1582043698925,812.2123463550694,554.3750000000001
534.7151244445411,806.9098664443625,558.8750000000001
556.3029993818107,799.5773225609897,562.3750000000001
1457.3935883232816,1781.7763408223238,1329.0000000000002
1512.3341153657536,1764.8600710469605,1341.8750000000002
1573.195818763173,1755.8583976793425,1361.1250000000002
1651.9603164850625,1760.8904317868762,1394.0000000000002
1726.7294755074897,1759.0507710946347,1423.1250000000002
1800.0459162083218,1754.4840800194634,1451.2500000000002
1884.9196145770895,1755.7949009159797,1487.2500000000002
1265.319855433108,838.4897645897286,876.3750000000002
1221.12051134813,727.8436537230241,820.7500000000002
1212.7852223103341,686.5975359849999,804.6250000000002
1206.604231208684,646.2131356830348,790.2500000000002
1198.3801677286826,608.1373368488189,775.8750000000002
1190.3563858194912,568.5680228554528,761.6250000000001
1181.4526038214692,532.2055916640395,748.1250000000001
1173.3226389337553,497.2908328790388,735.7500000000001
1170.9234486361722,464.9316609018717,727.3750000000001
1166.1584540233687,432.02599471539537,718.0000000000001
1157.4218627258363,399.2385609623087,706.8750000000001
1153.3757731544245,368.8517626031268,699.1250000000001
1150.2845083834195,338.34263295232904,692.2500000000001
1142.221312004159,307.0590680610121,682.8750000000001
1135.8981407542908,278.6092269307412,675.2500000000001
1132.6801978916435,250.4610884032628,669.7500000000001
1127.134935358873,221.96514364545763,663.2500000000001
1121.6306028038614,194.62137178081568,657.2500000000001
0.03489949670250097,-8.547911385714284e-18,0.9993908270190958
1210.8714041742965,181.64117792136767,445.6522467533465
1205.7080142704353,152.04910874839345,442.3175503559212
1202.8322192055293,123.43871731627048,440.09441942430436
1198.4216477097611,96.94902998816927,437.61477338519325
1460.0048452258502,-11.148544269684658,531.413797692258
1460.082981789658,-44.21102549855379,531.6703127997522
1459.7507708448381,-75.3048113626501,532.0123329430778
1459.8659629042997,-110.48856124970118,532.867383301392
1461.3168516095052,-142.72011002765035,534.4064739463576
1458.782387281718,-176.69352686519366,534.8339991255147
1456.4410625824707,-208.74128290252702,535.518039412166
1456.7062330285912,-243.7690217001717,537.57016027212
1457.4286762036343,-277.1132794138374,539.9643012753996
1458.968914301794,-312.1932602256612,543.0424825653307
1457.4717170751173,-346.54677485717104,545.2656134969475
1456.4041268345504,-380.89208555501517,547.9162696077215
1458.0248540474176,-417.6516252256038,552.0205113276295
1459.46027572924,-452.30184900809996,556.1247530475375
1457.003987883922,-489.7168224771199,559.4594494449627
1456.3609369301694,-525.1298935888217,563.4781861290394
1456.8781370044826,-563.3496018838761,568.522983243093
1456.1886880669176,-599.918938335202,573.225760213821
1445.118709613862,-634.9268853783456,574.5083357512922
1439.3491963961349,-672.1355414943088,578.1850522920431
1444.3386495792738,-712.7587359970412,586.2225256601963
1445.7448299478438,-754.1110863387997,593.4904537058668
1441.0650971862738,-793.6657792982153,598.7917659274146
1440.6112030675974,-836.4583544339099,606.3162090805794
1444.361233840125,-882.9399361389178,616.1492882011923
1445.0659873002894,-927.827179861653,625.0418119276598
1442.39346590976,-972.9066773940007,633.2502953674758
1435.9583283218458,-1018.9508771534913,640.8602435564719
1436.378029891116,-1068.3294776617556,651.5483730353991
1435.2413664055623,-1119.4437108495579,662.4930176218205
1430.4134308124083,-1168.046454090797,672.1550866707706
1427.5611641031765,-1221.273695376127,683.7837715438434
1420.7241444977587,-1270.8318376308923,693.7878607361192
1448.8612436698434,-1419.1393975786839,738.1649743326248
1443.845054151481,-1478.9173688270614,752.2733052448086
1449.851703762628,-1553.0764563914813,773.3075440593373
1463.8926067811522,-1715.8922209302361,820.9338490174366
1458.3664562144868,-1789.927119909517,840.3434921511683
1454.9911102460414,-1868.5978294123174,861.9762662165168
1457.6472893650914,-2055.379446573506,917.1270143277809
1420.0156076698738,-2873.577815731307,1166.6307088838564
1357.7917846655228,-2911.7938788262427,1169.3668700304618
1279.1308913905862,-2915.669645325217,1158.8497506231975
1204.1409704996265,-2925.086942646876,1151.3253074700326
1124.7514136813154,-2920.5513272028365,1139.0980873461401
1047.161321024116,-2914.0868787798427,1127.0418772939101
969.4039155182144,-2902.5029302913385,1113.7885967400405
892.8955457320817,-2892.295775856091,1101.7323866878107
821.1526891135937,-2893.457242347667,1094.7209737496346
748.2953651772258,-2886.9468854658544,1085.4864298798414
675.9556297892046,-2877.7152412264372,1075.9098658667226
605.2691754422332,-2862.92021817461,1065.0507263161328
529.7963738131679,-2828.3822871704806,1047.3511838990294
458.46159042094126,-2795.83326471453,1031.1907321268916
391.5224333522968,-2785.8268679091216,1023.922804081221
330.9321719160771,-2783.0265869944387,1020.0750774688073
267.3657435833601,-2784.658974699328,1018.193966680516
202.46142303858645,-2786.124715833807,1016.740381071382
139.03532576299824,-2783.6582787252037,1014.4317451039337
76.64104310941477,-2781.844149310699,1012.8926544589682
12.912453633041414,-2785.2189966892847,1013.7477048172824
-49.95482379670652,-2775.1675053684394,1010.2419983481943
-112.2365275142248,-2760.650635994661,1005.6247264132977
-173.64129020105983,-2752.7616477184556,1003.9146256966694
-236.64895807125922,-2748.062091266517,1003.9146256966694
-298.9761380601828,-2750.7247758226677,1007.0783120224319
-361.83077396297335,-2748.3775894397786,1008.959422810723
-426.5533499849377,-2746.4490438275147,1011.610078921497
-489.5071853718554,-2745.475606872564,1015.0302803547537
-552.9083367475796,-2744.4373366614764,1018.9635120029989
-616.5837243940022,-2738.78363702812,1021.7851781854356
-683.0270590622653,-2736.2927615677513,1026.4879551561635
-748.3786800004541,-2736.1980525505433,1032.4733076643627
-809.8131504311007,-2731.1481164701304,1036.834064491765
-875.2516040007341,-2721.499036698203,1040.510781032516
-939.9321843329442,-2710.536655123258,1044.187497573267
-1008.0880332694246,-2707.502620190179,1051.5409306547688
-1085.1806576402862,-2728.6712558863296,1068.812947892715
-1161.3240905448654,-2740.062266353672,1083.177793912393
-1232.1863045542536,-2731.373027835219,1090.6167320297266
-1307.042380134017,-2732.596193448123,1102.5019320102936
-1385.6386204671924,-2737.901470762366,1116.8667780299716
-1464.3130452832495,-2737.7408959214613,1130.0345535480099
-1534.0492975420773,-2720.0701891847275,1136.618441307029
-1606.9617140209868,-2706.0957560956263,1145.5109650334964
-1695.7997014596037,-2712.2006906826,1164.2365678805768
-1479.7340673478086,-2138.003838072277,946.3697365821256
-1685.8671756208105,-2115.8700469767455,984.6759926346006
-1579.4562380243176,-1644.5262288228134,829.9118777797354
-1579.232613931707,-1570.642640416132,810.6732447176665
-1575.6556912448073,-1498.5113940579172,791.4346116555977
-1583.352579972525,-1437.42836447047,778.3523411733909
-1454.7388845157277,-1203.197402296057,687.1184679412687
-1450.580793372953,-1142.9043983903914,672.1550866707706
-1445.8935049897766,-1088.9408230745305,658.8163010810696
-1432.3647652722696,-1026.4180753465887,641.3732737714605
-1381.5702427901886,-811.7783992558566,583.2298494060967
-1744.3795800412515,-777.7881125327891,695.1559413094219
-1747.9028485359615,-732.9564944837471,689.8546290878741
-1744.365747282817,-685.475928455776,682.1591758630465
-1744.6572769910001,-640.3967875856891,676.4303384623415
-1749.5895894813123,-597.6327953144448,672.9246319932535
-438.4549268502764,-96.45070901477669,163.40012347383828
-431.0955620142829,-85.75023880712502,159.97992204058158
-426.9611980305651,-73.24548398603683,157.67128607313333
-424.3438815581505,-62.82720537269484,156.13219542816782
-421.8513766725303,-55.18671687279246,154.84961989069657
-420.7788350509836,-44.22563767401587,153.9945695323824
-420.68788379858904,-35.187511865835724,153.65254938905673
-420.78080677577907,-23.778547386545164,153.39603428156246
-421.3664572387104,-16.440447161233305,153.4815393173939
-423.50590645506895,-7.161268254936978,154.16557960404523
-428.0248319342675,2.101078856252718,155.79017528484215
-434.8854837631583,12.930840095286305,158.35532635978467
-444.37831843419605,22.438337265318054,161.9465378647042
-1397.6865569994654,309.85964973456913,521.0676883566565
-1385.6086967587044,341.8610469737425,519.4430926758595
-800.4749602638458,287.15346594348273,309.5282297097303
-793.8009064430237,304.46327130973856,309.44272467389885
-542.4367313616162,289.3681538137929,223.76667877081883
-540.4888639635308,305.59933956418956,225.98980970243568
-616.342121906574,439.3790135335328,275.4972254488262
-600.0395951915602,449.3465214094841,272.8465693380523
-579.2397449473166,455.6121424940044,268.2292974031558
-561.9995774923802,463.5341659708561,265.15111611322476
-541.3802873380794,468.2868384007833,260.53384417832825
-522.7157017885446,472.7243327045074,256.5151074942516
-503.6836780169964,477.7169765013412,252.66738088183786
-485.27425104200785,481.8456033283313,248.9051593052555
-466.47418162437214,486.4878902834954,245.31394780033597
-449.8476678413099,489.8487439281508,242.0647564387421
-432.0096688620084,494.7860006971961,239.07208018464252
-415.419643026335,497.82868526466524,235.9938988947115
-399.2051658666091,500.7475041640254,233.0867276764433
-382.39298895982455,504.2979957264893,230.35056652983795
-367.44210932241623,506.902557096926,227.87092049072686
-353.08797179847863,510.16155912078835,225.81879963077284
-337.50785126907397,513.8676739235596,223.76667877081883
-322.9604732969017,516.2180698208431,221.6290528750334
-307.23374596249283,520.2807701841416,219.91895215840506
-294.79951755168423,523.3850798115699,218.6363766209338
-280.5668834211059,526.629717368563,217.1827910117997
-265.70117430989103,529.2944482006079,215.55819533100276
-251.7982471430816,531.6322590207614,214.10460972186868
-237.72805714647043,534.7306765502615,212.99304425606027
-225.9784852368888,537.2534395004661,212.1379938977461
-127.74473077948967,422.77759224037266,160.74946736306435
-119.57819952969565,427.11155077467225,161.4335076497157
-113.22218975074459,439.279992847182,165.11022419046662
-105.07654483386727,454.57091235846184,169.81300116119456
-81.6458096151168,556.6855556987177,204.7845608162442
-70.82299790953506,564.0853761740485,206.92218671202963
-58.38422695720387,573.537420394841,209.82935793029782
-46.55918090764378,581.4530866774436,212.30900396940893
-34.94275673316177,584.3847496158245,213.07854929189168
-19.712158947846763,587.4471003676163,213.93359965020585
-7.739898564226904,591.2509233885412,215.2161751876771
6.1688704904900655,595.2633113111576,216.6697607968112
18.251174666295523,597.3657599454687,217.52481115512538
445.5792764993441,888.2276609142401,361.68630156689477
470.2569849777864,887.9266611480125,365.70503825097137
496.1391508131415,884.7878949294424,369.2107447200595
520.6950068891374,882.3132740332022,372.8874612608104
547.1218686796482,882.5247129073298,377.93225837486403
568.0328099732299,869.4934501420306,378.01776341069547
588.3876708387767,860.1233642209269,379.3003389481667
622.9102561193981,867.7699143323863,388.791397925454
1491.9028078935753,1944.2855930599455,891.9885337933443
1554.2188959241623,1933.2743635577756,902.8476733439343
1622.1663043731048,1927.8778264433788,917.0415092919495
1690.2289541210068,1918.875612817453,930.7223150249763
1765.7085843620662,1915.3656938573495,948.1653423345854
1842.303984770335,1911.930961924097,966.3779149666773
1922.2594945947762,1908.6779979316345,985.9585681720718
2003.6482801456777,1901.3912220174568,1005.3682113058035
2094.8954477308507,1899.743408067612,1029.3096213386004
1375.8632307477708,929.1236970733244,604.2640882206254
1382.444618680017,887.0878233560459,597.8512105332691
1315.2928950118373,760.341516373594,552.9610667217751
1305.6126416661057,716.7469082451211,542.1019271711851
1300.6079537819005,675.2514605954971,533.3804135163805
1295.0254744099548,634.6892076104024,524.9154149690702
1286.668718313217,594.8650879219151,515.9373862067714
1276.5379841933413,555.4684999882779,506.70284233697834
1268.0459732094625,517.5606572904993,498.49435889716233
1263.721847753729,483.1213608660078,492.4235013531317
1257.0188223714556,446.29140363373955,485.4975934507869
1251.849534669582,412.798068994645,479.76875605008195
1249.3940121302744,380.11602369935616,475.32249418684825
1242.5914186544842,348.9842031642846,469.7646668578061
1236.863834925129,315.91931087980396,464.6343647079211
1231.4112186518569,285.70889480009396,460.102597808856
1225.029563291105,253.41271749517932,455.3143158022966
1219.4687335698818,224.29569348032277,451.29557911822
1215.133472881783,195.51663134951866,447.96088272079476
0.03489949670250097,-8.547911385714284e-18,0.9993908270190958
1266.0695746893132,172.6561818528359,225.30851052284223
1260.1122140364553,142.87548836722524,223.61544079058964
1257.8739120549053,113.85295009554818,222.70378785783825
1528.4134485910654,5.001739169211507,269.501971739076
1529.8418465413247,-30.459598030184132,269.8058560499931
1531.958313391655,-65.2125306517416,270.37021262741064
1529.8442732335343,-99.85230613822351,270.32680058299394
1531.1898042136775,-133.9617495751761,271.0213932936616
1531.7271523795937,-168.59690422067567,271.71598600432935
1528.140006653571,-204.15190808402795,271.84622213757956
1527.458298170389,-238.08412189759107,272.584226892664
1527.5876268271932,-274.512352740335,273.66952800308235
1529.2712848379906,-310.26524226297926,275.14553751325127
1527.9113500015305,-347.0453067746162,276.27425066808627
1526.5297640791873,-381.4910882293578,277.4463758673381
1525.4541338269528,-417.6747584220795,278.87897333309024
1526.3387515505951,-455.7466170313237,280.87592737625994
1528.5520968046692,-493.43268867727124,283.2201777747635
1525.0161829257881,-532.5594922985277,284.8264234181826
1524.0243882416569,-570.7569865447485,286.95361359460253
1528.9385597766588,-611.918753064927,290.3831651035244
1516.5849266005896,-645.7054273925577,290.6436373700248
1505.2854238117893,-683.0257506585336,291.4684662139427
1513.1312715382612,-727.3063262469718,296.0267308776996
1512.9686531276989,-770.3763898844808,299.369458297788
1509.25529044771,-809.8916003205186,302.01759300720875
1505.0524147522472,-853.6863074342284,305.09984816079674
1507.8166551035833,-899.8425815958408,309.61470078013696
1510.6256307816802,-948.5324301483827,314.52026179922774
1510.4793876420715,-995.623077939073,318.99170237415115
1507.7112978701998,-1047.1550832372611,323.68020317115827
1502.1305486482079,-1094.4942221129782,327.7175233019144
1499.1200640107932,-1143.833511523539,332.492848187755
1502.2130127794267,-1200.2744363565935,339.04806689468165
1503.1740383145218,-1257.8240107497495,345.60328560160826
1509.1271720918103,-1321.2863677913797,353.67792586312055
1516.7895198487165,-1389.1207530998154,362.6642190573842
1518.2013822507029,-1454.949357426133,370.78227136331316
1513.28696019407,-1516.592046793053,377.77161051440714
1523.6170962914578,-1670.036450688956,398.6093918344388
1519.381413257459,-1741.1244295007161,407.4654488954522
1533.0803002240386,-1925.1898533171425,433.9467959896591
1528.937429467787,-2012.9324861190446,445.7114600265936
1524.004680078788,-2102.431511685457,457.8668324632788
1516.8566274528166,-2418.6627097227183,503.40606705643125
1458.3119894056001,-3040.3267980645346,594.5713603315697
1378.2542545892925,-3050.720060445502,590.2735679343132
1300.6407513077068,-3059.477023584649,586.1928357591404
1218.7262921785218,-3062.037790063393,581.1136265623826
1137.3509351719551,-3057.2237049650084,575.1661764772903
1054.1640892164098,-3042.634063982269,567.7861289264457
973.6596344526477,-3033.1630526775134,561.7084427081031
897.5812593119348,-3036.263750495568,558.2788911991813
825.2627019941443,-3036.816714385253,554.8927517346762
749.9897385915124,-3032.6957888947404,550.85543160392
673.9805430195563,-3024.512690001199,546.3839910289965
592.5180077567613,-2978.789180191295,535.5309799248134
517.1117272602761,-2942.068799280773,526.7183349082167
445.621795974285,-2927.0980493658185,522.0732461556263
377.7887569295671,-2912.5434552673228,517.8622778472032
311.88807876711616,-2913.8977868043476,516.7335646923682
246.02374509615646,-2922.1729521859293,517.080861047702
179.0255312122678,-2927.04156185257,517.080861047702
112.07945361275817,-2913.3682597222605,514.0854299829475
46.02737663406745,-2909.742893987237,513.1303650057794
-19.858523715796085,-2912.747436556635,513.6078974943634
-85.74808384154495,-2910.5674876638923,513.4342493166965
-151.99398277914034,-2900.2179611209585,512.0884759397778
-216.63590047445223,-2883.268490352344,509.8310496301077
-282.1968402151387,-2881.3022920936714,510.4822302963587
-347.6136526745131,-2883.0714808194884,512.0450638953611
-414.1214785901009,-2878.2519014175737,512.7396566060288
-477.0893066674229,-2855.7572309242496,510.5256423407754
-541.4272087224027,-2851.779255536952,511.8280036732774
-612.1631250304223,-2864.6321332699567,516.5165044702845
-679.0752723213949,-2862.924274549762,518.8173428243714
-748.5850495429906,-2862.3392209696785,521.6825377558757
-818.214237984286,-2865.2445930445933,525.4159735757147
-884.6909668534825,-2862.9489551977463,528.3679925960525
-952.0686894514583,-2850.5993391766597,529.9308261950549
-1021.5606257987567,-2845.282011535789,533.0564933930597
-1103.9983762190598,-2868.99624482402,542.0427865873232
-1181.7167185782405,-2877.2992463809237,548.4677691609998
-1256.1115389940344,-2873.8438666737093,553.0260338247566
-1338.25187523491,-2882.1935762269422,560.3192572867678
-1417.817275913832,-2880.988504296034,566.1798832830266
-1494.3923181820549,-2874.5277370583217,571.2590924797844
-1571.0534111356656,-2858.104788197147,575.0793523884568
-1647.2776512664611,-2844.205243651303,579.5507929633802
-1728.9126392864553,-2836.9348253523126,585.8021273593897
-1510.0516413161054,-2234.797590079099,475.5789465853057
-1584.7413403624214,-2234.5904958496694,483.0458182249837
-1657.8114129995395,-2230.211306341913,489.9917453316609
-1731.315069668483,-2223.4717163765304,496.8942603939214
-1653.3497278339207,-1685.216540537284,416.2780939120489
-1655.3542167222743,-1611.695093133454,407.37862480661875
-1660.1658392835816,-1543.0588095566802,399.6512809004403
-1522.8066712390898,-1174.440025476234,339.09147893909835
-1441.3013588249028,-867.6268951894875,296.6344994995339
-1829.4447296466117,-791.3160557025004,351.46391159786714
-1828.6101660241638,-741.7084571477736,347.9475360001118
-1835.1109559893746,-697.551426574398,346.1676421790258
-1835.5220027183286,-649.9924314513027,343.34585929193815
-1836.1285901493334,-603.2445124682738,340.78454867135093
-452.0935979117011,-94.55021421233121,81.44099532579037
-448.2015407499955,-82.43727176766416,80.35569421537205
-444.94472299223787,-70.84552057855139,79.44404128262066
-441.81012108950046,-61.8466523937123,78.66262448311947
-440.54568425259254,-50.31554408153705,78.18509199453541
-440.02299318107174,-41.037563429273185,77.92461972803503
-440.06820078202156,-31.49623059322845,77.79438359478482
-440.4165306297741,-21.636276736238756,77.75097155036809
-441.53492237013086,-11.561998847241297,77.88120768361829
-444.3939036578537,-0.7271384734185788,78.35874017220235
-449.95792341897754,9.449827074588978,79.35721719378719
-458.0646932362531,18.247637408830325,80.83322670395611
-1606.0349482584752,297.2079834386402,287.9955026606041
-1460.1088320637302,340.869487575226,264.37935049790156
-859.2907875852828,274.54454681186945,159.06173074290825
-845.5554659155198,292.43834465339717,157.7593694104063
-835.4710282138665,308.22153486906956,157.02136465532183
-826.410795849744,327.0949064988537,156.7174803444047
-573.3078194616297,297.25389316037416,113.86979250508962
-565.7854283151091,309.798583635603,113.73955637183943
-569.2897450782559,328.6795875678244,115.91015859267605
-642.7896732076528,468.6228977674694,140.26431551046304
-621.8500861523413,477.70144400577055,138.26736146729334
-600.2582406109672,483.64502990934125,135.92311106878978
-577.6570215756009,488.2120395951123,133.36180044820256
-556.3331780709981,493.2849461104269,131.10437413853245
-537.265940663993,498.5488940063649,129.23765622861296
-518.444376668589,502.2979022108675,127.28411422986
-499.02464514481835,506.15186821971855,125.33057223110703
-479.43403854338203,511.32725918996647,123.59409045443772
-461.3785649823901,515.5143407250212,121.98784481101862
-444.13452752850003,519.1540647583769,120.46842325643297
-426.2356347458895,522.5583287260738,118.9055896574306
-408.74178628756454,526.4129646749494,117.51640423609516
-393.34835131060987,530.3688553696974,116.43110312567684
-376.53587548987736,534.0209339038687,115.21556588200833
-361.53291319279697,535.9945859323461,114.00002863833981
-344.6601522203285,539.7079824115586,112.9147275279215
-330.2454147539676,542.8914379189497,112.04648663958685
-315.9031184359168,546.8158172373088,111.35189392891913
-300.8347722972784,550.4834305396333,110.61388917383468
-285.0927673592122,553.5418129927856,109.78906032991675
-270.5081803758098,556.1629182422927,109.0510555748323
-257.12681563723766,558.9534858294546,108.48669899741478
-242.2194312242513,562.0896415554917,107.92234241999725
-228.11236903150493,565.0415227340704,107.44480993141319
-127.974447203063,445.8410212250032,81.78829168112422
-121.15247823232725,454.62589977826786,82.960416880376
-114.5688760219103,468.7580098221516,85.0876070567959
-106.5030787390066,484.7819866701831,87.51868154413293
-79.98015002435993,587.68302870557,104.57961499990884
-67.16341857732861,596.7186479346437,105.88197633241082
-54.795893525518174,605.3977951001093,107.1843376649128
-42.71218327621495,610.8126781286624,107.96575446441399
-28.357100250530106,614.8512745881145,108.5301110418315
-13.823347641190603,618.0585014478294,109.00764353041556
-0.6778570496311194,621.4133224369987,109.57200010783309
14.295788935103037,623.9581663012618,110.04953259641715
27.33120728405507,625.9875637895723,110.48365304058447
52.04963656405499,542.1056775837242,96.02744224981252
456.37041755609056,931.182237566944,182.85153108327773
480.4811298255519,929.7949971318396,184.5446008155303
507.82339422211913,928.6403022441692,186.62837894753346
534.6143123094638,927.1466018620073,188.71215707953664
560.3330825910123,925.6755966108254,190.79593521153978
589.0615648542853,924.6414423860301,193.31383378771028
611.8039899186141,915.089052562182,194.09525058721147
636.2467263110874,905.4974668580727,195.13713965321304
1672.5368310209099,2026.696244488198,463.33675005978705
1743.0212689670293,2018.4191560392117,470.2392651220476
1815.1669810716526,2008.2244334672475,477.31542836197497
1897.2938968368458,2008.0864412223145,487.12655040015653
1975.7838371743064,2000.7259350433237,495.80895928350304
2053.6430997450793,1987.513920922308,503.9270115894321
2150.6971724978357,1988.0840166931894,516.429680381451
1439.7714004994946,946.765063242168,303.8408988727115
1385.3514594132187,820.6209459926489,283.91477048543123
1374.382170725237,772.6478379171948,278.0107324447556
1368.2300832651179,727.9795247838622,273.2788196033317
1360.8250736932066,684.9817789234179,268.63373085074136
1353.6144576448974,644.28213866025,264.3359384534848
1344.8758544203695,602.7367824676076,259.86449787856134
1337.0046993179817,561.5102475027469,255.69694161455504
1330.8140599162525,523.8024079294285,252.1805660167997
1322.6218482926442,485.074519251363,248.40371815254395
1314.8421788228789,449.5302336018742,245.0175786880388
1311.3012760143642,415.4183126324207,242.54309215628507
1305.0811114386497,380.01034281709536,239.6778972247807
1296.2690389948975,346.5765870571247,236.59564207119269
1292.1617146490048,312.83063131110254,234.42503985035606
1288.6546983489966,282.00310595859764,232.6017339848533
1281.069849630733,249.37733025828774,230.12724745309953
1275.2825684324248,218.0596303333042,228.13029340992983
0.03489949670250097,-8.547911385714284e-18,0.9993908270190958
1290.042274139522,190.28118912002404,7.984697130440743e-14
1429.900386861945,-1015.825222984771,1.0740152428522288e-13
1514.5910379040527,-1180.0059270616925,1.1756609271814592e-13
1516.1114457182482,-1236.6480235548524,1.1980107312658982e-13
1499.6120943329415,-1282.9130198615842,1.2084202290586508e-13
1458.4749894890087,-1306.7493131947826,1.1990822972151523e-13
1478.333871332371,-1516.7244195540088,1.296900960297047e-13
1502.808141467897,-1685.603972597895,1.3827793170872553e-13
1466.2825102150628,-1725.3531994166917,1.3864532574846973e-13
1429.5567985537116,-1758.4812828713486,1.3876779042838447e-13
1436.4313459538212,-1940.1188077953611,1.4781486865708553e-13
774.882518770791,-2182.5244745714617,1.418140993412635e-13
437.7163808019647,-1903.059886729167,1.195714518517497e-13
388.97949604862333,-1896.0103379606765,1.185151939874851e-13
346.69267233663777,-1902.4177389438107,1.1840803739255972e-13
240.49858960397356,-1796.473400414963,1.1098361617272889e-13
197.75388453516777,-1769.9871189224093,1.090547974640718e-13
155.95198563974816,-1749.563153525765,1.075546051351163e-13
115.66887437316356,-1742.9160260899678,1.0695758982053196e-13
31.214272266888283,-1634.9520579230598,1.0013018391528547e-13
-4.803397969729348,-1601.242795414844,9.804828435673497e-14
-40.96122670229735,-1580.7193743378498,9.682363755758762e-14
-76.69045710809371,-1578.6382814909032,9.677771330261958e-14
-114.01114506987034,-1574.8785536668715,9.668586479268354e-14
-150.01687768948722,-1585.1671832675245,9.749719329711866e-14
-214.24431126593242,-1515.4305081692748,9.37160963047512e-14
-276.41656090532615,-1464.6447128424259,9.12668027064565e-14
-308.9740821412117,-1461.445886464838,9.146580781131794e-14
-345.46080768362464,-1465.3283182804385,9.218528780581702e-14
-379.8747262483456,-1465.568556007444,9.270576269545463e-14
-419.8221550621737,-1477.7731289406206,9.406818225950607e-14
-1328.123027532203,-2759.250674773623,1.875087330344491e-13
-1399.993203571828,-2747.6413689658793,1.8882522834353253e-13
-1478.9668502270808,-2748.8941969325388,1.9113674917692315e-13
-1567.4581277388938,-2761.6797909579022,1.94443295534621e-13
-1422.4866895284931,-1766.45283495322,1.3887494702330986e-13
-1425.4945938570158,-1689.460095084942,1.353540874757612e-13
-1401.8228216084838,-1511.514150386171,1.2623046882211342e-13
-1418.9087348275334,-1462.9224183907118,1.247915088331153e-13
-1415.9105935966297,-1393.6903362802082,1.216533514103002e-13
-920.6122244184962,-317.2730602355461,5.962499103348676e-14
-506.3011232680974,-111.80976065381238,3.174896826789513e-14
-495.7821957965943,-97.35284706215556,3.093763976346001e-14
-486.4808359295398,-84.4124325753986,3.023346785395028e-14
-476.59345518919844,-70.29751752957938,2.949867977446187e-14
-468.4974529362197,-57.39456936221946,2.890166445987753e-14
-463.68072469568915,-46.4347450265481,2.853427042013333e-14
-458.04222292999947,-33.284899178826414,2.81209521254211e-14
-452.2046427968918,-22.215389551738376,2.7722941915698207e-14
-447.56293959320675,-12.941313792949526,2.741678021591137e-14
-444.4967603947009,-1.6970558670289964,2.7217775111049925e-14
-441.93268125912493,7.713963645279477,2.7064694261156506e-14
-440.4054624770665,17.423866401035397,2.6988153836209796e-14
-439.76660563211374,29.42609506558657,2.6988153836209796e-14
-440.4316354569841,37.20180759971537,2.7064694261156506e-14
-441.79164816604725,48.9937711421311,2.7217775111049925e-14
-445.19064129919764,58.36345517195795,2.749332064085808e-14
-450.74898627038453,70.635783256227,2.7937255105548994e-14
-577.8188847182819,193.16029344283183,3.730580311902625e-14
-572.570423384813,204.51677257607975,3.7229262694079536e-14
-1042.0134988170641,432.61522255119536,6.908538755690006e-14
-944.1020966647877,582.8048396102695,6.793728118269942e-14
-103.81233372563763,639.6303615108001,3.9678556292374245e-14
-90.69244868557963,650.4578712348814,4.021433926700121e-14
12.47902797399693,653.6308869391227,4.0030642247129105e-14
29.07272215701731,653.6037326441617,4.006125841710779e-14
42.93519508124442,652.3385865663133,4.0030642247129105e-14
136.8630721157758,805.7084224401729,5.004212983015872e-14
156.4077590461413,810.5472613673827,5.0547296634807e-14
175.63006812749845,808.9030483744824,5.068506939971108e-14
194.46618510937085,799.4375931547177,5.0378907699924244e-14
210.67809145285267,791.439032258192,5.014928642508411e-14
230.43068523980784,798.6728127336705,5.089938258956187e-14
252.53722140667037,803.2365478513775,5.155763024410357e-14
266.4268309872468,624.8178184319754,4.1592066916041985e-14
282.7761761356595,625.0069073299067,4.200538521075421e-14
443.14919990122286,899.2358070199974,6.138542080726108e-14
467.131326510404,899.146198508691,6.204366846180279e-14
493.2491520871618,899.6561976473546,6.282438079625922e-14
521.9518901334168,898.3803339266469,6.3620401215705e-14
546.6530261098183,895.8910196251429,6.426334078525736e-14
574.594391744747,894.9153786674382,6.512059354466051e-14
604.6273268777454,896.3968753251385,6.620746757890378e-14
626.0126243625016,883.7404563211835,6.631462417382917e-14
649.5509723030536,875.3191043157676,6.674325055353074e-14
1638.0488539410453,1976.1076677657086,1.5716810858557343e-13
1715.685608937717,1979.114310438893,1.6038280643333524e-13
1786.1424239501962,1966.3894556687687,1.626637110967472e-13
1865.6518432222672,1963.8405643996045,1.6586310085951965e-13
1953.8512983572728,1966.6812569421613,1.697513544468125e-13
2042.183195888351,1964.5933057330824,1.735171433541906e-13
2131.0307661961665,1959.1542654996263,1.7725231609159005e-13
4854.027154764346,3561.1557735249867,3.6863399462834267e-13
1482.7658923477472,965.2206333218271,1.0833531746957274e-13
1431.073627541479,838.2425201308223,1.0155383581929427e-13
1418.21508114367,788.6593346411703,9.936477966581837e-14
1410.2278002973571,741.9567381380651,9.757373372206536e-14
1401.4890747192433,695.8957795119892,9.581330394829105e-14
1387.274053120892,650.5849399098724,9.38232528996766e-14
1375.9036959924874,606.7561963871592,9.207813121089163e-14
1366.187275515716,564.5842636125677,9.051670654197875e-14
1357.5948928398104,524.107497976573,8.910836272295929e-14
1350.395489643641,486.9212169849564,8.789902400880127e-14
1342.5810390673887,450.03572473386026,8.670499337963261e-14
1337.1410893590137,414.7935717291075,8.572527594031473e-14
1328.9479756583517,378.32570688967076,8.460778573609277e-14
1319.360626628132,343.12985793052655,8.347498744688146e-14
1311.459905498877,309.5628631940148,8.251057809255293e-14
1304.886706563676,274.7597733173531,8.165332533314978e-14
1299.712789921876,243.0878981222504,8.096446150862939e-14
1293.7628970512037,210.34050659270733,8.026028959911966e-14
0.03489949670250097,-8.547911385714284e-18,0.9993908270190958
1268.4203563661226,175.44379395487434,-225.78604301142613
1263.7901681197632,145.3873527322281,-224.3100335012572
1537.3171159368171,77.20463782747557,-271.41210169341207
1534.7096557178918,43.119635625178105,-270.71750898274433
1534.5601899999162,7.1143193135044,-270.5872728494941
1536.7665964917765,-28.920490733109222,-271.02139329366145
1535.2089921660363,-64.09268353203318,-270.934569204828
1530.1979815202135,-98.19921321107076,-270.37021262741047
1528.1102159666427,-132.43265892161304,-270.4570367162439
1528.2550855326763,-168.63656338765432,-271.10821738249496
1527.89597279751,-204.11930637401775,-271.80281009316263
1526.84172851361,-238.84108531561048,-272.49740280383037
1526.8606657103655,-274.3817155166325,-273.53929186983197
1524.9872987580625,-311.56165926435347,-274.45094480258336
1524.2155749310693,-346.64299635260653,-275.6230700018351
1522.4563492561042,-383.56239733339976,-276.8386072455036
1515.6442590983638,-418.99030638154517,-277.27272768967094
1515.910598044223,-456.2373051905764,-279.1394455995905
1519.2773648007806,-494.1012398779995,-281.7007562201777
1518.0158075149573,-532.4382567365332,-283.65429821893065
1512.4890443402921,-569.2605668126668,-284.9566595514326
1510.4718026810178,-608.3544352207144,-287.12726177226926
1513.3327027152388,-650.1790400948965,-290.4265771479409
1510.7709142150104,-689.9912250460951,-292.85765163527793
1508.9484992825205,-730.876199315894,-295.6360224779488
1508.224708813177,-772.6281779816775,-298.8051017203703
1294.6789301558465,-784.1819471571667,-266.89724907407185
1417.3088587290497,-994.7161640004041,-305.31690838288023
1491.6557001851043,-1149.1184021877234,-332.01531569917074
1491.4583628956332,-1203.0523106964652,-337.8759416954296
1489.61520281634,-1258.2654818451358,-343.823391780522
1451.404588253318,-1285.5062386108464,-341.86984978176906
1452.538203494073,-1408.8369408376832,-356.803593061125
1426.3014644916366,-1445.0949786172573,-358.0191303047936
1453.9522433209963,-1613.892249699564,-383.0244678888315
1419.8150229159846,-1650.5051503554334,-383.89270877716615
1412.260246077189,-1718.9314345942898,-392.27123334959555
909.1851801579492,-1649.7497395299367,-332.14555183242095
780.2542330558332,-2162.0581442360544,-405.2948466746153
505.6438947673598,-1952.982590412973,-355.7182919507067
390.15241483044554,-1860.456281961393,-335.18439494159225
346.9707325950059,-1869.2415248292114,-335.22780698600894
303.9851420480763,-1876.2125559212968,-335.1409828971755
206.92516579914388,-1768.9633659084404,-314.04272931064344
121.10499751798912,-1718.4128153992442,-303.75407478387785
39.423118111677205,-1642.4324677999218,-289.6885723928565
-35.71409519763768,-1558.7877977064659,-274.9284772911674
-69.567275566313,-1554.4403248228125,-274.36412071374986
-105.12089128631006,-1551.9477480802307,-274.2772966249164
-141.64432679423723,-1555.469194315401,-275.40600977975146
-203.8076112136638,-1488.4356020009468,-264.90029503090216
-267.3609012449976,-1442.5503344088245,-258.6923726793094
-299.86088375206765,-1439.6674788355247,-259.3001413011437
-333.86682571801646,-1440.757371785066,-260.77615081131256
-368.3572523132077,-1435.6319423397017,-261.3405073887301
-404.5034643280424,-1446.3318336240222,-264.8134709420687
-1302.6541167510095,-2725.330846419557,-532.622372948892
-1374.1565300732416,-2717.0526761771216,-536.8767533017318
-1455.0290538998877,-2722.167895177099,-544.2568008525762
-1535.7385168101573,-2723.0653960411582,-551.2461400036702
-1401.528330041809,-1749.197793526035,-395.2232523699334
-1403.0356141479665,-1669.297310490968,-384.50047739900043
-1370.6190957842075,-1485.97603120322,-356.4562967057912
-1386.6310411779646,-1436.6823370630652,-352.0716802197012
-1392.62764277197,-1376.7675265111666,-345.2994012906909
-494.7208130897394,-98.68662299588864,-88.95127900988504
-484.1957704636824,-85.3767782776699,-86.69385270021495
-475.60884290856137,-70.6824688627199,-84.78372274587872
-466.4536272132392,-59.598942680604175,-82.91700483595922
-459.7066641373573,-47.17665527810466,-81.48440737020705
-455.109274844482,-35.06868926045682,-80.48593034862219
-449.6270233422529,-24.670680107415432,-79.40062923820388
-443.7166418362932,-12.830097823507154,-78.27191608336884
-439.6930514463167,-4.556654909516073,-77.53391132828438
-436.4431742827757,7.9753221519847965,-76.96955475086686
-434.1431026955679,18.71786313214622,-76.622258395533
-433.46832533399834,26.868033490954748,-76.57884635111627
-432.5955611160672,38.44165441558247,-76.57884635111627
-433.3800176499733,47.941302940763585,-76.8827306620334
-435.92345601445834,57.6323094327165,-77.53391132828438
-439.85968620708616,68.31498406883948,-78.4889763054525
-1864.160495909299,465.32742366773,-338.787594628181
-586.4149561953549,193.37065265668326,-108.8774073971653
-573.777141172161,204.41864396434346,-107.40139788699639
11.933792046278985,643.4612125668567,-113.47908410533896
27.38130501835317,643.2355474500928,-113.52249614975568
40.13425330112249,641.825861959699,-113.39226001650549
134.95889721678637,793.1884012893225,-141.87056115388205
154.63772942796396,797.8652391644843,-143.30315861963425
174.08544146224003,798.6372031783914,-144.12798746355216
189.76687042141654,789.4873647862701,-143.17292248638404
206.2254383287808,778.9834651247884,-142.0876213759657
227.78777131975198,786.2911680451535,-144.34504768563582
246.80737826621046,788.0151293589713,-145.60399697372105
260.5321872127772,616.1097431901051,-117.9505246802624
278.2108797419333,615.3632293286882,-119.07923783509746
436.0424086559101,886.0331920511725,-174.12571015551435
460.87251804895993,885.3278699842471,-175.99242806543387
486.72176336534915,885.4579943203057,-178.1630302862705
512.4396212636965,884.2270257091477,-180.20339637385692
537.8351815427155,881.4397545944968,-182.07011428377643
563.8327365234526,882.913289181538,-184.7182489931971
594.3748193890682,883.7939775300722,-187.80050414678513
612.0009790010116,867.4662422644982,-187.19273552495088
1612.1983977142338,1948.1639713302707,-445.8851082042603
1689.297950425187,1948.6750549546332,-454.7411652652737
1755.7681219026708,1936.1302322328904,-460.862263528033
1833.5417023886037,1932.149804850932,-469.6749085446297
1921.7073786228439,1938.5510403634466,-481.30933644831407
2009.4006524017877,1937.281162939155,-492.16234755249724
2096.9118635975296,1932.012091839679,-502.75488639017993
2194.615872414049,1932.0503551036416,-515.561439493116
4776.817606282888,3510.526107457919,-1045.275205466087
1463.628828764886,956.1764912954076,-308.268927403218
1408.2187710204653,826.9199168936357,-287.95209061618715
1396.6755972302676,777.6790203849115,-281.8744043978446
1389.275830450874,731.9011301528163,-276.8820192899204
1379.481923259995,687.3146680895792,-271.75939804874594
1368.4420550890054,644.0311182215092,-266.6801888519882
1357.8275438014186,599.6696544565933,-261.7312157884807
1347.4013477290628,558.9730880426595,-257.2163631691405
1339.0196616677204,519.0354481238277,-253.2224550828011
1329.7187306363023,480.6953355666998,-249.31537108529517
1326.0313607003932,444.89052834510835,-246.62382433145777
1320.7126357595425,410.09217385598765,-243.8454534887869
1308.7224316704014,374.49775138115245,-240.0251935801144
1299.5161312108498,339.104159890942,-236.8127022932762
1294.0152969403764,305.0726339340652,-234.42503985035592
1286.8600445713034,272.79704727349446,-231.95055331860215
1280.4512432581532,239.48537229548722,-229.69312700893207
1275.638686704971,208.46522280581718,-227.91323318784603
0.03489949670250097,-8.547911385714284e-18,0.9993908270190958
1212.17777705639,171.03472742652778,-445.5667417175149
1206.172873595843,142.42643756211743,-442.06103524842683
1464.5802673604096,43.14792633758517,-533.294908480549
1463.7773859884194,9.181337633031005,-532.7818782655604
1464.0800152897773,-23.958091370067553,-532.9528883372233
1463.4130064021394,-56.69827054967729,-533.0383933730546
1460.7182128222512,-91.34071752105945,-532.696373229729
1458.0765318707665,-123.95988379092962,-532.6108681938977
1460.1834270549125,-158.30436802291575,-534.5774840180202
1459.4108580007037,-190.51575345036963,-535.6890494838286
1457.450381333388,-224.32306890147066,-536.7151099138056
1457.4294804308465,-260.26388278359315,-538.8527358095911
1456.9919049774285,-295.1872206930633,-541.075866741208
1456.762106151767,-328.7964919313967,-543.555512780319
1452.8520499503568,-363.4994591078202,-545.0946034252845
1448.5573221886182,-397.4695606742038,-546.7191991060814
1449.3301455099677,-432.3223158700602,-550.4814206826638
1450.2862853223583,-470.35221669522815,-554.9276825458975
1450.3577591667292,-506.9314042878277,-559.2029343374684
1446.0634250146402,-542.9095032935993,-562.195610591568
1441.5691372570313,-577.8637600853076,-565.2737918814989
1443.1467871497707,-615.8333833760887,-571.0881343180354
1443.028898482952,-655.7260807360949,-576.9024767545717
1442.6755878349559,-696.3491226669621,-583.0588393344337
1441.172674480276,-735.3045359728866,-588.8731817709701
1240.8281456824454,-746.4861720068046,-527.0530408648555
1428.2812486145858,-1096.577717228649,-655.3960996478127
1427.1295501586058,-1148.5954779501646,-666.7682694133912
1424.235465444941,-1199.0521240086248,-677.6274089639811
1386.6211560493618,-1226.1048028399553,-673.6941773157359
1387.8837150331037,-1340.9953630815178,-702.4238693550922
1362.4643466640234,-1377.4081813145372,-705.1600305016975
1381.7822109916558,-1530.4228848431678,-750.4776994923486
1350.385839861367,-1567.1999136396507,-752.9573455314596
1349.3484072084905,-1636.8905102621918,-772.1104735576971
1414.0960721096296,-1975.6437676116514,-884.2930805685164
869.4782668425225,-1573.636857017073,-654.3700392178357
809.4587893204582,-2091.645112554256,-816.3165770825398
743.708239281408,-2062.5518398132426,-798.0184994146165
481.9127560908701,-1863.418364575309,-700.5427585668009
372.3755341243091,-1775.6865660087624,-660.3553917260349
332.89165961960447,-1782.554502613519,-660.0133715827092
291.9741201922674,-1789.7118552912298,-660.0133715827092
195.9562857435398,-1687.1527500236634,-618.2014090611463
115.07698052869578,-1639.2531834897354,-598.1077256407632
36.55848866390153,-1558.5213376410934,-567.4114177772844
-34.077993001797125,-1487.3780048903875,-541.503391920365
-67.18928813157348,-1483.1932690858196,-540.3918264545566
-100.69308280333941,-1480.5895146905411,-540.1353113470623
-136.75282668345494,-1483.8291838965595,-542.3584422786791
-195.79313443942755,-1421.2527705808698,-522.1792538224647
-256.3248360191841,-1376.7182425129372,-509.6955185910778
-288.37127649361713,-1373.2447116649248,-510.7215790210548
-320.8744347135112,-1374.4603526745973,-513.7142552751544
-353.1887181565388,-1371.8510844333077,-515.5953660634456
-388.3627987680102,-1381.3554423781607,-522.2647588582961
-1245.8115939788945,-2597.30044190157,-1048.4627493648375
-1319.2037945748289,-2599.5898768568886,-1061.0319896320557
-1396.3975406827133,-2602.225254601356,-1074.8838054367454
-1469.7499000855435,-2596.1219868909907,-1085.8284500231669
-1341.5372028230004,-1667.7905480915413,-779.0363814600419
-1332.4000156870463,-1439.0185588562786,-713.7960391206706
-1330.475578012402,-1311.0255688644022,-679.850539895598
-896.8828884553809,-288.1734476875067,-342.8751936839829
-461.94544888191433,-79.1173785740576,-170.58254648367728
-453.16272587510343,-65.45313011863475,-166.64931483543208
-444.86435049441707,-52.89921641609048,-163.05810333051255
-437.2607910494426,-42.344137983040255,-159.89441700475012
-431.79024200593085,-31.85076173850813,-157.58578103730187
-428.2410214916176,-20.56989133209758,-156.04669039233636
-423.6650801617023,-10.747220059158046,-154.25108463987658
-419.80728807514276,-0.5724237454429612,-152.7974990307425
-416.1872277622904,8.967686790226331,-151.51492349327123
-413.8412827902538,16.48593699682265,-150.74537817078848
-412.98828747925825,27.97368463231429,-150.65987313495708
-412.00522360361583,37.404784384935425,-150.57436809912565
-411.92904739896477,45.22725483701691,-150.83088320661992
-412.79043258148346,55.605137703131284,-151.60042852910266
-414.8172830461333,66.04853332061279,-152.8830040665739
-419.53439060456844,74.80128331771067,-155.10613499819075
-428.3034133241577,86.53130064650749,-159.03936664643595
-565.7145659133463,187.57154164681637,-216.92627590430538
-553.0938931860604,198.92161838521307,-213.9335996502058
-554.2076081045467,213.43428717807868,-216.15673058182261
-905.0075743170564,530.7657562034011,-381.86549002310915
-879.7243858514795,544.0582472408554,-376.4786727657298
-98.26676187872417,605.4618191235348,-223.25364855583024
-85.15814239663688,610.765116880572,-224.45071905747008
-38.36204132425549,728.1916939070667,-265.40763122071894
-22.077384655126917,742.498865906645,-270.3669232989411
13.391158899769193,613.708123850833,-223.42465862749307
28.447362675699633,620.4850518931062,-226.07531473826702
43.22998997358973,618.2176588933083,-225.56228452327852
130.46707747517135,756.8003244634647,-279.51596213290276
148.9516604912171,762.9568091860592,-282.93616356615945
166.41175635898446,754.5290527340015,-281.2260628495311
181.68156934611636,744.2292181979005,-278.8319218462514
199.16876206097928,744.1195885566693,-280.3710124912169
218.05399049570244,748.109350092211,-283.6202038528108
233.95452573951385,627.8267305857365,-243.8603621912018
251.82489725453402,587.020888900395,-232.4881924256233
267.2031708211375,588.4488350652563,-235.22435357222867
418.89239130351956,845.357730310387,-343.3882238989714
441.5763657729177,844.8821424302798,-346.97943540389093
466.14683540222666,844.7501973044018,-351.16918215963034
492.31493254369053,843.1293132341104,-355.3589289153698
517.9142870575979,842.5782907736402,-359.9762008502663
543.788219668964,842.3808272689378,-364.93549292848854
570.6250663019655,841.5238208279602,-370.0657950783735
601.6772431633941,847.4249614395609,-378.2742785181896
627.0028017542801,840.6145433948178,-381.6944799514463
1619.3757415541768,1855.7122257510755,-896.4347956565776
1691.5671247570885,1851.0825904107533,-912.6807524645469
1769.8847004543286,1850.8655283491387,-932.0903955982786
1848.7022496053905,1848.70224960539,-951.5855437678417
1927.6164625352217,1844.284175602333,-970.9951869015734
2017.218726968136,1843.3866212454989,-994.5945767910446
4545.107666310141,3473.8189364714217,-2082.13312753084
4554.2266585253665,3320.2383030795195,-2051.3513146315295
1401.3849406203194,906.2713428726557,-607.4277745463876
1341.400101816706,782.2814181984578,-565.1882868456676
1332.229870818631,735.6200203338175,-553.9016221159205
1321.891752060382,691.343739674241,-542.9569775294991
1313.3371088747954,648.5569442213274,-533.1238984088861
1305.3206808644748,608.2477105916032,-524.1458696465874
1294.5372305514459,567.0835496109037,-514.3982955618058
1284.7296684873409,526.414957482837,-505.33476176367554
1277.4513620127582,489.9679723978764,-497.9813286821736
1269.5361115746434,453.85678616023085,-490.7134006365032
1262.544687505466,418.6165032732652,-484.12951287748405
1258.1001788425722,385.3902762095421,-478.91370569176763
1249.12306457574,352.6569078713816,-472.4153229685799
1241.718610089054,319.6855760693843,-466.68648556787497
1234.151471823058,287.40892503857776,-461.21416327466426
1227.9724104351915,255.41862869580277,-456.5113863039363
1222.4248132677633,223.80563063449802,-452.32163954819686
1215.061052455529,194.48530759215092,-447.87537768496315
0.03489949670250097,-8.547911385714284e-18,0.9993908270190958
1113.833320467155,151.58606208062812,-648.9999999999998
86.07507827440655,-112.42894822978106,-81.74999999999997
75.73824350349499,-108.98573459864048,-76.62499999999997
71.31082800380257,-107.80277215550669,-74.62499999999997
67.20891220554088,-106.84221541669707,-72.87499999999997
63.16042439883272,-105.76888798110406,-71.12499999999997
59.14889446596648,-104.34603865721958,-69.24999999999997
55.48599145643306,-103.39967239840095,-67.74999999999997
52.1232581284955,-102.71278382981463,-66.49999999999997
48.82162094438165,-101.92711527539234,-65.24999999999997
43.09074242059646,-102.36813367763335,-64.12499999999997
38.59721205931816,-102.2963933687206,-63.12499999999998
36.38869126412738,-101.26406086605465,-62.12499999999998
31.818523776206284,-101.20409598777609,-61.24999999999998
32.82958215496866,-99.28565057716128,-60.37499999999998
31.028088077604774,-98.50218081468248,-59.62499999999998
22.66821957187502,-99.42307929470533,-58.87499999999998
21.83701677248826,-98.50041725027397,-58.24999999999998
18.308735777063543,-98.33604473561907,-57.74999999999998
-59.595504586014016,-1391.0763540180455,-803.8749999999998
-91.08256513936998,-1372.4458143047516,-794.1249999999998
-120.73399052629925,-1367.1129161143185,-792.3749999999998
-151.9558885710571,-1360.0742460629056,-790.1249999999998
-183.9746681651986,-1354.584810550268,-789.2499999999998
-214.98780902535734,-1350.2292078923033,-789.3749999999998
-244.97014337925503,-1344.2324671453773,-788.8749999999998
-275.49240120481807,-1335.4368664891665,-787.2499999999998
-305.4780072209609,-1329.7869658724703,-787.7499999999998
-337.59320574694965,-1326.244085494257,-790.1249999999998
-367.80279036244104,-1320.6581152598135,-791.4999999999998
-398.20794525346355,-1312.715670789762,-791.9999999999998
-427.7121254807083,-1305.4516975329936,-793.1249999999998
-458.5834233521707,-1298.3744620973582,-794.9999999999998
-490.67316880214025,-1291.9184913502347,-797.8749999999998
-520.608640177937,-1285.5225907280198,-800.7499999999998
-553.7972369264995,-1279.3669986550283,-804.8749999999998
-586.577817919465,-1274.2130945802742,-809.8749999999998
-617.5531800429553,-1267.9263611577896,-814.2499999999998
-650.2574963346311,-1261.7075487055697,-819.4999999999998
-683.4402540714997,-1254.6576090669853,-824.8749999999998
-716.3312124022038,-1245.423760869524,-829.4999999999998
-749.6042443558393,-1239.1160251238427,-836.1249999999998
-785.6717230927853,-1232.5157160894194,-843.8749999999998
-821.049229454984,-1225.1672999273926,-851.4999999999998
-856.9969758788968,-1217.5473728810005,-859.6249999999997
-893.3910928066341,-1210.798101581667,-868.7499999999997
-931.6969055864349,-1206.0186246470917,-879.8749999999997
-972.0754914062858,-1199.74413480843,-891.4999999999997
-1010.0508544258066,-1192.460673973653,-902.2499999999997
-1049.9576484692186,-1182.2060874889746,-912.8749999999997
-1089.6607610021078,-1173.6411708044786,-924.6249999999997
-1131.1974179374952,-1163.7437010147655,-936.9999999999997
-453.2639984544879,-180.83399902963504,-281.7499999999999
-444.8212348128832,-164.792645268355,-273.8749999999999
-436.156639921879,-149.78175106486245,-266.2499999999999
-428.05868144315673,-134.1967407992687,-258.9999999999999
-419.9076040634728,-119.91101252459583,-252.12499999999991
-411.9840550596204,-108.70666206186112,-245.99999999999991
-406.601021972825,-95.3908056662398,-241.12499999999991
-401.87667755487325,-84.73448478899495,-237.12499999999991
-397.7217455342328,-73.37685690463286,-233.49999999999991
-393.1164074552948,-63.14298903633474,-229.87499999999991
-388.95506200944504,-52.82642910730192,-226.62499999999991
-385.18503654665517,-42.716216131019465,-223.74999999999991
-382.25541556169077,-35.12433841026939,-221.62499999999991
-378.99887878281254,-23.90684800158648,-219.24999999999991
-375.0420164438654,-16.887077950888703,-216.74999999999991
-371.90644636752995,-6.18729749370294,-214.74999999999991
-368.922857387426,1.710349992530959,-212.99999999999994
-367.26066325885955,10.51913008107748,-212.12499999999994
-366.016416915354,19.68259188841143,-211.62499999999994
-365.9985912691716,26.796978635321253,-211.87499999999994
-367.1503385262245,36.161152084505865,-212.99999999999994
-369.43893774500265,43.21526093689678,-214.74999999999991
-373.63940305789924,51.36909559780804,-217.74999999999991
-380.47079907146303,61.324718131618255,-222.49999999999991
-548.1432490859248,157.3393338664104,-329.2499999999999
-573.8980135312398,208.3502341368901,-352.4999999999999
-1559.2074478072345,686.0676968801621,-983.4999999999997
-1265.18015120626,950.1399554769315,-913.4999999999997
-1207.095749013945,952.1314376636576,-887.6249999999997
-731.8444207575565,880.4355421074486,-660.9999999999998
-544.5138849752336,836.4788201557635,-576.2499999999998
-511.8898459169536,829.7310302273369,-562.8749999999998
-482.2507342155681,822.7988218413695,-550.6249999999998
-461.82139781394216,830.4752665770226,-548.6249999999998
-444.493322046264,844.2840064405319,-550.8749999999998
-418.16592012840584,839.2841801905739,-541.3749999999998
-190.04731144831698,987.7720925958914,-580.7499999999998
-167.9301074320802,990.2345812446919,-579.8749999999998
-144.3708964144178,990.0045283449454,-577.6249999999998
-120.88661173128823,989.001574621663,-575.2499999999998
-97.49080556116131,989.8407600877204,-574.2499999999998
-75.26783299168277,990.9096532059501,-573.7499999999998
-53.1268095838092,992.9934989608169,-574.1249999999998
-29.7738449468477,992.2350099810433,-573.1249999999998
-7.02924023959648,991.357660815033,-572.3749999999998
15.714333888351593,993.4233647269655,-573.6249999999998
38.48177730739905,993.2354704148779,-573.8749999999998
61.51951717480728,992.5088895730751,-574.1249999999998
83.42791977716999,994.1668784473027,-575.9999999999998
103.92293354033974,993.9753638216444,-576.9999999999998
127.18094095150032,993.2323772077164,-578.1249999999998
149.70043042160506,994.2487269952053,-580.4999999999998
173.4859543189006,994.990914797246,-583.1249999999998
196.34211684650307,995.5894334650375,-585.8749999999998
220.94749803064857,996.6297582297033,-589.3749999999998
245.21678196338829,997.4044966028176,-592.9999999999998
268.2670288295106,996.8353932535634,-595.9999999999998
317.25736764532616,994.8480082654629,-602.8749999999998
366.6644952502703,993.8876042077719,-611.6249999999998
393.1854963037362,994.1820019475231,-617.2499999999998
417.08350192095537,989.3312889524685,-619.8749999999998
444.65662563518083,995.0613914622228,-629.2499999999998
474.95529857496916,1002.0866488760153,-640.2499999999998
502.3886115472632,1001.4726555740867,-646.8749999999998
532.6751476597099,1003.1357707537433,-655.7499999999998
563.8965811256556,1004.3384119881093,-664.9999999999998
590.9445472815664,998.2383129985468,-669.7499999999998
622.3589159760267,998.4042604101534,-679.2499999999998
1248.8452164023806,1850.4004762061354,-1288.8749999999995
1307.675551972666,1846.04230657046,-1306.1249999999995
1368.0870907976087,1840.4525834677015,-1323.9999999999995
1422.0953510185163,1823.2717330698472,-1334.9999999999995
1472.0131892034879,1803.661059535848,-1344.1249999999995
1531.4384000311493,1790.1163296794523,-1360.1249999999995
1593.2262274359111,1779.190542096415,-1378.8749999999995
1655.6265173968604,1765.7631735010061,-1397.4999999999995
1722.8897327804373,1757.055109033224,-1420.7499999999995
1787.952584471522,1742.696848474113,-1441.4999999999995
1851.6507358528345,1724.8050766436354,-1460.9999999999995
1265.7579515438865,970.1538515119265,-920.7499999999997
1258.8071655235126,916.1513613490188,-898.8749999999997
1247.7287121946813,864.0690066568774,-876.2499999999997
1238.1726180937264,815.1653909961632,-855.8749999999997
1227.9173574127071,768.2194679026261,-836.2499999999998
1219.1337819730297,724.4083856169374,-818.7499999999998
1213.518314193286,682.2136678618255,-803.7499999999998
1201.896599651623,640.3215998589038,-786.2499999999998
1192.4349340180647,600.2213055476567,-770.7499999999998
1185.251463114621,562.1651368233805,-757.3749999999998
1176.861762320241,525.5115976488975,-744.1249999999998
1171.1552314948067,489.6046574710519,-732.8749999999998
1164.9550798150624,457.05405808622,-722.4999999999998
1156.8753273121938,422.14035231935,-710.9999999999998
1149.3138830728017,390.83870720684564,-700.8749999999998
1145.2585964330988,360.0688047735998,-693.1249999999998
1140.1361420204937,328.2751554087285,-684.9999999999998
1132.4559323021429,299.1416869874278,-676.2499999999998
1128.1995266766871,270.8567423593128,-669.8749999999998
1122.359201885147,239.84472856149233,-662.6249999999998
0.03489949670250097,-8.547911385714284e-18,0.9993908270190958
1201.1084229762769,146.147789121043,-1015.2830294998889
1200.1706978790342,117.87603443341283,-1011.9083945490346
1198.3051301606868,90.69257941064076,-1008.3730626957587
1198.1210275343142,63.77380742485562,-1006.7660936715423
1196.6452070082603,34.2744754685188,-1004.5163370376393
1193.2801726456391,7.8101119872383995,-1001.3023989892067
1191.9807230032286,-20.480941096993334,-1000.3382175746768
1190.8548280948116,-46.78881362644574,-1000.0168237698336
1190.235236208217,-74.1011952815713,-1000.6596113795201
1188.905550252887,-102.38242454806176,-1001.3023989892067
1187.461351142929,-129.0651147584411,-1002.2665804037365
1184.8675323813168,-156.9770453267791,-1002.9093680134231
1182.8029761535413,-184.69328825598697,-1004.5163370376393
1181.9591736232562,-211.73640926078346,-1007.5695781836505
1157.3365148731762,-377.7868776939929,-1021.5502086943327
1168.4314263256558,-411.2547774585451,-1039.3875648631342
1164.0770877854131,-441.02935647063293,-1044.5298657406265
1160.7490066190983,-468.97304028622216,-1050.4756511302269
1160.646175468996,-500.5287576336662,-1060.59955598279
1159.350154171996,-532.1693315272696,-1070.4020670305097
1162.1440837961363,-565.2471085913902,-1084.3826975411919
69.33746309272071,-97.09547690440242,-100.1141702086785
61.38447427325591,-94.86325896193456,-94.81117242876455
57.765219670460894,-93.97639971010877,-92.56141579486167
51.69124110807403,-94.40375952419356,-90.31165916095878
50.89744012988169,-91.99883715640682,-88.22259942947753
47.71065251358447,-91.1046698379347,-86.2942366004179
43.449915951905915,-91.0946431698876,-84.68726757620156
41.924896040234806,-89.90822969992749,-83.24099545440684
36.41772213750972,-90.4208783924187,-81.79472333261214
32.64365703532251,-90.22322996568442,-80.50914811323905
31.969114171836214,-89.04135807577465,-79.38426979628761
28.65137266125548,-88.7560081904874,-78.25939147933617
26.82841565055331,-87.9232790157592,-77.13451316238472
23.470713875522268,-87.6895441406505,-76.17033174785492
20.943943405226744,-87.34272764450554,-75.36684723574675
19.58779275288017,-86.67539047742054,-74.56336272363856
17.422065326948314,-86.35519795916238,-73.92057511395203
-65.38971478308714,-1222.1995295251943,-1027.0139033766682
-92.17976928725295,-1213.5572340328897,-1021.2288148894894
-119.59401966292997,-1207.5064271021508,-1018.1755737434784
-146.61443807516352,-1202.209138568065,-1016.2472109144187
-173.947911952486,-1197.3983230057147,-1015.2830294998889
-201.33539865928552,-1191.15653953006,-1013.6760604756726
-228.74488723502137,-1185.4178017181393,-1013.0332728659861
-255.79935042929228,-1181.2472218842076,-1014.1581511829374
-283.2442502913441,-1175.559494119241,-1014.6402418902023
-309.9250921528708,-1169.40311681469,-1015.1223325974673
-337.53014541317344,-1162.733152992381,-1015.9258171095755
-363.1590478176109,-1156.1895332902177,-1016.8899985241053
-390.71642677181745,-1151.013476985344,-1019.9432396701163
-417.42069355583567,-1145.8815349208592,-1023.3178746209707
-446.6511616308723,-1141.1849037876823,-1028.2994785960414
-473.72358107709806,-1136.649648366708,-1033.281082571112
-501.73275655295896,-1130.2266360481797,-1037.6198989364962
-530.5736048252386,-1124.1822935298242,-1043.0835936188319
-558.92622944647,-1117.215067318792,-1048.2258944963241
-587.2231894971017,-1111.7094452779443,-1054.9751643980328
-617.6149930684111,-1105.6582604351095,-1062.6886157142712
-648.1245033404567,-1100.2970660526298,-1071.5269453474612
-678.6274304374857,-1097.3183523845912,-1082.615031614554
-710.7260636029735,-1089.8617328566434,-1091.7747550525871
-740.1395794010988,-1081.9590154226278,-1099.9702970760904
-771.4451656561474,-1075.9306432787953,-1110.8976864407616
-804.9357767574213,-1068.1858542829364,-1122.3071665126977
-837.9923264551738,-1061.796534088435,-1135.002221804007
-873.8548093671831,-1055.9571689169886,-1150.1077306316406
-908.495187978038,-1049.7206980185551,-1164.8918456544309
-944.1063936953304,-1042.2319431388228,-1179.9973544820646
-980.4590178605507,-1035.4479855570103,-1196.549135431493
-1021.8395507896056,-1031.3583075468807,-1218.2432172584138
-406.47822811144084,-166.68297226444594,-368.6386941552303
-398.00064965449116,-153.27646844464456,-357.8720016929808
-390.40295230278235,-138.48861591342066,-347.58739993799617
-382.28241118929134,-126.75173229006266,-337.94558579269807
-374.77297680467365,-114.3561217104835,-328.78586235466486
-368.3357188982468,-101.49978913118478,-320.5903203311615
-362.72534885636014,-90.4375868109522,-313.68035352703123
-357.733220800412,-79.92187728822246,-307.5738712350091
-353.797134630132,-70.77591552507793,-302.75296416236006
-349.96013299767174,-62.19955258473844,-298.25345089455425
-345.77493737232254,-53.50947753579611,-293.59324072432685
-342.46140114711784,-42.61788661028127,-289.575818163786
-339.3087755041823,-34.72751205269965,-286.20118321293165
-336.57148998613144,-26.765831088429344,-283.3086389693422
-333.71447614483293,-17.763015795111382,-280.41609472575277
-330.94245646227756,-10.924282350053547,-277.8449442870066
-328.0359774939343,-3.8468675548327016,-275.2737938482605
-325.9295001136463,3.822164961077288,-273.5061279216225
-324.5892246817205,11.778056488427342,-272.5419465070927
-323.70181982414266,18.469683395099928,-272.0598557998278
-323.3202068842094,26.688284074361906,-272.2205527022494
-324.657126774992,33.04902993052443,-273.82752172646576
-327.7040663733759,41.78003968160578,-277.2021566773201
-506.0151996623959,187.62008470969553,-452.84387102416696
-1381.6939197231823,621.0484515992362,-1271.1124981551316
-1100.6378322987787,840.7404477204375,-1162.1599983132633
-1051.7807616338262,843.2005446546166,-1131.1454961458876
-1021.9262099568175,858.4481557834516,-1119.8967129763732
-634.2326850118815,774.967154405176,-840.2841027627286
-530.8579132684949,750.7121252319124,-771.5058285262688
-500.60280783247316,744.3615245203997,-752.7042909429376
-472.579731270279,738.2424455227314,-735.5097223838227
-443.0021612779034,731.8437955592271,-717.8330631174429
-416.6716413679743,725.8045895125324,-702.2454635825443
-403.0105300356023,736.9723897677486,-704.8166140212904
-385.4136581959117,746.3257349680555,-704.8166140212904
-362.39001926334487,743.5242045974037,-694.0499215590409
-180.0255183426886,860.7953454308553,-737.9201759201472
-162.01195310692958,875.470624021988,-747.0798993581803
-141.06720903199073,875.209138800921,-743.8659613097477
-120.40815488876034,874.0368972903082,-740.3306294564717
-99.72649677763192,875.2882287125302,-739.2057511395203
-80.53835818400097,876.492625047727,-738.5629635298337
-60.08341934381268,876.4043179193159,-737.1166914080391
-39.47151852717258,876.6157143103181,-736.3132068959309
-19.352281264202833,875.9495837267792,-735.1883285789794
-0.7171227289545715,876.5460606915439,-735.5097223838227
19.6382631594655,878.050369160173,-736.9559945056174
39.753910143255304,877.5614920767591,-737.1166914080391
58.914029044418534,876.8675898670855,-737.4380852128822
80.1473914560345,877.4900077223874,-739.3664480419419
98.55059649454108,877.7340172527087,-741.1341139685799
118.85299955291751,878.6947970523702,-744.0266582121693
140.14906111279703,880.2050527007489,-747.8833838702885
161.06469970275097,879.7342805896975,-750.4545343090347
181.7479207303995,879.8021592284949,-753.829169259889
202.77418554241217,880.5022346652659,-758.1679856252732
223.83027297287416,880.3274816507278,-762.185408185814
241.95028545602096,868.7634143885833,-756.7217135034784
309.91750197377195,881.2856160789826,-783.8794900127348
332.8391776508455,879.2376349503425,-788.8610939878055
353.899176119114,877.9986137496735,-794.3247886701411
375.7439922121985,873.2543053837015,-797.6994236209954
401.78484918152344,877.8272006794164,-810.0730851074612
429.2618240991561,885.6274017071365,-825.8213815447815
454.7028821536439,886.4203388411344,-835.9452863973445
481.0380772887027,889.4294016850454,-848.4796447862319
503.8174493266591,878.7143881956354,-849.9259169080267
526.0885187316188,873.398843654303,-855.5503084927839
1178.9853774333808,1635.8316092247264,-1691.9776855973932
1224.8283880322047,1620.799267750769,-1704.6727408887025
1269.9149691662117,1604.5697821154652,-1717.0464023751683
1314.4608920706426,1585.7379598596742,-1728.2951855446827
1371.1019693487756,1579.8810132561136,-1755.2922651515173
1428.5268327051479,1572.6853935639074,-1782.7714354656168
1481.8890942300516,1557.3269838995102,-1803.822729682851
1541.2134520031177,1547.9529783647113,-1832.908869021167
1602.2465237703304,1537.170327236602,-1863.1198866764344
1659.6522947999033,1523.2909042355175,-1890.2776631856907
1121.2614490198323,842.0581861278498,-1176.6227195312104
1109.1089881256407,793.8610641056875,-1144.4833390468834
1099.988466278517,749.3946113257945,-1116.8434718303622
1093.1139500309016,708.182424329048,-1092.8996333695386
1083.3756693966177,665.1132511591436,-1066.706038274812
1072.509251711136,625.468909181728,-1041.7980183994587
1066.770817457473,589.4206387865775,-1022.6750870112842
1061.815298605545,554.9561496608546,-1005.3198215497475
1053.8959920662212,519.3667356407487,-985.8754963567297
1047.7596665378007,486.49277068172506,-969.3237154073014
1041.2018654300928,454.41659183106174,-953.2540251651378
1033.5603768849323,423.8281504875817,-937.3450318253961
1027.726990265022,393.86442965039316,-923.5250982171355
1021.1491293453795,364.7448693175544,-909.8658615112964
1016.423032830011,336.08827928827714,-898.2956845369388
1011.0480851540933,309.4099377500546,-887.2075982698459
1005.6716884196478,282.1489743705173,-876.4409058075964
1001.1555219070472,256.87844238604504,-867.2811823695632
997.7623788175318,231.211559114869,-859.4070341509031
994.2642958234732,205.11060100409978,-851.8542797370862
0.03489949670250097,-8.547911385714284e-18,0.9993908270190958
1006.26754173728,115.48372000017244,-1207.0945312447295
1004.8080965420387,92.05256808577272,-1202.4982645860155
1006.5961779645191,69.83638503561652,-1202.4982645860155
1007.7965428843479,46.204422928928594,-1202.3067534752358
1004.2336278459436,23.830486333511153,-1197.1359534841827
1000.9809679631418,0.2729752199034266,-1192.9227090470283
998.147907864871,-22.869020052157502,-1189.8585312745524
996.3990349925369,-45.681881669299344,-1188.709464609874
998.9762269082258,-68.2128455186109,-1193.3057312685878
999.072055143911,-91.25234292324397,-1195.6038645979447
997.0079007059041,-114.42104258306813,-1195.9868868195042
995.6798111427453,-137.71920543092747,-1197.9019979273016
992.0177587287948,-161.00498792406688,-1197.710486816522
989.9654785908033,-184.03780256801932,-1200.008620145879
981.0241839434024,-352.5257218291711,-1242.3325756282024
976.8982259967502,-375.60754944595055,-1247.3118645084758
972.1700736442725,-400.5135071033636,-1253.057197831868
974.2423923163624,-426.4589174323909,-1267.4205311403489
974.1479393694614,-453.60596273261007,-1280.6347977841513
975.6181726149781,-482.1143261391228,-1296.9132422004295
64.82613657451405,-83.53571372153759,-126.01431089307187
57.2060466691336,-81.17931089884843,-118.35386646188209
53.89905670751153,-80.3332394961156,-115.28968868940618
50.748048574679856,-79.51484908042835,-112.41702202771
47.64205912850385,-78.60832277463129,-109.54435536601385
44.72850783902668,-77.71658196146234,-106.86319981509742
41.99226370776786,-77.03925401722134,-104.56506648574049
37.47714744711782,-77.37436990101814,-102.4584442671633
34.293672868108544,-77.08141577851254,-100.54333315936584
34.5247997675006,-75.21352615029099,-98.6282220515684
29.321846907023467,-76.01402974649807,-97.09613316533044
30.059135845402718,-74.34059653548171,-95.5640442790925
26.074244169870177,-74.46937394638285,-94.03195539285454
25.875944660080215,-73.51712024731198,-92.88288872817607
22.878288725793745,-73.32693373116818,-91.54231095271786
18.227449792732443,-73.79176555273308,-90.58475539881914
16.1173663832178,-73.45880171108033,-89.62719984492041
13.857950908020683,-73.10071051593529,-88.6696442910217
-61.242216132014896,-1019.551825932237,-1217.2446201160558
-85.22402613420007,-1015.5701383523456,-1214.5634645651394
-108.27562339032053,-1011.5939686091654,-1212.4568423465623
-130.72326593217758,-1007.8044559513322,-1211.116264571104
-153.3535883845433,-1003.6345484886701,-1209.9671979064256
-176.75555176263705,-997.6570028302068,-1207.477553466289
-198.81125126128163,-993.8246719471916,-1207.8605756878485
-222.7076785626471,-989.238154943795,-1208.4351090201876
-244.42567441122995,-983.7658488024958,-1208.0520867986281
-267.2336231426552,-979.1492800358955,-1209.584175684866
-290.81089652225745,-974.9230689705339,-1212.4568423465623
-312.13936762166134,-969.6558423095241,-1213.9889312328003
-335.58355982402156,-963.4955094320011,-1215.9040423405977
-358.44948291273994,-959.5143034451868,-1220.6918201100914
-381.76560741153605,-954.63311037285,-1225.2880867688052
-405.4869580297351,-950.2200051314516,-1231.2249312029771
-428.8299132276924,-946.4477869163558,-1238.3108423018277
-453.208113676008,-940.9087981935539,-1244.6307089575594
-477.8545908172207,-936.5792606590502,-1253.057197831868
-502.23357300021365,-932.8708542807905,-1262.6327533708554
-526.9264514397277,-925.4416522248796,-1269.1441311373667
-551.9489344208483,-920.8711637104064,-1279.4857311194728
-578.2344159405144,-918.1096141795008,-1293.0830199848347
-604.6315877246567,-910.7979234614952,-1302.8500866346017
-629.5879236900493,-904.9101423149398,-1313.7662199490471
-656.9566085354279,-900.602805789295,-1328.5125754790874
-685.4202926856734,-894.7718796648122,-1343.2589310091278
-714.0869146692021,-889.2369678354883,-1359.1543532038465
-743.8898625207067,-885.5520775594158,-1378.305464281821
-773.7720882207043,-878.9276645685695,-1395.541464251998
-803.395201231458,-871.488999190831,-1412.5859531113952
-834.2675907966619,-865.7974202736165,-1432.8861308540481
-337.65564267153525,-134.60421575120333,-433.198132583782
-330.7085323173143,-124.0581973238404,-420.94142149387835
-324.514792267215,-112.82942415394787,-409.45075484709366
-318.53181785258636,-101.29287929049026,-398.3431104218685
-312.2261977401761,-90.54391947622291,-387.42697710742306
-306.4961994972453,-81.76717400670555,-378.0429326792156
-302.3569742077245,-72.58948716700925,-370.57399935880557
-297.7261842753023,-63.19879845539808,-362.72204381683605
-294.5711551408274,-56.92543454058232,-357.55124382578293
-292.4327184824457,-47.871316860828586,-353.1464882778488
-288.64655089564104,-41.851758071929,-347.59266606523624
-286.03687213947114,-33.30113889097615,-343.1879105173021
-283.65552589800166,-26.76651463801882,-339.5491994124869
-281.12666031284795,-20.351774031914264,-335.9104883076718
-278.6629915695444,-13.08048367591645,-332.4632883136364
-276.63297796992435,-6.941931284813347,-329.78213276272
-274.3093574304549,-0.3740315955693633,-326.90946610102384
-272.64860712043577,5.428513408202077,-324.99435499322635
-272.06757167638034,13.06834260033724,-324.61133277166687
-271.9238904909841,18.344219419814582,-324.8028438824466
-272.0112751976643,25.293578627705866,-325.5688883255656
-273.7727776816258,30.209682149514755,-328.25004387648204
-276.1274274632322,38.576837311949554,-332.27177720285664
-280.5533685694163,44.82751491541993,-338.5916438585882
-412.42424363119943,116.55853836301324,-510.7601324495785
-430.5659832898024,163.93299633911323,-549.0623546055274
-1161.9730112195482,504.11028027858913,-1509.490575165946
-903.4550321204334,704.6668786278682,-1365.4742198595782
-788.0423593658619,708.3899822001318,-1262.824264481635
-583.2861342539011,661.4627804740393,-1051.0129759592378
-520.0190893974682,647.9303569141732,-990.112442731279
-410.0013362778423,622.0211052513234,-887.8455095748953
-385.5836873778299,616.3146369605479,-866.396265167564
-362.90539334757034,611.5062031192508,-847.4366652003692
-345.5023247461434,613.4025025350999,-839.0101763260606
-331.4324743460176,619.660012028381,-837.4780874398226
-310.7759537111942,616.9867605613326,-823.3062652421215
-144.47325320218653,733.6325345263962,-891.1011984581511
-127.8827116609992,733.4434465422752,-887.2709762425561
-109.98444437318747,734.5527471606332,-885.164354023979
-92.64789387604702,734.6725611951804,-882.4831984730625
-75.9823622233628,734.4825307598934,-879.9935540329259
-59.740922885524036,735.9816094803496,-879.9935540329259
-42.675519591839915,737.328997887332,-880.1850651437056
-25.70817681810445,736.1858628052281,-877.8869318143487
-8.22357427384731,735.4637479490682,-876.5463540388905
8.030018932681076,736.1087126000375,-877.3123984820095
25.52967009133336,736.8352483825144,-878.6529762574677
42.27336268040419,737.3521641018365,-880.1850651437056
58.83959144748981,737.3438857509076,-881.5256429191638
73.80254904192317,736.9658087835514,-882.6747095838423
91.2226897797104,736.3082377025572,-884.2067984700802
108.62595996630994,737.8411582034837,-888.8030651287941
125.71701264754415,738.8714514805041,-893.2078206767283
142.18164923000424,738.990013162325,-896.8465317815434
159.88646688631476,739.308975562186,-901.4427984402572
178.39782778532023,739.5256913596106,-906.6135984313104
195.39557302974006,739.7059167898743,-911.7843984223634
231.9725910045008,737.8273276181424,-921.7429761829102
286.01423078538886,733.1159411424671,-937.8299094884087
305.39185261367237,735.0123667419606,-948.5545316920744
326.3040717121643,737.7587968090482,-961.3857761143173
349.1977553472662,742.5034314779572,-977.8557316413753
370.09406518872254,743.8171708563774,-990.112442731279
391.6858487876703,745.9527465525315,-1004.0927538182003
415.70660337950767,746.1110673699251,-1017.8815537943419
434.4029884041329,741.162722426296,-1023.818398228514
455.9408182036783,738.1410437580527,-1033.9684870998403
917.4753406405995,1370.6700146502285,-1965.6700410432973
960.7312036797338,1368.0922235824844,-1992.2900854416819
1005.6579059096814,1366.0680257998094,-2021.5912853909826
1046.5801175597671,1354.7271718885506,-2040.1678631366178
1083.039054992496,1338.18785864615,-2051.6585297834026
1124.4772457788072,1326.8180315325958,-2072.7247519691746
1170.7087070449863,1320.3405064786307,-2102.983507472374
1218.764589791345,1313.4132111300048,-2135.348885194151
1267.9927598960676,1305.8991877415915,-2169.2463518021655
1317.4950368697564,1296.8192407674128,-2203.1438184101803
1367.5762184319624,1285.784444766492,-2237.041285018195
987.1066994856277,839.8151862086074,-1544.5371084386393
943.6626278631276,728.6057161882344,-1420.8209308749242
935.2304660513751,686.91654546313,-1382.901730940535
926.9296190073532,649.4198954861729,-1348.8127532217404
919.168912643228,612.3577973630679,-1316.2558643891837
912.0933107480159,577.2283025636062,-1286.3801311075435
905.6782569825891,543.8502977544422,-1258.9940422660402
899.606912938202,511.8918967521924,-1233.5230645323343
892.161735397144,481.5728485951898,-1208.243597909408
886.8492335739118,451.5676577436821,-1186.0283090589576
881.722987715006,423.51571315916954,-1165.7281313163046
875.1258518869438,396.22675265675815,-1144.8534202413125
870.0721387944078,370.16408535706313,-1126.8513758280164
864.0863177404086,344.18930383949055,-1108.4663091931611
858.2985748850444,318.50582390935733,-1091.0387981122042
854.8073506760263,295.3771700642298,-1077.8245314684018
851.0158759582199,272.1564932753323,-1064.8017759353793
846.1503947683615,249.13590326809108,-1051.2044870700174
841.5185082642928,226.4683531954805,-1038.5647537585544
838.1440357156043,206.0618174070965,-1028.6061759980075
835.7722299330195,182.89644620627806,-1019.6051537913596
0.03489949670250097,-8.547911385714284e-18,0.9993908270190958
-8.822639484157769,-78.00263477942637,-135.96598839415688
-151.87256062494257,-507.12189457192943,-916.9043962567745
-163.43136290005037,-502.99001505559926,-916.03837085299
-175.95598790936884,-501.6618691348167,-920.8015105738044
-187.95619941263,-500.6296331644378,-926.2141693474572
-200.94739451699726,-498.9285121756725,-931.62682812111
-213.29744068804996,-497.5852614587049,-937.689005947601
-258.30923506799337,-330.0637888402605,-725.9457947223058
-244.70070081356664,-257.0171835624017,-614.6615303360054
-250.70927798163723,-250.98290864902756,-614.4450239850593
-258.2684982486416,-247.91406336146272,-620.0741891096582
-271.019253030603,-166.5895558302919,-551.0086631578491
-270.6174562238991,-157.52288091545935,-542.3484091200047
-269.29855616288324,-148.69911994893036,-532.8221296783759
-268.6457776139869,-140.40730677274684,-525.027901044316
-268.9926827005612,-133.1087986519117,-519.8317486216093
-270.2959964140527,-125.77197600234481,-516.3676470064715
-272.2020749343458,-118.18034058775078,-513.9860771460644
-273.533774877694,-111.47046526393878,-511.6045072856572
-274.51885791973814,-103.8347082937233,-508.3569120214655
-274.0465358774538,-97.12908253230536,-503.5937723006511
-273.16676721304646,-88.83962961636685,-497.53159447416004
-271.94187073739124,-81.4409882359488,-491.68592299861507
-270.05743451171656,-74.89355489593144,-485.4072388211779
-268.4010449909298,-67.46437243298753,-479.34506099468683
-267.1218780292689,-60.44351001651355,-474.3654149229263
-265.6622493416882,-53.52167107550603,-469.3857688511658
-223.1663877278356,-32.35758625901088,-390.5774571067819
-221.10319887236236,-25.985882194156115,-385.5978110350213
-220.0424170087881,-21.854069230479144,-382.999734823668
-219.82127789869165,-15.612379959063372,-381.7006967179914
-218.46561810459536,-11.150614609835845,-378.8861141556919
-216.82338962295526,-4.73110319187041,-375.63851889150027
-215.7476814703142,-1.0002200676976691,-373.6899617329853
-215.69473461005154,4.883027902789669,-373.6899617329853
-216.07626096086443,8.666715016221527,-374.5559871367697
-216.92496273121756,13.98038515420282,-376.50454429528475
-218.3221200227519,18.740798642830022,-379.53563320853027
-220.03943113329862,24.28043186465842,-383.4327475255602
-223.56278114187447,29.494624732488518,-390.5774571067819
-228.90033121031482,35.422859805613726,-401.1862683031412
-302.304100708064,78.18115626599943,-540.832864663382
-302.692171864672,85.36802148256581,-544.7299789804119
-303.5760850308406,92.99360514222367,-549.9261314031186
-303.51890463624073,101.37196125367497,-554.2562584220408
-306.6201907927231,109.61614490226344,-563.9990442146158
-311.907481194548,118.7551500983122,-578.0719570261128
-306.4682849648452,150.09581210249138,-591.0623380828794
-892.6302922043708,569.3528992980885,-1833.808792513549
-892.0800953521373,597.8299248963048,-1860.0060609780282
-889.4648864699836,625.7063734188256,-1883.6052532311542
-881.1105586432194,650.1301280877802,-1896.5956342879208
-870.1398648994045,673.3547935619421,-1905.6889010276573
-870.2112294931691,705.0761774900544,-1939.8969044771427
-870.9746020905044,739.7842962737768,-1979.3010603493346
-867.8571674874745,771.1970804149981,-2010.9109875874667
-865.6134400373182,805.434052577714,-2047.9335735992515
-860.9549513787724,838.2477034393685,-2081.2755516449524
-854.2471068676859,871.1870614473037,-2113.3184915849765
-830.9626907165532,886.2405273186878,-2104.22522484524
-788.0335987670234,880.980730330859,-2047.284054546413
-548.1893616480245,677.335082806827,-1509.2657724453306
-521.6831665811923,675.6643503477297,-1478.521870610983
-499.326496986419,679.0517764002032,-1459.9023244296175
-511.1444262634872,843.8958858323521,-1708.8846280176438
-483.0217513940525,840.3187194036689,-1678.7902452361345
-456.62951433030696,837.1918103203517,-1651.7269513678707
-430.91568222224953,836.1142657794645,-1629.2102908694753
-405.78899366066094,834.2993198630021,-1606.910136722026
-381.1036417138937,831.4438675565584,-1584.1769698726846
-357.054380068418,829.8183899498478,-1564.6913982875346
-333.651184336136,827.1142017980912,-1544.7728140004926
-310.2565996848709,822.2907685101309,-1522.256153502097
-288.12447701278603,819.3146744359632,-1504.2861263735701
-266.7423629747173,819.4275894151135,-1492.59478342248
-244.55233262051257,814.97387825308,-1473.7587308901686
-224.2176063424436,811.0787353926034,-1457.5207545692103
-203.58151410333778,809.9310666596216,-1446.4789306709588
-183.64602433427723,807.5055129045336,-1434.3545750179767
-163.58610770691286,805.1752765642411,-1423.096244768779
-144.02012081337267,803.9519682797606,-1414.6524970818807
-124.43786202861476,802.6613738020208,-1406.8582684478206
-105.18779515533389,798.9806276596195,-1395.816444549569
-86.63195621686565,797.0558115101093,-1388.6717349683474
-68.10720566913993,795.9665031651402,-1383.692088896587
-49.352549858578634,792.7152000072008,-1375.6813539115808
-31.71115956802429,790.6142958857063,-1370.4852014888743
-13.550519633776853,788.6335942106793,-1366.155074469952
5.1435031250927175,785.8581678652974,-1361.1754283981916
22.264416347403138,784.8092515953856,-1359.8763902925148
40.65615524520723,783.9464758774527,-1359.6598839415688
58.843702508756834,783.167484833264,-1360.309402994407
75.3467421999613,782.5058364413983,-1361.6084411000838
93.85933344725649,780.249922236354,-1361.1754283981916
110.84056039313322,776.3777641533379,-1358.3608458358922
129.0166898685144,773.5649657497238,-1358.3608458358922
147.05242600164576,772.2487291229622,-1361.6084411000838
165.04218227450718,771.2895957875149,-1366.155074469952
182.7301768191133,770.375067729775,-1371.3512268926586
200.7194132673216,768.3399200631333,-1375.4648475606348
218.9899702251118,765.2838642888039,-1378.7124428248264
236.93671840548114,763.0609356212921,-1383.908595247533
255.91339113026518,761.3927362013692,-1391.2698111797008
274.4928187418781,760.6103359040936,-1400.5795842703835
293.9446888904358,758.9394149061602,-1409.6728510101202
312.4644009254402,756.1048298875663,-1417.0340669422878
331.41018241750834,753.1869333804149,-1425.26130827824
350.54174180159043,750.1363124490821,-1434.1380686670304
370.3872902096717,748.496506923136,-1446.4789306709588
391.43736465126636,746.4683886005297,-1459.9023244296175
412.55425311040517,743.3111756630028,-1472.4596927844918
433.841678153328,740.6679680680838,-1486.749111946935
454.28557122751715,738.1599977474315,-1501.2550374603245
476.57057424058485,735.1703907210892,-1517.4930137812828
499.6619591164082,735.1439942194676,-1539.576661577786
523.4311267039486,733.8233753584268,-1561.227296672397
545.9186542631284,728.9982067382159,-1577.465272993355
568.7605710220118,724.7157893620883,-1595.6518064728284
593.5866706739575,721.2796822476053,-1617.9519606202775
619.8106877090123,720.119592169718,-1645.6647735413796
647.8309123632102,719.094656225208,-1676.4086753757272
673.7152711133681,714.6168547506003,-1701.0903993835836
702.1817648910284,711.822158041965,-1731.8343012179314
731.6546556594483,709.2548659345623,-1764.959772912686
761.7328104565345,705.6810654247349,-1798.5182573093332
793.1520577789113,700.950827976598,-1833.3757798116567
818.0833117960177,691.4104863146489,-1855.2429212572138
829.193055296328,667.7314337915659,-1843.9845910080162
826.6504788458237,635.386399326402,-1805.8794732415008
680.6569284364493,469.7181556757819,-1432.4060178594616
675.7578558576513,444.10101426552677,-1400.5795842703835
674.2244939215961,420.53563751621255,-1376.3308729644193
671.6372881435817,397.1063027391218,-1351.4326426056166
666.7103291013261,373.8535511327947,-1323.9363360354607
806.9328104719381,361.90962961609495,-1531.782432943726
805.1964167283838,338.9385948999769,-1513.1628867623606
0.03489949670250097,-8.547911385714284e-18,0.9993908270190958
523.0412557528672,-82.11067633733293,-1454.644176976586
522.7711381900256,-94.97416307974814,-1459.8124863909086
31.473742466774198,-22.282074738931385,-105.95034299361116
-105.8102551356352,-345.41582683093327,-992.5503307051157
-113.52119719377944,-343.31920109366234,-993.4900233259016
-122.53273494496706,-342.7507015565931,-1000.0678716714029
-130.99163994767764,-342.08112813191,-1006.4107968617078
-139.7562488168441,-340.8138912740617,-1012.0489525864233
-148.25090066901836,-340.19235099492687,-1019.5664935527105
-179.00958939812924,-225.80328862021295,-791.6910330121277
-168.9367905349706,-174.55770775896042,-667.4166839131914
-172.23585503179004,-170.08867261289262,-665.0674523612266
-184.22796417728225,-105.69524431435475,-583.5491175080491
-183.65019760094418,-99.71392152715784,-574.15219130019
-183.5811468781208,-93.79165241534541,-566.3997271787063
-183.44058816957593,-89.28424922078796,-560.5266482987943
-184.15354825706765,-84.16632822992297,-556.2980315052578
-185.28498116691608,-79.0665771886965,-553.4789536429
-186.21624226169723,-74.11620823605747,-550.6598757805423
-186.60601476395433,-69.53721394358472,-547.1360284525952
-186.40037829796594,-64.80890192555422,-542.202642193469
-186.04563064239656,-59.665564995661825,-536.7994096239502
-185.0897464866637,-54.93590690796356,-530.4564844336453
-183.79623464063837,-49.785659733792876,-523.1738666225544
-182.81545117697812,-44.68181945036293,-517.0658645874461
-182.15683408659373,-39.550125623592706,-512.1324783283201
-154.01751643098552,-25.08334536765002,-428.7347582335707
-151.81852171391816,-21.33670176495714,-421.2172172672834
-150.76275738704643,-17.468845411203553,-416.9886004737468
-150.3834118531517,-13.652882956770116,-414.8742920769785
-150.07864472728463,-9.87777822987893,-413.2298299906032
-149.08965187134714,-5.898469472590743,-409.9409058178525
-148.15904699223302,-2.505293701304635,-407.1218279554948
-147.32482612973962,0.32141342067483714,-404.77259640353003
-147.19433497844008,3.6535835941308763,-404.53767324833353
-147.57669892733946,7.209636425739248,-405.9472121795124
-148.16608318729084,10.279577710706919,-408.0615205762807
-149.28008948270042,13.51167109457551,-411.82029105942433
-150.7194283410916,17.838819901566033,-416.9886004737468
-208.52237000879416,50.422793567071196,-589.422196387961
-206.05674576239832,54.25021377052319,-585.4285027496209
-206.22375304031326,59.742816665531066,-589.892042698354
-206.90404769214555,65.17456732742626,-596.0000447334623
-209.07311988170383,70.65297915376634,-606.3366635621073
-210.0694584485619,76.58880915741322,-614.3240508387876
-610.0110391840961,374.27304868952865,-1966.3068089945132
-611.3710732128143,394.426652009452,-1998.9611275668235
-610.5977034207373,414.03742398578754,-2026.9169830352043
-607.5010419906536,432.57683599841545,-2048.999759623673
-603.8720359503387,451.18919800265,-2071.082536212142
-597.2756733893974,467.69301735435255,-2084.2382329031448
-595.7287670857356,488.08687512702306,-2115.952858854669
-595.1437367370648,511.39631002872414,-2155.8897952380703
-592.8621858464554,532.645638668006,-2189.7187295863628
-591.2452672452782,555.8841674926422,-2229.655665969764
-588.9966535088695,579.4372130118703,-2270.062448663558
-582.2710994527755,600.3327938311774,-2297.783380976742
-562.9858602532412,606.3753122268323,-2273.3513728363087
-532.6238828280173,601.3605567447618,-2207.103043070902
-371.19286356825995,462.75518791358024,-1629.8968507531579
-354.238317385953,463.2197544002151,-1602.1759184399737
-337.9929939290007,464.14188997949503,-1577.5089871443436
-346.94537940876774,578.485578266705,-1853.3087713450077
-327.39981504669913,575.7428269571915,-1819.7147601519114
-308.5986584820531,572.0829792755626,-1785.8858258036187
-290.75061717554064,570.2457194733847,-1758.6347398008274
-274.11236086589895,570.2796334546522,-1738.4313484539305
-258.04378069547175,569.1018592980909,-1716.8184181758545
-240.74400559719285,565.869732202224,-1689.567332173063
-223.92960184631363,562.6209162531312,-1663.7257851014506
-208.78715525572724,560.7563538707874,-1643.9922400649466
-193.69200297017755,559.5465242046816,-1626.8428497356037
-179.3318348882553,558.6579503808872,-1612.0426909582256
-165.20910136062892,557.736579090626,-1598.1822248016335
-151.13098973039772,556.1345672909305,-1583.3820660242554
-136.53201934593895,553.3825952574564,-1565.9977525397162
-122.9883065799779,551.2064897683324,-1551.667440072731
-109.54547306656816,550.7222829311661,-1542.7403601752649
-95.89443822154533,549.0967006625065,-1531.4640487258341
-82.26570892681634,546.3750247443567,-1518.0734288796348
-69.71058469121238,544.4118374292935,-1507.9717332061864
-57.088583016021,544.5901691783642,-1504.4478858782393
-44.756966354652455,544.0261784609756,-1499.7494227743098
-31.974381115533596,542.185991951071,-1492.2318818080223
-19.58337879455263,539.694621588716,-1483.7746482209493
-7.039933668199909,537.7805984635708,-1477.6666461858408
5.126008599508897,537.0326665865313,-1475.5523377890725
17.408988825630058,536.2615949175222,-1474.1427988578937
30.13560932600581,535.8684113290678,-1474.6126451682867
42.00437789026446,535.5835198960993,-1476.0221840994654
54.10676320838075,534.4105805555539,-1475.787260944269
65.82394240457509,532.4911076081315,-1474.1427988578937
78.38047494827622,531.3931798409673,-1475.787260944269
90.24291871301476,529.5077204883496,-1475.787260944269
102.287687831196,528.5327497306401,-1479.0761851170198
114.28055217440668,527.7323204490543,-1483.5397250657527
126.82216108189228,526.3548875967928,-1487.5334187040928
139.49283753265334,525.1747005150025,-1492.936651273612
151.39122057844207,523.6495249832067,-1497.6351143775414
164.10322262797598,521.957536796989,-1503.273270102257
176.87285943066567,520.1184763280468,-1509.3812721373652
189.77851721102107,519.6477722940901,-1519.9528141212068
203.18969174883148,519.1456526887313,-1531.6989718810305
215.9420285266368,516.9386490619015,-1539.2165128473177
228.2439495391605,514.1529786859091,-1545.5594380376226
241.067831105672,511.8603607079277,-1554.4865179350888
255.52857611826013,511.11404619195287,-1569.9914461780563
269.66931652556264,510.8653685808317,-1587.1408365073992
283.9926257071484,508.73120287462666,-1600.766379508795
298.43371136416397,506.9559938099349,-1616.2713077517624
313.57700433304905,505.19404544842405,-1633.6556212363016
327.6936239775978,502.80088519829945,-1648.9256263240727
343.2796348560995,501.2299643495058,-1669.1290176709697
359.9510438400238,501.444122019784,-1695.9102573633681
375.93533106469135,498.6000728481589,-1715.6438023998721
391.88882606722643,496.551321688534,-1737.9615021435375
408.5576389997301,494.51999001446706,-1762.393510283971
425.5747666109965,492.00141993850235,-1787.2953647347977
445.2665797956658,491.81478091025417,-1822.7687611694657
463.2228995896505,488.9355807366085,-1850.48969348265
481.8152211405851,486.0383056208985,-1880.3249341926025
501.9782086666456,484.22589209978116,-1916.2681769376636
523.0677129129616,481.67034138765143,-1953.6209586139034
544.2324146029472,479.1200333094817,-1992.1483560661256
560.1720908466922,471.0824373531769,-2010.9422084818439
566.8717702619658,454.7085828000347,-1996.6118960148588
566.1289157121817,431.225866464793,-1955.2654207002788
465.18557436380235,319.3397624036325,-1550.2579011415523
462.7968195790618,302.161256885539,-1518.5432751900278
460.15751171587016,285.44874824164054,-1487.7683418592894
458.39727289122175,269.8482730227419,-1461.456948477284
456.77818426509333,255.31739449335765,-1437.7297098024396
551.9993354112322,246.6683603070321,-1661.1416303942895
550.4086160676394,230.98200271260046,-1639.9985464266065
0.03489949670250097,-8.547911385714284e-18,0.9993908270190958
265.8690122410194,-42.48121194393481,-1526.9444210454285
264.97046548266553,-48.735758999952274,-1527.9292287984408
15.559902262647311,-11.81194631151176,-110.7908722138734
-53.995371510198204,-175.24258805757887,-1039.9569871808917
-58.11310260626103,-174.78991468582055,-1044.6348240076998
-62.3942207191039,-174.23035698753796,-1049.5588627727607
-66.80588187994226,-173.61060339791686,-1054.9753054143277
-71.14715878752467,-173.098096684176,-1061.3765558089071
-75.75714719254825,-172.5540267803637,-1068.7626139564989
-93.66488024418743,-151.45304692383752,-1009.9203507140194
-91.1853352256058,-114.57153080118263,-830.4391377275444
-85.55965657653525,-88.16554292847154,-696.7514852561371
-87.9058312479987,-86.38481977931802,-698.9673027004146
-93.36743453291685,-59.23134796177277,-627.0763367305235
-93.90968034919652,-56.70584249445695,-622.1522979654624
-93.4342177474527,-53.402055013804556,-610.3346049293159
-93.01638776074189,-49.946822950436804,-598.7631138314225
-92.9748201393249,-47.21346027123302,-591.3770556838309
-93.11208560308228,-44.88064265407031,-586.2068149805168
-93.37619732452043,-42.369603971661306,-581.5289781537089
-93.99554241942371,-39.98952780574965,-579.3131607094314
-94.55578861162395,-37.36571573846343,-576.6049393886478
-94.66051734052863,-34.77554186554418,-571.9271025618398
-94.41398511235907,-32.22161089131174,-565.7720541055135
-94.1166587409153,-29.646653026667867,-559.6170056491873
-93.5292233461848,-27.399702947639998,-552.7233513781017
-92.96883202407076,-24.558000409248017,-545.3372932305102
-92.39725415154558,-22.209269632349102,-538.9360428359308
-92.03922296714329,-19.6685004341633,-533.7658021326167
-77.8656673230379,-12.332710139455878,-447.1027198675424
-76.98022817043507,-10.284175793652201,-440.45526753471006
-76.55522776815668,-8.38416101808062,-436.76223846091426
-76.26210131202222,-6.46255429300019,-434.05401714013067
-76.0001539628778,-4.689976659136921,-431.83819969585323
-75.57478948938223,-2.721672818372323,-428.8837764368166
-75.05098198177237,-1.1257683410522268,-425.6831512395269
-74.79760634620949,0.4487588073727647,-424.2059396100086
-74.71941756133583,2.3236765245911304,-423.95973767175553
-74.7788285683757,4.000792140542722,-424.6983434865147
-75.1575942515638,5.564565206916106,-427.40656480729825
-75.74094246022455,7.397270228982322,-431.59199775760015
-76.61341549848868,9.025426512297141,-437.5008442756734
-78.0818049548491,11.19090676331244,-447.3489218057955
-80.20343959737014,13.10686801812685,-460.89002840971335
-105.19475221865574,25.984363569052164,-614.5200378796178
-104.21801265567758,28.199467639853317,-612.3042204353403
-104.5107518782501,30.83352858784023,-617.9668650151606
-105.02660337282465,33.587707212139605,-625.3529231627521
-107.2281477960419,39.5917773753779,-648.249703420286
-312.2448633871033,184.04099607465324,-2055.539982474731
-310.9719173351693,193.022152870213,-2075.7285414114813
-309.86844701238823,202.19341711361844,-2098.3791197307623
-309.0364285128242,212.02280663861623,-2125.461332938598
-307.8679650722028,221.76071529127756,-2151.8049403316745
-306.1240416399753,231.0739157062953,-2175.1941244657146
-302.48972817157755,239.53557896170366,-2188.2428271931262
-301.3026853863041,249.7579087097146,-2219.510473351264
-301.4299717631294,261.88479183884925,-2264.5654280515723
-300.6505312719043,273.5409608636935,-2305.1887478633257
-299.5999777818558,284.9315258785535,-2344.8272599220672
-298.71696644885526,297.4164031254372,-2390.620820437135
-293.4023426832994,306.1576266856383,-2404.900532855812
-281.0486023460614,306.37508119805915,-2357.875962649479
-194.98396324187712,234.83325666659982,-1731.0458278572087
-185.58078271042868,234.35466563788074,-1695.3465468105162
-177.535907166308,235.19750929848934,-1671.218756861717
-169.9099018428251,236.01974245619596,-1649.3067843571953
-173.55192327557035,293.53334937492417,-1933.9162249777235
-163.92162878245685,292.51598491392576,-1901.6637710665736
-154.40662037024126,290.5877643793382,-1866.2106919581342
-145.17586760550418,289.2000042373895,-1835.1892477382496
-136.2937219085319,288.1688634247258,-1807.860832592161
-128.09560434494222,287.9187241298517,-1787.1798697789045
-119.99455952552965,287.2522126384208,-1765.514099212636
-111.63056903652024,285.90284806911967,-1740.6477034490777
-103.69699087584252,284.90514089676975,-1719.4743367593153
-96.2477760351893,284.3007446876431,-1702.2402010816015
-88.63415439578502,283.2650052549998,-1683.2826518361167
-81.28178490451329,282.300683224678,-1666.048516158403
-74.16422817421038,281.6954708086563,-1652.015005677979
-67.0770250346495,280.74468918947446,-1636.9966874445429
-60.09653676230791,280.10168031455737,-1624.6865905318903
-53.45139180787961,279.4566584890148,-1613.6075033105028
-46.52103418267314,278.9332314356926,-1603.7594257803808
-40.12097920546777,277.77636101702365,-1591.6955308059812
-33.4531285193084,276.8215281213514,-1581.355049399353
-27.006576991150467,276.52141000880613,-1575.6924048195328
-20.352736977145167,275.9153233757539,-1569.0449524867004
-14.03861154873905,275.0479732857309,-1561.905096277362
-7.788979870949957,274.5575436530572,-1557.71966332706
-1.567010332901024,273.62162892074446,-1551.8108168089868
4.75952365005374,272.672927292273,-1546.6405761056726
11.152589012751891,272.48632644928307,-1546.6405761056726
17.09963516082198,272.2648429908453,-1547.1329799821788
23.45731846397577,271.5294642734488,-1545.6557683526605
29.111643773633784,270.5886040407559,-1543.439950908383
35.46044264126316,269.9175862297095,-1543.9323547848892
41.40699973208976,269.02559707719,-1543.686152846636
47.58365144699855,268.57523066703806,-1546.8867780439257
53.90624155866512,268.70640166954604,-1554.2728361915174
60.097514145019595,267.96819935051485,-1557.473461388807
66.65825091768954,267.3516418435175,-1562.643702092121
72.89421004876543,266.79936073729675,-1568.5525486101944
79.00253950939748,265.6436699361888,-1571.753173807484
85.47957156363233,265.04519718508334,-1579.3854338933286
91.61096073952677,264.1838115925038,-1585.786684287908
98.42980218236171,263.4814878565399,-1595.1423579415239
105.1161627663161,262.85073213495264,-1605.482839348152
111.4299258072689,261.32279130050284,-1611.1454839279722
118.30235836690349,261.09886882795706,-1625.6713982849024
125.30986411163681,260.70208270832745,-1640.4435145800855
132.04830395592998,260.03532127226663,-1653.9846211840033
139.34588557512902,259.50501272887897,-1670.4801510469579
146.7983400592018,258.3133889444587,-1685.006065403888
153.81118249472416,256.93615004586354,-1698.3009700695527
161.02204419566624,255.0503456203297,-1710.6110669822053
168.39335426357687,254.26392292280397,-1729.5686162276904
177.1930284943724,254.532412762675,-1758.8666468798035
185.50184026201737,254.15350304208107,-1784.4716484581209
193.68630565825518,253.13082002473146,-1807.6146306539079
202.2042280418219,252.08204340169547,-1832.727228355719
210.76438235267915,251.17920985970503,-1859.5632396253018
219.7295979701495,250.0029311734976,-1887.6302605861497
228.81987972787616,248.89423574465505,-1917.420695114769
238.6982941250284,248.12547397307293,-1952.6275722849555
248.9399298800342,247.1810743059063,-1989.5578630229134
258.8201550259668,245.47704702958632,-2023.0413266253283
269.3919515030013,244.16263260128864,-2061.9412328693106
280.59078953545,243.2429380492352,-2106.0113798166067
287.5268960080102,237.9421896029279,-2116.598063161488
287.67641157818247,226.91303118381876,-2077.9443588557588
236.8998294457262,168.00615322795383,-1647.090966912918
235.53457587556497,158.68323568620164,-1610.6530800514663
234.62074085852277,150.1905063001968,-1579.8778377698347
233.36644281984877,141.78444132553037,-1548.610191611697
231.9679671244757,134.01112747998673,-1519.312160959584
230.88404120808542,126.01278589287294,-1491.7375438752422
278.95884894290765,121.29475962523408,-1725.1369813391354
279.6631741008222,114.14622124560744,-1713.073086364736
0.03489949670250097,-8.547911385714284e-18,0.9993908270190958
-2.1247959431851297e-15,-1.8924346938452535e-14,-155.5
-3.968359262393283e-14,-1.2224696459211667e-13,-1049.5
-4.2561534859892736e-14,-1.2166428595850666e-13,-1052.5
-4.574953702503008e-14,-1.2135279506541837e-13,-1059.0
-4.885942559424036e-14,-1.2102633607679837e-13,-1065.75
-5.1793231398441727e-14,-1.2073352978997298e-13,-1072.75
-5.509049528533857e-14,-1.202760785624483e-13,-1080.25
-5.831283200644994e-14,-1.1997394285800284e-13,-1089.25
-6.152673693237661e-14,-1.197020229362974e-13,-1099.0
-6.47281644168271e-14,-1.1929201681584513e-13,-1108.25
-6.816069062890163e-14,-1.1895508987233438e-13,-1119.5
-7.164226505652382e-14,-1.1871881583248463e-13,-1132.25
-6.951898228966708e-14,-4.056768238274089e-14,-657.25
-7.025230053943279e-14,-3.871638769929663e-14,-655.0
-7.090352247575276e-14,-3.698379634625172e-14,-653.0
-7.099168706724627e-14,-3.4913004768414566e-14,-646.0
-7.090431799549415e-14,-3.303968880907972e-14,-638.75
-7.2306502989369e-14,-3.141631850676568e-14,-643.75
-7.263855733323206e-14,-2.9601659925386285e-14,-640.5
-5.778443317714434e-14,-1.8323364589052852e-14,-495.0
-5.729818882636408e-14,-1.676873327656711e-14,-487.5
-5.7294852837821e-14,-1.518476587783943e-14,-484.0
-5.745301230328623e-14,-1.367730430954337e-14,-482.25
-5.767446016525442e-14,-1.2423569470625767e-14,-481.75
-5.820862854380048e-14,-1.1018364588179143e-14,-483.75
-5.892972791938847e-14,-1.0125979231099582e-14,-488.25
-5.972705356956257e-14,-8.610125175978812e-15,-492.75
-6.080631134236877e-14,-7.466076238298045e-15,-500.25
-2.3140177867450543e-13,-5.112340240968283e-15,-1890.0
-2.3099899389953087e-13,6.299520487950739e-17,-1886.25
-2.304180583131994e-13,5.279212784421529e-15,-1882.0
-2.30264378674755e-13,1.0619852865361919e-14,-1882.25
-8.21420857646883e-14,9.540486496821284e-15,-675.25
-8.224179835806417e-14,1.1421136640582079e-14,-678.0
-2.260041992661619e-13,6.387286765305526e-14,-1917.75
-2.2538904235185968e-13,6.931181110886344e-14,-1925.5
-2.248461866294217e-13,7.482361312164899e-14,-1935.0
-2.2423992424347199e-13,8.051035939863834e-14,-1945.5
-2.2442262531759433e-13,8.642877210783062e-14,-1963.75
-2.240229292097009e-13,9.214981673006897e-14,-1978.0
-2.2294416602948454e-13,9.759021824819883e-14,-1987.25
-2.2264940307674993e-13,1.0352758817107295e-13,-2005.0
-2.217549597959556e-13,1.0943263540810249e-13,-2019.25
-2.2035709189851482e-13,1.1509280139844535e-13,-2030.0
-2.201559651113909e-13,1.2148562587978604e-13,-2053.25
-2.2061362041044903e-13,1.2825525781148936e-13,-2083.75
-2.2046387003030127e-13,1.3501774755778272e-13,-2111.0
-2.1986123452518181e-13,1.4167392543968695e-13,-2135.75
-2.1864738166176518e-13,1.4817458301263187e-13,-2156.75
-2.1771729382415036e-13,1.54670017980708e-13,-2180.75
-2.1606681264390513e-13,1.6125298088713989e-13,-2201.5
-2.1371495915041177e-13,1.672541777900011e-13,-2216.0
-2.1326028469533746e-13,1.7492088660950032e-13,-2252.25
-2.1324511900758647e-13,1.8303560611539441e-13,-2294.75
-2.122005864051422e-13,1.9085680004280395e-13,-2330.5
-2.1171552992732568e-13,1.991620834607896e-13,-2373.5
-2.1183626072790975e-13,2.0839814929302916e-13,-2426.5
-2.0745072467143424e-13,2.1400246345265837e-13,-2433.75
-1.9763944031334732e-13,2.1322113704161373e-13,-2374.0
-1.8777242907356697e-13,2.1212153117004735e-13,-2313.25
-1.7819861138529311e-13,2.1072966042764944e-13,-2253.5
-1.683079116920724e-13,2.0877261402259787e-13,-2189.75
-1.595615817091787e-13,2.0759282550763395e-13,-2138.0
-1.5168381913115588e-13,2.0722594112451215e-13,-2097.0
-1.437901620713501e-13,2.064301290851193e-13,-2054.25
-1.3633392974918083e-13,2.0561241408170534e-13,-2014.5
-1.2940722039385664e-13,2.0509803116707262e-13,-1980.25
-1.2225877295325247e-13,2.0410264428559058e-13,-1942.75
-1.1513169540682974e-13,2.0297764492365318e-13,-1905.5
-1.0869592650255193e-13,2.0216071110188342e-13,-1874.25
-1.0264911515320552e-13,2.018683427931332e-13,-1849.25
-9.668473703451622e-14,2.0157085665165236e-13,-1825.5
-9.068477180902845e-14,2.0101987730189588e-13,-1800.75
-8.490958752658228e-14,2.0033818184559086e-13,-1776.75
-7.911628048239543e-14,1.9957045688731147e-13,-1753.0
-7.359962833084194e-14,1.988323245581447e-13,-1731.25
-6.815033525368835e-14,1.98274181801743e-13,-1712.0
-6.297620843693071e-14,1.9766548461401826e-13,-1694.0
-5.789742025114748e-14,1.9723477047838002e-13,-1678.5
-5.274854715860832e-14,1.966457351193602e-13,-1662.5
-4.789492322316024e-14,1.9596184993889412e-13,-1647.25
-4.2930752473181695e-14,1.956673043381735e-13,-1635.75
-3.8315310601873734e-14,1.9512576566658895e-13,-1623.75
-3.363358285095368e-14,1.9446472063868996e-13,-1611.5
-2.872492732807765e-14,1.940122449751641e-13,-1601.5
-2.4299177905143503e-14,1.935361579419617e-13,-1592.75
-1.9549404870493932e-14,1.9308877831261618e-13,-1584.75
-1.5255142702540555e-14,1.9249264120465336e-13,-1576.75
-1.0816225412230474e-14,1.9233304578405433e-13,-1573.0
-6.227550432776102e-15,1.9183171182195104e-13,-1567.25
-1.9301169716436126e-15,1.9128009232579367e-13,-1562.0
2.6032202095690225e-15,1.9090468775747295e-13,-1559.0
7.010421222973317e-15,1.9033413264216675e-13,-1555.25
1.1207314068037123e-14,1.900411668056919e-13,-1554.5
1.5619133527866876e-14,1.8985240100290514e-13,-1555.5
1.9583108778143623e-14,1.892998700571393e-13,-1554.0
2.391012110025819e-14,1.8877127129379615e-13,-1553.75
2.815677782190175e-14,1.884013995739344e-13,-1555.5
3.257764988411372e-14,1.877496224751893e-13,-1556.0
3.695252384580342e-14,1.873746849205469e-13,-1559.5
4.118257296156031e-14,1.8721170844478408e-13,-1565.25
4.582349341187053e-14,1.8682375147018876e-13,-1570.75
5.01356736084549e-14,1.8609352684278534e-13,-1573.75
5.438132092398098e-14,1.8563130849554178e-13,-1579.5
5.893028377275723e-14,1.8549093747476997e-13,-1589.25
6.341197634708073e-14,1.8481642238868685e-13,-1595.5
6.802285963125379e-14,1.8392051225674469e-13,-1601.25
7.252486428836059e-14,1.8367428177026738e-13,-1612.5
7.746720005306346e-14,1.834742920732236e-13,-1626.25
8.192704599155425e-14,1.8280235947596181e-13,-1635.75
8.671114577975261e-14,1.8217711391239127e-13,-1647.5
9.176295362672058e-14,1.8205436389649442e-13,-1664.75
9.669479008584873e-14,1.8149807758135517e-13,-1679.25
1.0190951717119306e-13,1.8069891241156027e-13,-1694.0
1.0716829732935758e-13,1.8002196845639655e-13,-1710.75
1.1235304872769275e-13,1.792581029986249e-13,-1727.5
1.1761269626374726e-13,1.7864450780471318e-13,-1746.5
1.2283083253130276e-13,1.777836079573434e-13,-1764.5
1.2876373074436685e-13,1.7763523210777985e-13,-1791.5
1.3487432122272584e-13,1.7736873635721528e-13,-1819.5
1.403986912285045e-13,1.7640657828075088e-13,-1841.0
1.4668363596694192e-13,1.7558729291092876e-13,-1868.25
1.5295592022172072e-13,1.751823014721417e-13,-1899.0
1.5955215568792739e-13,1.7450240182176222e-13,-1930.75
1.6625460395979465e-13,1.7376666557392558e-13,-1963.75
1.7335835796918655e-13,1.7298056066571448e-13,-1999.75
1.8052763436163696e-13,1.7225241532182326e-13,-2037.5
1.879981558681826e-13,1.715155404146195e-13,-2078.0
1.9568567681159653e-13,1.706699093390162e-13,-2120.25
2.012804787764403e-13,1.6731036896505747e-13,-2137.25
2.0239328528831964e-13,1.6045089120618467e-13,-2109.0
7.03255971175623e-14,4.545215371928962e-14,-683.75
6.950159165295227e-14,4.279947907208556e-14,-666.5
6.920822371894063e-14,4.031047409395051e-14,-654.0
6.912173024140325e-14,3.816708341364914e-14,-644.75
6.896109015218737e-14,3.587497217699373e-14,-634.75
6.858307590702584e-14,3.3774939501653246e-14,-624.25
6.84981300554462e-14,3.1532781942350433e-14,-615.75
6.804242629063558e-14,2.947543494261024e-14,-605.5
6.713074998101186e-14,2.7378468395710683e-14,-592.0
0.03489949670250097,-8.547911385714284e-18,0.9993908270190958
-55.13192922419343,-174.52417203218414,-1037.9873716748673
-59.158323539761014,-172.87962397049532,-1036.263958107096
-63.370526300499925,-172.35206974248086,-1041.43419881041
-67.55883540417025,-171.92043296230085,-1047.5892472667363
-72.1700549849519,-171.4501403598568,-1054.9753054143277
-76.56427853482572,-170.96141951709694,-1062.3613635619195
-80.86153643967506,-170.3659380052435,-1069.5012197712579
-85.59105835475208,-169.69439489595462,-1077.8720856718617
-90.32880753910483,-169.4376347892655,-1088.9511728932491
-95.12311635710033,-168.98869966834752,-1099.7840581763833
-99.78035554786784,-168.6563777151981,-1111.3555492742767
-96.64454388416269,-60.46353171097791,-646.5262898525145
-97.58788558643593,-57.914653725592416,-643.5718665934779
-101.69978967174099,-54.145908453317396,-653.4199441236
-102.12750429294837,-51.721222611829106,-649.2345111732982
-102.59663289219708,-48.593086455328546,-643.818068531731
-102.98749718701822,-46.18992619750284,-640.1250394579353
-104.50232830667134,-43.78795712572652,-642.5870588404657
-83.74988844005019,-27.56593529117455,-500.0361365919486
-83.2158897226356,-24.9214447101078,-492.65007844435706
-83.0095469221733,-22.971835410834856,-488.46464549405516
-83.29774659172394,-21.034068915338132,-487.23363580278993
-83.9365669814882,-18.92073291673525,-487.97224161754906
-84.78798673949466,-17.22623276537313,-490.68046293833265
-86.03650600682387,-15.557934702959505,-495.85070364164676
-87.92168060530977,-13.777993881132089,-504.7139734187566
-328.0523279541623,-2.862869294506545,-1860.548047378314
-116.56950955539985,9.97431868108807,-663.5142235919751
-115.97205405882713,12.541000350142479,-661.5446080859507
-116.44160439638243,15.200626933074405,-665.9762429745057
-128.0247778942439,25.502008352004196,-740.3292283269274
-320.3483037469801,87.90035271828833,-1883.937231512354
-319.65987321412155,95.3517023756052,-1891.8156935364516
-318.68558941952034,103.1630283843208,-1899.6941555605492
-317.6431870466862,111.02316366725275,-1908.3112233994061
-317.54473855327075,119.31768935811816,-1923.8219455093483
-317.73828466872425,127.56895581322166,-1941.794687001821
-317.07558374813715,135.40774879966213,-1955.3357936057391
-316.0246788682318,143.50066007346066,-1968.3844963331508
-315.5438741736647,152.306382527423,-1987.0958436403828
-314.3405781424583,160.48859412684632,-2001.621757997313
-311.77397894793603,168.1802031145571,-2009.0078161449044
-311.14917414181974,177.27398569173639,-2030.919788649426
-311.4358808315792,187.01398119677685,-2060.2178193015393
-310.64984834863435,196.47955350732653,-2084.5918111885912
-309.63041388986136,205.79099024016526,-2108.4733991991375
-308.53537773664806,215.03718171920488,-2132.8473910861894
-305.00967929467873,223.25888726251472,-2143.680276369324
-302.35833303321436,232.00770897671586,-2161.4068159235435
-302.27556058262434,243.14438673956997,-2200.0605202292727
-302.0376438484469,254.5646352768245,-2240.1914361645204
-300.78142758684476,265.52457229490324,-2275.3983133347065
-300.2028946299999,277.04957539061917,-2316.7602389612193
-299.3023332385157,289.5064950032987,-2361.568991723275
-296.20292165590104,299.61512646447693,-2389.38981074587
-286.4971241895301,303.55862764365565,-2367.231636303095
-272.42516400263975,301.89588253904833,-2306.173555616338
-257.9640911411918,299.7124763912423,-2242.6534555470507
-244.69692244501937,298.3299270669465,-2188.2428271931262
-232.3145477712995,296.8481549640419,-2137.7714298512506
-219.58606662910023,294.22874080553345,-2082.129791806061
-207.69363607552242,292.52356399117656,-2034.6128177232217
-197.48603971866325,292.09728370225946,-1999.6521424912885
-187.88762608805567,291.9290226815542,-1968.876900209657
-177.57254446816188,290.66093130350487,-1931.700407533446
-167.44391540983696,289.1102552505443,-1894.7701167954883
-158.1980467783854,287.7983598621878,-1862.5176628843385
-148.96729889626752,287.11870142163053,-1834.4506419234906
-140.40760563395915,285.89680078313285,-1806.3836209626425
-131.87419194559448,285.4427862971365,-1783.2406387668557
-123.59705775997875,284.25377214961617,-1757.8818391267914
-115.14998256929601,283.0043948170944,-1732.76924142498
-107.71110951788995,282.66874223221146,-1715.5351057472665
-100.10431906370754,281.9525812937822,-1696.8237584400345
-92.75430980677747,281.0285865218537,-1678.3586130710555
-85.05067178001877,280.09948771153495,-1660.1396696403297
-77.91360835795054,278.8790055383788,-1642.1669281478569
-70.85051349061482,278.3381681608634,-1628.8720234821922
-63.93251091131102,277.95943288728887,-1617.5467343225516
-57.256752521502335,277.5494998710099,-1607.2062529159234
-50.320384366726756,276.5522131427397,-1594.1575501885118
-43.78335454235572,274.98100655382035,-1579.1392319550755
-37.01003644544982,274.7477946325365,-1572.2455776839902
-30.832837168890844,273.9367545180331,-1563.3823079068802
-24.277383680048782,273.20073954058773,-1555.5038458827826
-17.870450670826354,272.6503895773997,-1549.5949993647093
-11.50577944697958,272.0371334868657,-1544.1785567231423
-5.4855848541356345,271.79086969448076,-1541.7165373406117
0.8887607018181632,271.5842956384834,-1540.2393257110934
6.882765787255743,271.324817296083,-1539.2545179580811
13.194912127897776,270.091508015511,-1533.591873378261
19.426587524099144,269.36671915349984,-1531.6222578722366
25.08221532820678,268.94265989624574,-1531.8684598104896
31.235885431498886,268.297579748958,-1531.8684598104896
37.48222634398215,267.75947151219435,-1533.345671440008
43.59568190879464,267.22816631931545,-1535.5614888842854
49.873577990321785,266.6579771922171,-1538.5159121433219
56.147539640094045,266.2952012941503,-1543.439950908383
62.266178139088936,265.7339636599423,-1547.871585796938
68.42355196027519,264.57424436428,-1549.8412013029624
74.84432972387006,264.27417447116375,-1557.71966332706
80.95271740794914,264.0116935055801,-1566.0905292276639
87.32716055091214,262.6586132540165,-1569.7835583014596
93.47069618253634,261.45786026841165,-1574.7075970665205
100.2458112574373,260.93655228854686,-1585.2942804114018
106.97769630890653,260.8791039201032,-1599.0815889535727
113.61775966158315,260.33165476846904,-1610.8992819897192
120.24282289368017,258.9670137175971,-1619.270147890323
126.80158656769694,257.6593750365864,-1628.625821543939
133.7132524241638,257.03188310424093,-1643.151735900869
141.4979571558763,256.25703484433467,-1660.1396696403297
148.91265534523674,256.1466920048804,-1680.32822857708
156.28247871154326,255.18600849069588,-1697.0699603782875
163.56933303676198,253.99242531785887,-1713.319288302989
171.5943128423133,253.95062415021448,-1738.185684066547
179.75279912857803,253.31695053731588,-1761.5748682005872
187.46159644023695,251.90022053133308,-1780.778619384325
195.5089070310004,250.23998957354328,-1800.9671783210754
204.31301340930196,249.927500576662,-1830.7576128496946
213.46262256692842,249.5189662382031,-1862.2714609460854
222.56927809674366,248.41162895973017,-1891.5694915981985
232.15123519024485,247.45926684474526,-1924.3143493858545
242.11947949256955,246.92077522125368,-1961.2446401238124
252.06998975375467,245.4217722758767,-1995.2205076027335
261.53273377598657,243.35039164576716,-2025.9957498843648
272.649719256184,242.54883600405492,-2069.573492955155
283.59331866657516,240.87715436723713,-2110.196812766909
288.0208401252188,233.3647580154071,-2102.318350742811
287.2634655598215,221.79727889921895,-2058.2482037955147
99.95712307486438,63.10636533459976,-670.4078778630607
98.87810875055752,58.97242403693803,-652.9275402470939
98.29078672560453,55.75187810877619,-640.8636452726944
98.356747101776,52.57277662179504,-632.4927793720906
98.02410110874058,49.54238175221407,-622.8909037802216
97.61392835020511,46.23311629095883,-612.5504223735934
97.25185133219162,43.4901247706052,-604.1795564729896
96.39924972943628,40.54726285621411,-593.1004692516022
95.02123452179912,37.130841875523714,-578.5745548946722
0.03489949670250097,-8.547911385714284e-18,0.9993908270190958
30.30712105024872,-22.863980882845144,-104.30588090723582
-6.134963766236867,-52.57085580340359,-145.4174330666193
-111.86526600759707,-340.80387189861193,-985.5026360492213
-120.29814453159771,-340.0061263553858,-990.9058686187403
-128.50405164617123,-339.4600336665902,-997.2487938090452
-137.60612608399197,-338.45928716004295,-1003.8266421545466
-145.75644027606648,-337.7325653303709,-1010.6394136552444
-154.96744615495118,-336.1503764811943,-1016.9823388455493
-163.25931427553203,-334.96301039577304,-1023.7951103462472
-173.07023015754567,-334.24319311986255,-1034.1317291748921
-181.9500144638598,-333.5900488609804,-1043.9985016931441
-191.45715695465447,-332.87017001566977,-1055.0398899873785
-192.94637753256112,-112.31156214100402,-613.3843582180017
-196.73640870471985,-107.86350055948128,-616.4383592355558
-199.6592544176532,-104.21300116954089,-618.7875907875206
-200.66747652164298,-98.82222093182035,-614.5589739939841
-201.14264273112923,-92.86108369127561,-608.6858951140721
-204.80392668640334,-88.65309862601065,-613.1494350628052
-168.03267594504229,-58.012103855826716,-488.40523965347586
-165.93897857833028,-52.0717078627625,-477.8336976696344
-165.24181247196745,-47.87038914020248,-472.6653882553119
-165.44290151905747,-44.2819385406056,-470.5510798585436
-166.70076239441627,-40.02131217336078,-471.02092616893657
-168.20261789739138,-36.520368293711975,-472.9003114105084
-170.07369343419003,-32.48174828275778,-475.71938927286607
-173.29150506358968,-29.582349900998967,-483.00200708395687
-227.56930337155438,-4.530971302934194,-625.3654391330219
-227.61338126622013,0.6827931757682749,-625.3654391330219
-228.04762502060223,6.033870655171376,-626.7749780642008
-229.2097893318784,11.448336877908776,-630.5337485473444
-229.34532849942326,16.288807182803424,-631.7083643233269
-229.34357541534132,21.51529493929765,-632.8829800993093
-230.35977224061267,27.3285787391776,-637.3465200480423
-232.0167237684345,33.124163094903906,-643.9243683935437
-242.38101422021208,45.40142363269099,-677.5183795866399
-241.17934917802327,50.577219363541914,-677.048533276247
-240.18518272524423,55.86522461724074,-677.5183795866399
-629.7262951495233,179.45652269418872,-1799.0415224946214
-629.1258238672609,194.9726060558414,-1809.613064478463
-627.7376954620999,210.41887267847082,-1819.009990686322
-626.0934963231447,225.5618376751162,-1828.406916894181
-626.4255119233407,242.0315677068544,-1845.086460913131
-625.4592400247019,258.2747313655886,-1859.1818502249196
-621.8724681507404,273.0233827846549,-1865.9946217256174
-620.3355923506055,289.67925248211645,-1881.029703658192
-619.1312431910567,306.5821763465027,-1898.1790939875348
-616.1241599764368,322.65838572437235,-1910.8649443681445
-615.4731624863308,340.28521150989036,-1932.242951491024
-615.9134713805455,359.4152454376647,-1959.259114338619
-614.0024321412635,377.41374941204754,-1980.1672751511053
-611.7662989441548,395.3908249567734,-2001.3103591187883
-609.4385261372996,414.22258812587194,-2024.5677514832394
-607.4042666085043,433.00738014293586,-2049.469605934066
-601.2979024364188,449.777154782819,-2063.0951489354616
-594.3362686955749,466.1762198174232,-2075.3111530056785
-595.2631563346453,488.51984736556807,-2115.7179356994725
-595.4380190714849,512.4966076493157,-2158.473949945231
-593.1517844301147,534.3692354694446,-2193.4775000695063
-591.4199800075163,557.5696536176506,-2233.1795132977113
-589.1431645362368,581.4813356955336,-2274.2910654570946
-576.7556614887508,596.2709582392613,-2279.2244517162208
-551.701919465569,595.8490631345499,-2231.0652049009427
-524.3154135764164,592.9565264110051,-2174.6836476537883
-470.10873491485637,583.7839563910987,-2059.336378452318
-446.08938862624115,581.0268610883638,-2012.5866705682192
-423.4592225809398,579.1799736934457,-1971.240195253639
-401.833074473844,576.5501502049939,-1930.833412559845
-380.9282864676797,574.8384115332711,-1894.6552466595876
-361.23360954980535,573.213146142167,-1861.5310817768843
-341.0902386843039,570.1319422510725,-1825.3529158766269
-322.13113905074476,567.9185017648517,-1793.873213080299
-304.368835461116,565.717700432375,-1764.9776649911323
-286.410285076373,564.0117158973293,-1737.9615021435375
-269.7516097820724,563.1726864886906,-1715.6438023998721
-254.00339415079893,563.0463649837984,-1697.0848731393505
-237.49731423498642,561.2098972276008,-1674.2973270852922
-221.2919707161276,557.3205253515999,-1647.5160873928937
-205.51671314151605,555.677008629362,-1627.7825423563897
-191.34819891259903,553.7525020418494,-1609.693459406261
-176.28542765554306,552.2712466717343,-1592.7789922321147
-162.11733924399138,551.1604087415643,-1578.4486797651296
-148.0874554254133,549.0746429930178,-1562.473905211769
-134.208949146856,547.1738947339227,-1547.9086695895874
-120.67916631270391,546.4638963708951,-1537.5720507609424
-107.96586996415073,545.8925174320818,-1528.8798940186728
-94.2407369365306,544.0034345538545,-1516.8988131036524
-81.39237028449263,541.577777201688,-1504.6828090334357
-68.15769169475466,540.4719290168645,-1496.6954217567554
-56.06222764892403,540.4847309730166,-1492.936651273612
-43.06790711486077,539.7022175378378,-1487.5334187040928
-30.534521122701957,537.7299805426412,-1479.7809545826092
-18.27185025887739,535.8051148659279,-1472.9681830819113
-5.688173311633827,534.803750271974,-1469.4443357539642
5.822825835611728,533.7761797923049,-1466.6252578916065
18.140712577593646,531.9596236109093,-1462.3966410980697
30.455852780428202,531.225517283617,-1461.926794787677
42.75358617494808,530.2916681154982,-1461.6918716324803
53.61582314106497,529.5615829287366,-1462.3966410980697
66.23810600941891,528.7344905515033,-1464.041103184445
77.74414826531505,527.0790995843788,-1463.8061800292487
90.01211448466152,525.5569304726863,-1464.980795805231
101.78104502891158,525.1471172967086,-1469.6792589091606
114.50274436633212,523.9212680099,-1473.4380293923043
125.98507445726258,521.6311856527454,-1474.37772201309
138.06608152327135,519.803126080152,-1477.6666461858408
150.79431912851862,519.4604289907634,-1486.123879772914
163.2318489548547,518.1979972549834,-1492.7017281184153
175.8605828134106,516.2178783202696,-1498.3398838431308
188.24060859709226,514.565556344221,-1505.387578499025
201.20970076171074,512.8501954274424,-1513.609888930902
214.14486631718088,511.85136336060356,-1524.4163540699399
227.48227985910788,511.68446363615266,-1538.5117433817284
240.76339134831207,510.4914349615236,-1550.727747451945
253.99915175124974,508.0548569284967,-1560.5945199701973
267.8302016450355,506.7116884306801,-1574.6899092819858
283.23625769428446,505.43136679498963,-1591.8392996113287
297.01689871257327,503.9203380780947,-1607.1093046990998
311.686130739811,501.53701865358096,-1622.3793097868706
326.6011045989629,499.63391467488987,-1639.9985464266065
342.58588853503534,499.63226527148504,-1664.4305545670402
358.36442903329237,498.3726340183526,-1686.513331155509
373.4450210864706,495.01631048739586,-1703.6627214848518
390.0105832615976,493.89443369220385,-1729.0344222460712
406.9155653397773,491.43966964592124,-1752.996584076112
424.10788355263475,489.7654401829761,-1780.0127469237068
442.2617215726906,487.96061453064164,-1809.3781413232664
460.7975804405556,485.579332045813,-1839.213382033219
481.9835418709881,485.14848532702376,-1878.9153952614238
501.4055934699327,482.35539023699204,-1911.5697138337339
520.3678849867658,478.9220096299354,-1943.0494166300618
542.9507914440827,477.72898412995875,-1986.9800466518031
560.0361191008565,470.44685705298247,-2009.5326695506649
565.2413163443587,452.6412547130041,-1989.5642013589643
564.6817126222677,429.88022835193084,-1949.8621881307597
199.30184846263705,123.48210522501319,-644.1592915487402
197.2229554402328,116.68089213476802,-629.5940559265586
195.90705552436472,109.36258436389143,-616.4383592355558
195.1075617651088,102.58312821871999,-605.631894096518
194.34548351873082,96.36826351855467,-596.0000447334623
192.8404136346303,90.4356775320932,-585.1935795944244
191.5616413204917,84.78845598117866,-575.5617302313689
190.2001280859158,78.1764731880685,-564.9901882475274
0.03489949670250097,-8.547911385714284e-18,0.9993908270190958
33.10348288970694,-56.374196629050765,-113.23282154481537
30.092400985658642,-56.484045560833636,-110.85125168440815
26.612315033848855,-56.827345429284144,-108.68618817494706
24.63454376271529,-56.48698857792708,-106.73763101643208
23.03206042508311,-56.07954009775151,-105.0055802088632
21.398046214014844,-55.65307038450694,-103.27352940129431
19.56583861188514,-55.39621340320711,-101.75798494467155
18.81240797839486,-54.7321562799642,-100.24244048804879
17.830292539203,-54.271044701262575,-98.94340238237213
14.412645334868323,-54.501525478203796,-97.64436427669547
13.85394387371728,-53.8721529562713,-96.34532617101881
11.009326164705248,-53.88686980516808,-95.26279441628826
9.981948347730475,-53.45092452131431,-94.1802626615577
5.861906610246329,-53.93237015830799,-93.9637563106116
-58.32189551710049,-756.8813131054909,-1314.843069295724
-75.02738620093028,-751.2628643290285,-1307.6983597145024
-91.83402290890267,-746.2456216698139,-1302.2857009408497
-108.60977404974959,-743.3575717518872,-1301.203169186119
-125.99859759327855,-741.7496168044355,-1303.1517263446342
-142.8843914904994,-738.3007860407502,-1302.502207291796
-159.85204404908833,-734.3020999652174,-1301.6361818880114
-176.97587496246828,-731.0072197360766,-1302.718713642742
-193.89880109102938,-727.6072119869767,-1304.2342580993648
-210.5613180689602,-723.8725350212301,-1305.7498025559876
-227.9064082919403,-722.1400359760337,-1311.5954740315324
-245.55196540087343,-719.5028108268709,-1316.7916264542391
-262.6109840714241,-716.6491704767668,-1321.9877788769456
-280.1539572506024,-715.2130982174665,-1330.431526563844
-298.0091348113751,-710.6711237935417,-1334.7616535827663
-315.67600979756537,-706.426018305022,-1340.1743123564188
-333.02140583989467,-703.1221396403472,-1347.5355282885866
-351.6302438720049,-699.0439339515895,-1355.3297569226465
-369.73992800201626,-696.2955739239362,-1365.5055554171138
-387.98139854647843,-691.4630865107106,-1373.2997840511737
-406.2103242416843,-687.8912981746938,-1383.692088896587
-426.28277243750995,-685.5184610373304,-1398.1980144099764
-446.69261397323606,-682.1305587985025,-1412.2709272214734
-465.54271396416175,-677.7647408761262,-1424.1787765235094
-485.14837257831294,-673.1390042811472,-1437.169157580276
-507.5151026902095,-670.4470047411248,-1456.4382228144798
-528.9290284519086,-666.8192022474457,-1474.191743592061
-550.2124350736855,-663.3964063177349,-1492.8112897734263
-573.5754524204723,-659.4597791985879,-1513.8124058151989
-595.7169913871157,-655.8332609533331,-1534.5970155060254
-620.0744861357091,-650.9290526958649,-1557.1136760044208
-308.19338039808986,-163.76153479617315,-604.4857318415383
-298.99161961778367,-141.71195088394808,-573.0923109543523
-297.3107678200539,-131.88582121763488,-563.3495251617774
-295.44383887456615,-122.28246223829221,-553.8232457201485
-245.95905819882282,-86.94772748581802,-451.8487544245309
-243.4161934253289,-78.87060544539287,-443.1885003866865
-243.2414650799863,-72.26791934006258,-439.5078924206026
-243.93428045772941,-66.64707377349583,-437.99234796397985
-245.58463856010374,-60.80448423679941,-438.208854314926
-248.13288531261614,-55.43585235599859,-440.3739178243871
-251.69018889948532,-51.34992148719783,-444.9205511942554
-257.1939559359351,-45.85664106783515,-452.49827347736925
-323.5705833371188,14.038989417924538,-560.9679553013701
-326.8104312908582,21.24128055186899,-567.2466394788073
-933.354975049083,145.48154926355986,-1636.138494099751
-933.0356812948611,166.35648448628066,-1641.5511528734037
-932.0631974440922,188.83642649207005,-1647.1803179980025
-931.3874336642832,210.4844745753474,-1653.8920148773318
-929.4746477263553,232.55191863101751,-1659.5211800019306
-927.2095790161678,254.96085426131748,-1665.5833578284216
-924.8822108865936,277.53294689194365,-1672.5115610586972
-922.6807863827967,300.0753720984508,-1680.5222960437034
-924.1760509455182,324.1512262567375,-1696.3272596627694
-925.9619262855289,348.5073911620707,-1713.647767738458
-915.0694441297717,368.5514379568074,-1708.6681216666975
-903.0293592854815,387.09717935997975,-1701.7399184364222
-901.4303839620754,410.8054935063369,-1715.8128312479191
-853.0908875108917,540.2138466809962,-1748.938302942674
-798.6230796940717,559.5265339597006,-1688.9660437306015
-402.95296635025755,476.7776939093608,-1081.2327166248717
-380.5469194244888,471.77490155955894,-1049.839295737686
-334.3253621644071,457.79233047162114,-981.8563015406074
-319.9330660893146,459.30697330074383,-969.5154395366791
-301.4403095939606,455.69658806808843,-946.3492599854454
-283.48901467084806,451.209202239883,-922.9665740832655
-269.61537704244165,451.49979411652225,-910.8422184302834
-258.9563877427227,457.12195295373925,-909.976193026499
-247.2282638921099,461.01838483719195,-906.079078709469
-236.80140679619987,466.319733379728,-905.8625723585229
-231.90396757496333,577.1521028489719,-1077.3356023078418
-219.65484236102748,583.1265007289173,-1079.2841594663566
-204.06085054671038,582.8082182623655,-1069.541373673782
-190.330286023624,584.1498291082223,-1064.1287149001291
-175.62906588824697,585.8665136703255,-1059.3655751793146
-147.58008676874488,589.172732409036,-1052.004359247147
-119.27677871501672,589.5551713447765,-1041.8285607526798
-105.03827726077682,588.1948744337101,-1034.9003575224042
-91.34635301269503,589.2112577771067,-1032.735294012943
-77.91928516816388,589.3715593739506,-1029.7042050996977
-64.62609858399762,590.0966937772243,-1028.1886606430749
-51.06044093433189,591.0485545804096,-1027.5391415902366
-37.59883885147989,590.9300660332154,-1025.5905844317215
-23.861852316377394,590.8933936244601,-1024.291546326045
-10.4799487879909,591.157113780593,-1024.0750399750987
3.0589826226209955,590.3670750053008,-1022.559495518476
16.608884660142188,591.1417220729272,-1024.291546326045
30.421932264001377,589.7158265108071,-1022.7760018694221
43.37896116533654,585.8963353087439,-1017.5798494467155
55.67650033932717,583.223493126747,-1014.7652668844161
68.70060881410599,580.4485130901543,-1012.3836970240088
81.75010308945643,577.1136684136524,-1009.5691144617094
94.76444164730204,573.9797584403782,-1007.6205573031945
107.53452156721688,572.3608715629587,-1008.703089057925
121.39404784597927,570.34923579555,-1010.0021271636017
133.74989590075893,567.321981745407,-1009.5691144617094
146.33907724170183,563.9474843432206,-1009.1361017598172
158.5460973334446,556.3500561879488,-1001.9913921785956
211.5872931620373,550.7547706305974,-1021.9099764656377
225.21207292185653,547.0828665158874,-1024.7245590279372
238.49395880695695,544.8377686179487,-1030.13721780159
310.0097787430201,597.9098486257803,-1166.536218897639
327.45863479027895,598.81306974822,-1182.1246761657587
344.2995777703127,595.2192380729846,-1191.0014365545494
711.546390293508,1023.3046345469556,-2158.7848252836598
742.6445445735438,1018.6532634022989,-2183.466549291516
776.2120024001182,1015.5875096858952,-2213.9939447749175
810.2500699241684,1011.8097087337519,-2245.1708593111575
844.3015253232695,1006.1993760367775,-2275.0487357417205
875.272867602066,996.4117972704136,-2297.1323835382236
905.5818061730763,983.9507888244759,-2316.1849424214815
942.0064710644517,978.6758651860674,-2352.774515731374
981.921358922513,974.4520693788714,-2396.075785920596
1017.6264742797952,966.7468642151745,-2431.1498147738657
764.9115040663079,657.6374027129375,-1747.2062521351052
731.2327146353109,570.9805421790428,-1606.910136722026
725.8057876471764,538.908117045811,-1565.7739300422652
719.0163395017817,508.444583169551,-1525.2872424153427
712.5360191814813,479.76392253795774,-1487.8316437016656
269.84699655856787,155.11015746339834,-539.100813855813
274.81207180185027,150.08527848185065,-542.3484091200047
280.9826352959369,144.03756857900117,-546.895042489873
282.970515466124,136.96469618787174,-544.5134726294658
284.88158446399325,130.8615024874949,-542.9979281728431
289.89144786683346,124.82823830636615,-546.6785361389269
291.6437330260895,117.36938958521935,-544.5134726294658
277.4972863209749,95.97341668136457,-508.57341837241165
272.6708540819866,87.11869968152618,-495.79954366659115
270.15812279557593,79.54388293621622,-487.7888086815851
269.57749799503614,73.33732473806407,-483.8916943645551
270.3372404703118,66.93299944643721,-482.37614990793236
270.7837229158859,60.10878495538469,-480.4275927494174
270.9507349120922,53.20446292931747,-478.2625292399563
271.35925608180065,46.8566405510651,-476.9634911342796
272.7543784736848,40.53531205546415,-477.61301018711794
274.8233398650677,34.657349370797,-479.77807369657904
0.03489949670250097,-8.547911385714284e-18,0.9993908270190958
357.121283253552,36.64899595080312,-427.83582148194915
361.03138363891355,29.206450422494473,-431.66604369754407
365.765186275211,21.370120427069217,-436.6453325778174
371.8989228563884,14.307229418669916,-443.5397325658882
373.1101108022723,4.57897979825651,-444.68879923056664
996.3844508647835,-143.08197258775473,-1199.6255979243194
991.1472933926625,-165.30549937938991,-1197.5189757057422
966.5874433814749,-351.8090582063249,-1225.8626201011443
969.8029542007152,-378.3541325357872,-1240.6089756311846
974.528509447192,-406.15605346856165,-1258.2279978229212
974.5470131073498,-431.35116170881656,-1270.1016866912653
970.4355670073062,-457.36365681170196,-1278.5281755655742
52.260816435765854,-76.39648394668733,-110.31039980913282
50.11301873161897,-75.13242398598358,-107.62924425821639
47.25984386214784,-74.49653822976916,-105.13959981807972
41.844408806780166,-75.10243105228786,-102.4584442671633
41.64437670086201,-72.81644697690615,-99.96879982702661
38.78824452400751,-72.37768150803188,-97.86217760844943
34.01277690523594,-73.1488544137594,-96.13857761143173
32.1046647796803,-72.4269632212621,-94.41497761441403
28.287309115734722,-72.62340961769927,-92.88288872817607
29.507336148889433,-70.74539548009186,-91.35079984193811
24.101925667630432,-71.57867770960142,-90.0102220664799
21.975161164715615,-71.25157789439943,-88.86115540180144
20.614454794390305,-70.6532642055631,-87.71208873712297
18.320558665892918,-70.28655874244421,-86.5630220724445
17.717772656614187,-69.44628682434137,-85.41395540776604
13.692822837344616,-69.53190365917486,-84.45639985386731
13.874855120735367,-68.67627971831473,-83.4988442999686
-61.64832278874459,-985.8782625251831,-1177.2187979630894
-83.47432487087619,-975.5614816193806,-1166.877197980983
-105.5549978956403,-971.1569284669815,-1164.1960424300667
-127.41476751759623,-965.7759691176014,-1160.940353546811
-148.9449218595437,-960.7392288138457,-1158.642220217454
-170.53079078514514,-957.959640029381,-1159.5997757713528
-192.04147464962398,-953.2245368486276,-1158.8337313282339
-213.9068966001908,-947.7335338380068,-1157.876175774335
-235.8707206773977,-943.832468695522,-1159.408264660573
-258.10808832779173,-940.6616210537743,-1162.4724424330489
-279.8125302921146,-937.1187677404644,-1165.536620205525
-301.8542356617792,-931.6044754464897,-1167.068709091763
-324.08028376450056,-928.0234123233021,-1171.4734646396969
-347.5363871190446,-925.6785066862233,-1178.3678646277679
-369.1649706905218,-920.2115257934166,-1181.6235535110234
-391.7865366036383,-914.6575306463827,-1185.8367979481777
-415.20224479005043,-912.3965926113165,-1194.6463090440461
-438.5083046469801,-907.8560686002099,-1201.5407090321169
-460.7188534395234,-902.3858146383044,-1207.477553466289
-484.47343002594243,-897.5353518094265,-1215.5210201190382
-509.03623692728786,-894.0210438424142,-1226.0541312119242
-534.1818402902529,-890.6776372306119,-1237.7363089694886
-558.4910512639162,-885.154743993679,-1247.3118645084758
-584.3408805882168,-879.7119048279267,-1258.6110200444807
-609.1217273368596,-875.4939671347311,-1271.0592422451641
-636.5513165543354,-870.1353298728999,-1284.8480422213056
-663.6690598622058,-865.8878057383204,-1300.1689310836853
-690.2742554593888,-860.5445420646547,-1314.7237755029457
-719.0590556349335,-854.5720654687321,-1331.0022199192242
-749.1566997696175,-850.4992876035001,-1350.7278643295379
-779.3364500060202,-844.9286081844301,-1369.8789754075121
-810.2009020503433,-839.4455993567357,-1390.370664260945
-387.1013249013986,-202.99040761323585,-520.910221320905
-389.633506401638,-193.07153099390285,-518.2290657699886
-385.94826314610043,-179.97063075664715,-507.50444356632283
-382.4555301354168,-165.80056259169862,-496.7798213626572
-314.6125452666408,-108.52176192449855,-396.61951042485083
-312.4235286992867,-99.81973196890306,-390.8741771014585
-312.77416880636764,-91.53564396961713,-388.38453266132177
-314.989974073406,-84.21720097258536,-388.5760437721015
-317.69629137407196,-78.1990708902468,-389.91662154755977
-322.4025186208526,-70.73733023745578,-393.36382154159514
-328.6684584356935,-65.09673632996963,-399.30066597576723
-467.47434855436364,-11.986107708793257,-557.2973323690564
-420.59454845496396,19.053112559044692,-501.75911024293055
-426.30832157596416,28.992707768279192,-509.2280435633406
-1202.032671693301,193.07241918839966,-1450.8881752673442
-1198.5591951493511,220.78775328124155,-1452.4202641535821
-1197.5927230594075,249.09964463411765,-1457.782575255415
-1195.6373542201186,276.72159681909363,-1462.5703530249086
-1192.960557888545,304.7055518263653,-1467.358130794402
-1190.8110660397801,334.44159098660316,-1474.0610196716932
-1190.3137073676494,363.56050128944247,-1483.2535529891209
-1188.8901171364741,393.4755790941624,-1492.4460863065488
-1190.240711249138,423.67936088340446,-1505.6603529503511
-1188.153696077015,453.4890311454989,-1515.6189307108978
-1174.2351298246078,480.3922750271165,-1511.9802196060825
-1158.6325501136994,504.539360127459,-1506.0433751719106
-1077.2964513530287,690.8654970507071,-1525.194486249885
-1011.3453921918253,716.8180315231581,-1477.316708554949
-579.5478298398102,629.3573256029235,-1019.6051537913596
-516.2108087182997,616.5607148642682,-958.3215983418413
-487.4759636670165,610.787229580222,-931.3185317218973
-409.30659942457925,593.8085983045878,-859.5018651794932
-385.3888692377928,587.815713580105,-837.6695985506024
-362.48408447235767,581.8597451526244,-816.9863985863899
-345.2394420980859,585.7349434798192,-810.2835097090989
-332.9342638172317,593.7370714444525,-811.2410652629976
-296.1675369619675,747.0812619893273,-957.7470650095021
-276.63466264990643,747.339548792119,-949.7035983567529
-258.2304407358421,748.6289826528276,-943.7667539225807
-240.06304068566922,749.2529415254808,-937.638398377629
-221.08624725415513,749.3754684822142,-931.1270206111176
-149.91300572854752,755.817782701032,-918.2957761888748
-131.59373180637962,753.5127719900977,-911.5928873115837
-113.09314023625512,753.9108207040845,-908.5287095391078
-96.18996869281106,754.4713725784222,-906.4220873205306
-79.22879787150431,755.7942789459737,-905.6560428774117
-61.172871537087985,756.1797525107856,-904.1239539911737
-43.780477562124716,756.4199793382877,-902.9748873264951
-27.446199910996125,756.384617302792,-902.0173317725964
-9.90307773235305,756.496200183353,-901.634309551037
7.225692130460272,757.0086232641443,-902.2088428833762
24.382921848986292,757.4542427473409,-903.1663984372749
42.165863640607604,757.1554864673644,-903.7409317696142
59.5103908292616,756.1512098063666,-903.932442880394
74.64578069524691,753.6769831770044,-902.5918651049357
92.22972534445046,749.461109793476,-899.9107095540193
109.30243939227584,746.6749084319529,-899.33617622168
125.86358694893842,743.4104355978643,-898.5701317785611
142.02077285025675,740.3300051369459,-898.3786206677813
159.61192724427954,737.0665536111511,-898.7616428893408
175.3781809919343,733.1445355855931,-898.3786206677813
192.68687573506188,729.451644471426,-899.1446651109003
226.27765237125993,721.0879775357024,-900.6767539971382
258.89028285724186,713.1099212333702,-904.1239539911737
276.28405977690744,711.0372526202892,-909.103242871447
293.915398178683,707.9358202106192,-913.5079984193811
311.2888843485169,703.8101350435323,-917.1467095241962
401.3519173107303,767.9194224365966,-1032.6279093243822
423.44289606037853,767.3622190001537,-1044.5015981927263
444.80107065761143,763.1911763678494,-1052.7365759562554
924.5681232485953,1319.6540238231903,-1920.2819077884978
965.2599621678963,1314.1924302760424,-1943.2632410820672
1006.6187490312221,1307.4160836534315,-1966.4360854864162
1049.5194022202174,1301.8455690295962,-1992.864618774021
1094.7215324643598,1296.001409192288,-2021.7827965017625
1133.5966113504942,1281.2978862081686,-2038.8272853611597
1172.4591261345759,1266.279212056355,-2056.6378186636757
1221.3843654609075,1261.33414307985,-2092.450396379488
1269.9770952752974,1253.4609957576672,-2126.5393740982827
1320.6990869126155,1245.7884287576865,-2163.692529589553
937.2132760488646,728.5339765611517,-1414.6925753299724
932.0025946998389,688.8592991868081,-1381.178130943517
922.8422107269207,648.8099798025279,-1344.4079976738062
915.7944077745653,611.9142600009199,-1312.6171532843687
352.3844498281452,200.51284823874886,-483.1825324972953
359.9610880161279,193.79375242113503,-487.20426582366997
361.6618097303891,185.02191903750736,-484.140088051194
364.3079564651393,175.35405192362475,-481.8419547218371
367.19413759782054,166.13217055941197,-480.30986583559917
372.76473237914075,160.27280207119927,-483.5655547188548
375.5301543047331,149.82133986085688,-481.8419547218371
356.4398938820617,123.27599635636068,-449.4765770000603
350.93557967575657,111.28119149246757,-438.7519547963946
348.021318881551,101.54194326669116,-432.04906591910355
347.5622985215688,92.41828375356155,-428.6018659250681
348.02097778000467,84.75793534124185,-426.87826592805044
348.85561105556496,76.14255444096639,-425.53768815259224
348.94920183644103,67.7301022857462,-423.62257704479475
349.1417359735502,59.503512563940056,-422.0904881585568
350.49687031004777,50.91722408903246,-422.0904881585568
0.03489949670250097,-8.547911385714284e-18,0.9993908270190958
420.72507782660364,51.076317476297376,-355.6222450590779
424.49300378795897,43.21199453357298,-358.03269859540245
429.38995726061177,33.675901809970135,-361.4073335462568
435.626485727931,23.54502855620841,-366.0675437164842
442.6953568026951,15.459262509973755,-371.6919353012414
445.2474213779138,3.7641840209431034,-373.620298130301
1184.2743603716353,-172.37116305239584,-1004.1949432327962
1180.905095258571,-199.9339046350464,-1004.9984277449043
1167.2266589961948,-396.5750838212392,-1034.4059608880634
1164.6296312413808,-427.4908799626291,-1040.9945338873506
1160.4299988806617,-455.27870499315105,-1045.9761378624212
1165.993237859758,-487.4466718705183,-1060.4388590803683
1165.6439790544168,-520.1212319670746,-1071.0448546401963
1160.8429217935775,-549.8127849774861,-1077.794124541905
71.16713129119235,-92.64214559106165,-98.02511047719726
62.98928928526263,-90.3245209425313,-92.40071889244004
59.46977510164089,-89.47744047088106,-90.15096225853715
54.46697580611298,-89.48345710952427,-87.90120562463426
49.48239454378803,-89.49870528351302,-85.812145893153
46.16045468690026,-88.67340842639774,-83.8837830640934
42.75597681465002,-88.0280197033468,-82.1161171374554
39.83621339950004,-87.28640026985893,-80.50914811323905
40.88864435325184,-84.88922430388195,-79.06287599144434
33.759732551716176,-86.32480490940804,-77.77730077207126
32.08504309446797,-85.53080521886822,-76.65242245511982
30.369749188781768,-84.73203886764155,-75.52754413816838
28.52481960684069,-83.95618193494458,-74.40266582121693
22.99761587212752,-84.44501863488954,-73.43848440668712
21.76505483511288,-83.78209342299252,-72.63499989457895
20.482647850626815,-82.92167940549118,-71.67081848004914
15.956750299046496,-82.9353097068444,-70.86733396794097
15.261232460778976,-82.09233693353153,-70.0638494558328
11.702145575774797,-82.28790718382098,-69.74245565098953
-74.44292636271499,-1175.0545887864016,-987.964556088211
-100.39900035669011,-1162.165522982004,-978.8048326501778
-125.7541610368841,-1156.998978819237,-976.5550760162749
-152.2863827006085,-1151.874823414665,-974.9481069920586
-178.33620145572988,-1146.192082894402,-973.3411379678422
-203.92066067499815,-1141.9178848714728,-973.3411379678422
-230.45297457972828,-1135.8833298883164,-972.537653455734
-255.6790005592321,-1128.5087969096107,-970.9306844315178
-282.44650500933693,-1123.6884649574554,-972.2162596508908
-307.85621946025407,-1120.76826840119,-975.2695007969019
-335.2945247277163,-1116.267528295853,-978.0013481380696
-360.26715020127455,-1111.8826567003084,-980.7331954792375
-387.3961431326259,-1107.391340384315,-984.4292242349351
-414.47856836422824,-1103.0676954539758,-988.7680406003192
-440.0249853769749,-1096.843133365492,-991.6605848439086
-467.2102592030637,-1089.9190268379546,-995.035219794763
-494.87716520466756,-1086.6940677625425,-1001.9451865988932
-522.8888815728972,-1081.7981757189496,-1008.212365793337
-550.6165328251299,-1074.8423155589314,-1013.3546666708293
-578.2478554074615,-1069.1682599422315,-1019.9432396701163
-607.4223376130493,-1064.7897760262076,-1028.6208724008845
-637.3826903041019,-1060.7829338784907,-1038.4233834486045
-666.9387625040547,-1054.4833888885287,-1046.940319276951
-696.8882380003341,-1048.5288656962066,-1056.4214365198275
-727.0607182370231,-1042.5806008618783,-1066.5453413723903
-759.1777941296837,-1036.572992364894,-1078.115518346748
-792.1238412045011,-1031.7331924564744,-1091.453361247744
-823.9553912905411,-1025.4808528417202,-1103.8270227342098
-856.5088338736447,-1019.0531718364808,-1117.0041687327837
-892.533742582723,-1013.8290200164486,-1133.3952527797906
-928.7770141342922,-1006.9467042894199,-1149.464943021954
-965.1469739271308,-1001.0766615468797,-1166.8202084834907
-461.1685910626149,-242.63253318676345,-437.2562714892684
-464.8785577809377,-229.8835016404367,-435.16721175778713
-461.75182330878386,-214.70550533780275,-427.29306353912705
-456.87351470678135,-198.95062567223923,-418.13334010109384
-374.8700361050846,-129.53567879245068,-332.8032849152058
-374.0185713540892,-118.71304001099827,-329.2679530619298
-375.3529029290551,-109.73864752056528,-328.1430747449783
-378.06316064973976,-100.74940486981012,-328.30377164739997
-382.309229166266,-94.21374776401625,-330.3928313788812
-388.40903648741545,-86.66401891970722,-333.9281632321572
-396.86594754845095,-79.05406184236516,-339.55255481691444
-540.3887445013575,-26.104442876787317,-453.96874934111844
-557.2773893053147,-15.353239838484065,-467.788682949379
-497.5874677244284,12.215086711304146,-417.65124939382895
-501.0350118389948,23.107864693395367,-420.86518744226163
-508.02603584447087,34.96780312659067,-427.29306353912705
-1432.3986560043936,228.47163782225334,-1217.1183389414623
-1428.3421654051333,262.3109027280947,-1218.564611063257
-1428.0139928300491,294.9965185336308,-1223.5462150383278
-1425.5547667830083,329.5247568478081,-1227.7243345012903
-1423.4841098311233,363.1723018119758,-1232.7059384763609
-1421.5399938654427,397.1518405746516,-1238.4910269635398
-1419.5820796841608,431.89409442130653,-1245.0795999628267
-1419.3210923444615,467.5927984515629,-1253.9179295960166
-1420.6909963602495,504.4014994932749,-1265.0060158631095
-1416.2809934381492,539.674800926535,-1271.7552857648182
-1400.1999427809806,571.0546938913734,-1268.8627415212286
-1382.8768004915182,600.8435787061401,-1265.1667127655312
-1287.770960247648,824.3558170115602,-1283.0040689343325
-1205.7402574633384,853.6129620078829,-1239.6159052804912
-691.216994283943,749.8028437920185,-855.7110053952056
-614.9956804884212,734.9561883738687,-804.1272997178608
-581.2286115632678,727.4412894607873,-781.3083395739886
-488.5642720394631,707.1410102190209,-721.2076980682972
-459.0113373860603,700.9421026262177,-703.0489480946525
-432.00502832586176,693.8763762898218,-685.8543795355375
-412.1041326483743,697.4376173158073,-679.7478972435154
-396.87484194920415,707.3130418126799,-680.5513817556235
-353.3736023230254,889.9661431669958,-803.4845121081742
-330.2326544216069,890.6442123227409,-797.0566360113088
-307.9903487184523,892.0973214318332,-791.9143351338165
-285.7357032620549,892.6380834441215,-786.4506404514809
-264.10219907427194,892.4877696541929,-780.9869457691453
-178.69662266624218,900.9364095088827,-770.7023440141606
-157.31706316093425,897.9158834966049,-764.9172555269819
-136.71018070288898,897.9904189582468,-762.185408185814
-115.83617188723885,898.7968839175886,-760.4177422591761
-94.6668344110396,900.6947643141738,-759.9356515519112
-74.37744339732129,901.0594431525105,-758.6500763325381
-52.87936737991711,900.8496941189901,-757.2038042107433
-32.70910734698851,901.4240850535988,-756.8824104059001
-12.05812567275343,902.3197883755173,-757.2038042107433
7.381096495535777,902.178649487719,-757.0431073083217
28.541855507010716,901.9488684914435,-757.2038042107433
48.754126294836276,902.0413227298728,-758.0072887228515
69.46184459631937,901.4517049326109,-758.6500763325381
89.4682339258424,898.3391672913059,-757.5251980155866
108.4765893079972,893.5417378151997,-755.2754413816838
128.83281208847325,890.2539900539956,-754.7933506744189
149.51514229437817,886.0437370408036,-753.9898661623107
168.59263634633496,881.4426192781515,-753.0256847477808
189.05814659000472,877.6726020813105,-753.3470785526241
208.72479302085657,873.5983313587326,-753.6684723574674
229.1122885478,869.2665484896761,-754.3112599671539
271.08443692430075,871.3561492474953,-765.7207400390901
311.88081725916135,861.2676921549713,-768.6132842826794
328.1996406664162,847.3826970645647,-762.5068019906573
349.60433154608506,842.719189123398,-765.5600431366684
369.7553760846756,838.4715172210192,-768.9346780875227
478.04646587633414,914.6615479835809,-865.9956071501902
504.8525847731416,915.4827741691744,-877.2443903197046
530.0788349674814,910.6523768697119,-884.1543571238349
1099.2915179825886,1575.4311769369128,-1611.9506281914191
1146.1785477328324,1564.979555770458,-1627.6989246287394
1194.0911291235311,1554.4137051221571,-1644.7327962854326
1245.1720444257576,1548.8546677820098,-1667.5517564293048
1300.8037711193977,1544.241232946444,-1694.2274422312962
1348.5569185541933,1530.14221182272,-1711.4220107904112
1397.7985631709644,1514.614033181394,-1729.4200638616342
1452.9829358431198,1506.2510767339083,-1756.0957496636256
1509.147465946154,1493.588810191282,-1781.6465571486656
1570.8210010641096,1486.5880231365222,-1814.7501190475223
1173.139781386851,1005.8354177667014,-1296.6633056401715
1116.0444644082008,869.9906322769446,-1187.3894119934598
1113.194519178822,823.7206131273804,-1161.9993014108416
1090.802342598707,731.8666306648447,-1102.2200537099934
419.4413132925071,241.4025886897426,-406.08107241947124
428.2694927363776,231.473896613919,-408.49152595579574
430.17813590277876,221.7047507697175,-406.08107241947124
433.9370971327787,209.4522978201441,-404.3134064928333
437.1060346768189,198.6251469295243,-402.86713437103856
443.96356867418876,191.17221483285743,-405.59898171220635
449.26208537215496,180.94384928440496,-406.40246622431454
428.26774767002905,147.98716370011513,-380.20887112958803
419.9052215007864,135.54982055756196,-370.2456631794467
416.1760222873659,123.64740197581577,-364.29987778984616
415.78663147072086,111.65278592022639,-361.24663664383513
416.207650117618,102.32668986154378,-359.63966761961876
415.7743473156253,92.41289758409211,-357.38991098571586
415.0314447723261,81.96674410473675,-354.97945744939136
415.66794393811165,72.24200451415845,-354.01527603486153
417.66060222478643,62.30335670039573,-354.3366698397048
420.83476839427533,53.3037162198574,-355.9436388639212
0.03489949670250097,-8.547911385714284e-18,0.9993908270190958
480.0308605688693,49.659286911018356,-278.6249999999999
1271.2926616168684,-1412.68809580144,-1097.2499999999995
1148.6408968374358,-1402.740452689838,-1046.7499999999995
1115.3875507579091,-1426.0271032186847,-1045.2499999999995
1087.6089881510788,-1458.1432976196086,-1050.2499999999995
1064.9627030534145,-1498.2019652253716,-1061.2499999999995
1048.5151211207203,-1551.747636789308,-1081.2499999999995
801.879575477802,-1384.5328937701481,-923.7499999999997
766.2073068021181,-1398.4196562112695,-920.6249999999997
734.4605878680668,-1415.5950453319954,-920.7499999999997
705.1779103957646,-1438.8512471985641,-925.1249999999997
682.2053436137539,-1476.6391454989403,-939.1249999999997
710.7466829490446,-1735.945319610307,-1082.9999999999995
449.2208387050791,-1604.535022389074,-961.9999999999997
407.9494439029446,-1598.991850735731,-952.7499999999997
310.86254706276287,-1508.9715792001027,-889.4999999999997
274.2923998790548,-1507.4640464182185,-884.6249999999997
191.36866307524699,-1432.4534745211774,-834.3749999999998
115.59943346486556,-1333.8754705678496,-772.9999999999998
84.04939940500792,-1326.6892810525221,-767.4999999999998
55.83836488112985,-1337.4936911561124,-772.8749999999998
-6.946958825188547,-1273.6879176776708,-735.3749999999998
-36.11307650979616,-1248.936154324951,-721.3749999999998
-64.75704738742184,-1235.6380726930777,-714.3749999999998
-123.09567584930049,-1267.5271760744242,-735.2499999999998
-150.03298858980585,-1238.6728883001401,-720.3749999999998
-178.28683395365482,-1227.2659878114368,-715.9999999999998
-204.5517758182526,-1220.3087694860671,-714.3749999999998
-232.01131275389702,-1209.4353024259767,-710.9999999999998
-259.03195530915593,-1205.7091051031819,-711.9999999999998
-289.9875316287614,-1206.4355156305944,-716.3749999999998
-318.44202580621453,-1206.8536978753616,-720.6249999999998
-348.07337947155105,-1207.6588278062036,-725.6249999999998
-377.60776148624126,-1212.5918793911455,-733.2499999999998
-434.2125476132409,-1112.9800766389394,-689.7499999999998
-1170.173655207671,-2404.201697894318,-1543.7499999999995
-1241.2023046265367,-2408.32950953348,-1564.2499999999995
-1307.9859623723632,-2404.317555926597,-1580.2499999999995
-1226.8678001168578,-1434.1001788269264,-1089.6249999999995
-1224.0201695564567,-1364.6419114163186,-1058.3749999999995
-1227.151633461653,-1305.9270808002248,-1034.6249999999995
-1229.7157906371808,-1250.0033984484098,-1012.3749999999997
-399.3794986141656,-316.61522955584087,-294.2499999999999
-401.9845337304328,-143.21437259062563,-246.37499999999991
-395.07077579403665,-128.6045449760547,-239.87499999999991
-391.414787703565,-119.31743991124321,-236.24999999999991
-391.8384747076924,-107.74637633697549,-234.62499999999991
-392.8089667256105,-98.96293515735192,-233.87499999999991
-394.84969452203694,-90.47798412240479,-233.87499999999991
-398.64849343687297,-81.10595265152526,-234.87499999999991
-404.4107348862879,-72.90161183905737,-237.24999999999991
-412.5147966958944,-66.6050298922307,-241.24999999999991
-1624.8904550830084,163.6178653299638,-942.8749999999997
-1619.8569479617606,200.6872941045604,-942.3749999999997
-1621.9686990674047,238.33650422373708,-946.4999999999997
-1625.901680861464,277.0991008138911,-952.2499999999997
-1621.592603615317,315.2056715861834,-953.7499999999997
-1620.812486913993,353.30166963046963,-957.7499999999997
-1621.2359858493112,392.9671424714957,-963.1249999999997
-1621.9417889156414,433.1760852922619,-969.2499999999997
-1620.7096887872801,471.4348891109334,-974.4999999999997
-1615.81376887422,511.40259514055066,-978.4999999999997
-910.1594808897437,369.4617926410153,-567.1249999999998
-902.0819050741184,389.3146851042859,-567.2499999999998
-80.84564621027445,564.080651581707,-328.9999999999999
-24.770723689141914,687.8278004870959,-397.3749999999999
23.086818814642484,567.8600581763257,-328.1249999999999
34.427167258362715,570.5390172061545,-329.9999999999999
117.79175751843721,702.7184882552314,-411.3749999999999
134.29682588138834,705.2624423278077,-414.4999999999999
151.65199840048547,706.8290764082496,-417.3749999999999
166.37569697408566,699.7262428667281,-415.2499999999999
181.35446848667485,688.8325226496755,-411.2499999999999
198.8343012989612,694.1319885309666,-416.8749999999999
215.24547349587561,689.219618854931,-416.8749999999999
229.5459129587831,544.9030608456139,-341.3749999999999
244.89356049977297,544.8334065572192,-344.8749999999999
383.3430730899864,783.7986194258864,-503.74999999999983
405.3326847363709,784.3727444170953,-509.74999999999983
428.1540852205268,785.49400335647,-516.4999999999998
450.889192818286,783.4280328624159,-521.8749999999998
473.35262151745115,781.9830453421331,-527.7499999999998
497.8675205733868,781.0253641579818,-534.7499999999998
522.3680351365955,781.3176740241659,-542.6249999999998
547.1146529348681,780.9073610512062,-550.4999999999998
569.6866850274266,774.2945698521086,-554.9999999999998
1487.0356284157986,1722.937329046542,-1313.9999999999995
1552.9348337049535,1719.043964611077,-1337.4999999999995
1621.9341096733526,1715.709486117364,-1363.1249999999995
1695.0535469890312,1714.5802614167426,-1391.9999999999995
1771.5614493442492,1713.5801793897197,-1422.9999999999995
1850.591067929342,1710.6687871414904,-1454.9999999999995
4200.219564248986,3246.6645364281267,-3064.999999999999
4208.823895054162,3101.949724334055,-3018.624999999999
1290.0284101792226,844.2714301724694,-890.1249999999997
1236.4292266743603,728.7667248855727,-828.6249999999998
1224.4538349653335,685.2885180080638,-810.1249999999998
1213.6050440827157,642.7403004728973,-792.8749999999998
1208.5624114434427,603.8020351456353,-779.9999999999998
1201.6662890379473,565.9416283193599,-766.8749999999998
569.4648469303198,208.50020380236415,-350.1249999999999
573.9845688964225,195.71474534073323,-350.1249999999999
588.0782599347044,186.83187011901964,-356.2499999999999
519.3807327324644,122.74649217508595,-308.1249999999999
512.8853117345009,108.1403203342946,-302.6249999999999
509.511625077781,96.30200301966117,-299.3749999999999
502.262720976017,81.23636265717262,-293.7499999999999
496.28967714979905,68.50725402866709,-289.2499999999999
0.03489949670250097,-8.547911385714284e-18,0.9993908270190958
540.8640598153684,63.2677801072598,-198.20067305722503
545.0335324474712,50.53124945863532,-199.226733487202
544.3762834001569,38.36487243300228,-198.6281982363821
543.6901078334673,26.11530861176426,-198.1151680213936
542.0356920036455,13.45413675076528,-197.34562269891086
540.3230761258714,0.4420508815735764,-196.66158241225952
540.9266148059735,-10.474863423969603,-196.91809751975376
547.3062599550968,-24.194992820772562,-199.39774355886485
558.4865681491934,-35.07583444364091,-203.6729953504357
1457.2296273295653,-257.35867340805623,-538.5962207020968
1450.5633154243988,-291.4146994535155,-538.5107156662654
1453.045042573915,-327.12475419732004,-542.1019271711849
1450.579217745687,-359.98977410016823,-543.9830379594761
1446.6160138702007,-395.6645542958924,-545.8641487477672
1443.7206276440172,-428.9346219562268,-548.1727847152156
1442.8113335417386,-464.4516101469782,-551.6784911843037
1444.4434656630128,-501.7720584130818,-556.5522782266944
1442.8415307463968,-539.4563432704819,-560.6565199466024
1442.0763367028258,-575.3301205504048,-565.1027818098362
1442.9530074786032,-613.8909136507268,-570.7461141747096
1440.319597937104,-652.6003195758958,-575.534396181269
1438.9431763566938,-691.6468484655676,-581.0922235103111
1436.340554913952,-731.852066869609,-586.7355558751847
1424.5800283669507,-766.9570920650987,-588.8731817709701
1279.89846664634,-848.6529785526814,-558.9464192299741
1424.2057873381998,-1038.9057172503803,-641.6297888789545
1422.389806998673,-1089.590386089655,-652.1469082862188
1422.2266622322184,-1140.8200300840174,-663.6045830876287
1420.326084284863,-1193.1158001290455,-675.14776292487
1382.7891875921084,-1218.0207548116844,-670.7015010616363
1385.1176122951115,-1335.404293587355,-700.2862434593067
1406.2335371979814,-1483.4805619148997,-743.9793167691608
1378.2912523507184,-1521.5437367457353,-747.2285081307547
1307.8743678897993,-1514.5189131317372,-728.3318952120115
1249.6789290680629,-1515.9817649305326,-715.0786146581419
1211.7220608312002,-1540.5155218665811,-713.3685139415135
1181.7567831226218,-1575.3834154119625,-716.7887153747702
1158.3416435144884,-1620.1937918418803,-724.9116937787549
1143.199758887224,-1678.029879616569,-739.0200246909387
873.6863753273944,-1495.3222607201087,-630.3431241492075
836.701719238071,-1510.4211269663836,-628.4620133609162
800.57613313775,-1526.6932337636963,-627.4359529309393
770.8333664046445,-1553.4719294971685,-631.1981745075216
546.6571937082005,-1760.5238753295737,-670.9580161691306
496.7468341177948,-1741.3197884809167,-659.0728161885636
457.2086370270636,-1752.116515871342,-659.0728161885636
346.45494358822395,-1640.9413176003006,-610.4204508004873
308.1828266919869,-1635.4113992945024,-605.7176738297593
217.94366120162553,-1560.0092359277473,-573.3112652496521
182.74980182721367,-1558.6093749363158,-571.1736393538667
68.86827525411302,-1458.657482709042,-531.4993027280892
1.1356863735729028,-1388.1604594903365,-505.2492567278441
-29.291744436698725,-1359.419680749513,-494.9031473922426
-60.0783924616648,-1342.4167488623723,-489.0888049557063
-90.71463261576771,-1333.8665391964332,-486.60915891659516
-121.42803559674819,-1341.5652211123165,-490.2858754573461
-152.92485345089523,-1348.7441258497388,-494.04809703392846
-183.47066804912922,-1334.496356043219,-490.2858754573461
-211.6020939228082,-1321.9994154150554,-487.2931992032465
-242.46061084503657,-1316.21156640728,-487.12218913158364
-271.9261312179023,-1310.9210806418246,-487.2931992032465
-302.3331757125155,-1309.5488565944718,-489.17430999153765
-333.2778566695252,-1309.2911193404677,-491.7394610664802
-365.7694929003786,-1310.591050669913,-495.24516753556827
-401.58686943448834,-1319.9660070590216,-502.1710754379131
-462.2506630465968,-1312.1750234859487,-506.36082219365255
-1237.9107265125667,-2602.636326312231,-1048.975779579826
-1310.1614874130396,-2602.843838358773,-1060.6044644528986
-1388.0461460846495,-2608.818557908059,-1075.5678457233967
-1470.6333310951957,-2620.972722028046,-1093.86592339132
-1328.668439894161,-1588.7174225242625,-753.8123958897738
-1327.815692707809,-1512.418788810742,-732.521641967751
-1328.7209993962092,-1445.2896228067764,-714.5655844431534
-1333.9368163416552,-1383.5955050288524,-699.516698136824
-1335.2124306941876,-1323.6110510729177,-684.2968017588316
-422.66604616603786,-143.47578944800574,-162.45956807969264
-415.9979199582423,-132.16211964722194,-158.86835657477312
-413.9278534148522,-120.40406312408348,-156.90174075065053
-414.6541279596448,-109.89513964141884,-156.13219542816776
-416.4961170043006,-100.71292460520583,-155.96118535650493
-420.1382976756798,-90.02191146145957,-156.38871053566203
-424.30941718686535,-81.27718404608238,-157.2437608939762
-431.1892965393755,-73.6077203502429,-159.2103767180988
-440.51998080279344,-64.2403773882559,-162.03204290053554
-451.0963077861415,-58.01184909439091,-165.53774936962367
-1762.3046669085209,156.11895624420836,-643.9384248464028
-1757.852878912444,195.91282314713547,-643.7674147747399
-1760.7807195896441,235.7203171309772,-646.5890809571767
-1757.7796440751988,275.94854868428723,-647.6151413871537
-1758.915743430945,318.559158767806,-650.6078176412533
-1764.1440246021843,360.9236422386915,-655.3960996478127
-1761.1394815968288,402.5461167786986,-657.533725543598
-1759.200687450718,444.7378589206264,-660.4408967618663
-1759.0050386375306,486.78225255578445,-664.2886233742801
-1751.2980126853033,528.6438200796567,-665.8277140192456
-1746.7680176367126,571.2481582308504,-668.9058953091766
-978.9505247944467,407.0593274736184,-385.88422670718575
-95.65850565703883,608.2575966368786,-224.1086989141444
-37.31965426569046,751.297613290742,-273.7871247321978
15.638277525105636,616.4749642042509,-224.45071905747008
29.37402229359965,615.0325360379762,-224.1086989141444
42.58386592608089,613.7883090925384,-223.93768884248158
114.57011734211761,755.3303932546124,-278.06237652376865
132.59752419648038,760.4842271990914,-280.96954774203687
184.09680004215267,749.6844212439491,-280.96954774203687
200.8741509168398,748.0403276182278,-281.91010313618244
221.6858040047805,752.9205068903083,-285.6723247127648
232.78632060014937,617.4766455530955,-240.18364565045084
241.40319190342214,601.2672567552565,-235.82288882304857
253.44716788041535,591.6930242994654,-234.28379817808306
447.3920494042804,849.7899365097113,-349.5445864788334
471.17121305120776,850.5623189814776,-353.9053433062357
498.32082753266053,849.6857946957942,-358.5226152411322
523.2546484008783,848.6702723691003,-362.8833720685345
548.9184413387778,848.2958087724284,-367.7571591109253
575.8666590244449,848.7554193778976,-373.3149864399674
600.7093993397359,841.1926685557094,-376.2221576582356
625.5281266494751,836.7314309503121,-380.2408943423122
1635.2991972458487,1866.7542557123459,-903.275198523091
1709.1671932044903,1865.2286876927658,-920.8037308685316
1787.019309586934,1864.7076422804746,-940.0423639306005
1865.0193007120506,1860.954891756022,-958.9389768493437
1947.2925466546233,1857.0162150905376,-979.3746804130524
2038.1499354316513,1858.438276487081,-1003.9146256966691
4549.828336230703,3469.5711894434835,-2082.5606527099967
4554.6160811730915,3312.9192419478472,-2049.8977290223957
1398.8698103811075,904.1038862197939,-606.2307040447478
1338.8277856741602,777.3601122154089,-563.4781861290392
1327.8870587095569,731.3330392419508,-551.763996220135
1316.417346875562,687.1096604546725,-540.477331490388
1307.5455336460263,644.3668641152842,-530.5587473339436
617.8646808373458,222.2165960778056,-238.986575148811
627.6883526706044,210.40233288065946,-240.9531909729336
558.5027331702048,130.06399444181838,-208.71779246448932
554.9595878607391,115.58965866007172,-206.32365146120966
550.6019466818932,99.87520851087632,-203.6729953504357
543.6248062513368,86.25368688242074,-200.33829895301045
539.8931569763905,71.07828254628569,-198.20067305722503
0.03489949670250097,-8.547911385714284e-18,0.9993908270190958
568.4766314959818,62.729021096800665,-100.84617918006977
570.2819024273588,49.423103048595415,-100.93300326890324
569.7096590539471,37.49677829101393,-100.67253100240285
568.4644555763559,24.043139131315215,-100.32523464706898
567.1399230400197,11.137197631958896,-100.02135033615185
567.246713481705,-1.7016230890630262,-100.02135033615185
568.7936149743965,-14.273519445762224,-100.32523464706898
577.1243703319144,-28.667842926790367,-101.88806824607136
591.1304842994602,-41.82188039172696,-104.4927909110753
606.2420599761891,-56.3727779309412,-107.35798584257967
1522.3978811892787,-278.2966405009889,-272.888111203581
1518.361648510329,-313.22865718475356,-273.365643692165
1519.0413284741453,-349.38956846550445,-274.84165320233393
1519.2298234768482,-386.276281480748,-276.4044868013363
1516.027543702171,-422.2131029954558,-277.4897879117546
1515.3828369730886,-459.6863579912727,-279.22626968842394
1517.9242649751839,-498.2425837325906,-281.7007562201777
1517.168686433484,-536.3265352536895,-283.7411223077641
1511.925385879549,-574.2322174726122,-285.17371977351627
1508.6846381491941,-611.4633674613193,-287.0404376834358
1505.9861838292152,-650.4310406517976,-289.25445194868917
1504.4102223645102,-692.0508051124696,-291.9894107469433
1507.7719148592014,-733.8631257001207,-295.67943452236557
1505.893270407005,-776.6254959276473,-298.76168967595356
1468.6224559054772,-889.5388580797138,-302.755597762293
1490.1880730143346,-1099.5398401257673,-326.54539810266243
1487.154025720943,-1152.1265089252774,-331.71143138825363
1489.4573905676402,-1207.4844942018262,-338.0930019175133
1486.9288762681333,-1262.9606301939862,-343.9970399581889
1447.860801743434,-1288.0150880654269,-341.6962016041021
1452.459177500179,-1414.9230874950533,-357.5415978162095
1425.9257742399122,-1453.409197021936,-359.0176073263784
1469.8721256912254,-1639.637963942763,-388.27732526325616
1301.8620868193793,-1595.1745324732915,-363.0549274571345
1266.0305823268423,-1625.0075781224741,-363.2285756348015
1233.2967656895848,-1661.9607487790472,-364.92164536705405
1207.4533474046293,-1706.53139839657,-368.6116691424763
1191.0899266214394,-1766.902623565432,-375.73124442682047
958.6083860062324,-1578.76679770868,-325.6771572143278
907.5003444007499,-1571.8367043883525,-320.0335914401526
868.1858270062187,-1586.5955056003893,-318.9048782853175
834.4187629965054,-1609.3272873412052,-319.64288304040195
800.2353425862561,-1636.193271158115,-321.1623045949876
774.58008873107,-1675.384873367062,-325.46009699224413
809.3507407119871,-1976.7783149300135,-376.6428973595718
511.33265579972357,-1824.4705288422692,-334.0990938311739
464.27698253781125,-1817.7027782504417,-330.79977845550223
354.2662373304432,-1717.2894490536075,-309.1805803359694
314.4042908267322,-1717.274071321821,-307.8348069590507
219.4082221833982,-1632.1635065038,-290.3831651035242
134.17632870311903,-1533.6424548691534,-271.4555137378288
98.18956848569862,-1510.7081301767778,-266.9406611184886
-6.714830823254942,-1448.3904376334842,-255.39305730363773
-39.55809726148983,-1421.75838413567,-250.7913805954641
-69.88015738566999,-1406.7867586999926,-248.36030610812708
-138.65838141737817,-1440.022349508716,-255.08917299272062
-168.18941168914142,-1407.8662586689127,-250.0099637959629
-199.52317253517234,-1397.551167552869,-248.9246626855446
-230.28015148783817,-1390.068573066679,-248.44713019696053
-259.9806405128504,-1377.5559225590405,-247.1881809088753
-291.50098191921325,-1373.2456499241914,-247.53547726420913
-324.0118149992177,-1371.0004327311146,-248.4037181525438
-357.5671391359756,-1368.7420794472146,-249.44560721854538
-391.73018534639215,-1373.1894732664052,-251.78985761704894
-428.64371305028226,-1387.1341704708825,-256.000825925472
-1319.2626066126436,-2737.0216978994467,-535.7480401468968
-1399.1097066623774,-2742.208947717255,-542.8242033868241
-1480.5591047508387,-2746.466065908637,-550.1608388932519
-1404.6483571041929,-1824.3847094272949,-405.98943938528305
-1395.9004656273876,-1648.9042250685256,-380.94068975682836
-1394.8970472505246,-1570.592664460514,-370.39156296356236
-1393.8080392508903,-1500.4083407991388,-361.10138545838157
-1397.7433511243023,-1434.8236848156214,-353.20039337453625
-1398.2478020624342,-1371.059319466471,-345.2994012906909
-437.41252712153573,-147.55093037017278,-81.39758328137358
-431.4228909993726,-134.0893751525475,-79.66110150470428
-428.08478879065296,-121.11056747381599,-78.44556426103577
-427.46633669092944,-111.17238184809243,-77.88120768361824
-429.5224855047882,-101.8811784178947,-77.8377956392015
-433.08022394006923,-90.4505210909646,-78.01144381686844
-437.1508911841407,-81.26777260829589,-78.40215221661903
-443.39922928118676,-74.19958389260427,-79.27039310495368
-452.59005571661646,-64.74054114847212,-80.6161664818724
-462.02126101198684,-55.32273228574782,-82.04876394762456
-1846.2757084855268,170.6644456859988,-326.93610650241305
-1849.3356805019412,212.74894019902803,-328.238467834915
-1848.4012865436355,257.206202652057,-329.0632966788329
-1848.1023457740214,298.91350904388383,-330.1051857448345
-1845.4634324049375,341.51589655603783,-330.93001458875244
-1842.0075888461097,385.7591869675804,-331.84166752150384
-1843.3548345704057,429.8100645023999,-333.75179747584
-1840.9140662742857,472.88045230923717,-335.1409828971755
-1839.649040813314,518.2931397687688,-337.007700807095
-1840.3128908461626,563.1889376562655,-339.35195120559854
-1840.31895277639,610.1866274855597,-341.86984978176906
-1024.4237477139236,430.8911022781609,-195.96196849713084
-854.1037153796901,893.6708944440554,-217.97187501641426
-98.0778731942501,639.5419617386344,-114.08685272717321
-51.76883311450542,767.3906523092129,-135.61922675787255
-34.867073531570945,783.8705052637488,-138.3541855561267
4.577109028692888,645.5252552643943,-113.82638046067281
18.643847086849405,644.7795904664937,-113.73955637183934
33.960832369349156,644.6475525246358,-113.82638046067281
49.363454667500655,642.910568126211,-113.69614432742262
126.12057509491403,794.8909278943877,-141.91397319829878
144.61752693755005,802.2439953092836,-143.73727906380157
198.7151266490054,784.2352718584247,-142.65197795338324
218.1300860241997,791.5790046146482,-144.77916812980314
238.72757204770085,798.7267371720965,-146.9931823950565
254.93938003216186,619.7762373527754,-118.16758490234608
270.202429817754,618.6528663951315,-119.03582579068072
476.1437010398697,893.1443325992811,-178.4669145971876
503.12428964642106,892.1052171626413,-180.5941047736075
528.9625934115368,889.658237233663,-182.50423472794375
554.8578813195558,887.4196213446097,-184.54460081553017
581.7311314412608,888.3437275376309,-187.2361475693676
612.1433193487288,888.0774630436055,-190.18816658970542
636.7031281738592,880.3793541820821,-191.57735201104086
663.2770597139216,875.7181866292382,-193.70454218746076
1731.9645957664857,1955.479705570503,-460.60179126153264
1807.9432562657485,1949.4131304021225,-468.8066676562951
1883.1495453941457,1940.5045406728846,-476.79448382897385
1975.8732902962317,1946.988315474703,-489.12350444332594
2067.115912769637,1947.738641766469,-500.801344391427
2162.447928168345,1947.0768601062614,-513.0869529613623
4772.883953791461,3592.5462928326524,-1053.3498457275991
4770.901418995231,3422.7194651877817,-1035.3338472946552
1468.2550278714616,935.3816135379857,-306.96656607071606
1401.77214805598,802.7009505147788,-284.82642341818246
1389.2891456535442,754.3224600784066,-278.74873719983987
1379.0466640738584,708.353432726581,-273.365643692165
1368.1642364814531,661.7647144640907,-267.9825501844902
644.5165772819495,244.58755835346238,-121.55372436685121
650.1819906212039,229.84250692251885,-121.59713641126794
664.9826218846566,218.47441387863705,-123.42044227677071
582.0605931679842,129.53941918150198,-105.1439715773263
578.0279662107196,113.99401265971461,-103.88502228924105
569.247074945286,97.81453710672373,-101.84465620165463
562.2714921156155,85.44340354626277,-100.28182260265226
565.8497666246467,72.29882208950787,-100.58570691356938
0.03489949670250097,-8.547911385714284e-18,0.9993908270190958
578.0159513884139,61.230077907403995,3.559129760021995e-14
1538.1800553897635,-1342.2832663790248,1.2500582202296607e-13
1535.8472966456445,-1401.9605313225711,1.2733265094134604e-13
1534.817649069742,-1466.0631071355797,1.2996564155951286e-13
1531.2397346594682,-1531.239734659469,1.3259863217767968e-13
1531.9563354646082,-1601.1763757406143,1.3569086534552675e-13
1532.7262715072943,-1675.4270318731722,1.390433359581926e-13
1549.1183535945622,-1853.3409229163622,1.479067171670216e-13
1546.3861746581335,-1937.5579472176269,1.5179497075431443e-13
1542.5393779775188,-2027.394514491131,1.5598938604139412e-13
1542.3651196536325,-2125.320172980023,1.6079612472804748e-13
1539.984994748299,-2225.0578005863313,1.6569471192463688e-13
1531.6243910975538,-2440.73123768166,1.764409875871549e-13
1503.3267130307504,-2960.417007177901,2.0330667674344997e-13
1427.3976204927135,-2975.8757169968876,2.0209733802929196e-13
1341.8622246731768,-2968.0099953496033,1.9944903932613582e-13
1254.3196537021793,-2957.233888084682,1.9669358402805427e-13
1100.328880734347,-2957.7076286749334,1.93233956820463e-13
1013.0935887744237,-2929.256156498465,1.8978963769786107e-13
936.6955587635634,-2926.236094403973,1.8813636451901213e-13
864.6328771488404,-2927.745301465501,1.8692702580485412e-13
793.4268902941733,-2932.3026501809322,1.8600854070549362e-13
631.5166835678984,-2848.587674774186,1.786606599106095e-13
564.162630210773,-2852.4955020426696,1.7804833651103581e-13
497.0476981121754,-2855.310254298364,1.7746662928144083e-13
430.5067997983173,-2853.962676319964,1.7673184120195242e-13
365.9965252016877,-2852.1126894883187,1.760735935474107e-13
300.7488620272671,-2853.947298828292,1.7572150759265584e-13
234.64308612180437,-2852.114248173666,1.752316488729969e-13
169.98996582611977,-2842.922336525997,1.743897041985831e-13
103.42973193868403,-2829.1099820528525,1.7334875441930784e-13
40.084233398853875,-2826.4657819851323,1.7308851697448903e-13
-25.440830227322735,-2826.885523709325,1.7310382505947837e-13
-89.30396432952524,-2822.0873572508403,1.728895118696276e-13
-153.90806674950105,-2819.051767791686,1.7287420378463825e-13
-216.2126059068007,-2805.932139512107,1.7232311272502193e-13
-279.141626276044,-2795.095875364558,1.7200164294024576e-13
-344.1590257761356,-2802.950332235094,1.7292012803960628e-13
-411.49588314433043,-2811.0411128539668,1.7396107781888152e-13
-476.73900342072204,-2806.5468970101706,1.7431316377363638e-13
-540.9851653743128,-2803.5312756138333,1.74833638663274e-13
-607.1254900939028,-2799.932791921663,1.7543065397785834e-13
-672.3882276597376,-2790.638694153114,1.7576743184762388e-13
-736.099495883276,-2783.565715886799,1.7630321482225083e-13
-803.2757157501699,-2778.4632779624876,1.7709923524169662e-13
-867.3445043181904,-2774.5923143462055,1.7800241225606778e-13
-935.9870024134353,-2767.242290406301,1.7887497310046027e-13
-1002.6814698056675,-2761.873084087744,1.7991592287973553e-13
-1074.747633563493,-2761.4793293902585,1.8144673137866973e-13
-1159.8978951731285,-2791.624235597074,1.8510536369112244e-13
-1246.809670738315,-2816.90360057873,1.8862622323867107e-13
-1322.930348522882,-2820.949016812804,1.907846632221683e-13
-1400.7775965671558,-2817.216922328762,1.92652249590868e-13
-1473.487768087715,-2802.4940427761635,1.9387689639001536e-13
-1557.0419892424472,-2805.3685130007293,1.9646396275321415e-13
-1642.354367720748,-2807.388177795971,1.9915818571133832e-13
-1728.1512044624947,-2806.32526215598,2.0180648441449446e-13
-1820.8919329393673,-2813.9972691984503,2.0523549545210707e-13
-1554.0591524536426,-2167.4383845164007,1.6330665066629956e-13
-1564.0322029442718,-1891.010118469303,1.5026416225538023e-13
-1606.1319511750626,-1852.7396350849153,1.501416975754655e-13
-1670.5016492102866,-1842.1047208249895,1.5226952138898403e-13
-1584.5658288410161,-1452.7822261334916,1.3163422282335112e-13
-1508.0216094798784,-1198.8632429688205,1.179641029278688e-13
-1500.4244952265478,-1137.7237512349645,1.153004961397233e-13
-1499.8605180046625,-1084.7208979874895,1.1334106126108754e-13
-1525.3864606116297,-1052.0480719923046,1.1346352594100228e-13
-1569.4212438406792,-1031.4072713441456,1.1499433443993646e-13
-477.44524473782786,-120.83992832352916,3.0156927429003574e-14
-470.6026696453574,-106.48651239787418,2.95446040294299e-14
-469.26866237729996,-94.80762105769583,2.931498275458977e-14
-470.7154526529263,-83.13219974083862,2.9269058499621745e-14
-476.06293238427025,-73.8047892056452,2.949867977446187e-14
-485.8427934000153,-63.69285753732571,3.0003846579110155e-14
-592.0118188280429,-16.794906010825304,3.6264853339751e-14
-1885.1227334536695,239.29551252826639,1.1635675400398789e-13
-1478.2610478035724,439.6354592690227,9.443557629925027e-14
-880.2112416789623,316.8413167848844,5.728285403011745e-14
-870.2072789626505,336.49411828502974,5.712977318022402e-14
-867.9761108391457,357.58779832727936,5.74818591349789e-14
-909.9376728067347,423.70684925672845,6.146196123220779e-14
-890.7371048463256,442.2868526759372,6.089556208760213e-14
-857.8708011795635,448.96074548175585,5.928821316372123e-14
-827.1399760943398,459.08110388759735,5.79257935996698e-14
-799.0590639798984,467.4587412505714,5.668583871553311e-14
-773.2433541378571,476.45857929271943,5.561427276627918e-14
-746.4604493682156,486.4954239548423,5.4558014902014584e-14
-717.526889839305,491.9910185740527,5.3272135762909865e-14
-693.9623558151534,499.86879399646716,5.236895874853869e-14
-674.3524271371297,509.6041272539521,5.1756635348965015e-14
-655.4151874170731,520.1744847674124,5.123616045932739e-14
-632.2738775993233,628.491840603771,5.458863107199327e-14
-619.2800323873165,643.0356164213335,5.466517149693998e-14
-479.8706295157008,633.2096247911943,4.864909409612861e-14
-455.98011196783506,633.7607592694585,4.78071494217148e-14
-433.42996043637913,632.49034134611,4.6949896662311654e-14
-410.65783240133015,632.3576082308499,4.6169184327855214e-14
-391.2302593910788,631.0666637818774,4.546501241834549e-14
-370.73864774903996,631.7508251401127,4.485268901877181e-14
-351.94657995569054,631.2694886951948,4.4255673704187474e-14
-330.7216645647942,631.9404584986561,4.367396647459248e-14
-312.5645176174418,631.6454581698312,4.315349158495486e-14
-277.9923277728842,635.0715142402573,4.244931967544513e-14
-178.33299644702802,544.8053825708996,3.510143888056101e-14
-162.8867159208798,543.3603595004981,3.4734044840816804e-14
-150.15928245836776,542.6059250428326,3.4473807395997995e-14
-136.75704764193685,544.0758310385245,3.435134271608326e-14
-123.25361996712434,546.7803902527959,3.4320726546104576e-14
-110.89453250515369,550.4404169939407,3.4381958886061943e-14
-100.16438463573328,554.7802795256379,3.451973165096602e-14
-88.08740274800353,560.1157107929673,3.4718736755827465e-14
-77.2555129450896,566.5065297237014,3.500959037062496e-14
-64.33505632357841,574.4083917630747,3.539229249535851e-14
-53.142521718671105,583.5853599820515,3.588215121501745e-14
-1.9588564398020345,652.9970619240551,3.998471799216108e-14
28.663695845289855,514.7024796331262,3.156527124802303e-14
38.7171520247017,515.2975302086127,3.164181167296974e-14
52.752443552407144,516.8146957075138,3.18102006078525e-14
229.8616787622733,531.4175464139188,3.5453524835315876e-14
453.1294487601035,916.3344177571662,6.25947595214191e-14
476.01899965937565,911.9936811531577,6.299276973114198e-14
501.733457208239,909.8266526750401,6.3620401215705e-14
528.2280135861064,908.612219631057,6.435518929519341e-14
553.6976095166746,907.9929554878277,6.512059354466051e-14
581.4606812595143,908.3312865630147,6.603907864402102e-14
609.1996490201135,904.771435299419,6.678917480849878e-14
632.3621629143523,894.2542465173325,6.706472033830693e-14
661.0773031604784,891.3595580606453,6.795258926768876e-14
1729.2075856617296,1989.2257760721714,1.613931400426318e-13
1799.6255534914524,1980.1479565225889,1.638424336409265e-13
1878.0935740841765,1974.778997630804,1.6687343446881622e-13
1964.0909515724222,1974.832726195142,1.7054737486625828e-13
2047.751766141813,1965.6538236075767,1.738079969689881e-13
2133.3879469675976,1959.1753667636233,1.7735947268651544e-13
4743.251683034124,3647.852455060916,3.6639901421989875e-13
4733.689369315473,3472.869988184078,3.594950678897055e-13
1464.6966621347256,954.0270897261744,1.0703413024547867e-13
1411.4234531620182,827.7668140027146,1.0019141625524284e-13
1402.7135253295812,781.0409821881682,9.830852180155377e-14
1395.7081845174137,736.2626322658956,9.662463245272617e-14
873.3455572453083,398.5819083198357,5.878304635907296e-14
859.1416728672815,368.28405944706464,5.723692977514943e-14
849.0717348775459,341.7012606532708,5.604289914598075e-14
843.8922659910478,317.0931935575007,5.5200954471566944e-14
841.8913839352655,294.0016329130902,5.460393915698261e-14
840.882827028027,272.7124331770614,5.412938852231301e-14
844.0700499258076,251.52795732928928,5.393038341745157e-14
851.0438599685888,233.51787599617518,5.403754001237696e-14
860.4177215835605,215.52341957419512,5.4313085542185114e-14
873.9067191756275,197.74490177926452,5.486417660180142e-14
893.0523968620129,182.4545599841608,5.581327787114062e-14
919.1393012451365,165.9486212856318,5.719100552018139e-14
936.7818923724599,148.6335632455643,5.807887444956323e-14
