-4.312 -0.763 8.688 0 0 0
-14.562 -12.213 0.013 0 0 0
-7.038 7.213 7.013 0 0 0
-0.388 -1.038 0.013 0 0 0
0.038 -0.288 0.013 0 0 0
0.138 1.463 0.013 0 0 0
0.438 -0.163 -1.513 0 0 0
-2.488 0.013 0.038 0 0 0
-4.438 -7.863 4.062 0 0 0
-6.812 -7.288 4.838 0 0 0
-0.213 -0.713 -1.038 0 0 0
-1.638 0.088 0.588 0 0 0
-1.463 -1.088 -1.062 0 0 0
-2.763 -0.788 -1.137 0 0 0
-1.562 11.263 7.388 0 0 0
-4.763 14.312 9.688 0 0 0
-2.888 1.163 0.013 0 0 0
-0.263 -0.788 -1.012 0 0 0
-3.188 -1.488 0.013 0 0 0
-11.338 -9.513 0.013 0 0 0
0.038 0.463 0.013 0 0 0
0.863 -1.137 -0.988 0 0 0
-3.388 0.963 0.013 0 0 0
0.812 3.812 5.438 0 0 0
-3.312 1.137 0.013 0 0 0
-5.913 7.938 7.213 0 0 0
-2.513 -0.213 -0.363 0 0 0
-0.213 0.088 0.788 0 0 0
4.188 3.338 4.562 0 0 0
-1.338 -1.812 -0.963 0 0 0
-0.488 -9.188 0.013 0 0 0
0.138 -1.163 -0.988 0 0 0
3.863 -0.163 -0.188 0 0 0
3.638 0.463 5.188 0 0 0
3.438 -1.788 -0.713 0 0 0
-2.913 -0.562 -0.238 0 0 0
-1.713 -0.163 -1.838 0 0 0
-2.188 -1.413 -1.088 0 0 0
-1.363 0.113 -1.188 0 0 0
-0.688 1.163 0.013 0 0 0
-3.062 -2.388 -0.888 0 0 0
3.888 -2.738 1.738 0 0 0
-0.638 0.088 0.788 0 0 0
-19.638 0.788 5.562 0 0 0
-2.838 -0.638 -0.338 0 0 0
4.312 6.062 8.088 0 0 0
-3.338 0.338 0.013 0 0 0
-2.138 -0.163 -1.838 0 0 0
-0.537 5.713 7.988 0 0 0
-0.213 -0.363 -0.238 0 0 0
-3.213 -1.562 0.013 0 0 0
-3.413 1.488 0.288 0 0 0
3.838 5.838 8.188 0 0 0
2.312 5.688 7.838 0 0 0
-14.713 5.788 7.988 0 0 0
-2.312 -0.163 -0.062 0 0 0
-3.138 0.213 -0.088 0 0 0
-2.438 7.113 8.412 0 0 0
-1.113 1.163 0.013 0 0 0
-25.812 -0.838 9.788 0 0 0
-2.513 1.688 -1.088 0 0 0
3.288 0.763 8.162 0 0 0
3.338 -7.338 2.888 0 0 0
0.812 1.938 -0.188 0 0 0
-3.088 -1.613 -0.988 0 0 0
0.913 0.488 -0.188 0 0 0
-0.188 -0.238 -0.213 0 0 0
-3.338 1.088 0.013 0 0 0
-0.688 1.738 -0.988 0 0 0
-10.413 1.113 9.963 0 0 0
4.213 5.938 7.938 0 0 0
-6.588 -2.413 0.013 0 0 0
-2.812 -0.088 -1.238 0 0 0
-2.188 -0.488 -0.688 0 0 0
-3.413 -7.388 5.013 0 0 0
-1.713 10.763 1.538 0 0 0
-2.212 0.038 0.188 0 0 0
0.863 -1.062 -0.963 0 0 0
0.738 0.888 0.188 0 0 0
-11.488 1.088 9.562 0 0 0
-6.588 -2.113 0.263 0 0 0
0.913 0.363 -0.038 0 0 0
0.913 0.363 -0.013 0 0 0
0.713 0.913 0.088 0 0 0
-1.137 -0.363 -3.713 0 0 0
4.112 -5.088 0.013 0 0 0
-1.413 0.088 -1.288 0 0 0
4.188 2.788 3.838 0 0 0
-3.913 -2.337 0.263 0 0 0
4.312 -8.138 0.013 0 0 0
-3.238 -0.088 -1.238 0 0 0
-2.087 -0.188 -2.087 0 0 0
-2.488 5.738 8.037 0 0 0
-10.013 8.188 6.038 0 0 0
3.188 -0.788 9.312 0 0 0
-1.213 5.938 7.838 0 0 0
4.163 2.812 3.062 0 0 0
-2.113 13.588 8.812 0 0 0
0.463 -0.062 -0.562 0 0 0
-3.138 4.487 0.312 0 0 0
-9.988 -6.988 5.263 0 0 0
0.013 0.088 -1.088 0 0 0
0.913 0.537 0.363 0 0 0
4.013 4.838 5.263 0 0 0
-3.238 0.263 0.163 0 0 0
-4.588 6.263 8.188 0 0 0
-3.062 6.413 8.537 0 0 0
-3.263 0.288 0.062 0 0 0
-0.113 0.588 -0.062 0 0 0
2.538 10.788 1.488 0 0 0
-15.812 -10.263 0.013 0 0 0
3.913 -2.863 1.137 0 0 0
-3.312 0.812 0.163 0 0 0
-1.513 -0.213 -2.438 0 0 0
0.913 0.413 0.513 0 0 0
-2.087 5.688 8.037 0 0 0
-3.288 0.638 -0.062 0 0 0
-0.863 7.113 7.988 0 0 0
3.863 -2.963 0.488 0 0 0
4.112 -3.588 0.013 0 0 0
-2.263 2.613 0.013 0 0 0
4.213 -5.038 0.013 0 0 0
-3.363 -0.713 0.062 0 0 0
0.812 -1.088 -1.062 0 0 0
0.688 1.888 0.113 0 0 0
-1.012 9.963 8.888 0 0 0
-7.263 16.088 6.188 0 0 0
-3.363 0.163 -0.088 0 0 0
-3.338 0.588 0.438 0 0 0
-20.488 7.588 6.588 0 0 0
-15.812 -9.513 0.013 0 0 0
-3.288 -0.513 0.062 0 0 0
4.362 6.888 0.788 0 0 0
-1.713 -0.763 -1.038 0 0 0
0.938 -0.088 -0.888 0 0 0
-5.463 7.312 7.513 0 0 0
0.213 0.062 0.588 0 0 0
-18.137 -11.338 0.013 0 0 0
-14.562 1.663 14.938 0 0 0
0.163 0.562 0.213 0 0 0
-2.113 6.463 7.938 0 0 0
-0.613 0.438 0.562 0 0 0
3.963 3.913 0.513 0 0 0
-2.388 7.138 8.037 0 0 0
-11.562 1.763 16.363 0 0 0
-3.363 0.038 0.062 0 0 0
-22.938 -0.537 4.312 0 0 0
-3.388 0.062 -0.013 0 0 0
-5.713 15.413 8.838 0 0 0
-0.613 1.713 -0.988 0 0 0
1.012 7.088 7.963 0 0 0
0.763 1.213 0.013 0 0 0
-3.363 0.338 0.312 0 0 0
4.088 3.763 5.013 0 0 0
-0.213 0.062 0.588 0 0 0
0.888 -0.688 0.013 0 0 0
-4.838 -10.363 0.013 0 0 0
0.963 -0.513 0.013 0 0 0
-1.463 1.137 0.013 0 0 0
3.038 -7.838 3.938 0 0 0
3.888 -1.613 1.413 0 0 0
-3.688 2.688 0.312 0 0 0
3.788 -6.038 4.263 0 0 0
0.463 -0.163 -1.538 0 0 0
-1.938 0.062 0.263 0 0 0
0.938 0.388 -0.238 0 0 0
-3.288 -1.238 -1.062 0 0 0
0.338 -0.388 0.113 0 0 0
-1.613 0.062 0.562 0 0 0
-9.688 6.312 8.263 0 0 0
-1.538 1.688 0.013 0 0 0
3.763 -2.062 -0.238 0 0 0
0.513 -0.038 -0.263 0 0 0
3.988 3.013 4.112 0 0 0
-2.212 -0.463 -0.663 0 0 0
-3.288 0.713 -0.013 0 0 0
-1.913 -0.413 0.013 0 0 0
0.163 0.038 0.488 0 0 0
-1.963 1.688 0.013 0 0 0
-1.663 6.363 8.488 0 0 0
0.913 -0.413 -0.238 0 0 0
0.488 1.312 -0.763 0 0 0
-3.312 0.438 -0.163 0 0 0
-17.012 5.963 8.213 0 0 0
0.638 -0.288 -2.938 0 0 0
0.088 0.588 0.488 0 0 0
-3.263 -0.013 0.213 0 0 0
-2.212 -0.288 -0.263 0 0 0
-0.562 1.263 -1.062 0 0 0
-3.413 1.338 0.238 0 0 0
-2.188 2.588 0.013 0 0 0
-0.363 -0.763 -1.038 0 0 0
-1.788 0.013 -0.088 0 0 0
-11.138 -9.013 0.013 0 0 0
0.213 -0.613 0.013 0 0 0
1.413 -7.738 5.438 0 0 0
0.388 6.988 7.838 0 0 0
0.913 0.338 -0.238 0 0 0
-8.312 -11.463 0.013 0 0 0
0.863 0.863 0.537 0 0 0
-0.288 -1.263 -0.413 0 0 0
-2.238 -0.388 -0.213 0 0 0
-3.312 0.613 0.238 0 0 0
-2.288 1.588 0.013 0 0 0
0.238 1.688 0.013 0 0 0
-4.338 -0.763 9.188 0 0 0
3.562 -6.663 5.663 0 0 0
0.213 -7.888 4.362 0 0 0
-8.238 5.562 7.713 0 0 0
-3.463 0.138 0.863 0 0 0
-0.062 0.513 0.138 0 0 0
3.913 -0.338 3.913 0 0 0
0.938 0.463 -0.213 0 0 0
-3.312 0.038 -0.013 0 0 0
-10.288 5.562 7.763 0 0 0
-2.138 0.113 0.812 0 0 0
-1.363 5.688 8.037 0 0 0
2.163 10.988 1.513 0 0 0
-11.388 -7.113 1.788 0 0 0
4.062 2.363 3.138 0 0 0
0.913 0.513 0.163 0 0 0
4.138 2.863 3.913 0 0 0
-3.088 4.237 -1.163 0 0 0
-2.838 -6.413 0.013 0 0 0
-5.263 -11.312 0.013 0 0 0
-1.088 -0.763 -1.088 0 0 0
-1.763 -0.738 -1.113 0 0 0
-1.788 -0.138 -1.613 0 0 0
-10.263 1.088 9.812 0 0 0
-7.138 7.188 7.913 0 0 0
-3.338 0.388 -0.163 0 0 0
0.738 -0.738 -0.988 0 0 0
-3.062 4.713 0.513 0 0 0
0.938 0.338 -0.062 0 0 0
-0.163 8.037 7.463 0 0 0
-0.763 -1.338 -1.062 0 0 0
-0.663 1.438 -1.038 0 0 0
-0.062 0.688 0.537 0 0 0
0.663 -0.213 -2.138 0 0 0
-0.088 1.588 0.013 0 0 0
-12.188 9.988 2.038 0 0 0
-2.538 -0.088 -0.088 0 0 0
-2.087 0.062 0.413 0 0 0
-1.513 -0.763 -1.088 0 0 0
-25.088 5.312 7.363 0 0 0
-3.113 0.988 0.513 0 0 0
0.188 -0.238 0.038 0 0 0
-3.312 0.088 0.513 0 0 0
-7.062 1.713 16.512 0 0 0
-0.113 -0.562 0.013 0 0 0
-14.588 1.713 15.513 0 0 0
-5.312 5.788 8.113 0 0 0
0.913 -1.663 -1.088 0 0 0
-19.213 -0.788 7.613 0 0 0
-2.613 -0.738 -1.113 0 0 0
-3.263 -0.413 -0.113 0 0 0
-14.763 11.663 8.863 0 0 0
0.938 0.238 0.312 0 0 0
0.338 1.312 -0.613 0 0 0
0.113 -0.888 -0.988 0 0 0
0.113 0.613 0.288 0 0 0
-1.488 -1.788 -0.938 0 0 0
-1.388 -7.688 5.213 0 0 0
-0.938 1.588 0.013 0 0 0
-0.438 -0.138 -1.538 0 0 0
-0.788 5.738 7.963 0 0 0
-14.288 -9.638 0.013 0 0 0
0.913 0.588 0.188 0 0 0
-1.012 -0.812 -1.038 0 0 0
-3.312 -0.062 -1.012 0 0 0
-0.988 2.087 -1.038 0 0 0
-7.163 6.263 7.812 0 0 0
-4.413 14.238 7.663 0 0 0
-4.213 7.113 7.812 0 0 0
-0.163 0.562 -0.213 0 0 0
3.488 5.988 8.312 0 0 0
-9.788 1.088 9.713 0 0 0
0.663 -1.263 -0.312 0 0 0
-7.238 -7.163 4.088 0 0 0
-2.688 0.888 -0.463 0 0 0
0.913 0.463 0.338 0 0 0
-5.663 5.713 8.013 0 0 0
-11.538 1.763 16.338 0 0 0
-0.863 -0.138 -1.538 0 0 0
-3.288 0.688 -0.238 0 0 0
0.113 -1.438 -1.113 0 0 0
0.888 0.488 0.238 0 0 0
-3.363 0.788 0.013 0 0 0
-7.188 10.188 1.488 0 0 0
0.363 -0.562 -0.312 0 0 0
-12.188 -9.537 0.013 0 0 0
-0.013 0.562 -0.338 0 0 0
-0.038 0.562 -0.338 0 0 0
3.888 -4.913 2.513 0 0 0
3.838 -2.888 0.213 0 0 0
-0.613 -0.888 -1.038 0 0 0
0.913 0.763 0.588 0 0 0
-3.438 0.213 1.812 0 0 0
0.888 0.788 0.488 0 0 0
-1.713 -1.588 -1.062 0 0 0
-0.812 -0.763 -1.012 0 0 0
-3.288 -0.463 -0.113 0 0 0
-11.963 1.763 16.338 0 0 0
3.062 0.963 10.062 0 0 0
-4.088 1.338 0.013 0 0 0
-12.788 -7.438 3.338 0 0 0
-1.038 -0.888 -1.038 0 0 0
-0.038 -0.288 0.038 0 0 0
-0.013 -0.288 0.038 0 0 0
-2.638 -0.763 -0.963 0 0 0
-0.062 -0.263 -0.062 0 0 0
-1.163 -0.138 -1.663 0 0 0
-8.213 5.812 7.638 0 0 0
-1.238 -0.763 -1.012 0 0 0
-17.613 1.137 9.263 0 0 0
-13.888 5.838 7.513 0 0 0
-1.713 0.088 0.613 0 0 0
-1.062 2.538 0.013 0 0 0
0.062 0.463 0.338 0 0 0
0.113 -1.088 -0.312 0 0 0
2.438 -7.538 4.413 0 0 0
3.863 -2.988 1.012 0 0 0
-8.412 1.713 16.387 0 0 0
0.613 0.888 -0.288 0 0 0
-0.138 0.038 0.312 0 0 0
-19.388 5.138 4.338 0 0 0
0.963 0.288 -0.163 0 0 0
-0.188 5.713 8.013 0 0 0
-0.513 0.113 0.963 0 0 0
-2.363 -0.788 9.338 0 0 0
-2.363 0.113 0.763 0 0 0
-0.963 6.438 1.838 0 0 0
-10.538 -0.763 9.088 0 0 0
-3.238 0.963 -0.312 0 0 0
-0.363 0.038 0.062 0 0 0
-1.538 11.062 8.988 0 0 0
0.163 0.537 0.738 0 0 0
-0.713 0.088 0.812 0 0 0
-5.763 6.338 7.263 0 0 0
-0.838 -1.688 -1.113 0 0 0
-3.513 -1.438 -1.113 0 0 0
-1.812 6.338 8.213 0 0 0
0.838 -0.688 -0.263 0 0 0
-3.688 -2.938 -0.613 0 0 0
0.088 0.062 0.713 0 0 0
0.263 1.388 -0.788 0 0 0
-4.763 -0.763 8.463 0 0 0
0.913 -0.488 -0.263 0 0 0
3.938 -3.913 1.288 0 0 0
-5.413 8.037 5.863 0 0 0
0.863 0.038 0.513 0 0 0
-6.663 8.138 7.088 0 0 0
0.838 0.638 0.013 0 0 0
-8.412 -7.463 1.413 0 0 0
0.913 1.413 -0.388 0 0 0
-2.913 1.137 -0.288 0 0 0
-7.688 -10.213 0.013 0 0 0
-1.888 -0.363 0.013 0 0 0
0.763 -0.738 -1.012 0 0 0
-1.638 -0.163 -1.763 0 0 0
0.913 0.838 0.013 0 0 0
-2.238 -0.338 -0.388 0 0 0
0.688 0.413 -0.263 0 0 0
-2.238 -0.913 0.013 0 0 0
-12.588 14.088 7.488 0 0 0
-7.963 5.838 7.688 0 0 0
-19.137 5.538 3.863 0 0 0
3.738 -2.038 1.012 0 0 0
-3.388 1.088 0.738 0 0 0
0.488 -0.488 -0.263 0 0 0
-0.562 0.088 0.863 0 0 0
0.863 0.788 0.513 0 0 0
0.838 1.388 0.013 0 0 0
-3.213 3.188 0.463 0 0 0
-24.988 -9.588 0.013 0 0 0
-1.088 -0.363 -3.812 0 0 0
-2.238 -0.163 0.013 0 0 0
-7.263 -7.588 3.763 0 0 0
2.838 -7.812 5.613 0 0 0
-1.738 -1.438 -1.113 0 0 0
-12.638 5.713 7.363 0 0 0
4.213 3.562 4.163 0 0 0
0.413 1.388 0.013 0 0 0
-0.088 -0.263 -0.013 0 0 0
-0.088 -0.263 -0.038 0 0 0
3.863 3.812 1.438 0 0 0
-0.688 7.488 7.913 0 0 0
0.812 0.588 0.013 0 0 0
-2.038 1.488 0.013 0 0 0
0.738 -0.812 -1.012 0 0 0
0.488 1.588 0.013 0 0 0
0.913 -0.863 0.013 0 0 0
-3.238 10.562 1.513 0 0 0
3.088 0.888 9.488 0 0 0
-1.588 -0.213 -2.413 0 0 0
-2.538 1.288 0.013 0 0 0
4.013 -3.963 1.338 0 0 0
-7.363 8.013 7.888 0 0 0
-3.238 0.188 0.088 0 0 0
0.688 3.238 0.013 0 0 0
-2.488 10.738 1.538 0 0 0
-13.463 1.062 9.013 0 0 0
-1.963 -0.138 -1.763 0 0 0
-3.438 -0.713 0.088 0 0 0
-2.463 1.488 0.013 0 0 0
0.312 -0.812 -1.012 0 0 0
-1.312 1.513 -1.062 0 0 0
0.938 1.263 -0.988 0 0 0
-2.488 13.413 7.713 0 0 0
0.288 1.588 0.013 0 0 0
2.538 5.663 7.562 0 0 0
1.012 -0.138 -1.363 0 0 0
-5.312 -9.988 0.013 0 0 0
-3.463 1.538 -0.163 0 0 0
-3.713 5.913 8.188 0 0 0
-0.113 -0.812 -1.012 0 0 0
-14.088 -9.138 0.013 0 0 0
-14.213 15.562 6.688 0 0 0
-0.138 -0.288 -0.138 0 0 0
-3.062 -0.788 -1.163 0 0 0
-3.388 9.963 2.713 0 0 0
-0.163 -0.263 -0.238 0 0 0
3.812 -1.938 0.038 0 0 0
-2.688 5.713 8.088 0 0 0
-2.188 -0.338 -0.488 0 0 0
0.138 -0.663 0.013 0 0 0
-4.463 -7.312 4.913 0 0 0
-2.013 5.812 7.888 0 0 0
0.588 -0.138 -1.363 0 0 0
-7.838 -9.338 0.013 0 0 0
-25.138 -12.812 0.013 0 0 0
-1.638 -0.238 -2.513 0 0 0
-0.513 0.088 0.763 0 0 0
0.413 -0.763 -1.012 0 0 0
-3.288 1.188 0.013 0 0 0
-0.588 -0.263 -0.238 0 0 0
0.888 0.838 0.312 0 0 0
-13.638 1.713 15.562 0 0 0
-3.263 0.562 0.113 0 0 0
-3.388 2.038 0.013 0 0 0
-2.988 9.913 2.713 0 0 0
-0.438 -0.913 -1.012 0 0 0
-3.088 0.038 -0.113 0 0 0
-8.062 -0.763 8.238 0 0 0
-1.788 5.688 8.037 0 0 0
-15.363 1.688 15.238 0 0 0
3.688 -0.188 -1.488 0 0 0
-1.213 -0.188 -1.963 0 0 0
-2.738 -0.213 -2.538 0 0 0
4.062 2.538 3.538 0 0 0
-1.588 -0.312 -3.388 0 0 0
0.988 -0.763 -0.963 0 0 0
0.888 0.713 0.463 0 0 0
-16.688 5.413 7.863 0 0 0
-6.562 1.738 16.938 0 0 0
-0.238 1.338 0.013 0 0 0
-0.663 -9.312 0.013 0 0 0
-0.163 0.663 0.163 0 0 0
-9.013 8.188 6.038 0 0 0
0.763 -1.638 -1.062 0 0 0
3.738 -0.788 9.287 0 0 0
-0.838 -0.788 9.113 0 0 0
3.863 -2.413 -0.013 0 0 0
0.888 -1.213 -1.088 0 0 0
3.338 0.738 7.863 0 0 0
-2.713 0.863 -0.363 0 0 0
-1.713 -0.038 -0.562 0 0 0
-0.062 -0.338 -0.088 0 0 0
-0.562 -0.138 -1.413 0 0 0
-3.188 1.238 0.013 0 0 0
-0.663 1.338 0.013 0 0 0
-1.913 -0.013 -0.312 0 0 0
0.738 -1.413 -0.213 0 0 0
0.463 -2.087 -0.938 0 0 0
-2.788 -0.062 -0.963 0 0 0
-2.212 -0.363 -0.338 0 0 0
-9.913 1.088 9.838 0 0 0
-4.038 16.137 6.938 0 0 0
-3.413 2.138 0.013 0 0 0
0.038 0.588 0.688 0 0 0
-3.338 -10.938 0.013 0 0 0
-3.263 5.812 8.138 0 0 0
-11.812 -10.638 0.013 0 0 0
3.438 7.038 8.287 0 0 0
-3.613 1.238 0.013 0 0 0
-16.762 5.538 7.513 0 0 0
0.363 0.588 0.312 0 0 0
-5.413 10.113 1.463 0 0 0
0.312 -1.413 -0.213 0 0 0
-3.062 -0.537 -0.738 0 0 0
-1.838 -3.488 -0.812 0 0 0
-6.663 1.788 17.188 0 0 0
3.738 -7.363 2.388 0 0 0
-15.663 1.062 8.963 0 0 0
4.013 -1.863 -0.788 0 0 0
-12.863 1.113 9.613 0 0 0
3.788 -2.238 0.763 0 0 0
-12.238 -10.638 0.013 0 0 0
0.537 -0.238 0.062 0 0 0
-4.038 1.238 0.013 0 0 0
-4.288 6.488 7.938 0 0 0
3.562 -0.363 4.588 0 0 0
-9.438 -9.438 0.013 0 0 0
-12.062 7.888 7.863 0 0 0
-7.513 6.438 7.812 0 0 0
3.938 2.688 1.113 0 0 0
3.562 -6.038 4.438 0 0 0
-2.613 -0.088 -0.062 0 0 0
-1.263 -0.738 -1.038 0 0 0
3.513 5.812 8.312 0 0 0
-1.413 1.238 0.013 0 0 0
-1.463 1.713 -1.038 0 0 0
0.938 0.413 0.113 0 0 0
-2.388 0.088 0.588 0 0 0
0.113 -0.238 0.062 0 0 0
0.913 0.312 0.238 0 0 0
3.963 -0.188 -1.413 0 0 0
-3.238 0.038 0.038 0 0 0
-4.713 6.488 7.938 0 0 0
4.138 4.938 6.938 0 0 0
-1.688 -0.738 -1.038 0 0 0
-1.713 -0.138 -1.538 0 0 0
-0.713 -0.188 -1.888 0 0 0
4.188 5.263 4.737 0 0 0
-0.588 0.113 -1.238 0 0 0
0.638 -0.088 -0.913 0 0 0
3.688 6.038 8.088 0 0 0
-6.038 5.638 7.888 0 0 0
-1.838 1.238 0.013 0 0 0
0.188 -0.312 -0.038 0 0 0
2.838 7.812 5.588 0 0 0
3.838 -1.812 1.538 0 0 0
-2.738 0.838 -0.288 0 0 0
-2.788 6.988 7.913 0 0 0
3.913 3.613 5.138 0 0 0
-2.713 0.238 0.213 0 0 0
-10.138 -9.788 0.013 0 0 0
2.888 -7.888 3.938 0 0 0
3.988 3.788 5.138 0 0 0
-3.588 5.888 7.863 0 0 0
0.388 7.963 7.413 0 0 0
-3.188 4.062 -0.312 0 0 0
0.363 0.038 -0.413 0 0 0
-3.463 1.388 -0.213 0 0 0
-9.988 -0.788 9.238 0 0 0
-12.863 -10.788 0.013 0 0 0
-3.312 -0.562 0.163 0 0 0
-0.562 0.888 0.688 0 0 0
4.163 2.638 3.488 0 0 0
-2.113 -0.738 -1.038 0 0 0
-0.588 0.913 0.588 0 0 0
-1.863 -0.013 -0.413 0 0 0
0.113 7.562 6.263 0 0 0
-1.438 1.163 0.013 0 0 0
-2.337 -1.738 -0.913 0 0 0
-1.788 -1.312 -1.012 0 0 0
-3.938 12.488 7.613 0 0 0
-0.663 0.438 0.562 0 0 0
0.363 -7.812 4.338 0 0 0
-14.438 7.913 7.913 0 0 0
0.488 -1.738 -1.163 0 0 0
-7.738 -8.888 0.013 0 0 0
-3.288 3.113 0.838 0 0 0
-6.913 -1.838 -0.113 0 0 0
-3.312 0.638 0.588 0 0 0
-2.538 2.613 -1.038 0 0 0
-4.038 7.812 7.638 0 0 0
-1.188 -0.788 -0.988 0 0 0
-11.263 1.088 9.713 0 0 0
3.488 0.613 6.538 0 0 0
3.988 2.613 3.588 0 0 0
4.112 -7.413 0.013 0 0 0
-1.863 1.163 0.013 0 0 0
4.237 3.488 4.388 0 0 0
4.188 -7.238 0.013 0 0 0
-3.363 0.163 1.338 0 0 0
0.363 -0.363 -0.288 0 0 0
0.363 0.663 -0.263 0 0 0
0.663 1.288 0.013 0 0 0
0.913 0.388 0.263 0 0 0
-3.438 -0.838 -1.088 0 0 0
0.363 1.538 -0.413 0 0 0
-6.913 -9.537 0.013 0 0 0
0.788 2.738 0.013 0 0 0
-0.488 0.088 0.738 0 0 0
0.312 0.613 0.238 0 0 0
-1.613 -0.788 -0.988 0 0 0
-3.238 -0.062 -0.938 0 0 0
-13.613 1.688 15.538 0 0 0
-3.288 -0.537 -0.188 0 0 0
-1.238 -0.138 -1.638 0 0 0
-2.163 -0.763 -1.137 0 0 0
-2.212 -0.238 -0.363 0 0 0
-3.163 0.188 0.213 0 0 0
0.763 0.588 0.013 0 0 0
0.913 0.562 0.663 0 0 0
0.062 0.513 0.113 0 0 0
-7.888 7.038 7.988 0 0 0
-3.413 1.238 -0.038 0 0 0
3.763 -3.788 2.312 0 0 0
-3.188 0.213 0.113 0 0 0
0.562 -0.913 -1.012 0 0 0
-6.238 1.763 16.988 0 0 0
-0.113 0.613 0.238 0 0 0
0.463 1.288 0.013 0 0 0
0.738 0.913 -0.113 0 0 0
3.938 -0.537 6.312 0 0 0
-11.238 5.863 7.838 0 0 0
-7.913 16.387 7.338 0 0 0
0.488 9.812 2.963 0 0 0
0.738 -0.537 -0.238 0 0 0
-0.888 5.838 7.913 0 0 0
0.863 -0.163 -1.413 0 0 0
2.188 9.263 2.913 0 0 0
3.838 -1.613 0.812 0 0 0
0.413 -0.363 -3.738 0 0 0
4.062 2.863 4.138 0 0 0
-3.263 -0.263 0.088 0 0 0
0.238 -0.312 -0.138 0 0 0
3.988 -9.838 0.013 0 0 0
3.562 -5.788 4.263 0 0 0
0.138 0.588 0.263 0 0 0
-2.438 0.113 0.788 0 0 0
-0.963 -0.888 -0.963 0 0 0
0.863 1.213 0.013 0 0 0
4.312 5.663 6.238 0 0 0
4.138 2.463 3.388 0 0 0
0.688 1.288 -1.012 0 0 0
-4.213 9.988 2.638 0 0 0
-1.312 5.838 7.913 0 0 0
-2.413 -0.088 -0.113 0 0 0
-2.288 -0.537 0.013 0 0 0
-3.838 2.538 -0.438 0 0 0
0.363 -0.913 -1.012 0 0 0
-2.188 1.213 0.013 0 0 0
-2.788 -0.238 -2.688 0 0 0
-3.238 0.913 0.613 0 0 0
-1.638 0.088 0.688 0 0 0
0.062 0.562 0.663 0 0 0
-19.263 4.763 4.638 0 0 0
-9.113 -7.088 5.363 0 0 0
0.038 0.463 0.113 0 0 0
-3.338 1.363 0.738 0 0 0
-1.663 -0.088 -1.088 0 0 0
-6.363 16.088 6.913 0 0 0
-2.363 -0.188 -2.138 0 0 0
-2.613 1.213 0.013 0 0 0
-1.137 -0.788 -1.088 0 0 0
3.288 0.713 7.713 0 0 0
-2.513 -0.213 -0.263 0 0 0
0.988 -7.638 5.288 0 0 0
3.863 6.138 0.812 0 0 0
-2.738 0.113 0.663 0 0 0
3.888 -2.513 0.038 0 0 0
-3.463 0.263 2.138 0 0 0
-11.438 1.788 16.812 0 0 0
-2.538 -0.188 -0.363 0 0 0
-3.363 0.188 -0.388 0 0 0
-11.438 -8.938 0.013 0 0 0
-1.562 -1.213 -1.113 0 0 0
-2.938 0.363 0.013 0 0 0
-1.088 -1.113 -1.062 0 0 0
-1.538 -0.812 -0.988 0 0 0
0.062 7.088 7.738 0 0 0
0.038 0.638 0.513 0 0 0
-11.963 7.038 7.812 0 0 0
-3.388 6.312 7.838 0 0 0
-4.163 1.012 9.688 0 0 0
-2.062 -1.413 -1.113 0 0 0
-0.638 0.088 0.888 0 0 0
-0.863 2.087 -1.062 0 0 0
-3.838 -3.088 -0.013 0 0 0
-3.338 0.338 0.113 0 0 0
-1.988 -1.213 -1.113 0 0 0
-8.463 1.738 16.463 0 0 0
-6.188 5.688 6.913 0 0 0
3.263 -7.163 6.062 0 0 0
-2.463 5.838 7.863 0 0 0
2.788 1.062 11.188 0 0 0
3.838 -7.013 2.763 0 0 0
-10.088 5.713 7.913 0 0 0
-5.663 -9.788 0.013 0 0 0
-3.138 0.213 0.013 0 0 0
-3.463 -0.113 -1.538 0 0 0
-3.013 1.663 0.013 0 0 0
-3.263 -0.638 -0.238 0 0 0
4.237 6.312 7.413 0 0 0
-0.062 0.062 0.537 0 0 0
-1.012 0.113 -1.288 0 0 0
-2.413 -1.213 -1.113 0 0 0
-2.812 -0.088 -1.137 0 0 0
-3.238 -0.213 -0.388 0 0 0
-1.788 0.038 0.213 0 0 0
-0.388 -1.713 -1.137 0 0 0
2.812 -9.188 0.013 0 0 0
0.913 0.363 0.062 0 0 0
-1.588 -1.713 -0.938 0 0 0
-6.163 7.288 7.463 0 0 0
-1.713 2.087 -1.062 0 0 0
-4.638 10.338 1.488 0 0 0
1.062 -0.213 -2.087 0 0 0
-3.438 1.663 0.013 0 0 0
0.688 0.963 -0.188 0 0 0
-7.913 5.888 8.138 0 0 0
-20.163 -11.163 0.013 0 0 0
-2.888 -0.138 -1.888 0 0 0
3.988 2.463 3.538 0 0 0
-2.838 -1.213 -1.113 0 0 0
-3.312 -0.238 0.013 0 0 0
0.663 -0.038 -0.312 0 0 0
0.238 -0.812 -0.988 0 0 0
4.163 3.438 4.588 0 0 0
-3.363 1.863 0.013 0 0 0
0.613 -0.388 -0.062 0 0 0
3.938 3.013 4.312 0 0 0
-1.438 7.138 8.438 0 0 0
1.062 -0.438 -0.288 0 0 0
0.913 0.537 0.463 0 0 0
-1.463 -0.138 -1.688 0 0 0
-2.263 -0.013 -0.438 0 0 0
-2.312 -2.038 -0.963 0 0 0
3.688 -5.388 3.812 0 0 0
-0.113 0.588 0.038 0 0 0
-0.188 -0.812 -0.988 0 0 0
-11.938 8.188 6.062 0 0 0
-13.638 14.713 6.513 0 0 0
-2.812 -0.763 -1.113 0 0 0
-1.238 1.663 0.013 0 0 0
-1.663 -0.163 -1.838 0 0 0
4.138 3.588 3.062 0 0 0
0.913 0.413 0.613 0 0 0
-3.438 0.338 3.088 0 0 0
4.088 2.663 3.713 0 0 0
-2.738 -2.038 -0.963 0 0 0
-0.413 0.138 0.163 0 0 0
-6.413 -9.138 0.013 0 0 0
3.938 -3.588 1.888 0 0 0
1.012 -0.238 -2.188 0 0 0
-3.338 0.588 0.537 0 0 0
-2.463 0.138 0.213 0 0 0
-15.163 1.113 9.388 0 0 0
-8.388 15.013 8.037 0 0 0
-3.288 -0.513 0.163 0 0 0
-3.312 0.113 0.812 0 0 0
0.363 0.088 -1.188 0 0 0
-19.263 5.312 4.713 0 0 0
-10.188 -9.188 0.013 0 0 0
-2.163 0.038 -0.013 0 0 0
-3.338 0.463 0.688 0 0 0
-12.663 5.888 7.463 0 0 0
-3.388 0.062 0.062 0 0 0
-1.738 5.688 7.938 0 0 0
-3.338 1.338 0.537 0 0 0
0.188 0.537 0.338 0 0 0
-15.138 -16.812 0.013 0 0 0
0.888 -0.738 -1.038 0 0 0
-1.513 -0.163 -1.788 0 0 0
4.038 3.388 4.888 0 0 0
-2.638 -1.388 -0.963 0 0 0
4.038 2.763 3.463 0 0 0
3.812 -3.288 0.238 0 0 0
0.413 -0.963 -0.938 0 0 0
3.988 -1.463 1.137 0 0 0
-14.863 8.713 7.738 0 0 0
-1.438 6.013 7.438 0 0 0
-1.012 5.888 7.863 0 0 0
-2.238 -0.213 -2.463 0 0 0
-1.088 -0.312 -3.312 0 0 0
-0.312 -7.513 5.163 0 0 0
-3.363 1.238 0.588 0 0 0
-5.163 6.062 8.088 0 0 0
-4.288 1.312 0.013 0 0 0
-2.263 -2.613 -0.888 0 0 0
0.463 -0.738 -1.038 0 0 0
4.038 2.638 3.613 0 0 0
-2.312 0.138 1.012 0 0 0
0.913 0.488 0.638 0 0 0
4.088 -4.538 0.013 0 0 0
4.263 4.913 6.562 0 0 0
-3.562 -1.588 -0.963 0 0 0
3.138 -7.463 5.213 0 0 0
-14.138 1.763 16.137 0 0 0
3.963 -2.713 1.312 0 0 0
0.913 0.613 -0.113 0 0 0
-10.488 5.638 7.338 0 0 0
0.062 0.613 0.488 0 0 0
-2.238 -0.263 -0.263 0 0 0
-1.438 6.938 7.838 0 0 0
-3.338 -0.138 -1.863 0 0 0
-5.163 -18.038 0.013 0 0 0
-2.413 -0.163 -0.138 0 0 0
0.013 0.513 -0.163 0 0 0
0.913 -0.537 0.013 0 0 0
-13.138 -10.263 0.013 0 0 0
-13.488 15.613 6.038 0 0 0
1.812 -7.562 4.413 0 0 0
3.663 2.763 0.013 0 0 0
4.088 5.488 7.338 0 0 0
3.788 5.588 1.963 0 0 0
0.388 -0.263 -0.263 0 0 0
3.938 2.688 3.863 0 0 0
-1.062 -1.413 -1.113 0 0 0
-2.113 -0.838 0.013 0 0 0
-1.588 1.663 0.013 0 0 0
-10.838 -7.338 5.513 0 0 0
3.938 -3.213 1.562 0 0 0
0.238 4.888 4.737 0 0 0
0.938 0.463 -0.113 0 0 0
-0.863 1.263 -1.088 0 0 0
-1.763 -2.638 -0.888 0 0 0
0.338 0.088 -1.163 0 0 0
0.788 -0.638 -0.238 0 0 0
0.788 0.388 -0.213 0 0 0
-0.663 -0.763 -1.062 0 0 0
0.238 0.537 0.238 0 0 0
-1.488 -1.413 -1.113 0 0 0
0.388 0.488 -0.263 0 0 0
-3.013 13.613 8.838 0 0 0
-1.763 -0.738 -1.012 0 0 0
0.713 -0.138 -1.388 0 0 0
0.938 0.338 0.038 0 0 0
-2.312 -0.988 0.013 0 0 0
0.838 4.988 4.663 0 0 0
0.537 1.463 0.013 0 0 0
-9.663 12.213 9.312 0 0 0
-2.238 2.562 0.013 0 0 0
0.613 1.663 0.013 0 0 0
-16.713 -11.263 0.013 0 0 0
3.663 -4.088 3.113 0 0 0
0.913 0.688 -0.088 0 0 0
-3.338 0.263 0.088 0 0 0
4.088 2.638 3.513 0 0 0
3.488 0.638 6.838 0 0 0
-4.788 6.963 7.863 0 0 0
-3.188 0.812 0.613 0 0 0
0.163 -0.638 0.013 0 0 0
-7.863 1.738 16.713 0 0 0
-5.388 -15.638 0.013 0 0 0
0.288 -0.138 -1.388 0 0 0
4.263 5.888 7.513 0 0 0
0.113 1.463 0.013 0 0 0
4.188 4.763 5.312 0 0 0
-2.337 1.562 0.013 0 0 0
-11.213 5.688 7.838 0 0 0
0.438 -0.738 -1.012 0 0 0
4.112 3.388 4.288 0 0 0
-0.312 0.013 -0.013 0 0 0
-0.312 0.013 -0.038 0 0 0
-7.613 7.138 8.513 0 0 0
-2.663 2.562 0.013 0 0 0
0.188 1.663 0.013 0 0 0
0.388 0.537 0.288 0 0 0
-5.188 -10.638 0.013 0 0 0
-11.138 -10.388 0.013 0 0 0
3.538 -2.363 0.163 0 0 0
0.163 0.113 0.013 0 0 0
-2.238 -0.312 -0.088 0 0 0
-1.213 -0.988 -1.088 0 0 0
-3.663 -2.638 -0.013 0 0 0
-3.338 2.337 0.363 0 0 0
-2.038 -0.213 -2.513 0 0 0
-1.812 -0.763 -1.113 0 0 0
-8.037 -18.913 0.013 0 0 0
-5.363 7.763 7.613 0 0 0
0.688 -0.763 -0.988 0 0 0
0.013 -0.738 -1.012 0 0 0
-1.738 0.062 0.312 0 0 0
-0.738 0.013 -0.013 0 0 0
0.663 -0.163 -1.488 0 0 0
3.788 -3.288 -0.062 0 0 0
0.913 0.588 0.288 0 0 0
1.738 5.838 8.062 0 0 0
3.963 2.413 3.413 0 0 0
-1.638 -0.988 -1.088 0 0 0
0.213 0.513 0.388 0 0 0
0.638 -0.113 -1.113 0 0 0
-1.812 -0.888 -0.963 0 0 0
-1.888 5.888 7.888 0 0 0
-2.562 -6.688 0.013 0 0 0
0.013 0.638 0.413 0 0 0
-0.488 -0.913 -1.012 0 0 0
-2.863 0.562 0.013 0 0 0
-0.312 0.062 0.513 0 0 0
-0.413 -0.738 -1.012 0 0 0
0.913 0.463 0.438 0 0 0
-2.562 3.038 -0.988 0 0 0
-10.538 1.713 16.088 0 0 0
-3.288 0.688 -0.138 0 0 0
-3.263 0.213 0.138 0 0 0
0.588 -1.338 -0.963 0 0 0
0.513 -1.213 -0.988 0 0 0
0.338 -1.263 -0.363 0 0 0
-0.238 -0.338 -0.238 0 0 0
0.638 -0.513 -0.312 0 0 0
-1.613 -2.013 -0.938 0 0 0
-15.513 1.663 14.863 0 0 0
3.888 -0.338 4.038 0 0 0
0.562 -0.988 -1.088 0 0 0
-1.062 1.363 0.013 0 0 0
0.438 0.363 -0.213 0 0 0
-2.988 -1.613 -1.113 0 0 0
0.812 0.788 0.713 0 0 0
-0.062 -0.163 -1.613 0 0 0
-2.488 -0.088 -0.088 0 0 0
0.488 -1.463 -1.113 0 0 0
-2.713 0.513 -0.338 0 0 0
0.163 -1.012 -0.988 0 0 0
4.163 4.112 3.963 0 0 0
0.288 -1.338 -1.088 0 0 0
0.138 -0.988 -1.088 0 0 0
-3.388 -0.062 -1.113 0 0 0
0.138 0.513 0.188 0 0 0
-3.213 -1.713 0.013 0 0 0
3.538 0.488 5.463 0 0 0
-2.763 6.238 7.763 0 0 0
-4.663 -7.938 4.088 0 0 0
-14.738 1.038 8.763 0 0 0
-2.913 3.988 -0.312 0 0 0
3.988 4.112 5.738 0 0 0
-0.763 0.113 -0.113 0 0 0
-1.938 0.113 0.863 0 0 0
0.537 1.263 -0.588 0 0 0
4.288 3.963 4.338 0 0 0
3.088 -7.188 6.088 0 0 0
-8.338 1.113 10.188 0 0 0
4.237 5.913 8.213 0 0 0
-3.363 0.263 0.388 0 0 0
4.213 2.588 3.312 0 0 0
-2.438 -0.188 -2.113 0 0 0
-6.812 5.838 7.838 0 0 0
-0.263 -1.012 -0.988 0 0 0
-2.138 -0.388 -0.537 0 0 0
-0.138 0.038 0.413 0 0 0
-0.138 -7.538 5.188 0 0 0
3.838 -2.963 1.012 0 0 0
-1.763 1.713 -1.062 0 0 0
-7.088 -0.763 8.338 0 0 0
-0.788 -0.163 -1.663 0 0 0
-0.513 0.113 1.062 0 0 0
-0.288 -0.088 -0.088 0 0 0
0.888 0.562 0.363 0 0 0
0.938 0.312 -0.163 0 0 0
3.888 3.562 1.363 0 0 0
-0.788 -9.138 0.013 0 0 0
-0.438 0.888 0.663 0 0 0
0.113 0.688 -0.188 0 0 0
-0.338 5.638 8.013 0 0 0
-12.238 6.163 8.238 0 0 0
0.963 2.638 0.238 0 0 0
0.062 6.413 7.913 0 0 0
-3.113 -0.113 -1.513 0 0 0
-0.713 0.088 0.913 0 0 0
0.638 -0.438 -0.288 0 0 0
-2.188 1.713 -1.062 0 0 0
-1.663 -1.312 -1.038 0 0 0
-2.263 -0.488 -0.788 0 0 0
-0.088 -0.463 0.188 0 0 0
0.613 -1.738 -1.188 0 0 0
0.938 0.488 0.238 0 0 0
0.438 -1.638 -1.062 0 0 0
4.038 -0.213 -1.538 0 0 0
0.913 0.537 -0.138 0 0 0
4.188 3.538 3.338 0 0 0
0.863 0.038 0.613 0 0 0
-4.863 6.062 8.213 0 0 0
-3.113 0.113 0.038 0 0 0
-2.238 -0.338 -0.288 0 0 0
-3.263 3.688 0.713 0 0 0
-2.863 -0.513 -0.438 0 0 0
-14.263 1.713 15.713 0 0 0
-2.013 0.138 1.137 0 0 0
-3.463 0.188 1.463 0 0 0
-1.213 1.513 0.013 0 0 0
-2.988 0.988 9.713 0 0 0
4.013 -0.188 2.312 0 0 0
-2.388 -2.188 -0.938 0 0 0
-2.087 -0.988 -1.062 0 0 0
-3.363 -0.288 -0.338 0 0 0
-3.113 -0.062 -0.963 0 0 0
-12.638 1.738 16.062 0 0 0
0.863 0.788 0.613 0 0 0
-3.463 1.463 -0.088 0 0 0
0.913 0.713 0.263 0 0 0
0.388 -0.338 -0.288 0 0 0
0.838 0.812 0.513 0 0 0
-3.438 16.363 7.013 0 0 0
-3.263 1.963 1.238 0 0 0
-0.188 -0.163 0.062 0 0 0
-9.287 -0.588 5.938 0 0 0
4.237 4.163 5.788 0 0 0
-1.213 2.263 0.013 0 0 0
-1.638 1.513 0.013 0 0 0
-2.863 -0.338 -0.013 0 0 0
-3.312 0.413 0.463 0 0 0
0.413 -0.113 -1.163 0 0 0
-0.088 -0.263 0.062 0 0 0
4.062 2.288 3.213 0 0 0
2.988 1.062 11.138 0 0 0
4.163 3.213 4.513 0 0 0
3.913 -1.363 1.312 0 0 0
0.388 0.413 -0.288 0 0 0
-0.013 -0.338 -0.288 0 0 0
-0.763 5.838 7.888 0 0 0
4.112 3.713 4.138 0 0 0
-1.513 -1.588 -1.012 0 0 0
-0.238 -7.763 5.338 0 0 0
0.363 -0.588 -0.413 0 0 0
-2.538 -0.038 -0.163 0 0 0
0.788 0.613 0.013 0 0 0
-1.638 2.263 0.013 0 0 0
-4.788 -9.412 0.013 0 0 0
3.812 -1.838 -0.238 0 0 0
-0.488 -0.238 -2.363 0 0 0
-9.938 6.213 8.238 0 0 0
-2.363 -1.137 0.013 0 0 0
-1.938 -0.388 0.013 0 0 0
-0.713 -1.213 -1.088 0 0 0
-2.863 -0.888 -0.163 0 0 0
-2.913 2.763 -0.938 0 0 0
-2.963 -0.088 -1.312 0 0 0
-4.038 -1.788 0.562 0 0 0
-0.963 -0.138 -1.613 0 0 0
-1.812 -2.038 -0.888 0 0 0
0.363 1.188 -0.388 0 0 0
4.213 3.013 4.138 0 0 0
4.112 3.888 4.538 0 0 0
-12.138 1.038 9.062 0 0 0
-0.163 6.238 8.062 0 0 0
-1.738 1.263 0.013 0 0 0
0.363 0.613 0.013 0 0 0
0.788 1.363 0.013 0 0 0
0.938 0.438 0.413 0 0 0
4.088 3.888 3.763 0 0 0
-2.413 -1.812 -0.913 0 0 0
0.588 0.463 0.013 0 0 0
3.963 -1.763 -0.738 0 0 0
4.062 6.113 7.988 0 0 0
-3.138 -0.988 -1.062 0 0 0
-2.238 -2.038 -0.888 0 0 0
0.463 -0.388 -0.238 0 0 0
-2.013 6.963 7.863 0 0 0
-24.863 5.838 8.113 0 0 0
-4.487 -0.763 8.638 0 0 0
-2.163 1.263 0.013 0 0 0
0.363 1.363 0.013 0 0 0
-1.738 -0.062 -0.863 0 0 0
-3.713 -7.463 4.312 0 0 0
-21.888 -7.113 0.013 0 0 0
-0.163 -0.263 -0.138 0 0 0
-1.588 -0.163 -1.763 0 0 0
0.863 -0.913 0.013 0 0 0
-11.388 -7.363 4.213 0 0 0
3.363 -7.363 3.713 0 0 0
-2.838 0.088 -1.038 0 0 0
-6.088 8.013 5.863 0 0 0
0.588 -0.138 -1.263 0 0 0
-11.338 6.238 8.088 0 0 0
0.537 0.537 -0.238 0 0 0
-0.513 0.088 0.863 0 0 0
-0.062 1.363 0.013 0 0 0
-8.863 -7.338 1.388 0 0 0
-8.613 1.038 9.488 0 0 0
-6.263 7.013 7.938 0 0 0
-2.388 -0.463 0.013 0 0 0
-2.938 -0.913 -1.038 0 0 0
1.012 -0.088 -0.713 0 0 0
-2.238 0.088 0.537 0 0 0
-0.338 10.038 8.988 0 0 0
-1.863 -1.163 0.013 0 0 0
-11.188 -9.062 0.013 0 0 0
0.688 0.838 0.663 0 0 0
0.163 -1.713 -1.163 0 0 0
0.038 1.263 0.013 0 0 0
3.888 3.413 1.312 0 0 0
-1.538 -0.763 -1.088 0 0 0
-5.438 -10.213 0.013 0 0 0
-5.013 -9.463 0.013 0 0 0
0.263 1.113 0.013 0 0 0
-2.312 0.013 -0.213 0 0 0
0.888 0.713 0.562 0 0 0
0.913 1.963 -0.213 0 0 0
-3.138 1.012 0.513 0 0 0
0.863 0.588 0.013 0 0 0
-3.238 3.338 0.363 0 0 0
-25.213 6.062 7.588 0 0 0
0.788 0.863 0.438 0 0 0
-0.838 1.513 -1.062 0 0 0
3.963 2.812 4.038 0 0 0
-0.562 10.863 1.538 0 0 0
-11.613 -9.062 0.013 0 0 0
-10.438 5.938 7.738 0 0 0
-3.788 -0.788 -1.188 0 0 0
-0.388 1.263 0.013 0 0 0
-10.038 6.713 7.638 0 0 0
4.138 3.163 3.663 0 0 0
-3.388 0.038 -0.138 0 0 0
-0.488 -1.088 0.013 0 0 0
-0.062 -0.338 0.013 0 0 0
-3.238 3.463 -0.388 0 0 0
4.038 2.738 3.938 0 0 0
0.812 -0.488 -0.338 0 0 0
-0.388 0.113 0.138 0 0 0
-0.263 -1.838 -1.012 0 0 0
-2.238 0.138 1.088 0 0 0
-3.263 -1.613 -1.038 0 0 0
-3.338 0.163 1.137 0 0 0
-1.263 1.838 -1.088 0 0 0
-0.438 0.062 0.638 0 0 0
-2.688 -0.238 -2.688 0 0 0
-1.963 0.038 0.062 0 0 0
3.613 0.438 4.788 0 0 0
-3.088 -1.838 -1.012 0 0 0
-5.463 -10.263 0.013 0 0 0
3.838 -1.588 1.113 0 0 0
0.113 0.738 -0.363 0 0 0
0.888 0.038 0.588 0 0 0
-8.888 5.938 8.088 0 0 0
-1.088 2.638 -1.038 0 0 0
-5.263 -7.488 4.288 0 0 0
-1.838 7.562 7.913 0 0 0
-2.812 1.188 0.013 0 0 0
0.263 -0.763 -0.988 0 0 0
0.163 0.588 0.663 0 0 0
-3.238 -0.438 -0.513 0 0 0
4.038 3.538 5.088 0 0 0
-0.288 1.288 0.013 0 0 0
-0.638 6.388 7.838 0 0 0
-3.188 0.988 0.413 0 0 0
-13.062 6.888 8.287 0 0 0
4.188 3.138 3.413 0 0 0
-2.337 -0.163 -0.062 0 0 0
-9.138 12.463 9.513 0 0 0
3.113 1.038 10.812 0 0 0
-0.088 -0.413 0.013 0 0 0
0.038 -0.888 -1.012 0 0 0
0.938 0.537 0.062 0 0 0
-1.388 -2.188 -0.938 0 0 0
0.463 -0.588 -0.838 0 0 0
-5.988 1.763 17.238 0 0 0
-3.238 1.188 0.013 0 0 0
3.963 2.888 4.062 0 0 0
-0.537 -0.263 -0.238 0 0 0
-3.613 1.812 -0.888 0 0 0
-9.238 -9.562 0.013 0 0 0
-0.463 -1.088 -1.012 0 0 0
1.062 -0.088 -0.812 0 0 0
0.938 0.413 0.213 0 0 0
-1.663 -0.062 -0.788 0 0 0
-20.513 7.562 7.713 0 0 0
-2.038 -1.413 -0.188 0 0 0
-0.388 -0.888 -1.012 0 0 0
-2.838 1.388 -0.363 0 0 0
0.913 0.312 0.338 0 0 0
-1.688 -0.213 -2.488 0 0 0
-1.812 -2.188 -0.938 0 0 0
-0.588 -0.763 -0.988 0 0 0
0.312 0.537 0.312 0 0 0
0.713 1.888 -0.188 0 0 0
-2.113 -1.488 -0.938 0 0 0
0.913 0.763 0.088 0 0 0
3.913 -2.062 1.137 0 0 0
-1.312 -1.838 -1.012 0 0 0
0.638 -0.088 -0.812 0 0 0
-3.312 0.588 0.138 0 0 0
-3.613 13.663 8.888 0 0 0
-3.338 0.062 0.163 0 0 0
-16.688 1.213 10.338 0 0 0
-0.963 -0.312 -3.338 0 0 0
0.363 0.038 -0.312 0 0 0
-24.838 5.812 8.162 0 0 0
-1.812 0.062 0.338 0 0 0
3.288 -0.588 7.138 0 0 0
-1.012 -0.763 -0.988 0 0 0
-3.338 0.363 0.413 0 0 0
4.088 2.738 3.838 0 0 0
-2.688 0.088 0.562 0 0 0
-0.738 1.238 0.013 0 0 0
-0.888 5.763 7.988 0 0 0
-2.212 -1.613 -1.088 0 0 0
-0.213 -0.788 9.162 0 0 0
3.513 -2.263 0.238 0 0 0
-3.312 0.763 0.537 0 0 0
-1.688 -0.163 -1.938 0 0 0
-3.463 0.338 2.988 0 0 0
0.363 0.788 -0.312 0 0 0
4.062 5.363 6.663 0 0 0
-7.138 -10.562 0.013 0 0 0
-3.312 2.087 0.812 0 0 0
3.838 -3.188 2.812 0 0 0
-5.263 6.388 7.788 0 0 0
-3.288 0.013 0.038 0 0 0
-3.312 0.638 0.688 0 0 0
-0.263 -1.413 -0.188 0 0 0
0.713 -0.863 -1.038 0 0 0
-1.788 0.062 0.513 0 0 0
-3.138 0.988 0.312 0 0 0
3.763 -3.238 2.538 0 0 0
-11.838 12.588 7.363 0 0 0
2.963 -7.838 2.513 0 0 0
0.913 0.388 0.363 0 0 0
0.062 -0.138 -1.438 0 0 0
-2.288 -0.163 -0.163 0 0 0
3.938 4.338 4.737 0 0 0
-0.488 0.088 0.838 0 0 0
-1.438 2.613 -1.038 0 0 0
-2.163 -0.238 -2.588 0 0 0
-5.988 7.088 7.788 0 0 0
0.062 -7.812 4.312 0 0 0
0.263 -0.338 -0.163 0 0 0
-2.163 -0.763 -1.038 0 0 0
0.638 1.888 -0.913 0 0 0
-2.888 -2.087 -0.163 0 0 0
-4.938 7.288 7.062 0 0 0
-13.963 1.088 9.338 0 0 0
0.537 -0.288 -0.263 0 0 0
4.013 -9.438 0.013 0 0 0
-0.738 -0.238 -2.388 0 0 0
-3.238 3.213 0.463 0 0 0
-11.812 9.913 0.838 0 0 0
-3.388 -0.688 0.213 0 0 0
4.138 2.738 3.513 0 0 0
3.538 0.588 6.388 0 0 0
-1.562 1.688 0.013 0 0 0
3.838 -1.613 0.913 0 0 0
-16.113 12.713 8.488 0 0 0
-0.088 5.788 7.913 0 0 0
4.038 3.513 4.888 0 0 0
-11.013 -7.312 1.413 0 0 0
-3.088 1.113 -0.163 0 0 0
-5.812 6.163 7.688 0 0 0
-14.513 1.763 15.988 0 0 0
-7.062 -11.312 0.013 0 0 0
-25.188 6.088 8.188 0 0 0
0.938 -0.363 0.013 0 0 0
-3.088 -0.088 -1.188 0 0 0
-1.988 1.688 0.013 0 0 0
-1.088 -0.138 -1.488 0 0 0
-0.537 0.913 0.588 0 0 0
-10.113 16.413 6.312 0 0 0
-0.263 -1.088 -1.062 0 0 0
0.888 0.763 0.388 0 0 0
0.638 0.338 0.013 0 0 0
-7.538 16.363 7.338 0 0 0
-3.288 -0.038 0.213 0 0 0
-3.038 2.513 -0.438 0 0 0
-2.212 -0.763 0.013 0 0 0
0.638 0.788 -0.238 0 0 0
3.538 0.638 6.938 0 0 0
-2.838 1.513 -0.388 0 0 0
0.888 0.638 0.537 0 0 0
0.188 0.562 0.638 0 0 0
-0.463 -0.038 -0.038 0 0 0
0.338 -0.138 -1.288 0 0 0
-2.413 1.688 0.013 0 0 0
-3.338 -0.713 -0.038 0 0 0
-13.738 -10.363 0.013 0 0 0
3.938 -2.988 1.188 0 0 0
-25.988 10.013 0.988 0 0 0
-13.913 5.838 7.312 0 0 0
-8.463 7.263 7.038 0 0 0
4.163 5.013 5.438 0 0 0
4.088 -0.213 -1.638 0 0 0
-0.263 6.213 7.688 0 0 0
-2.713 0.788 -0.288 0 0 0
0.913 -0.562 -0.238 0 0 0
-3.338 0.038 -0.013 0 0 0
-14.663 7.438 7.312 0 0 0
0.113 -0.663 0.013 0 0 0
0.763 -0.963 -0.988 0 0 0
-2.163 0.113 0.812 0 0 0
0.388 0.438 0.013 0 0 0
-22.312 -0.537 6.312 0 0 0
-2.188 -0.913 0.013 0 0 0
-2.113 -0.763 -1.137 0 0 0
-2.663 -0.188 -2.163 0 0 0
-2.738 0.688 -0.238 0 0 0
-2.363 0.088 0.663 0 0 0
-4.088 -1.012 -0.838 0 0 0
-3.138 0.213 0.113 0 0 0
0.488 -0.562 -0.238 0 0 0
-0.788 -1.338 -1.062 0 0 0
-0.688 1.438 -1.038 0 0 0
0.537 0.838 0.013 0 0 0
-2.438 0.013 -0.088 0 0 0
3.062 1.012 10.663 0 0 0
-0.613 -0.138 -1.588 0 0 0
-1.688 -1.438 -1.113 0 0 0
-1.938 0.138 1.213 0 0 0
-2.212 6.238 7.738 0 0 0
-2.188 3.013 -0.988 0 0 0
0.363 0.638 -0.363 0 0 0
-3.263 -0.763 0.013 0 0 0
-3.263 -10.663 0.013 0 0 0
-2.013 0.062 0.463 0 0 0
0.213 -1.213 -1.012 0 0 0
-13.538 7.838 6.338 0 0 0
-0.613 -0.838 -1.038 0 0 0
0.688 0.963 -0.088 0 0 0
-1.038 -0.138 -1.588 0 0 0
-11.913 -7.163 1.788 0 0 0
4.088 2.613 3.263 0 0 0
-3.338 -1.838 -1.038 0 0 0
3.963 2.488 3.538 0 0 0
3.688 7.363 2.513 0 0 0
3.788 -3.413 2.113 0 0 0
0.838 1.938 0.188 0 0 0
-2.638 1.638 0.013 0 0 0
-3.062 0.888 0.013 0 0 0
-2.838 1.713 -1.113 0 0 0
-0.663 -0.213 -2.312 0 0 0
-3.463 0.163 1.263 0 0 0
-2.888 -0.663 -0.238 0 0 0
-0.388 -0.963 -1.038 0 0 0
0.088 0.613 0.288 0 0 0
-3.288 0.463 -0.263 0 0 0
4.088 2.488 3.413 0 0 0
-1.938 -1.663 -1.088 0 0 0
-6.312 5.338 7.062 0 0 0
-6.738 -7.388 1.388 0 0 0
-2.812 -0.763 -1.012 0 0 0
-3.188 -0.138 -1.913 0 0 0
-5.788 -9.263 0.013 0 0 0
3.863 -3.788 1.988 0 0 0
-6.138 -7.663 3.863 0 0 0
0.863 1.913 -0.312 0 0 0
0.263 -7.663 2.988 0 0 0
-3.338 0.288 0.388 0 0 0
3.288 5.938 8.263 0 0 0
-3.288 -0.812 0.013 0 0 0
3.488 0.663 7.138 0 0 0
2.288 -7.513 6.288 0 0 0
-12.763 15.863 6.138 0 0 0
-3.312 0.688 0.513 0 0 0
-2.438 2.087 -1.088 0 0 0
-2.588 -0.163 -0.338 0 0 0
4.163 2.863 3.812 0 0 0
-3.463 0.213 1.812 0 0 0
-2.763 -0.088 -1.363 0 0 0
-1.088 -0.163 -1.688 0 0 0
-3.312 2.013 0.788 0 0 0
-2.312 0.088 0.562 0 0 0
-2.163 0.038 0.062 0 0 0
-2.238 -1.363 -0.963 0 0 0
-3.062 4.737 0.312 0 0 0
-14.613 -8.787 0.013 0 0 0
-0.338 -1.438 -1.113 0 0 0
3.838 -3.013 1.888 0 0 0
-4.863 12.038 7.288 0 0 0
0.763 0.913 -0.013 0 0 0
-3.113 0.263 -0.363 0 0 0
-0.013 0.688 0.438 0 0 0
-0.038 0.688 0.438 0 0 0
-2.538 0.113 0.713 0 0 0
-18.588 5.538 8.062 0 0 0
-3.388 0.062 0.163 0 0 0
-2.513 -0.088 -0.188 0 0 0
0.188 0.537 0.438 0 0 0
-9.913 6.738 7.812 0 0 0
-3.188 -0.088 -1.363 0 0 0
-3.488 -10.713 0.013 0 0 0
-2.188 -0.138 -1.713 0 0 0
-3.363 1.363 0.537 0 0 0
4.138 5.138 4.988 0 0 0
0.338 -0.163 -1.488 0 0 0
-2.763 0.088 -0.963 0 0 0
-1.888 0.138 1.113 0 0 0
-1.738 0.088 0.613 0 0 0
-3.263 0.062 0.038 0 0 0
-3.413 -10.513 0.013 0 0 0
2.738 5.812 8.013 0 0 0
-1.663 6.338 8.463 0 0 0
-1.938 0.062 0.463 0 0 0
-5.863 1.738 16.863 0 0 0
-6.963 -7.363 4.213 0 0 0
-0.812 -0.913 -1.012 0 0 0
-1.062 1.488 0.013 0 0 0
-2.613 -0.138 -1.713 0 0 0
-2.463 -2.038 -0.938 0 0 0
-24.213 8.562 7.562 0 0 0
-2.312 0.138 1.113 0 0 0
-0.288 7.113 8.388 0 0 0
-3.638 -2.638 -0.238 0 0 0
-1.438 -1.812 -0.938 0 0 0
-0.763 -1.713 -1.137 0 0 0
0.888 0.513 0.638 0 0 0
-1.812 -0.163 -1.812 0 0 0
-0.213 5.713 8.013 0 0 0
-0.938 1.738 -1.012 0 0 0
-0.363 0.088 -1.213 0 0 0
-7.088 6.913 7.963 0 0 0
-2.812 4.138 -0.463 0 0 0
-5.663 6.188 8.162 0 0 0
-1.488 1.488 0.013 0 0 0
-3.738 1.863 -0.738 0 0 0
-17.088 5.738 7.263 0 0 0
-5.938 -9.138 0.013 0 0 0
-12.588 1.088 9.388 0 0 0
-1.538 -1.238 -1.038 0 0 0
-0.763 -1.838 -0.988 0 0 0
-0.738 0.088 0.812 0 0 0
-21.988 3.513 4.988 0 0 0
0.963 2.013 0.238 0 0 0
4.163 4.263 4.112 0 0 0
-2.238 -0.163 -1.812 0 0 0
0.062 0.613 0.588 0 0 0
0.562 -0.088 -0.938 0 0 0
0.713 5.663 8.062 0 0 0
-6.062 8.013 6.988 0 0 0
-1.538 -2.388 -0.913 0 0 0
-13.488 7.938 7.938 0 0 0
4.163 -7.213 0.013 0 0 0
4.263 -5.463 0.013 0 0 0
-0.163 0.638 0.062 0 0 0
-1.088 0.088 -1.263 0 0 0
4.338 4.088 5.288 0 0 0
-2.388 -1.663 -1.062 0 0 0
-3.312 0.763 -0.062 0 0 0
3.988 3.088 0.388 0 0 0
-4.438 -10.963 0.013 0 0 0
3.838 6.163 8.238 0 0 0
-16.288 8.763 7.062 0 0 0
0.788 -0.062 -0.537 0 0 0
-2.788 -1.988 -0.938 0 0 0
-12.713 12.588 7.338 0 0 0
-1.513 1.588 0.013 0 0 0
-3.338 0.537 0.213 0 0 0
0.763 -0.613 -0.238 0 0 0
-17.413 1.188 9.963 0 0 0
4.237 -6.263 0.013 0 0 0
-3.213 0.963 0.188 0 0 0
0.938 0.338 0.138 0 0 0
-24.388 -11.888 0.013 0 0 0
-4.838 6.863 7.838 0 0 0
-1.513 6.638 7.488 0 0 0
3.838 5.888 8.213 0 0 0
4.237 3.788 4.138 0 0 0
-3.213 7.463 7.788 0 0 0
0.913 0.688 0.013 0 0 0
-3.338 0.263 0.188 0 0 0
0.588 1.688 0.013 0 0 0
-3.213 0.838 0.338 0 0 0
0.838 0.062 0.663 0 0 0
-1.938 1.588 0.013 0 0 0
-2.688 -1.363 -0.938 0 0 0
-5.388 16.188 6.938 0 0 0
-1.713 1.438 0.013 0 0 0
-7.538 -9.988 0.013 0 0 0
-1.888 3.388 -1.137 0 0 0
-11.538 7.013 8.438 0 0 0
0.938 0.513 0.537 0 0 0
-2.863 -0.363 -0.288 0 0 0
-2.163 -0.863 0.013 0 0 0
0.213 10.713 1.513 0 0 0
-4.463 -11.038 0.013 0 0 0
4.062 2.988 3.488 0 0 0
-3.463 1.312 -0.188 0 0 0
0.363 2.588 0.013 0 0 0
-0.363 -1.263 -0.413 0 0 0
-3.238 0.288 -0.013 0 0 0
0.413 -0.138 -1.413 0 0 0
-2.363 1.588 0.013 0 0 0
0.763 1.913 -0.213 0 0 0
-3.338 0.438 0.588 0 0 0
-2.138 1.438 0.013 0 0 0
0.562 0.888 0.013 0 0 0
0.013 0.463 0.113 0 0 0
-3.463 1.188 -0.013 0 0 0
4.163 3.013 3.263 0 0 0
-3.312 1.863 0.738 0 0 0
-2.188 -0.163 -1.913 0 0 0
0.688 -1.012 0.013 0 0 0
0.838 -0.088 -0.863 0 0 0
-5.463 -0.788 9.363 0 0 0
3.888 4.913 0.663 0 0 0
-1.838 -0.738 -1.113 0 0 0
3.913 2.562 1.062 0 0 0
0.913 0.738 0.562 0 0 0
0.488 1.438 0.013 0 0 0
-11.188 -11.188 0.013 0 0 0
-13.613 -9.537 0.013 0 0 0
-3.338 2.212 0.613 0 0 0
0.812 -0.763 -1.012 0 0 0
-5.812 -8.613 0.013 0 0 0
-4.913 -19.738 0.013 0 0 0
-2.238 -0.763 -1.012 0 0 0
-13.538 7.062 6.863 0 0 0
0.413 -0.088 -0.863 0 0 0
-0.312 0.062 0.613 0 0 0
-1.263 0.113 -1.213 0 0 0
0.913 0.463 0.537 0 0 0
-0.038 -0.312 0.013 0 0 0
-0.013 -0.312 0.013 0 0 0
0.062 1.438 0.013 0 0 0
-1.713 5.663 8.013 0 0 0
-15.438 14.988 6.613 0 0 0
-3.188 -2.062 0.013 0 0 0
-2.463 -0.113 -0.113 0 0 0
-3.088 -0.312 0.013 0 0 0
-9.162 7.062 8.037 0 0 0
0.388 -0.763 -1.012 0 0 0
-5.913 5.463 7.338 0 0 0
0.838 0.388 -0.213 0 0 0
-2.038 0.062 0.288 0 0 0
0.363 -0.163 -1.513 0 0 0
-7.538 1.838 17.613 0 0 0
0.163 1.338 0.013 0 0 0
-3.338 1.663 0.488 0 0 0
-3.288 0.562 0.113 0 0 0
-3.312 1.188 0.763 0 0 0
-2.888 1.338 0.013 0 0 0
-0.113 -0.963 -1.012 0 0 0
-2.963 -0.062 -1.012 0 0 0
-0.363 1.438 0.013 0 0 0
-3.312 1.488 1.012 0 0 0
-12.538 6.213 8.037 0 0 0
0.788 -1.137 -0.988 0 0 0
-2.013 7.113 8.013 0 0 0
-0.038 -0.763 -1.012 0 0 0
-0.013 -0.763 -1.012 0 0 0
-2.463 0.062 0.288 0 0 0
-3.238 3.288 0.638 0 0 0
-14.013 -9.088 0.013 0 0 0
-11.488 -8.988 0.013 0 0 0
-0.263 1.338 0.013 0 0 0
3.888 -3.312 1.738 0 0 0
0.188 0.588 0.263 0 0 0
-2.413 8.062 6.988 0 0 0
-3.413 -0.413 0.013 0 0 0
3.713 -0.238 3.263 0 0 0
-14.663 -12.288 0.013 0 0 0
-3.312 0.738 -0.263 0 0 0
-4.888 7.763 7.613 0 0 0
-5.538 7.163 6.938 0 0 0
0.363 -1.137 -0.988 0 0 0
0.088 6.213 7.713 0 0 0
-0.463 -0.763 -1.012 0 0 0
-1.738 -0.038 -0.562 0 0 0
0.113 0.562 0.663 0 0 0
3.888 -1.988 1.338 0 0 0
-3.363 1.288 0.513 0 0 0
-0.688 1.338 0.013 0 0 0
0.288 0.038 0.438 0 0 0
-6.738 8.213 7.163 0 0 0
3.888 -1.688 1.588 0 0 0
-3.388 2.188 0.263 0 0 0
-0.513 0.113 1.163 0 0 0
4.038 4.013 3.812 0 0 0
0.338 0.562 0.312 0 0 0
-9.713 6.838 7.938 0 0 0
-1.113 1.338 0.013 0 0 0
0.263 5.863 7.888 0 0 0
-3.488 -0.713 0.388 0 0 0
-2.838 7.538 7.863 0 0 0
-2.337 5.863 8.138 0 0 0
-2.238 0.113 0.838 0 0 0
-0.888 1.188 0.013 0 0 0
-3.113 7.988 5.812 0 0 0
-2.812 2.163 -0.363 0 0 0
1.038 -0.312 -3.138 0 0 0
-1.863 -0.738 -1.088 0 0 0
-1.888 -0.138 -1.588 0 0 0
-8.537 1.738 16.588 0 0 0
-2.738 -0.188 -2.138 0 0 0
0.463 -0.938 -0.812 0 0 0
-4.013 2.588 -0.888 0 0 0
0.513 -0.238 0.062 0 0 0
-3.588 13.363 7.713 0 0 0
0.913 0.537 -0.013 0 0 0
-3.188 14.138 7.613 0 0 0
-3.738 -10.288 0.013 0 0 0
-1.663 0.062 0.488 0 0 0
-2.413 9.888 2.763 0 0 0
-4.338 7.963 7.288 0 0 0
-1.312 1.188 0.013 0 0 0
-0.188 -0.338 -0.238 0 0 0
-3.488 6.538 7.988 0 0 0
-2.638 -0.088 -0.062 0 0 0
-2.288 -0.738 -1.088 0 0 0
-2.163 -0.188 -2.087 0 0 0
-2.238 -0.338 -0.188 0 0 0
-2.013 0.138 1.238 0 0 0
-16.762 5.388 7.513 0 0 0
0.088 -0.238 0.062 0 0 0
-2.713 -0.213 -2.638 0 0 0
0.738 -1.863 -1.062 0 0 0
-0.062 0.088 -1.088 0 0 0
4.112 3.538 3.838 0 0 0
-3.988 -10.938 0.013 0 0 0
0.913 0.713 0.363 0 0 0
-5.263 7.312 7.538 0 0 0
-6.638 -7.713 3.863 0 0 0
-3.312 0.537 0.413 0 0 0
-2.438 0.088 0.088 0 0 0
-1.888 -1.113 -1.062 0 0 0
-2.713 -0.738 -1.088 0 0 0
0.588 -0.463 -0.288 0 0 0
3.863 -3.663 0.638 0 0 0
0.413 0.513 0.363 0 0 0
0.738 -1.113 -1.062 0 0 0
-8.838 5.763 8.263 0 0 0
-3.312 0.413 0.562 0 0 0
0.413 -0.113 -1.062 0 0 0
0.988 -1.263 -0.288 0 0 0
-9.162 -0.788 9.388 0 0 0
-1.688 -0.038 -0.663 0 0 0
-0.613 1.312 0.013 0 0 0
0.763 -0.688 -0.263 0 0 0
4.213 -4.863 0.013 0 0 0
-2.588 6.238 7.638 0 0 0
0.363 0.438 -0.288 0 0 0
-17.338 1.588 13.913 0 0 0
-1.788 -0.788 -1.038 0 0 0
3.413 -5.038 1.638 0 0 0
3.288 7.238 7.013 0 0 0
-13.113 -9.888 0.013 0 0 0
-1.263 1.463 0.013 0 0 0
-2.013 -1.788 -0.913 0 0 0
-0.688 0.438 0.562 0 0 0
-14.238 5.863 8.037 0 0 0
-1.038 1.312 0.013 0 0 0
0.838 -0.788 -1.038 0 0 0
-0.963 -0.138 -1.513 0 0 0
-16.988 1.137 9.338 0 0 0
-3.288 1.613 1.088 0 0 0
0.338 -0.388 -0.288 0 0 0
4.237 3.438 4.763 0 0 0
-11.288 1.088 9.713 0 0 0
-0.688 1.713 -0.988 0 0 0
0.588 10.988 1.538 0 0 0
3.913 -2.638 1.688 0 0 0
-10.288 -9.588 0.013 0 0 0
-7.638 5.763 8.213 0 0 0
0.263 -0.263 -0.013 0 0 0
0.263 -0.263 -0.038 0 0 0
-2.263 -0.238 -0.263 0 0 0
-0.913 -0.763 -0.988 0 0 0
-7.062 5.888 8.113 0 0 0
-6.638 -2.388 -0.188 0 0 0
4.213 7.163 1.438 0 0 0
-1.463 1.312 0.013 0 0 0
0.413 -0.788 -1.038 0 0 0
-9.788 5.738 7.963 0 0 0
-0.338 -0.038 -0.062 0 0 0
1.062 -0.238 -2.188 0 0 0
-12.312 5.763 7.738 0 0 0
-2.863 -2.212 -0.938 0 0 0
-22.413 3.763 4.088 0 0 0
-3.338 -7.513 4.913 0 0 0
-2.438 0.163 0.113 0 0 0
3.163 -7.638 4.487 0 0 0
-1.738 -0.062 -0.763 0 0 0
0.663 0.388 0.013 0 0 0
-2.588 -0.088 -0.163 0 0 0
0.288 0.013 0.238 0 0 0
-4.388 -10.338 0.013 0 0 0
0.638 -0.638 -0.788 0 0 0
-3.263 -0.013 -0.188 0 0 0
0.663 -0.812 -1.012 0 0 0
3.988 -0.188 -1.513 0 0 0
-2.263 -1.513 0.013 0 0 0
0.062 0.038 0.388 0 0 0
-10.788 -9.037 0.013 0 0 0
4.188 -4.188 0.013 0 0 0
-1.463 -0.163 -1.788 0 0 0
0.888 0.537 0.263 0 0 0
-2.888 -0.812 -0.288 0 0 0
-1.688 -0.138 -1.638 0 0 0
0.388 -0.363 -3.738 0 0 0
0.513 1.463 -0.663 0 0 0
4.237 7.588 0.688 0 0 0
0.213 -0.312 -0.138 0 0 0
-3.288 0.613 -0.062 0 0 0
3.738 5.963 2.062 0 0 0
-1.538 -0.763 -0.988 0 0 0
-2.263 2.588 0.013 0 0 0
-2.463 0.113 0.788 0 0 0
0.613 -0.163 -1.663 0 0 0
-5.788 13.812 7.413 0 0 0
-0.838 11.238 7.388 0 0 0
0.338 -0.312 -0.263 0 0 0
-15.963 -9.213 0.013 0 0 0
-8.863 1.113 10.113 0 0 0
0.888 0.713 0.663 0 0 0
-2.212 1.213 0.013 0 0 0
-2.363 5.738 7.988 0 0 0
0.638 -0.588 -0.238 0 0 0
-0.738 -0.788 -1.088 0 0 0
0.913 0.513 -0.238 0 0 0
4.138 2.863 3.513 0 0 0
-3.338 1.012 0.863 0 0 0
-0.812 0.088 0.838 0 0 0
-2.087 -0.688 0.013 0 0 0
-2.188 0.013 -0.238 0 0 0
-0.838 -0.788 9.312 0 0 0
-3.738 2.062 -0.713 0 0 0
0.838 -0.713 8.488 0 0 0
-9.838 7.163 7.913 0 0 0
-11.038 -8.938 0.013 0 0 0
-1.963 -0.763 -0.988 0 0 0
-11.963 7.838 7.812 0 0 0
-3.388 0.038 -0.038 0 0 0
-2.638 14.288 7.688 0 0 0
-2.988 6.312 7.838 0 0 0
-1.163 -0.788 -1.088 0 0 0
-16.688 -8.513 0.013 0 0 0
-4.638 -9.488 0.013 0 0 0
-17.413 8.537 6.388 0 0 0
-3.288 0.663 0.488 0 0 0
0.788 -0.463 -0.338 0 0 0
-0.537 -0.213 -2.337 0 0 0
-2.562 -0.188 -0.363 0 0 0
-3.388 1.363 0.238 0 0 0
-9.062 -7.312 1.888 0 0 0
-4.838 -10.388 0.013 0 0 0
0.963 -0.537 0.013 0 0 0
0.663 -0.738 -0.988 0 0 0
0.238 2.613 0.013 0 0 0
4.263 7.312 0.838 0 0 0
-6.213 1.738 16.938 0 0 0
-1.963 0.038 0.163 0 0 0
-3.363 1.213 0.488 0 0 0
-1.562 -0.812 -0.988 0 0 0
-22.163 -5.513 0.013 0 0 0
0.338 -0.413 0.113 0 0 0
0.312 -0.388 0.013 0 0 0
-3.312 -7.338 4.213 0 0 0
1.913 -7.812 3.062 0 0 0
-3.388 2.113 0.238 0 0 0
-1.788 -1.688 -1.088 0 0 0
0.488 -0.038 -0.363 0 0 0
-4.288 8.037 6.613 0 0 0
-12.938 1.713 15.838 0 0 0
-13.388 1.088 9.287 0 0 0
-3.388 0.088 0.513 0 0 0
2.538 -9.463 0.013 0 0 0
-1.988 -0.812 -0.988 0 0 0
-4.213 1.062 10.338 0 0 0
-3.388 1.988 0.388 0 0 0
-5.488 -9.488 0.013 0 0 0
-14.013 1.688 15.438 0 0 0
-9.938 5.763 8.037 0 0 0
-0.663 -0.838 -1.038 0 0 0
0.938 5.338 4.413 0 0 0
-3.113 -0.763 -1.038 0 0 0
-25.312 -9.713 0.013 0 0 0
3.788 -1.788 0.713 0 0 0
0.338 3.263 0.013 0 0 0
1.738 -7.463 6.238 0 0 0
-12.288 1.113 9.863 0 0 0
-3.263 -0.238 -0.113 0 0 0
-3.413 1.312 0.238 0 0 0
1.012 -7.562 4.413 0 0 0
3.988 3.613 4.938 0 0 0
0.938 0.413 0.312 0 0 0
-2.413 -0.812 -0.988 0 0 0
0.088 1.263 0.013 0 0 0
-5.488 6.238 8.238 0 0 0
-2.113 0.113 -1.213 0 0 0
-9.738 7.238 7.038 0 0 0
-2.062 -0.138 -1.738 0 0 0
-3.238 1.513 0.013 0 0 0
0.213 -0.812 -0.988 0 0 0
4.138 4.038 5.613 0 0 0
-0.338 1.263 0.013 0 0 0
0.438 0.537 0.288 0 0 0
3.888 -1.788 -0.713 0 0 0
4.138 3.413 4.188 0 0 0
4.163 3.838 4.713 0 0 0
3.838 -3.013 -0.038 0 0 0
-8.238 1.738 16.713 0 0 0
0.913 0.638 0.338 0 0 0
0.938 -1.638 -1.088 0 0 0
-3.312 0.463 0.388 0 0 0
-11.888 5.788 8.088 0 0 0
-15.688 1.188 10.088 0 0 0
0.038 0.488 -0.088 0 0 0
0.363 -0.388 -0.312 0 0 0
-2.938 1.713 0.013 0 0 0
-0.138 0.588 0.038 0 0 0
-1.788 -1.613 -1.062 0 0 0
-9.438 16.338 7.338 0 0 0
3.188 0.938 9.812 0 0 0
-7.562 6.288 -0.688 0 0 0
-3.163 -0.788 -1.137 0 0 0
-0.188 1.663 0.013 0 0 0
4.312 4.263 5.388 0 0 0
-3.988 6.888 8.188 0 0 0
3.513 -6.888 5.838 0 0 0
-2.288 -0.338 -0.463 0 0 0
3.863 -2.863 0.463 0 0 0
-3.463 0.338 3.088 0 0 0
0.488 -0.138 -1.338 0 0 0
-0.288 0.213 0.263 0 0 0
-0.238 0.138 -0.088 0 0 0
-1.062 7.188 8.488 0 0 0
-12.312 5.788 8.088 0 0 0
-3.363 -1.638 0.013 0 0 0
-0.263 0.038 0.038 0 0 0
-0.438 0.138 0.163 0 0 0
-1.113 -0.888 -1.038 0 0 0
-6.812 -7.463 1.388 0 0 0
-2.413 -0.213 -2.513 0 0 0
0.663 0.988 -0.013 0 0 0
-6.938 -10.688 0.013 0 0 0
-3.438 1.388 0.163 0 0 0
0.312 -0.763 -0.988 0 0 0
-9.363 -15.588 0.013 0 0 0
0.288 -0.163 -1.488 0 0 0
-3.263 -0.163 -0.088 0 0 0
-3.688 -2.488 0.013 0 0 0
-6.238 1.738 16.963 0 0 0
0.913 0.388 0.463 0 0 0
0.062 -0.138 -1.338 0 0 0
-0.312 7.062 7.738 0 0 0
-2.038 -0.062 -0.938 0 0 0
-0.488 0.088 0.938 0 0 0
3.812 -3.062 -0.038 0 0 0
-3.688 -2.188 0.263 0 0 0
0.413 -0.388 -3.763 0 0 0
-1.088 1.163 0.013 0 0 0
-14.263 15.088 6.488 0 0 0
-12.963 -7.188 1.788 0 0 0
-6.463 1.738 16.713 0 0 0
-7.588 7.938 7.812 0 0 0
-11.812 7.213 7.988 0 0 0
-1.763 0.038 0.113 0 0 0
-3.138 4.663 0.312 0 0 0
0.288 0.513 0.488 0 0 0
-1.012 -1.263 -0.463 0 0 0
0.938 0.488 -0.263 0 0 0
-2.863 -1.413 -1.113 0 0 0
-6.938 -9.188 0.013 0 0 0
-0.537 -0.763 -0.988 0 0 0
-12.688 6.062 7.863 0 0 0
-3.213 0.138 0.913 0 0 0
0.188 -0.988 -1.088 0 0 0
3.913 2.312 3.338 0 0 0
-20.688 -8.363 0.013 0 0 0
-0.613 -0.238 -2.413 0 0 0
-0.088 5.788 8.013 0 0 0
0.663 -0.888 -1.038 0 0 0
-2.188 0.038 0.113 0 0 0
-18.538 -0.812 7.713 0 0 0
-1.363 1.562 0.013 0 0 0
-3.188 2.812 -0.963 0 0 0
-2.713 0.888 -0.562 0 0 0
-2.463 -0.763 -1.062 0 0 0
-13.863 14.138 6.388 0 0 0
-2.513 -0.238 -0.288 0 0 0
-2.763 -0.062 -1.062 0 0 0
0.638 0.088 1.012 0 0 0
-0.088 0.588 -0.062 0 0 0
-2.613 -0.163 -1.963 0 0 0
-1.038 -0.238 -2.413 0 0 0
-1.163 3.213 0.013 0 0 0
-2.513 -1.388 -0.163 0 0 0
0.038 0.613 0.488 0 0 0
-1.163 3.038 -0.988 0 0 0
0.537 -0.138 -1.438 0 0 0
-1.838 -9.438 0.013 0 0 0
-5.062 7.938 6.913 0 0 0
-3.188 -1.088 -1.088 0 0 0
-0.663 -0.988 -1.088 0 0 0
-5.363 -7.562 1.388 0 0 0
-5.163 1.012 9.613 0 0 0
-21.363 9.062 1.062 0 0 0
-1.688 1.463 0.013 0 0 0
0.838 1.562 0.013 0 0 0
4.112 4.188 4.888 0 0 0
-9.812 7.312 7.088 0 0 0
-1.963 -0.838 -1.012 0 0 0
4.163 -7.838 0.013 0 0 0
4.163 -4.487 0.013 0 0 0
4.088 -0.213 -1.538 0 0 0
0.963 -0.088 -0.888 0 0 0
-13.388 1.113 9.638 0 0 0
0.213 0.663 0.088 0 0 0
-3.138 1.062 -0.163 0 0 0
-3.388 -0.613 0.338 0 0 0
-3.338 0.038 0.062 0 0 0
0.838 2.312 0.013 0 0 0
-2.163 0.113 0.913 0 0 0
4.112 2.863 4.013 0 0 0
0.562 -0.963 -0.638 0 0 0
3.738 0.688 7.338 0 0 0
-1.888 1.312 0.013 0 0 0
-1.812 -0.138 -1.513 0 0 0
-2.038 1.663 0.013 0 0 0
4.163 -3.738 0.013 0 0 0
-3.213 0.038 -0.062 0 0 0
0.537 -0.088 -0.888 0 0 0
0.913 -0.688 0.013 0 0 0
4.163 3.688 4.663 0 0 0
3.888 3.338 4.737 0 0 0
0.663 -7.613 5.263 0 0 0
-5.938 5.963 7.638 0 0 0
-0.938 -1.288 -0.463 0 0 0
-2.138 -0.688 0.013 0 0 0
-3.363 1.388 -0.438 0 0 0
-2.212 -0.213 -2.562 0 0 0
-2.538 1.463 0.013 0 0 0
0.413 2.312 0.013 0 0 0
-2.212 -2.638 -0.888 0 0 0
-1.913 0.062 0.263 0 0 0
-2.212 -0.738 -1.012 0 0 0
-0.588 0.038 0.213 0 0 0
-2.838 6.363 8.463 0 0 0
-1.113 0.113 -1.213 0 0 0
0.638 -1.038 0.013 0 0 0
-3.488 -0.913 -0.812 0 0 0
-12.788 1.088 9.537 0 0 0
-6.562 8.113 7.388 0 0 0
-12.538 5.638 7.113 0 0 0
-3.263 -0.188 -0.288 0 0 0
-3.238 0.238 0.238 0 0 0
-2.688 -1.988 -0.938 0 0 0
-5.562 6.638 7.588 0 0 0
-2.638 -0.213 -2.562 0 0 0
-2.588 -2.413 -0.913 0 0 0
-2.538 2.212 0.013 0 0 0
-3.338 -0.638 0.088 0 0 0
0.863 -0.613 -0.238 0 0 0
-1.113 2.312 -1.088 0 0 0
3.863 -1.688 0.688 0 0 0
0.688 0.963 0.013 0 0 0
-0.163 0.088 0.763 0 0 0
-3.213 3.438 0.488 0 0 0
-5.163 -10.138 0.013 0 0 0
-6.838 -2.363 -0.312 0 0 0
-3.263 -0.312 -0.138 0 0 0
0.062 -0.688 0.013 0 0 0
0.513 1.312 -0.763 0 0 0
-8.738 6.288 8.312 0 0 0
-3.113 -1.988 -0.938 0 0 0
-2.238 -0.938 0.013 0 0 0
0.088 0.613 0.388 0 0 0
2.963 5.888 8.113 0 0 0
-0.363 0.062 0.613 0 0 0
4.013 3.963 5.713 0 0 0
-2.963 2.212 0.013 0 0 0
-11.588 7.038 8.463 0 0 0
0.163 2.413 0.013 0 0 0
-5.663 6.513 7.438 0 0 0
-2.438 1.513 0.013 0 0 0
-4.138 -1.863 0.463 0 0 0
-0.413 -0.038 -0.038 0 0 0
-3.113 0.838 0.613 0 0 0
-0.588 0.088 0.763 0 0 0
0.213 0.613 0.263 0 0 0
0.038 0.537 -0.263 0 0 0
-2.463 -0.013 0.013 0 0 0
-2.463 -0.038 0.013 0 0 0
0.738 -0.363 -3.713 0 0 0
-1.338 -0.138 -1.613 0 0 0
0.188 1.513 0.013 0 0 0
-8.662 -7.413 1.413 0 0 0
-3.088 0.213 -0.113 0 0 0
-16.938 6.513 8.363 0 0 0
-3.312 0.388 0.363 0 0 0
-3.288 0.788 -0.263 0 0 0
-15.113 1.613 14.463 0 0 0
3.663 7.163 -0.838 0 0 0
0.163 -0.038 0.013 0 0 0
0.838 0.088 0.963 0 0 0
-3.288 0.213 0.138 0 0 0
-11.263 -11.263 0.013 0 0 0
-0.938 10.788 1.513 0 0 0
-2.513 -0.263 -0.488 0 0 0
-0.663 -0.163 -1.663 0 0 0
-15.263 8.738 6.513 0 0 0
1.163 -0.312 -3.163 0 0 0
-0.363 0.113 1.163 0 0 0
-0.238 1.513 0.013 0 0 0
-3.312 2.013 0.888 0 0 0
-3.062 -1.238 0.013 0 0 0
-3.388 -0.238 0.013 0 0 0
-6.338 -10.988 0.013 0 0 0
-11.488 -10.363 0.013 0 0 0
-0.263 -0.013 0.013 0 0 0
-0.263 -0.038 0.013 0 0 0
0.788 1.913 0.188 0 0 0
0.763 0.913 0.062 0 0 0
-0.638 1.438 -1.038 0 0 0
-0.038 0.688 0.537 0 0 0
-6.038 -17.512 0.013 0 0 0
0.013 0.588 -0.488 0 0 0
-2.513 -0.088 -0.088 0 0 0
3.413 -7.363 2.363 0 0 0
0.713 0.863 0.562 0 0 0
-14.812 1.738 15.763 0 0 0
-1.538 -0.988 -1.062 0 0 0
-0.562 8.037 7.463 0 0 0
-2.513 4.288 -0.738 0 0 0
4.288 5.163 6.888 0 0 0
-1.838 -2.163 -0.938 0 0 0
0.038 -0.263 -0.088 0 0 0
-1.388 -0.163 -1.713 0 0 0
3.913 -2.938 2.138 0 0 0
0.863 -1.863 -1.088 0 0 0
0.288 0.562 0.312 0 0 0
-0.188 5.938 7.838 0 0 0
0.812 1.888 -0.312 0 0 0
-5.588 16.213 6.213 0 0 0
-0.062 0.588 -0.088 0 0 0
0.788 0.062 0.863 0 0 0
-3.388 9.938 2.713 0 0 0
-2.212 -0.312 -0.188 0 0 0
-1.238 -0.788 -1.062 0 0 0
0.713 -0.463 -0.312 0 0 0
0.062 -1.062 -0.988 0 0 0
-13.763 5.663 8.013 0 0 0
-1.263 -1.312 -1.038 0 0 0
-13.413 9.663 1.488 0 0 0
-3.663 1.763 -0.888 0 0 0
-3.163 0.988 9.663 0 0 0
-9.287 -9.613 0.013 0 0 0
-2.663 5.938 7.888 0 0 0
-0.763 1.263 0.013 0 0 0
3.888 3.963 1.488 0 0 0
2.913 -7.688 6.463 0 0 0
-3.263 0.113 0.688 0 0 0
-3.312 0.013 0.038 0 0 0
0.688 -1.263 -0.312 0 0 0
-2.562 5.838 7.888 0 0 0
-16.387 9.013 6.738 0 0 0
0.038 0.663 0.312 0 0 0
-2.838 4.038 -0.312 0 0 0
-3.312 0.888 -0.113 0 0 0
-17.788 1.688 14.788 0 0 0
-1.188 1.263 0.013 0 0 0
0.913 1.938 -0.312 0 0 0
-1.088 -0.788 -1.012 0 0 0
-3.413 1.788 0.288 0 0 0
-0.188 0.638 0.062 0 0 0
-3.213 -1.113 0.013 0 0 0
0.388 -0.163 -1.713 0 0 0
-0.413 0.213 -0.213 0 0 0
-1.562 -2.038 -0.938 0 0 0
-0.163 0.062 0.562 0 0 0
-3.113 0.213 -0.088 0 0 0
-2.312 -0.138 -0.163 0 0 0
-1.888 0.038 0.238 0 0 0
-1.613 1.263 0.013 0 0 0
4.338 -8.888 0.013 0 0 0
-6.663 -2.013 0.263 0 0 0
-0.988 1.713 -1.012 0 0 0
-1.663 1.738 -1.038 0 0 0
3.863 -5.388 3.188 0 0 0
-2.113 -1.588 -1.062 0 0 0
-1.988 -2.038 -0.938 0 0 0
-2.988 -0.138 -1.863 0 0 0
-0.213 -0.163 0.062 0 0 0
-12.438 7.263 7.213 0 0 0
-10.038 -9.713 0.013 0 0 0
-2.738 -0.138 -0.163 0 0 0
4.263 -8.338 0.013 0 0 0
0.562 -0.038 -0.288 0 0 0
0.938 0.338 0.238 0 0 0
-3.688 6.513 7.988 0 0 0
0.113 -0.788 -1.062 0 0 0
0.913 0.388 -0.138 0 0 0
-15.938 1.538 13.738 0 0 0
0.388 0.938 -0.312 0 0 0
-6.988 -1.863 -0.113 0 0 0
-8.287 10.138 1.513 0 0 0
-0.312 -1.213 -1.088 0 0 0
-3.038 -0.763 -0.963 0 0 0
-0.413 9.812 2.888 0 0 0
-10.138 5.538 7.963 0 0 0
-1.562 -0.138 -1.663 0 0 0
0.838 0.062 0.763 0 0 0
0.113 0.588 0.363 0 0 0
-1.938 1.163 0.013 0 0 0
-1.888 -1.713 -0.913 0 0 0
-16.738 7.263 8.312 0 0 0
0.238 6.188 7.663 0 0 0
0.363 -0.188 -0.288 0 0 0
0.363 0.838 -0.263 0 0 0
3.788 -2.263 0.763 0 0 0
-2.988 1.113 -0.288 0 0 0
0.113 0.013 0.088 0 0 0
-3.238 0.288 0.062 0 0 0
-9.863 -10.213 0.013 0 0 0
-1.263 -9.062 0.013 0 0 0
-2.013 -2.413 -0.913 0 0 0
4.138 -4.938 0.013 0 0 0
3.913 -2.113 1.562 0 0 0
-3.463 -0.713 0.188 0 0 0
-4.988 5.938 8.213 0 0 0
-2.863 -0.488 -0.038 0 0 0
-2.312 -1.713 -0.913 0 0 0
0.013 0.463 0.213 0 0 0
-4.988 -11.213 0.013 0 0 0
-0.812 -1.688 -1.113 0 0 0
-3.263 -0.263 -0.312 0 0 0
0.913 0.288 0.238 0 0 0
0.863 -0.688 -0.263 0 0 0
0.013 6.963 7.812 0 0 0
0.838 -0.088 -0.763 0 0 0
-3.413 0.138 0.838 0 0 0
3.888 5.938 0.788 0 0 0
2.913 6.463 8.713 0 0 0
0.463 1.463 0.013 0 0 0
-1.913 -0.213 -2.438 0 0 0
-25.338 5.538 7.438 0 0 0
-1.238 -1.688 -1.113 0 0 0
-9.213 1.038 9.438 0 0 0
0.788 -0.738 -1.012 0 0 0
-2.212 -0.338 -0.388 0 0 0
-9.388 6.338 8.287 0 0 0
0.413 -0.088 -0.763 0 0 0
4.237 5.513 6.463 0 0 0
0.638 1.213 -0.638 0 0 0
-2.888 -0.288 -0.413 0 0 0
-2.488 -0.113 -0.113 0 0 0
0.863 1.388 0.013 0 0 0
4.213 4.038 4.413 0 0 0
4.138 2.638 3.388 0 0 0
-2.038 0.062 0.388 0 0 0
1.913 -7.713 5.463 0 0 0
-2.263 1.213 0.013 0 0 0
-3.613 0.338 2.913 0 0 0
0.363 -0.738 -1.012 0 0 0
3.988 -0.238 2.713 0 0 0
-24.963 -9.588 0.013 0 0 0
-10.812 -11.213 0.013 0 0 0
-14.663 1.713 15.613 0 0 0
-2.062 -0.513 0.013 0 0 0
0.588 -0.888 -1.012 0 0 0
3.988 3.938 5.538 0 0 0
-3.363 0.238 0.363 0 0 0
-7.738 -8.912 0.013 0 0 0
-2.513 -9.363 0.013 0 0 0
-2.087 1.288 0.013 0 0 0
0.438 1.388 0.013 0 0 0
-2.588 -0.238 -0.263 0 0 0
4.188 3.213 4.413 0 0 0
-1.338 8.088 7.488 0 0 0
3.738 -4.513 3.888 0 0 0
-2.463 0.062 0.388 0 0 0
-8.162 6.338 8.338 0 0 0
-9.888 6.913 8.287 0 0 0
-3.263 3.312 0.638 0 0 0
0.188 0.588 0.363 0 0 0
-0.863 1.513 -1.062 0 0 0
-10.213 1.788 16.863 0 0 0
0.338 0.388 0.013 0 0 0
3.138 9.988 3.213 0 0 0
3.838 -1.863 -0.738 0 0 0
-2.513 1.288 0.013 0 0 0
-2.812 -0.788 -0.388 0 0 0
3.013 -7.562 5.288 0 0 0
-14.163 -16.312 0.013 0 0 0
-1.988 -9.312 0.013 0 0 0
0.788 -0.788 9.263 0 0 0
0.138 -0.488 0.013 0 0 0
-2.538 5.812 7.863 0 0 0
-2.212 -0.263 -0.363 0 0 0
-2.513 0.138 0.138 0 0 0
-1.163 -1.413 -1.088 0 0 0
3.663 -2.038 0.038 0 0 0
-3.062 5.788 8.088 0 0 0
-3.613 10.013 2.688 0 0 0
4.188 2.488 3.288 0 0 0
-1.363 2.062 -1.062 0 0 0
-13.763 -16.387 0.013 0 0 0
0.088 0.738 -0.363 0 0 0
-3.213 2.013 1.263 0 0 0
3.913 3.938 5.338 0 0 0
-3.388 0.213 1.788 0 0 0
-11.763 -8.863 0.013 0 0 0
-1.963 2.288 -1.088 0 0 0
-2.588 2.588 0.013 0 0 0
-0.312 1.288 0.013 0 0 0
-0.163 7.013 7.863 0 0 0
-0.763 -0.763 -1.038 0 0 0
4.062 3.288 4.562 0 0 0
-1.588 -1.413 -1.088 0 0 0
3.562 -0.163 -1.213 0 0 0
4.013 2.888 3.938 0 0 0
-5.888 -8.713 0.013 0 0 0
-1.062 -1.088 -1.062 0 0 0
-1.438 7.138 8.037 0 0 0
-13.738 1.062 9.162 0 0 0
0.013 -0.312 0.013 0 0 0
0.438 0.438 0.013 0 0 0
3.088 -7.513 3.763 0 0 0
-2.288 -0.213 -2.538 0 0 0
3.788 -3.688 2.263 0 0 0
0.913 0.537 0.062 0 0 0
-3.463 2.312 -0.263 0 0 0
0.238 -0.463 0.013 0 0 0
-0.888 -1.312 -1.038 0 0 0
-1.188 -0.763 -1.038 0 0 0
-7.688 7.338 7.113 0 0 0
-1.538 6.688 7.913 0 0 0
-11.963 -9.013 0.013 0 0 0
-1.488 -1.088 -1.062 0 0 0
-0.663 5.663 7.988 0 0 0
0.188 -0.138 -1.363 0 0 0
3.588 0.488 5.338 0 0 0
-1.838 7.113 8.412 0 0 0
-7.913 6.363 8.388 0 0 0
3.913 -5.288 2.513 0 0 0
0.913 0.413 0.213 0 0 0
-3.312 0.238 0.263 0 0 0
-9.738 9.812 2.163 0 0 0
-22.088 7.663 0.588 0 0 0
-2.713 -0.213 -2.538 0 0 0
-3.138 -17.762 0.013 0 0 0
-9.338 -9.013 0.013 0 0 0
-3.638 0.338 2.938 0 0 0
-1.312 -1.312 -1.038 0 0 0
-2.713 -2.638 -0.863 0 0 0
0.988 -0.163 -1.463 0 0 0
-3.113 1.588 0.013 0 0 0
0.913 0.713 0.463 0 0 0
4.138 3.062 4.213 0 0 0
-3.113 1.012 0.413 0 0 0
-13.988 -7.038 3.763 0 0 0
-2.438 0.088 0.188 0 0 0
-3.213 3.338 0.263 0 0 0
-0.238 0.088 0.788 0 0 0
0.812 0.863 0.338 0 0 0
-3.463 1.913 -0.138 0 0 0
-4.638 -7.312 3.413 0 0 0
-1.913 -0.763 -1.088 0 0 0
-2.337 1.838 -1.088 0 0 0
0.413 -0.113 -0.963 0 0 0
0.562 -0.163 -1.463 0 0 0
-0.113 -0.138 -1.488 0 0 0
1.163 5.738 8.037 0 0 0
0.713 -1.088 -1.062 0 0 0
-0.038 -0.338 -0.088 0 0 0
-3.062 -0.113 -1.638 0 0 0
-2.588 6.238 7.738 0 0 0
-0.663 0.088 0.788 0 0 0
3.613 5.963 8.287 0 0 0
-3.312 0.863 0.413 0 0 0
1.012 1.438 -0.913 0 0 0
-3.338 0.763 0.537 0 0 0
3.888 -0.562 6.763 0 0 0
-9.363 -10.413 0.013 0 0 0
3.888 -1.613 1.113 0 0 0
0.288 -1.088 -1.062 0 0 0
-11.638 1.763 16.463 0 0 0
0.913 0.038 0.488 0 0 0
3.812 5.538 7.413 0 0 0
-0.288 -0.888 -0.988 0 0 0
-16.913 1.638 14.562 0 0 0
-0.138 0.562 -0.213 0 0 0
-2.188 -0.363 -0.413 0 0 0
3.838 -1.963 1.638 0 0 0
0.938 0.438 0.613 0 0 0
-3.163 0.988 0.312 0 0 0
-3.938 -15.763 0.013 0 0 0
-3.463 -0.838 -0.988 0 0 0
-12.062 1.763 16.463 0 0 0
-3.463 -0.788 0.163 0 0 0
-0.588 -1.312 -0.188 0 0 0
0.913 0.788 0.488 0 0 0
-8.662 7.013 8.388 0 0 0
-11.988 -10.788 0.013 0 0 0
-2.663 6.413 8.537 0 0 0
-1.038 11.088 9.013 0 0 0
4.213 -6.988 0.013 0 0 0
3.613 10.312 1.413 0 0 0
-13.763 1.062 9.188 0 0 0
-6.088 7.188 7.363 0 0 0
-0.963 -7.438 6.062 0 0 0
-14.188 1.663 15.088 0 0 0
-1.388 1.238 0.013 0 0 0
-3.263 -0.013 -0.088 0 0 0
-4.062 2.613 -0.863 0 0 0
-13.013 1.738 15.938 0 0 0
0.062 0.038 0.488 0 0 0
3.938 -3.963 1.163 0 0 0
-0.613 0.812 0.537 0 0 0
-12.413 -10.788 0.013 0 0 0
4.188 6.238 7.312 0 0 0
-1.263 -1.863 -1.012 0 0 0
-2.812 0.988 9.688 0 0 0
-3.338 0.838 0.562 0 0 0
0.088 0.713 -0.562 0 0 0
-0.562 0.113 -1.238 0 0 0
-7.663 1.763 17.062 0 0 0
-0.238 -1.338 -1.062 0 0 0
-2.713 0.838 -0.288 0 0 0
-2.688 0.238 0.213 0 0 0
-3.738 5.963 8.263 0 0 0
-3.213 3.713 -0.062 0 0 0
-1.463 2.538 0.013 0 0 0
-9.838 16.312 7.338 0 0 0
-2.413 0.013 -0.138 0 0 0
-3.388 -0.713 0.062 0 0 0
0.263 0.537 0.613 0 0 0
-17.262 -0.763 9.088 0 0 0
-3.488 0.213 1.613 0 0 0
-2.337 0.113 0.763 0 0 0
0.763 0.013 0.013 0 0 0
-4.538 -8.912 0.013 0 0 0
-1.763 -1.312 -1.012 0 0 0
-3.988 6.913 7.888 0 0 0
3.913 -3.713 1.938 0 0 0
0.613 -0.238 -0.263 0 0 0
-3.388 0.038 0.062 0 0 0
3.763 2.838 0.013 0 0 0
-9.412 1.788 16.863 0 0 0
-5.038 -9.113 0.013 0 0 0
-5.138 16.012 7.213 0 0 0
-2.562 -0.188 -0.263 0 0 0
0.388 0.663 -0.263 0 0 0
-2.638 5.713 8.062 0 0 0
-2.188 -1.312 -1.012 0 0 0
-11.888 9.888 1.488 0 0 0
0.938 -0.513 0.013 0 0 0
0.938 0.513 0.038 0 0 0
3.988 -0.263 3.238 0 0 0
-1.788 -1.513 0.013 0 0 0
-4.737 -8.912 0.013 0 0 0
0.338 -0.888 -1.038 0 0 0
-22.288 -7.238 0.013 0 0 0
3.913 4.138 0.537 0 0 0
-1.288 1.438 -1.088 0 0 0
-1.588 -0.788 -0.988 0 0 0
-3.213 -0.062 -0.938 0 0 0
-2.188 0.062 0.413 0 0 0
-3.388 2.113 0.338 0 0 0
-3.388 3.138 0.363 0 0 0
2.763 5.913 7.938 0 0 0
-18.938 5.388 6.713 0 0 0
-3.062 5.713 8.062 0 0 0
-9.938 5.888 7.988 0 0 0
0.088 -7.763 5.363 0 0 0
-3.913 -1.012 -1.088 0 0 0
-1.763 3.538 -1.012 0 0 0
-0.288 -0.163 0.088 0 0 0
0.213 5.812 7.163 0 0 0
0.513 -0.488 -0.263 0 0 0
-8.287 -7.438 1.938 0 0 0
0.388 2.738 0.013 0 0 0
-0.088 0.613 0.238 0 0 0
-2.488 0.188 0.138 0 0 0
-3.213 3.213 0.363 0 0 0
0.513 0.838 0.013 0 0 0
0.913 0.588 -0.113 0 0 0
3.963 3.913 4.288 0 0 0
-5.488 -9.913 0.013 0 0 0
-7.613 1.763 16.963 0 0 0
-2.238 -0.138 -0.088 0 0 0
-1.213 -0.812 -1.088 0 0 0
-1.888 -0.788 -1.113 0 0 0
-16.738 -8.537 0.013 0 0 0
-2.163 -9.412 0.013 0 0 0
-13.388 1.738 15.838 0 0 0
-2.863 -0.463 -0.413 0 0 0
-0.338 -0.363 -0.413 0 0 0
0.488 -0.288 0.038 0 0 0
0.913 0.463 0.038 0 0 0
-0.062 -0.738 -1.012 0 0 0
0.038 0.062 0.513 0 0 0
-3.938 -0.763 9.188 0 0 0
-3.312 0.288 0.088 0 0 0
0.513 1.588 0.013 0 0 0
4.163 2.463 3.388 0 0 0
-1.713 -1.012 -1.088 0 0 0
-8.338 -11.488 0.013 0 0 0
-16.812 -11.338 0.013 0 0 0
0.188 -0.613 0.013 0 0 0
-1.062 7.138 8.037 0 0 0
-2.038 -1.588 -0.988 0 0 0
0.913 0.763 0.288 0 0 0
-3.213 0.913 0.613 0 0 0
0.638 -0.788 9.287 0 0 0
0.363 -0.263 -0.363 0 0 0
-3.713 2.713 -0.812 0 0 0
0.913 2.663 0.163 0 0 0
-1.263 -0.163 -1.738 0 0 0
3.738 -5.988 3.513 0 0 0
0.413 -0.938 -0.988 0 0 0
0.088 1.588 0.013 0 0 0
-2.138 -1.012 -1.088 0 0 0
0.913 0.638 0.438 0 0 0
-5.188 -8.963 0.013 0 0 0
0.188 0.138 0.013 0 0 0
0.213 0.562 0.537 0 0 0
3.738 0.713 7.638 0 0 0
-0.713 -0.888 -1.038 0 0 0
-1.613 0.088 0.613 0 0 0
3.913 -4.663 1.338 0 0 0
-2.738 -0.788 -1.113 0 0 0
0.338 -7.613 5.263 0 0 0
0.413 1.263 -0.863 0 0 0
-7.463 1.738 16.613 0 0 0
-2.738 1.588 0.013 0 0 0
3.913 -3.338 1.613 0 0 0
-3.338 0.812 0.363 0 0 0
-16.688 1.663 14.913 0 0 0
-1.688 -0.163 -1.738 0 0 0
-3.238 3.588 0.388 0 0 0
3.838 -2.838 0.463 0 0 0
-5.913 -7.213 5.663 0 0 0
-2.488 -0.213 -0.338 0 0 0
-0.988 6.363 7.812 0 0 0
-18.863 5.388 7.388 0 0 0
-6.888 10.138 1.488 0 0 0
0.663 0.988 0.062 0 0 0
0.763 1.137 -0.312 0 0 0
0.163 -0.663 0.013 0 0 0
0.738 -0.438 -0.312 0 0 0
-3.338 0.688 0.513 0 0 0
3.663 0.463 5.213 0 0 0
0.338 -0.338 -0.363 0 0 0
-11.113 5.663 8.138 0 0 0
-3.263 -0.163 0.013 0 0 0
-3.913 -0.763 -0.663 0 0 0
-2.212 -0.413 -0.463 0 0 0
-14.163 1.663 15.062 0 0 0
-3.163 1.038 0.138 0 0 0
-2.337 0.088 0.562 0 0 0
4.013 -0.188 -1.438 0 0 0
3.888 -2.263 1.488 0 0 0
4.188 2.963 3.938 0 0 0
-1.988 -0.163 -1.863 0 0 0
-2.562 0.113 0.713 0 0 0
-2.163 2.288 -1.088 0 0 0
-0.537 1.588 0.013 0 0 0
0.763 1.888 -0.312 0 0 0
0.888 -1.663 -1.088 0 0 0
0.163 0.537 0.438 0 0 0
-3.263 0.588 0.013 0 0 0
3.688 0.688 7.538 0 0 0
-4.538 5.913 8.188 0 0 0
-1.838 1.713 -1.062 0 0 0
-3.338 1.738 0.763 0 0 0
-1.763 0.038 0.213 0 0 0
-0.513 0.863 0.663 0 0 0
0.288 0.513 0.588 0 0 0
-2.062 -0.763 -1.062 0 0 0
-3.488 1.488 0.013 0 0 0
-12.113 1.113 9.738 0 0 0
1.538 4.088 5.238 0 0 0
3.913 -0.413 4.863 0 0 0
3.638 7.163 2.413 0 0 0
-0.138 0.663 0.163 0 0 0
-6.038 1.788 17.363 0 0 0
-22.338 3.888 5.588 0 0 0
-2.863 -0.963 -0.588 0 0 0
-3.363 2.212 0.413 0 0 0
2.763 5.588 7.488 0 0 0
0.838 -0.388 -0.312 0 0 0
3.913 4.588 6.388 0 0 0
-4.963 5.913 8.188 0 0 0
3.663 7.562 2.538 0 0 0
-2.263 1.713 -1.062 0 0 0
-3.088 -1.263 -1.088 0 0 0
-2.188 0.038 0.213 0 0 0
-2.838 -0.562 -0.463 0 0 0
4.312 5.363 6.288 0 0 0
-1.763 3.663 -1.038 0 0 0
3.812 -3.988 2.413 0 0 0
-0.413 -0.763 -1.012 0 0 0
-3.312 0.663 -0.238 0 0 0
-7.062 -2.138 -0.138 0 0 0
-9.588 -10.288 0.013 0 0 0
-21.413 0.988 7.288 0 0 0
-3.163 -0.838 -0.863 0 0 0
-2.488 0.113 -1.213 0 0 0
-2.238 -0.013 -0.438 0 0 0
-2.763 -0.062 -0.963 0 0 0
-3.513 0.688 0.013 0 0 0
4.312 5.238 6.438 0 0 0
-0.088 0.588 0.038 0 0 0
-13.388 5.838 7.812 0 0 0
-1.062 -0.213 -2.413 0 0 0
-5.663 1.763 17.262 0 0 0
0.888 0.338 0.488 0 0 0
-0.838 -0.763 -1.012 0 0 0
2.513 5.963 8.263 0 0 0
-1.188 3.238 0.013 0 0 0
0.388 -0.038 -0.438 0 0 0
3.338 -0.562 6.888 0 0 0
-1.062 1.338 0.013 0 0 0
-1.213 1.688 0.013 0 0 0
-2.488 0.038 0.088 0 0 0
-3.188 -0.062 -0.963 0 0 0
-1.163 -1.613 -1.012 0 0 0
1.663 10.263 1.438 0 0 0
0.038 0.038 0.312 0 0 0
-17.788 1.213 10.163 0 0 0
-14.963 1.638 14.812 0 0 0
-8.488 10.038 1.488 0 0 0
0.812 -0.438 -0.312 0 0 0
-3.312 0.713 0.312 0 0 0
-2.713 -0.088 0.062 0 0 0
0.688 -0.363 -3.513 0 0 0
-1.488 1.338 0.013 0 0 0
-1.638 1.688 0.013 0 0 0
-14.312 1.663 15.213 0 0 0
0.638 0.963 0.363 0 0 0
4.237 5.888 8.213 0 0 0
-0.363 -1.213 -1.088 0 0 0
-6.562 -10.938 0.013 0 0 0
4.237 -4.713 0.013 0 0 0
0.238 -0.138 -1.463 0 0 0
-1.613 -0.138 -1.663 0 0 0
-2.138 1.488 0.013 0 0 0
0.388 0.588 -0.288 0 0 0
-14.812 10.888 9.162 0 0 0
0.213 0.537 0.338 0 0 0
-3.938 1.038 10.163 0 0 0
0.537 -7.438 6.138 0 0 0
-3.513 -1.188 -0.988 0 0 0
-3.213 0.038 0.038 0 0 0
0.537 -0.088 -0.788 0 0 0
-1.213 3.188 0.013 0 0 0
4.163 -4.163 0.013 0 0 0
-0.537 0.113 0.963 0 0 0
-21.788 3.538 5.138 0 0 0
-2.562 -1.413 -0.163 0 0 0
-2.212 -0.213 -2.463 0 0 0
-1.988 -0.763 -1.062 0 0 0
-3.263 0.963 -0.312 0 0 0
-0.188 -0.138 -1.463 0 0 0
-1.812 1.238 0.013 0 0 0
-0.013 0.588 -0.288 0 0 0
-4.888 6.913 8.213 0 0 0
-0.312 0.238 -0.213 0 0 0
3.863 -1.812 1.538 0 0 0
0.138 0.537 0.738 0 0 0
-5.938 -7.363 4.913 0 0 0
-0.213 -0.188 -0.188 0 0 0
0.263 7.163 8.062 0 0 0
0.312 1.263 -1.038 0 0 0
-3.713 -1.338 -0.988 0 0 0
0.513 -0.888 -0.788 0 0 0
-1.688 -1.863 -1.012 0 0 0
-0.388 -1.263 -0.413 0 0 0
-3.338 -0.638 0.188 0 0 0
-26.238 1.163 8.412 0 0 0
0.062 -0.988 -0.138 0 0 0
-2.337 0.062 0.363 0 0 0
-2.238 1.238 0.013 0 0 0
-3.438 1.812 -0.188 0 0 0
-1.963 -0.013 -0.363 0 0 0
0.888 -0.488 -0.263 0 0 0
0.463 -0.213 -0.238 0 0 0
-2.463 -0.213 -0.288 0 0 0
-0.163 0.088 0.863 0 0 0
-3.312 0.788 0.338 0 0 0
-2.513 -0.213 -2.588 0 0 0
3.388 0.613 6.663 0 0 0
-3.263 -0.312 -0.038 0 0 0
-2.188 12.088 9.263 0 0 0
1.213 5.888 7.863 0 0 0
-3.288 -0.413 0.088 0 0 0
-10.812 1.088 9.638 0 0 0
0.888 0.838 0.013 0 0 0
0.513 -1.738 -1.163 0 0 0
-2.113 -1.863 -1.012 0 0 0
-11.888 13.988 8.312 0 0 0
0.088 0.613 0.488 0 0 0
-2.263 -0.913 0.013 0 0 0
-3.438 0.088 0.338 0 0 0
-2.663 1.238 0.013 0 0 0
-5.038 -7.562 3.863 0 0 0
-19.312 5.038 4.487 0 0 0
-0.588 0.088 0.863 0 0 0
0.288 0.488 0.388 0 0 0
-7.812 -7.463 4.237 0 0 0
-3.438 1.988 0.213 0 0 0
-3.288 0.913 -0.312 0 0 0
-6.838 1.038 9.688 0 0 0
-2.163 -1.012 0.013 0 0 0
2.463 -7.812 4.463 0 0 0
0.463 0.838 0.013 0 0 0
-1.413 2.312 -1.113 0 0 0
-2.087 -0.838 0.013 0 0 0
0.888 1.588 0.013 0 0 0
-2.263 -0.163 0.013 0 0 0
-1.788 5.863 8.138 0 0 0
0.038 1.438 0.013 0 0 0
-3.338 1.312 0.613 0 0 0
3.488 6.388 8.638 0 0 0
3.663 0.738 7.863 0 0 0
-4.538 1.012 9.663 0 0 0
0.562 0.738 0.013 0 0 0
-12.938 9.562 1.838 0 0 0
-1.413 5.663 7.638 0 0 0
-3.838 -0.838 -1.088 0 0 0
0.463 1.588 0.013 0 0 0
2.888 -7.163 6.038 0 0 0
-1.838 2.312 -1.113 0 0 0
-5.263 7.863 6.438 0 0 0
-13.438 6.062 8.138 0 0 0
-2.763 -0.088 -1.163 0 0 0
-12.438 1.763 16.363 0 0 0
-3.438 -0.062 -1.188 0 0 0
3.312 0.812 8.613 0 0 0
-2.363 -1.163 0.013 0 0 0
0.963 0.338 0.038 0 0 0
-2.013 -0.788 -0.988 0 0 0
-9.013 5.938 7.812 0 0 0
-4.963 1.012 9.663 0 0 0
-2.838 -0.163 -1.913 0 0 0
-24.838 -12.113 0.013 0 0 0
-13.488 1.062 9.013 0 0 0
-8.037 5.363 7.488 0 0 0
0.013 0.588 -0.388 0 0 0
-0.062 -0.163 0.013 0 0 0
-5.638 -10.188 0.013 0 0 0
0.288 -0.812 -1.012 0 0 0
1.388 -7.663 3.788 0 0 0
-17.338 -0.763 9.113 0 0 0
0.163 0.588 0.263 0 0 0
-2.788 2.188 0.013 0 0 0
-2.438 -0.788 -0.988 0 0 0
0.062 1.288 0.013 0 0 0
-2.413 0.113 0.788 0 0 0
3.788 4.338 6.088 0 0 0
3.863 -2.763 0.938 0 0 0
0.038 -0.263 0.013 0 0 0
0.537 -0.238 -0.238 0 0 0
-0.388 -0.138 -0.138 0 0 0
-2.013 6.363 8.263 0 0 0
-6.562 -0.788 8.588 0 0 0
0.088 0.562 0.663 0 0 0
0.338 -0.238 0.013 0 0 0
-7.263 6.288 8.287 0 0 0
-3.138 -0.163 -2.038 0 0 0
-0.338 5.863 7.838 0 0 0
-2.212 -0.312 -0.088 0 0 0
-0.938 1.438 -1.062 0 0 0
-0.363 1.288 0.013 0 0 0
-16.713 5.513 7.488 0 0 0
-1.763 1.812 -1.088 0 0 0
-17.538 5.888 7.463 0 0 0
0.988 5.713 8.013 0 0 0
0.388 -0.213 -2.163 0 0 0
3.838 -2.963 2.638 0 0 0
4.237 4.913 5.338 0 0 0
-0.863 2.663 -1.038 0 0 0
4.062 3.988 5.438 0 0 0
-3.088 -1.788 -0.863 0 0 0
-2.588 1.213 0.013 0 0 0
-7.113 7.513 7.663 0 0 0
0.938 0.413 -0.188 0 0 0
-1.338 -0.238 -2.488 0 0 0
3.988 -2.588 1.888 0 0 0
0.013 -0.138 -1.513 0 0 0
-1.838 -0.138 -1.713 0 0 0
0.838 -0.463 -0.338 0 0 0
-13.913 5.562 7.613 0 0 0
-0.062 0.763 0.413 0 0 0
-10.863 5.863 7.863 0 0 0
-0.513 -0.113 -0.138 0 0 0
-3.263 0.113 0.788 0 0 0
-17.012 -10.613 0.013 0 0 0
-2.212 -0.763 -1.113 0 0 0
2.513 6.013 8.088 0 0 0
-0.463 -0.913 -1.012 0 0 0
-3.013 1.213 0.013 0 0 0
-5.963 -9.537 0.013 0 0 0
-2.113 -1.188 -1.088 0 0 0
-0.613 0.088 0.888 0 0 0
1.088 -0.488 -0.312 0 0 0
-3.663 13.562 7.838 0 0 0
0.038 0.088 0.812 0 0 0
-3.238 0.213 0.138 0 0 0
-2.638 4.362 -0.488 0 0 0
4.138 5.113 7.038 0 0 0
-11.838 -8.938 0.013 0 0 0
0.812 -1.888 -1.088 0 0 0
-18.588 5.438 7.288 0 0 0
-0.213 -0.338 -0.238 0 0 0
-14.013 5.888 7.888 0 0 0
-9.338 -10.388 0.013 0 0 0
-0.888 -0.913 -1.012 0 0 0
-3.312 0.763 0.138 0 0 0
1.038 -0.138 -1.213 0 0 0
-3.363 1.312 0.913 0 0 0
-2.388 -1.213 -1.113 0 0 0
-2.938 -10.938 0.013 0 0 0
0.388 -1.263 -0.338 0 0 0
-0.812 1.213 0.013 0 0 0
-3.312 0.638 0.288 0 0 0
-6.538 7.113 7.838 0 0 0
-3.288 0.013 -0.363 0 0 0
-3.338 0.537 0.413 0 0 0
-1.938 -0.013 -0.312 0 0 0
-9.338 -16.188 0.013 0 0 0
0.312 -1.338 -1.088 0 0 0
-0.338 -0.438 -0.488 0 0 0
0.913 0.388 -0.038 0 0 0
0.913 0.388 -0.013 0 0 0
-2.438 -0.238 -0.312 0 0 0
0.363 0.963 -0.312 0 0 0
4.312 -8.113 0.013 0 0 0
-0.688 7.588 7.988 0 0 0
-1.562 -0.138 -1.562 0 0 0
0.838 0.062 0.863 0 0 0
0.312 0.038 0.338 0 0 0
0.113 0.588 0.463 0 0 0
-5.413 1.012 9.688 0 0 0
4.213 3.238 3.963 0 0 0
1.938 5.688 8.113 0 0 0
3.863 -1.988 -0.788 0 0 0
-3.438 -0.088 -1.388 0 0 0
0.913 0.562 0.363 0 0 0
-2.363 -0.163 -0.163 0 0 0
2.363 -7.838 3.888 0 0 0
-10.438 9.988 1.513 0 0 0
-2.288 5.963 7.913 0 0 0
-0.113 0.038 0.338 0 0 0
-7.863 6.888 7.938 0 0 0
-0.537 0.163 0.188 0 0 0
-3.263 -0.263 -0.213 0 0 0
4.188 3.438 3.988 0 0 0
3.312 -5.088 1.638 0 0 0
-0.463 0.113 1.088 0 0 0
3.363 0.713 7.538 0 0 0
4.112 -3.562 0.013 0 0 0
-0.088 0.763 0.438 0 0 0
-2.138 -2.363 -0.888 0 0 0
0.038 -0.288 -0.188 0 0 0
4.163 2.888 3.613 0 0 0
-3.263 -0.388 -0.062 0 0 0
-2.062 -0.163 -1.838 0 0 0
-2.738 5.988 7.812 0 0 0
-2.638 0.113 0.738 0 0 0
-3.288 -0.488 0.062 0 0 0
0.438 -0.163 -1.713 0 0 0
-1.312 -1.863 -1.012 0 0 0
-8.938 8.138 5.988 0 0 0
-5.538 1.738 16.887 0 0 0
-2.663 0.088 -1.188 0 0 0
3.913 -0.388 4.487 0 0 0
0.763 -0.138 -1.413 0 0 0
3.688 2.988 0.013 0 0 0
0.113 0.062 0.738 0 0 0
0.613 -0.638 -0.788 0 0 0
-2.212 -0.338 -0.288 0 0 0
-1.038 1.163 0.013 0 0 0
-1.988 0.138 1.137 0 0 0
0.663 -1.738 -1.163 0 0 0
-3.363 0.062 0.062 0 0 0
-2.888 -0.288 -0.312 0 0 0
-3.138 0.788 0.588 0 0 0
0.163 -2.062 -0.938 0 0 0
-3.263 3.138 0.338 0 0 0
-9.312 1.062 9.562 0 0 0
-3.088 0.088 -1.188 0 0 0
-1.562 2.613 0.013 0 0 0
3.763 -0.213 -1.663 0 0 0
-9.363 8.188 7.138 0 0 0
0.963 -0.488 0.013 0 0 0
-3.413 0.188 1.488 0 0 0
-4.688 16.188 7.213 0 0 0
-3.088 0.138 -0.038 0 0 0
-1.763 -1.488 0.013 0 0 0
-0.713 2.312 -1.088 0 0 0
-1.812 -9.287 0.013 0 0 0
0.488 -0.738 -1.038 0 0 0
-1.913 -0.163 -1.788 0 0 0
2.013 -7.688 5.338 0 0 0
-12.062 9.913 2.013 0 0 0
3.312 0.688 7.438 0 0 0
4.088 -4.237 0.013 0 0 0
-11.163 -7.088 4.588 0 0 0
-6.188 -0.788 9.438 0 0 0
0.888 0.812 0.537 0 0 0
-8.613 5.113 0.863 0 0 0
-3.413 -0.713 -0.038 0 0 0
-1.338 -0.913 -0.988 0 0 0
-0.562 10.013 8.938 0 0 0
0.763 -0.088 -0.863 0 0 0
-3.363 -0.963 -0.562 0 0 0
-1.888 1.163 0.013 0 0 0
0.638 1.263 0.013 0 0 0
-5.963 7.138 6.913 0 0 0
0.812 0.613 0.013 0 0 0
-3.763 2.062 -0.713 0 0 0
4.188 -4.338 0.013 0 0 0
-6.463 9.263 2.263 0 0 0
-1.838 -0.312 -3.438 0 0 0
-3.388 1.588 -0.013 0 0 0
3.838 3.562 5.038 0 0 0
0.062 -0.738 -1.038 0 0 0
-0.738 5.713 8.037 0 0 0
0.288 -0.888 -1.038 0 0 0
-3.263 -0.062 -0.938 0 0 0
-2.488 10.763 1.538 0 0 0
-4.938 -10.588 0.013 0 0 0
3.838 -2.863 -0.338 0 0 0
1.963 8.062 7.538 0 0 0
-2.212 -0.263 -0.263 0 0 0
-3.413 1.363 0.238 0 0 0
-3.488 0.388 3.438 0 0 0
-2.188 2.613 0.013 0 0 0
-2.238 -0.238 -0.363 0 0 0
-0.363 -0.738 -1.038 0 0 0
-1.163 1.513 -1.088 0 0 0
3.663 -10.038 0.013 0 0 0
-2.062 -2.388 -0.888 0 0 0
0.488 -0.388 -0.238 0 0 0
1.913 7.988 6.888 0 0 0
-2.888 16.188 7.312 0 0 0
-3.438 1.663 -0.288 0 0 0
3.838 -2.463 2.212 0 0 0
0.688 -0.062 -0.513 0 0 0
-2.238 -0.363 -0.213 0 0 0
-1.538 3.038 -0.988 0 0 0
0.713 -0.537 -0.238 0 0 0
-0.138 -0.263 -0.138 0 0 0
0.562 2.288 -0.763 0 0 0
-2.613 2.613 0.013 0 0 0
-5.288 -10.388 0.013 0 0 0
-0.338 0.913 0.738 0 0 0
-5.588 -9.688 0.013 0 0 0
-3.312 0.062 -0.038 0 0 0
-3.312 0.062 -0.013 0 0 0
2.688 5.538 7.688 0 0 0
-5.638 7.488 7.338 0 0 0
0.138 -1.213 -1.012 0 0 0
3.812 -3.263 2.888 0 0 0
0.913 0.537 0.163 0 0 0
2.263 5.663 7.538 0 0 0
-2.688 0.088 -1.163 0 0 0
-2.838 -6.388 0.013 0 0 0
-2.562 1.263 0.013 0 0 0
3.863 3.913 1.463 0 0 0
-5.263 -11.288 0.013 0 0 0
-1.113 -0.138 -1.588 0 0 0
0.088 -0.537 0.013 0 0 0
-0.363 0.812 0.788 0 0 0
1.038 -0.088 -0.713 0 0 0
-9.488 1.713 16.262 0 0 0
-2.212 0.088 0.537 0 0 0
-2.013 1.513 -1.088 0 0 0
-14.688 1.038 8.738 0 0 0
-3.062 1.062 0.013 0 0 0
-3.312 0.812 -0.038 0 0 0
-3.312 0.812 -0.013 0 0 0
0.238 -0.238 -2.288 0 0 0
0.913 0.413 0.312 0 0 0
4.188 3.413 3.788 0 0 0
-10.463 1.088 9.663 0 0 0
0.188 -0.088 -0.113 0 0 0
4.213 4.413 4.188 0 0 0
3.888 -4.388 2.087 0 0 0
0.888 1.888 -0.338 0 0 0
-1.113 -0.838 -1.038 0 0 0
0.388 1.263 -0.363 0 0 0
-0.688 -1.113 -1.062 0 0 0
-2.538 -0.062 -0.088 0 0 0
-7.338 1.788 17.137 0 0 0
-1.513 -0.738 -1.088 0 0 0
-3.363 -0.713 -0.138 0 0 0
-2.113 -1.388 -0.963 0 0 0
-3.138 1.613 0.013 0 0 0
-3.312 0.688 0.113 0 0 0
-1.638 -7.338 5.963 0 0 0
0.812 0.863 0.438 0 0 0
-3.338 0.588 0.238 0 0 0
-3.138 -0.863 -0.138 0 0 0
-3.238 3.363 0.263 0 0 0
-14.113 -9.162 0.013 0 0 0
-8.037 5.963 7.988 0 0 0
0.213 1.663 0.013 0 0 0
-3.138 1.038 -0.263 0 0 0
-20.363 -8.213 0.013 0 0 0
-1.913 -0.763 -0.988 0 0 0
-3.113 0.888 0.663 0 0 0
3.562 -5.062 3.763 0 0 0
-5.963 5.213 7.438 0 0 0
3.488 -7.312 2.888 0 0 0
-3.213 7.513 7.812 0 0 0
-1.938 -0.738 -1.088 0 0 0
-3.363 0.038 -0.138 0 0 0
0.537 8.013 7.738 0 0 0
-2.062 5.688 8.013 0 0 0
-4.038 16.438 6.288 0 0 0
-18.863 5.613 7.013 0 0 0
3.888 -3.763 2.238 0 0 0
0.688 -0.163 -1.488 0 0 0
-3.338 0.763 0.638 0 0 0
-6.963 1.763 17.038 0 0 0
-12.463 5.638 7.288 0 0 0
-8.638 -10.663 0.013 0 0 0
0.363 0.888 -0.338 0 0 0
0.062 -0.312 -0.213 0 0 0
3.963 3.638 5.088 0 0 0
-0.312 0.213 0.263 0 0 0
4.312 6.163 6.788 0 0 0
-2.913 -1.163 -0.988 0 0 0
-16.713 1.638 14.413 0 0 0
-3.238 -1.738 -0.888 0 0 0
-0.138 0.562 -0.113 0 0 0
-3.338 3.113 0.263 0 0 0
0.963 -0.062 -0.438 0 0 0
-3.338 1.513 0.638 0 0 0
-0.713 -0.763 -1.038 0 0 0
-3.163 0.988 0.413 0 0 0
0.913 0.488 0.338 0 0 0
-2.763 -0.763 -0.988 0 0 0
0.888 0.513 0.238 0 0 0
-3.363 0.088 0.413 0 0 0
-3.263 0.238 0.038 0 0 0
0.613 -1.338 -0.963 0 0 0
0.713 1.438 -0.938 0 0 0
-1.038 -1.613 -1.038 0 0 0
0.163 0.038 0.288 0 0 0
-21.963 4.038 4.562 0 0 0
-1.613 -1.263 -0.513 0 0 0
-2.238 7.562 7.913 0 0 0
-3.338 -0.838 -1.012 0 0 0
-0.138 -0.763 -0.988 0 0 0
-12.463 5.688 7.838 0 0 0
-2.562 0.062 0.312 0 0 0
-21.613 1.062 8.188 0 0 0
-8.088 5.812 8.037 0 0 0
0.913 0.663 0.738 0 0 0
-3.263 -0.038 0.013 0 0 0
0.888 0.688 0.638 0 0 0
-1.988 0.013 -0.013 0 0 0
0.738 1.888 -0.188 0 0 0
-1.988 0.013 -0.038 0 0 0
0.163 -0.988 -1.088 0 0 0
-11.363 1.713 16.088 0 0 0
3.938 -2.062 1.137 0 0 0
-2.288 -0.763 8.938 0 0 0
0.888 0.413 0.613 0 0 0
-2.337 -1.263 -0.562 0 0 0
-1.363 -0.363 -3.963 0 0 0
-7.963 6.413 8.412 0 0 0
3.863 -3.363 2.413 0 0 0
2.438 -7.513 4.413 0 0 0
3.913 -1.588 0.788 0 0 0
-2.438 -2.013 -0.938 0 0 0
-9.162 -10.163 0.013 0 0 0
2.113 -0.788 9.388 0 0 0
0.263 -0.788 9.188 0 0 0
-2.188 0.013 -0.038 0 0 0
-3.062 4.713 0.312 0 0 0
-2.988 -0.088 -1.213 0 0 0
-0.863 0.113 -1.263 0 0 0
0.513 -0.138 -1.438 0 0 0
-0.013 0.663 0.438 0 0 0
-0.038 0.663 0.438 0 0 0
-3.938 11.638 7.088 0 0 0
-8.588 7.363 7.138 0 0 0
-16.788 8.888 6.638 0 0 0
-10.963 5.763 7.938 0 0 0
-12.438 11.738 9.788 0 0 0
3.838 -3.788 1.288 0 0 0
-15.988 -8.863 0.013 0 0 0
-7.413 5.812 7.688 0 0 0
3.812 -1.888 -0.363 0 0 0
-2.888 -1.663 -1.062 0 0 0
3.688 -7.088 4.988 0 0 0
4.062 -0.213 -1.538 0 0 0
0.988 0.312 0.013 0 0 0
2.988 6.038 8.062 0 0 0
4.213 6.438 7.988 0 0 0
-3.388 1.812 0.188 0 0 0
0.088 -1.113 -0.312 0 0 0
-0.663 0.788 0.463 0 0 0
-2.838 0.038 -0.562 0 0 0
3.938 5.038 7.213 0 0 0
-3.263 0.788 0.713 0 0 0
-2.812 -0.213 -2.613 0 0 0
4.163 -5.538 0.013 0 0 0
-16.113 1.713 15.413 0 0 0
-0.113 -0.163 -1.588 0 0 0
0.913 0.863 0.013 0 0 0
-3.388 3.138 0.463 0 0 0
0.738 0.812 0.638 0 0 0
-2.413 -1.863 -1.038 0 0 0
-2.463 5.938 7.938 0 0 0
-9.913 -10.263 0.013 0 0 0
-4.663 -9.138 0.013 0 0 0
0.713 -0.013 0.013 0 0 0
-0.963 -1.288 -0.463 0 0 0
0.863 0.812 0.513 0 0 0
3.713 5.988 8.363 0 0 0
0.213 -1.863 -1.038 0 0 0
3.788 -3.288 -0.363 0 0 0
0.488 0.863 0.013 0 0 0
0.413 8.037 7.463 0 0 0
-2.263 -0.113 -0.088 0 0 0
-12.538 1.788 16.488 0 0 0
-1.888 11.913 9.138 0 0 0
0.913 0.463 0.138 0 0 0
-6.562 0.988 9.312 0 0 0
-13.438 -7.188 2.087 0 0 0
-0.188 0.613 -0.013 0 0 0
0.738 -0.788 -1.012 0 0 0
-3.613 -1.363 -0.938 0 0 0
-3.463 -0.812 0.062 0 0 0
-22.463 6.163 0.113 0 0 0
-0.188 0.038 0.363 0 0 0
0.288 0.713 0.013 0 0 0
-1.062 5.688 8.013 0 0 0
3.888 -3.013 2.188 0 0 0
-2.263 -0.388 -0.113 0 0 0
3.938 -3.088 1.838 0 0 0
3.913 -2.488 1.338 0 0 0
-0.838 -0.163 -1.713 0 0 0
3.763 -3.138 2.463 0 0 0
-22.388 -5.163 0.013 0 0 0
-1.713 5.538 7.763 0 0 0
-0.388 0.062 0.613 0 0 0
-1.513 -0.812 -1.113 0 0 0
0.913 0.638 0.537 0 0 0
-2.888 0.763 0.013 0 0 0
-2.212 -0.888 -1.012 0 0 0
-7.888 7.113 7.863 0 0 0
0.312 -0.788 -1.012 0 0 0
-2.038 2.263 0.013 0 0 0
-0.438 -0.038 -0.038 0 0 0
0.388 0.613 0.013 0 0 0
-16.562 1.613 14.263 0 0 0
-16.512 -11.562 0.013 0 0 0
0.663 0.812 -0.238 0 0 0
-1.613 0.088 0.713 0 0 0
0.763 0.388 -0.213 0 0 0
-4.838 5.963 7.988 0 0 0
-2.963 1.312 0.013 0 0 0
-1.588 5.838 7.888 0 0 0
0.238 1.363 -0.638 0 0 0
0.163 1.513 0.013 0 0 0
0.188 0.013 0.263 0 0 0
-4.688 6.938 8.263 0 0 0
0.388 1.363 0.013 0 0 0
-0.113 -0.788 -1.012 0 0 0
-2.488 -0.213 -0.238 0 0 0
3.888 -0.188 -1.488 0 0 0
-5.288 8.037 7.338 0 0 0
-1.238 1.438 -1.088 0 0 0
-3.413 -0.163 -1.963 0 0 0
-3.338 0.688 0.613 0 0 0
-1.538 -1.213 -1.088 0 0 0
-2.188 -0.312 -0.488 0 0 0
2.562 5.838 8.062 0 0 0
0.138 -0.638 0.013 0 0 0
-3.738 2.763 -0.938 0 0 0
-3.388 1.312 0.013 0 0 0
-0.263 1.513 0.013 0 0 0
-14.863 6.163 7.938 0 0 0
-3.538 3.138 0.613 0 0 0
-1.613 5.588 7.763 0 0 0
-2.337 0.088 0.663 0 0 0
0.288 -1.163 -0.988 0 0 0
-3.413 -0.238 0.013 0 0 0
3.863 -4.538 2.337 0 0 0
-2.888 2.263 0.013 0 0 0
-0.038 1.363 0.013 0 0 0
-0.013 1.363 0.013 0 0 0
-19.613 1.012 7.838 0 0 0
-10.588 1.088 9.788 0 0 0
0.413 6.963 7.613 0 0 0
-8.088 1.088 9.913 0 0 0
4.138 2.562 3.413 0 0 0
0.363 -0.963 -0.988 0 0 0
-3.738 2.638 -0.788 0 0 0
-2.812 1.713 -0.513 0 0 0
0.763 1.888 -0.213 0 0 0
0.363 0.537 0.288 0 0 0
2.863 -8.787 0.013 0 0 0
-3.338 1.438 0.613 0 0 0
-3.338 0.988 9.613 0 0 0
-7.938 6.388 8.388 0 0 0
0.688 0.863 0.562 0 0 0
0.863 -1.338 -1.113 0 0 0
-2.988 1.263 0.013 0 0 0
-10.388 15.913 7.138 0 0 0
-12.538 13.713 8.188 0 0 0
4.188 3.713 4.038 0 0 0
-0.363 -0.088 0.013 0 0 0
0.088 0.062 0.513 0 0 0
-2.062 -0.763 -0.963 0 0 0
-0.537 0.888 0.663 0 0 0
-12.363 -7.288 5.388 0 0 0
-10.588 -7.213 4.688 0 0 0
0.888 0.738 0.463 0 0 0
-5.663 -15.562 0.013 0 0 0
-0.062 0.537 0.288 0 0 0
-5.888 1.738 16.963 0 0 0
-0.163 0.688 0.163 0 0 0
-2.863 -0.788 9.263 0 0 0
-6.463 7.138 6.938 0 0 0
0.863 1.938 0.188 0 0 0
-2.838 -0.562 -0.363 0 0 0
-3.288 0.812 0.138 0 0 0
0.038 -1.062 -0.988 0 0 0
0.038 0.438 0.288 0 0 0
0.688 -0.463 -0.312 0 0 0
-3.213 0.988 0.138 0 0 0
-2.863 8.013 6.588 0 0 0
-6.663 -2.413 -0.163 0 0 0
-0.463 -1.088 0.013 0 0 0
-0.338 0.062 0.513 0 0 0
-3.088 -0.338 0.013 0 0 0
3.838 -6.638 2.138 0 0 0
0.413 0.638 -0.188 0 0 0
0.913 0.713 -0.013 0 0 0
-3.312 0.537 0.013 0 0 0
-0.888 8.013 6.938 0 0 0
-1.988 2.087 -1.088 0 0 0
-14.538 1.638 14.913 0 0 0
-3.138 0.013 -0.213 0 0 0
-1.463 7.588 6.263 0 0 0
-7.312 6.312 8.312 0 0 0
-2.363 -0.738 -1.088 0 0 0
-1.113 9.788 2.838 0 0 0
-3.163 -0.138 -1.913 0 0 0
-8.888 -16.012 0.013 0 0 0
-3.338 -10.913 0.013 0 0 0
0.388 -0.038 -0.338 0 0 0
4.188 4.688 6.263 0 0 0
-8.912 -11.013 0.013 0 0 0
-3.538 1.438 0.013 0 0 0
-3.113 2.188 0.013 0 0 0
-0.088 -0.263 -0.238 0 0 0
-3.438 5.788 8.088 0 0 0
0.038 0.038 0.413 0 0 0
3.838 -6.463 2.538 0 0 0
-12.263 -16.863 0.013 0 0 0
-3.363 1.838 0.788 0 0 0
0.388 0.713 -0.338 0 0 0
0.537 -0.213 0.062 0 0 0
0.588 -0.288 -0.288 0 0 0
3.938 -3.113 1.638 0 0 0
-2.337 -0.288 -0.338 0 0 0
-0.688 -0.238 -2.413 0 0 0
-3.038 8.162 7.088 0 0 0
-11.988 7.062 7.838 0 0 0
4.138 5.088 6.788 0 0 0
-2.163 -1.388 -0.163 0 0 0
-3.738 1.288 0.013 0 0 0
0.238 -0.138 -1.363 0 0 0
0.213 0.537 0.438 0 0 0
4.213 -4.688 0.013 0 0 0
-9.412 -10.463 0.013 0 0 0
-13.688 1.713 15.613 0 0 0
0.363 0.613 -0.288 0 0 0
3.613 6.138 8.188 0 0 0
0.113 -0.213 0.062 0 0 0
-8.037 5.863 7.763 0 0 0
-1.913 2.638 -1.038 0 0 0
0.738 -0.238 -2.212 0 0 0
0.338 0.537 0.312 0 0 0
3.613 -7.238 4.213 0 0 0
-1.513 3.413 -1.137 0 0 0
4.138 -4.138 0.013 0 0 0
-6.788 -10.463 0.013 0 0 0
-1.113 1.312 0.013 0 0 0
-0.188 -0.138 -1.363 0 0 0
-1.038 1.488 0.013 0 0 0
4.213 -3.938 0.013 0 0 0
0.113 -0.788 9.213 0 0 0
-2.212 -2.188 -0.938 0 0 0
2.888 -7.863 3.938 0 0 0
-1.538 1.288 0.013 0 0 0
3.888 -0.413 4.988 0 0 0
0.537 -2.087 -0.938 0 0 0
-3.188 1.038 -0.062 0 0 0
-11.238 7.263 7.263 0 0 0
0.738 -0.388 -3.738 0 0 0
-2.513 -0.213 -2.488 0 0 0
-16.262 8.863 6.013 0 0 0
-5.763 7.913 6.488 0 0 0
0.763 2.312 0.013 0 0 0
-6.913 -10.263 0.013 0 0 0
-0.638 -7.413 6.088 0 0 0
-3.263 -0.438 0.213 0 0 0
-12.663 1.738 16.062 0 0 0
-3.988 -10.963 0.013 0 0 0
-4.188 6.312 8.238 0 0 0
-2.388 5.788 8.037 0 0 0
-1.638 7.638 6.312 0 0 0
-1.638 -0.888 -1.012 0 0 0
2.238 7.688 6.363 0 0 0
0.363 0.688 -0.263 0 0 0
0.663 1.312 0.013 0 0 0
1.438 7.513 7.988 0 0 0
3.863 -3.688 0.638 0 0 0
-3.363 -1.488 -0.938 0 0 0
4.237 4.588 6.312 0 0 0
2.688 -7.963 4.562 0 0 0
3.888 3.863 5.388 0 0 0
-2.838 -2.188 -0.938 0 0 0
3.663 -6.388 3.738 0 0 0
-2.538 -0.988 -1.062 0 0 0
-1.863 0.038 0.138 0 0 0
-3.863 7.888 7.238 0 0 0
-3.288 0.213 0.338 0 0 0
3.863 -4.213 2.188 0 0 0
4.188 -6.463 0.013 0 0 0
-13.513 -9.113 0.013 0 0 0
3.913 -0.513 6.062 0 0 0
-3.838 -0.838 -0.988 0 0 0
-2.688 -0.163 -0.163 0 0 0
-16.338 -11.863 0.013 0 0 0
-11.312 13.838 8.213 0 0 0
4.112 4.188 5.812 0 0 0
0.763 0.613 0.013 0 0 0
0.113 0.038 0.488 0 0 0
3.838 -7.238 2.337 0 0 0
-3.263 -2.188 -0.938 0 0 0
-7.663 -7.562 1.413 0 0 0
0.562 -0.888 -1.012 0 0 0
0.163 -0.788 -1.062 0 0 0
-3.963 2.838 -0.963 0 0 0
0.713 -0.938 -0.763 0 0 0
0.863 -0.138 -1.413 0 0 0
-16.062 -10.038 0.013 0 0 0
0.338 -0.413 -0.288 0 0 0
-1.763 1.238 0.013 0 0 0
0.013 0.588 -0.288 0 0 0
-1.613 -0.188 -1.988 0 0 0
-3.413 0.113 0.088 0 0 0
0.963 0.213 0.288 0 0 0
-1.863 -0.113 -1.388 0 0 0
0.562 1.312 -0.888 0 0 0
-3.413 0.163 1.238 0 0 0
-3.763 2.638 0.312 0 0 0
-3.113 0.138 0.088 0 0 0
0.513 0.388 -0.238 0 0 0
-1.363 1.838 -1.088 0 0 0
-2.062 -1.588 -0.988 0 0 0
0.963 -0.363 0.013 0 0 0
-22.238 -5.538 0.013 0 0 0
4.013 2.938 3.263 0 0 0
4.138 2.488 3.388 0 0 0
-3.213 0.288 -0.013 0 0 0
-0.513 0.913 0.588 0 0 0
-2.988 -0.763 -1.038 0 0 0
0.438 -0.138 -1.413 0 0 0
3.988 -1.538 -1.113 0 0 0
-22.438 -6.438 0.013 0 0 0
-3.288 -1.088 -1.062 0 0 0
3.163 -7.663 4.487 0 0 0
0.263 0.038 0.537 0 0 0
3.938 -2.838 0.938 0 0 0
0.312 -0.213 0.013 0 0 0
3.763 -4.737 2.838 0 0 0
-0.113 7.163 8.062 0 0 0
4.237 3.988 3.763 0 0 0
3.763 -1.913 -0.238 0 0 0
-3.363 1.688 0.738 0 0 0
3.812 -1.988 -0.588 0 0 0
-1.363 -0.763 -1.088 0 0 0
-7.788 -10.312 0.013 0 0 0
-1.988 -0.463 0.013 0 0 0
-2.788 2.513 0.013 0 0 0
3.888 -2.163 1.963 0 0 0
0.613 -0.312 -0.238 0 0 0
-8.363 -10.713 0.013 0 0 0
-9.988 1.738 16.488 0 0 0
0.863 -0.088 -0.863 0 0 0
0.938 0.413 -0.088 0 0 0
-10.913 -9.162 0.013 0 0 0
0.513 1.438 0.013 0 0 0
-1.188 -0.988 -1.062 0 0 0
-2.713 -0.113 -1.388 0 0 0
-3.413 0.213 1.788 0 0 0
0.312 0.537 0.013 0 0 0
0.738 1.288 0.013 0 0 0
3.963 3.062 4.163 0 0 0
-2.488 -1.863 -1.012 0 0 0
-2.863 1.163 -0.388 0 0 0
-11.338 -9.162 0.013 0 0 0
0.938 0.588 0.312 0 0 0
3.738 6.738 -0.062 0 0 0
0.088 1.438 0.013 0 0 0
0.238 0.513 0.413 0 0 0
-2.087 -0.763 -1.137 0 0 0
0.213 -0.463 0.013 0 0 0
-2.212 1.188 0.013 0 0 0
-2.838 0.163 1.438 0 0 0
0.388 -0.163 -1.513 0 0 0
-0.288 -0.138 -1.538 0 0 0
0.463 1.363 -0.713 0 0 0
-2.138 -0.138 -1.738 0 0 0
-4.038 16.088 6.913 0 0 0
-9.037 16.663 6.413 0 0 0
-7.488 8.162 5.988 0 0 0
-22.788 -0.537 4.263 0 0 0
-1.513 -1.088 -1.062 0 0 0
0.562 -0.638 -0.588 0 0 0
-13.763 -9.988 0.013 0 0 0
-1.963 -0.788 -0.988 0 0 0
0.763 -0.238 -2.238 0 0 0
-0.088 -0.963 -1.012 0 0 0
-17.812 1.113 8.988 0 0 0
-3.338 0.238 0.263 0 0 0
0.463 -7.663 3.763 0 0 0
-0.713 -0.138 -1.538 0 0 0
3.913 -0.213 -1.713 0 0 0
-5.888 -7.562 4.763 0 0 0
-0.363 5.963 7.863 0 0 0
3.913 -2.638 -0.013 0 0 0
0.388 0.638 -0.363 0 0 0
-4.612 -7.838 4.062 0 0 0
-4.838 11.963 7.263 0 0 0
3.588 6.088 8.138 0 0 0
0.913 0.388 0.062 0 0 0
-3.863 -2.413 0.013 0 0 0
-3.013 -0.088 -1.288 0 0 0
-1.988 -1.588 -0.988 0 0 0
-0.463 0.062 0.638 0 0 0
-1.413 0.113 -1.188 0 0 0
0.438 5.338 7.488 0 0 0
-5.738 7.888 6.463 0 0 0
3.663 -3.938 3.013 0 0 0
0.363 -0.488 -0.338 0 0 0
-0.613 0.838 0.388 0 0 0
-0.688 0.088 0.788 0 0 0
-2.938 2.638 0.013 0 0 0
1.913 -7.838 3.062 0 0 0
0.312 0.038 0.438 0 0 0
4.163 2.838 3.163 0 0 0
3.613 -5.863 4.312 0 0 0
-3.263 0.013 -0.088 0 0 0
-12.788 -7.038 4.487 0 0 0
-1.312 1.738 -1.038 0 0 0
-4.138 8.088 5.888 0 0 0
-1.663 5.838 7.913 0 0 0
-1.438 -0.138 -1.588 0 0 0
-2.413 -1.588 -0.988 0 0 0
-2.463 4.638 -0.062 0 0 0
-3.163 0.188 0.013 0 0 0
-1.838 0.113 -1.188 0 0 0
0.913 0.562 0.463 0 0 0
0.238 0.588 0.438 0 0 0
-2.363 -0.163 -0.062 0 0 0
-0.113 0.613 0.038 0 0 0
0.788 9.113 2.763 0 0 0
3.388 0.663 7.263 0 0 0
-0.113 0.038 0.438 0 0 0
-2.188 -1.288 -0.562 0 0 0
-3.363 0.213 1.688 0 0 0
2.288 6.413 8.613 0 0 0
-18.338 11.338 8.588 0 0 0
3.588 0.513 5.738 0 0 0
-0.763 -0.163 -1.638 0 0 0
-0.863 1.188 0.013 0 0 0
0.788 0.888 0.488 0 0 0
0.913 0.438 0.613 0 0 0
-3.263 -0.263 -0.113 0 0 0
-2.337 -1.663 -1.088 0 0 0
0.513 -0.963 -0.713 0 0 0
-1.438 -0.838 -1.038 0 0 0
-1.838 0.038 0.113 0 0 0
3.288 -5.038 1.363 0 0 0
0.138 0.588 0.062 0 0 0
0.812 -1.062 -0.963 0 0 0
4.288 7.488 2.562 0 0 0
-2.463 0.163 0.213 0 0 0
4.237 3.713 5.138 0 0 0
-6.938 -15.562 0.013 0 0 0
-1.438 -1.113 -1.062 0 0 0
-2.263 0.038 0.113 0 0 0
-1.163 2.638 0.013 0 0 0
-1.988 0.138 1.238 0 0 0
-3.288 -0.013 -0.088 0 0 0
-0.763 0.062 -0.088 0 0 0
4.237 6.838 2.312 0 0 0
-3.363 0.062 0.163 0 0 0
-7.038 -2.013 0.138 0 0 0
-4.213 -10.463 0.013 0 0 0
-0.013 0.088 -1.088 0 0 0
-0.038 0.088 -1.088 0 0 0
-3.288 0.263 0.163 0 0 0
0.888 0.062 0.638 0 0 0
0.788 -1.738 -1.188 0 0 0
-0.163 0.588 -0.062 0 0 0
-4.138 -10.263 0.013 0 0 0
3.713 -5.213 3.713 0 0 0
-0.938 -0.888 -0.988 0 0 0
-4.413 7.963 6.913 0 0 0
-3.413 0.188 1.588 0 0 0
-7.963 6.938 8.287 0 0 0
3.363 6.013 8.062 0 0 0
3.938 -0.713 8.463 0 0 0
-8.763 -3.538 2.488 0 0 0
-1.463 -7.388 6.013 0 0 0
-3.188 0.288 -0.062 0 0 0
-0.763 9.788 2.863 0 0 0
-0.312 -7.488 5.163 0 0 0
0.463 -0.138 -1.438 0 0 0
-2.288 0.138 1.113 0 0 0
3.688 -7.363 3.713 0 0 0
0.763 -0.088 -0.763 0 0 0
3.888 -2.738 1.638 0 0 0
-0.738 -1.713 -1.137 0 0 0
0.388 0.438 -0.288 0 0 0
0.963 0.263 0.113 0 0 0
-3.363 0.113 0.713 0 0 0
-6.963 -8.912 0.013 0 0 0
-8.638 -7.213 1.863 0 0 0
-3.388 -0.763 9.188 0 0 0
0.888 -0.088 -0.888 0 0 0
0.163 0.062 0.588 0 0 0
4.163 -4.312 0.013 0 0 0
0.338 -1.113 -1.062 0 0 0
-1.863 -0.238 -2.562 0 0 0
-3.863 12.113 9.287 0 0 0
-3.363 1.438 0.988 0 0 0
0.863 -0.788 -1.038 0 0 0
-3.413 0.038 0.062 0 0 0
-4.237 -10.513 0.013 0 0 0
-4.963 1.763 17.188 0 0 0
-2.113 1.638 0.013 0 0 0
-24.888 6.213 8.588 0 0 0
4.213 3.763 3.238 0 0 0
3.988 -6.338 2.062 0 0 0
-2.212 -0.263 -0.163 0 0 0
-2.163 -0.338 -0.513 0 0 0
0.463 -0.088 -0.888 0 0 0
-2.238 -0.238 -0.263 0 0 0
-0.263 0.062 0.588 0 0 0
0.988 -0.613 -0.238 0 0 0
-3.312 0.913 -0.312 0 0 0
-3.513 3.113 0.588 0 0 0
-7.188 -10.638 0.013 0 0 0
0.913 -0.513 0.013 0 0 0
-13.988 1.088 9.338 0 0 0
0.438 -0.788 -1.038 0 0 0
-1.012 -1.288 -0.463 0 0 0
0.738 1.913 0.113 0 0 0
1.763 8.037 7.488 0 0 0
-0.763 -0.238 -2.388 0 0 0
-1.812 -1.513 0.013 0 0 0
-3.438 1.663 -0.188 0 0 0
0.988 -0.312 0.013 0 0 0
-7.913 6.913 7.963 0 0 0
-3.388 2.212 0.213 0 0 0
-1.588 1.688 0.013 0 0 0
-2.038 -0.013 -0.388 0 0 0
0.312 0.013 0.238 0 0 0
-0.312 -0.163 0.088 0 0 0
-7.188 -9.888 0.013 0 0 0
4.188 3.238 3.488 0 0 0
-2.513 -0.888 -1.038 0 0 0
-3.438 1.538 -0.013 0 0 0
-2.238 -1.513 0.013 0 0 0
-1.812 2.588 0.013 0 0 0
0.388 0.513 -0.263 0 0 0
-11.963 11.688 9.738 0 0 0
-2.013 1.688 0.013 0 0 0
-1.113 -0.138 -1.488 0 0 0
-12.338 1.763 16.238 0 0 0
-3.263 -0.138 -0.138 0 0 0
-2.463 -0.613 0.013 0 0 0
0.638 3.238 0.013 0 0 0
-11.013 1.738 16.188 0 0 0
-0.488 -0.963 -1.038 0 0 0
-25.413 -7.163 4.237 0 0 0
0.913 0.413 0.413 0 0 0
-2.238 -0.763 0.013 0 0 0
-2.188 -2.613 -0.888 0 0 0
0.613 1.688 0.013 0 0 0
-2.238 2.588 0.013 0 0 0
-1.938 0.113 -1.363 0 0 0
0.013 0.013 0.113 0 0 0
-3.213 -1.663 -1.062 0 0 0
-2.988 4.763 -0.388 0 0 0
-3.363 -0.713 -0.038 0 0 0
0.263 1.137 0.013 0 0 0
-9.812 5.838 7.638 0 0 0
-1.312 -1.738 -0.938 0 0 0
-0.338 -1.263 -0.413 0 0 0
-3.038 -1.888 -1.038 0 0 0
3.838 -2.488 0.038 0 0 0
0.663 0.463 -0.213 0 0 0
3.638 0.413 4.663 0 0 0
4.188 4.838 6.463 0 0 0
0.188 1.688 0.013 0 0 0
-3.388 1.263 0.888 0 0 0
0.788 1.913 -0.213 0 0 0
-2.263 0.013 -0.088 0 0 0
-0.088 5.938 7.812 0 0 0
-3.363 0.038 -0.038 0 0 0
-3.338 0.463 0.488 0 0 0
4.163 4.237 4.938 0 0 0
-3.363 0.038 -0.013 0 0 0
-0.038 -0.763 0.013 0 0 0
-3.513 5.913 7.938 0 0 0
-0.613 11.312 7.413 0 0 0
-2.763 1.588 0.013 0 0 0
0.688 -0.738 -0.988 0 0 0
-1.838 0.062 0.463 0 0 0
-2.963 0.688 0.013 0 0 0
2.288 8.013 6.913 0 0 0
-2.812 0.038 -0.763 0 0 0
4.263 4.562 4.963 0 0 0
-8.562 1.738 16.688 0 0 0
-3.363 3.138 0.263 0 0 0
-3.413 -0.738 -0.138 0 0 0
-3.188 -1.763 0.013 0 0 0
-3.113 5.812 8.213 0 0 0
-3.238 -0.413 -0.513 0 0 0
0.913 0.488 0.438 0 0 0
-4.763 -7.538 3.513 0 0 0
-3.513 0.188 1.413 0 0 0
-11.588 -11.188 0.013 0 0 0
3.763 -2.013 0.812 0 0 0
0.138 -0.238 0.038 0 0 0
0.888 0.513 0.338 0 0 0
-3.363 0.088 0.513 0 0 0
-2.963 1.438 0.013 0 0 0
0.863 0.388 -0.213 0 0 0
0.788 -1.863 -1.088 0 0 0
-3.363 1.988 0.388 0 0 0
-20.413 -8.238 0.013 0 0 0
3.838 -2.663 2.388 0 0 0
-9.913 5.763 8.037 0 0 0
3.838 -1.688 0.588 0 0 0
0.062 -0.713 0.013 0 0 0
0.638 -0.488 -0.312 0 0 0
3.763 -3.163 0.938 0 0 0
-0.338 1.438 0.013 0 0 0
0.088 0.588 0.388 0 0 0
-12.013 -11.188 0.013 0 0 0
0.263 -1.438 -1.113 0 0 0
0.062 -0.888 -0.988 0 0 0
-6.613 -7.338 4.863 0 0 0
-12.338 5.688 7.812 0 0 0
-3.312 0.013 -0.363 0 0 0
3.562 6.363 8.138 0 0 0
-13.713 7.213 7.113 0 0 0
-9.113 -0.788 9.363 0 0 0
-3.288 -0.562 0.138 0 0 0
-0.988 1.588 0.013 0 0 0
-2.488 -0.062 -0.088 0 0 0
-2.087 0.113 -1.213 0 0 0
-16.488 5.713 7.863 0 0 0
0.812 -0.388 -0.312 0 0 0
-0.763 1.438 0.013 0 0 0
-5.038 14.163 9.588 0 0 0
-2.812 2.863 -0.488 0 0 0
-2.238 -0.388 -0.312 0 0 0
0.388 -1.137 -0.988 0 0 0
-0.438 -0.763 -1.012 0 0 0
-8.037 -0.763 9.162 0 0 0
4.163 2.988 4.088 0 0 0
0.062 -1.438 -1.113 0 0 0
-0.038 8.013 7.763 0 0 0
-3.812 -2.013 0.388 0 0 0
3.913 2.588 3.713 0 0 0
3.938 -2.763 1.113 0 0 0
-0.038 -1.137 -0.988 0 0 0
-2.788 -0.088 -1.363 0 0 0
-1.788 -0.138 -1.713 0 0 0
-0.863 -0.763 -1.012 0 0 0
-0.288 -0.062 -0.088 0 0 0
4.138 3.938 4.988 0 0 0
-6.263 -10.838 0.013 0 0 0
0.938 0.338 -0.163 0 0 0
-10.312 1.812 17.038 0 0 0
3.888 -2.863 0.463 0 0 0
-10.288 5.438 7.812 0 0 0
-0.338 5.663 8.013 0 0 0
0.513 -0.138 -1.338 0 0 0
3.938 -1.438 1.388 0 0 0
0.062 6.438 7.913 0 0 0
-3.338 -1.638 0.013 0 0 0
-20.113 0.988 7.638 0 0 0
-25.438 5.963 8.287 0 0 0
-1.213 -0.138 -1.663 0 0 0
-1.288 -0.763 -1.012 0 0 0
-0.288 0.688 -0.088 0 0 0
-0.463 0.812 0.713 0 0 0
0.838 1.963 0.238 0 0 0
-4.312 16.088 7.188 0 0 0
3.588 -0.388 4.963 0 0 0
0.863 -1.888 -1.088 0 0 0
4.038 -0.188 -1.538 0 0 0
-4.988 16.363 6.263 0 0 0
-2.812 -0.213 -2.513 0 0 0
-2.913 -2.188 -0.188 0 0 0
-2.788 -0.038 -0.812 0 0 0
3.863 -4.463 3.188 0 0 0
0.213 -0.138 -1.463 0 0 0
-1.738 2.238 0.013 0 0 0
-2.163 -0.413 -0.537 0 0 0
-9.488 -11.288 0.013 0 0 0
-5.463 10.188 1.488 0 0 0
-2.663 0.838 -0.413 0 0 0
-13.163 7.138 6.913 0 0 0
0.013 -0.163 -1.613 0 0 0
-3.538 -7.263 5.812 0 0 0
0.088 0.663 -0.188 0 0 0
-0.213 -0.138 -1.463 0 0 0
-0.113 -0.238 -0.188 0 0 0
-3.413 2.038 0.312 0 0 0
4.138 -4.763 0.013 0 0 0
3.562 8.488 2.812 0 0 0
-0.763 0.088 0.812 0 0 0
3.388 6.413 8.188 0 0 0
4.388 6.363 7.838 0 0 0
-0.888 -1.688 -1.113 0 0 0
-2.538 11.263 7.413 0 0 0
0.938 2.013 0.238 0 0 0
3.213 0.838 8.838 0 0 0
-12.062 7.288 7.263 0 0 0
-16.038 -12.088 0.013 0 0 0
0.788 -0.688 -0.263 0 0 0
4.062 2.312 3.213 0 0 0
-2.288 -1.113 -1.062 0 0 0
0.913 0.463 0.238 0 0 0
4.237 -4.863 0.013 0 0 0
3.562 0.588 6.413 0 0 0
0.038 0.062 0.713 0 0 0
3.963 -3.438 2.062 0 0 0
-12.312 5.888 8.013 0 0 0
-0.238 -7.738 5.338 0 0 0
-0.213 -0.988 -1.088 0 0 0
-8.838 10.088 1.488 0 0 0
-14.013 11.438 9.588 0 0 0
-1.263 -1.288 -0.488 0 0 0
-0.188 0.038 0.463 0 0 0
-3.788 2.087 -0.713 0 0 0
0.263 0.613 0.238 0 0 0
-1.938 -0.363 0.013 0 0 0
0.163 -0.163 -1.562 0 0 0
0.913 0.338 0.388 0 0 0
-2.413 -1.663 -1.062 0 0 0
3.812 1.688 0.013 0 0 0
4.188 -8.588 0.013 0 0 0
0.913 0.638 0.638 0 0 0
-16.238 -12.238 0.013 0 0 0
-3.438 -0.688 0.188 0 0 0
-13.538 6.263 8.088 0 0 0
-3.013 -0.163 -1.963 0 0 0
-2.138 0.062 0.288 0 0 0
-5.238 6.213 8.213 0 0 0
3.738 2.238 0.013 0 0 0
0.463 2.388 0.013 0 0 0
0.863 1.562 0.013 0 0 0
3.763 -2.288 0.913 0 0 0
-2.363 -0.363 0.013 0 0 0
-3.763 -0.863 -1.113 0 0 0
3.562 0.438 4.888 0 0 0
-2.163 -0.663 -1.012 0 0 0
-1.438 1.312 0.013 0 0 0
0.238 1.363 -0.537 0 0 0
-2.212 -0.188 -2.062 0 0 0
4.088 4.213 4.013 0 0 0
-3.312 1.363 0.863 0 0 0
-7.538 -11.188 0.013 0 0 0
-2.062 -0.338 0.013 0 0 0
-9.088 14.288 7.638 0 0 0
-3.338 0.388 0.463 0 0 0
-16.713 7.338 8.863 0 0 0
0.413 1.713 -0.913 0 0 0
0.812 0.088 1.062 0 0 0
-0.263 0.188 -0.163 0 0 0
-2.087 1.463 0.013 0 0 0
-16.012 1.663 14.788 0 0 0
-2.087 0.013 -0.113 0 0 0
0.588 1.238 0.013 0 0 0
-4.812 -9.438 0.013 0 0 0
0.688 -0.812 -1.012 0 0 0
4.362 4.838 6.713 0 0 0
-1.863 1.312 0.013 0 0 0
-2.263 -1.062 0.013 0 0 0
-3.413 7.013 8.312 0 0 0
3.438 0.713 7.713 0 0 0
3.863 -5.413 2.588 0 0 0
4.112 3.513 4.663 0 0 0
-13.113 5.713 7.363 0 0 0
-0.562 6.413 8.562 0 0 0
0.338 0.562 0.013 0 0 0
-2.013 -0.138 -1.763 0 0 0
-2.238 -0.812 -1.137 0 0 0
-1.838 7.513 7.888 0 0 0
-5.238 -9.438 0.013 0 0 0
0.263 -0.812 -1.012 0 0 0
-3.413 1.963 0.238 0 0 0
-3.738 -0.163 -2.087 0 0 0
-1.538 1.438 -1.113 0 0 0
0.138 -0.312 0.013 0 0 0
3.888 3.438 1.312 0 0 0
3.738 -2.062 0.688 0 0 0
-16.213 5.663 7.863 0 0 0
-16.887 5.688 7.838 0 0 0
0.888 5.913 7.888 0 0 0
0.338 1.312 0.013 0 0 0
0.888 0.738 0.562 0 0 0
0.263 0.562 0.413 0 0 0
0.513 -0.238 -0.238 0 0 0
-2.663 -0.812 -1.137 0 0 0
0.863 0.613 0.013 0 0 0
-0.163 -0.812 -1.012 0 0 0
-0.138 0.088 0.763 0 0 0
-1.137 2.087 -1.062 0 0 0
-0.963 1.438 -1.062 0 0 0
-1.863 0.062 0.438 0 0 0
-0.638 -2.062 -0.938 0 0 0
4.237 3.988 5.188 0 0 0
-2.713 0.013 -0.113 0 0 0
-14.338 -10.038 0.013 0 0 0
0.513 0.113 1.163 0 0 0
-14.638 5.738 7.338 0 0 0
-5.913 -0.788 9.363 0 0 0
4.213 4.013 5.088 0 0 0
-0.088 1.312 0.013 0 0 0
-0.062 -0.312 0.013 0 0 0
0.438 0.613 0.013 0 0 0
0.812 -0.463 -0.338 0 0 0
-0.388 0.138 0.138 0 0 0
-8.763 -3.613 1.812 0 0 0
3.988 2.562 0.312 0 0 0
0.163 -0.238 -2.312 0 0 0
-0.562 0.088 0.763 0 0 0
4.312 5.238 6.638 0 0 0
-3.963 1.538 -0.938 0 0 0
-2.713 -0.113 0.038 0 0 0
0.913 0.713 0.062 0 0 0
0.238 -0.288 0.013 0 0 0
-3.113 1.012 0.013 0 0 0
0.213 0.638 0.163 0 0 0
-3.088 0.988 0.388 0 0 0
-11.213 -9.088 0.013 0 0 0
-7.513 5.988 8.013 0 0 0
-5.713 5.638 7.988 0 0 0
0.663 0.938 0.438 0 0 0
-1.562 -0.788 -1.088 0 0 0
-14.363 -10.838 0.013 0 0 0
-2.513 -9.388 0.013 0 0 0
0.113 0.763 -0.363 0 0 0
0.438 1.363 0.013 0 0 0
-0.263 -1.062 -1.012 0 0 0
-0.938 -0.213 -2.337 0 0 0
-13.913 1.688 15.312 0 0 0
-11.863 -8.938 0.013 0 0 0
0.163 0.613 0.663 0 0 0
-0.288 -0.138 -0.113 0 0 0
-0.338 0.113 1.163 0 0 0
-3.963 2.588 -0.688 0 0 0
-9.438 7.263 7.062 0 0 0
-3.038 -1.238 0.013 0 0 0
-2.263 5.688 8.037 0 0 0
-3.363 -0.238 0.013 0 0 0
-0.088 -0.388 0.013 0 0 0
0.013 1.363 0.013 0 0 0
0.562 -0.388 -0.062 0 0 0
0.938 0.562 0.062 0 0 0
-2.163 5.863 8.138 0 0 0
-5.738 5.812 7.613 0 0 0
-3.138 -0.388 0.013 0 0 0
0.738 -0.938 -0.963 0 0 0
-5.312 5.988 8.013 0 0 0
-3.113 0.913 0.388 0 0 0
4.237 3.438 4.463 0 0 0
4.038 -0.312 -2.713 0 0 0
-12.062 -9.088 0.013 0 0 0
-26.763 1.288 9.613 0 0 0
0.938 0.438 0.213 0 0 0
-9.013 -16.238 0.013 0 0 0
-0.413 1.363 0.013 0 0 0
-1.513 -0.788 9.363 0 0 0
0.338 0.537 0.413 0 0 0
-3.238 -1.388 0.013 0 0 0
-3.038 4.038 0.288 0 0 0
0.312 0.562 0.312 0 0 0
3.788 -3.088 -0.263 0 0 0
0.913 0.788 0.088 0 0 0
-0.338 7.038 6.838 0 0 0
0.863 -0.238 -2.238 0 0 0
-6.538 -9.338 0.013 0 0 0
-0.988 -0.238 -2.438 0 0 0
-0.312 1.263 0.013 0 0 0
-2.812 -0.812 -0.988 0 0 0
-0.163 6.988 7.863 0 0 0
-6.463 13.938 7.463 0 0 0
-2.913 4.013 0.438 0 0 0
0.663 -0.288 -2.863 0 0 0
-2.812 1.963 -0.588 0 0 0
4.038 3.288 4.463 0 0 0
-1.488 -0.838 -1.038 0 0 0
0.463 -0.513 -0.288 0 0 0
-3.463 -0.088 -1.388 0 0 0
-0.013 0.463 0.062 0 0 0
0.438 -0.638 -0.838 0 0 0
-0.312 0.113 0.138 0 0 0
-4.038 2.588 -0.888 0 0 0
-7.463 8.138 6.663 0 0 0
-3.038 1.012 0.688 0 0 0
0.438 -0.238 -2.238 0 0 0
-0.738 1.263 0.013 0 0 0
-3.312 0.788 0.537 0 0 0
3.263 -7.388 2.388 0 0 0
0.013 8.062 7.488 0 0 0
-3.238 0.113 0.688 0 0 0
-9.263 -9.588 0.013 0 0 0
0.213 6.938 7.763 0 0 0
-6.463 -2.463 -0.738 0 0 0
3.113 6.438 8.662 0 0 0
-3.562 -1.113 -1.113 0 0 0
-7.688 7.188 7.938 0 0 0
-3.013 -0.812 -0.988 0 0 0
-2.863 -1.588 -1.088 0 0 0
-2.238 -7.488 5.113 0 0 0
-3.088 1.062 -0.188 0 0 0
0.463 -0.338 0.113 0 0 0
0.062 -0.238 0.062 0 0 0
3.963 -4.088 2.438 0 0 0
-1.338 10.863 1.538 0 0 0
3.913 -0.188 -1.413 0 0 0
-3.288 0.038 0.038 0 0 0
3.938 2.988 3.312 0 0 0
-1.163 1.263 0.013 0 0 0
-0.638 0.088 -1.238 0 0 0
4.138 3.488 4.638 0 0 0
0.088 -0.138 -1.338 0 0 0
-1.738 -0.738 -1.038 0 0 0
-3.288 0.488 -0.213 0 0 0
-0.763 -0.188 -1.888 0 0 0
2.963 -7.812 2.513 0 0 0
0.588 -0.088 -0.913 0 0 0
-3.163 -2.038 -0.963 0 0 0
3.838 -3.088 0.238 0 0 0
2.013 5.863 7.888 0 0 0
-1.438 2.638 -1.038 0 0 0
-7.238 -8.938 0.013 0 0 0
3.913 -2.838 2.062 0 0 0
-3.363 1.913 0.312 0 0 0
-15.863 5.938 7.963 0 0 0
-12.413 13.562 8.113 0 0 0
4.038 2.738 3.738 0 0 0
0.738 -0.388 -0.288 0 0 0
-3.488 4.663 -1.338 0 0 0
4.188 4.938 5.513 0 0 0
-2.713 -0.138 -0.163 0 0 0
-1.238 2.562 0.013 0 0 0
0.537 -0.263 -0.263 0 0 0
-1.312 -1.288 -0.488 0 0 0
-0.738 -0.213 -2.388 0 0 0
-1.838 -1.312 -1.012 0 0 0
-0.513 -0.763 -0.988 0 0 0
0.288 -1.113 -1.062 0 0 0
-16.863 1.488 13.062 0 0 0
-3.338 0.613 0.688 0 0 0
-2.188 -0.388 -0.413 0 0 0
-0.562 -7.538 3.663 0 0 0
-2.087 10.763 1.538 0 0 0
-8.988 -0.763 8.263 0 0 0
-1.863 -0.113 -1.288 0 0 0
-6.588 -2.638 -0.213 0 0 0
-1.663 2.562 0.013 0 0 0
-3.163 2.812 -0.963 0 0 0
-3.213 -1.038 -0.213 0 0 0
-1.913 1.163 0.013 0 0 0
0.938 -0.638 -0.238 0 0 0
-1.163 -0.213 -2.388 0 0 0
-2.263 -1.312 -1.012 0 0 0
-3.238 0.013 -0.288 0 0 0
-0.938 -0.763 -0.988 0 0 0
-10.213 -9.863 0.013 0 0 0
-8.838 7.062 8.037 0 0 0
-9.788 -15.663 0.013 0 0 0
-3.488 -0.838 -1.088 0 0 0
0.038 -0.738 -1.038 0 0 0
4.237 4.312 5.038 0 0 0
0.938 -0.338 0.013 0 0 0
-2.288 7.138 6.913 0 0 0
-3.363 1.388 0.588 0 0 0
-1.788 -1.338 0.013 0 0 0
-4.413 1.062 10.288 0 0 0
-3.288 -0.062 -0.938 0 0 0
4.237 3.113 4.013 0 0 0
4.288 -6.838 0.013 0 0 0
-8.463 -7.388 4.463 0 0 0
0.638 -0.213 -0.263 0 0 0
0.638 0.812 -0.238 0 0 0
-3.413 1.312 -0.062 0 0 0
-0.388 -0.738 -1.038 0 0 0
4.088 -4.388 0.013 0 0 0
0.863 -0.088 -0.763 0 0 0
-0.838 5.663 8.037 0 0 0
3.963 -0.188 -1.513 0 0 0
-2.087 -2.388 -0.888 0 0 0
-2.913 -0.838 -0.288 0 0 0
3.938 -2.963 1.188 0 0 0
3.913 2.588 1.062 0 0 0
-3.438 0.163 -0.013 0 0 0
0.688 -0.537 -0.238 0 0 0
-1.713 -0.138 -1.638 0 0 0
-1.663 5.463 7.738 0 0 0
-3.113 1.062 -0.163 0 0 0
0.938 0.288 0.163 0 0 0
-3.688 2.113 -0.713 0 0 0
-2.438 -0.438 0.013 0 0 0
4.213 4.863 6.738 0 0 0
-2.838 1.713 0.013 0 0 0
-3.338 0.062 -0.013 0 0 0
-2.863 -0.288 -0.413 0 0 0
-2.513 0.088 -1.413 0 0 0
0.238 0.513 0.513 0 0 0
-0.638 0.113 0.988 0 0 0
0.812 1.213 0.013 0 0 0
-2.087 -0.763 -1.038 0 0 0
-3.312 0.463 0.088 0 0 0
-2.337 -0.537 0.013 0 0 0
-0.288 -0.138 -1.438 0 0 0
-3.238 3.138 0.238 0 0 0
0.188 -0.438 0.013 0 0 0
0.288 1.312 0.013 0 0 0
0.038 0.537 0.763 0 0 0
-3.363 1.012 0.863 0 0 0
-1.488 -0.988 -1.088 0 0 0
-14.288 11.263 9.463 0 0 0
-2.113 -0.688 0.013 0 0 0
3.713 -3.738 2.863 0 0 0
-2.263 -0.213 -0.213 0 0 0
-1.012 1.438 -1.062 0 0 0
-3.338 0.238 0.363 0 0 0
-1.913 -1.413 -1.113 0 0 0
-1.088 0.113 -1.213 0 0 0
0.913 0.812 0.438 0 0 0
-0.713 -0.138 -1.438 0 0 0
-2.812 -0.062 -1.038 0 0 0
-9.863 6.913 8.287 0 0 0
-2.562 -0.213 -0.263 0 0 0
-3.238 4.288 -1.163 0 0 0
-3.438 1.388 -0.138 0 0 0
0.763 -0.463 -0.338 0 0 0
-1.788 0.062 0.312 0 0 0
-3.263 -0.163 -0.388 0 0 0
-0.288 0.088 0.113 0 0 0
4.013 6.088 8.162 0 0 0
-1.812 3.562 -0.963 0 0 0
0.088 -0.163 -1.538 0 0 0
-2.438 -0.138 -1.763 0 0 0
-3.163 1.038 -0.263 0 0 0
0.913 0.388 0.163 0 0 0
-4.863 11.988 7.263 0 0 0
3.913 2.663 1.088 0 0 0
-0.537 -0.312 -0.263 0 0 0
3.013 -9.287 0.013 0 0 0
3.812 -3.062 -0.338 0 0 0
-3.438 -0.788 -0.038 0 0 0
0.088 -0.688 0.013 0 0 0
-0.988 -0.188 -1.938 0 0 0
3.913 5.038 7.013 0 0 0
-0.688 0.088 0.888 0 0 0
-3.438 2.138 -0.138 0 0 0
-3.038 -0.213 -2.562 0 0 0
-2.488 -1.788 -0.888 0 0 0
0.913 0.263 0.312 0 0 0
0.163 -0.488 0.013 0 0 0
2.638 -0.763 9.363 0 0 0
0.638 -1.463 -1.113 0 0 0
-3.263 0.013 0.013 0 0 0
-2.838 0.763 0.013 0 0 0
-1.513 2.312 -1.088 0 0 0
0.388 2.713 0.013 0 0 0
-3.138 -1.888 0.013 0 0 0
-3.188 0.213 0.013 0 0 0
-4.788 1.062 10.188 0 0 0
-2.538 -1.413 -1.113 0 0 0
-1.788 0.113 0.863 0 0 0
-5.688 1.788 17.363 0 0 0
0.938 0.537 0.588 0 0 0
-0.738 -0.763 -1.038 0 0 0
0.613 -0.812 -0.988 0 0 0
3.963 6.038 8.062 0 0 0
0.013 0.038 0.413 0 0 0
-1.838 0.038 0.213 0 0 0
-1.012 -0.788 9.238 0 0 0
3.988 5.938 5.338 0 0 0
3.863 6.938 -0.812 0 0 0
0.113 -1.012 -0.988 0 0 0
1.012 -0.213 -2.087 0 0 0
-3.263 -0.388 0.138 0 0 0
-9.888 -7.338 1.413 0 0 0
-0.613 6.213 7.688 0 0 0
-0.163 -0.163 0.038 0 0 0
-6.213 -9.238 0.013 0 0 0
-3.263 1.513 0.013 0 0 0
0.188 -0.812 -0.988 0 0 0
-5.413 -7.413 4.263 0 0 0
-3.312 2.038 0.788 0 0 0
-9.037 16.338 7.338 0 0 0
0.663 -0.138 -1.338 0 0 0
-0.413 0.038 0.413 0 0 0
-12.688 8.088 6.013 0 0 0
-1.938 5.963 7.913 0 0 0
-3.288 -0.038 0.013 0 0 0
-2.513 0.113 0.812 0 0 0
-11.688 -9.463 0.013 0 0 0
-3.913 1.663 0.013 0 0 0
-3.338 1.363 0.638 0 0 0
-0.663 7.188 8.488 0 0 0
-1.513 -0.138 -1.688 0 0 0
3.938 3.213 3.538 0 0 0
-0.163 0.588 0.038 0 0 0
-13.913 8.162 7.263 0 0 0
-0.238 -0.812 -0.988 0 0 0
-3.238 -0.163 -2.013 0 0 0
-12.088 -11.263 0.013 0 0 0
3.888 -4.938 1.613 0 0 0
-12.113 -9.463 0.013 0 0 0
0.463 -0.138 -1.338 0 0 0
-13.288 -7.188 3.938 0 0 0
-1.062 1.513 0.013 0 0 0
-1.438 -0.238 -2.463 0 0 0
-1.938 -0.138 -1.688 0 0 0
-9.062 -10.062 0.013 0 0 0
-8.838 5.788 8.263 0 0 0
-3.413 -0.713 0.163 0 0 0
0.738 -0.463 -0.312 0 0 0
-0.663 -0.812 -0.988 0 0 0
0.963 0.263 0.213 0 0 0
-3.363 0.113 0.812 0 0 0
-3.263 -7.463 5.038 0 0 0
-7.138 8.162 7.438 0 0 0
-1.238 -0.888 -1.012 0 0 0
-1.062 2.263 0.013 0 0 0
-6.888 -9.162 0.013 0 0 0
-1.213 2.613 0.013 0 0 0
-5.613 16.262 6.238 0 0 0
-3.238 8.013 6.588 0 0 0
3.638 -6.963 4.062 0 0 0
4.237 -4.538 0.013 0 0 0
0.138 0.537 0.338 0 0 0
-25.513 6.163 8.312 0 0 0
-4.763 -7.338 4.213 0 0 0
-2.238 -0.138 -1.812 0 0 0
-0.488 -0.537 -0.062 0 0 0
-12.588 -7.163 5.288 0 0 0
0.488 0.338 -0.263 0 0 0
-3.213 0.213 0.038 0 0 0
3.838 -5.238 2.688 0 0 0
-1.788 0.038 0.113 0 0 0
-2.413 -0.138 -0.038 0 0 0
0.113 -0.038 -0.013 0 0 0
1.312 -7.763 4.362 0 0 0
0.113 -0.038 -0.038 0 0 0
0.113 -0.013 -0.013 0 0 0
-1.988 10.062 8.963 0 0 0
3.638 7.138 2.413 0 0 0
-3.413 1.812 0.188 0 0 0
-1.562 -1.288 -0.513 0 0 0
-2.863 0.038 -0.562 0 0 0
-1.838 -1.488 0.013 0 0 0
-2.838 1.888 -0.312 0 0 0
-0.363 5.812 7.913 0 0 0
-9.738 6.312 8.363 0 0 0
-2.863 -0.537 -0.163 0 0 0
-14.388 7.863 7.888 0 0 0
-3.388 1.638 0.713 0 0 0
-15.913 -9.562 0.013 0 0 0
-2.212 -7.663 5.113 0 0 0
-4.413 6.888 7.838 0 0 0
4.138 -6.138 0.013 0 0 0
-6.113 1.713 16.613 0 0 0
4.038 4.338 4.112 0 0 0
-2.538 -0.238 -0.288 0 0 0
-0.113 -0.288 0.088 0 0 0
3.888 -5.562 2.188 0 0 0
-2.138 3.163 0.013 0 0 0
-2.888 -0.788 -0.288 0 0 0
-4.487 -18.012 0.013 0 0 0
-4.863 -10.938 0.013 0 0 0
-2.538 -1.388 -0.163 0 0 0
2.488 -7.812 5.588 0 0 0
-2.688 0.838 -0.288 0 0 0
-1.562 -8.812 0.013 0 0 0
-3.538 -0.088 -1.363 0 0 0
0.863 0.062 0.763 0 0 0
-3.312 0.388 0.062 0 0 0
-1.713 8.088 7.463 0 0 0
0.013 0.013 0.213 0 0 0
-2.888 -1.938 -0.163 0 0 0
-2.263 -0.738 0.013 0 0 0
-0.013 0.513 -0.163 0 0 0
-0.038 0.513 -0.163 0 0 0
-0.213 0.613 -0.013 0 0 0
-0.288 -0.788 -1.062 0 0 0
-2.288 2.638 -1.038 0 0 0
4.112 3.113 4.138 0 0 0
-3.463 0.213 1.613 0 0 0
4.138 4.138 5.688 0 0 0
-3.138 0.163 0.088 0 0 0
-2.163 -0.838 0.013 0 0 0
-10.588 9.638 2.062 0 0 0
-12.138 5.613 7.638 0 0 0
-1.613 3.038 -0.988 0 0 0
-8.787 1.713 16.387 0 0 0
-7.438 1.812 17.363 0 0 0
-3.312 0.562 0.463 0 0 0
-3.338 0.463 0.588 0 0 0
-0.713 -0.788 -1.062 0 0 0
0.537 -0.988 -0.638 0 0 0
-11.638 10.038 1.513 0 0 0
-2.138 0.013 -0.113 0 0 0
3.613 -0.163 -1.238 0 0 0
-1.812 -0.738 -1.012 0 0 0
3.288 -0.613 7.463 0 0 0
-2.413 -2.413 -0.913 0 0 0
-2.388 -0.138 -1.663 0 0 0
-5.838 5.663 7.938 0 0 0
-1.963 -7.338 5.938 0 0 0
0.562 0.338 -0.263 0 0 0
0.163 0.013 0.263 0 0 0
0.013 0.062 0.763 0 0 0
-2.438 -0.763 8.863 0 0 0
-11.613 9.863 2.038 0 0 0
3.812 5.213 1.838 0 0 0
3.963 2.438 3.513 0 0 0
-2.238 -0.213 -2.562 0 0 0
-5.538 -10.863 0.013 0 0 0
-2.812 0.038 -0.663 0 0 0
0.562 1.663 0.013 0 0 0
-2.888 -0.713 -0.263 0 0 0
4.388 6.388 8.138 0 0 0
3.888 5.088 5.538 0 0 0
-10.788 5.562 7.088 0 0 0
-0.713 6.938 7.788 0 0 0
-13.562 9.412 1.438 0 0 0
-2.238 -0.738 -1.012 0 0 0
2.113 5.938 7.913 0 0 0
-12.438 -7.763 3.538 0 0 0
0.363 0.763 0.013 0 0 0
-8.588 1.763 16.688 0 0 0
1.088 -0.088 -0.838 0 0 0
0.338 1.663 -0.513 0 0 0
0.913 0.488 0.537 0 0 0
0.038 7.988 6.913 0 0 0
-0.812 -0.213 -2.363 0 0 0
0.062 -1.012 -0.138 0 0 0
-2.663 -0.213 -2.562 0 0 0
0.388 -0.738 -1.012 0 0 0
0.138 1.663 0.013 0 0 0
-3.163 0.863 0.763 0 0 0
-1.038 -2.038 -0.938 0 0 0
-9.388 -7.238 1.388 0 0 0
-2.663 -0.738 -1.012 0 0 0
0.888 0.388 0.588 0 0 0
4.188 4.237 4.013 0 0 0
3.763 -4.562 2.738 0 0 0
-0.363 1.463 0.013 0 0 0
-5.763 -9.213 0.013 0 0 0
-4.138 -0.913 -0.562 0 0 0
4.138 2.388 3.263 0 0 0
-0.038 -0.738 -1.012 0 0 0
-0.013 -0.738 -1.012 0 0 0
0.138 2.413 0.013 0 0 0
-11.213 -11.213 0.013 0 0 0
3.863 -3.713 1.213 0 0 0
0.188 -0.888 -1.012 0 0 0
-3.312 1.963 0.763 0 0 0
-2.288 -0.788 -1.113 0 0 0
4.138 3.138 3.938 0 0 0
0.163 -7.688 3.738 0 0 0
0.713 0.463 -0.213 0 0 0
3.838 -4.663 2.238 0 0 0
-0.463 -0.738 -1.012 0 0 0
4.163 2.988 4.188 0 0 0
-1.263 1.513 -1.062 0 0 0
-2.988 7.163 7.863 0 0 0
-1.538 -0.213 -2.488 0 0 0
0.088 7.562 7.988 0 0 0
4.213 5.338 6.788 0 0 0
-10.963 1.788 16.738 0 0 0
-3.338 0.537 0.013 0 0 0
-1.788 -1.588 -1.062 0 0 0
-1.363 -0.838 -1.062 0 0 0
-17.088 -9.863 0.013 0 0 0
-0.288 -0.062 0.013 0 0 0
0.588 -0.513 -0.312 0 0 0
0.938 -0.138 -1.312 0 0 0
-3.312 0.938 0.138 0 0 0
-2.838 -1.012 -0.613 0 0 0
3.863 6.312 8.537 0 0 0
-1.963 -0.213 -2.488 0 0 0
-2.588 0.088 -1.388 0 0 0
3.863 -1.763 1.638 0 0 0
-0.888 1.213 0.013 0 0 0
3.812 -4.138 2.513 0 0 0
-2.163 -0.588 -0.838 0 0 0
-3.338 1.288 0.013 0 0 0
-3.438 0.138 1.038 0 0 0
-13.713 1.062 9.162 0 0 0
3.963 5.263 7.138 0 0 0
-1.088 -1.312 -1.038 0 0 0
-1.213 -0.138 -1.562 0 0 0
0.113 0.588 0.062 0 0 0
4.112 5.988 8.312 0 0 0
-0.713 -0.062 0.013 0 0 0
-3.413 1.413 0.263 0 0 0
-3.388 -0.562 -0.738 0 0 0
-13.938 1.088 9.312 0 0 0
4.038 -0.188 -1.438 0 0 0
0.913 0.562 -0.013 0 0 0
2.438 -0.763 9.287 0 0 0
-1.312 1.213 0.013 0 0 0
-1.938 0.013 -0.163 0 0 0
0.788 1.888 -0.312 0 0 0
0.713 -0.338 -0.038 0 0 0
-11.388 -0.763 7.863 0 0 0
-6.788 6.338 8.338 0 0 0
0.213 -0.138 -1.363 0 0 0
0.138 0.713 -0.588 0 0 0
3.938 3.113 1.238 0 0 0
-2.238 -0.312 -0.188 0 0 0
0.938 0.388 0.488 0 0 0
-18.387 11.188 6.288 0 0 0
-2.488 -1.613 -1.088 0 0 0
0.088 -0.213 0.062 0 0 0
-3.438 -0.312 0.013 0 0 0
-3.312 0.263 0.163 0 0 0
0.438 -0.863 -0.963 0 0 0
-3.588 -9.863 0.013 0 0 0
-1.288 -1.312 -1.038 0 0 0
-0.338 -0.088 -0.088 0 0 0
-2.363 0.013 -0.163 0 0 0
3.938 -0.413 4.863 0 0 0
-3.438 0.188 1.588 0 0 0
-3.188 -0.638 -0.213 0 0 0
3.363 -0.488 6.113 0 0 0
-1.888 -1.088 -1.062 0 0 0
3.913 2.663 3.838 0 0 0
-1.062 -0.188 -1.913 0 0 0
-3.338 -0.413 0.013 0 0 0
-2.238 7.113 8.412 0 0 0
-6.613 -10.163 0.013 0 0 0
-0.688 -0.788 -1.012 0 0 0
-3.588 -2.713 -0.238 0 0 0
-1.137 -9.213 0.013 0 0 0
-3.038 -1.288 -0.988 0 0 0
0.588 -0.438 -0.288 0 0 0
4.213 4.213 5.788 0 0 0
0.238 7.113 7.763 0 0 0
-1.713 -1.312 -1.038 0 0 0
-3.263 -0.088 -0.213 0 0 0
0.738 -1.088 -1.062 0 0 0
0.788 1.938 0.238 0 0 0
-0.038 -0.312 -0.188 0 0 0
0.388 -1.638 -1.062 0 0 0
-2.888 -0.863 -0.312 0 0 0
1.038 1.438 -0.913 0 0 0
-1.113 -0.788 -1.012 0 0 0
-3.763 -10.312 0.013 0 0 0
-1.137 1.438 0.013 0 0 0
-2.613 -1.413 -1.088 0 0 0
3.812 4.188 5.888 0 0 0
0.363 -0.163 -1.713 0 0 0
0.513 -1.213 -1.088 0 0 0
0.638 0.062 -0.812 0 0 0
-1.288 -1.263 -0.488 0 0 0
-2.688 0.763 -0.312 0 0 0
0.913 0.338 0.488 0 0 0
0.312 -1.088 -1.062 0 0 0
-3.288 0.562 -0.088 0 0 0
-12.562 5.488 7.062 0 0 0
3.438 -2.763 0.488 0 0 0
-9.463 6.338 8.388 0 0 0
0.812 2.337 -0.913 0 0 0
-1.038 1.338 0.013 0 0 0
-3.738 -2.038 0.413 0 0 0
-6.088 5.863 7.513 0 0 0
4.188 -9.013 0.013 0 0 0
-3.163 -0.062 -0.963 0 0 0
4.038 -0.288 -2.413 0 0 0
-0.812 1.188 0.013 0 0 0
0.812 0.788 0.613 0 0 0
-3.338 0.513 0.413 0 0 0
-2.463 0.062 0.088 0 0 0
0.938 0.463 0.513 0 0 0
-20.763 5.288 7.088 0 0 0
-0.238 -0.163 0.062 0 0 0
-0.113 -1.088 -1.062 0 0 0
-9.537 -7.163 1.838 0 0 0
-10.062 -9.713 0.013 0 0 0
3.688 6.363 8.588 0 0 0
-0.463 7.113 8.412 0 0 0
0.963 -0.312 0.013 0 0 0
-2.713 2.988 -0.963 0 0 0
-0.088 5.863 7.888 0 0 0
-3.338 0.388 0.562 0 0 0
-12.688 9.463 1.438 0 0 0
-13.113 1.738 16.062 0 0 0
-3.363 0.413 0.463 0 0 0
-1.562 -1.613 -1.012 0 0 0
-3.338 2.288 0.438 0 0 0
-7.338 -11.312 0.013 0 0 0
-1.688 2.238 0.013 0 0 0
0.713 -0.713 -1.038 0 0 0
3.913 4.688 6.312 0 0 0
-3.788 -0.788 8.787 0 0 0
0.088 0.038 0.488 0 0 0
-3.312 -0.163 -1.988 0 0 0
1.312 -0.238 -2.163 0 0 0
-2.038 -1.812 -0.913 0 0 0
-2.988 -0.988 -1.062 0 0 0
-0.263 0.062 0.088 0 0 0
-7.562 -10.413 0.013 0 0 0
3.413 -2.812 0.488 0 0 0
-9.738 5.863 8.013 0 0 0
0.888 0.562 0.263 0 0 0
0.438 -0.312 -0.288 0 0 0
0.688 -0.938 -0.763 0 0 0
-15.913 5.688 7.738 0 0 0
-10.663 -0.738 8.863 0 0 0
-1.638 6.963 7.863 0 0 0
0.738 1.338 0.013 0 0 0
0.537 0.438 0.013 0 0 0
3.688 2.212 0.013 0 0 0
0.763 0.888 0.288 0 0 0
4.263 5.863 6.463 0 0 0
-1.788 -9.263 0.013 0 0 0
-0.488 0.113 0.988 0 0 0
-3.238 -0.038 -0.688 0 0 0
0.838 0.338 -0.238 0 0 0
-2.337 5.738 8.088 0 0 0
2.638 -7.812 2.513 0 0 0
-2.138 -2.388 -0.888 0 0 0
3.863 -2.938 1.562 0 0 0
0.638 -0.562 -0.238 0 0 0
0.913 0.537 -0.238 0 0 0
-13.438 -9.062 0.013 0 0 0
-21.938 -7.138 0.013 0 0 0
-3.413 -0.638 0.338 0 0 0
-2.212 -0.213 -0.113 0 0 0
0.463 1.012 0.013 0 0 0
-9.763 -7.138 4.663 0 0 0
-3.463 -7.738 4.062 0 0 0
0.213 -0.163 -1.562 0 0 0
-3.288 0.812 0.338 0 0 0
-2.312 -0.138 -1.788 0 0 0
-3.638 2.713 -0.188 0 0 0
0.913 0.413 -0.088 0 0 0
-0.062 -0.312 0.113 0 0 0
-6.988 1.763 17.137 0 0 0
4.088 -0.288 -2.513 0 0 0
0.338 -0.388 -3.838 0 0 0
-3.363 5.963 8.062 0 0 0
1.638 -7.538 4.413 0 0 0
0.913 0.713 0.163 0 0 0
-1.363 -1.663 -1.088 0 0 0
-8.188 -2.513 0.013 0 0 0
4.213 3.888 5.338 0 0 0
-6.463 7.062 8.438 0 0 0
-3.213 3.338 -0.038 0 0 0
-1.738 -0.138 -1.738 0 0 0
-3.038 1.788 -0.288 0 0 0
-11.988 1.763 16.363 0 0 0
-25.288 5.938 8.238 0 0 0
-4.812 7.038 7.738 0 0 0
-2.663 0.688 -0.363 0 0 0
-2.288 2.538 0.013 0 0 0
-1.562 -0.788 -0.988 0 0 0
-2.913 0.888 0.013 0 0 0
-1.938 -0.163 -1.888 0 0 0
4.163 5.338 7.113 0 0 0
2.963 5.938 7.588 0 0 0
-3.312 0.413 0.363 0 0 0
0.363 -0.438 -0.338 0 0 0
-2.363 5.812 7.863 0 0 0
3.838 -5.438 2.763 0 0 0
-2.163 -0.138 -1.738 0 0 0
3.538 -6.963 5.913 0 0 0
-3.838 -0.812 -1.188 0 0 0
-0.438 0.838 0.738 0 0 0
3.812 -1.838 -0.338 0 0 0
3.963 4.263 6.113 0 0 0
-0.788 6.188 7.663 0 0 0
-2.013 -0.763 -1.088 0 0 0
-6.363 8.062 5.888 0 0 0
2.812 -7.638 4.487 0 0 0
-17.913 10.238 8.713 0 0 0
-3.138 2.538 0.013 0 0 0
4.038 -0.312 -2.613 0 0 0
-8.062 5.588 7.613 0 0 0
0.788 -0.138 -1.363 0 0 0
0.263 1.338 -0.613 0 0 0
0.938 -1.062 -0.963 0 0 0
-3.538 0.213 1.638 0 0 0
-14.388 -9.338 0.013 0 0 0
0.088 1.288 0.013 0 0 0
-0.938 -0.163 -1.688 0 0 0
-2.788 -0.163 -1.888 0 0 0
-2.738 8.013 5.812 0 0 0
-5.913 -9.463 0.013 0 0 0
-2.513 4.312 -0.738 0 0 0
-2.013 0.038 0.062 0 0 0
-3.263 -0.338 0.038 0 0 0
4.338 5.738 7.288 0 0 0
-3.463 -0.788 -0.138 0 0 0
3.938 -4.088 1.613 0 0 0
-0.913 1.438 -1.062 0 0 0
-3.188 -1.163 0.013 0 0 0
-0.338 1.288 0.013 0 0 0
0.438 -0.938 -0.988 0 0 0
-11.688 -9.138 0.013 0 0 0
-6.588 8.162 7.413 0 0 0
-0.013 0.463 0.163 0 0 0
-0.038 0.463 0.163 0 0 0
-3.312 0.488 0.388 0 0 0
-2.438 0.038 0.062 0 0 0
-0.138 0.613 0.038 0 0 0
0.863 -0.463 -0.338 0 0 0
3.513 -0.363 4.688 0 0 0
-8.388 7.388 7.488 0 0 0
-3.562 -9.812 0.013 0 0 0
-10.638 5.438 7.513 0 0 0
-3.238 0.113 0.788 0 0 0
1.012 -0.088 -0.812 0 0 0
3.463 -0.413 5.188 0 0 0
-25.013 5.163 5.963 0 0 0
-2.538 5.963 7.763 0 0 0
-1.738 -0.213 -2.488 0 0 0
-18.913 4.388 4.963 0 0 0
3.988 2.938 4.213 0 0 0
-3.663 0.338 2.938 0 0 0
-3.138 1.012 0.413 0 0 0
3.788 0.688 7.413 0 0 0
-1.538 -0.888 -1.038 0 0 0
3.838 -3.088 0.338 0 0 0
-3.138 3.312 -1.113 0 0 0
-2.163 -0.213 -2.488 0 0 0
-3.062 -1.588 -0.988 0 0 0
-0.788 1.238 0.013 0 0 0
0.312 0.513 0.588 0 0 0
-1.938 -0.888 -0.938 0 0 0
-0.938 0.088 -1.263 0 0 0
-3.963 -0.788 9.238 0 0 0
0.663 -0.388 -3.738 0 0 0
-1.738 -0.163 -1.938 0 0 0
-6.863 1.738 16.812 0 0 0
-4.388 16.188 6.938 0 0 0
-3.888 -2.312 0.263 0 0 0
-12.713 15.538 6.663 0 0 0
0.888 0.038 0.488 0 0 0
3.863 -0.188 -0.263 0 0 0
-3.263 0.788 0.312 0 0 0
0.338 0.038 0.338 0 0 0
4.188 2.838 3.062 0 0 0
-8.912 1.088 9.812 0 0 0
-3.388 3.138 0.062 0 0 0
-9.963 7.388 7.438 0 0 0
-14.538 7.388 7.263 0 0 0
-1.363 1.588 0.013 0 0 0
0.113 -0.263 -0.163 0 0 0
-3.238 0.013 -0.188 0 0 0
-0.038 0.713 0.588 0 0 0
-2.337 -0.163 -0.163 0 0 0
-1.613 -1.288 -0.513 0 0 0
-11.288 -0.738 7.788 0 0 0
-3.213 3.213 0.062 0 0 0
-2.888 -0.213 -2.613 0 0 0
2.788 -0.763 9.312 0 0 0
4.263 -6.812 0.013 0 0 0
3.863 1.888 0.013 0 0 0
-1.163 3.062 -0.988 0 0 0
-3.438 1.312 -0.062 0 0 0
-8.113 5.812 7.938 0 0 0
-0.438 0.113 1.088 0 0 0
-1.838 -9.412 0.013 0 0 0
-1.963 0.088 0.513 0 0 0
0.888 0.663 0.638 0 0 0
-3.363 1.263 0.838 0 0 0
-1.663 -0.062 -0.888 0 0 0
0.488 -0.288 -0.263 0 0 0
0.913 0.463 -0.263 0 0 0
3.788 -1.913 0.663 0 0 0
-2.863 -1.038 -0.312 0 0 0
-0.788 -0.238 -2.388 0 0 0
-14.938 1.638 14.812 0 0 0
-1.463 -0.213 -2.413 0 0 0
-9.138 7.062 8.013 0 0 0
-1.163 -0.363 -3.812 0 0 0
-5.238 5.888 7.812 0 0 0
-18.538 6.688 8.113 0 0 0
3.812 -3.038 2.713 0 0 0
-3.113 1.062 -0.062 0 0 0
0.938 0.288 0.263 0 0 0
-3.438 3.088 -0.038 0 0 0
-1.137 5.788 7.863 0 0 0
-3.338 0.062 0.062 0 0 0
1.963 -0.788 9.412 0 0 0
0.913 0.638 0.138 0 0 0
-8.812 -7.463 4.463 0 0 0
-1.012 -0.763 -1.088 0 0 0
-2.538 0.113 -1.413 0 0 0
-3.312 0.463 0.188 0 0 0
-2.688 0.088 0.463 0 0 0
-0.562 0.463 0.588 0 0 0
-2.638 4.388 0.138 0 0 0
0.588 0.338 0.013 0 0 0
3.963 1.938 0.013 0 0 0
-1.988 -1.613 -1.012 0 0 0
1.812 -7.838 4.413 0 0 0
-2.263 -0.213 -0.113 0 0 0
-2.138 -0.663 0.013 0 0 0
3.763 -1.988 0.663 0 0 0
0.513 -0.738 -1.038 0 0 0
0.588 -0.238 -0.263 0 0 0
-0.213 -0.463 0.213 0 0 0
0.738 -0.888 -1.038 0 0 0
4.112 4.562 5.688 0 0 0
3.812 -1.913 -0.363 0 0 0
-3.438 1.388 -0.013 0 0 0
-3.438 1.388 -0.038 0 0 0
2.312 7.838 5.613 0 0 0
-1.788 0.062 0.413 0 0 0
-3.263 -0.163 -0.288 0 0 0
-7.388 -10.938 0.013 0 0 0
3.838 -2.963 0.312 0 0 0
0.088 -0.738 -1.038 0 0 0
-2.438 -9.113 0.013 0 0 0
-2.688 0.138 1.012 0 0 0
0.312 -0.888 -1.038 0 0 0
-3.263 -0.288 -0.138 0 0 0
-1.312 1.438 -1.088 0 0 0
-3.088 4.713 -0.388 0 0 0
-3.138 0.863 0.363 0 0 0
-3.438 2.138 -0.038 0 0 0
-2.713 -2.062 -0.888 0 0 0
0.913 0.263 0.413 0 0 0
0.163 0.537 0.138 0 0 0
-1.613 -1.213 -1.088 0 0 0
-8.863 7.188 7.938 0 0 0
0.138 -0.463 0.013 0 0 0
-3.263 0.013 0.113 0 0 0
-8.513 1.738 16.562 0 0 0
-2.963 2.238 0.013 0 0 0
-1.713 -0.238 -2.513 0 0 0
-17.988 11.363 6.388 0 0 0
-11.663 7.288 7.062 0 0 0
-2.562 1.438 0.013 0 0 0
3.562 -7.413 3.738 0 0 0
-0.113 -0.888 -1.038 0 0 0
0.038 0.562 -0.263 0 0 0
-5.513 -9.938 0.013 0 0 0
-3.238 3.213 0.363 0 0 0
0.488 0.838 0.013 0 0 0
-13.163 1.062 9.138 0 0 0
-8.238 -10.938 0.013 0 0 0
-7.963 -9.838 0.013 0 0 0
0.288 3.288 0.013 0 0 0
-3.213 -1.938 -0.163 0 0 0
-1.288 -0.188 -1.963 0 0 0
-2.263 -0.138 -0.088 0 0 0
3.513 6.388 8.638 0 0 0
0.863 1.938 -0.213 0 0 0
3.938 -1.613 -0.838 0 0 0
-0.537 -0.888 -1.038 0 0 0
-0.613 -0.763 -1.062 0 0 0
-2.138 -0.763 -0.963 0 0 0
-1.438 -1.413 -1.113 0 0 0
2.763 -9.613 0.013 0 0 0
-3.463 0.238 1.913 0 0 0
4.188 3.312 4.438 0 0 0
-2.212 7.062 8.388 0 0 0
3.812 -1.688 0.588 0 0 0
-3.088 -10.812 0.013 0 0 0
0.038 -0.713 0.013 0 0 0
-7.113 6.312 7.663 0 0 0
-3.312 2.038 0.888 0 0 0
-13.913 -8.688 0.013 0 0 0
-11.488 -10.338 0.013 0 0 0
1.163 -7.913 4.413 0 0 0
-1.113 7.588 6.263 0 0 0
-3.513 0.163 1.263 0 0 0
-2.513 0.113 0.913 0 0 0
-1.038 -0.763 -1.062 0 0 0
-0.463 -0.913 0.013 0 0 0
3.062 -9.412 0.013 0 0 0
3.863 -3.188 1.088 0 0 0
0.888 0.638 0.438 0 0 0
0.188 0.562 0.537 0 0 0
-2.513 -0.062 -0.088 0 0 0
-3.188 -1.913 0.013 0 0 0
0.338 -0.138 -1.388 0 0 0
-2.288 -0.213 -0.088 0 0 0
-3.388 0.537 0.013 0 0 0
-6.138 5.463 7.312 0 0 0
0.812 1.913 -0.312 0 0 0
0.863 0.838 0.463 0 0 0
-0.088 -0.138 -1.388 0 0 0
-5.988 5.588 7.738 0 0 0
-0.062 0.038 0.312 0 0 0
-1.137 -1.338 -1.038 0 0 0
-3.088 1.038 0.438 0 0 0
-3.062 -1.788 -0.863 0 0 0
-3.312 1.463 0.013 0 0 0
-13.663 11.562 9.688 0 0 0
-11.938 -11.138 0.013 0 0 0
-2.388 0.113 0.188 0 0 0
-0.537 -0.812 -1.012 0 0 0
-10.338 1.812 17.038 0 0 0
0.513 0.438 -0.213 0 0 0
1.088 -0.238 -2.212 0 0 0
-0.488 0.038 0.312 0 0 0
-1.663 -0.763 -1.062 0 0 0
-0.688 1.488 0.013 0 0 0
-2.463 5.713 8.013 0 0 0
-2.562 -0.088 -0.188 0 0 0
0.138 0.537 0.438 0 0 0
-14.888 -11.238 0.013 0 0 0
-2.513 7.213 6.988 0 0 0
-0.312 0.688 -0.088 0 0 0
0.038 0.688 0.312 0 0 0
-1.938 0.138 1.113 0 0 0
-3.213 0.213 0.138 0 0 0
-3.438 1.363 -0.238 0 0 0
-6.763 -2.188 0.013 0 0 0
-3.312 -1.163 -0.988 0 0 0
-2.438 -0.113 -0.038 0 0 0
0.163 5.713 8.013 0 0 0
-0.088 9.988 8.912 0 0 0
-0.113 0.562 -0.188 0 0 0
-4.188 2.513 -0.663 0 0 0
-5.713 -0.788 9.412 0 0 0
-2.863 0.038 -0.463 0 0 0
-2.488 6.463 7.913 0 0 0
-0.863 -0.913 -1.012 0 0 0
-1.113 1.488 0.013 0 0 0
3.538 0.537 5.863 0 0 0
3.938 3.738 4.088 0 0 0
-2.863 -0.537 -0.062 0 0 0
-0.738 6.338 8.488 0 0 0
-2.812 1.688 -1.113 0 0 0
0.513 5.288 4.588 0 0 0
-1.613 1.288 0.013 0 0 0
0.713 0.938 -0.163 0 0 0
-0.988 1.738 -1.012 0 0 0
4.163 2.388 3.062 0 0 0
-3.113 -0.088 -1.263 0 0 0
4.088 -0.312 -2.713 0 0 0
-3.438 0.088 0.038 0 0 0
3.788 -3.538 2.163 0 0 0
-1.988 -2.013 -0.938 0 0 0
-12.363 7.188 6.963 0 0 0
-0.213 -0.138 0.062 0 0 0
0.338 -1.338 -1.088 0 0 0
-1.938 -0.238 -2.562 0 0 0
-2.738 -0.113 -0.163 0 0 0
0.213 0.038 0.463 0 0 0
-2.312 0.062 0.238 0 0 0
-2.913 -0.788 -0.963 0 0 0
-0.388 0.863 0.713 0 0 0
0.913 2.013 0.238 0 0 0
-9.037 1.088 9.938 0 0 0
0.263 0.838 -0.013 0 0 0
0.863 0.062 0.863 0 0 0
-3.312 0.388 0.163 0 0 0
-1.663 0.088 0.638 0 0 0
4.138 3.163 2.963 0 0 0
-12.812 5.812 7.963 0 0 0
-3.338 0.288 0.288 0 0 0
4.188 5.988 6.538 0 0 0
0.713 -0.288 -2.863 0 0 0
-0.588 0.838 0.562 0 0 0
-0.213 0.038 0.463 0 0 0
-0.062 -0.913 -0.288 0 0 0
-1.188 6.388 7.863 0 0 0
4.088 3.113 3.463 0 0 0
-1.713 -2.062 -0.888 0 0 0
0.763 0.038 0.013 0 0 0
0.988 -0.138 -1.413 0 0 0
-2.938 2.788 -0.938 0 0 0
-1.938 0.038 0.138 0 0 0
-2.013 -2.388 -0.913 0 0 0
-1.263 -9.037 0.013 0 0 0
-9.638 -10.338 0.013 0 0 0
-0.438 0.062 -0.062 0 0 0
-1.613 -1.613 -1.012 0 0 0
-3.363 -7.538 4.938 0 0 0
-0.938 7.888 5.688 0 0 0
-3.413 -0.763 -0.163 0 0 0
4.038 -0.338 -2.812 0 0 0
-3.638 -1.213 -1.113 0 0 0
-2.863 -1.663 -1.062 0 0 0
3.888 3.913 5.538 0 0 0
0.537 0.338 -0.263 0 0 0
0.562 -0.138 -1.413 0 0 0
-3.263 0.062 -0.062 0 0 0
4.362 5.062 6.438 0 0 0
-3.263 -2.013 -0.938 0 0 0
-13.413 -9.037 0.013 0 0 0
-0.062 -0.288 -0.138 0 0 0
4.213 3.312 4.413 0 0 0
-0.438 0.238 0.338 0 0 0
4.188 -5.538 0.013 0 0 0
-1.713 0.062 0.537 0 0 0
-0.713 1.863 -1.088 0 0 0
0.338 -0.238 -0.288 0 0 0
-2.212 -0.312 -0.388 0 0 0
1.088 -0.088 -0.738 0 0 0
-2.337 2.613 -1.038 0 0 0
0.138 -0.138 -1.413 0 0 0
0.738 -0.013 0.013 0 0 0
0.738 -0.038 0.013 0 0 0
-3.763 2.812 0.312 0 0 0
0.513 -0.463 -0.263 0 0 0
-3.288 0.288 -0.013 0 0 0
0.363 -0.138 -1.413 0 0 0
1.913 -7.688 5.463 0 0 0
-9.013 1.763 16.788 0 0 0
-3.163 -1.363 -0.938 0 0 0
-2.062 -0.488 0.013 0 0 0
-1.463 -0.888 -0.963 0 0 0
-1.963 1.263 0.013 0 0 0
-6.113 5.463 7.288 0 0 0
-8.213 1.738 16.688 0 0 0
0.638 -0.038 -0.363 0 0 0
0.788 -0.088 -0.863 0 0 0
-3.538 6.263 8.162 0 0 0
-0.263 7.938 5.738 0 0 0
-0.062 -0.138 -1.413 0 0 0
-3.288 0.463 0.363 0 0 0
4.138 2.838 3.788 0 0 0
-0.163 -0.238 0.113 0 0 0
-2.763 -1.738 -0.913 0 0 0
-3.312 1.963 0.863 0 0 0
3.913 -5.638 2.238 0 0 0
-2.963 -0.213 -2.588 0 0 0
-2.488 -0.488 0.013 0 0 0
-2.788 3.388 -1.137 0 0 0
1.713 3.963 5.338 0 0 0
3.538 0.513 5.663 0 0 0
0.588 -7.788 5.413 0 0 0
-0.438 5.913 7.788 0 0 0
-16.637 5.763 7.738 0 0 0
-0.812 -0.163 -1.713 0 0 0
3.363 -9.788 0.013 0 0 0
-1.888 0.038 0.038 0 0 0
-5.613 13.413 7.188 0 0 0
-2.288 1.163 0.013 0 0 0
-3.363 1.312 0.613 0 0 0
0.238 1.263 0.013 0 0 0
0.338 -0.788 -1.012 0 0 0
0.413 -0.288 -0.238 0 0 0
3.288 0.838 9.013 0 0 0
3.888 -0.613 7.338 0 0 0
1.012 -0.062 -0.463 0 0 0
0.213 -0.288 0.013 0 0 0
-0.338 -0.738 -1.038 0 0 0
-2.188 0.113 -1.388 0 0 0
-11.113 -8.988 0.013 0 0 0
0.738 -0.988 0.013 0 0 0
-0.213 -0.163 -0.138 0 0 0
4.237 5.763 6.738 0 0 0
0.513 -0.388 -0.238 0 0 0
0.213 0.013 0.263 0 0 0
3.838 -4.338 2.238 0 0 0
-1.913 -0.812 -1.113 0 0 0
3.713 -3.562 2.763 0 0 0
3.188 10.113 3.263 0 0 0
-0.163 -0.963 -1.012 0 0 0
-2.713 1.163 0.013 0 0 0
-3.338 1.463 1.113 0 0 0
-0.188 1.263 0.013 0 0 0
-4.062 -0.138 -1.988 0 0 0
-0.763 -0.738 -1.038 0 0 0
-1.163 -0.238 -2.488 0 0 0
-19.838 -10.113 0.013 0 0 0
0.388 0.812 -0.363 0 0 0
-14.263 -9.988 0.013 0 0 0
-3.013 -0.788 -1.137 0 0 0
-15.463 1.062 8.838 0 0 0
-19.012 5.288 5.463 0 0 0
0.913 0.562 0.062 0 0 0
-3.163 -0.388 0.013 0 0 0
-1.188 -0.738 -1.038 0 0 0
-8.388 1.113 10.288 0 0 0
3.388 6.388 8.162 0 0 0
-10.463 1.763 16.613 0 0 0
4.213 3.113 3.812 0 0 0
0.312 -0.238 0.013 0 0 0
-9.537 5.938 7.938 0 0 0
-3.688 -7.213 5.763 0 0 0
0.013 0.463 0.013 0 0 0
0.788 0.888 0.088 0 0 0
0.163 -0.312 -0.088 0 0 0
0.913 0.438 0.213 0 0 0
-3.888 8.088 6.663 0 0 0
4.038 4.138 5.613 0 0 0
-2.438 -0.188 -0.062 0 0 0
-2.863 1.413 -0.363 0 0 0
-0.438 1.363 0.013 0 0 0
0.913 0.738 0.463 0 0 0
-1.613 -0.738 -1.038 0 0 0
-1.413 7.138 7.812 0 0 0
-2.988 -7.263 5.812 0 0 0
-2.438 0.113 0.188 0 0 0
-10.888 1.763 16.613 0 0 0
-0.537 -0.988 0.013 0 0 0
-3.263 -0.388 -0.363 0 0 0
-0.938 1.163 0.013 0 0 0
-0.388 1.438 -1.012 0 0 0
-3.113 -0.213 -2.438 0 0 0
-24.788 5.413 7.263 0 0 0
4.112 5.713 7.038 0 0 0
-3.263 -0.088 -0.113 0 0 0
-3.263 0.938 -0.088 0 0 0
-3.513 -1.488 -0.113 0 0 0
0.062 0.562 0.062 0 0 0
-1.413 5.988 7.938 0 0 0
-3.312 0.438 0.663 0 0 0
-15.888 1.538 13.688 0 0 0
0.413 -0.088 -0.963 0 0 0
-3.613 -15.638 0.013 0 0 0
-22.062 1.888 16.488 0 0 0
-0.038 -0.312 -0.088 0 0 0
-0.013 -0.312 -0.088 0 0 0
3.788 -1.763 0.863 0 0 0
4.188 5.938 8.188 0 0 0
-3.963 -2.188 0.263 0 0 0
-3.263 -0.213 0.038 0 0 0
-2.688 -0.163 -1.888 0 0 0
-1.238 0.088 -1.288 0 0 0
-17.038 1.663 14.688 0 0 0
-9.363 -10.388 0.013 0 0 0
4.112 -0.213 -1.562 0 0 0
-7.113 -2.038 0.138 0 0 0
0.688 0.938 0.338 0 0 0
-3.213 -1.738 -0.888 0 0 0
-3.338 0.213 0.263 0 0 0
-2.738 -0.062 -0.938 0 0 0
0.038 -0.238 0.062 0 0 0
-3.363 0.238 0.163 0 0 0
4.038 -0.288 -2.312 0 0 0
3.863 -2.188 -0.413 0 0 0
0.688 -1.863 -1.062 0 0 0
0.638 -0.062 -0.562 0 0 0
-0.613 -0.363 -3.838 0 0 0
0.363 -0.238 -0.312 0 0 0
-0.838 1.213 0.013 0 0 0
-5.463 6.363 7.738 0 0 0
0.938 0.463 0.613 0 0 0
1.137 -0.363 -3.488 0 0 0
-3.338 0.088 0.413 0 0 0
-9.363 -16.188 0.013 0 0 0
-3.038 -0.062 -0.988 0 0 0
0.388 0.488 0.463 0 0 0
0.363 0.513 0.363 0 0 0
-1.338 -0.213 -2.438 0 0 0
-12.738 -6.988 5.138 0 0 0
-20.888 -8.013 0.013 0 0 0
-1.038 -0.363 -3.838 0 0 0
-1.012 7.988 7.738 0 0 0
-13.788 -0.788 9.213 0 0 0
-5.013 9.838 2.538 0 0 0
0.288 0.038 0.338 0 0 0
-4.588 1.062 10.238 0 0 0
-0.963 -7.413 6.062 0 0 0
-1.438 -1.613 -1.038 0 0 0
-1.663 9.863 2.812 0 0 0
3.838 -1.988 -0.788 0 0 0
-2.163 -1.363 -0.938 0 0 0
4.263 5.888 8.238 0 0 0
-12.238 5.863 7.988 0 0 0
-5.763 5.788 8.013 0 0 0
-0.613 0.113 0.938 0 0 0
-3.413 1.663 0.188 0 0 0
-1.088 1.312 0.013 0 0 0
-12.488 5.463 7.613 0 0 0
-7.888 6.013 8.088 0 0 0
-0.438 5.788 7.888 0 0 0
-2.263 -0.788 -1.038 0 0 0
0.763 0.888 0.388 0 0 0
0.888 0.438 0.513 0 0 0
-10.113 -9.763 0.013 0 0 0
0.938 1.213 0.013 0 0 0
-0.488 0.113 1.088 0 0 0
-1.888 -0.138 -1.688 0 0 0
-0.963 -0.763 -0.988 0 0 0
0.763 1.288 -1.012 0 0 0
-3.238 -0.013 -0.588 0 0 0
3.463 0.688 7.413 0 0 0
4.112 2.488 3.488 0 0 0
-1.688 -1.838 -1.012 0 0 0
-1.513 1.312 0.013 0 0 0
0.363 -0.788 -1.038 0 0 0
-2.488 0.138 0.113 0 0 0
-17.387 1.638 14.463 0 0 0
-1.663 1.663 0.013 0 0 0
-0.188 -0.188 -0.163 0 0 0
-16.387 1.588 14.113 0 0 0
-1.812 -1.338 0.013 0 0 0
-1.763 -0.363 -3.963 0 0 0
-6.488 5.288 6.988 0 0 0
-12.363 9.812 1.963 0 0 0
3.938 -3.312 1.312 0 0 0
4.263 5.988 5.812 0 0 0
-3.562 -1.788 -0.838 0 0 0
-2.312 -0.138 -1.688 0 0 0
-1.388 -0.763 -0.988 0 0 0
0.588 -0.638 -0.788 0 0 0
0.613 -0.213 -0.263 0 0 0
-0.338 -0.413 -0.438 0 0 0
-4.338 -7.438 3.488 0 0 0
-0.188 0.562 -0.163 0 0 0
-3.413 1.137 0.463 0 0 0
-2.738 0.488 -0.263 0 0 0
-14.812 6.138 7.913 0 0 0
-24.863 5.138 5.913 0 0 0
0.388 0.688 -0.263 0 0 0
0.838 0.963 0.013 0 0 0
-1.738 -0.138 -1.638 0 0 0
-9.463 5.838 7.638 0 0 0
0.688 1.312 0.013 0 0 0
1.012 -0.588 -0.238 0 0 0
-1.588 -0.238 -2.538 0 0 0
4.013 5.062 6.312 0 0 0
-1.263 -7.562 5.163 0 0 0
0.938 -0.488 0.013 0 0 0
-3.238 3.363 -0.038 0 0 0
-0.438 0.088 0.838 0 0 0
3.438 7.163 6.938 0 0 0
-0.788 11.163 9.062 0 0 0
-7.988 -9.188 0.013 0 0 0
0.238 0.613 0.388 0 0 0
-1.938 -0.163 -1.788 0 0 0
4.163 4.863 5.963 0 0 0
-2.212 -0.888 0.013 0 0 0
-4.838 -7.288 4.888 0 0 0
4.213 4.638 5.438 0 0 0
-0.213 -0.238 -0.163 0 0 0
0.838 1.713 0.013 0 0 0
-2.163 -0.138 -1.638 0 0 0
-0.312 -0.138 -1.438 0 0 0
-0.288 -0.138 0.088 0 0 0
3.338 0.812 8.713 0 0 0
3.913 -1.788 1.213 0 0 0
-0.788 -0.788 -1.088 0 0 0
4.312 4.213 5.463 0 0 0
-2.312 -0.038 0.013 0 0 0
4.237 5.113 7.113 0 0 0
-3.338 0.763 0.338 0 0 0
-2.738 2.562 0.013 0 0 0
3.838 -2.312 0.038 0 0 0
3.713 -5.238 3.113 0 0 0
-10.863 -9.113 0.013 0 0 0
0.513 0.863 0.013 0 0 0
3.213 -3.463 1.012 0 0 0
-5.263 -7.288 4.888 0 0 0
-0.738 -0.138 -1.438 0 0 0
0.413 1.713 0.013 0 0 0
-3.338 0.638 0.488 0 0 0
-1.213 -0.788 -1.088 0 0 0
-1.888 -0.763 -1.113 0 0 0
-3.338 3.113 -0.038 0 0 0
-2.163 -9.388 0.013 0 0 0
-1.963 0.113 0.812 0 0 0
-25.463 -0.663 7.688 0 0 0
3.613 0.513 5.538 0 0 0
-10.088 6.588 7.888 0 0 0
-0.588 -0.213 -2.337 0 0 0
-26.288 1.213 8.938 0 0 0
1.213 9.788 3.013 0 0 0
-13.663 -9.562 0.013 0 0 0
-0.913 -0.763 -1.088 0 0 0
-2.488 4.413 -0.763 0 0 0
-2.312 -0.238 -2.663 0 0 0
-3.238 -1.863 -1.038 0 0 0
0.913 -0.138 -1.388 0 0 0
-0.562 -0.312 -0.263 0 0 0
-2.013 0.038 0.163 0 0 0
-3.463 -0.788 -0.038 0 0 0
0.913 0.788 0.288 0 0 0
4.062 3.413 4.938 0 0 0
0.738 0.888 0.413 0 0 0
-3.388 0.163 1.163 0 0 0
0.263 -0.388 0.013 0 0 0
-4.163 16.113 7.263 0 0 0
-2.238 0.062 0.312 0 0 0
-3.113 4.588 0.488 0 0 0
-0.312 -0.188 0.088 0 0 0
-1.838 -1.688 -1.088 0 0 0
0.062 -0.263 0.038 0 0 0
-2.812 7.188 8.088 0 0 0
-2.738 -0.238 -2.663 0 0 0
0.913 0.663 0.438 0 0 0
-1.613 1.513 -1.088 0 0 0
-0.013 0.463 0.263 0 0 0
-1.588 0.088 0.713 0 0 0
0.188 0.163 0.013 0 0 0
0.638 -1.062 -0.988 0 0 0
0.888 0.688 0.338 0 0 0
-2.038 -0.812 -0.988 0 0 0
0.062 0.038 0.288 0 0 0
3.963 2.337 3.388 0 0 0
-9.562 -7.312 4.312 0 0 0
0.413 1.288 -0.863 0 0 0
0.413 0.463 0.438 0 0 0
3.913 -3.312 1.613 0 0 0
-14.088 -8.812 0.013 0 0 0
0.062 -0.537 0.013 0 0 0
0.062 0.488 0.038 0 0 0
-3.288 0.763 0.013 0 0 0
3.763 -1.963 0.963 0 0 0
-4.788 -0.763 8.513 0 0 0
-3.463 0.363 3.188 0 0 0
0.013 -7.638 3.738 0 0 0
0.263 0.812 -0.238 0 0 0
3.763 -4.388 2.638 0 0 0
0.413 -7.838 5.438 0 0 0
3.613 -0.013 0.188 0 0 0
-3.363 -0.588 0.138 0 0 0
-2.463 -0.812 -0.988 0 0 0
0.688 2.263 -0.713 0 0 0
3.913 -2.613 0.463 0 0 0
-3.338 0.713 0.513 0 0 0
4.112 2.463 3.288 0 0 0
3.013 -7.688 4.513 0 0 0
-3.288 -0.388 0.138 0 0 0
0.338 -0.312 -0.363 0 0 0
3.888 -3.562 1.213 0 0 0
-2.163 0.113 -1.213 0 0 0
0.163 -0.812 -0.988 0 0 0
-6.963 1.062 9.863 0 0 0
-0.812 2.087 -1.038 0 0 0
-14.638 6.913 8.363 0 0 0
0.788 -0.238 -2.238 0 0 0
-3.488 0.613 0.013 0 0 0
0.388 -0.963 -0.988 0 0 0
3.863 -2.263 -0.438 0 0 0
-7.312 5.688 7.913 0 0 0
4.163 3.163 4.088 0 0 0
-2.163 5.938 7.763 0 0 0
-1.838 -1.613 -1.062 0 0 0
-4.638 -0.763 8.562 0 0 0
-0.263 -0.812 -0.988 0 0 0
3.338 0.763 8.287 0 0 0
-17.137 1.137 9.388 0 0 0
-3.338 1.763 0.763 0 0 0
-0.038 0.537 0.288 0 0 0
3.888 -2.688 0.463 0 0 0
4.237 5.838 8.188 0 0 0
-3.363 2.238 0.413 0 0 0
-14.688 5.513 6.838 0 0 0
0.338 0.038 0.438 0 0 0
0.013 7.088 6.863 0 0 0
-2.388 0.062 0.463 0 0 0
0.113 -0.263 -0.062 0 0 0
-0.312 -0.163 -1.638 0 0 0
-14.138 12.863 8.537 0 0 0
-10.113 7.263 7.038 0 0 0
-3.388 0.088 0.413 0 0 0
-18.688 5.088 7.438 0 0 0
3.988 3.013 4.338 0 0 0
-0.088 0.613 0.038 0 0 0
3.888 -0.013 0.338 0 0 0
-1.438 7.588 6.263 0 0 0
-2.688 0.188 0.188 0 0 0
-0.838 -0.738 -1.012 0 0 0
-1.038 5.938 7.838 0 0 0
-1.588 -2.062 -0.913 0 0 0
-2.488 -1.012 -1.088 0 0 0
-0.438 0.113 1.188 0 0 0
-6.363 -17.463 0.013 0 0 0
4.237 3.562 3.963 0 0 0
-3.663 -2.463 -0.238 0 0 0
-1.812 0.038 0.113 0 0 0
-3.363 3.113 -0.338 0 0 0
-0.562 -7.738 5.312 0 0 0
-13.288 5.913 8.062 0 0 0
-1.312 2.562 0.013 0 0 0
0.913 0.463 -0.163 0 0 0
0.888 0.488 -0.263 0 0 0
-2.062 -7.488 5.088 0 0 0
-15.138 8.662 7.588 0 0 0
4.338 -10.238 0.013 0 0 0
-9.438 -9.113 0.013 0 0 0
-2.013 0.013 -0.038 0 0 0
-2.863 1.888 -0.312 0 0 0
-2.013 0.013 -0.013 0 0 0
-1.738 3.163 0.013 0 0 0
4.138 -4.588 0.013 0 0 0
0.938 0.288 0.363 0 0 0
-1.938 7.138 6.913 0 0 0
-2.238 0.038 0.113 0 0 0
0.988 -0.288 -2.838 0 0 0
-2.663 0.738 -0.438 0 0 0
-19.012 5.312 4.487 0 0 0
3.988 4.562 6.163 0 0 0
-9.613 -10.312 0.013 0 0 0
-12.463 -15.963 0.013 0 0 0
-3.263 0.088 -0.312 0 0 0
-9.963 6.288 8.213 0 0 0
-1.413 1.562 0.013 0 0 0
4.213 -7.588 0.013 0 0 0
-6.988 -15.013 0.013 0 0 0
-1.888 -0.213 -2.312 0 0 0
-2.812 -1.113 -1.088 0 0 0
-2.588 7.888 7.663 0 0 0
0.913 0.638 0.238 0 0 0
0.388 0.613 -0.288 0 0 0
0.812 -1.738 -1.188 0 0 0
1.012 -0.663 -0.263 0 0 0
-0.138 0.588 -0.062 0 0 0
-1.088 -0.238 -2.413 0 0 0
0.888 -0.788 0.013 0 0 0
0.588 7.988 6.913 0 0 0
0.938 -0.163 -1.413 0 0 0
0.913 0.513 0.388 0 0 0
3.688 5.888 2.038 0 0 0
0.938 -0.738 -1.012 0 0 0
-3.288 0.738 -0.188 0 0 0
-1.213 3.038 -0.988 0 0 0
4.237 -3.938 0.013 0 0 0
0.863 0.413 -0.263 0 0 0
4.163 3.588 4.913 0 0 0
-1.738 1.463 0.013 0 0 0
-1.638 3.213 0.013 0 0 0
4.088 5.588 5.038 0 0 0
2.738 9.963 3.188 0 0 0
-3.163 0.163 0.088 0 0 0
-2.812 -1.513 -0.963 0 0 0
-3.263 -0.163 -0.188 0 0 0
4.237 5.288 6.188 0 0 0
-2.013 7.688 6.312 0 0 0
3.788 -1.888 -0.363 0 0 0
-0.463 0.788 0.713 0 0 0
-15.838 -9.513 0.013 0 0 0
-2.413 -0.738 -1.062 0 0 0
-1.438 1.488 0.013 0 0 0
0.913 -0.088 -0.888 0 0 0
-16.038 -10.413 0.013 0 0 0
-15.213 1.613 14.562 0 0 0
-6.238 5.363 6.863 0 0 0
0.888 0.562 -0.238 0 0 0
0.938 6.988 7.838 0 0 0
-0.013 -0.238 0.088 0 0 0
3.988 3.513 3.863 0 0 0
-0.488 0.238 0.338 0 0 0
-3.263 -0.288 -0.013 0 0 0
-2.163 1.463 0.013 0 0 0
2.488 5.812 8.162 0 0 0
0.788 2.312 0.013 0 0 0
0.363 1.562 0.013 0 0 0
0.938 0.363 0.388 0 0 0
0.413 11.013 1.538 0 0 0
0.888 0.863 0.013 0 0 0
0.163 0.537 0.238 0 0 0
3.838 1.713 0.013 0 0 0
-2.438 -1.863 -1.038 0 0 0
-1.938 1.312 0.013 0 0 0
-3.663 2.738 -0.188 0 0 0
0.013 -1.638 -1.062 0 0 0
0.488 -0.088 -0.888 0 0 0
0.062 -0.213 -0.138 0 0 0
2.288 -7.562 4.438 0 0 0
-10.438 15.988 7.188 0 0 0
0.463 -0.463 -0.263 0 0 0
3.263 0.888 9.488 0 0 0
-7.588 12.763 7.488 0 0 0
0.888 0.738 0.163 0 0 0
3.913 2.988 1.188 0 0 0
-4.562 16.863 7.238 0 0 0
-7.663 7.312 7.088 0 0 0
0.188 -1.863 -1.038 0 0 0
0.363 2.312 0.013 0 0 0
-16.762 7.888 7.963 0 0 0
-12.738 1.062 9.162 0 0 0
0.463 0.863 0.013 0 0 0
-2.363 1.312 0.013 0 0 0
-2.863 -2.413 -0.913 0 0 0
0.062 0.537 -0.138 0 0 0
-4.612 9.938 2.613 0 0 0
-7.288 5.663 7.888 0 0 0
-3.288 0.812 -0.163 0 0 0
-10.863 15.988 7.188 0 0 0
-2.038 -0.888 -1.012 0 0 0
0.438 -0.263 -0.238 0 0 0
-2.113 7.163 6.963 0 0 0
-2.062 1.488 0.013 0 0 0
0.588 -1.213 -0.988 0 0 0
-12.688 15.788 6.088 0 0 0
0.713 -0.062 -0.488 0 0 0
-0.638 -0.738 -1.062 0 0 0
-0.663 -0.138 -1.562 0 0 0
-3.988 12.812 8.662 0 0 0
0.663 -1.012 -0.988 0 0 0
-3.288 -0.338 -0.013 0 0 0
4.088 5.413 6.713 0 0 0
-3.312 0.537 -0.288 0 0 0
-2.288 -0.963 0.013 0 0 0
0.863 5.013 4.663 0 0 0
-0.388 1.463 0.013 0 0 0
4.038 4.463 6.213 0 0 0
0.038 0.613 0.388 0 0 0
-1.263 -0.213 -2.363 0 0 0
-2.488 1.488 0.013 0 0 0
-1.062 -0.738 -1.062 0 0 0
-2.763 5.913 7.988 0 0 0
4.188 4.062 4.538 0 0 0
-5.638 -10.163 0.013 0 0 0
0.488 1.288 -0.738 0 0 0
0.288 -0.788 -1.012 0 0 0
0.363 0.038 0.413 0 0 0
4.163 3.213 3.913 0 0 0
3.613 -0.288 3.788 0 0 0
0.413 -0.062 -0.613 0 0 0
-10.113 5.863 8.013 0 0 0
-10.562 1.788 16.738 0 0 0
0.238 -0.113 0.013 0 0 0
0.238 3.238 0.013 0 0 0
-3.312 0.713 0.113 0 0 0
-1.137 -1.213 -1.088 0 0 0
-2.312 -0.188 -0.088 0 0 0
4.112 3.763 4.688 0 0 0
0.138 1.513 0.013 0 0 0
-2.913 1.488 0.013 0 0 0
-2.488 2.238 0.013 0 0 0
0.213 1.688 0.013 0 0 0
0.537 -0.213 -0.238 0 0 0
-5.413 7.863 7.713 0 0 0
-11.113 -10.363 0.013 0 0 0
-4.663 -7.513 4.312 0 0 0
0.812 1.913 -0.213 0 0 0
-3.363 0.388 0.363 0 0 0
-3.338 3.138 0.863 0 0 0
0.338 -0.213 0.013 0 0 0
-3.188 1.713 -1.137 0 0 0
0.788 0.088 0.963 0 0 0
-0.062 0.038 0.413 0 0 0
-3.688 2.688 -0.788 0 0 0
-3.088 1.038 0.537 0 0 0
-1.763 1.838 -1.088 0 0 0
-2.062 11.388 7.488 0 0 0
-9.438 -0.788 9.338 0 0 0
-1.812 -0.138 -1.613 0 0 0
0.938 0.438 -0.188 0 0 0
-15.238 1.613 14.588 0 0 0
0.113 0.812 -0.213 0 0 0
-1.163 -0.988 -1.062 0 0 0
-6.788 -2.463 -0.163 0 0 0
-12.238 7.113 6.913 0 0 0
0.338 0.537 0.013 0 0 0
-0.488 0.038 0.413 0 0 0
-2.188 1.838 -1.088 0 0 0
-2.838 -0.613 -0.488 0 0 0
-0.013 0.588 -0.488 0 0 0
-0.038 0.588 -0.488 0 0 0
-5.788 6.088 7.963 0 0 0
-1.812 -0.838 -1.062 0 0 0
-2.212 -0.738 -1.113 0 0 0
-3.438 0.488 0.013 0 0 0
4.288 5.638 6.138 0 0 0
-3.088 -2.038 -0.888 0 0 0
-3.363 14.738 6.562 0 0 0
-9.938 6.263 8.188 0 0 0
0.463 -0.788 9.312 0 0 0
-1.588 -0.988 -1.062 0 0 0
-3.263 -0.038 -0.888 0 0 0
0.638 -1.213 -1.088 0 0 0
0.812 -1.863 -1.088 0 0 0
-0.113 0.562 -0.088 0 0 0
-2.863 0.038 -0.363 0 0 0
4.213 3.062 4.088 0 0 0
3.988 3.238 4.562 0 0 0
-11.088 -7.263 5.438 0 0 0
-3.213 3.438 0.388 0 0 0
-3.438 1.238 0.013 0 0 0
-0.312 1.438 0.013 0 0 0
-3.263 -0.312 -0.238 0 0 0
-2.013 -0.988 -1.062 0 0 0
-7.163 13.188 7.713 0 0 0
-5.013 6.812 7.763 0 0 0
0.663 -0.463 -0.312 0 0 0
4.213 3.513 3.838 0 0 0
-3.463 -0.312 0.013 0 0 0
-0.413 -0.338 -0.388 0 0 0
-3.238 0.988 0.138 0 0 0
-12.263 -8.912 0.013 0 0 0
-9.188 1.738 16.438 0 0 0
0.463 -0.338 -0.288 0 0 0
4.088 -0.312 -2.613 0 0 0
-0.812 1.238 0.013 0 0 0
-3.438 0.088 0.138 0 0 0
-3.263 -0.438 -0.088 0 0 0
4.013 5.038 6.788 0 0 0
-2.463 0.113 0.088 0 0 0
-3.888 1.713 -0.263 0 0 0
-8.188 16.913 7.263 0 0 0
-3.438 1.988 0.013 0 0 0
0.438 1.438 -0.963 0 0 0
-14.263 13.388 7.113 0 0 0
-3.338 -0.062 -1.012 0 0 0
3.663 9.763 3.188 0 0 0
-4.463 10.413 1.513 0 0 0
-2.113 6.438 7.913 0 0 0
0.788 0.863 -0.163 0 0 0
-1.738 -1.312 -1.038 0 0 0
-2.163 7.913 5.738 0 0 0
-7.263 -7.163 4.088 0 0 0
-1.238 1.238 0.013 0 0 0
3.888 -3.838 1.263 0 0 0
-1.663 0.088 0.738 0 0 0
-2.337 -1.088 -1.062 0 0 0
0.413 6.988 7.663 0 0 0
0.838 0.088 0.863 0 0 0
-3.688 1.338 0.013 0 0 0
-1.888 0.113 0.888 0 0 0
2.763 1.062 11.088 0 0 0
-0.638 -9.162 0.013 0 0 0
3.863 3.312 4.713 0 0 0
-3.163 0.213 -0.088 0 0 0
-2.238 -0.238 -2.588 0 0 0
2.363 -7.812 3.888 0 0 0
0.988 -0.138 -1.312 0 0 0
-0.088 0.038 0.438 0 0 0
-3.363 -0.688 -0.088 0 0 0
-1.513 2.638 -1.038 0 0 0
-13.913 5.838 8.037 0 0 0
-2.763 -1.088 -1.062 0 0 0
1.137 -0.238 -2.212 0 0 0
-2.613 6.988 7.913 0 0 0
3.463 0.562 6.238 0 0 0
-11.213 16.163 6.238 0 0 0
2.613 -7.538 4.413 0 0 0
-3.338 1.488 0.812 0 0 0
-18.963 9.188 1.288 0 0 0
-1.738 -1.713 -0.913 0 0 0
-2.312 0.113 0.888 0 0 0
-2.238 0.113 -1.188 0 0 0
-25.663 6.738 8.263 0 0 0
0.038 7.963 6.888 0 0 0
3.812 -3.138 0.513 0 0 0
0.163 0.588 0.062 0 0 0
-5.562 14.013 7.513 0 0 0
-6.663 -17.387 0.013 0 0 0
0.562 -0.138 -1.312 0 0 0
0.062 -0.788 -1.062 0 0 0
-10.188 -8.863 0.013 0 0 0
-0.963 -9.263 0.013 0 0 0
0.038 -0.263 -0.188 0 0 0
3.938 4.713 5.138 0 0 0
-0.062 -0.288 -0.013 0 0 0
-0.062 -0.288 -0.038 0 0 0
-2.663 -0.763 -1.038 0 0 0
-1.263 1.188 0.013 0 0 0
-7.838 7.062 8.438 0 0 0
-9.688 -11.138 0.013 0 0 0
-2.663 0.113 -1.188 0 0 0
-2.913 5.963 7.763 0 0 0
-19.163 5.663 4.487 0 0 0
-2.888 -2.163 -0.188 0 0 0
-2.212 -0.312 -0.288 0 0 0
1.688 -0.738 8.863 0 0 0
0.138 -0.138 -1.312 0 0 0
4.288 -7.413 0.013 0 0 0
0.938 -0.463 -0.238 0 0 0
-2.363 2.638 -1.038 0 0 0
0.537 -0.363 -0.288 0 0 0
-1.688 1.188 0.013 0 0 0
-2.538 -1.488 -0.938 0 0 0
0.062 0.013 0.088 0 0 0
-3.288 0.288 0.062 0 0 0
0.388 6.963 7.812 0 0 0
-3.388 0.263 0.213 0 0 0
-9.688 -10.388 0.013 0 0 0
-1.163 -9.412 0.013 0 0 0
-3.663 1.763 -0.988 0 0 0
-0.088 -0.238 -0.188 0 0 0
-1.463 1.188 0.013 0 0 0
-3.413 2.062 0.213 0 0 0
-3.088 0.163 -0.013 0 0 0
4.112 3.013 3.363 0 0 0
-1.812 -9.263 0.013 0 0 0
-2.963 -1.488 -0.938 0 0 0
0.638 -0.038 -0.263 0 0 0
0.812 -0.688 -0.263 0 0 0
0.788 -0.088 -0.763 0 0 0
0.888 0.838 0.537 0 0 0
-2.613 0.138 0.988 0 0 0
-6.913 8.113 5.938 0 0 0
-1.888 1.188 0.013 0 0 0
-10.938 1.088 9.763 0 0 0
-4.737 -17.713 0.013 0 0 0
-1.288 -1.688 -1.113 0 0 0
4.112 6.088 8.138 0 0 0
-1.913 -0.363 0.013 0 0 0
-0.763 1.838 -1.088 0 0 0
-4.763 -9.363 0.013 0 0 0
0.062 0.062 0.638 0 0 0
-3.388 -1.488 -0.938 0 0 0
-2.312 -0.138 -0.263 0 0 0
-2.038 0.138 1.038 0 0 0
-1.888 0.038 0.138 0 0 0
0.562 1.263 -1.012 0 0 0
-5.463 15.988 7.188 0 0 0
-2.188 -0.763 -1.137 0 0 0
-1.288 -1.812 -0.963 0 0 0
-2.312 1.188 0.013 0 0 0
-2.113 0.062 0.288 0 0 0
-3.488 4.638 -1.338 0 0 0
0.863 1.288 -1.012 0 0 0
4.362 5.263 5.812 0 0 0
3.863 -9.113 0.013 0 0 0
-5.188 -9.363 0.013 0 0 0
-2.988 0.062 -0.638 0 0 0
-2.763 -0.138 -1.788 0 0 0
0.537 -0.913 -1.012 0 0 0
3.538 -2.113 0.138 0 0 0
-8.037 5.913 7.963 0 0 0
-25.338 5.513 7.713 0 0 0
4.013 2.613 3.788 0 0 0
0.388 1.388 0.013 0 0 0
-9.913 -7.188 1.838 0 0 0
0.613 1.238 0.013 0 0 0
1.163 -7.638 5.288 0 0 0
-1.888 0.088 0.688 0 0 0
-5.488 -11.263 0.013 0 0 0
-1.738 0.038 0.188 0 0 0
-2.062 -7.688 5.163 0 0 0
0.488 0.388 -0.238 0 0 0
-8.213 -2.363 0.013 0 0 0
-7.038 -7.613 3.788 0 0 0
-6.013 1.788 17.338 0 0 0
3.938 2.913 4.163 0 0 0
3.988 2.663 3.638 0 0 0
0.088 -0.513 0.013 0 0 0
0.763 -1.438 -0.213 0 0 0
-11.438 -7.312 1.413 0 0 0
0.363 -0.312 -0.238 0 0 0
0.363 0.713 -0.213 0 0 0
-11.013 -7.138 1.812 0 0 0
-11.163 -9.037 0.013 0 0 0
3.963 -2.888 1.738 0 0 0
0.913 -1.062 -0.963 0 0 0
0.788 0.888 0.188 0 0 0
0.913 0.438 0.312 0 0 0
-1.613 -0.213 -2.488 0 0 0
0.163 -0.312 0.013 0 0 0
3.763 -2.062 0.688 0 0 0
-10.938 -9.188 0.013 0 0 0
-19.838 -6.438 0.013 0 0 0
-3.438 -0.738 0.113 0 0 0
-4.988 5.812 8.263 0 0 0
-2.363 0.013 0.038 0 0 0
-8.013 -9.888 0.013 0 0 0
3.562 -5.738 4.913 0 0 0
-2.738 -0.113 -1.388 0 0 0
3.938 -4.138 1.988 0 0 0
-1.913 -0.213 -2.538 0 0 0
-2.212 7.938 7.738 0 0 0
-2.238 0.013 -0.088 0 0 0
-1.638 -1.413 -1.088 0 0 0
-0.888 -0.312 -3.338 0 0 0
-2.562 4.388 -0.363 0 0 0
0.113 0.062 0.537 0 0 0
-7.738 1.788 17.238 0 0 0
-1.113 -1.088 -1.062 0 0 0
3.888 -4.188 2.488 0 0 0
0.638 2.238 -0.713 0 0 0
-1.713 -1.738 -0.938 0 0 0
-1.838 2.062 -1.062 0 0 0
-3.338 0.488 0.388 0 0 0
-4.038 2.688 -0.913 0 0 0
-2.863 -6.413 0.013 0 0 0
3.913 -2.788 1.488 0 0 0
-0.238 -1.213 0.013 0 0 0
-0.213 1.688 0.013 0 0 0
-0.288 -0.738 -1.038 0 0 0
3.488 -4.988 1.363 0 0 0
-1.663 -0.013 -0.438 0 0 0
0.838 -0.038 -0.312 0 0 0
0.688 0.938 0.438 0 0 0
-3.363 0.238 0.263 0 0 0
-8.888 1.738 16.562 0 0 0
0.888 0.812 0.338 0 0 0
-0.713 -0.738 -1.038 0 0 0
0.163 -0.238 0.038 0 0 0
-3.338 0.088 0.513 0 0 0
-2.763 -0.738 -0.988 0 0 0
0.763 -0.013 0.088 0 0 0
3.838 -2.988 0.213 0 0 0
-0.263 -0.113 -0.113 0 0 0
3.863 -2.663 2.388 0 0 0
-1.538 0.088 -1.312 0 0 0
-3.288 -2.312 0.013 0 0 0
-3.588 1.588 0.013 0 0 0
-1.062 1.688 0.013 0 0 0
-1.137 -0.738 -1.038 0 0 0
-3.188 -0.738 -0.988 0 0 0
0.088 -0.888 -0.988 0 0 0
0.013 5.888 7.863 0 0 0
-3.513 1.788 0.013 0 0 0
4.237 3.163 3.438 0 0 0
0.312 1.438 -0.838 0 0 0
-3.062 -0.213 -2.663 0 0 0
-6.562 -11.338 0.013 0 0 0
-0.263 0.638 -0.113 0 0 0
-1.963 -0.763 9.088 0 0 0
-2.438 0.062 0.463 0 0 0
-1.038 -0.838 -1.038 0 0 0
3.812 -1.888 0.763 0 0 0
3.312 0.738 7.788 0 0 0
-0.838 -1.838 -0.988 0 0 0
-0.613 0.113 1.038 0 0 0
3.663 -0.288 3.688 0 0 0
3.963 -2.963 0.988 0 0 0
-7.463 16.188 6.938 0 0 0
-0.338 -0.888 -0.988 0 0 0
1.062 -0.163 -1.438 0 0 0
0.888 0.438 0.613 0 0 0
-3.388 1.638 0.312 0 0 0
-1.463 -0.838 -1.038 0 0 0
3.588 -0.163 -1.213 0 0 0
-3.363 -1.188 -0.988 0 0 0
-8.938 16.887 7.238 0 0 0
3.938 -3.188 1.263 0 0 0
0.838 -0.138 -1.288 0 0 0
-1.012 -0.138 -1.488 0 0 0
-2.488 0.138 0.213 0 0 0
-4.487 13.588 8.838 0 0 0
-6.788 -9.688 0.013 0 0 0
-13.988 5.588 7.638 0 0 0
-3.413 0.963 0.163 0 0 0
-0.763 -0.888 -0.988 0 0 0
-0.838 5.888 7.863 0 0 0
-2.062 -0.213 -2.463 0 0 0
4.263 -5.263 0.013 0 0 0
-3.888 1.713 -0.863 0 0 0
-10.038 5.863 8.088 0 0 0
-3.288 -0.062 0.688 0 0 0
3.913 -4.562 2.188 0 0 0
3.913 -2.713 0.913 0 0 0
-13.013 14.062 7.463 0 0 0
3.963 -2.337 1.137 0 0 0
-6.588 -11.388 0.013 0 0 0
0.913 0.413 0.113 0 0 0
-1.688 -0.062 -0.888 0 0 0
3.938 -0.188 -1.413 0 0 0
-0.363 0.238 0.312 0 0 0
3.562 -6.638 4.863 0 0 0
3.213 6.038 7.913 0 0 0
-11.338 -7.338 4.188 0 0 0
-3.312 0.688 -0.088 0 0 0
-0.763 -1.438 -1.113 0 0 0
-0.738 -0.188 -1.888 0 0 0
4.237 -6.062 0.013 0 0 0
-10.513 5.788 7.438 0 0 0
4.188 4.163 3.588 0 0 0
-3.613 7.463 7.763 0 0 0
3.838 2.038 0.013 0 0 0
4.163 -5.513 0.013 0 0 0
0.038 0.588 -0.413 0 0 0
-10.238 -9.238 0.013 0 0 0
-1.713 1.638 0.013 0 0 0
3.613 6.988 8.213 0 0 0
0.338 0.513 0.488 0 0 0
-3.388 0.113 0.713 0 0 0
-1.913 -0.888 -1.038 0 0 0
-0.963 -1.263 -0.463 0 0 0
-2.163 -0.663 0.013 0 0 0
-3.338 0.338 0.338 0 0 0
-2.038 -0.138 -1.663 0 0 0
-4.263 -10.538 0.013 0 0 0
0.562 -0.238 -0.263 0 0 0
3.463 0.588 6.538 0 0 0
-7.488 -7.438 1.938 0 0 0
-1.613 -1.438 -1.113 0 0 0
-1.888 -0.763 -1.012 0 0 0
-3.338 3.113 0.062 0 0 0
0.713 0.738 0.013 0 0 0
3.513 1.938 0.013 0 0 0
-8.513 20.038 2.688 0 0 0
-2.638 -2.087 -0.913 0 0 0
-3.363 3.138 -0.038 0 0 0
0.537 0.062 -0.788 0 0 0
0.562 0.113 1.137 0 0 0
0.788 0.938 0.013 0 0 0
0.913 0.488 0.138 0 0 0
-2.463 -0.138 -1.663 0 0 0
-2.438 -0.138 -0.138 0 0 0
-4.688 -10.538 0.013 0 0 0
-2.363 -0.812 0.013 0 0 0
0.913 -0.138 -1.288 0 0 0
-1.812 11.363 7.463 0 0 0
-2.363 2.538 0.013 0 0 0
-6.938 1.763 17.012 0 0 0
-12.763 12.638 7.388 0 0 0
-2.312 -0.763 -1.012 0 0 0
0.288 0.738 0.013 0 0 0
-7.562 -7.213 5.562 0 0 0
-1.062 5.713 8.013 0 0 0
-3.963 -1.038 -1.088 0 0 0
0.713 0.913 0.413 0 0 0
-2.562 4.438 0.138 0 0 0
0.688 3.288 0.013 0 0 0
-1.312 -1.363 -0.963 0 0 0
0.938 0.763 0.413 0 0 0
3.963 -2.663 1.963 0 0 0
-14.088 7.413 7.312 0 0 0
-0.613 -0.988 -1.088 0 0 0
0.913 0.663 0.537 0 0 0
0.888 0.688 0.438 0 0 0
0.263 0.513 0.288 0 0 0
3.562 6.363 7.838 0 0 0
-0.138 -0.888 -1.038 0 0 0
-3.338 3.163 0.613 0 0 0
4.088 2.913 3.638 0 0 0
-5.812 7.988 6.938 0 0 0
-2.738 -0.763 -1.012 0 0 0
-1.812 0.113 0.963 0 0 0
-0.388 -0.588 6.788 0 0 0
-7.038 16.038 6.888 0 0 0
-0.588 -0.163 -1.688 0 0 0
-2.663 0.062 0.413 0 0 0
-5.288 14.163 7.588 0 0 0
0.088 0.463 0.238 0 0 0
-0.238 -0.138 -0.138 0 0 0
0.913 0.537 0.688 0 0 0
0.188 0.038 0.263 0 0 0
0.638 1.137 -0.763 0 0 0
-1.938 -0.788 -1.113 0 0 0
-1.038 -0.988 -1.088 0 0 0
0.263 0.812 -0.138 0 0 0
-17.262 6.062 8.338 0 0 0
0.388 1.638 -0.888 0 0 0
-2.688 -0.188 0.013 0 0 0
-3.338 0.713 0.613 0 0 0
-7.363 9.812 2.363 0 0 0
-2.188 -0.288 -0.488 0 0 0
-3.738 2.788 -0.938 0 0 0
-9.513 5.863 7.663 0 0 0
-2.363 -0.788 -1.113 0 0 0
0.288 -1.137 -0.988 0 0 0
3.863 -4.513 2.337 0 0 0
-3.138 -0.038 -0.913 0 0 0
-0.588 0.113 1.012 0 0 0
0.363 -0.938 -0.988 0 0 0
-22.413 -5.713 1.562 0 0 0
-0.088 -0.312 -0.263 0 0 0
-1.963 -1.188 -1.088 0 0 0
-6.663 1.763 17.163 0 0 0
-7.538 12.113 7.238 0 0 0
4.062 3.788 5.312 0 0 0
-1.763 0.062 0.312 0 0 0
3.812 -1.888 -0.562 0 0 0
-8.412 6.312 8.263 0 0 0
-0.263 0.113 0.113 0 0 0
-0.138 -0.812 -1.012 0 0 0
-3.562 1.863 -1.038 0 0 0
-5.538 -10.888 0.013 0 0 0
-0.163 -0.312 0.138 0 0 0
0.488 -0.238 -2.263 0 0 0
-3.188 0.113 0.663 0 0 0
-2.188 0.062 0.312 0 0 0
-11.413 -10.288 0.013 0 0 0
3.513 -0.413 5.062 0 0 0
-0.562 -0.812 -1.012 0 0 0
0.338 -1.012 -0.988 0 0 0
-3.413 1.588 0.263 0 0 0
-3.238 -1.438 -0.113 0 0 0
3.888 4.362 6.088 0 0 0
-1.113 2.288 0.013 0 0 0
0.913 0.738 -0.013 0 0 0
3.963 3.038 4.338 0 0 0
-3.213 3.213 0.263 0 0 0
-0.363 8.062 7.463 0 0 0
-1.763 0.113 0.863 0 0 0
-3.413 2.038 0.013 0 0 0
3.938 -3.663 2.638 0 0 0
-6.513 1.738 16.812 0 0 0
-3.312 -1.913 -0.138 0 0 0
-16.788 5.938 8.388 0 0 0
4.138 3.388 3.963 0 0 0
-5.763 -9.238 0.013 0 0 0
-2.113 -0.238 -2.613 0 0 0
3.388 6.413 7.888 0 0 0
3.338 -4.938 1.338 0 0 0
-13.888 1.688 15.312 0 0 0
-1.963 0.088 0.713 0 0 0
-1.812 0.038 0.213 0 0 0
-3.312 -0.588 0.138 0 0 0
-3.312 0.438 0.163 0 0 0
-0.613 -0.163 -1.663 0 0 0
0.913 0.463 -0.062 0 0 0
-2.463 -0.163 -1.863 0 0 0
-1.012 0.088 -1.263 0 0 0
4.312 5.438 6.938 0 0 0
-0.312 0.113 1.163 0 0 0
-2.312 -1.663 -1.062 0 0 0
-12.263 -10.288 0.013 0 0 0
-2.613 9.938 2.763 0 0 0
-3.338 -0.238 0.013 0 0 0
0.388 0.738 -0.338 0 0 0
3.938 -2.513 1.238 0 0 0
-2.863 -0.588 -0.363 0 0 0
-0.663 0.413 0.537 0 0 0
-9.188 -11.338 0.013 0 0 0
0.688 -0.138 -1.338 0 0 0
0.588 -0.263 -0.288 0 0 0
-8.912 -10.238 0.013 0 0 0
-3.113 -0.388 0.013 0 0 0
0.713 1.913 0.238 0 0 0
-3.688 -10.688 0.013 0 0 0
-9.638 1.088 9.888 0 0 0
-5.163 -7.413 4.713 0 0 0
-14.388 5.938 8.138 0 0 0
-1.038 -0.163 -1.663 0 0 0
-25.613 8.287 7.113 0 0 0
-10.738 1.113 9.938 0 0 0
-12.588 1.113 9.738 0 0 0
-0.288 -1.012 -0.988 0 0 0
-0.613 1.513 0.013 0 0 0
-4.188 -10.888 0.013 0 0 0
-13.888 1.738 15.863 0 0 0
4.138 4.988 6.938 0 0 0
-1.113 -0.213 -2.413 0 0 0
-2.938 -0.788 -0.963 0 0 0
-1.738 0.088 -1.312 0 0 0
-0.888 -0.763 -1.012 0 0 0
0.913 0.513 0.488 0 0 0
0.388 -0.138 -1.463 0 0 0
4.213 -7.263 0.013 0 0 0
2.663 5.838 8.162 0 0 0
-2.613 -1.363 -0.938 0 0 0
-2.188 -0.613 -0.938 0 0 0
-7.138 -10.988 0.013 0 0 0
-1.213 -1.613 -1.012 0 0 0
-5.013 -0.763 8.562 0 0 0
0.113 0.562 0.062 0 0 0
2.863 -7.613 5.312 0 0 0
-2.212 -2.163 -0.938 0 0 0
-9.438 -11.238 0.013 0 0 0
-1.312 -0.763 -1.012 0 0 0
-3.338 0.113 0.812 0 0 0
3.213 -0.588 7.288 0 0 0
-0.488 0.812 0.713 0 0 0
-13.413 -0.738 7.312 0 0 0
-1.463 1.513 0.013 0 0 0
4.112 -4.913 0.013 0 0 0
-1.638 -1.613 -1.012 0 0 0
0.338 -0.463 -0.312 0 0 0
-3.263 -0.288 0.062 0 0 0
-2.663 10.613 1.513 0 0 0
0.938 0.363 0.488 0 0 0
4.112 3.388 4.513 0 0 0
-1.963 1.312 0.013 0 0 0
0.763 2.337 0.013 0 0 0
0.163 0.537 0.338 0 0 0
-1.338 -1.588 -1.012 0 0 0
-4.163 8.113 5.913 0 0 0
-14.388 5.388 7.413 0 0 0
-5.213 5.938 8.062 0 0 0
-0.588 5.863 7.888 0 0 0
0.963 0.613 0.013 0 0 0
-3.288 0.062 -0.062 0 0 0
-1.463 2.263 0.013 0 0 0
-0.613 0.088 -1.238 0 0 0
2.663 7.838 5.613 0 0 0
0.888 -0.763 -1.012 0 0 0
0.088 0.513 0.738 0 0 0
0.613 -0.088 -0.913 0 0 0
-0.238 -0.138 -1.463 0 0 0
0.663 1.338 0.013 0 0 0
-1.688 3.163 0.013 0 0 0
-3.312 1.388 -0.562 0 0 0
-2.138 13.663 8.863 0 0 0
4.213 5.213 5.812 0 0 0
3.888 -1.638 1.538 0 0 0
-1.963 -0.163 -1.788 0 0 0
-9.463 1.713 16.238 0 0 0
0.913 0.588 0.513 0 0 0
0.013 6.238 8.062 0 0 0
-1.562 1.263 0.013 0 0 0
4.288 7.188 2.713 0 0 0
0.888 0.613 0.413 0 0 0
-4.413 -10.938 0.013 0 0 0
-3.288 0.238 0.338 0 0 0
3.963 2.713 3.888 0 0 0
-11.163 1.012 8.963 0 0 0
-4.963 5.788 8.238 0 0 0
-2.688 -0.138 -0.163 0 0 0
-9.838 10.738 8.912 0 0 0
-2.513 14.062 9.488 0 0 0
-2.013 -0.013 -0.363 0 0 0
-3.288 -0.338 0.062 0 0 0
-15.688 1.738 15.562 0 0 0
0.838 -0.062 -0.513 0 0 0
2.363 10.913 1.513 0 0 0
-5.938 5.188 7.413 0 0 0
4.138 3.363 3.763 0 0 0
4.112 2.388 3.363 0 0 0
3.812 -6.863 2.212 0 0 0
-3.312 0.413 -0.038 0 0 0
-8.312 -0.763 8.188 0 0 0
-3.312 0.413 -0.013 0 0 0
-13.438 6.838 8.238 0 0 0
-2.838 1.088 -0.388 0 0 0
-2.713 0.638 -0.263 0 0 0
-9.013 5.838 8.062 0 0 0
-15.938 10.263 1.588 0 0 0
3.963 3.763 4.138 0 0 0
-2.988 -0.213 -2.588 0 0 0
-11.013 -16.338 0.013 0 0 0
0.413 -0.062 -0.513 0 0 0
-3.113 0.163 0.088 0 0 0
-2.238 -0.288 -0.238 0 0 0
0.963 -0.338 0.013 0 0 0
0.013 0.488 -0.138 0 0 0
2.438 -7.663 5.488 0 0 0
3.863 -2.913 0.038 0 0 0
2.763 10.863 1.513 0 0 0
-1.913 0.038 0.038 0 0 0
1.812 -7.588 4.438 0 0 0
-2.062 2.562 0.013 0 0 0
0.788 0.088 1.062 0 0 0
0.388 -0.288 -0.238 0 0 0
-13.538 -9.138 0.013 0 0 0
3.812 -2.363 0.812 0 0 0
-1.338 -0.763 -0.988 0 0 0
4.062 -0.338 -2.913 0 0 0
-0.513 0.812 0.738 0 0 0
-0.688 -0.763 -1.062 0 0 0
-2.212 0.113 -1.388 0 0 0
-1.363 -0.738 -1.088 0 0 0
-2.113 0.013 -0.113 0 0 0
-3.213 16.137 7.288 0 0 0
-2.613 1.263 0.013 0 0 0
1.713 5.788 8.037 0 0 0
-0.088 -1.713 -1.163 0 0 0
-12.288 5.763 7.913 0 0 0
-18.938 5.263 5.438 0 0 0
0.388 0.463 -0.238 0 0 0
0.312 0.562 0.013 0 0 0
0.738 1.312 0.013 0 0 0
0.963 0.288 0.163 0 0 0
0.588 5.838 7.988 0 0 0
0.363 -0.537 -0.363 0 0 0
-1.688 0.062 0.438 0 0 0
-0.013 0.588 -0.388 0 0 0
-1.788 -0.738 -1.088 0 0 0
-14.613 1.663 14.988 0 0 0
-2.488 -1.838 -1.012 0 0 0
-12.638 8.062 5.988 0 0 0
-2.488 -0.812 -0.988 0 0 0
0.537 0.413 0.013 0 0 0
0.113 -0.338 0.013 0 0 0
-0.838 -0.338 -3.638 0 0 0
-2.562 -6.638 0.013 0 0 0
-14.812 -7.838 0.888 0 0 0
3.763 -3.163 0.038 0 0 0
-12.188 5.913 7.938 0 0 0
0.938 0.613 0.312 0 0 0
0.088 1.463 0.013 0 0 0
-2.763 -17.438 0.013 0 0 0
0.663 1.263 -0.738 0 0 0
0.213 -0.438 0.013 0 0 0
0.312 1.312 0.013 0 0 0
0.363 1.238 -0.338 0 0 0
0.488 -0.238 -0.238 0 0 0
-0.113 -0.888 -0.113 0 0 0
-14.288 -9.263 0.013 0 0 0
-2.913 -0.812 -0.988 0 0 0
4.038 3.163 4.312 0 0 0
-2.238 -0.213 -0.213 0 0 0
0.938 0.488 0.463 0 0 0
-1.263 6.312 8.162 0 0 0
-1.812 1.812 -1.088 0 0 0
-1.888 0.062 0.438 0 0 0
-5.713 -17.538 0.013 0 0 0
-0.338 1.463 0.013 0 0 0
-4.112 -0.913 -0.562 0 0 0
-1.688 -0.088 -1.088 0 0 0
-0.113 1.312 0.013 0 0 0
-0.013 -0.138 -1.513 0 0 0
-3.263 3.488 -0.388 0 0 0
-2.463 0.113 0.188 0 0 0
0.013 -0.588 0.013 0 0 0
0.213 -0.888 -1.012 0 0 0
-2.238 1.812 -1.088 0 0 0
-2.312 0.062 0.438 0 0 0
3.863 -6.988 2.263 0 0 0
-7.088 7.163 8.537 0 0 0
-1.188 -0.888 -1.038 0 0 0
0.388 -0.088 -0.963 0 0 0
-0.537 1.312 0.013 0 0 0
-1.738 3.788 -1.062 0 0 0
-1.938 -2.212 -0.938 0 0 0
-3.013 13.663 8.888 0 0 0
-3.363 -1.438 0.013 0 0 0
-3.188 -0.113 -1.488 0 0 0
4.062 3.738 3.562 0 0 0
4.163 3.638 4.838 0 0 0
-1.888 0.113 0.988 0 0 0
-5.713 -7.263 5.688 0 0 0
-2.288 -0.263 -0.312 0 0 0
-0.263 -0.338 -0.238 0 0 0
-9.162 -10.562 0.013 0 0 0
-3.163 0.213 0.013 0 0 0
0.113 0.038 0.288 0 0 0
-3.238 -1.188 -1.012 0 0 0
-1.613 -0.888 -1.038 0 0 0
-6.438 -9.537 0.013 0 0 0
-2.013 -0.788 -1.088 0 0 0
0.988 -0.138 -1.213 0 0 0
-2.613 0.062 0.312 0 0 0
-6.238 -11.263 0.013 0 0 0
-7.588 6.113 -0.663 0 0 0
0.713 -0.938 -0.963 0 0 0
-0.312 7.562 7.988 0 0 0
0.613 -0.062 -0.562 0 0 0
-12.088 -9.113 0.013 0 0 0
-5.338 5.988 8.013 0 0 0
-0.863 1.213 0.013 0 0 0
-9.663 -10.738 0.013 0 0 0
3.963 -0.338 4.088 0 0 0
-0.238 -0.062 0.038 0 0 0
-3.938 0.988 9.638 0 0 0
0.088 5.863 7.738 0 0 0
0.562 -0.138 -1.213 0 0 0
0.138 0.613 0.062 0 0 0
-3.238 0.013 -0.588 0 0 0
-3.363 1.963 0.562 0 0 0
0.338 -0.537 -0.338 0 0 0
-1.938 -1.288 -0.537 0 0 0
-0.062 -0.288 0.062 0 0 0
-7.562 8.238 7.163 0 0 0
-1.188 -0.138 -1.638 0 0 0
-1.288 1.213 0.013 0 0 0
-1.913 0.013 -0.163 0 0 0
-2.488 -1.413 -0.188 0 0 0
0.138 0.488 0.213 0 0 0
3.788 5.788 0.138 0 0 0
0.062 -0.288 -0.062 0 0 0
-1.713 3.812 -0.663 0 0 0
-3.363 -1.413 -1.113 0 0 0
1.038 -0.438 -0.288 0 0 0
-6.838 -9.088 0.013 0 0 0
0.488 1.738 -0.938 0 0 0
-4.088 -1.713 0.537 0 0 0
-2.463 -1.588 -1.088 0 0 0
-2.488 -0.138 -1.738 0 0 0
0.062 0.013 0.188 0 0 0
-6.238 -9.613 0.013 0 0 0
4.237 2.988 3.863 0 0 0
-0.213 -0.812 -0.988 0 0 0
4.163 3.088 4.112 0 0 0
-0.163 0.613 -0.062 0 0 0
-0.163 0.038 0.338 0 0 0
-14.538 5.388 7.363 0 0 0
-3.088 0.163 0.062 0 0 0
3.863 -0.738 8.713 0 0 0
0.613 -0.438 -0.288 0 0 0
-2.212 0.013 -0.288 0 0 0
-8.787 5.888 8.138 0 0 0
-0.638 -0.812 -0.988 0 0 0
-0.613 0.088 0.788 0 0 0
-2.538 -0.288 -0.413 0 0 0
-0.663 -0.788 -1.088 0 0 0
3.562 -5.062 1.638 0 0 0
0.988 -0.238 -2.188 0 0 0
-3.588 6.338 7.888 0 0 0
-2.113 -0.163 -1.838 0 0 0
3.713 -5.638 2.688 0 0 0
-3.288 0.913 0.312 0 0 0
-11.538 6.238 8.312 0 0 0
0.263 1.363 -0.663 0 0 0
0.363 1.513 -1.038 0 0 0
4.088 2.312 3.238 0 0 0
0.338 -1.088 -1.062 0 0 0
0.062 0.062 0.738 0 0 0
-2.188 -0.238 -2.588 0 0 0
0.562 -0.638 -0.788 0 0 0
3.888 -2.838 1.788 0 0 0
-5.438 -0.763 8.562 0 0 0
-1.062 -0.812 -0.988 0 0 0
-16.663 7.312 8.838 0 0 0
-2.488 -0.038 -0.013 0 0 0
-2.488 -0.038 -0.038 0 0 0
-2.488 -0.013 -0.038 0 0 0
-3.312 0.338 -0.062 0 0 0
-4.163 -10.312 0.013 0 0 0
-2.113 1.663 0.013 0 0 0
-2.538 -0.163 -1.838 0 0 0
-11.463 9.738 2.013 0 0 0
-19.663 0.713 4.838 0 0 0
-2.163 -0.312 -0.513 0 0 0
3.438 5.838 8.188 0 0 0
-3.413 15.488 8.787 0 0 0
3.913 -2.638 -0.238 0 0 0
-1.763 -0.188 -2.038 0 0 0
-0.088 -1.088 -1.062 0 0 0
-2.413 -0.113 -0.138 0 0 0
-1.488 -0.812 -0.988 0 0 0
3.713 -9.188 0.013 0 0 0
-1.988 0.062 0.263 0 0 0
1.688 5.713 7.988 0 0 0
-0.763 -0.213 -2.388 0 0 0
-1.812 -1.488 0.013 0 0 0
-9.663 6.788 7.888 0 0 0
3.488 6.062 8.088 0 0 0
-10.288 5.588 7.713 0 0 0
-2.538 1.663 0.013 0 0 0
-3.363 1.638 0.713 0 0 0
-1.388 -0.913 -0.988 0 0 0
-3.188 1.363 -0.413 0 0 0
0.938 0.363 -0.113 0 0 0
0.562 -0.588 -0.238 0 0 0
-6.988 6.288 8.263 0 0 0
-7.588 -9.037 0.013 0 0 0
0.113 -0.288 -0.163 0 0 0
0.588 1.263 0.013 0 0 0
0.363 0.588 0.638 0 0 0
-9.588 16.588 7.113 0 0 0
-3.263 0.013 -0.288 0 0 0
3.913 -2.413 1.312 0 0 0
-0.062 0.713 0.488 0 0 0
0.388 5.713 7.062 0 0 0
-2.913 -0.238 -2.713 0 0 0
-3.312 -0.038 0.213 0 0 0
-0.113 0.038 0.238 0 0 0
-2.312 -0.938 0.013 0 0 0
-2.363 1.163 0.013 0 0 0
3.588 0.513 5.538 0 0 0
-11.013 5.713 7.438 0 0 0
0.238 -0.213 -2.188 0 0 0
0.913 0.438 0.413 0 0 0
-2.238 -0.738 0.013 0 0 0
-24.938 5.738 7.988 0 0 0
-0.463 0.113 0.988 0 0 0
-5.038 -0.788 9.388 0 0 0
-2.812 -1.163 -0.663 0 0 0
0.562 0.463 0.013 0 0 0
3.812 -5.838 2.988 0 0 0
4.163 2.588 3.263 0 0 0
-3.213 -0.038 -0.688 0 0 0
0.863 0.338 -0.238 0 0 0
-12.188 1.088 9.438 0 0 0
-1.213 1.513 -1.088 0 0 0
-2.438 1.713 0.013 0 0 0
-2.188 0.088 0.663 0 0 0
-2.038 0.038 0.163 0 0 0
-2.562 1.613 0.013 0 0 0
-1.188 -0.363 -3.913 0 0 0
0.263 -0.288 -0.113 0 0 0
0.663 -0.537 -0.238 0 0 0
-3.613 12.188 9.338 0 0 0
-7.163 1.738 16.762 0 0 0
0.338 0.763 -0.263 0 0 0
-2.288 -0.138 -1.788 0 0 0
0.113 0.062 0.638 0 0 0
0.438 0.338 -0.238 0 0 0
-12.613 1.088 9.438 0 0 0
-1.638 1.513 -1.088 0 0 0
-3.363 0.062 -0.013 0 0 0
0.363 -1.288 -0.363 0 0 0
-5.463 6.338 7.713 0 0 0
4.088 2.863 3.913 0 0 0
0.613 1.263 -1.012 0 0 0
-3.288 -0.613 0.113 0 0 0
-10.088 1.088 9.663 0 0 0
-0.763 -0.312 -3.363 0 0 0
-0.013 -0.738 0.013 0 0 0
-5.263 -7.613 3.888 0 0 0
-3.312 0.888 0.613 0 0 0
-3.388 0.138 1.012 0 0 0
0.238 1.338 -0.363 0 0 0
-1.338 -1.663 -1.088 0 0 0
-3.188 -2.488 0.013 0 0 0
-3.638 12.338 7.538 0 0 0
0.038 -0.537 0.013 0 0 0
3.812 5.263 7.363 0 0 0
0.562 -0.213 0.038 0 0 0
0.038 -0.138 -1.388 0 0 0
0.838 1.863 -0.338 0 0 0
-1.113 -0.763 -1.062 0 0 0
-1.338 -1.788 -0.938 0 0 0
-0.188 0.062 0.513 0 0 0
-2.463 1.663 0.013 0 0 0
0.888 0.812 0.438 0 0 0
0.263 0.638 0.288 0 0 0
-1.763 -1.663 -1.088 0 0 0
-3.562 -7.363 4.988 0 0 0
-3.388 0.713 0.013 0 0 0
-0.188 -0.838 -1.012 0 0 0
-3.588 10.688 7.038 0 0 0
-2.363 -1.413 -1.113 0 0 0
-2.363 0.088 0.163 0 0 0
-2.337 -0.163 -1.888 0 0 0
0.537 -0.038 -0.338 0 0 0
-3.388 0.188 1.562 0 0 0
-3.413 0.038 -0.138 0 0 0
-2.863 -1.738 -0.888 0 0 0
-2.488 7.163 6.963 0 0 0
-3.062 -0.213 -2.562 0 0 0
0.062 0.638 0.288 0 0 0
-2.388 -0.788 -0.988 0 0 0
1.913 5.838 7.812 0 0 0
0.088 7.113 7.988 0 0 0
0.288 -1.012 -0.988 0 0 0
0.388 1.062 -0.338 0 0 0
-1.988 0.038 0.062 0 0 0
3.213 5.838 8.138 0 0 0
-10.638 11.188 9.312 0 0 0
-3.413 1.812 -0.113 0 0 0
-1.163 -0.788 9.088 0 0 0
-4.663 16.363 6.263 0 0 0
0.738 0.463 -0.213 0 0 0
-3.388 2.212 0.013 0 0 0
0.738 0.913 0.213 0 0 0
-0.438 -0.738 -1.012 0 0 0
-6.938 -0.763 9.113 0 0 0
3.963 -2.062 1.263 0 0 0
-3.413 0.088 0.413 0 0 0
0.562 -1.338 -0.963 0 0 0
-1.188 1.463 0.013 0 0 0
-9.812 1.088 9.738 0 0 0
-1.088 -1.613 -1.038 0 0 0
-5.888 6.713 7.988 0 0 0
-0.113 -0.288 -0.213 0 0 0
0.613 -0.513 -0.312 0 0 0
0.863 -1.312 -0.963 0 0 0
-7.963 8.162 7.388 0 0 0
-0.863 -0.738 -1.012 0 0 0
-1.113 1.663 0.013 0 0 0
-2.513 -1.012 -1.088 0 0 0
-12.038 -11.213 0.013 0 0 0
-5.413 6.213 7.763 0 0 0
-3.263 -0.138 -0.338 0 0 0
-1.263 -0.238 -2.463 0 0 0
0.738 1.963 0.463 0 0 0
-16.762 1.688 14.963 0 0 0
-1.688 -0.062 -0.788 0 0 0
0.388 0.388 -0.312 0 0 0
-1.613 1.463 0.013 0 0 0
-2.188 -1.588 -1.062 0 0 0
-1.763 -0.838 -1.062 0 0 0
-11.288 6.812 7.763 0 0 0
4.188 4.487 4.863 0 0 0
3.888 -4.812 1.888 0 0 0
-1.288 -0.738 -1.012 0 0 0
-2.038 0.013 -0.038 0 0 0
-2.038 0.013 -0.013 0 0 0
-3.413 -0.062 -1.113 0 0 0
-3.812 7.163 7.863 0 0 0
4.213 -6.038 0.013 0 0 0
0.413 -0.363 -0.062 0 0 0
-14.062 15.163 5.863 0 0 0
-2.188 -0.838 -1.062 0 0 0
0.838 0.838 0.363 0 0 0
0.038 0.588 -0.312 0 0 0
-26.238 9.613 0.838 0 0 0
-1.713 -0.738 -1.012 0 0 0
-2.163 -0.388 -0.537 0 0 0
-1.963 -0.988 -1.062 0 0 0
-2.463 0.013 -0.013 0 0 0
4.112 -3.838 0.013 0 0 0
-4.288 13.838 9.363 0 0 0
-3.388 1.137 0.838 0 0 0
-0.913 0.088 -1.263 0 0 0
-0.913 1.588 0.013 0 0 0
0.088 0.688 -0.188 0 0 0
-7.663 5.963 -0.638 0 0 0
-3.338 0.338 0.438 0 0 0
-6.913 -9.162 0.013 0 0 0
-0.113 -0.213 -0.188 0 0 0
-10.363 -7.413 1.413 0 0 0
4.138 -4.737 0.013 0 0 0
-2.212 -1.638 -1.062 0 0 0
-3.312 0.738 0.562 0 0 0
3.238 0.838 8.938 0 0 0
0.688 -0.863 -1.038 0 0 0
4.237 4.612 4.388 0 0 0
0.363 0.763 -0.288 0 0 0
-3.363 3.138 0.062 0 0 0
-1.338 1.588 0.013 0 0 0
-10.062 1.062 9.638 0 0 0
0.463 0.338 -0.263 0 0 0
0.913 0.488 0.238 0 0 0
-1.062 -0.338 -3.688 0 0 0
-2.438 -0.138 -0.038 0 0 0
4.138 -3.988 0.013 0 0 0
-2.838 -0.062 -0.913 0 0 0
-5.538 -7.312 5.738 0 0 0
-2.863 -0.562 -0.062 0 0 0
3.088 5.988 8.312 0 0 0
0.537 -0.062 -0.537 0 0 0
-3.388 0.163 1.363 0 0 0
0.913 0.363 0.388 0 0 0
-2.562 0.062 0.213 0 0 0
4.188 -5.363 0.013 0 0 0
-0.838 -0.138 -1.613 0 0 0
-1.763 1.588 0.013 0 0 0
-16.113 1.613 14.388 0 0 0
4.163 3.388 3.763 0 0 0
0.438 -0.488 -0.263 0 0 0
4.088 2.613 3.488 0 0 0
0.763 1.713 0.013 0 0 0
0.913 0.663 0.638 0 0 0
-1.538 1.438 0.013 0 0 0
-7.938 -7.562 1.413 0 0 0
0.888 0.688 0.537 0 0 0
-1.438 -0.213 -2.413 0 0 0
-8.113 16.762 7.188 0 0 0
-3.288 -0.562 -0.062 0 0 0
-3.288 0.463 -0.013 0 0 0
-17.663 -0.738 6.988 0 0 0
-7.513 -9.613 0.013 0 0 0
0.088 0.463 0.338 0 0 0
-1.438 1.338 0.013 0 0 0
-3.138 -1.088 -1.062 0 0 0
0.188 0.038 0.363 0 0 0
-0.312 -2.087 -0.938 0 0 0
-2.863 10.588 1.513 0 0 0
-0.288 6.438 7.913 0 0 0
0.238 0.812 -0.138 0 0 0
-3.988 -0.812 -0.963 0 0 0
-2.062 -0.312 0.013 0 0 0
-3.338 0.413 0.463 0 0 0
-2.538 0.062 0.388 0 0 0
-0.238 -0.263 0.113 0 0 0
3.513 0.588 6.312 0 0 0
3.888 -0.113 -0.238 0 0 0
-2.038 11.038 8.988 0 0 0
-0.688 -0.138 -1.562 0 0 0
-1.863 1.338 0.013 0 0 0
-8.238 -2.363 0.013 0 0 0
1.812 -7.638 5.312 0 0 0
3.888 3.088 4.388 0 0 0
-8.938 -0.738 7.938 0 0 0
3.263 -5.213 1.413 0 0 0
-10.613 1.788 16.838 0 0 0
-2.363 -0.788 -1.012 0 0 0
-1.438 -0.363 -3.938 0 0 0
4.112 2.913 3.238 0 0 0
-11.338 7.163 7.938 0 0 0
-0.888 -0.163 -1.713 0 0 0
-3.312 0.938 -0.163 0 0 0
-1.988 -0.138 -1.663 0 0 0
-2.087 2.238 0.013 0 0 0
-2.413 -6.663 0.013 0 0 0
0.613 0.788 -0.238 0 0 0
-2.388 -0.413 0.013 0 0 0
-2.288 1.338 0.013 0 0 0
3.913 -3.263 2.363 0 0 0
0.163 0.562 0.638 0 0 0
0.238 1.438 0.013 0 0 0
-3.988 7.363 7.638 0 0 0
0.138 -0.288 0.013 0 0 0
-7.363 6.388 8.388 0 0 0
0.537 -0.163 -1.513 0 0 0
-12.913 9.663 1.488 0 0 0
-1.163 -1.213 -1.088 0 0 0
-9.162 1.113 10.088 0 0 0
0.513 -0.312 -3.213 0 0 0
4.062 -0.213 -1.638 0 0 0
0.338 1.338 0.013 0 0 0
0.138 0.013 0.263 0 0 0
0.488 -0.638 -0.763 0 0 0
0.513 -0.213 -0.238 0 0 0
4.213 4.938 6.613 0 0 0
-8.613 -10.263 0.013 0 0 0
3.788 -6.538 3.113 0 0 0
0.463 -0.613 -0.863 0 0 0
-5.663 -9.412 0.013 0 0 0
-0.163 -0.788 -1.012 0 0 0
-2.713 1.338 0.013 0 0 0
-13.763 -9.638 0.013 0 0 0
-11.238 1.137 10.038 0 0 0
-1.663 -1.413 -1.088 0 0 0
-2.538 -0.213 -0.238 0 0 0
-3.488 0.263 2.163 0 0 0
0.138 3.812 0.013 0 0 0
-9.062 7.062 8.438 0 0 0
0.938 0.388 0.188 0 0 0
-0.213 5.838 8.088 0 0 0
3.388 0.713 7.613 0 0 0
-15.038 5.863 7.288 0 0 0
-0.088 1.338 0.013 0 0 0
-1.688 -0.238 -2.513 0 0 0
-1.238 -1.812 -0.963 0 0 0
-3.838 1.838 -0.288 0 0 0
-2.062 0.062 0.288 0 0 0
0.863 0.812 0.413 0 0 0
-5.338 15.338 8.763 0 0 0
-22.138 3.688 5.562 0 0 0
0.238 -0.263 0.013 0 0 0
0.913 0.738 0.062 0 0 0
0.938 0.263 0.338 0 0 0
0.163 5.938 7.838 0 0 0
-25.413 5.388 7.988 0 0 0
-8.013 1.062 9.788 0 0 0
-18.637 10.213 5.338 0 0 0
-1.263 -0.188 -1.963 0 0 0
-7.938 7.163 7.888 0 0 0
-2.488 0.062 0.288 0 0 0
3.888 6.688 0.188 0 0 0
0.613 -1.213 -1.088 0 0 0
-1.488 -2.038 -0.938 0 0 0
-6.763 1.812 17.438 0 0 0
-5.863 -8.662 0.013 0 0 0
-8.537 -3.562 2.212 0 0 0
-3.438 3.088 0.263 0 0 0
-4.388 7.088 7.788 0 0 0
0.913 0.338 0.188 0 0 0
-1.088 7.588 6.263 0 0 0
3.588 -6.713 5.713 0 0 0
-2.163 5.888 8.138 0 0 0
-0.488 -0.738 -1.012 0 0 0
-0.438 -0.913 0.013 0 0 0
-2.788 12.288 9.412 0 0 0
0.338 -0.812 -1.012 0 0 0
-2.788 4.112 -0.463 0 0 0
-2.938 8.013 5.812 0 0 0
4.062 -0.312 -2.613 0 0 0
-0.688 5.938 7.838 0 0 0
0.812 -0.138 -1.363 0 0 0
-6.988 -7.388 1.388 0 0 0
-3.163 -1.913 0.013 0 0 0
4.213 4.838 5.638 0 0 0
-3.338 3.388 -1.137 0 0 0
3.913 6.413 0.863 0 0 0
0.438 -0.062 -0.713 0 0 0
0.013 0.688 0.562 0 0 0
-3.488 0.163 1.188 0 0 0
-1.312 0.088 -1.288 0 0 0
-2.488 0.113 0.838 0 0 0
-3.363 0.537 0.013 0 0 0
-11.888 -10.338 0.013 0 0 0
0.738 -0.213 -2.113 0 0 0
0.913 0.513 0.588 0 0 0
-0.038 -0.263 0.062 0 0 0
3.713 -3.588 2.763 0 0 0
-0.088 -0.812 -1.012 0 0 0
-2.838 -0.238 -2.638 0 0 0
0.363 -0.513 -0.062 0 0 0
3.713 -4.163 3.163 0 0 0
-1.688 0.088 0.738 0 0 0
-0.338 7.062 6.838 0 0 0
0.537 -0.238 -2.263 0 0 0
0.812 0.088 0.863 0 0 0
-3.163 -11.062 0.013 0 0 0
-2.212 6.988 7.913 0 0 0
-0.838 -0.312 -3.338 0 0 0
-3.312 1.238 0.812 0 0 0
0.463 -0.488 -0.288 0 0 0
-0.388 0.113 1.062 0 0 0
-0.038 0.488 0.062 0 0 0
-0.013 0.488 0.062 0 0 0
-2.388 6.363 8.263 0 0 0
-12.663 5.688 7.188 0 0 0
0.438 -0.613 -0.838 0 0 0
-3.938 1.913 -0.638 0 0 0
-7.038 -7.188 4.112 0 0 0
-1.413 -0.213 -2.438 0 0 0
-0.738 1.288 0.013 0 0 0
-1.062 2.288 0.013 0 0 0
-3.213 0.113 0.788 0 0 0
-3.263 -0.763 -1.088 0 0 0
-11.438 7.413 7.388 0 0 0
-1.638 7.938 5.763 0 0 0
-7.688 7.213 7.938 0 0 0
-16.688 10.338 1.613 0 0 0
-1.863 10.562 1.513 0 0 0
0.138 -0.312 -0.188 0 0 0
0.062 -0.213 0.062 0 0 0
-3.288 0.062 0.038 0 0 0
-4.788 7.963 7.288 0 0 0
0.688 -0.238 -2.212 0 0 0
-3.688 1.188 0.013 0 0 0
-1.838 -0.213 -2.438 0 0 0
-1.163 1.288 0.013 0 0 0
-1.613 -0.763 -1.038 0 0 0
0.888 0.738 0.363 0 0 0
-4.213 1.288 0.013 0 0 0
-14.163 1.713 15.613 0 0 0
0.263 -2.087 -0.938 0 0 0
-6.838 -1.713 0.138 0 0 0
0.888 0.613 0.513 0 0 0
0.513 -0.363 -0.288 0 0 0
-1.588 1.288 0.013 0 0 0
0.738 0.938 -0.163 0 0 0
-17.062 6.562 8.438 0 0 0
-2.513 -0.138 -1.838 0 0 0
-0.113 0.062 0.588 0 0 0
-2.562 -1.488 -0.938 0 0 0
0.763 1.938 0.238 0 0 0
0.038 0.013 0.088 0 0 0
-0.062 -0.312 -0.188 0 0 0
-22.638 3.562 3.788 0 0 0
-1.888 -1.363 0.013 0 0 0
-7.062 -7.238 4.112 0 0 0
-1.363 1.137 0.013 0 0 0
3.913 -5.863 2.312 0 0 0
4.263 -8.013 0.013 0 0 0
0.363 -1.638 -1.062 0 0 0
4.138 3.688 5.038 0 0 0
-2.713 -0.113 -0.163 0 0 0
-2.288 0.062 0.238 0 0 0
-3.388 -0.638 0.213 0 0 0
-2.938 -0.138 -1.838 0 0 0
0.613 -0.038 -0.263 0 0 0
-3.438 2.463 -0.438 0 0 0
4.112 4.913 4.763 0 0 0
-3.312 0.413 0.062 0 0 0
-7.562 -9.013 0.013 0 0 0
-1.663 2.588 0.013 0 0 0
-3.213 0.013 -0.188 0 0 0
-1.863 -0.788 9.363 0 0 0
0.938 -0.613 -0.238 0 0 0
-3.613 -1.238 -1.062 0 0 0
-0.638 0.513 0.713 0 0 0
-10.812 -7.138 4.612 0 0 0
-18.413 5.488 7.988 0 0 0
-6.938 -1.838 -0.088 0 0 0
3.388 0.738 7.963 0 0 0
0.013 0.488 -0.038 0 0 0
0.013 0.488 -0.013 0 0 0
0.363 0.488 0.363 0 0 0
-2.337 -0.138 -0.263 0 0 0
0.938 -0.312 0.013 0 0 0
-8.188 8.088 7.312 0 0 0
-3.488 -7.513 3.538 0 0 0
-1.913 0.038 0.138 0 0 0
-5.963 1.763 17.137 0 0 0
-1.788 -1.312 0.013 0 0 0
3.713 -3.338 2.588 0 0 0
-2.562 -0.163 -1.938 0 0 0
-10.363 5.913 7.588 0 0 0
4.062 -0.338 -2.812 0 0 0
-11.138 -10.763 0.013 0 0 0
-3.238 -0.238 -0.312 0 0 0
-3.213 0.188 0.213 0 0 0
-3.888 -0.838 -0.988 0 0 0
-4.062 1.038 9.938 0 0 0
-1.963 -0.788 8.988 0 0 0
3.763 -6.738 3.213 0 0 0
-15.588 14.638 6.463 0 0 0
-0.738 5.863 8.138 0 0 0
-3.413 -0.688 0.213 0 0 0
-3.438 0.188 -0.038 0 0 0
-2.238 -7.538 4.362 0 0 0
3.812 -1.613 0.913 0 0 0
-3.438 0.188 -0.013 0 0 0
-3.413 0.238 1.888 0 0 0
-2.988 -0.163 -1.938 0 0 0
0.663 -0.938 -0.763 0 0 0
-4.312 -0.838 -0.988 0 0 0
-1.688 0.062 0.537 0 0 0
3.938 -0.363 4.388 0 0 0
0.938 0.312 0.163 0 0 0
-2.913 -0.113 -1.438 0 0 0
4.163 2.363 3.138 0 0 0
-14.838 1.688 15.238 0 0 0
-14.863 -8.213 0.088 0 0 0
0.463 0.062 -0.888 0 0 0
0.388 0.338 0.013 0 0 0
-0.988 -0.763 -1.088 0 0 0
-4.263 1.038 9.938 0 0 0
0.913 -0.363 0.013 0 0 0
0.838 -0.738 -0.988 0 0 0
2.087 5.738 8.037 0 0 0
-0.562 0.913 0.588 0 0 0
-11.838 5.738 7.438 0 0 0
3.288 6.038 8.088 0 0 0
0.613 0.338 0.013 0 0 0
-1.663 6.238 7.738 0 0 0
0.288 1.338 0.013 0 0 0
-2.238 -0.213 -0.113 0 0 0
0.312 9.863 2.963 0 0 0
-5.812 -7.388 4.237 0 0 0
4.188 4.013 4.913 0 0 0
-1.413 -0.763 -1.088 0 0 0
-1.838 1.838 -1.088 0 0 0
0.413 -0.738 -0.988 0 0 0
-2.513 -0.738 -1.038 0 0 0
-3.438 1.688 -0.038 0 0 0
4.038 2.613 0.338 0 0 0
-14.838 5.713 7.788 0 0 0
0.812 -0.088 -0.863 0 0 0
-2.413 4.562 0.288 0 0 0
-3.312 0.663 0.488 0 0 0
-3.263 -0.438 0.113 0 0 0
-6.913 -2.238 -0.312 0 0 0
4.013 3.938 4.312 0 0 0
0.688 1.288 0.013 0 0 0
0.613 -7.688 3.763 0 0 0
-17.512 7.388 7.163 0 0 0
-0.138 2.688 0.013 0 0 0
0.062 -0.363 0.013 0 0 0
-9.062 7.888 7.812 0 0 0
3.888 -4.663 2.763 0 0 0
3.788 -4.237 3.013 0 0 0
0.812 -0.788 -0.988 0 0 0
0.188 0.513 0.413 0 0 0
4.188 4.638 5.062 0 0 0
-5.812 -9.663 0.013 0 0 0
-0.263 -1.213 0.013 0 0 0
1.038 -0.062 -0.463 0 0 0
0.263 1.288 0.013 0 0 0
-0.312 -0.738 -1.038 0 0 0
-0.338 -0.138 -1.538 0 0 0
-8.363 6.238 8.238 0 0 0
-11.088 -8.988 0.013 0 0 0
-2.738 2.538 0.013 0 0 0
-3.163 0.213 0.113 0 0 0
-10.713 1.812 17.012 0 0 0
-0.088 -0.888 -1.038 0 0 0
-3.338 0.312 0.238 0 0 0
-14.538 -10.188 0.013 0 0 0
-0.113 0.638 0.138 0 0 0
-0.537 -0.163 -1.688 0 0 0
-7.388 8.138 7.388 0 0 0
0.388 -0.788 -0.988 0 0 0
-0.062 0.562 -0.213 0 0 0
-6.338 -11.413 0.013 0 0 0
-5.913 -10.663 0.013 0 0 0
-3.388 -0.663 0.013 0 0 0
-3.338 0.613 0.488 0 0 0
0.938 0.562 0.588 0 0 0
-0.738 -0.738 -1.038 0 0 0
-0.763 -0.138 -1.538 0 0 0
-3.338 1.062 0.913 0 0 0
3.188 -7.288 4.288 0 0 0
-11.513 -8.988 0.013 0 0 0
-1.863 -0.113 -1.488 0 0 0
-0.513 -0.888 -1.038 0 0 0
-3.288 -0.763 0.013 0 0 0
-2.188 0.113 0.963 0 0 0
-3.213 -10.488 0.013 0 0 0
0.363 1.438 -0.963 0 0 0
3.763 5.913 8.138 0 0 0
-3.263 -0.363 0.138 0 0 0
-19.638 0.763 5.188 0 0 0
-9.763 7.263 7.038 0 0 0
-16.488 -0.838 9.812 0 0 0
-22.363 3.688 4.788 0 0 0
-1.163 -0.738 -1.038 0 0 0
-11.938 -8.988 0.013 0 0 0
-15.963 5.988 8.013 0 0 0
-3.288 -0.062 -1.137 0 0 0
0.263 0.038 0.438 0 0 0
-0.488 -0.588 -0.088 0 0 0
-1.363 1.713 -1.038 0 0 0
-5.263 6.363 7.763 0 0 0
-2.538 -0.763 -0.963 0 0 0
-0.388 -0.163 -1.638 0 0 0
-3.763 -7.388 4.988 0 0 0
4.088 5.163 7.163 0 0 0
2.113 7.988 7.688 0 0 0
0.888 0.663 0.338 0 0 0
-3.363 1.263 0.537 0 0 0
3.538 -1.888 -0.188 0 0 0
4.237 4.487 5.238 0 0 0
-5.363 14.138 9.562 0 0 0
-0.163 0.613 0.038 0 0 0
-8.838 -0.763 8.113 0 0 0
-13.588 -7.263 2.113 0 0 0
0.688 0.088 0.988 0 0 0
-2.288 -0.188 -0.188 0 0 0
-3.062 -7.438 5.038 0 0 0
4.062 4.013 5.763 0 0 0
-0.163 0.038 0.438 0 0 0
-13.413 13.113 8.688 0 0 0
3.738 7.013 -0.812 0 0 0
1.038 -0.163 -1.438 0 0 0
4.263 7.138 2.688 0 0 0
-2.212 0.013 -0.188 0 0 0
-3.438 3.088 -0.338 0 0 0
0.438 -0.338 -0.062 0 0 0
4.088 4.413 5.888 0 0 0
4.138 3.562 3.863 0 0 0
-1.913 -0.138 -1.588 0 0 0
-0.188 0.088 0.812 0 0 0
-1.137 -0.888 -1.038 0 0 0
0.713 0.888 -0.288 0 0 0
-0.038 0.038 0.312 0 0 0
-0.013 0.038 0.312 0 0 0
-12.312 -10.338 0.013 0 0 0
3.812 -1.763 0.863 0 0 0
-2.138 5.713 8.062 0 0 0
3.963 -1.812 1.113 0 0 0
-3.013 -0.113 -1.613 0 0 0
-7.138 8.188 7.438 0 0 0
3.938 -2.337 1.137 0 0 0
-0.463 0.038 0.312 0 0 0
-3.312 0.338 0.038 0 0 0
-2.738 -1.312 -0.163 0 0 0
-8.013 1.788 17.012 0 0 0
-3.588 7.088 7.988 0 0 0
-1.288 3.188 0.013 0 0 0
-0.788 -1.438 -1.113 0 0 0
-1.363 -0.338 -3.713 0 0 0
-10.062 6.588 7.688 0 0 0
-7.413 6.238 7.812 0 0 0
0.562 -0.463 -0.288 0 0 0
-3.312 0.513 0.438 0 0 0
3.062 -7.413 5.363 0 0 0
4.288 7.138 1.663 0 0 0
-9.812 8.138 7.338 0 0 0
-2.638 -0.138 -1.713 0 0 0
0.363 -0.338 -0.263 0 0 0
0.788 0.413 -0.263 0 0 0
-1.363 -0.812 -1.012 0 0 0
-15.562 1.663 14.913 0 0 0
-1.213 -1.438 -1.113 0 0 0
-0.788 -0.338 -3.663 0 0 0
4.138 -6.113 0.013 0 0 0
-3.413 0.113 0.713 0 0 0
-2.413 0.062 0.363 0 0 0
-3.263 0.013 -0.188 0 0 0
-3.438 0.113 -0.062 0 0 0
-1.438 1.663 0.013 0 0 0
-2.062 -0.188 -2.062 0 0 0
-6.988 -9.988 0.013 0 0 0
-4.487 -17.988 0.013 0 0 0
-3.263 -0.113 -0.013 0 0 0
-3.263 -0.113 -0.038 0 0 0
-2.913 -0.763 -1.062 0 0 0
3.588 -7.538 4.362 0 0 0
-4.288 -7.288 5.788 0 0 0
-3.062 0.213 -0.312 0 0 0
0.788 0.888 0.388 0 0 0
0.913 0.438 0.513 0 0 0
-2.888 -1.338 -0.562 0 0 0
-1.562 -8.787 0.013 0 0 0
3.963 4.062 0.537 0 0 0
-0.562 -7.763 5.312 0 0 0
0.463 -0.288 -0.263 0 0 0
1.038 -0.238 -2.188 0 0 0
-0.038 -0.913 -0.288 0 0 0
-4.237 2.513 -0.863 0 0 0
0.838 -7.613 5.263 0 0 0
-2.463 0.163 0.113 0 0 0
-1.738 3.138 0.013 0 0 0
2.738 10.863 1.513 0 0 0
-7.638 -9.088 0.013 0 0 0
3.913 6.013 8.363 0 0 0
-2.363 1.488 0.013 0 0 0
0.413 1.513 -1.038 0 0 0
-0.338 -0.062 -0.038 0 0 0
-2.812 -2.013 -0.938 0 0 0
2.363 5.888 7.913 0 0 0
-2.263 0.038 0.013 0 0 0
-22.113 -5.113 0.013 0 0 0
-3.338 0.488 0.588 0 0 0
-16.863 -10.538 0.013 0 0 0
-6.388 10.138 1.488 0 0 0
-0.138 -7.413 6.113 0 0 0
-3.538 2.013 -1.088 0 0 0
0.863 -0.363 -0.263 0 0 0
-2.062 1.663 0.013 0 0 0
3.513 1.788 0.013 0 0 0
-0.713 0.113 -1.213 0 0 0
-2.113 -2.062 -0.888 0 0 0
0.188 0.562 0.238 0 0 0
-3.413 1.738 -0.038 0 0 0
-3.413 1.738 -0.013 0 0 0
-3.188 4.062 0.113 0 0 0
0.013 0.663 0.363 0 0 0
-0.163 0.588 -0.163 0 0 0
0.863 0.963 0.013 0 0 0
-3.288 -0.163 -0.013 0 0 0
-3.388 -2.812 -0.288 0 0 0
-3.288 -0.163 -0.038 0 0 0
3.863 -1.913 -0.763 0 0 0
-1.838 0.088 0.562 0 0 0
0.013 0.088 0.763 0 0 0
0.513 -0.613 -0.763 0 0 0
-4.812 -10.788 0.013 0 0 0
-2.288 -0.788 0.013 0 0 0
1.738 5.888 8.162 0 0 0
-0.613 0.788 0.463 0 0 0
-3.338 1.238 0.588 0 0 0
-17.812 7.463 7.538 0 0 0
0.562 1.688 0.013 0 0 0
-2.488 1.663 0.013 0 0 0
0.812 0.062 0.663 0 0 0
3.913 -4.362 1.713 0 0 0
-2.588 -0.138 -1.812 0 0 0
-1.137 0.113 -1.213 0 0 0
-1.938 5.713 8.013 0 0 0
0.863 0.838 0.163 0 0 0
-0.013 0.013 0.113 0 0 0
-0.038 0.013 0.113 0 0 0
-4.913 -19.688 0.013 0 0 0
-2.288 0.138 1.012 0 0 0
-2.087 -9.037 0.013 0 0 0
0.863 1.713 0.013 0 0 0
0.613 -0.588 -0.238 0 0 0
-0.488 0.163 -0.138 0 0 0
-7.363 8.312 7.238 0 0 0
-0.713 5.812 7.913 0 0 0
4.038 2.538 3.663 0 0 0
3.738 0.738 7.988 0 0 0
0.138 1.688 0.013 0 0 0
-3.013 -0.138 -1.812 0 0 0
-2.062 3.163 0.013 0 0 0
0.263 5.838 7.863 0 0 0
3.888 -1.838 1.713 0 0 0
-10.013 -0.788 8.287 0 0 0
-3.588 2.613 0.238 0 0 0
0.763 0.863 0.463 0 0 0
-0.113 -0.238 -2.312 0 0 0
0.763 -0.788 -0.988 0 0 0
0.463 -0.963 -0.838 0 0 0
0.138 0.537 0.138 0 0 0
-2.638 5.812 7.838 0 0 0
-8.888 7.188 7.938 0 0 0
-7.688 1.788 17.113 0 0 0
-4.112 -2.062 0.338 0 0 0
0.513 -0.263 0.038 0 0 0
-0.013 0.062 0.663 0 0 0
-0.038 0.062 0.663 0 0 0
4.088 5.213 6.988 0 0 0
-1.863 -0.888 -0.963 0 0 0
-1.988 0.038 0.163 0 0 0
-1.838 5.763 8.013 0 0 0
-15.738 7.613 7.388 0 0 0
0.338 0.713 0.013 0 0 0
4.138 3.738 3.538 0 0 0
0.713 -0.388 -0.062 0 0 0
-2.263 1.838 -1.088 0 0 0
-10.038 5.688 7.888 0 0 0
-2.288 -0.763 -1.113 0 0 0
-2.638 -0.163 -1.913 0 0 0
-2.838 -0.438 -0.488 0 0 0
0.738 0.913 0.312 0 0 0
-3.312 0.788 -0.263 0 0 0
-16.088 1.188 9.963 0 0 0
-0.463 -0.138 -1.413 0 0 0
-1.312 -0.188 -1.963 0 0 0
-3.113 -0.338 0.013 0 0 0
0.838 -1.413 -0.213 0 0 0
-1.263 5.738 8.062 0 0 0
-6.663 7.113 6.888 0 0 0
3.538 -1.963 -0.213 0 0 0
4.112 4.088 3.413 0 0 0
-9.412 16.613 6.388 0 0 0
3.963 2.688 3.788 0 0 0
-4.763 7.938 7.263 0 0 0
0.812 0.388 -0.213 0 0 0
-0.113 -0.288 -0.113 0 0 0
0.013 -0.738 0.013 0 0 0
-3.488 0.238 1.913 0 0 0
-11.312 -16.137 0.013 0 0 0
-1.613 0.088 -1.312 0 0 0
-2.838 6.413 8.513 0 0 0
0.963 -0.138 -1.213 0 0 0
-2.288 0.038 0.038 0 0 0
0.863 4.988 4.663 0 0 0
0.413 -1.413 -0.213 0 0 0
-4.312 12.013 7.288 0 0 0
-1.488 -2.388 -0.913 0 0 0
2.488 5.963 7.963 0 0 0
-1.988 0.088 0.713 0 0 0
0.988 -1.288 -0.312 0 0 0
3.838 -3.288 2.913 0 0 0
0.238 -1.062 -0.988 0 0 0
-3.363 0.013 -0.363 0 0 0
-3.788 7.388 7.688 0 0 0
3.713 -3.338 -0.062 0 0 0
-1.062 -0.763 -1.062 0 0 0
-3.113 -0.788 -1.012 0 0 0
3.913 -4.112 2.138 0 0 0
-4.888 1.713 16.863 0 0 0
-0.488 -0.913 0.013 0 0 0
-3.312 0.388 -0.138 0 0 0
-5.713 6.938 7.863 0 0 0
0.812 5.363 4.438 0 0 0
3.838 -1.763 -0.288 0 0 0
0.763 -0.363 -3.513 0 0 0
-3.138 -1.738 0.013 0 0 0
3.863 -6.638 3.163 0 0 0
-2.312 -0.213 -0.088 0 0 0
1.312 -7.738 3.038 0 0 0
-8.812 -10.138 0.013 0 0 0
-1.713 -0.213 -2.463 0 0 0
-6.312 1.763 17.213 0 0 0
-3.463 0.613 0.013 0 0 0
-1.488 -0.763 -1.062 0 0 0
-7.863 12.138 7.263 0 0 0
-8.662 1.038 9.537 0 0 0
0.838 0.838 0.463 0 0 0
-3.312 0.562 0.263 0 0 0
0.138 0.738 -0.588 0 0 0
4.138 4.013 5.638 0 0 0
-2.463 0.013 0.062 0 0 0
-0.288 1.463 0.013 0 0 0
-3.538 1.163 0.013 0 0 0
-3.438 -0.288 0.013 0 0 0
3.863 -2.138 1.763 0 0 0
0.537 1.938 -0.938 0 0 0
-2.688 -2.613 -0.863 0 0 0
-19.188 4.513 4.713 0 0 0
-2.413 -1.388 -1.088 0 0 0
-1.838 0.062 0.363 0 0 0
-3.338 0.338 0.537 0 0 0
-0.713 1.463 0.013 0 0 0
-2.988 4.088 -0.463 0 0 0
-3.413 12.488 7.613 0 0 0
0.088 0.562 0.062 0 0 0
0.438 -0.088 -0.963 0 0 0
-5.838 5.538 7.888 0 0 0
0.463 7.588 8.037 0 0 0
-0.413 -0.138 -1.513 0 0 0
3.688 7.613 2.538 0 0 0
-2.263 -0.138 -1.713 0 0 0
-11.963 -10.388 0.013 0 0 0
-26.113 -0.763 8.888 0 0 0
-2.238 -1.738 -0.913 0 0 0
-1.513 10.788 1.538 0 0 0
-14.913 1.588 14.288 0 0 0
-1.137 1.463 0.013 0 0 0
-1.263 1.363 0.013 0 0 0
3.513 0.537 5.863 0 0 0
0.588 -1.738 -1.163 0 0 0
-8.988 5.988 8.013 0 0 0
0.913 0.363 0.488 0 0 0
-0.812 -0.738 -1.012 0 0 0
-0.838 -0.138 -1.513 0 0 0
-10.188 5.713 7.963 0 0 0
3.888 5.938 8.312 0 0 0
-2.438 2.613 -1.038 0 0 0
0.463 -0.363 -0.288 0 0 0
-12.163 1.788 16.588 0 0 0
-0.188 5.988 7.888 0 0 0
0.263 0.513 0.488 0 0 0
-1.263 8.013 6.938 0 0 0
-1.738 5.913 7.838 0 0 0
-2.463 0.088 0.088 0 0 0
-3.288 0.463 0.062 0 0 0
3.763 6.812 2.312 0 0 0
-4.463 13.338 7.713 0 0 0
-0.263 -0.138 -1.463 0 0 0
-1.238 -0.738 -1.012 0 0 0
-0.238 -0.138 0.062 0 0 0
0.388 0.513 0.363 0 0 0
-1.938 13.463 7.713 0 0 0
-3.338 0.413 0.562 0 0 0
0.388 -0.113 -1.062 0 0 0
-0.263 -7.812 4.288 0 0 0
-0.463 -0.163 -1.613 0 0 0
-1.238 1.213 0.013 0 0 0
-1.312 -2.062 -0.888 0 0 0
-1.663 -9.438 0.013 0 0 0
-7.338 -11.288 0.013 0 0 0
-2.538 -7.663 5.088 0 0 0
-3.312 0.812 0.688 0 0 0
3.888 -0.113 -0.138 0 0 0
-0.113 -1.338 -1.088 0 0 0
-0.537 -0.238 -2.363 0 0 0
-3.788 -0.763 8.787 0 0 0
0.613 0.088 1.012 0 0 0
-2.312 -9.287 0.013 0 0 0
-0.513 5.888 7.888 0 0 0
-0.263 0.088 0.088 0 0 0
0.963 -0.163 -1.413 0 0 0
-1.663 1.213 0.013 0 0 0
-2.288 0.013 -0.163 0 0 0
-1.812 1.562 0.013 0 0 0
-9.037 7.863 7.788 0 0 0
-3.338 -0.013 -0.463 0 0 0
0.738 -0.138 -1.263 0 0 0
-2.263 -0.763 -1.137 0 0 0
-0.863 -0.888 -0.963 0 0 0
0.812 1.562 0.013 0 0 0
-3.438 0.138 0.838 0 0 0
0.338 1.288 -1.038 0 0 0
-2.188 -0.537 0.013 0 0 0
0.463 -0.913 -1.012 0 0 0
-9.713 -7.038 5.312 0 0 0
-6.438 15.888 7.138 0 0 0
4.062 2.738 3.988 0 0 0
0.638 -0.537 -0.238 0 0 0
0.913 0.562 -0.238 0 0 0
3.938 5.138 5.562 0 0 0
-6.363 8.062 7.013 0 0 0
-0.463 0.238 0.338 0 0 0
0.463 -0.213 -2.163 0 0 0
0.812 2.312 0.013 0 0 0
-10.663 -7.163 1.812 0 0 0
-15.062 1.613 14.438 0 0 0
-2.087 -1.838 -1.012 0 0 0
0.938 0.388 0.288 0 0 0
-2.337 -9.338 0.013 0 0 0
-1.062 -0.888 -0.963 0 0 0
0.913 0.438 -0.088 0 0 0
3.663 -9.088 0.013 0 0 0
-10.763 5.838 7.963 0 0 0
-16.288 1.638 14.538 0 0 0
-1.613 -0.163 -1.738 0 0 0
-1.463 -1.213 -1.113 0 0 0
-3.863 1.863 -0.288 0 0 0
0.913 0.738 0.163 0 0 0
-6.288 7.963 6.513 0 0 0
-2.238 -0.438 -0.238 0 0 0
-3.438 0.188 1.388 0 0 0
-5.963 7.988 7.288 0 0 0
0.763 0.812 0.663 0 0 0
0.088 -0.338 0.013 0 0 0
0.513 0.413 0.013 0 0 0
-0.537 0.088 0.888 0 0 0
-1.488 -0.888 -0.963 0 0 0
-1.588 1.438 -1.113 0 0 0
-2.212 -0.588 0.013 0 0 0
-3.438 1.463 -0.163 0 0 0
0.913 0.613 0.312 0 0 0
0.513 -0.788 -1.012 0 0 0
-3.312 0.438 0.363 0 0 0
-3.088 0.888 0.638 0 0 0
0.613 -1.213 -0.988 0 0 0
-1.988 -0.238 -2.538 0 0 0
-0.638 -0.138 -1.562 0 0 0
-0.312 -7.463 6.138 0 0 0
3.338 -9.188 0.013 0 0 0
-8.312 8.113 7.062 0 0 0
-13.713 5.613 8.113 0 0 0
-3.263 -0.213 -0.263 0 0 0
-1.188 2.087 -1.062 0 0 0
0.913 0.338 0.288 0 0 0
-2.312 -1.213 -1.113 0 0 0
-2.713 -0.088 -1.137 0 0 0
-4.688 0.988 9.537 0 0 0
-2.888 -0.988 -0.363 0 0 0
-1.562 -0.188 -1.988 0 0 0
-0.138 1.312 0.013 0 0 0
-3.538 2.663 -0.038 0 0 0
3.963 -3.113 1.863 0 0 0
0.188 -0.288 0.013 0 0 0
-2.413 -0.763 -0.988 0 0 0
0.438 -0.062 -0.613 0 0 0
-0.888 6.938 7.812 0 0 0
0.763 -0.038 -0.312 0 0 0
-3.363 0.113 0.013 0 0 0
0.238 0.537 0.663 0 0 0
0.338 -0.488 -0.338 0 0 0
-5.388 9.763 2.488 0 0 0
-3.062 4.088 0.288 0 0 0
-3.338 0.388 0.363 0 0 0
0.938 0.338 0.463 0 0 0
-3.163 -1.638 -1.137 0 0 0
0.812 0.088 0.963 0 0 0
-0.988 -0.213 -2.337 0 0 0
-0.038 -0.838 -0.113 0 0 0
-1.638 0.113 -1.338 0 0 0
-1.363 -0.138 -1.688 0 0 0
-0.388 0.113 1.163 0 0 0
-11.463 -9.263 0.013 0 0 0
-0.038 0.488 0.163 0 0 0
0.088 0.038 0.288 0 0 0
-2.438 0.062 0.062 0 0 0
0.138 -0.038 -0.062 0 0 0
-3.263 -0.588 0.013 0 0 0
-3.288 -2.138 0.013 0 0 0
-3.413 1.663 -0.113 0 0 0
-3.188 -0.388 0.013 0 0 0
0.688 -0.938 -0.963 0 0 0
-6.863 1.038 9.738 0 0 0
-3.213 7.188 8.088 0 0 0
-9.938 1.738 16.413 0 0 0
-6.013 5.388 7.338 0 0 0
0.963 0.312 -0.038 0 0 0
0.963 0.312 -0.013 0 0 0
-0.263 -0.062 0.038 0 0 0
3.863 3.588 5.088 0 0 0
0.763 0.888 0.088 0 0 0
0.138 -0.312 -0.088 0 0 0
-3.263 0.163 0.013 0 0 0
0.138 -0.763 8.912 0 0 0
-12.263 6.638 7.588 0 0 0
-2.087 -0.138 -1.738 0 0 0
0.263 0.562 0.312 0 0 0
-15.013 1.663 14.888 0 0 0
-6.562 1.763 16.938 0 0 0
3.288 0.863 9.062 0 0 0
-8.138 -2.312 0.312 0 0 0
-11.588 -9.062 0.013 0 0 0
-3.488 1.062 0.013 0 0 0
0.812 -0.238 -2.238 0 0 0
-14.288 5.438 7.863 0 0 0
3.788 -3.288 0.363 0 0 0
-0.888 1.363 0.013 0 0 0
-2.538 -1.388 -0.963 0 0 0
-3.288 -0.638 0.013 0 0 0
-0.113 0.062 0.688 0 0 0
0.038 0.013 0.188 0 0 0
3.913 -4.263 2.038 0 0 0
4.138 2.763 3.463 0 0 0
4.062 4.538 5.638 0 0 0
-9.113 7.113 7.863 0 0 0
-5.613 -0.763 8.513 0 0 0
-0.788 1.263 0.013 0 0 0
-0.938 0.113 -1.263 0 0 0
-6.638 -9.838 0.013 0 0 0
-3.288 0.113 0.688 0 0 0
0.812 0.863 -0.163 0 0 0
-6.188 1.738 16.838 0 0 0
-3.213 9.988 2.738 0 0 0
-2.963 -1.388 -0.963 0 0 0
-3.338 0.013 0.038 0 0 0
-9.388 -9.062 0.013 0 0 0
-0.537 0.062 0.688 0 0 0
-19.088 3.788 4.713 0 0 0
-1.663 -0.812 -1.038 0 0 0
0.663 -1.863 -1.062 0 0 0
-1.213 1.263 0.013 0 0 0
-3.988 -1.988 0.388 0 0 0
-1.263 1.738 -1.038 0 0 0
3.038 -7.513 4.312 0 0 0
-8.138 5.688 7.913 0 0 0
-10.963 1.062 9.463 0 0 0
0.013 0.488 0.062 0 0 0
0.363 0.488 0.463 0 0 0
-1.088 -0.812 -0.988 0 0 0
-1.913 0.038 0.238 0 0 0
-3.338 -0.688 -0.088 0 0 0
-2.988 7.838 7.638 0 0 0
-1.363 -0.213 -2.438 0 0 0
4.263 7.013 8.213 0 0 0
-0.263 5.788 7.888 0 0 0
-14.688 5.713 7.138 0 0 0
-10.838 1.062 9.338 0 0 0
-0.838 -0.363 -3.663 0 0 0
4.163 -5.338 0.013 0 0 0
3.363 -3.113 0.238 0 0 0
-6.562 8.088 7.363 0 0 0
-6.562 -11.363 0.013 0 0 0
4.263 6.812 1.588 0 0 0
-1.513 -1.838 -1.012 0 0 0
2.288 5.888 8.138 0 0 0
0.488 -0.263 -0.263 0 0 0
0.913 0.488 -0.263 0 0 0
0.062 7.113 7.788 0 0 0
-1.788 -0.213 -2.438 0 0 0
-0.562 -0.763 -0.988 0 0 0
0.763 -0.062 -0.513 0 0 0
-0.488 0.188 0.213 0 0 0
-3.363 0.138 0.963 0 0 0
0.938 0.312 0.263 0 0 0
-2.212 0.038 0.113 0 0 0
3.713 3.013 0.013 0 0 0
-2.263 -0.363 -0.513 0 0 0
3.638 -6.363 4.487 0 0 0
0.088 -0.288 -0.163 0 0 0
-1.713 2.562 0.013 0 0 0
-5.438 15.938 7.163 0 0 0
-1.213 -0.213 -2.388 0 0 0
-3.588 6.938 7.888 0 0 0
-0.988 -0.763 -0.988 0 0 0
-1.663 -0.738 -1.012 0 0 0
-9.062 11.088 9.188 0 0 0
0.913 0.663 0.138 0 0 0
-3.263 -0.013 -0.588 0 0 0
0.088 0.013 0.088 0 0 0
-3.312 0.488 0.188 0 0 0
0.663 7.513 7.963 0 0 0
-10.438 7.938 6.938 0 0 0
3.788 -2.337 -0.363 0 0 0
-3.413 1.388 0.588 0 0 0
-1.838 -1.338 0.013 0 0 0
-9.363 6.963 7.913 0 0 0
0.913 1.988 0.413 0 0 0
-21.763 -6.663 0.013 0 0 0
0.463 -0.062 -0.638 0 0 0
0.938 0.488 0.663 0 0 0
0.288 0.913 0.013 0 0 0
-2.138 2.562 0.013 0 0 0
0.713 1.663 0.013 0 0 0
-4.588 9.863 2.588 0 0 0
-3.138 -1.238 -1.062 0 0 0
-18.838 12.588 5.413 0 0 0
-3.312 0.363 0.338 0 0 0
-3.388 7.113 8.037 0 0 0
-5.763 7.088 7.788 0 0 0
0.588 -0.213 -0.263 0 0 0
3.713 -3.363 -0.263 0 0 0
-5.263 8.013 7.312 0 0 0
0.812 -0.088 -0.763 0 0 0
-4.788 -17.913 0.013 0 0 0
-5.913 -7.463 1.388 0 0 0
0.013 0.438 0.238 0 0 0
-2.888 -1.513 -0.138 0 0 0
-2.238 1.562 0.013 0 0 0
0.288 1.663 0.013 0 0 0
-10.963 -10.213 0.013 0 0 0
-13.213 5.888 8.013 0 0 0
3.688 -4.788 4.138 0 0 0
-1.838 -0.763 -0.988 0 0 0
4.163 3.288 3.638 0 0 0
-1.113 -0.988 -1.088 0 0 0
-12.638 1.088 9.438 0 0 0
0.463 0.413 0.013 0 0 0
-2.562 -2.388 -0.888 0 0 0
-16.413 1.638 14.663 0 0 0
-0.413 1.263 -1.062 0 0 0
-6.513 -2.613 -0.188 0 0 0
-1.713 -0.763 -1.113 0 0 0
3.938 -3.288 1.963 0 0 0
-1.863 -1.413 0.013 0 0 0
-6.312 8.138 7.413 0 0 0
0.788 -0.763 -0.988 0 0 0
3.713 2.062 0.013 0 0 0
-3.763 -0.763 9.188 0 0 0
0.163 0.562 0.138 0 0 0
0.513 -0.088 -0.888 0 0 0
-7.013 7.188 6.988 0 0 0
-0.238 -0.238 -0.163 0 0 0
0.138 -0.438 0.013 0 0 0
-1.688 -0.013 -0.338 0 0 0
-6.588 13.338 7.788 0 0 0
-1.113 5.863 7.913 0 0 0
0.288 -0.963 -0.988 0 0 0
-3.338 0.312 0.338 0 0 0
-0.113 0.638 0.238 0 0 0
-3.363 -0.688 0.213 0 0 0
-5.088 -9.162 0.013 0 0 0
-12.988 -7.238 2.113 0 0 0
3.438 0.588 6.438 0 0 0
-5.562 5.713 8.113 0 0 0
3.588 0.537 5.938 0 0 0
-3.562 2.788 0.238 0 0 0
-0.763 -0.138 -1.438 0 0 0
4.237 6.788 0.463 0 0 0
-8.588 9.588 2.188 0 0 0
0.537 -0.388 -0.213 0 0 0
-6.963 -2.263 -0.312 0 0 0
-0.062 -0.588 0.013 0 0 0
-3.213 1.012 -0.263 0 0 0
0.738 -0.062 -0.488 0 0 0
-2.988 1.463 0.013 0 0 0
-7.138 -7.413 4.562 0 0 0
-8.488 8.013 6.538 0 0 0
-0.038 0.713 0.388 0 0 0
-5.513 -9.162 0.013 0 0 0
4.088 4.362 5.438 0 0 0
-3.263 -1.863 -1.038 0 0 0
0.688 -1.012 -0.988 0 0 0
-2.212 7.088 8.388 0 0 0
-0.588 -0.312 -0.263 0 0 0
-12.238 15.513 6.663 0 0 0
0.863 0.812 -0.088 0 0 0
0.663 -0.988 -1.088 0 0 0
-0.438 -0.963 -1.038 0 0 0
3.713 -0.263 3.388 0 0 0
-2.263 0.062 0.312 0 0 0
-1.562 2.288 -1.088 0 0 0
2.337 7.913 5.663 0 0 0
-3.213 0.163 0.113 0 0 0
-1.038 -0.738 -1.062 0 0 0
-1.062 -0.138 -1.562 0 0 0
-2.388 1.688 0.013 0 0 0
0.888 0.663 0.438 0 0 0
0.263 -1.012 -0.988 0 0 0
-3.363 1.263 0.638 0 0 0
-2.638 7.088 8.388 0 0 0
3.638 -0.288 3.788 0 0 0
-5.538 -9.963 0.013 0 0 0
3.738 -3.238 2.513 0 0 0
-2.288 -0.188 -0.088 0 0 0
-2.988 4.413 0.138 0 0 0
-9.113 -9.113 0.013 0 0 0
-6.013 7.388 7.588 0 0 0
-7.138 13.113 7.688 0 0 0
-3.413 2.212 0.013 0 0 0
-2.263 -1.263 -0.562 0 0 0
-0.088 2.688 0.013 0 0 0
0.888 0.537 0.588 0 0 0
-3.438 -2.888 -0.638 0 0 0
-0.788 -0.763 -1.038 0 0 0
-1.463 -0.738 -1.062 0 0 0
4.138 4.138 3.562 0 0 0
-3.263 3.613 0.388 0 0 0
-2.212 0.013 -0.088 0 0 0
-3.438 3.088 -0.238 0 0 0
-7.138 1.738 16.663 0 0 0
3.738 -1.963 0.963 0 0 0
0.562 -0.812 -0.988 0 0 0
-16.088 1.137 9.562 0 0 0
-2.812 1.688 0.013 0 0 0
-0.163 -1.012 -0.988 0 0 0
0.413 -0.312 -0.062 0 0 0
-0.013 0.038 0.413 0 0 0
-0.038 0.038 0.413 0 0 0
-3.438 -0.163 -2.062 0 0 0
-1.688 -1.738 -0.938 0 0 0
4.138 4.438 3.812 0 0 0
-1.137 -1.312 -1.038 0 0 0
-1.113 3.213 0.013 0 0 0
-0.413 0.113 1.062 0 0 0
0.913 0.638 -0.062 0 0 0
-2.263 0.113 0.863 0 0 0
3.988 3.363 4.838 0 0 0
-3.312 1.488 0.013 0 0 0
-2.713 0.688 -0.238 0 0 0
-9.763 8.013 6.538 0 0 0
-11.938 -11.113 0.013 0 0 0
-1.113 9.713 2.812 0 0 0
-3.312 0.038 -0.113 0 0 0
-3.388 7.812 7.613 0 0 0
-2.638 4.388 -0.062 0 0 0
0.138 -0.812 -0.988 0 0 0
-0.537 -0.788 -1.012 0 0 0
-5.988 1.012 9.513 0 0 0
-3.312 -0.537 0.288 0 0 0
-4.487 7.838 7.663 0 0 0
-3.288 1.363 0.938 0 0 0
-0.463 0.038 0.413 0 0 0
4.188 5.013 4.838 0 0 0
-3.312 0.338 0.138 0 0 0
2.513 -9.363 0.013 0 0 0
3.838 -2.263 -0.438 0 0 0
-3.312 2.238 0.013 0 0 0
0.913 0.812 0.338 0 0 0
-2.562 -0.062 -0.188 0 0 0
0.138 0.562 0.438 0 0 0
-0.613 1.688 0.013 0 0 0
-2.212 0.062 0.463 0 0 0
4.213 3.988 5.513 0 0 0
0.363 -0.213 -0.312 0 0 0
-2.988 -0.812 -0.863 0 0 0
3.863 -2.988 0.213 0 0 0
0.163 -0.213 -0.062 0 0 0
-0.088 0.562 -0.088 0 0 0
-14.763 12.312 7.088 0 0 0
0.388 -0.363 -0.062 0 0 0
-2.212 -0.838 -1.062 0 0 0
4.213 3.088 3.988 0 0 0
-1.113 1.513 0.013 0 0 0
-2.513 0.188 0.188 0 0 0
-3.363 0.138 -0.363 0 0 0
-0.138 -0.138 -1.488 0 0 0
-0.738 6.363 8.488 0 0 0
-12.788 -11.113 0.013 0 0 0
-3.213 7.038 7.988 0 0 0
-3.263 -0.288 -0.338 0 0 0
-4.988 1.012 9.713 0 0 0
0.938 0.363 0.088 0 0 0
-3.438 2.138 -0.238 0 0 0
0.338 1.438 -0.838 0 0 0
3.838 7.438 1.012 0 0 0
-14.588 7.163 8.638 0 0 0
0.238 -1.213 -1.088 0 0 0
-3.338 0.863 0.413 0 0 0
-2.413 0.062 0.463 0 0 0
-9.138 13.562 7.988 0 0 0
3.363 -0.513 6.388 0 0 0
-3.438 0.113 0.038 0 0 0
-11.263 6.188 8.037 0 0 0
-6.763 7.413 7.588 0 0 0
-3.038 -0.738 -1.113 0 0 0
-3.838 1.238 0.013 0 0 0
-1.113 2.263 0.013 0 0 0
-0.463 -0.238 -0.213 0 0 0
-14.938 5.888 8.113 0 0 0
4.112 -4.737 0.013 0 0 0
-0.312 -0.888 -0.988 0 0 0
-3.263 -0.113 0.062 0 0 0
-10.138 -8.812 0.013 0 0 0
0.938 0.537 0.488 0 0 0
4.062 4.562 6.538 0 0 0
-10.088 1.062 9.638 0 0 0
0.013 0.038 0.312 0 0 0
4.112 -3.988 0.013 0 0 0
-5.588 6.038 7.788 0 0 0
-14.763 6.113 7.888 0 0 0
-5.013 5.863 8.188 0 0 0
-3.888 -15.562 0.013 0 0 0
-6.438 7.062 8.412 0 0 0
-0.863 -0.138 -1.613 0 0 0
0.663 1.513 0.013 0 0 0
-12.113 -7.138 5.288 0 0 0
-16.088 5.838 7.438 0 0 0
-3.062 -1.113 -1.088 0 0 0
-8.238 9.863 2.288 0 0 0
-22.238 3.663 5.238 0 0 0
-2.138 -0.888 -1.012 0 0 0
-0.363 -0.038 -0.038 0 0 0
-3.312 0.588 0.562 0 0 0
0.888 0.788 0.413 0 0 0
-3.363 -7.513 4.938 0 0 0
-2.763 16.387 7.288 0 0 0
-1.062 -0.163 -1.763 0 0 0
-3.538 -1.338 -0.988 0 0 0
-10.088 -9.412 0.013 0 0 0
-10.288 -7.363 1.413 0 0 0
0.488 1.288 -1.038 0 0 0
4.112 3.312 4.638 0 0 0
4.213 3.562 3.363 0 0 0
0.788 -0.363 -3.713 0 0 0
3.913 -3.213 1.688 0 0 0
-8.463 7.988 6.513 0 0 0
0.088 -0.788 -1.062 0 0 0
-3.288 -0.163 0.062 0 0 0
3.888 -3.338 1.137 0 0 0
-2.363 0.062 0.138 0 0 0
-0.038 -0.288 -0.013 0 0 0
-0.013 -0.288 -0.013 0 0 0
-0.038 -0.288 -0.038 0 0 0
4.013 2.288 0.288 0 0 0
-4.562 -0.788 9.263 0 0 0
-0.062 -0.263 -0.138 0 0 0
-1.488 -0.163 -1.763 0 0 0
3.788 1.863 0.013 0 0 0
4.338 4.487 4.913 0 0 0
0.812 0.062 0.763 0 0 0
-0.188 0.062 0.713 0 0 0
-0.013 0.013 0.213 0 0 0
0.838 0.413 -0.263 0 0 0
0.338 -0.213 -0.288 0 0 0
0.163 -0.138 -1.312 0 0 0
-0.338 -0.788 -1.062 0 0 0
-0.688 -0.188 -1.863 0 0 0
-1.163 -1.438 -1.113 0 0 0
-2.812 -0.113 -1.562 0 0 0
0.763 1.562 0.013 0 0 0
-3.663 -0.163 -2.113 0 0 0
-3.513 0.213 1.613 0 0 0
-3.188 0.163 0.088 0 0 0
-2.562 -1.713 -0.913 0 0 0
-13.163 6.938 8.363 0 0 0
3.913 4.487 4.913 0 0 0
-2.812 1.838 -0.537 0 0 0
0.413 0.413 -0.263 0 0 0
0.263 -1.713 -1.163 0 0 0
0.738 0.738 0.013 0 0 0
-2.538 4.388 -0.488 0 0 0
-3.238 -1.088 -0.438 0 0 0
-8.938 1.038 9.488 0 0 0
-3.363 1.888 0.738 0 0 0
4.188 4.463 6.188 0 0 0
-0.338 6.938 7.788 0 0 0
0.963 0.588 0.013 0 0 0
0.238 -7.488 4.362 0 0 0
-16.637 5.913 7.588 0 0 0
-0.013 0.062 0.763 0 0 0
-3.288 -0.188 -2.212 0 0 0
-2.613 1.438 0.013 0 0 0
-4.312 -1.938 0.463 0 0 0
-3.888 -2.212 0.438 0 0 0
-6.338 -7.538 4.713 0 0 0
3.338 -7.263 4.263 0 0 0
-0.163 -0.213 0.113 0 0 0
-25.888 1.137 8.312 0 0 0
-7.913 6.038 8.113 0 0 0
-2.288 -0.763 -1.012 0 0 0
-4.463 6.963 8.263 0 0 0
0.312 0.738 0.013 0 0 0
0.738 1.488 0.013 0 0 0
-0.438 5.938 7.788 0 0 0
3.363 -9.763 0.013 0 0 0
0.888 -0.038 -0.338 0 0 0
0.537 0.588 0.013 0 0 0
3.363 0.663 7.213 0 0 0
-3.863 2.388 -0.413 0 0 0
0.338 0.588 0.263 0 0 0
-4.112 -0.913 -0.963 0 0 0
0.238 1.288 0.013 0 0 0
-3.888 1.413 -0.812 0 0 0
-2.863 -1.113 -0.537 0 0 0
0.513 2.388 0.013 0 0 0
0.413 -0.263 -0.238 0 0 0
-0.863 -0.213 -2.363 0 0 0
-1.163 1.838 -1.088 0 0 0
0.213 -0.263 0.013 0 0 0
-4.062 -7.188 5.713 0 0 0
-3.738 -0.138 -1.838 0 0 0
-5.013 8.088 5.913 0 0 0
-3.263 -0.438 -0.388 0 0 0
-2.838 0.312 -0.388 0 0 0
3.963 -1.613 1.213 0 0 0
-1.088 -2.038 -0.938 0 0 0
-0.213 -0.138 -0.138 0 0 0
-2.363 4.338 -0.738 0 0 0
-6.538 1.738 16.913 0 0 0
-14.163 -12.312 0.013 0 0 0
-2.263 -0.463 -0.738 0 0 0
0.013 -0.288 -0.138 0 0 0
-2.588 -0.763 -1.137 0 0 0
-12.163 6.113 8.188 0 0 0
-1.062 -7.713 5.238 0 0 0
2.138 7.838 5.638 0 0 0
-0.188 1.288 0.013 0 0 0
-2.513 0.062 0.288 0 0 0
1.163 5.713 8.013 0 0 0
3.838 -3.088 -0.463 0 0 0
-0.363 10.913 1.538 0 0 0
-25.713 5.463 8.088 0 0 0
0.863 0.062 0.663 0 0 0
-7.238 -0.763 9.188 0 0 0
-6.688 -7.338 4.188 0 0 0
-5.388 14.463 6.463 0 0 0
-1.288 5.938 7.788 0 0 0
-3.838 10.463 1.513 0 0 0
-1.913 -0.913 -0.963 0 0 0
0.138 -0.888 -1.012 0 0 0
-10.538 6.113 8.138 0 0 0
0.013 -0.413 0.013 0 0 0
-2.763 0.537 -0.238 0 0 0
-2.263 -0.288 -0.338 0 0 0
0.312 -1.137 -0.988 0 0 0
-3.338 0.163 0.238 0 0 0
-6.838 1.738 16.788 0 0 0
-0.562 0.113 1.012 0 0 0
-0.288 -0.913 -1.012 0 0 0
0.388 -0.312 -0.238 0 0 0
0.763 0.088 0.963 0 0 0
-10.688 7.788 7.738 0 0 0
-2.288 0.088 0.688 0 0 0
0.363 -0.288 -0.338 0 0 0
-8.812 7.288 7.062 0 0 0
-3.363 2.087 0.013 0 0 0
3.888 3.463 4.913 0 0 0
-1.413 -0.838 -1.062 0 0 0
3.963 -1.638 -1.062 0 0 0
-9.812 10.062 1.513 0 0 0
-4.888 -7.238 4.138 0 0 0
-2.337 0.013 0.038 0 0 0
0.988 -1.863 -1.088 0 0 0
0.013 0.062 0.663 0 0 0
0.888 -0.138 -1.312 0 0 0
-1.488 -2.188 -0.938 0 0 0
-3.238 8.138 7.062 0 0 0
4.263 7.088 1.638 0 0 0
-0.537 -0.963 0.013 0 0 0
-1.338 6.463 7.288 0 0 0
-2.212 -0.613 -0.838 0 0 0
-2.013 -0.213 -2.488 0 0 0
-3.338 0.788 0.388 0 0 0
-2.438 -1.488 -0.938 0 0 0
-3.163 1.137 0.013 0 0 0
4.013 4.312 4.088 0 0 0
-13.138 1.088 9.463 0 0 0
-2.713 0.062 -0.988 0 0 0
-11.988 -9.037 0.013 0 0 0
0.338 -0.363 -0.338 0 0 0
-1.288 -0.312 -3.338 0 0 0
-2.038 -1.413 -1.088 0 0 0
-1.238 0.113 -1.288 0 0 0
0.863 -0.038 -0.312 0 0 0
0.663 -0.338 -0.038 0 0 0
-2.263 -0.838 -1.062 0 0 0
-2.188 -0.013 -0.312 0 0 0
-3.463 -0.812 -1.137 0 0 0
4.163 2.513 3.438 0 0 0
-1.638 -2.663 -0.913 0 0 0
-15.638 7.038 8.062 0 0 0
-2.838 -1.213 -0.588 0 0 0
0.038 -0.213 0.062 0 0 0
-8.363 1.788 16.988 0 0 0
-4.562 6.913 7.812 0 0 0
0.263 0.513 0.588 0 0 0
-0.388 -0.088 -0.088 0 0 0
-9.037 11.062 9.162 0 0 0
-4.913 1.038 9.988 0 0 0
-0.838 1.238 0.013 0 0 0
0.438 -0.038 -0.312 0 0 0
-3.812 -11.062 0.013 0 0 0
0.413 1.438 -0.963 0 0 0
-2.713 5.763 8.138 0 0 0
-2.538 -0.863 -1.088 0 0 0
-9.162 -11.338 0.013 0 0 0
0.613 -0.263 -0.288 0 0 0
-8.562 7.312 7.113 0 0 0
-2.738 5.788 8.037 0 0 0
3.913 -0.537 6.538 0 0 0
-0.488 -0.963 -0.312 0 0 0
-20.138 0.763 5.312 0 0 0
-2.363 -1.088 -1.062 0 0 0
-4.237 -11.062 0.013 0 0 0
-16.963 1.213 10.088 0 0 0
0.213 -0.288 -0.188 0 0 0
-1.663 9.888 2.812 0 0 0
0.263 -1.088 -1.062 0 0 0
3.888 -2.087 1.388 0 0 0
-3.363 1.188 0.562 0 0 0
-2.263 -0.238 -2.588 0 0 0
-0.413 -0.238 -2.388 0 0 0
-1.088 1.338 0.013 0 0 0
0.338 -0.288 -0.312 0 0 0
-2.212 -0.363 -0.413 0 0 0
-3.312 0.513 -0.062 0 0 0
-2.263 -0.763 -1.038 0 0 0
-3.163 -0.163 -1.988 0 0 0
0.763 0.913 0.388 0 0 0
-2.663 6.463 7.938 0 0 0
-6.812 6.188 7.738 0 0 0
4.163 4.237 5.663 0 0 0
-1.963 -0.738 -1.038 0 0 0
-1.838 -0.188 -2.038 0 0 0
-0.838 -0.238 -2.388 0 0 0
-6.363 -0.788 8.638 0 0 0
-7.163 -8.863 0.013 0 0 0
-1.513 -8.562 0.013 0 0 0
-0.738 -0.888 -0.988 0 0 0
-2.188 -1.738 -0.913 0 0 0
3.438 0.788 8.463 0 0 0
-2.938 2.513 -0.438 0 0 0
-10.288 5.763 7.713 0 0 0
-12.312 1.738 16.213 0 0 0
-1.288 1.188 0.013 0 0 0
-1.863 -0.838 -1.038 0 0 0
-9.863 5.938 8.113 0 0 0
-8.463 16.713 7.163 0 0 0
4.163 -5.963 0.013 0 0 0
-0.338 -0.388 -0.438 0 0 0
-3.513 0.363 3.138 0 0 0
0.788 0.888 -0.113 0 0 0
-1.163 -0.888 -0.988 0 0 0
-4.088 -1.738 0.537 0 0 0
-3.438 1.738 -0.038 0 0 0
-3.438 1.738 -0.013 0 0 0
-0.188 0.588 -0.163 0 0 0
-3.363 2.513 -0.438 0 0 0
-1.713 1.188 0.013 0 0 0
-3.738 0.338 2.888 0 0 0
0.238 -0.738 -1.038 0 0 0
-2.363 0.013 -0.263 0 0 0
0.288 -0.338 -0.138 0 0 0
-3.238 0.038 -0.013 0 0 0
-1.263 -7.538 5.163 0 0 0
-13.263 -9.988 0.013 0 0 0
0.438 0.513 0.363 0 0 0
-2.938 -0.113 -1.438 0 0 0
0.488 0.438 0.013 0 0 0
0.338 -1.863 -1.062 0 0 0
0.038 -1.288 -0.388 0 0 0
0.913 0.613 0.413 0 0 0
4.138 2.963 4.163 0 0 0
-2.238 -0.562 0.013 0 0 0
-2.863 -1.763 -0.163 0 0 0
0.288 -0.463 0.013 0 0 0
3.413 0.688 7.312 0 0 0
-0.088 0.062 0.488 0 0 0
-13.488 -9.088 0.013 0 0 0
0.413 0.988 0.013 0 0 0
0.588 -0.562 -0.238 0 0 0
-10.688 5.638 8.113 0 0 0
1.588 -7.713 5.438 0 0 0
-1.113 7.888 5.713 0 0 0
-9.838 8.088 6.588 0 0 0
-3.263 -0.213 -0.163 0 0 0
-1.988 5.913 7.713 0 0 0
0.488 1.188 0.013 0 0 0
0.863 -0.062 -0.513 0 0 0
-0.513 -0.138 -1.588 0 0 0
-3.363 -0.638 0.113 0 0 0
-3.338 0.213 0.062 0 0 0
-3.338 0.663 0.488 0 0 0
0.288 0.588 0.263 0 0 0
-12.338 6.688 7.638 0 0 0
4.038 -0.288 -2.513 0 0 0
-13.688 -9.238 0.013 0 0 0
-2.688 0.638 -0.263 0 0 0
-0.038 -0.562 0.013 0 0 0
-2.212 -1.312 -1.012 0 0 0
0.312 -1.213 -1.012 0 0 0
0.438 -0.062 -0.513 0 0 0
-16.512 -11.988 0.013 0 0 0
-0.513 -0.838 -1.038 0 0 0
-2.138 1.488 -1.088 0 0 0
-2.337 -0.812 0.013 0 0 0
0.812 4.138 4.638 0 0 0
-5.038 -7.588 3.888 0 0 0
-3.363 0.113 0.113 0 0 0
-1.163 -7.663 4.163 0 0 0
3.812 -3.088 0.038 0 0 0
0.038 0.513 -0.138 0 0 0
3.913 -2.738 1.738 0 0 0
-3.363 0.163 1.263 0 0 0
1.163 -7.562 4.413 0 0 0
-3.613 6.388 8.338 0 0 0
-2.188 7.088 7.988 0 0 0
-1.137 -0.163 -1.738 0 0 0
3.913 3.088 1.213 0 0 0
-2.638 -1.312 -1.012 0 0 0
1.062 1.888 -0.338 0 0 0
-1.838 -1.663 -1.088 0 0 0
3.863 -2.212 1.838 0 0 0
-0.263 -0.238 -0.263 0 0 0
0.713 -0.363 -3.688 0 0 0
-3.188 -1.562 0.013 0 0 0
0.913 0.688 0.438 0 0 0
-3.238 -1.088 -1.038 0 0 0
-0.013 0.488 0.263 0 0 0
-0.038 0.488 0.263 0 0 0
0.088 0.038 0.388 0 0 0
3.963 3.288 0.438 0 0 0
-1.463 -7.338 5.963 0 0 0
-4.038 6.963 7.938 0 0 0
-7.613 5.763 7.613 0 0 0
-2.963 1.638 0.013 0 0 0
4.288 4.038 5.613 0 0 0
3.988 5.062 6.863 0 0 0
0.463 -0.038 -0.338 0 0 0
-0.713 0.812 0.488 0 0 0
4.038 3.588 3.413 0 0 0
-0.788 -0.138 -1.538 0 0 0
-14.588 1.663 14.988 0 0 0
0.062 0.513 0.038 0 0 0
0.963 0.312 0.062 0 0 0
0.062 -0.513 0.013 0 0 0
-7.188 6.388 7.763 0 0 0
0.888 -1.062 -0.963 0 0 0
0.763 0.888 0.188 0 0 0
-24.713 6.488 8.912 0 0 0
0.863 -0.163 -1.488 0 0 0
-0.988 -0.163 -1.688 0 0 0
4.138 2.588 3.163 0 0 0
-3.413 0.088 0.013 0 0 0
-3.288 -0.363 0.138 0 0 0
-2.087 -0.138 -1.638 0 0 0
-3.963 -1.938 0.488 0 0 0
-1.438 -0.988 -1.088 0 0 0
0.888 0.312 0.463 0 0 0
-3.263 3.388 0.263 0 0 0
-0.963 -0.888 -1.038 0 0 0
-14.938 1.763 15.888 0 0 0
-3.363 -7.588 3.588 0 0 0
0.388 -0.938 -0.988 0 0 0
0.288 0.537 0.438 0 0 0
0.438 -0.163 -1.488 0 0 0
-2.488 0.013 0.062 0 0 0
-24.963 5.312 7.263 0 0 0
-3.312 -0.638 0.013 0 0 0
-7.013 7.938 7.812 0 0 0
0.913 0.413 -0.188 0 0 0
-2.588 8.062 5.838 0 0 0
-5.013 7.288 7.513 0 0 0
3.913 4.588 0.613 0 0 0
0.038 0.463 0.038 0 0 0
-0.263 -7.488 3.638 0 0 0
-0.513 6.963 7.838 0 0 0
-8.688 -8.988 0.013 0 0 0
-14.538 -0.763 7.588 0 0 0
-11.938 -15.838 0.013 0 0 0
3.438 0.613 6.738 0 0 0
-12.238 -8.588 0.013 0 0 0
3.638 0.463 5.213 0 0 0
0.388 0.562 -0.312 0 0 0
-1.137 6.188 7.688 0 0 0
-2.913 -0.562 -0.213 0 0 0
-2.138 -0.438 -0.562 0 0 0
0.588 -0.888 -0.688 0 0 0
0.838 0.838 -0.013 0 0 0
-9.188 -9.188 0.013 0 0 0
-6.062 -8.988 0.013 0 0 0
3.938 -1.812 1.113 0 0 0
0.338 -0.988 -1.088 0 0 0
-1.788 11.038 8.963 0 0 0
3.463 -2.663 0.463 0 0 0
-1.588 -0.888 -1.038 0 0 0
-7.288 -7.463 1.388 0 0 0
3.588 -7.413 2.388 0 0 0
-0.863 7.163 7.838 0 0 0
0.188 0.588 0.688 0 0 0
-3.338 0.338 0.038 0 0 0
4.163 4.112 4.487 0 0 0
3.988 2.763 0.363 0 0 0
-0.588 1.713 -0.988 0 0 0
-8.438 8.238 6.062 0 0 0
0.138 0.513 0.713 0 0 0
2.613 -7.513 4.413 0 0 0
-19.663 -0.738 7.013 0 0 0
4.138 -5.312 0.013 0 0 0
-2.438 7.113 8.438 0 0 0
-3.338 3.113 -0.238 0 0 0
-10.388 1.062 9.613 0 0 0
-0.988 0.088 -1.263 0 0 0
3.788 -1.888 0.763 0 0 0
0.913 0.488 -0.163 0 0 0
-2.062 -7.463 5.088 0 0 0
3.938 -4.388 1.263 0 0 0
-4.788 6.188 8.188 0 0 0
-2.513 -0.238 -2.613 0 0 0
4.163 3.562 4.362 0 0 0
0.938 0.312 0.363 0 0 0
-2.863 -0.562 -0.463 0 0 0
-0.363 -0.888 -0.988 0 0 0
0.738 0.888 0.213 0 0 0
-3.038 -1.088 -1.088 0 0 0
-1.663 -0.213 -2.463 0 0 0
-3.238 0.963 0.312 0 0 0
0.888 -0.062 -0.537 0 0 0
0.713 0.913 0.113 0 0 0
-2.513 -0.763 -1.062 0 0 0
-1.988 1.738 -1.062 0 0 0
-3.338 -1.413 -1.113 0 0 0
0.913 0.663 0.238 0 0 0
-25.163 5.488 6.388 0 0 0
-2.438 0.038 -0.038 0 0 0
3.188 -0.788 9.338 0 0 0
-1.088 -0.213 -2.413 0 0 0
0.888 -0.763 0.013 0 0 0
0.463 -0.062 -0.537 0 0 0
4.038 2.312 0.288 0 0 0
0.913 0.537 0.388 0 0 0
-1.838 1.588 0.013 0 0 0
-5.312 -7.288 5.738 0 0 0
0.188 0.038 -0.038 0 0 0
-1.213 3.062 -0.988 0 0 0
-2.588 -1.363 -0.938 0 0 0
-1.613 1.438 0.013 0 0 0
-0.613 -0.812 -0.988 0 0 0
0.688 0.988 -0.013 0 0 0
-7.638 -10.888 0.013 0 0 0
-1.513 -0.213 -2.413 0 0 0
-10.088 14.663 7.838 0 0 0
-3.338 0.713 0.312 0 0 0
-3.288 0.638 -0.013 0 0 0
-7.988 -7.188 4.737 0 0 0
-16.863 5.638 6.913 0 0 0
-2.263 1.588 0.013 0 0 0
3.562 -6.838 3.963 0 0 0
-0.238 0.038 -0.038 0 0 0
0.088 0.638 0.338 0 0 0
-1.312 11.188 7.363 0 0 0
3.763 0.763 8.088 0 0 0
0.388 1.513 -1.038 0 0 0
-1.312 6.238 7.738 0 0 0
-1.012 9.963 8.912 0 0 0
0.038 -0.312 -0.163 0 0 0
4.112 2.337 3.238 0 0 0
3.888 2.863 1.163 0 0 0
-3.288 -0.513 0.088 0 0 0
3.863 -2.263 -0.638 0 0 0
-1.713 -0.763 -1.012 0 0 0
0.213 0.062 0.613 0 0 0
0.013 0.613 0.738 0 0 0
3.888 -0.488 5.788 0 0 0
0.163 0.562 0.238 0 0 0
-5.538 -7.513 1.388 0 0 0
-0.613 0.438 0.588 0 0 0
-14.562 1.663 14.963 0 0 0
0.513 -0.088 -0.788 0 0 0
-1.188 5.663 8.013 0 0 0
-1.863 1.513 0.013 0 0 0
-3.438 -1.363 -0.938 0 0 0
-3.312 1.288 0.838 0 0 0
0.312 0.513 0.488 0 0 0
0.888 0.463 0.663 0 0 0
0.913 -0.763 -1.012 0 0 0
-2.888 -0.763 8.713 0 0 0
-3.338 0.312 0.438 0 0 0
-0.062 -7.463 4.338 0 0 0
-0.988 -1.263 -0.463 0 0 0
-2.163 2.238 0.013 0 0 0
-2.087 -0.938 0.013 0 0 0
1.312 -7.663 5.312 0 0 0
-1.163 0.113 -1.213 0 0 0
-3.338 1.638 0.713 0 0 0
-3.363 -0.863 -0.688 0 0 0
0.688 -0.888 -1.038 0 0 0
-8.938 1.763 16.663 0 0 0
-0.713 1.263 -1.088 0 0 0
-2.812 -0.163 -1.963 0 0 0
0.488 -0.763 -1.012 0 0 0
0.938 0.388 -0.213 0 0 0
0.338 -0.388 0.138 0 0 0
-2.212 -1.488 0.013 0 0 0
0.763 0.938 0.013 0 0 0
-5.788 5.738 7.688 0 0 0
-3.413 1.588 -0.013 0 0 0
0.338 1.513 0.013 0 0 0
-4.988 7.263 7.488 0 0 0
3.388 -0.488 6.188 0 0 0
-14.088 5.638 7.713 0 0 0
-1.763 -0.812 -1.113 0 0 0
0.263 -0.888 -1.038 0 0 0
-2.288 -0.938 0.013 0 0 0
-1.137 1.263 -1.088 0 0 0
0.888 -1.137 -0.988 0 0 0
-22.438 -6.863 0.013 0 0 0
0.163 0.038 0.513 0 0 0
0.062 -0.763 -1.012 0 0 0
-2.463 7.963 6.562 0 0 0
0.913 -0.413 -0.213 0 0 0
0.263 0.488 0.388 0 0 0
0.513 -0.312 -0.263 0 0 0
-14.263 -9.638 0.013 0 0 0
-7.863 16.887 -0.213 0 0 0
-2.388 1.263 0.013 0 0 0
-0.163 -0.888 -1.038 0 0 0
0.238 -0.088 0.013 0 0 0
0.463 -1.137 -0.988 0 0 0
3.812 -2.113 -0.338 0 0 0
-0.363 -0.763 -1.012 0 0 0
-1.963 -0.812 -1.113 0 0 0
0.688 0.488 -0.213 0 0 0
-2.488 2.263 0.013 0 0 0
-16.137 1.663 14.913 0 0 0
-0.062 3.838 0.013 0 0 0
0.812 -1.413 -0.213 0 0 0
-5.638 -9.388 0.013 0 0 0
-2.562 4.413 -0.363 0 0 0
-2.913 7.963 5.788 0 0 0
-0.288 -1.263 -0.388 0 0 0
-15.363 1.638 14.713 0 0 0
-0.588 -0.888 -1.038 0 0 0
-2.812 1.263 0.013 0 0 0
2.288 -0.763 9.338 0 0 0
-1.888 -0.213 -2.513 0 0 0
3.463 -6.138 4.513 0 0 0
4.112 5.788 8.287 0 0 0
-2.713 -0.188 0.013 0 0 0
-0.413 0.113 1.163 0 0 0
-3.513 0.238 1.913 0 0 0
-1.988 3.038 -0.988 0 0 0
2.188 6.312 8.088 0 0 0
-14.713 1.663 15.113 0 0 0
0.938 0.463 -0.188 0 0 0
-14.613 6.838 7.838 0 0 0
-2.638 -6.538 0.013 0 0 0
0.388 -1.413 -0.213 0 0 0
-2.513 1.463 0.013 0 0 0
0.913 0.513 0.188 0 0 0
0.438 2.312 0.013 0 0 0
-1.088 -0.763 -1.062 0 0 0
-2.513 0.013 -0.113 0 0 0
-1.163 -0.312 -3.363 0 0 0
-4.188 7.013 7.913 0 0 0
-6.812 -7.663 3.812 0 0 0
0.113 -0.312 -0.088 0 0 0
-14.388 -12.062 0.013 0 0 0
-2.113 2.062 -1.088 0 0 0
-2.337 -0.213 -0.088 0 0 0
0.588 1.238 -0.588 0 0 0
-5.363 12.663 7.363 0 0 0
0.688 -7.913 4.413 0 0 0
-3.363 0.713 0.013 0 0 0
0.013 2.312 0.013 0 0 0
-3.238 -1.188 0.013 0 0 0
-3.138 0.562 0.013 0 0 0
0.738 -1.012 -0.988 0 0 0
0.288 -0.138 -1.463 0 0 0
-3.363 0.188 1.562 0 0 0
0.363 -0.338 -0.062 0 0 0
0.812 0.838 0.463 0 0 0
0.713 -0.988 -1.088 0 0 0
-3.013 -1.338 0.013 0 0 0
-0.312 1.463 0.013 0 0 0
0.738 1.338 -0.688 0 0 0
0.938 0.363 0.188 0 0 0
0.663 -0.438 -0.312 0 0 0
-3.338 1.888 0.537 0 0 0
-2.938 2.212 0.013 0 0 0
4.188 5.738 8.062 0 0 0
0.537 -0.588 -0.713 0 0 0
-1.788 12.263 7.538 0 0 0
1.863 -7.738 3.838 0 0 0
0.312 -1.012 -0.988 0 0 0
-3.263 -1.438 -0.113 0 0 0
-2.812 -1.763 -0.863 0 0 0
0.938 0.238 0.338 0 0 0
-3.863 1.263 0.013 0 0 0
3.913 5.312 5.763 0 0 0
-1.613 -1.338 -1.038 0 0 0
4.288 5.562 6.513 0 0 0
-2.713 -1.312 -0.988 0 0 0
-11.988 -10.413 0.013 0 0 0
-6.738 -9.287 0.013 0 0 0
-1.588 -0.038 -0.663 0 0 0
-2.863 8.188 7.088 0 0 0
-0.513 1.312 0.013 0 0 0
-0.438 -0.138 -1.513 0 0 0
-3.038 -0.863 -0.863 0 0 0
0.263 0.863 0.062 0 0 0
0.913 0.588 0.213 0 0 0
-2.438 -0.038 -0.062 0 0 0
-3.338 -0.213 -2.688 0 0 0
-3.288 0.238 0.038 0 0 0
4.138 2.613 3.463 0 0 0
-1.863 0.113 0.988 0 0 0
0.688 1.438 -0.938 0 0 0
-0.638 -0.163 -1.663 0 0 0
-14.138 6.288 8.138 0 0 0
-0.163 0.562 -0.188 0 0 0
-0.638 -9.138 0.013 0 0 0
-0.938 1.312 0.013 0 0 0
-0.863 -0.138 -1.513 0 0 0
-2.562 -1.188 -1.088 0 0 0
-1.913 -1.463 -0.938 0 0 0
-2.963 4.763 -0.062 0 0 0
-3.963 -0.763 8.738 0 0 0
-1.038 1.713 -1.012 0 0 0
-7.138 -2.163 -0.138 0 0 0
-0.438 -0.938 0.013 0 0 0
-12.713 -7.388 4.112 0 0 0
0.888 0.788 0.513 0 0 0
-2.738 -0.088 -1.338 0 0 0
-8.088 13.062 7.663 0 0 0
-1.363 1.312 0.013 0 0 0
3.688 -7.388 2.913 0 0 0
-9.812 8.037 6.562 0 0 0
-1.288 -0.138 -1.513 0 0 0
-0.263 -0.138 0.062 0 0 0
0.163 0.613 0.062 0 0 0
-2.763 -2.212 -0.938 0 0 0
-2.337 -1.463 -0.938 0 0 0
-2.138 -0.188 -2.062 0 0 0
-5.463 6.788 7.763 0 0 0
0.863 1.988 0.238 0 0 0
-13.913 1.738 15.863 0 0 0
-3.188 1.012 -0.188 0 0 0
4.138 3.238 3.613 0 0 0
-2.363 0.062 0.238 0 0 0
-4.237 -15.788 0.013 0 0 0
-0.038 -0.288 0.062 0 0 0
-1.137 1.312 0.013 0 0 0
3.863 -2.337 -0.663 0 0 0
-0.062 -0.263 -0.038 0 0 0
-1.263 1.213 0.013 0 0 0
4.013 4.663 6.312 0 0 0
0.013 0.537 0.713 0 0 0
0.812 0.062 0.863 0 0 0
-2.913 0.038 -0.312 0 0 0
-1.713 0.088 0.638 0 0 0
0.863 0.838 0.363 0 0 0
0.763 -0.812 -1.012 0 0 0
-3.113 0.038 -0.062 0 0 0
-2.288 -0.788 8.963 0 0 0
-3.088 1.038 0.338 0 0 0
3.488 0.562 6.013 0 0 0
-3.338 1.113 0.938 0 0 0
-2.438 7.938 6.538 0 0 0
0.288 -2.062 -0.938 0 0 0
0.537 -0.338 -0.288 0 0 0
-3.363 1.137 0.838 0 0 0
-3.363 0.263 0.312 0 0 0
-0.062 0.488 -0.038 0 0 0
-0.062 0.488 -0.013 0 0 0
0.838 1.312 0.013 0 0 0
-1.688 1.213 0.013 0 0 0
-2.588 -0.838 -1.062 0 0 0
-0.138 0.038 0.338 0 0 0
-3.338 1.562 0.688 0 0 0
-9.463 12.013 7.113 0 0 0
-10.938 5.838 7.913 0 0 0
-0.562 0.163 0.188 0 0 0
-3.113 4.138 -0.062 0 0 0
-1.788 -0.163 -1.788 0 0 0
0.963 0.288 -0.138 0 0 0
-3.388 1.613 0.488 0 0 0
-2.812 -7.288 5.863 0 0 0
0.713 -0.163 -1.663 0 0 0
-3.888 -2.513 0.288 0 0 0
-9.113 5.888 8.013 0 0 0
-2.113 1.213 0.013 0 0 0
-0.638 -0.788 -1.088 0 0 0
-12.638 6.263 8.113 0 0 0
-3.113 -0.113 -1.588 0 0 0
-0.713 0.088 0.838 0 0 0
0.938 0.613 0.013 0 0 0
0.488 1.363 -0.913 0 0 0
-0.113 0.562 -0.288 0 0 0
0.088 0.062 0.738 0 0 0
-9.363 6.812 7.913 0 0 0
-0.763 1.863 -1.088 0 0 0
-0.812 -0.138 -1.613 0 0 0
0.713 1.513 0.013 0 0 0
0.938 0.488 0.163 0 0 0
-1.688 5.562 7.863 0 0 0
-17.088 1.663 14.738 0 0 0
-1.062 -0.788 -1.088 0 0 0
-2.913 -1.788 -0.163 0 0 0
-3.088 -0.838 -0.663 0 0 0
-5.788 5.838 8.062 0 0 0
-18.137 1.163 9.537 0 0 0
3.913 5.138 0.688 0 0 0
0.713 0.938 -0.263 0 0 0
-1.888 -1.388 0.013 0 0 0
-13.663 -9.213 0.013 0 0 0
4.163 -9.788 0.013 0 0 0
-2.312 -7.338 5.913 0 0 0
-3.062 2.363 -0.413 0 0 0
-3.463 0.188 1.388 0 0 0
0.463 1.562 -0.613 0 0 0
-17.238 1.738 15.388 0 0 0
-2.663 -9.238 0.013 0 0 0
-1.463 -0.812 -0.988 0 0 0
4.013 -0.188 2.238 0 0 0
-5.188 -0.763 8.488 0 0 0
-1.488 -0.788 -1.088 0 0 0
3.963 3.438 4.663 0 0 0
-11.688 5.738 7.913 0 0 0
-3.113 -1.088 -1.062 0 0 0
-2.312 0.062 0.138 0 0 0
-2.013 1.263 0.013 0 0 0
0.013 -0.288 -0.013 0 0 0
0.013 -0.288 -0.038 0 0 0
-7.838 -7.213 5.538 0 0 0
-3.463 1.463 -0.163 0 0 0
-2.488 0.163 0.263 0 0 0
-9.238 -7.363 1.388 0 0 0
3.838 -3.088 -0.363 0 0 0
-9.838 5.888 7.888 0 0 0
-21.788 1.088 8.263 0 0 0
-2.038 -0.288 0.013 0 0 0
0.588 -0.038 -0.363 0 0 0
-16.387 -9.463 0.013 0 0 0
0.613 1.263 0.013 0 0 0
-1.888 -0.812 -0.988 0 0 0
-11.138 -11.538 0.013 0 0 0
1.163 -7.613 5.288 0 0 0
0.388 0.838 -0.263 0 0 0
-25.263 7.838 0.388 0 0 0
3.863 4.237 1.562 0 0 0
0.413 0.363 0.013 0 0 0
0.688 1.463 0.013 0 0 0
-1.312 -2.163 -0.938 0 0 0
-0.863 -0.163 -1.713 0 0 0
4.163 4.963 4.812 0 0 0
-3.312 0.713 0.638 0 0 0
-16.838 -0.812 9.613 0 0 0
-1.938 0.038 0.038 0 0 0
-0.613 0.113 -1.188 0 0 0
-0.913 -1.088 -1.062 0 0 0
3.812 -2.863 -0.338 0 0 0
0.763 -1.413 -0.213 0 0 0
-2.312 -0.812 -0.988 0 0 0
0.188 1.263 0.013 0 0 0
3.888 -3.038 2.212 0 0 0
0.363 -0.288 -0.238 0 0 0
3.088 0.888 9.513 0 0 0
3.888 -3.613 2.613 0 0 0
1.062 -7.663 3.763 0 0 0
4.038 -0.338 -2.913 0 0 0
0.163 -0.288 0.013 0 0 0
-3.438 -0.763 -1.038 0 0 0
3.788 -1.963 -0.588 0 0 0
0.263 1.463 0.013 0 0 0
-8.162 5.863 8.113 0 0 0
-10.938 -9.162 0.013 0 0 0
0.213 0.537 0.663 0 0 0
-0.513 0.038 0.238 0 0 0
0.363 -0.413 -0.088 0 0 0
-3.638 6.788 7.663 0 0 0
-2.638 -0.788 -1.137 0 0 0
-2.763 1.163 0.013 0 0 0
-0.062 -0.288 -0.238 0 0 0
-1.713 0.062 0.438 0 0 0
0.963 1.988 -0.188 0 0 0
2.888 5.938 8.238 0 0 0
2.263 5.763 8.088 0 0 0
-1.012 -1.638 -1.038 0 0 0
-1.213 -0.238 -2.488 0 0 0
4.213 7.463 1.513 0 0 0
4.138 2.363 3.038 0 0 0
0.138 -0.138 -1.513 0 0 0
-10.463 1.838 17.262 0 0 0
-4.038 2.713 -0.913 0 0 0
-3.288 -0.588 0.013 0 0 0
-3.062 -0.788 -1.137 0 0 0
-3.188 1.163 0.013 0 0 0
2.763 -8.988 0.013 0 0 0
3.863 -1.562 0.963 0 0 0
-5.438 6.763 7.738 0 0 0
-2.188 -0.338 -0.463 0 0 0
-1.238 0.113 -1.188 0 0 0
-0.338 -0.938 -1.012 0 0 0
-2.888 -0.388 -0.363 0 0 0
-3.413 2.062 0.013 0 0 0
-2.938 -2.388 -0.888 0 0 0
-1.012 -0.888 -1.038 0 0 0
-0.513 0.088 0.788 0 0 0
-6.338 9.412 2.312 0 0 0
3.688 5.788 8.287 0 0 0
0.413 -0.763 -0.988 0 0 0
-3.288 0.163 0.013 0 0 0
4.163 2.963 3.963 0 0 0
4.038 2.588 0.338 0 0 0
-2.138 -0.838 -1.088 0 0 0
0.163 0.513 0.562 0 0 0
-7.562 5.713 8.162 0 0 0
2.788 -7.363 6.188 0 0 0
-12.562 5.388 7.413 0 0 0
-14.213 12.688 7.363 0 0 0
-2.788 -0.113 -1.488 0 0 0
3.688 -0.188 -1.463 0 0 0
-1.213 -0.188 -1.938 0 0 0
-0.988 1.163 0.013 0 0 0
-0.263 -0.088 -0.113 0 0 0
-0.363 -0.113 0.038 0 0 0
3.838 -3.538 0.613 0 0 0
-2.963 -1.613 -0.988 0 0 0
-5.838 6.913 8.238 0 0 0
-0.138 0.062 0.688 0 0 0
4.088 3.863 5.363 0 0 0
-2.388 -0.238 -2.638 0 0 0
0.438 0.713 -0.213 0 0 0
3.738 -0.788 9.312 0 0 0
-3.388 -1.438 0.013 0 0 0
4.188 3.413 4.713 0 0 0
-9.088 5.738 8.213 0 0 0
-3.263 0.738 0.537 0 0 0
-1.838 -0.013 -0.413 0 0 0
-2.087 0.038 0.188 0 0 0
-12.038 -9.062 0.013 0 0 0
3.938 3.588 3.938 0 0 0
-6.963 -7.363 1.388 0 0 0
-3.312 0.638 -0.113 0 0 0
-1.288 0.088 -1.288 0 0 0
0.288 -0.988 -1.088 0 0 0
-5.763 6.838 8.138 0 0 0
-3.163 2.488 -0.738 0 0 0
-3.338 0.113 -0.088 0 0 0
-3.213 -1.363 0.013 0 0 0
-3.538 -10.263 0.013 0 0 0
-4.013 1.613 0.013 0 0 0
-9.537 -7.338 3.488 0 0 0
-16.588 5.738 7.913 0 0 0
-11.713 -7.312 4.138 0 0 0
4.013 2.613 3.588 0 0 0
-9.463 8.138 7.338 0 0 0
0.588 -0.062 -0.562 0 0 0
-12.438 1.113 9.638 0 0 0
-8.787 -7.138 4.663 0 0 0
4.138 5.413 4.863 0 0 0
-1.312 -9.438 0.013 0 0 0
-2.288 1.738 -1.088 0 0 0
0.038 0.588 0.713 0 0 0
-8.588 1.062 9.812 0 0 0
3.938 -0.312 3.812 0 0 0
1.088 -0.363 -3.488 0 0 0
-1.763 2.062 -1.062 0 0 0
3.413 6.062 7.913 0 0 0
-2.413 0.062 -0.013 0 0 0
-2.413 0.062 -0.038 0 0 0
-3.913 -2.438 0.013 0 0 0
-0.088 -0.288 -0.213 0 0 0
-1.638 -1.263 -0.513 0 0 0
-1.088 1.663 0.013 0 0 0
-4.513 16.213 7.312 0 0 0
-4.812 -0.788 9.338 0 0 0
4.213 3.738 5.138 0 0 0
0.113 0.463 0.213 0 0 0
0.638 -0.138 -1.438 0 0 0
-3.238 -0.138 -0.338 0 0 0
4.288 4.538 5.888 0 0 0
4.263 4.562 5.788 0 0 0
-9.438 -10.463 0.013 0 0 0
3.613 -5.113 3.812 0 0 0
-6.788 -1.788 -0.388 0 0 0
-3.513 0.363 3.238 0 0 0
-1.488 3.213 0.013 0 0 0
-11.062 1.038 9.188 0 0 0
0.163 -0.312 -0.188 0 0 0
-0.363 0.263 0.312 0 0 0
-3.513 1.838 -1.113 0 0 0
-3.562 -2.913 -0.613 0 0 0
-0.188 0.588 -0.062 0 0 0
-1.588 -0.763 -1.038 0 0 0
-9.938 -10.663 0.013 0 0 0
0.888 -0.163 -1.413 0 0 0
3.888 5.538 6.013 0 0 0
4.188 3.888 3.338 0 0 0
4.237 -6.038 0.013 0 0 0
3.938 3.088 4.362 0 0 0
0.913 0.312 0.263 0 0 0
-2.913 -1.863 -0.188 0 0 0
-3.088 -0.913 -0.688 0 0 0
-1.738 2.562 0.013 0 0 0
0.938 0.713 0.388 0 0 0
-3.413 1.038 0.713 0 0 0
1.488 -7.588 5.263 0 0 0
-7.213 -8.912 0.013 0 0 0
0.913 0.613 0.513 0 0 0
0.888 1.213 0.013 0 0 0
-3.913 1.363 -0.838 0 0 0
-1.938 1.663 0.013 0 0 0
4.263 -7.088 0.013 0 0 0
4.188 4.237 4.737 0 0 0
-3.413 -1.188 -1.088 0 0 0
0.638 -0.088 -0.888 0 0 0
-0.088 0.062 0.588 0 0 0
0.038 0.613 -0.413 0 0 0
-3.338 0.488 0.188 0 0 0
-3.263 1.388 -0.438 0 0 0
4.413 -9.913 0.013 0 0 0
-10.088 5.863 7.988 0 0 0
-3.263 -0.213 -0.062 0 0 0
0.588 -0.163 -1.538 0 0 0
0.913 1.938 0.113 0 0 0
-15.588 1.188 10.038 0 0 0
-3.388 -1.938 -0.163 0 0 0
-3.312 -0.562 0.188 0 0 0
-1.663 -0.038 -0.638 0 0 0
-4.788 -9.812 0.013 0 0 0
-15.938 14.963 6.588 0 0 0
0.562 -0.213 -0.263 0 0 0
-1.863 -0.013 -0.388 0 0 0
-4.263 -10.513 0.013 0 0 0
-2.738 -0.062 -1.038 0 0 0
-8.363 -0.788 9.213 0 0 0
-2.138 1.663 0.013 0 0 0
-3.038 13.788 8.938 0 0 0
0.963 -0.613 -0.238 0 0 0
-0.613 0.513 0.713 0 0 0
-1.012 2.312 -1.088 0 0 0
-7.738 -9.913 0.013 0 0 0
3.738 1.812 0.013 0 0 0
-3.388 6.363 8.287 0 0 0
-3.288 0.013 -0.013 0 0 0
-3.288 0.013 -0.038 0 0 0
3.863 -2.312 -0.363 0 0 0
-4.138 1.012 9.688 0 0 0
3.062 -7.438 5.363 0 0 0
0.363 -0.363 -0.263 0 0 0
-3.013 -1.988 -0.938 0 0 0
-22.088 3.688 5.538 0 0 0
-3.163 0.888 0.363 0 0 0
0.788 1.713 0.013 0 0 0
0.913 0.688 0.537 0 0 0
4.188 5.963 6.963 0 0 0
0.288 -0.388 0.138 0 0 0
3.888 -2.988 1.438 0 0 0
-4.863 -7.312 4.913 0 0 0
0.288 1.513 0.013 0 0 0
1.713 5.812 8.037 0 0 0
-0.288 0.113 1.137 0 0 0
3.413 0.588 6.438 0 0 0
-10.138 16.137 7.238 0 0 0
-16.262 -9.388 0.013 0 0 0
-6.238 1.763 17.012 0 0 0
0.738 0.913 -0.088 0 0 0
-2.788 -6.588 0.013 0 0 0
-11.038 -16.363 0.013 0 0 0
0.488 0.062 -0.888 0 0 0
-2.963 4.237 -1.163 0 0 0
-1.863 -1.562 0.013 0 0 0
-0.963 -0.763 -1.088 0 0 0
-5.312 15.263 8.738 0 0 0
-3.088 0.663 0.013 0 0 0
-2.388 0.013 -0.138 0 0 0
-1.663 -0.138 -1.613 0 0 0
-2.212 8.013 6.963 0 0 0
0.863 -0.738 -0.988 0 0 0
-4.388 15.488 8.812 0 0 0
-3.413 0.088 0.113 0 0 0
0.238 -0.312 -0.113 0 0 0
4.188 4.312 4.163 0 0 0
-0.888 7.988 6.913 0 0 0
-2.613 -0.738 8.363 0 0 0
-3.388 1.513 0.263 0 0 0
-9.537 16.538 7.413 0 0 0
-2.562 -1.788 -0.888 0 0 0
-8.463 8.238 7.188 0 0 0
-0.513 0.888 0.613 0 0 0
-2.413 -0.088 -0.088 0 0 0
0.562 -1.463 -1.113 0 0 0
-1.388 -0.763 -1.088 0 0 0
-2.062 -0.738 -1.113 0 0 0
-0.938 -0.238 -2.463 0 0 0
-1.638 0.088 0.713 0 0 0
4.138 2.763 3.663 0 0 0
0.588 -1.062 -0.988 0 0 0
3.938 2.763 3.913 0 0 0
-1.062 -1.338 -1.062 0 0 0
-1.288 -0.163 -1.713 0 0 0
-2.788 -0.763 -1.113 0 0 0
0.963 -1.863 -1.088 0 0 0
-3.312 1.312 1.137 0 0 0
0.013 -0.562 0.013 0 0 0
-19.288 -8.188 0.013 0 0 0
2.463 6.363 8.588 0 0 0
0.238 -0.713 0.013 0 0 0
3.963 -0.213 -1.588 0 0 0
-1.363 -0.238 -2.463 0 0 0
-0.138 -0.788 -1.012 0 0 0
3.288 0.713 7.738 0 0 0
-2.513 -0.213 -0.238 0 0 0
-1.263 1.438 -1.088 0 0 0
-11.438 1.788 16.838 0 0 0
-2.538 -0.188 -0.338 0 0 0
-3.312 0.163 1.263 0 0 0
-6.763 6.312 8.312 0 0 0
-1.263 7.538 7.913 0 0 0
-3.388 1.263 0.388 0 0 0
-5.288 5.963 7.988 0 0 0
3.038 -0.688 8.488 0 0 0
-1.562 -1.213 -1.088 0 0 0
-20.812 9.663 1.263 0 0 0
0.838 0.838 0.062 0 0 0
-3.312 0.562 -0.138 0 0 0
3.812 -7.238 3.663 0 0 0
-5.488 6.963 7.863 0 0 0
-3.388 6.312 7.863 0 0 0
-0.638 0.088 0.913 0 0 0
-3.013 -3.463 0.013 0 0 0
-0.863 2.087 -1.038 0 0 0
-3.338 0.338 0.138 0 0 0
-3.388 2.013 0.388 0 0 0
-1.988 -1.213 -1.088 0 0 0
-0.488 0.013 0.013 0 0 0
0.663 -0.088 -0.838 0 0 0
0.788 -1.263 -0.312 0 0 0
2.788 1.062 11.213 0 0 0
-3.312 0.738 0.263 0 0 0
-0.738 -0.138 -1.538 0 0 0
0.238 -1.438 -1.113 0 0 0
3.812 -4.638 2.388 0 0 0
-12.062 1.137 10.038 0 0 0
-4.938 7.838 7.663 0 0 0
-3.363 3.138 -0.238 0 0 0
3.788 -2.713 2.163 0 0 0
0.913 0.488 -0.062 0 0 0
-0.062 0.062 0.562 0 0 0
-24.788 8.363 7.413 0 0 0
-2.838 2.013 -0.338 0 0 0
-2.238 -0.238 -0.038 0 0 0
-2.188 -0.488 -0.562 0 0 0
-3.413 1.213 0.388 0 0 0
-0.188 -1.438 -1.113 0 0 0
0.738 0.888 0.312 0 0 0
-11.863 -11.062 0.013 0 0 0
0.913 0.363 0.088 0 0 0
-3.463 2.138 -0.238 0 0 0
-0.913 -0.888 -1.038 0 0 0
0.713 0.913 0.213 0 0 0
-2.562 4.438 -0.062 0 0 0
-1.263 5.713 8.062 0 0 0
-3.263 0.113 -0.213 0 0 0
0.062 -0.263 -0.062 0 0 0
-1.213 -2.062 -0.913 0 0 0
-2.013 -1.588 -1.062 0 0 0
-1.288 5.738 7.963 0 0 0
0.663 -0.038 -0.288 0 0 0
-4.088 1.938 -0.788 0 0 0
3.963 -0.388 4.713 0 0 0
0.913 0.663 0.338 0 0 0
-1.588 0.088 0.613 0 0 0
3.963 -4.112 1.638 0 0 0
-2.713 -0.788 -1.113 0 0 0
2.337 -7.638 5.312 0 0 0
-9.838 1.088 9.738 0 0 0
2.638 -0.788 9.287 0 0 0
-3.288 0.463 -0.338 0 0 0
-0.888 -0.738 -1.012 0 0 0
-8.388 1.038 9.562 0 0 0
0.913 0.537 0.488 0 0 0
-0.312 1.588 0.013 0 0 0
-1.463 -0.138 -1.663 0 0 0
0.062 0.488 -0.062 0 0 0
-8.513 5.812 7.638 0 0 0
-3.312 0.363 0.537 0 0 0
-7.263 -7.138 5.513 0 0 0
-2.013 0.088 0.613 0 0 0
-14.788 1.638 14.663 0 0 0
4.138 3.188 4.487 0 0 0
3.538 0.562 6.113 0 0 0
-2.888 -0.938 -0.338 0 0 0
-2.488 13.338 7.663 0 0 0
-3.312 0.812 0.288 0 0 0
2.863 -7.588 5.312 0 0 0
3.913 -3.438 1.663 0 0 0
-12.288 -10.312 0.013 0 0 0
-1.312 -0.738 -1.012 0 0 0
0.138 -1.038 -0.288 0 0 0
0.562 -0.288 -0.288 0 0 0
-0.413 0.138 0.188 0 0 0
4.213 -6.488 0.013 0 0 0
-9.988 -9.312 0.013 0 0 0
0.338 -0.438 -0.312 0 0 0
-3.763 1.288 0.013 0 0 0
-1.088 -0.163 -1.763 0 0 0
3.888 -3.688 1.263 0 0 0
0.363 0.088 -1.163 0 0 0
-3.413 13.938 9.412 0 0 0
0.963 -0.688 -0.263 0 0 0
0.763 -0.988 0.013 0 0 0
-1.638 0.062 0.513 0 0 0
-2.312 0.088 0.488 0 0 0
0.163 0.562 0.338 0 0 0
-2.013 -0.062 -0.913 0 0 0
-2.388 -0.113 -0.038 0 0 0
-3.388 0.062 0.088 0 0 0
-2.388 -0.163 -1.863 0 0 0
-0.038 -0.788 9.338 0 0 0
-2.988 -0.788 -1.062 0 0 0
-1.137 -1.688 -1.113 0 0 0
-4.188 1.288 0.013 0 0 0
0.888 -0.738 -1.012 0 0 0
4.288 -8.763 0.013 0 0 0
0.138 0.013 -0.038 0 0 0
-3.988 -0.738 8.863 0 0 0
-4.763 -15.562 0.013 0 0 0
0.812 0.413 -0.263 0 0 0
-4.638 -10.913 0.013 0 0 0
-25.538 1.213 9.188 0 0 0
-1.688 3.188 0.013 0 0 0
3.888 -1.613 1.538 0 0 0
-22.588 3.538 4.838 0 0 0
0.938 0.388 -0.113 0 0 0
0.413 -0.312 -3.213 0 0 0
-25.363 7.763 6.888 0 0 0
-2.388 0.062 0.363 0 0 0
-1.788 -0.038 -0.513 0 0 0
0.463 -0.738 -1.012 0 0 0
-9.788 1.113 10.038 0 0 0
0.838 -0.488 -0.263 0 0 0
-3.062 -1.388 -0.938 0 0 0
-3.088 -0.763 8.812 0 0 0
3.988 3.013 4.237 0 0 0
-3.488 -1.263 -1.088 0 0 0
0.938 -0.763 0.013 0 0 0
-4.788 7.013 7.713 0 0 0
-1.988 1.288 0.013 0 0 0
0.537 1.388 0.013 0 0 0
-8.588 9.913 2.288 0 0 0
-7.638 7.488 7.613 0 0 0
-10.138 5.888 7.863 0 0 0
0.138 0.062 0.513 0 0 0
-1.913 1.488 0.013 0 0 0
0.863 -0.812 -1.012 0 0 0
3.763 -5.988 4.237 0 0 0
0.413 -0.488 -0.263 0 0 0
4.112 2.413 3.363 0 0 0
-18.262 9.613 1.463 0 0 0
-3.288 -0.438 0.213 0 0 0
-12.913 1.062 9.287 0 0 0
-0.763 1.513 -1.062 0 0 0
0.913 0.613 -0.088 0 0 0
-3.238 3.688 -0.288 0 0 0
-3.263 -0.038 0.338 0 0 0
-10.062 8.238 6.088 0 0 0
0.138 -1.863 -1.038 0 0 0
-2.413 1.288 0.013 0 0 0
-19.738 -0.763 7.038 0 0 0
-2.863 -0.438 -0.388 0 0 0
3.988 4.263 5.812 0 0 0
-1.788 0.013 0.038 0 0 0
-3.413 2.212 0.213 0 0 0
-1.638 -0.038 -0.463 0 0 0
-11.013 8.088 7.062 0 0 0
0.513 0.588 0.013 0 0 0
0.438 -0.812 -1.012 0 0 0
2.763 10.888 1.513 0 0 0
0.913 0.338 -0.113 0 0 0
-2.413 0.138 0.138 0 0 0
0.388 -0.263 -0.238 0 0 0
3.938 -4.538 1.312 0 0 0
4.188 3.388 4.513 0 0 0
-1.888 -0.213 -2.413 0 0 0
0.413 1.588 0.013 0 0 0
0.838 2.337 0.013 0 0 0
0.363 -1.263 -0.363 0 0 0
0.663 -0.062 -0.488 0 0 0
-13.213 1.062 9.162 0 0 0
-0.688 -0.738 -1.062 0 0 0
-16.088 8.638 6.963 0 0 0
4.237 4.237 5.838 0 0 0
0.638 1.438 0.013 0 0 0
-3.463 0.138 0.988 0 0 0
3.513 6.013 8.363 0 0 0
-2.463 4.438 -0.488 0 0 0
-2.488 2.588 0.013 0 0 0
-2.938 -0.788 -1.163 0 0 0
-14.538 8.638 7.562 0 0 0
0.913 0.513 0.288 0 0 0
0.238 0.537 0.263 0 0 0
3.812 6.938 8.138 0 0 0
0.388 0.488 -0.238 0 0 0
-1.488 -1.413 -1.088 0 0 0
-19.588 0.763 5.163 0 0 0
0.363 -0.513 -0.363 0 0 0
0.363 0.513 -0.338 0 0 0
-7.013 5.713 8.138 0 0 0
-1.113 -0.738 -1.062 0 0 0
0.388 1.363 -0.388 0 0 0
-2.513 -2.062 -0.888 0 0 0
-2.413 -0.413 0.013 0 0 0
0.113 -0.312 0.013 0 0 0
-2.312 1.338 0.013 0 0 0
0.388 0.788 0.013 0 0 0
3.588 -0.312 3.888 0 0 0
0.338 1.263 -1.038 0 0 0
-1.513 -0.238 -2.513 0 0 0
-7.463 12.562 7.388 0 0 0
3.938 4.188 4.562 0 0 0
-1.663 5.812 7.888 0 0 0
0.188 -0.113 0.013 0 0 0
0.537 -0.763 -1.012 0 0 0
0.088 -0.988 -0.138 0 0 0
3.488 0.638 6.863 0 0 0
0.312 1.338 0.013 0 0 0
4.062 3.163 4.413 0 0 0
0.288 -0.138 -1.363 0 0 0
-0.113 -0.863 -0.113 0 0 0
0.812 0.838 0.562 0 0 0
-2.738 1.338 0.013 0 0 0
-0.088 -0.238 -2.312 0 0 0
3.788 -2.013 -0.312 0 0 0
-2.613 -2.638 -0.863 0 0 0
0.113 -0.763 -1.012 0 0 0
1.688 5.738 8.037 0 0 0
-3.513 6.013 7.812 0 0 0
-3.663 2.738 -0.288 0 0 0
3.838 -3.038 1.613 0 0 0
-2.638 1.238 0.013 0 0 0
-0.113 1.338 0.013 0 0 0
-2.613 -0.738 -0.988 0 0 0
4.188 2.838 3.788 0 0 0
-3.338 0.438 0.513 0 0 0
-10.388 1.812 17.137 0 0 0
-8.662 -11.088 0.013 0 0 0
-0.562 -0.963 0.013 0 0 0
-3.088 -0.113 -1.513 0 0 0
-3.013 11.288 7.438 0 0 0
-2.938 -1.588 -0.988 0 0 0
0.088 -0.363 0.013 0 0 0
0.663 -0.163 -1.463 0 0 0
0.638 0.938 0.438 0 0 0
-1.738 0.062 0.338 0 0 0
-15.513 1.613 14.338 0 0 0
-0.438 -0.138 -1.413 0 0 0
-13.738 5.888 8.037 0 0 0
0.913 0.588 0.312 0 0 0
0.863 -1.413 -0.213 0 0 0
0.062 0.537 -0.238 0 0 0
-1.638 -0.988 -1.062 0 0 0
-2.438 -0.038 0.038 0 0 0
0.213 0.513 0.413 0 0 0
0.588 -2.087 -0.938 0 0 0
0.562 -7.738 3.013 0 0 0
-3.263 0.338 0.013 0 0 0
-8.662 -10.338 0.013 0 0 0
-1.863 -1.388 -0.188 0 0 0
0.938 2.013 0.463 0 0 0
-2.238 -0.763 -1.088 0 0 0
-4.413 7.938 6.888 0 0 0
0.913 0.463 0.463 0 0 0
-9.162 -10.538 0.013 0 0 0
-23.113 13.688 8.488 0 0 0
-4.513 1.012 9.588 0 0 0
0.438 -1.413 -0.213 0 0 0
-2.363 -2.188 -0.938 0 0 0
-5.062 13.363 7.763 0 0 0
-12.888 7.913 5.888 0 0 0
4.062 2.613 3.688 0 0 0
-3.363 -0.663 0.013 0 0 0
3.013 -0.788 9.287 0 0 0
1.288 4.913 4.713 0 0 0
-3.513 -10.213 0.013 0 0 0
-0.138 1.288 0.013 0 0 0
-2.763 15.562 8.787 0 0 0
-5.338 6.013 8.013 0 0 0
-3.288 -0.463 0.013 0 0 0
-4.838 7.938 6.888 0 0 0
-3.312 0.413 -0.238 0 0 0
-9.663 -10.713 0.013 0 0 0
-8.888 1.062 9.788 0 0 0
-10.963 1.713 16.113 0 0 0
2.812 5.438 7.613 0 0 0
-6.513 -2.113 0.263 0 0 0
0.388 1.438 -0.963 0 0 0
-22.488 3.713 4.812 0 0 0
-0.788 1.438 0.013 0 0 0
-3.312 1.488 0.938 0 0 0
0.413 -0.062 -0.713 0 0 0
0.338 -0.513 -0.338 0 0 0
-1.938 -1.263 -0.537 0 0 0
-3.388 0.113 -0.088 0 0 0
-10.613 1.062 9.463 0 0 0
-0.062 -0.263 0.062 0 0 0
-1.163 -0.138 -1.538 0 0 0
-7.812 1.738 16.637 0 0 0
-1.288 1.238 0.013 0 0 0
-18.188 -10.938 0.013 0 0 0
-1.838 5.863 7.938 0 0 0
0.788 0.088 0.863 0 0 0
3.863 -2.863 0.988 0 0 0
-0.238 0.713 0.038 0 0 0
-3.388 1.438 0.188 0 0 0
-6.938 -2.113 0.263 0 0 0
-8.988 7.013 8.388 0 0 0
-2.163 -0.363 -0.537 0 0 0
-1.938 0.113 0.888 0 0 0
-3.363 0.263 0.413 0 0 0
-1.562 -0.738 -1.038 0 0 0
-9.238 -7.163 5.438 0 0 0
-0.062 0.488 0.062 0 0 0
-0.138 0.038 0.438 0 0 0
2.388 -0.763 9.013 0 0 0
-1.763 1.713 -1.038 0 0 0
-3.263 -0.788 -0.988 0 0 0
-12.113 -9.138 0.013 0 0 0
-0.788 -0.163 -1.638 0 0 0
-7.438 1.713 16.538 0 0 0
0.938 0.312 -0.138 0 0 0
-5.263 1.738 17.038 0 0 0
-1.363 2.538 0.013 0 0 0
-3.238 0.963 -0.188 0 0 0
-1.538 3.463 -1.163 0 0 0
-15.663 1.613 14.488 0 0 0
0.663 -2.087 -0.938 0 0 0
-25.088 5.913 8.713 0 0 0
-2.688 0.062 -1.088 0 0 0
-12.513 -7.213 1.812 0 0 0
3.263 0.838 8.963 0 0 0
-3.312 0.488 -0.213 0 0 0
-0.663 0.113 -1.238 0 0 0
0.613 -1.738 -1.163 0 0 0
-3.562 0.988 9.688 0 0 0
0.938 0.488 0.263 0 0 0
0.013 0.562 -0.312 0 0 0
-1.062 -0.788 -0.988 0 0 0
-2.238 0.238 0.013 0 0 0
-2.863 -0.963 -0.163 0 0 0
3.888 -6.738 2.188 0 0 0
-2.788 -1.238 -1.062 0 0 0
0.488 -0.363 -0.288 0 0 0
0.488 0.663 -0.263 0 0 0
-1.738 1.188 0.013 0 0 0
4.163 4.088 5.663 0 0 0
-3.312 -0.838 -1.088 0 0 0
-7.213 -10.288 0.013 0 0 0
-0.537 -0.888 -0.312 0 0 0
-3.138 0.138 -0.038 0 0 0
-7.763 -7.438 1.938 0 0 0
-2.263 -0.312 -0.363 0 0 0
-7.338 7.038 7.988 0 0 0
-3.413 15.513 8.787 0 0 0
4.013 -0.188 2.337 0 0 0
-4.013 -0.888 -0.988 0 0 0
-1.488 -0.788 -0.988 0 0 0
3.812 -0.188 2.588 0 0 0
1.588 5.713 8.138 0 0 0
-10.238 -10.588 0.013 0 0 0
-9.663 6.812 7.888 0 0 0
4.062 5.312 7.463 0 0 0
4.188 5.213 5.038 0 0 0
0.838 0.812 0.537 0 0 0
-2.838 7.113 6.913 0 0 0
-16.387 1.188 10.138 0 0 0
-9.913 1.113 10.163 0 0 0
-0.188 -0.163 0.088 0 0 0
-10.013 -10.738 0.013 0 0 0
0.588 -0.038 -0.263 0 0 0
-5.913 5.738 7.913 0 0 0
-8.738 7.062 8.438 0 0 0
-7.312 -11.288 0.013 0 0 0
-10.263 -7.338 4.263 0 0 0
3.312 -7.188 4.237 0 0 0
-3.312 0.838 0.588 0 0 0
1.038 -7.413 6.163 0 0 0
-15.938 14.613 6.613 0 0 0
0.562 -0.562 -0.238 0 0 0
0.488 2.738 0.013 0 0 0
3.938 -4.888 1.938 0 0 0
2.337 10.812 1.488 0 0 0
-13.613 -7.088 3.838 0 0 0
-6.613 5.488 7.013 0 0 0
-0.663 0.513 0.713 0 0 0
-0.088 -0.263 0.088 0 0 0
0.363 0.863 -0.263 0 0 0
-2.888 -0.463 -0.288 0 0 0
-7.288 -8.988 0.013 0 0 0
-10.238 -16.387 0.013 0 0 0
3.138 0.963 10.263 0 0 0
3.938 -0.163 -1.263 0 0 0
0.913 -0.913 -1.012 0 0 0
0.537 -0.363 -3.738 0 0 0
-1.538 -0.138 -1.638 0 0 0
0.363 -0.588 -0.388 0 0 0
-8.513 1.812 17.312 0 0 0
-16.663 1.562 13.863 0 0 0
-1.963 5.838 8.113 0 0 0
-0.088 0.038 0.338 0 0 0
0.713 -0.788 -0.988 0 0 0
-3.113 1.038 0.463 0 0 0
-15.812 1.163 9.788 0 0 0
-0.488 1.263 -1.062 0 0 0
-24.513 -8.912 0.013 0 0 0
-0.613 7.913 5.713 0 0 0
0.812 0.888 0.388 0 0 0
-2.363 1.188 0.013 0 0 0
-7.938 -8.838 0.013 0 0 0
-2.312 0.113 0.788 0 0 0
0.938 0.562 0.288 0 0 0
-10.638 -7.338 1.413 0 0 0
3.913 3.113 4.413 0 0 0
3.713 2.238 0.013 0 0 0
0.812 1.288 -1.012 0 0 0
-7.812 -10.738 0.013 0 0 0
-2.238 -0.713 0.013 0 0 0
-7.538 -9.638 0.013 0 0 0
-0.963 -0.138 -1.588 0 0 0
-1.963 -0.138 -1.638 0 0 0
0.488 -0.913 -1.012 0 0 0
-0.188 -0.888 -1.038 0 0 0
-7.062 14.463 7.763 0 0 0
-3.163 -1.113 -1.062 0 0 0
0.363 2.938 0.013 0 0 0
3.738 -0.163 -1.263 0 0 0
-3.263 -0.363 -0.163 0 0 0
-1.163 -0.163 -1.738 0 0 0
-7.613 -9.088 0.013 0 0 0
-2.788 1.188 0.013 0 0 0
0.513 2.288 -0.763 0 0 0
-3.688 5.838 7.263 0 0 0
-25.062 -12.213 0.013 0 0 0
-9.088 -0.738 7.788 0 0 0
-1.388 -0.138 -1.588 0 0 0
-6.312 -0.788 8.562 0 0 0
0.988 -0.088 -0.863 0 0 0
4.138 2.363 3.138 0 0 0
-3.338 -0.163 -2.087 0 0 0
-1.938 0.088 0.688 0 0 0
0.938 -0.463 -0.338 0 0 0
-0.263 0.163 -0.138 0 0 0
-3.062 -0.788 -1.038 0 0 0
3.388 -2.113 -0.238 0 0 0
-1.463 7.913 5.713 0 0 0
3.763 -5.738 2.738 0 0 0
-1.588 -0.163 -1.738 0 0 0
4.163 5.938 6.463 0 0 0
-0.913 2.312 -1.088 0 0 0
0.588 -0.138 -1.238 0 0 0
-0.812 0.038 0.213 0 0 0
0.288 0.888 0.013 0 0 0
0.038 -0.513 0.013 0 0 0
-0.513 0.088 0.888 0 0 0
-1.638 2.288 -1.088 0 0 0
-8.062 -7.312 4.413 0 0 0
3.938 -2.513 0.438 0 0 0
-10.613 1.088 9.812 0 0 0
4.263 5.388 6.638 0 0 0
-1.863 -1.213 -1.113 0 0 0
-2.238 0.088 0.562 0 0 0
-3.363 -0.788 -1.163 0 0 0
-1.163 2.087 -1.062 0 0 0
-1.538 0.113 -1.213 0 0 0
0.913 1.963 -0.188 0 0 0
-14.363 -10.038 0.013 0 0 0
0.062 0.062 0.537 0 0 0
-5.763 -8.888 0.013 0 0 0
-3.188 -0.963 0.013 0 0 0
0.788 -0.788 -0.988 0 0 0
-2.463 13.312 7.638 0 0 0
4.088 3.238 4.038 0 0 0
-0.038 5.688 7.988 0 0 0
0.238 0.838 -0.088 0 0 0
-3.463 0.388 3.438 0 0 0
-0.263 1.688 0.013 0 0 0
-1.713 -0.013 -0.438 0 0 0
-0.062 -0.338 0.038 0 0 0
-6.888 -1.838 -0.288 0 0 0
0.788 -0.038 -0.312 0 0 0
0.738 -0.388 -0.062 0 0 0
-0.663 0.763 0.537 0 0 0
-3.312 0.513 0.138 0 0 0
-10.138 5.688 7.938 0 0 0
-2.388 4.688 0.288 0 0 0
-3.163 -11.038 0.013 0 0 0
1.062 -0.138 -1.338 0 0 0
-0.688 1.688 0.013 0 0 0
-4.088 -0.938 -0.788 0 0 0
-1.562 1.513 -1.088 0 0 0
-0.312 -0.138 -0.113 0 0 0
-4.288 13.788 9.338 0 0 0
-2.388 0.038 0.163 0 0 0
3.963 -0.238 -1.838 0 0 0
-2.688 -0.763 -1.113 0 0 0
0.163 0.588 0.688 0 0 0
-3.363 1.513 0.663 0 0 0
-0.113 -0.263 -0.213 0 0 0
4.237 3.238 4.088 0 0 0
0.238 0.113 -1.213 0 0 0
-3.513 -7.463 4.888 0 0 0
-1.113 1.688 0.013 0 0 0
0.638 -0.138 -1.338 0 0 0
-3.238 3.213 -0.238 0 0 0
-3.438 1.438 -0.088 0 0 0
-1.988 1.513 -1.088 0 0 0
-14.788 -8.537 0.013 0 0 0
3.988 -2.913 1.738 0 0 0
0.038 -0.888 -0.988 0 0 0
0.363 0.713 -0.312 0 0 0
-0.288 0.138 0.163 0 0 0
-1.638 7.963 5.763 0 0 0
-3.113 -0.763 -1.113 0 0 0
-0.537 -0.263 -0.213 0 0 0
-3.438 -0.738 0.013 0 0 0
1.062 -0.088 -0.788 0 0 0
-2.038 0.038 -0.013 0 0 0
-14.863 5.788 7.213 0 0 0
0.663 0.088 0.988 0 0 0
0.913 0.312 0.363 0 0 0
-0.388 -0.888 -0.988 0 0 0
4.288 5.738 6.413 0 0 0
-4.763 6.988 7.688 0 0 0
3.312 5.788 8.287 0 0 0
-3.338 -0.838 0.013 0 0 0
1.012 -0.163 -1.438 0 0 0
-8.138 1.088 9.963 0 0 0
3.963 3.013 3.338 0 0 0
-16.613 6.438 8.688 0 0 0
-2.238 0.013 -0.188 0 0 0
4.438 -9.513 0.013 0 0 0
0.413 -0.338 -0.062 0 0 0
0.312 0.537 0.338 0 0 0
0.838 0.863 0.363 0 0 0
2.087 5.838 8.113 0 0 0
0.638 -0.088 -0.788 0 0 0
-2.463 0.038 -0.038 0 0 0
-0.138 -0.312 -0.213 0 0 0
4.112 -3.812 0.013 0 0 0
4.213 -8.613 0.013 0 0 0
0.938 0.588 0.638 0 0 0
-9.162 5.763 7.988 0 0 0
-0.913 0.113 -1.263 0 0 0
-1.938 -0.838 -1.038 0 0 0
-1.538 3.163 0.013 0 0 0
-0.788 5.788 7.863 0 0 0
1.738 5.888 7.863 0 0 0
-0.213 -0.788 9.188 0 0 0
-3.312 0.763 0.562 0 0 0
-2.113 -0.438 -0.663 0 0 0
-2.263 3.138 0.013 0 0 0
-2.438 8.113 7.038 0 0 0
-25.038 7.688 7.913 0 0 0
4.213 -4.513 0.013 0 0 0
-6.438 1.038 9.812 0 0 0
-3.413 6.988 8.287 0 0 0
-3.438 -1.588 -0.963 0 0 0
0.812 1.963 0.238 0 0 0
-0.263 0.038 -0.038 0 0 0
-0.263 0.038 -0.013 0 0 0
-3.288 0.013 0.062 0 0 0
-1.738 -0.238 -2.562 0 0 0
0.888 -0.913 0.013 0 0 0
-1.038 1.663 0.013 0 0 0
-3.388 0.188 1.363 0 0 0
0.913 0.388 0.388 0 0 0
-3.213 -0.138 -1.863 0 0 0
2.663 -7.788 5.588 0 0 0
4.112 2.738 3.363 0 0 0
3.913 0.138 0.013 0 0 0
-15.388 1.088 9.162 0 0 0
3.913 -2.288 1.688 0 0 0
2.688 -7.738 3.038 0 0 0
-2.163 -0.238 -2.562 0 0 0
0.913 0.688 0.638 0 0 0
-3.338 1.288 0.838 0 0 0
-10.163 7.288 7.338 0 0 0
0.562 -0.788 -1.038 0 0 0
0.513 -0.263 -0.263 0 0 0
-1.463 1.663 0.013 0 0 0
-2.163 -0.763 -1.012 0 0 0
-0.588 -0.138 -1.588 0 0 0
-3.638 -0.138 -1.863 0 0 0
-0.463 0.188 0.213 0 0 0
3.838 -3.338 2.062 0 0 0
3.038 0.888 9.338 0 0 0
-2.062 -0.288 0.013 0 0 0
0.663 0.738 0.013 0 0 0
-0.738 1.263 -1.088 0 0 0
0.738 0.913 0.013 0 0 0
-0.537 -0.763 -1.062 0 0 0
-3.388 1.638 0.213 0 0 0
-12.263 5.763 8.037 0 0 0
3.938 5.988 0.812 0 0 0
-4.838 -9.088 0.013 0 0 0
0.838 -0.138 -1.388 0 0 0
-2.263 -1.163 0.013 0 0 0
-2.188 -0.988 0.013 0 0 0
-1.863 1.363 0.013 0 0 0
-2.963 4.737 0.513 0 0 0
-6.562 13.288 7.763 0 0 0
-1.888 -0.113 -1.363 0 0 0
-4.188 -7.513 3.513 0 0 0
-2.738 -0.163 -1.913 0 0 0
-16.413 11.138 6.312 0 0 0
-2.062 -2.638 -0.888 0 0 0
-12.938 -7.263 4.013 0 0 0
0.738 1.663 0.013 0 0 0
1.913 5.888 8.162 0 0 0
-11.013 -7.363 4.237 0 0 0
0.463 0.588 0.013 0 0 0
-2.413 -0.088 0.013 0 0 0
0.238 -0.438 0.138 0 0 0
-2.062 -0.738 -1.012 0 0 0
-2.413 -6.638 0.013 0 0 0
0.888 0.763 0.413 0 0 0
0.613 0.812 -0.238 0 0 0
-3.312 1.012 0.988 0 0 0
3.913 4.288 0.562 0 0 0
-1.538 5.688 8.013 0 0 0
-2.188 3.113 0.013 0 0 0
-10.388 8.188 6.062 0 0 0
3.888 -5.213 3.088 0 0 0
-2.488 -0.213 -2.562 0 0 0
4.038 3.688 5.312 0 0 0
-2.788 -0.763 -1.012 0 0 0
0.213 -0.088 0.013 0 0 0
0.638 -0.238 -0.238 0 0 0
0.562 -0.363 -3.562 0 0 0
0.562 -0.713 -1.012 0 0 0
0.138 0.038 0.263 0 0 0
-0.838 1.438 -1.062 0 0 0
-1.088 -0.988 -1.088 0 0 0
-5.588 1.012 9.613 0 0 0
-0.613 -0.288 -0.288 0 0 0
-1.263 -0.888 -0.963 0 0 0
-0.638 0.788 0.463 0 0 0
-0.188 1.463 0.013 0 0 0
-2.538 -0.188 -0.238 0 0 0
-0.663 0.812 0.363 0 0 0
-2.913 0.463 0.013 0 0 0
-2.488 1.213 0.013 0 0 0
0.838 0.838 0.163 0 0 0
-3.088 -0.238 -2.688 0 0 0
0.113 -0.138 -1.513 0 0 0
-14.062 -12.238 0.013 0 0 0
-1.588 -1.188 -1.088 0 0 0
0.138 -0.713 -1.012 0 0 0
0.263 1.463 -0.488 0 0 0
-2.388 7.163 7.863 0 0 0
-5.413 13.588 8.863 0 0 0
-1.688 -0.888 -0.963 0 0 0
4.013 2.538 3.663 0 0 0
-3.338 0.338 0.238 0 0 0
-2.238 -0.413 -0.338 0 0 0
-2.113 -0.763 -1.113 0 0 0
-14.963 12.688 8.438 0 0 0
-0.363 -0.913 -1.012 0 0 0
-22.138 3.963 4.663 0 0 0
-3.613 2.613 0.238 0 0 0
-3.288 3.213 0.613 0 0 0
-5.488 -9.888 0.013 0 0 0
-3.312 0.738 0.363 0 0 0
-3.138 0.213 0.138 0 0 0
-2.538 4.362 -0.488 0 0 0
0.913 -1.888 -1.088 0 0 0
1.613 -7.788 3.038 0 0 0
0.638 -0.263 -2.513 0 0 0
-0.062 0.062 0.663 0 0 0
-0.263 5.963 7.838 0 0 0
-1.488 -2.013 -0.938 0 0 0
3.963 3.538 0.463 0 0 0
-1.888 -0.888 -0.963 0 0 0
-0.388 5.838 8.113 0 0 0
-7.463 8.113 5.963 0 0 0
0.013 8.037 7.463 0 0 0
-5.488 -9.138 0.013 0 0 0
0.763 -0.488 -0.312 0 0 0
0.312 0.713 0.013 0 0 0
0.913 0.363 0.188 0 0 0
-1.288 11.013 8.938 0 0 0
0.713 0.913 0.312 0 0 0
-3.138 -0.338 0.013 0 0 0
0.613 -1.463 -1.113 0 0 0
-3.138 -10.238 0.013 0 0 0
-0.488 0.062 0.663 0 0 0
3.513 -1.963 -0.213 0 0 0
-7.938 5.913 8.162 0 0 0
3.938 -5.088 2.013 0 0 0
4.138 3.013 4.188 0 0 0
0.413 -1.338 -1.088 0 0 0
-3.163 -1.888 0.013 0 0 0
-12.363 -7.138 1.788 0 0 0
0.913 0.238 0.338 0 0 0
3.938 5.288 7.388 0 0 0
-14.312 -12.013 0.013 0 0 0
-1.238 -0.163 -1.713 0 0 0
-1.838 -1.812 -0.938 0 0 0
3.938 3.763 0.488 0 0 0
-1.312 6.213 7.713 0 0 0
-3.663 1.113 0.013 0 0 0
-3.738 -2.138 0.263 0 0 0
-9.062 1.062 9.638 0 0 0
0.913 0.537 0.588 0 0 0
-1.438 -0.738 -1.062 0 0 0
0.188 -1.463 -1.113 0 0 0
-3.463 1.438 -0.263 0 0 0
-1.463 -0.138 -1.562 0 0 0
3.738 -5.062 3.013 0 0 0
-0.088 -0.788 -1.012 0 0 0
-12.163 7.363 7.312 0 0 0
-2.463 -0.038 -0.062 0 0 0
-7.562 7.913 7.788 0 0 0
-6.963 5.663 8.088 0 0 0
-3.163 -1.137 0.013 0 0 0
-25.088 5.463 7.638 0 0 0
-3.388 0.013 -0.363 0 0 0
-1.788 3.388 -0.938 0 0 0
-17.713 11.738 7.213 0 0 0
1.488 -0.713 8.562 0 0 0
-3.062 1.062 0.438 0 0 0
-3.312 0.812 0.388 0 0 0
-8.638 1.113 10.188 0 0 0
-0.963 1.312 0.013 0 0 0
3.488 0.663 7.163 0 0 0
-3.088 1.088 -0.338 0 0 0
-0.513 -0.788 -1.012 0 0 0
-3.312 1.562 1.062 0 0 0
-0.438 0.038 0.413 0 0 0
-2.562 -0.788 -0.963 0 0 0
-1.538 -1.312 -1.038 0 0 0
-1.088 -0.163 -1.663 0 0 0
-2.188 -0.413 -0.438 0 0 0
-0.163 -0.188 0.062 0 0 0
-3.788 1.312 0.013 0 0 0
-2.238 -1.363 -0.938 0 0 0
-12.338 -11.113 0.013 0 0 0
3.738 6.738 2.288 0 0 0
-3.562 1.163 0.013 0 0 0
-0.113 -1.163 -0.988 0 0 0
-21.562 1.913 16.688 0 0 0
-3.463 -0.888 -1.012 0 0 0
0.138 -0.288 -0.188 0 0 0
-0.938 -0.788 -1.012 0 0 0
-7.513 12.663 7.438 0 0 0
-0.038 0.688 0.463 0 0 0
-2.812 14.013 9.438 0 0 0
-11.688 -10.513 0.013 0 0 0
-4.013 -11.038 0.013 0 0 0
-7.538 -0.788 9.213 0 0 0
-2.337 14.213 7.663 0 0 0
-1.738 0.088 0.638 0 0 0
-1.088 1.513 0.013 0 0 0
-3.338 0.138 -0.363 0 0 0
3.812 -3.288 0.363 0 0 0
-0.513 1.738 -0.988 0 0 0
3.763 -3.388 -0.288 0 0 0
0.263 -2.062 -0.938 0 0 0
0.513 -0.338 -0.288 0 0 0
-5.863 1.738 16.887 0 0 0
-1.938 0.062 0.488 0 0 0
-3.338 -7.863 4.138 0 0 0
-3.013 2.488 -0.438 0 0 0
-1.513 1.513 0.013 0 0 0
-2.263 -1.738 -0.913 0 0 0
0.963 0.238 0.238 0 0 0
3.538 0.463 5.238 0 0 0
-0.812 7.963 7.738 0 0 0
0.588 -0.738 -1.038 0 0 0
3.838 -3.588 1.038 0 0 0
3.788 -6.788 3.213 0 0 0
-0.513 0.062 0.688 0 0 0
-1.388 -1.588 -1.012 0 0 0
0.138 0.062 0.613 0 0 0
-2.863 -0.312 -0.438 0 0 0
-6.263 1.062 9.938 0 0 0
-1.788 1.163 0.013 0 0 0
0.913 0.613 0.013 0 0 0
-2.488 0.062 0.088 0 0 0
-0.537 0.963 0.438 0 0 0
-1.513 2.263 0.013 0 0 0
-3.988 -0.163 -2.138 0 0 0
-0.363 -0.238 -2.363 0 0 0
3.863 -1.988 1.663 0 0 0
3.513 -7.213 5.263 0 0 0
0.463 1.338 -0.638 0 0 0
-0.188 -0.263 -0.188 0 0 0
-3.263 -0.038 0.438 0 0 0
4.263 4.163 5.413 0 0 0
-3.288 0.888 0.588 0 0 0
0.562 -0.088 -0.913 0 0 0
-2.238 -0.263 -0.138 0 0 0
0.312 9.812 2.938 0 0 0
-1.538 -2.388 -0.888 0 0 0
-6.113 5.763 7.663 0 0 0
-1.688 -2.038 -0.888 0 0 0
-19.738 -0.713 8.287 0 0 0
0.188 -1.038 -0.288 0 0 0
0.613 -0.288 -0.288 0 0 0
-2.413 0.138 0.238 0 0 0
0.688 0.938 -0.263 0 0 0
3.913 6.988 0.938 0 0 0
-3.312 0.613 0.463 0 0 0
-0.163 0.062 0.488 0 0 0
3.913 -4.513 1.312 0 0 0
0.537 -7.413 6.138 0 0 0
0.588 -0.388 -0.238 0 0 0
-2.438 4.538 -0.513 0 0 0
-13.588 5.913 7.938 0 0 0
-1.763 -0.213 -2.438 0 0 0
0.788 -0.062 -0.513 0 0 0
-2.038 1.263 0.013 0 0 0
-2.263 -9.088 0.013 0 0 0
-3.388 -0.888 -0.413 0 0 0
-7.363 5.888 8.013 0 0 0
0.562 -0.038 -0.363 0 0 0
0.713 6.538 7.338 0 0 0
0.713 -0.138 -1.263 0 0 0
0.938 0.338 0.163 0 0 0
-3.312 10.963 8.963 0 0 0
-0.312 -0.788 -1.062 0 0 0
-0.888 -0.888 -0.963 0 0 0
-3.812 7.838 7.638 0 0 0
-14.312 1.738 15.763 0 0 0
-3.138 0.263 -0.038 0 0 0
0.388 0.363 0.013 0 0 0
-2.463 1.263 0.013 0 0 0
-22.738 -5.312 1.913 0 0 0
-2.788 13.938 9.388 0 0 0
0.913 -0.338 0.013 0 0 0
-0.013 0.488 -0.138 0 0 0
-0.038 0.488 -0.138 0 0 0
3.863 4.338 6.062 0 0 0
1.137 -0.088 -0.713 0 0 0
-7.388 -11.363 0.013 0 0 0
-13.588 -9.162 0.013 0 0 0
-16.812 5.863 7.213 0 0 0
3.838 -1.888 1.588 0 0 0
-3.338 0.562 0.463 0 0 0
-6.113 -7.213 5.638 0 0 0
0.163 1.263 0.013 0 0 0
0.938 0.513 0.562 0 0 0
0.413 -0.138 -1.388 0 0 0
-1.413 -0.738 -1.088 0 0 0
-2.163 0.013 -0.113 0 0 0
-7.613 -10.463 0.013 0 0 0
-3.338 1.888 0.738 0 0 0
-10.888 -7.363 5.538 0 0 0
4.038 3.888 3.263 0 0 0
-2.638 5.838 7.838 0 0 0
-3.338 0.438 0.613 0 0 0
-2.238 -1.338 0.013 0 0 0
-0.713 1.513 -1.062 0 0 0
-2.863 -1.513 -0.138 0 0 0
4.188 5.113 6.838 0 0 0
-2.538 0.088 0.537 0 0 0
2.688 8.013 6.938 0 0 0
-1.812 -0.763 -0.988 0 0 0
-18.213 1.137 9.188 0 0 0
-5.238 6.288 7.838 0 0 0
-1.738 0.062 0.438 0 0 0
-1.838 -0.738 -1.088 0 0 0
-10.562 -10.562 0.013 0 0 0
0.062 -0.338 0.013 0 0 0
0.488 0.413 0.013 0 0 0
-5.513 -10.363 0.013 0 0 0
0.913 0.588 0.413 0 0 0
-17.238 -10.363 0.013 0 0 0
-1.413 8.013 7.788 0 0 0
0.888 0.613 0.312 0 0 0
0.812 -0.763 -0.988 0 0 0
0.163 -0.438 0.013 0 0 0
0.263 1.312 0.013 0 0 0
-3.163 0.963 0.638 0 0 0
-2.263 -0.738 -1.088 0 0 0
0.913 0.463 0.562 0 0 0
-8.463 -10.463 0.013 0 0 0
-2.963 -1.838 -1.012 0 0 0
-3.838 -7.513 3.538 0 0 0
-6.738 -1.688 -0.288 0 0 0
-3.263 0.213 0.263 0 0 0
-12.113 6.213 8.062 0 0 0
-2.562 -1.613 -0.988 0 0 0
-3.363 -0.663 0.113 0 0 0
-2.688 1.188 0.013 0 0 0
0.388 -0.763 -0.988 0 0 0
3.812 -2.638 2.138 0 0 0
-2.463 0.188 0.163 0 0 0
-0.163 1.312 0.013 0 0 0
-3.288 -0.463 0.113 0 0 0
-16.062 6.138 8.412 0 0 0
-6.038 -11.363 0.013 0 0 0
-0.038 -0.588 0.013 0 0 0
-0.013 -0.588 0.013 0 0 0
0.163 -0.888 -1.012 0 0 0
-16.663 -11.663 0.013 0 0 0
-3.338 1.963 0.763 0 0 0
-11.562 16.062 6.188 0 0 0
-1.263 -2.188 -0.938 0 0 0
-1.888 0.088 -1.338 0 0 0
-14.888 -7.888 0.888 0 0 0
-3.388 0.113 0.013 0 0 0
-0.338 -1.088 -1.012 0 0 0
-0.588 1.312 0.013 0 0 0
0.088 5.763 7.988 0 0 0
4.188 5.013 5.863 0 0 0
-0.263 -0.888 -1.012 0 0 0
4.088 -0.188 -1.312 0 0 0
-0.062 -0.838 -0.113 0 0 0
-0.488 -0.562 -0.088 0 0 0
-1.562 -0.213 -2.488 0 0 0
-1.338 -0.763 -1.088 0 0 0
-3.213 0.188 0.013 0 0 0
-0.463 -0.763 -0.988 0 0 0
-14.438 -10.113 0.013 0 0 0
-9.188 1.062 9.763 0 0 0
-3.363 1.288 0.537 0 0 0
-9.287 8.113 7.088 0 0 0
-3.062 -7.413 5.038 0 0 0
0.562 -0.062 -0.562 0 0 0
-0.288 -0.088 0.038 0 0 0
0.938 0.312 -0.038 0 0 0
0.938 0.312 -0.013 0 0 0
-4.138 1.038 10.138 0 0 0
-2.913 -0.938 -0.338 0 0 0
3.763 -3.163 -0.062 0 0 0
-3.488 -0.713 0.413 0 0 0
4.088 -0.338 -2.838 0 0 0
0.988 -0.213 -2.087 0 0 0
-3.863 1.788 -0.613 0 0 0
-7.038 6.163 7.688 0 0 0
-3.438 1.963 -0.213 0 0 0
2.913 5.812 8.287 0 0 0
-8.537 1.738 16.613 0 0 0
-14.663 -8.463 0.013 0 0 0
0.613 -0.138 -1.438 0 0 0
-3.088 8.013 7.363 0 0 0
0.688 -0.338 -0.038 0 0 0
0.013 -0.312 -0.062 0 0 0
-8.263 10.113 1.488 0 0 0
-2.888 -0.812 -0.988 0 0 0
3.938 -2.312 1.137 0 0 0
4.112 2.788 3.863 0 0 0
-11.713 1.788 16.613 0 0 0
-1.663 0.062 0.513 0 0 0
-3.388 1.213 0.812 0 0 0
-0.188 -0.338 -0.213 0 0 0
0.738 -1.738 -1.188 0 0 0
-3.113 0.113 0.163 0 0 0
0.188 -0.138 -1.438 0 0 0
-3.638 1.688 0.013 0 0 0
-3.463 0.188 1.588 0 0 0
-3.138 0.138 0.062 0 0 0
-2.763 -0.113 -1.588 0 0 0
-17.338 1.738 15.463 0 0 0
-9.738 -10.812 0.013 0 0 0
-7.213 -10.713 0.013 0 0 0
-2.038 -0.238 -2.588 0 0 0
-2.713 -0.213 -2.613 0 0 0
-2.788 3.163 -0.537 0 0 0
0.913 0.713 0.388 0 0 0
-25.562 1.213 9.188 0 0 0
-2.438 0.088 0.113 0 0 0
-11.663 6.312 8.412 0 0 0
-4.088 -17.663 0.013 0 0 0
-10.788 1.088 9.613 0 0 0
-4.312 1.012 9.638 0 0 0
-3.463 1.913 -0.213 0 0 0
-7.763 7.038 8.088 0 0 0
-1.988 -0.312 -3.463 0 0 0
-3.288 -0.213 -0.062 0 0 0
0.413 -0.113 -1.038 0 0 0
4.038 2.212 0.263 0 0 0
-10.038 -9.363 0.013 0 0 0
4.062 2.288 3.338 0 0 0
-0.438 -0.238 -0.213 0 0 0
-1.538 -0.138 -1.538 0 0 0
3.838 0.663 7.188 0 0 0
-0.213 -1.012 -0.963 0 0 0
-2.538 -0.038 -0.038 0 0 0
-9.338 1.088 9.913 0 0 0
2.562 5.913 7.913 0 0 0
-14.713 5.763 8.013 0 0 0
-1.938 1.513 0.013 0 0 0
-2.013 -0.913 -1.038 0 0 0
-0.963 -0.138 -1.488 0 0 0
-1.863 1.688 0.013 0 0 0
-1.812 -0.188 -2.038 0 0 0
-0.138 -1.088 -1.062 0 0 0
-0.812 -0.238 -2.388 0 0 0
4.188 -6.713 0.013 0 0 0
0.463 -0.263 -0.263 0 0 0
-0.338 -0.488 0.213 0 0 0
-1.363 -0.138 -1.562 0 0 0
-19.163 5.363 4.237 0 0 0
3.838 -3.163 0.537 0 0 0
-7.363 -11.312 0.013 0 0 0
-3.338 1.812 0.713 0 0 0
-2.438 -0.913 -1.038 0 0 0
-0.338 -0.013 -0.013 0 0 0
-0.338 -0.038 -0.013 0 0 0
-0.338 -0.038 -0.038 0 0 0
0.062 -0.288 -0.163 0 0 0
-3.312 4.062 -0.438 0 0 0
0.463 0.488 -0.263 0 0 0
0.638 0.812 -0.638 0 0 0
-3.263 -0.088 -1.312 0 0 0
0.288 0.013 0.263 0 0 0
0.638 -0.638 -0.763 0 0 0
0.263 -0.138 -1.438 0 0 0
-7.588 1.763 16.863 0 0 0
-10.788 -10.062 0.013 0 0 0
0.613 1.163 -0.763 0 0 0
-1.463 -0.163 -1.763 0 0 0
-1.137 1.438 -1.088 0 0 0
-10.913 -10.163 0.013 0 0 0
-2.038 0.113 0.812 0 0 0
-2.337 -2.163 -0.913 0 0 0
-3.263 3.613 0.088 0 0 0
0.438 -0.338 -0.263 0 0 0
-2.212 -0.562 0.013 0 0 0
-0.238 7.613 6.288 0 0 0
0.388 -0.363 -3.713 0 0 0
-0.062 3.263 0.013 0 0 0
-3.438 3.138 0.613 0 0 0
0.213 -0.312 -0.113 0 0 0
-2.238 0.088 0.663 0 0 0
0.438 0.988 0.013 0 0 0
-3.088 1.062 0.138 0 0 0
-2.788 2.263 0.013 0 0 0
0.537 2.738 0.013 0 0 0
0.613 -0.562 -0.238 0 0 0
-0.562 1.438 -1.038 0 0 0
0.663 0.863 0.688 0 0 0
-7.663 -9.113 0.013 0 0 0
-1.888 -0.163 -1.763 0 0 0
0.438 0.413 -0.263 0 0 0
-2.638 4.388 -0.363 0 0 0
0.888 0.713 0.688 0 0 0
-2.212 0.188 0.013 0 0 0
0.788 0.863 0.562 0 0 0
0.913 0.513 -0.213 0 0 0
4.237 5.163 6.338 0 0 0
-1.562 -1.438 -1.113 0 0 0
4.088 3.863 5.562 0 0 0
-2.062 3.013 -0.988 0 0 0
-5.538 -7.538 1.388 0 0 0
0.763 -0.763 -0.988 0 0 0
0.338 -1.213 -1.012 0 0 0
-16.488 -11.988 0.013 0 0 0
3.963 4.763 5.188 0 0 0
-0.913 -0.138 -1.588 0 0 0
-0.062 -0.338 0.138 0 0 0
-2.663 0.788 -0.488 0 0 0
-3.238 3.463 -0.263 0 0 0
0.213 -0.713 0.013 0 0 0
-1.988 -1.438 -1.113 0 0 0
-7.438 16.188 7.238 0 0 0
-6.788 6.888 7.913 0 0 0
0.537 -1.338 -1.113 0 0 0
-5.463 -9.113 0.013 0 0 0
-2.938 0.888 0.013 0 0 0
0.338 0.738 0.013 0 0 0
-2.513 1.638 0.013 0 0 0
-2.863 4.763 0.513 0 0 0
-3.338 0.163 1.263 0 0 0
0.613 -0.312 -3.163 0 0 0
-3.312 0.513 0.238 0 0 0
-0.238 0.062 0.513 0 0 0
-25.663 9.263 1.538 0 0 0
0.913 -0.038 -0.338 0 0 0
3.238 -9.412 0.013 0 0 0
-3.062 -0.838 -0.763 0 0 0
-1.812 -1.663 -1.088 0 0 0
0.938 0.363 -0.213 0 0 0
-9.013 -9.312 0.013 0 0 0
-2.688 -0.763 -1.012 0 0 0
-3.388 2.113 0.263 0 0 0
3.688 0.738 7.888 0 0 0
-0.113 -0.263 -0.113 0 0 0
-3.062 -0.138 -1.913 0 0 0
0.138 0.613 0.688 0 0 0
0.488 -0.038 -0.338 0 0 0
-7.863 7.613 7.513 0 0 0
3.588 5.838 8.138 0 0 0
4.062 4.263 5.988 0 0 0
-3.263 -0.113 -0.238 0 0 0
2.988 6.062 8.113 0 0 0
-3.788 7.413 7.688 0 0 0
0.938 5.338 4.438 0 0 0
-3.113 -0.763 -1.012 0 0 0
-6.312 -15.663 0.013 0 0 0
-0.963 -0.163 -1.688 0 0 0
4.163 2.588 3.163 0 0 0
-7.263 16.588 7.413 0 0 0
4.188 3.013 3.688 0 0 0
1.062 -0.088 -0.688 0 0 0
-3.188 0.138 0.913 0 0 0
-3.263 -0.238 -0.088 0 0 0
-2.038 0.038 0.062 0 0 0
3.188 0.888 9.287 0 0 0
-0.588 -0.238 -2.413 0 0 0
0.913 0.312 0.463 0 0 0
-25.438 5.538 6.463 0 0 0
0.688 0.463 -0.213 0 0 0
3.062 5.988 8.013 0 0 0
0.688 0.913 0.213 0 0 0
-1.488 -0.738 -1.062 0 0 0
-2.288 5.713 8.013 0 0 0
3.812 9.287 1.263 0 0 0
-2.038 -1.588 -1.062 0 0 0
-2.062 -0.138 -1.713 0 0 0
-14.163 5.738 7.363 0 0 0
0.838 0.863 0.463 0 0 0
-3.312 0.588 0.263 0 0 0
-2.463 0.038 0.062 0 0 0
-3.138 -0.963 0.013 0 0 0
-9.763 -9.412 0.013 0 0 0
-0.088 -1.137 -0.988 0 0 0
3.913 7.263 0.988 0 0 0
-3.388 6.338 8.263 0 0 0
0.562 -0.513 -0.312 0 0 0
-3.213 3.688 0.263 0 0 0
-1.012 1.312 0.013 0 0 0
-0.088 5.838 7.863 0 0 0
-0.938 1.488 0.013 0 0 0
0.038 0.488 -0.062 0 0 0
-0.513 -0.963 0.013 0 0 0
-3.338 0.363 0.537 0 0 0
-2.038 0.088 0.613 0 0 0
0.438 1.238 -0.838 0 0 0
-7.812 7.038 8.412 0 0 0
3.788 6.812 -0.663 0 0 0
-15.812 1.638 14.613 0 0 0
-3.088 4.088 -0.312 0 0 0
-1.688 -0.163 -1.812 0 0 0
-6.513 -7.488 4.663 0 0 0
-0.812 1.738 -1.012 0 0 0
0.863 0.838 -0.013 0 0 0
-19.137 5.638 4.463 0 0 0
-3.163 -1.763 0.013 0 0 0
-19.188 5.288 4.713 0 0 0
0.638 -2.087 -0.938 0 0 0
-1.938 -2.413 -0.913 0 0 0
-0.263 0.038 0.062 0 0 0
-6.363 16.413 6.312 0 0 0
-2.238 -1.713 -0.913 0 0 0
-19.188 5.588 4.963 0 0 0
0.213 0.588 0.688 0 0 0
-3.138 0.988 0.438 0 0 0
-3.312 0.938 1.062 0 0 0
0.913 0.388 0.488 0 0 0
4.362 5.713 6.288 0 0 0
-3.188 0.038 -0.062 0 0 0
-2.288 -0.163 -0.013 0 0 0
3.863 -2.688 0.888 0 0 0
-2.038 -0.062 -0.913 0 0 0
-2.888 -0.113 -1.463 0 0 0
-13.963 1.688 15.363 0 0 0
-0.513 0.988 0.438 0 0 0
-0.963 1.588 0.013 0 0 0
-2.663 -0.838 -1.062 0 0 0
-2.212 -0.238 -0.138 0 0 0
-0.163 -0.213 -0.188 0 0 0
-3.338 1.738 0.688 0 0 0
-2.738 -2.188 -0.938 0 0 0
-3.338 0.138 1.062 0 0 0
0.913 -0.062 -0.537 0 0 0
3.363 -2.188 -0.263 0 0 0
0.738 0.913 0.113 0 0 0
3.838 -0.562 6.688 0 0 0
-3.788 8.188 5.963 0 0 0
-1.388 1.588 0.013 0 0 0
-1.812 -0.038 -0.513 0 0 0
-3.088 -0.838 -1.062 0 0 0
-1.713 7.038 6.812 0 0 0
-10.613 -7.338 4.237 0 0 0
-12.213 -9.537 0.013 0 0 0
-12.763 9.763 1.938 0 0 0
-1.163 1.438 0.013 0 0 0
0.263 -0.788 -1.062 0 0 0
-0.838 1.838 -1.088 0 0 0
-3.138 5.788 8.037 0 0 0
-24.988 5.613 6.812 0 0 0
0.488 -0.062 -0.537 0 0 0
0.963 -0.138 -1.413 0 0 0
-4.562 5.963 8.238 0 0 0
-0.888 -0.138 -1.613 0 0 0
-1.663 1.238 0.013 0 0 0
-8.912 8.113 6.613 0 0 0
-1.812 1.588 0.013 0 0 0
-1.263 7.513 7.888 0 0 0
0.663 1.312 -0.888 0 0 0
-0.088 0.588 -0.013 0 0 0
0.888 0.763 0.513 0 0 0
-1.588 1.438 0.013 0 0 0
4.163 3.188 4.388 0 0 0
-0.388 11.288 7.413 0 0 0
-8.062 9.963 -0.138 0 0 0
-1.888 -1.213 0.013 0 0 0
-1.538 -1.863 -1.012 0 0 0
-1.263 -0.763 -1.012 0 0 0
-0.438 0.812 0.713 0 0 0
0.537 -0.138 -1.413 0 0 0
-1.312 -0.138 -1.613 0 0 0
-3.363 -0.562 -0.838 0 0 0
-3.338 1.363 0.963 0 0 0
3.663 3.288 0.013 0 0 0
-5.163 1.012 9.638 0 0 0
-21.188 1.012 7.613 0 0 0
-7.938 12.238 7.312 0 0 0
-1.963 -1.863 -1.012 0 0 0
-1.363 5.913 7.888 0 0 0
-5.713 6.238 8.213 0 0 0
-1.688 -0.763 -1.012 0 0 0
0.812 2.337 0.013 0 0 0
0.963 -0.088 -0.863 0 0 0
0.113 -0.138 -1.413 0 0 0
-1.913 1.338 0.013 0 0 0
-0.363 -0.788 -1.062 0 0 0
0.613 1.438 0.013 0 0 0
-17.613 12.113 7.413 0 0 0
-2.588 -1.738 -0.913 0 0 0
1.763 -7.488 6.238 0 0 0
4.088 3.913 4.788 0 0 0
3.663 -9.062 0.013 0 0 0
3.913 -2.212 1.213 0 0 0
-0.788 -1.213 -1.088 0 0 0
3.188 5.812 8.113 0 0 0
-2.337 0.013 -0.263 0 0 0
0.312 -0.338 -0.138 0 0 0
-3.188 -0.038 -0.812 0 0 0
0.238 -1.738 -1.163 0 0 0
3.738 0.688 7.363 0 0 0
3.938 3.013 1.188 0 0 0
0.113 1.238 0.013 0 0 0
-2.113 -0.763 -1.012 0 0 0
-1.088 11.263 7.388 0 0 0
0.763 0.838 0.663 0 0 0
-22.288 -16.788 0.013 0 0 0
3.788 -3.113 -0.863 0 0 0
-0.488 0.463 0.638 0 0 0
0.513 0.438 0.013 0 0 0
0.088 -0.312 0.013 0 0 0
0.188 1.438 0.013 0 0 0
-3.013 -1.738 -0.913 0 0 0
-7.812 -7.188 5.538 0 0 0
-2.087 5.913 7.838 0 0 0
4.138 4.588 4.438 0 0 0
0.513 -0.763 -1.012 0 0 0
0.488 -0.163 -1.513 0 0 0
-1.213 -1.213 -1.088 0 0 0
-2.438 0.013 0.038 0 0 0
-1.763 -0.038 -0.613 0 0 0
-14.588 5.788 8.188 0 0 0
-0.062 0.062 0.763 0 0 0
-2.562 2.238 0.013 0 0 0
-0.588 0.038 0.238 0 0 0
-10.338 7.188 6.963 0 0 0
-12.788 1.088 9.562 0 0 0
-8.438 -10.438 0.013 0 0 0
-2.763 1.338 0.013 0 0 0
-3.963 1.062 10.213 0 0 0
3.812 -5.338 3.138 0 0 0
-3.088 -10.763 0.013 0 0 0
-3.062 -1.312 0.013 0 0 0
0.913 -1.137 -0.988 0 0 0
0.913 0.363 0.288 0 0 0
0.088 -0.763 -1.012 0 0 0
0.062 -0.163 -1.513 0 0 0
0.463 -1.238 -0.338 0 0 0
0.888 -0.488 -0.338 0 0 0
4.163 2.513 3.138 0 0 0
-3.263 1.137 0.013 0 0 0
-2.463 -0.213 -0.363 0 0 0
-2.988 2.238 0.013 0 0 0
-0.138 1.338 0.013 0 0 0
-1.038 -0.138 -1.463 0 0 0
0.312 0.588 0.263 0 0 0
-11.088 5.638 8.113 0 0 0
4.062 -0.288 -2.513 0 0 0
-6.938 5.888 7.913 0 0 0
-10.863 -11.238 0.013 0 0 0
-2.263 -0.338 -0.463 0 0 0
0.188 -0.263 0.013 0 0 0
0.088 0.613 0.413 0 0 0
-2.663 -9.263 0.013 0 0 0
4.138 3.863 3.312 0 0 0
0.488 -1.137 -0.988 0 0 0
-1.113 -2.038 -0.938 0 0 0
-7.238 1.763 16.887 0 0 0
-3.138 -0.062 -1.137 0 0 0
0.288 0.488 0.312 0 0 0
-1.012 2.638 -1.038 0 0 0
0.038 0.537 -0.238 0 0 0
3.688 5.963 8.287 0 0 0
-3.288 0.338 0.013 0 0 0
-5.413 14.263 9.663 0 0 0
0.562 -1.213 -1.088 0 0 0
0.738 -0.363 -3.688 0 0 0
-1.113 -0.363 -3.888 0 0 0
0.113 -0.913 -1.012 0 0 0
-1.588 5.738 8.037 0 0 0
-2.562 8.013 5.812 0 0 0
-2.838 3.338 -1.137 0 0 0
-3.088 0.213 -0.088 0 0 0
-8.013 16.438 -0.213 0 0 0
-10.238 5.663 7.663 0 0 0
-1.312 -2.188 -0.938 0 0 0
-3.363 0.312 0.413 0 0 0
-2.513 -0.263 -0.463 0 0 0
-3.312 0.688 0.638 0 0 0
-1.963 0.013 -0.062 0 0 0
-0.763 1.188 0.013 0 0 0
-2.238 -1.663 -1.088 0 0 0
-8.213 7.488 7.613 0 0 0
-2.763 -0.088 -1.238 0 0 0
-1.763 -0.138 -1.588 0 0 0
-2.463 -0.238 -2.638 0 0 0
0.963 0.338 -0.013 0 0 0
-12.688 -0.738 8.812 0 0 0
-2.312 0.088 0.688 0 0 0
-3.363 1.638 0.013 0 0 0
-6.538 -2.113 0.263 0 0 0
0.763 0.913 0.088 0 0 0
-3.913 8.113 6.663 0 0 0
0.488 0.088 -1.088 0 0 0
-0.013 0.688 0.562 0 0 0
0.613 1.238 -0.588 0 0 0
-3.388 0.062 0.288 0 0 0
0.688 -0.213 -2.113 0 0 0
-3.863 -2.062 0.513 0 0 0
-10.788 1.113 9.963 0 0 0
-1.338 -1.113 -1.062 0 0 0
0.188 0.537 0.562 0 0 0
-2.513 -0.088 -0.062 0 0 0
-0.663 -9.412 0.013 0 0 0
-0.513 0.463 0.663 0 0 0
-9.938 6.763 7.838 0 0 0
-1.838 5.963 7.812 0 0 0
4.213 3.738 4.737 0 0 0
3.863 -2.513 -0.013 0 0 0
3.913 3.863 0.513 0 0 0
3.788 -3.263 0.363 0 0 0
-16.762 5.888 8.537 0 0 0
-1.638 5.713 7.938 0 0 0
-2.363 1.738 -1.088 0 0 0
-1.312 -9.263 0.013 0 0 0
-2.888 0.113 -1.238 0 0 0
-1.763 -1.113 -1.062 0 0 0
3.963 -2.888 1.137 0 0 0
-3.738 0.988 9.638 0 0 0
3.113 -7.812 2.513 0 0 0
-3.213 -0.438 0.013 0 0 0
-10.113 -7.238 4.213 0 0 0
-2.163 0.088 0.738 0 0 0
-3.688 1.788 -0.888 0 0 0
-1.538 2.087 -1.062 0 0 0
0.238 -0.163 -1.738 0 0 0
0.713 -0.463 -0.288 0 0 0
-15.938 1.638 14.738 0 0 0
0.537 0.113 1.088 0 0 0
0.938 0.263 0.238 0 0 0
-9.088 -9.738 0.013 0 0 0
-10.638 12.438 9.463 0 0 0
-10.238 5.738 7.688 0 0 0
-0.838 7.988 7.738 0 0 0
-3.213 10.013 2.738 0 0 0
-3.388 0.988 0.688 0 0 0
-16.838 6.838 6.613 0 0 0
-1.213 1.288 0.013 0 0 0
-18.113 -10.888 0.013 0 0 0
-10.788 -0.763 8.963 0 0 0
4.188 3.663 4.737 0 0 0
3.513 5.988 8.338 0 0 0
-1.888 -1.788 -0.913 0 0 0
0.413 -0.038 -0.312 0 0 0
-2.838 -0.338 -0.312 0 0 0
-9.438 1.113 10.038 0 0 0
-0.913 1.312 0.013 0 0 0
0.963 -0.788 -1.038 0 0 0
-3.312 0.888 -0.088 0 0 0
-3.312 0.312 0.312 0 0 0
-22.413 3.513 5.113 0 0 0
-1.638 1.288 0.013 0 0 0
-0.938 5.838 7.863 0 0 0
-0.413 0.213 -0.188 0 0 0
0.688 0.938 -0.163 0 0 0
-5.388 14.188 9.613 0 0 0
0.663 0.963 -0.263 0 0 0
-3.413 3.113 0.588 0 0 0
4.062 -0.312 -2.713 0 0 0
-1.938 -1.363 0.013 0 0 0
-1.413 1.137 0.013 0 0 0
-1.988 -0.888 -1.038 0 0 0
0.537 -0.788 -1.038 0 0 0
0.562 -7.488 4.362 0 0 0
-22.113 6.463 0.213 0 0 0
-1.513 -0.788 -0.988 0 0 0
-6.062 19.113 6.863 0 0 0
-10.163 -8.838 0.013 0 0 0
4.138 -7.463 0.013 0 0 0
-3.138 -0.088 -1.338 0 0 0
3.812 -3.088 -0.263 0 0 0
-1.938 -0.013 -0.388 0 0 0
-6.788 -10.438 0.013 0 0 0
-1.688 0.088 0.638 0 0 0
-3.213 0.963 0.312 0 0 0
-2.013 7.963 5.763 0 0 0
0.938 0.338 0.263 0 0 0
-2.413 -0.888 -1.038 0 0 0
0.388 0.938 -0.288 0 0 0
-1.338 -0.163 -1.788 0 0 0
-3.188 -0.163 -1.988 0 0 0
-6.988 -1.863 -0.088 0 0 0
0.888 -0.613 -0.238 0 0 0
-0.688 0.513 0.713 0 0 0
0.913 0.688 0.138 0 0 0
-3.338 0.263 0.312 0 0 0
-0.013 0.488 -0.038 0 0 0
-0.038 0.488 -0.038 0 0 0
-0.013 0.488 -0.013 0 0 0
-0.038 0.488 -0.013 0 0 0
-3.013 11.263 7.413 0 0 0
0.838 0.062 0.788 0 0 0
-3.363 0.288 0.213 0 0 0
-8.037 5.638 8.062 0 0 0
0.363 -0.188 -0.263 0 0 0
-3.888 -7.463 4.288 0 0 0
0.938 0.513 0.663 0 0 0
-13.513 -17.288 0.013 0 0 0
0.713 1.688 0.013 0 0 0
0.638 -0.738 -1.038 0 0 0
-8.037 6.963 8.338 0 0 0
0.413 -0.138 -1.288 0 0 0
-5.238 1.738 16.938 0 0 0
2.113 -7.763 4.413 0 0 0
-3.463 -0.713 0.213 0 0 0
-3.438 1.137 0.463 0 0 0
0.013 0.463 0.238 0 0 0
-2.263 -1.312 0.013 0 0 0
-7.413 -10.588 0.013 0 0 0
-7.738 13.238 7.088 0 0 0
-16.838 5.638 6.913 0 0 0
4.112 4.763 5.938 0 0 0
0.288 1.688 0.013 0 0 0
0.913 0.288 0.263 0 0 0
3.738 5.963 0.163 0 0 0
-1.738 0.062 0.537 0 0 0
-2.413 0.088 0.513 0 0 0
-8.562 6.088 8.188 0 0 0
-3.263 0.038 -0.013 0 0 0
-3.263 3.388 -0.038 0 0 0
2.488 7.988 6.888 0 0 0
-2.963 -0.113 -1.438 0 0 0
-1.038 -0.788 -1.088 0 0 0
0.463 0.438 0.013 0 0 0
3.638 -6.613 3.863 0 0 0
-3.413 2.288 -0.163 0 0 0
-2.263 -0.562 0.013 0 0 0
0.738 -0.312 -3.188 0 0 0
-1.863 -1.388 0.013 0 0 0
-9.213 1.038 9.463 0 0 0
0.788 -0.738 -0.988 0 0 0
-0.113 0.062 0.488 0 0 0
3.763 -2.337 0.788 0 0 0
3.088 -7.588 4.362 0 0 0
-2.212 -0.338 -0.363 0 0 0
-11.213 -10.838 0.013 0 0 0
0.913 0.463 0.663 0 0 0
-2.938 14.288 7.688 0 0 0
-1.438 -0.812 -0.988 0 0 0
4.038 -0.188 2.238 0 0 0
0.888 0.488 0.562 0 0 0
-2.087 -0.488 0.013 0 0 0
-24.938 -9.062 0.013 0 0 0
-3.013 6.388 7.812 0 0 0
-1.438 7.188 7.888 0 0 0
3.938 -4.013 0.688 0 0 0
-22.163 4.638 6.562 0 0 0
0.613 -0.038 -0.363 0 0 0
3.812 -3.013 -0.838 0 0 0
-7.938 7.288 7.088 0 0 0
-1.863 -0.812 -0.988 0 0 0
-0.062 -0.562 0.013 0 0 0
-3.338 1.963 0.863 0 0 0
3.812 -2.963 0.312 0 0 0
0.288 -1.213 -1.012 0 0 0
-2.513 -0.488 0.013 0 0 0
0.438 0.363 0.013 0 0 0
-2.463 0.062 0.413 0 0 0
-3.312 0.863 -0.288 0 0 0
-3.388 0.113 0.113 0 0 0
-3.113 0.763 0.013 0 0 0
0.188 0.588 0.388 0 0 0
-3.188 -1.638 -1.038 0 0 0
0.213 1.263 0.013 0 0 0
0.537 0.388 -0.213 0 0 0
3.688 -6.438 4.538 0 0 0
3.812 -2.838 -0.438 0 0 0
0.988 -0.062 -0.463 0 0 0
-1.938 -1.388 -0.188 0 0 0
-3.113 1.513 0.013 0 0 0
3.863 -7.263 4.288 0 0 0
-3.062 5.788 8.113 0 0 0
-1.863 -1.488 -0.963 0 0 0
2.838 -9.238 0.013 0 0 0
-0.088 -0.638 0.013 0 0 0
-0.788 -0.738 -1.038 0 0 0
0.938 0.312 0.062 0 0 0
-4.612 10.288 1.488 0 0 0
-2.163 -0.013 -0.438 0 0 0
3.738 -4.362 2.638 0 0 0
-1.663 -1.613 -1.062 0 0 0
-0.562 -0.888 -1.038 0 0 0
-22.363 3.763 5.438 0 0 0
-6.863 -2.337 -0.163 0 0 0
1.562 10.913 1.513 0 0 0
0.863 -0.763 -0.988 0 0 0
0.838 -0.163 -1.488 0 0 0
-1.012 -0.163 -1.688 0 0 0
-10.163 1.088 9.713 0 0 0
0.913 0.663 -0.062 0 0 0
-11.963 -10.788 0.013 0 0 0
-3.312 -1.838 0.013 0 0 0
-6.038 16.163 6.938 0 0 0
-3.388 -1.763 -0.888 0 0 0
-7.538 1.738 16.762 0 0 0
-13.738 1.062 9.188 0 0 0
-0.138 0.613 -0.363 0 0 0
4.188 3.713 4.562 0 0 0
-1.213 -0.738 -1.038 0 0 0
-11.913 14.038 8.363 0 0 0
-3.238 -1.638 0.013 0 0 0
-2.863 -0.388 -0.363 0 0 0
-1.413 1.713 -1.038 0 0 0
-5.963 -9.188 0.013 0 0 0
0.438 -0.763 -0.988 0 0 0
0.413 -0.163 -1.488 0 0 0
-11.963 -10.038 0.013 0 0 0
3.838 4.838 6.763 0 0 0
-6.062 5.463 7.613 0 0 0
-3.413 1.263 0.537 0 0 0
-1.012 2.538 0.013 0 0 0
-3.463 -0.738 0.013 0 0 0
0.188 -0.138 -1.338 0 0 0
-1.888 -0.988 -1.088 0 0 0
-3.312 0.812 -0.113 0 0 0
-1.838 7.113 8.438 0 0 0
-2.263 -0.312 -0.163 0 0 0
-9.138 -9.138 0.013 0 0 0
0.537 -0.388 -3.763 0 0 0
-2.288 -0.438 -0.713 0 0 0
-1.562 -0.312 -3.363 0 0 0
0.988 -0.163 -1.438 0 0 0
0.913 0.713 0.488 0 0 0
0.388 -0.338 -0.062 0 0 0
0.738 -0.988 -1.088 0 0 0
3.738 -4.888 2.913 0 0 0
-3.288 0.938 -0.088 0 0 0
-2.513 2.062 -1.088 0 0 0
0.663 0.888 -0.288 0 0 0
-0.613 -0.888 0.013 0 0 0
-14.138 8.013 8.037 0 0 0
0.788 4.213 4.062 0 0 0
-12.263 -8.588 0.013 0 0 0
-2.038 9.863 2.788 0 0 0
0.363 0.562 -0.312 0 0 0
-1.913 -0.763 -1.062 0 0 0
-3.288 -0.213 0.038 0 0 0
-2.212 12.188 9.338 0 0 0
-3.538 0.562 0.013 0 0 0
-2.688 0.863 -0.338 0 0 0
-0.038 -0.338 -0.062 0 0 0
-0.013 -0.338 -0.062 0 0 0
-11.213 1.763 16.488 0 0 0
0.312 -0.988 -1.088 0 0 0
-0.663 0.088 0.812 0 0 0
-3.838 1.263 0.013 0 0 0
-3.338 0.312 0.138 0 0 0
-0.013 0.537 -0.213 0 0 0
-0.038 0.537 -0.213 0 0 0
-3.238 -1.613 -1.113 0 0 0
-3.338 0.763 0.562 0 0 0
3.812 -2.863 -0.038 0 0 0
4.312 -7.763 0.013 0 0 0
0.338 -0.263 -0.312 0 0 0
-1.238 1.562 0.013 0 0 0
-0.537 -0.537 -0.062 0 0 0
-2.337 -0.763 -1.062 0 0 0
-0.088 -1.012 -0.988 0 0 0
3.812 4.188 1.538 0 0 0
-9.562 1.113 10.163 0 0 0
-11.638 1.763 16.488 0 0 0
-4.013 -10.438 0.013 0 0 0
-2.488 -0.163 -1.963 0 0 0
0.913 0.038 0.513 0 0 0
3.913 5.688 7.062 0 0 0
2.062 5.713 8.013 0 0 0
-0.913 -0.238 -2.413 0 0 0
-3.513 3.038 -0.338 0 0 0
-5.588 6.062 7.788 0 0 0
4.112 -3.963 0.013 0 0 0
1.963 -7.812 4.413 0 0 0
-2.838 -0.088 -1.213 0 0 0
-7.188 -7.513 3.713 0 0 0
-2.763 -0.763 -1.062 0 0 0
-2.538 -0.238 -2.613 0 0 0
-18.163 1.088 8.763 0 0 0
0.688 7.562 7.288 0 0 0
-1.963 2.263 0.013 0 0 0
0.763 3.288 0.013 0 0 0
-3.038 6.013 8.037 0 0 0
-0.363 -0.463 -0.463 0 0 0
-0.537 -0.988 -1.088 0 0 0
-2.913 -0.163 -1.963 0 0 0
0.913 0.788 0.513 0 0 0
-2.538 -0.763 -1.062 0 0 0
-3.438 1.062 0.438 0 0 0
-1.562 1.463 0.013 0 0 0
3.688 2.588 0.013 0 0 0
-1.338 1.312 0.013 0 0 0
-4.338 9.788 2.588 0 0 0
-1.263 -0.138 -1.513 0 0 0
3.812 -3.338 2.062 0 0 0
3.913 -4.213 1.663 0 0 0
-3.263 -0.038 -0.062 0 0 0
-0.138 -7.562 5.213 0 0 0
-1.812 0.088 0.763 0 0 0
3.963 -2.413 1.188 0 0 0
-0.613 0.812 0.562 0 0 0
-4.938 1.738 17.062 0 0 0
-1.763 1.312 0.013 0 0 0
-3.638 -2.888 -0.588 0 0 0
0.413 -0.312 -0.263 0 0 0
-0.562 0.113 -1.213 0 0 0
-8.013 10.188 1.513 0 0 0
-3.062 1.038 0.338 0 0 0
-11.538 5.938 8.062 0 0 0
-2.713 -0.188 -0.288 0 0 0
-3.238 1.388 -0.438 0 0 0
-3.188 0.188 0.088 0 0 0
-1.988 2.212 0.013 0 0 0
-10.438 7.088 7.838 0 0 0
0.388 0.038 -0.388 0 0 0
-2.988 -2.438 -0.913 0 0 0
-7.913 8.013 6.538 0 0 0
0.537 2.312 0.013 0 0 0
0.638 0.863 0.013 0 0 0
-11.163 1.763 16.387 0 0 0
-3.388 -0.713 0.088 0 0 0
-7.863 -7.488 1.413 0 0 0
3.963 2.138 0.938 0 0 0
-2.087 -0.738 -1.012 0 0 0
-0.988 0.113 -1.213 0 0 0
0.913 0.513 -0.113 0 0 0
-3.263 3.363 0.488 0 0 0
0.738 -0.163 -1.663 0 0 0
-2.838 7.938 6.538 0 0 0
-7.188 7.263 7.988 0 0 0
-2.188 0.013 -0.113 0 0 0
-8.138 7.062 7.812 0 0 0
-11.963 5.938 8.062 0 0 0
0.188 0.062 0.613 0 0 0
-0.763 0.113 -1.213 0 0 0
-2.212 0.062 0.263 0 0 0
-10.388 -0.788 9.263 0 0 0
-0.013 0.663 0.363 0 0 0
-1.888 1.513 0.013 0 0 0
0.812 0.963 0.013 0 0 0
-3.388 0.038 0.088 0 0 0
-0.013 0.088 0.763 0 0 0
-18.363 5.613 7.763 0 0 0
-0.088 0.562 -0.288 0 0 0
-2.663 14.312 7.713 0 0 0
-3.588 1.888 -0.938 0 0 0
-2.562 -0.188 -0.238 0 0 0
-0.288 -0.338 -0.288 0 0 0
2.188 5.913 7.913 0 0 0
-22.062 3.688 5.538 0 0 0
-0.688 0.812 0.363 0 0 0
-2.113 -0.938 0.013 0 0 0
0.738 1.513 0.013 0 0 0
-2.888 4.788 0.513 0 0 0
-12.213 13.763 9.088 0 0 0
-1.363 -0.812 -1.113 0 0 0
-3.888 8.062 6.638 0 0 0
-1.888 2.263 0.013 0 0 0
0.537 0.613 0.013 0 0 0
-12.013 1.763 16.387 0 0 0
-0.288 -0.013 -0.013 0 0 0
-2.312 1.513 0.013 0 0 0
0.338 0.613 0.263 0 0 0
-0.438 0.938 0.713 0 0 0
-3.213 -0.062 -0.913 0 0 0
0.463 -0.763 -1.012 0 0 0
0.312 -0.388 0.138 0 0 0
-0.463 0.963 0.613 0 0 0
0.638 -1.012 -0.988 0 0 0
-2.638 -9.238 0.013 0 0 0
0.312 1.513 0.013 0 0 0
-1.613 0.113 -1.213 0 0 0
-22.263 -5.963 0.013 0 0 0
-2.488 -0.888 -1.012 0 0 0
-2.738 1.513 0.013 0 0 0
0.537 1.363 0.013 0 0 0
-0.713 -0.013 -0.013 0 0 0
-0.163 -0.238 -2.312 0 0 0
-0.088 0.613 0.263 0 0 0
0.013 -0.263 -0.138 0 0 0
3.788 -1.838 -0.312 0 0 0
3.388 5.963 8.263 0 0 0
-1.288 12.213 7.538 0 0 0
0.088 2.413 0.013 0 0 0
-8.338 -7.888 3.863 0 0 0
-8.488 16.762 7.188 0 0 0
0.913 0.588 -0.088 0 0 0
-3.438 1.888 -0.138 0 0 0
-2.488 -2.038 -0.888 0 0 0
3.538 -5.988 4.388 0 0 0
-3.263 -0.238 0.013 0 0 0
-13.938 6.763 7.738 0 0 0
0.013 -0.388 0.013 0 0 0
0.113 1.363 0.013 0 0 0
0.938 0.413 0.438 0 0 0
-2.863 -0.463 -0.388 0 0 0
-0.338 -0.363 -0.388 0 0 0
-3.363 -0.138 -1.938 0 0 0
-3.312 0.288 0.113 0 0 0
0.688 0.913 0.312 0 0 0
-2.463 6.413 8.513 0 0 0
-12.838 12.263 7.138 0 0 0
0.788 -1.413 -0.213 0 0 0
-0.537 1.513 0.013 0 0 0
-3.062 1.413 0.013 0 0 0
-2.062 -0.138 -1.613 0 0 0
0.913 0.763 0.312 0 0 0
-2.763 -0.238 -2.663 0 0 0
0.838 0.863 0.562 0 0 0
-3.363 -1.238 0.013 0 0 0
-0.613 0.038 0.363 0 0 0
0.363 -0.263 -0.338 0 0 0
-3.263 0.513 0.013 0 0 0
0.613 -1.062 -0.988 0 0 0
-2.838 1.263 0.013 0 0 0
4.362 7.562 1.763 0 0 0
3.638 -0.163 -1.238 0 0 0
-1.713 -2.163 -0.938 0 0 0
-1.263 -0.163 -1.713 0 0 0
0.413 0.562 0.312 0 0 0
-3.588 6.913 8.213 0 0 0
2.363 5.763 7.963 0 0 0
-11.513 16.012 6.163 0 0 0
2.188 5.863 8.088 0 0 0
-3.312 0.463 0.513 0 0 0
-3.288 0.863 -0.113 0 0 0
0.163 -1.463 -1.113 0 0 0
0.038 0.488 0.038 0 0 0
0.363 -1.413 -0.213 0 0 0
4.163 4.138 5.088 0 0 0
-0.213 1.263 0.013 0 0 0
-0.038 -0.288 -0.238 0 0 0
-0.013 -0.288 -0.238 0 0 0
-3.388 -3.388 0.013 0 0 0
-8.787 6.013 8.113 0 0 0
-6.638 -10.238 0.013 0 0 0
0.188 -1.062 -0.988 0 0 0
2.263 -7.713 5.513 0 0 0
-7.463 1.738 16.637 0 0 0
-9.513 10.138 1.513 0 0 0
-2.138 -2.163 -0.938 0 0 0
-8.787 6.888 7.963 0 0 0
-3.338 0.812 0.388 0 0 0
-0.062 0.613 -0.488 0 0 0
0.863 0.838 0.062 0 0 0
-3.013 5.838 7.838 0 0 0
3.913 -2.463 1.488 0 0 0
-3.488 0.363 3.113 0 0 0
-0.638 1.263 0.013 0 0 0
-3.213 -1.413 -0.113 0 0 0
-4.362 14.062 7.562 0 0 0
-3.513 0.613 0.013 0 0 0
0.338 -0.338 -0.338 0 0 0
-0.312 -0.938 -1.012 0 0 0
-3.263 -1.188 0.013 0 0 0
-3.263 -0.163 0.038 0 0 0
-20.388 -8.662 0.013 0 0 0
-3.812 1.312 0.013 0 0 0
0.812 -1.263 -0.312 0 0 0
-4.438 6.913 8.213 0 0 0
0.913 0.388 0.588 0 0 0
-2.337 0.088 0.588 0 0 0
-0.913 2.638 -1.038 0 0 0
-0.138 -1.163 -0.988 0 0 0
-1.062 1.263 0.013 0 0 0
-0.963 -0.788 -1.012 0 0 0
-25.213 -6.312 3.663 0 0 0
4.312 4.737 6.163 0 0 0
-3.363 1.888 0.537 0 0 0
-3.188 -1.163 -0.988 0 0 0
-1.438 -2.038 -0.938 0 0 0
-0.038 0.062 0.562 0 0 0
3.988 -4.288 1.238 0 0 0
-0.963 1.163 0.013 0 0 0
2.763 -7.488 4.388 0 0 0
0.812 0.513 -0.288 0 0 0
-2.812 2.013 -0.338 0 0 0
-1.763 0.038 0.238 0 0 0
-3.363 1.763 0.688 0 0 0
-2.963 -1.588 -1.088 0 0 0
-9.162 -11.312 0.013 0 0 0
-1.538 1.738 -1.038 0 0 0
-2.062 0.113 -1.188 0 0 0
-1.812 -0.013 -0.413 0 0 0
-2.863 -0.138 -1.863 0 0 0
-1.863 -2.038 -0.938 0 0 0
0.838 -0.388 -0.288 0 0 0
0.688 -0.038 -0.288 0 0 0
-1.438 5.838 8.088 0 0 0
-1.388 1.163 0.013 0 0 0
-9.388 -10.413 0.013 0 0 0
-1.763 2.638 -1.038 0 0 0
-3.363 -1.613 -0.988 0 0 0
-1.263 0.088 -1.288 0 0 0
-0.413 -0.763 -0.988 0 0 0
-1.238 5.713 7.988 0 0 0
-7.188 1.738 16.788 0 0 0
-7.138 -2.038 0.138 0 0 0
0.963 -0.138 -1.312 0 0 0
-7.713 5.988 -0.663 0 0 0
0.888 0.763 0.613 0 0 0
-1.812 1.163 0.013 0 0 0
-2.513 0.062 0.088 0 0 0
3.888 -1.763 1.638 0 0 0
-0.838 -0.763 -0.988 0 0 0
-19.763 0.763 5.213 0 0 0
-11.062 5.788 7.913 0 0 0
0.388 -0.038 -0.413 0 0 0
-8.062 1.113 10.238 0 0 0
0.537 -0.138 -1.312 0 0 0
-1.312 -0.138 -1.513 0 0 0
-2.713 0.038 -0.062 0 0 0
-8.463 15.988 7.163 0 0 0
-9.013 6.263 8.287 0 0 0
4.163 3.638 4.237 0 0 0
0.163 -1.038 -0.288 0 0 0
-1.513 -8.537 0.013 0 0 0
-0.413 -0.288 -0.338 0 0 0
0.038 0.038 0.338 0 0 0
0.812 -0.438 -0.288 0 0 0
3.913 -1.513 0.763 0 0 0
-3.312 0.713 0.338 0 0 0
-4.438 -10.438 0.013 0 0 0
-11.388 1.062 9.463 0 0 0
0.113 -0.138 -1.312 0 0 0
-2.288 0.088 0.488 0 0 0
-3.138 0.038 -0.062 0 0 0
4.163 -5.938 0.013 0 0 0
0.988 -0.663 -0.263 0 0 0
-2.838 -0.938 -0.163 0 0 0
3.888 -1.812 -0.788 0 0 0
0.588 1.463 0.013 0 0 0
0.238 -0.138 -1.438 0 0 0
0.463 -0.363 -3.738 0 0 0
-1.713 1.213 0.013 0 0 0
-2.337 0.013 -0.163 0 0 0
3.838 -3.963 2.838 0 0 0
0.913 -0.738 -1.012 0 0 0
0.288 -0.312 -0.138 0 0 0
0.938 -0.588 0.013 0 0 0
-9.562 5.738 8.013 0 0 0
-0.537 0.113 0.988 0 0 0
-5.088 -9.562 0.013 0 0 0
0.913 1.213 0.013 0 0 0
-2.212 -0.213 -2.438 0 0 0
-1.988 -0.763 -1.038 0 0 0
3.713 2.413 0.013 0 0 0
-3.163 0.263 -0.038 0 0 0
-2.312 10.812 1.538 0 0 0
-3.163 0.263 -0.013 0 0 0
2.588 6.363 8.162 0 0 0
-1.913 0.062 0.388 0 0 0
0.288 -0.438 0.013 0 0 0
-3.963 -0.738 8.787 0 0 0
3.913 -1.463 1.312 0 0 0
-2.038 -0.838 -1.012 0 0 0
-7.938 5.738 7.963 0 0 0
-0.188 -0.713 -1.038 0 0 0
4.163 3.263 4.513 0 0 0
4.138 4.638 5.688 0 0 0
4.263 4.188 5.812 0 0 0
-0.213 -0.188 -0.163 0 0 0
-25.538 6.013 7.038 0 0 0
4.038 -9.088 0.013 0 0 0
-22.538 3.513 4.863 0 0 0
-0.938 -1.413 -0.188 0 0 0
-3.463 1.838 -0.188 0 0 0
0.713 -0.888 -1.012 0 0 0
1.638 5.888 7.888 0 0 0
-9.388 1.038 9.312 0 0 0
-2.212 -0.438 -0.638 0 0 0
0.488 1.213 0.013 0 0 0
0.038 8.013 6.938 0 0 0
-5.013 6.938 7.838 0 0 0
-25.238 1.113 8.088 0 0 0
-8.238 -10.562 0.013 0 0 0
-1.312 -0.238 -2.488 0 0 0
-2.713 -0.062 -1.038 0 0 0
-2.463 -0.213 -0.263 0 0 0
0.838 0.038 0.537 0 0 0
-4.788 6.213 8.238 0 0 0
4.062 -0.288 -2.413 0 0 0
1.213 5.888 7.888 0 0 0
0.188 -0.163 -1.538 0 0 0
-8.037 -8.912 0.013 0 0 0
-1.888 -7.663 5.163 0 0 0
-3.488 0.188 1.388 0 0 0
4.338 5.588 6.238 0 0 0
-3.538 -0.838 -0.938 0 0 0
-1.763 0.013 0.038 0 0 0
0.288 1.062 0.013 0 0 0
-2.562 -1.838 -1.012 0 0 0
4.138 2.413 3.288 0 0 0
0.038 -0.338 0.013 0 0 0
4.138 3.913 4.562 0 0 0
-0.513 0.838 0.488 0 0 0
-3.138 -0.062 -1.038 0 0 0
-0.588 0.088 0.888 0 0 0
-4.588 -10.312 0.013 0 0 0
0.263 -0.488 0.013 0 0 0
-1.638 7.538 7.888 0 0 0
-1.038 -1.413 -1.088 0 0 0
-2.888 1.113 0.013 0 0 0
0.562 -1.213 -0.988 0 0 0
3.538 -0.788 9.263 0 0 0
-0.038 0.513 0.263 0 0 0
-12.663 5.713 7.388 0 0 0
-3.288 0.213 0.263 0 0 0
-0.163 -0.488 0.013 0 0 0
-2.513 -0.263 -0.363 0 0 0
-0.638 -0.763 -1.038 0 0 0
0.312 -0.363 -3.588 0 0 0
-9.263 1.738 16.538 0 0 0
0.062 -0.488 0.013 0 0 0
-5.138 5.863 8.113 0 0 0
-3.388 1.663 0.013 0 0 0
0.388 -0.062 -0.613 0 0 0
0.588 1.263 -0.588 0 0 0
-2.788 -1.213 -1.113 0 0 0
-3.413 0.113 0.013 0 0 0
0.188 0.537 0.663 0 0 0
0.288 -0.812 -0.988 0 0 0
3.963 5.388 0.713 0 0 0
4.013 2.488 3.438 0 0 0
3.238 7.038 8.263 0 0 0
-1.363 -1.088 -1.062 0 0 0
-1.438 7.562 6.238 0 0 0
-25.062 5.938 8.238 0 0 0
-0.513 1.438 -1.038 0 0 0
0.713 0.863 0.688 0 0 0
-0.088 -0.863 -0.113 0 0 0
-2.413 0.113 0.812 0 0 0
-12.613 7.113 7.038 0 0 0
-0.963 8.138 7.538 0 0 0
-1.438 -0.312 -3.388 0 0 0
-9.562 1.738 16.413 0 0 0
-1.413 -0.138 -1.688 0 0 0
-7.988 7.338 7.113 0 0 0
-0.113 0.088 0.788 0 0 0
0.913 0.438 -0.188 0 0 0
-5.013 15.363 8.787 0 0 0
3.763 -3.513 0.062 0 0 0
-2.062 1.488 -1.088 0 0 0
0.838 -1.088 -1.062 0 0 0
3.663 7.913 2.638 0 0 0
3.812 0.763 8.162 0 0 0
-0.537 0.088 0.788 0 0 0
4.163 2.938 4.062 0 0 0
-11.463 5.638 8.113 0 0 0
-0.062 0.763 0.438 0 0 0
-11.963 -7.312 5.413 0 0 0
0.913 0.613 0.213 0 0 0
-3.263 0.113 0.812 0 0 0
-1.137 6.213 7.688 0 0 0
-2.138 -0.413 -0.562 0 0 0
-9.312 -7.388 4.362 0 0 0
0.963 2.013 0.463 0 0 0
3.938 -0.488 5.863 0 0 0
0.588 7.963 6.888 0 0 0
-1.012 1.163 0.013 0 0 0
0.913 1.938 -0.188 0 0 0
-1.763 -1.788 -0.938 0 0 0
-9.138 -10.513 0.013 0 0 0
-3.338 -0.663 0.013 0 0 0
4.163 4.138 4.487 0 0 0
3.213 6.113 8.162 0 0 0
-0.213 -0.338 -0.213 0 0 0
-2.562 -0.138 -1.738 0 0 0
-3.312 0.763 0.163 0 0 0
-3.338 0.663 0.288 0 0 0
-9.638 -10.713 0.013 0 0 0
-3.938 -1.863 0.537 0 0 0
-3.988 -10.413 0.013 0 0 0
-12.062 7.088 8.513 0 0 0
-3.363 1.312 0.938 0 0 0
-0.913 -0.163 -1.688 0 0 0
-9.738 11.938 7.062 0 0 0
0.463 -0.312 -3.238 0 0 0
3.663 -6.688 4.713 0 0 0
-3.363 0.113 -0.088 0 0 0
-3.338 0.537 0.438 0 0 0
-1.938 -0.013 -0.288 0 0 0
-19.188 5.013 4.863 0 0 0
-3.213 0.963 0.413 0 0 0
0.938 0.338 0.363 0 0 0
-9.638 -9.963 0.013 0 0 0
-0.338 -0.438 -0.463 0 0 0
3.888 -4.713 2.263 0 0 0
-2.838 -1.012 -0.188 0 0 0
-9.938 1.088 9.863 0 0 0
0.088 -0.263 -0.062 0 0 0
-1.338 -0.163 -1.688 0 0 0
-1.988 -1.588 -1.062 0 0 0
-2.438 -0.238 -0.288 0 0 0
-6.988 -1.863 0.013 0 0 0
-1.913 0.113 0.888 0 0 0
-7.138 -11.413 0.013 0 0 0
0.913 0.688 0.238 0 0 0
0.163 -0.062 -0.062 0 0 0
-3.338 0.263 0.413 0 0 0
-2.438 0.062 -0.013 0 0 0
0.113 0.588 0.488 0 0 0
-1.213 5.963 7.863 0 0 0
-10.038 -7.463 1.413 0 0 0
-2.438 -1.388 -0.163 0 0 0
0.888 -0.738 0.013 0 0 0
-7.113 -9.113 0.013 0 0 0
-0.263 -0.363 -0.312 0 0 0
0.913 0.562 0.388 0 0 0
1.913 -7.438 6.213 0 0 0
0.963 0.312 -0.138 0 0 0
-4.588 6.288 8.213 0 0 0
2.363 -7.838 3.913 0 0 0
-1.538 1.638 0.013 0 0 0
3.788 -3.413 1.012 0 0 0
-10.188 6.213 8.113 0 0 0
-2.212 0.113 0.763 0 0 0
-0.863 7.088 6.863 0 0 0
-0.537 0.163 0.213 0 0 0
-2.062 0.013 -0.138 0 0 0
-2.938 -1.012 -1.088 0 0 0
-2.688 0.713 -0.438 0 0 0
3.812 -3.513 3.088 0 0 0
0.488 1.388 -0.913 0 0 0
0.913 0.288 0.363 0 0 0
4.188 3.288 3.838 0 0 0
-3.413 0.138 0.963 0 0 0
0.438 0.463 -0.263 0 0 0
-1.713 -2.638 -0.888 0 0 0
0.038 -0.288 -0.163 0 0 0
-1.963 1.638 0.013 0 0 0
4.112 2.363 3.238 0 0 0
-5.413 8.062 5.888 0 0 0
-5.538 1.738 16.913 0 0 0
0.613 0.812 -0.638 0 0 0
-2.513 5.713 8.062 0 0 0
0.738 0.113 1.137 0 0 0
-1.838 5.812 7.863 0 0 0
-2.312 -2.413 -0.913 0 0 0
0.963 0.938 0.013 0 0 0
3.438 -2.938 0.513 0 0 0
-2.812 1.913 -0.562 0 0 0
-2.138 -0.213 -2.562 0 0 0
0.888 0.488 0.663 0 0 0
-18.762 5.488 7.363 0 0 0
-2.138 -2.638 -0.888 0 0 0
-15.988 1.713 15.312 0 0 0
-6.312 7.988 5.838 0 0 0
-2.138 -0.738 -1.012 0 0 0
-2.087 -0.913 0.013 0 0 0
-10.312 1.062 9.537 0 0 0
-7.913 5.812 7.838 0 0 0
-8.787 7.263 7.038 0 0 0
-2.263 3.113 0.013 0 0 0
-0.038 -0.238 -2.337 0 0 0
-0.713 -0.213 -2.363 0 0 0
0.838 0.838 -0.238 0 0 0
-4.663 1.763 17.238 0 0 0
0.488 -0.738 -1.012 0 0 0
-0.413 0.062 0.463 0 0 0
-0.263 0.013 -0.038 0 0 0
-0.263 0.013 -0.013 0 0 0
-12.338 5.663 8.138 0 0 0
3.713 -7.388 3.738 0 0 0
-2.788 1.363 0.013 0 0 0
-2.838 -0.638 -0.513 0 0 0
-3.188 0.888 0.363 0 0 0
3.913 -3.763 2.238 0 0 0
0.062 -0.738 -1.012 0 0 0
-12.888 1.062 9.287 0 0 0
-0.388 -0.138 -1.438 0 0 0
-2.212 -0.713 0.013 0 0 0
-2.463 7.988 6.562 0 0 0
4.188 2.613 3.263 0 0 0
-3.388 1.888 0.238 0 0 0
0.513 -0.288 -0.263 0 0 0
-13.113 1.088 9.438 0 0 0
-25.562 9.213 1.538 0 0 0
-8.738 13.538 7.963 0 0 0
-2.212 -0.263 -0.238 0 0 0
-18.988 5.888 4.663 0 0 0
3.838 6.062 0.812 0 0 0
-2.188 1.588 0.013 0 0 0
1.562 -7.463 6.213 0 0 0
3.812 -2.438 2.212 0 0 0
-2.888 -1.863 -1.038 0 0 0
-0.363 -0.738 -1.012 0 0 0
-2.238 -0.238 -0.338 0 0 0
-0.263 0.062 0.513 0 0 0
0.213 1.588 0.013 0 0 0
-5.338 -10.062 0.013 0 0 0
-7.312 5.663 7.888 0 0 0
4.213 3.488 3.812 0 0 0
-2.163 -0.013 -0.338 0 0 0
-0.062 3.863 0.013 0 0 0
-16.588 -12.038 0.013 0 0 0
0.488 -0.388 -0.213 0 0 0
-8.338 1.763 16.963 0 0 0
-2.263 5.888 7.888 0 0 0
0.688 -0.062 -0.488 0 0 0
-0.388 0.088 0.113 0 0 0
-0.562 -7.588 3.688 0 0 0
-2.713 -0.163 0.013 0 0 0
-0.138 -0.263 -0.113 0 0 0
-2.613 1.588 0.013 0 0 0
3.663 0.688 7.488 0 0 0
0.312 0.013 0.163 0 0 0
-1.988 3.062 -0.988 0 0 0
-0.338 0.913 0.763 0 0 0
-2.812 0.088 -1.012 0 0 0
0.312 0.888 0.013 0 0 0
0.488 0.363 -0.213 0 0 0
-2.488 0.088 -1.388 0 0 0
-3.363 -3.363 0.013 0 0 0
2.963 -0.763 9.287 0 0 0
-19.562 0.763 5.163 0 0 0
0.913 0.537 0.188 0 0 0
-2.438 -0.088 -0.088 0 0 0
-1.088 -0.738 -1.062 0 0 0
-13.763 -10.388 0.013 0 0 0
-8.113 11.538 6.863 0 0 0
-1.113 -0.138 -1.562 0 0 0
3.788 -2.812 2.238 0 0 0
-1.538 5.663 8.013 0 0 0
-3.463 -0.738 0.113 0 0 0
-7.363 5.763 7.638 0 0 0
-9.488 1.713 16.288 0 0 0
3.738 -3.738 2.888 0 0 0
2.713 -9.463 0.013 0 0 0
0.213 -0.113 0.013 0 0 0
0.188 -0.088 -0.088 0 0 0
-0.863 7.113 7.812 0 0 0
3.888 -4.388 2.113 0 0 0
-1.863 -0.163 -1.863 0 0 0
-3.263 -0.863 0.013 0 0 0
-3.713 -0.163 -2.062 0 0 0
-2.038 2.288 -1.088 0 0 0
-0.413 1.588 0.013 0 0 0
-14.288 -8.938 0.013 0 0 0
0.312 -0.138 -1.363 0 0 0
0.913 0.713 0.588 0 0 0
-8.938 -9.263 0.013 0 0 0
-16.288 5.913 7.538 0 0 0
-0.188 1.438 0.013 0 0 0
-22.588 3.788 4.413 0 0 0
0.812 0.863 0.463 0 0 0
-3.338 0.588 0.263 0 0 0
-6.913 -2.363 -0.163 0 0 0
-3.288 -0.513 -0.113 0 0 0
1.137 5.888 7.913 0 0 0
-3.163 -0.963 0.013 0 0 0
3.888 7.238 0.988 0 0 0
3.838 -2.488 -0.013 0 0 0
-3.312 11.013 8.988 0 0 0
-2.288 -0.163 -1.863 0 0 0
3.638 9.688 3.163 0 0 0
-3.363 1.488 0.013 0 0 0
-0.838 1.588 0.013 0 0 0
-0.113 -0.138 -1.363 0 0 0
0.588 -1.663 -1.088 0 0 0
-3.363 0.038 -0.113 0 0 0
-0.038 -0.338 0.038 0 0 0
-3.138 1.338 0.013 0 0 0
3.688 0.763 8.287 0 0 0
-0.663 0.088 0.913 0 0 0
-2.138 -1.638 -1.062 0 0 0
-3.113 -2.062 -0.888 0 0 0
-1.613 -1.312 -1.038 0 0 0
-0.288 -0.763 -1.012 0 0 0
-12.288 1.738 16.188 0 0 0
3.963 3.788 0.488 0 0 0
-6.738 -9.263 0.013 0 0 0
-0.513 1.338 0.013 0 0 0
-0.312 0.213 0.288 0 0 0
-25.088 7.713 7.913 0 0 0
-1.113 5.738 7.963 0 0 0
-1.012 -0.788 -1.012 0 0 0
-2.488 -0.163 -1.863 0 0 0
3.988 -0.238 -1.838 0 0 0
-0.138 0.562 -0.088 0 0 0
-5.763 6.738 7.613 0 0 0
-3.513 3.038 -0.238 0 0 0
0.763 0.113 1.113 0 0 0
-1.562 0.088 -1.312 0 0 0
-0.713 -0.763 -1.012 0 0 0
-3.163 0.988 0.438 0 0 0
-12.312 -8.638 0.013 0 0 0
-5.363 5.913 7.888 0 0 0
-2.763 -0.763 -0.963 0 0 0
-10.013 1.763 16.538 0 0 0
-0.938 1.338 0.013 0 0 0
-1.088 1.688 0.013 0 0 0
3.963 -0.312 3.838 0 0 0
-6.838 -1.812 -0.113 0 0 0
-1.438 -2.388 -0.913 0 0 0
-2.038 -0.988 -1.062 0 0 0
-1.038 -1.613 -1.012 0 0 0
0.163 0.038 0.312 0 0 0
0.188 -1.213 -1.088 0 0 0
0.488 -0.588 -0.812 0 0 0
-1.062 -0.138 -1.663 0 0 0
-3.288 -0.438 -0.088 0 0 0
0.812 -0.363 -3.513 0 0 0
-6.513 14.013 7.513 0 0 0
-13.338 1.713 15.763 0 0 0
-13.788 1.088 9.213 0 0 0
-12.312 5.638 8.113 0 0 0
-2.463 -0.988 -1.062 0 0 0
-3.263 -0.013 0.038 0 0 0
-7.538 8.213 6.013 0 0 0
-7.888 6.113 8.062 0 0 0
-3.438 0.938 0.688 0 0 0
-4.612 1.062 10.263 0 0 0
-1.463 -1.613 -1.012 0 0 0
-5.463 6.238 8.162 0 0 0
-3.913 -7.288 5.812 0 0 0
-1.438 -0.763 -1.062 0 0 0
-0.238 -1.213 -1.088 0 0 0
-12.312 6.963 8.388 0 0 0
3.913 -5.213 2.062 0 0 0
-2.488 -0.062 -0.163 0 0 0
-1.263 1.238 0.013 0 0 0
-1.488 -0.138 -1.663 0 0 0
-3.413 1.638 0.312 0 0 0
-4.312 1.238 0.013 0 0 0
-1.788 1.338 0.013 0 0 0
-3.062 1.038 0.438 0 0 0
4.138 3.613 5.013 0 0 0
-2.238 -0.388 -0.388 0 0 0
-0.363 8.113 7.513 0 0 0
-1.812 3.138 0.013 0 0 0
-2.087 -0.213 -2.463 0 0 0
-2.738 -0.163 -0.288 0 0 0
0.537 -0.312 -0.288 0 0 0
-6.088 5.913 7.763 0 0 0
-0.062 0.513 -0.038 0 0 0
-0.062 0.513 -0.013 0 0 0
-1.688 1.238 0.013 0 0 0
3.538 -5.488 4.062 0 0 0
-1.113 -0.163 -1.763 0 0 0
-0.188 5.738 8.037 0 0 0
0.938 -0.688 -0.263 0 0 0
-6.863 -10.188 0.013 0 0 0
0.513 -0.138 -1.413 0 0 0
-10.213 -8.888 0.013 0 0 0
-0.038 0.663 0.463 0 0 0
-10.738 1.812 17.038 0 0 0
-0.088 0.562 -0.188 0 0 0
3.738 1.838 0.013 0 0 0
-10.963 5.763 7.963 0 0 0
0.312 -0.163 -1.562 0 0 0
-2.087 0.062 0.238 0 0 0
-1.763 0.062 0.537 0 0 0
3.863 -1.913 1.288 0 0 0
1.012 0.838 0.013 0 0 0
-2.838 8.113 7.038 0 0 0
-2.138 -0.913 0.013 0 0 0
0.938 0.513 0.163 0 0 0
3.988 2.988 0.388 0 0 0
0.988 0.312 0.038 0 0 0
-2.538 1.238 0.013 0 0 0
3.413 -0.438 5.513 0 0 0
-3.388 1.812 0.213 0 0 0
-0.463 0.088 0.863 0 0 0
-13.613 6.863 7.838 0 0 0
-2.288 5.812 7.838 0 0 0
-7.913 -7.538 1.413 0 0 0
-3.413 7.188 7.913 0 0 0
0.588 0.838 0.013 0 0 0
-5.013 13.263 7.713 0 0 0
-1.463 -0.788 -0.988 0 0 0
3.863 -2.312 2.087 0 0 0
-5.413 7.838 7.688 0 0 0
-3.062 -0.663 -0.163 0 0 0
-22.263 -6.388 0.013 0 0 0
0.688 0.738 0.013 0 0 0
-0.588 7.588 6.263 0 0 0
-2.713 5.812 7.838 0 0 0
-2.038 -0.263 0.013 0 0 0
-7.188 -9.537 0.013 0 0 0
0.913 0.588 0.013 0 0 0
-1.713 2.312 -1.113 0 0 0
-3.438 1.888 -0.038 0 0 0
0.238 0.038 0.388 0 0 0
-1.863 0.113 0.788 0 0 0
0.938 0.413 0.537 0 0 0
-2.863 -0.463 -0.288 0 0 0
0.413 0.388 0.013 0 0 0
-1.062 5.812 7.888 0 0 0
-2.438 1.288 0.013 0 0 0
0.913 0.463 0.163 0 0 0
-2.562 1.188 0.013 0 0 0
-0.363 -0.338 -0.388 0 0 0
3.788 -5.363 2.738 0 0 0
0.688 0.913 0.413 0 0 0
-8.037 -10.288 0.013 0 0 0
0.062 -0.163 0.013 0 0 0
0.413 -0.812 -1.012 0 0 0
3.838 -2.888 0.038 0 0 0
0.913 0.763 0.413 0 0 0
4.138 3.113 4.163 0 0 0
-3.438 -0.213 -2.588 0 0 0
0.188 1.288 0.013 0 0 0
3.763 -3.238 -0.488 0 0 0
-2.438 0.138 0.138 0 0 0
0.263 -0.413 0.138 0 0 0
-3.263 0.513 0.113 0 0 0
0.363 -0.263 -0.238 0 0 0
-2.888 -0.562 -0.238 0 0 0
-3.288 -0.463 -0.288 0 0 0
-1.213 1.838 -1.088 0 0 0
0.163 -0.263 0.013 0 0 0
-1.488 5.812 7.888 0 0 0
-1.913 -1.588 -0.988 0 0 0
0.513 -0.913 -1.012 0 0 0
4.112 2.838 3.288 0 0 0
-7.363 14.438 7.738 0 0 0
-10.238 7.913 7.113 0 0 0
0.913 0.638 0.562 0 0 0
3.913 -2.188 1.613 0 0 0
-0.263 -0.138 -0.138 0 0 0
-3.338 -0.562 -0.938 0 0 0
-3.312 0.463 0.613 0 0 0
0.363 -0.388 -0.088 0 0 0
-3.013 -0.163 -2.038 0 0 0
-0.038 -0.288 -0.138 0 0 0
-0.812 1.438 -1.062 0 0 0
-0.013 -0.288 -0.138 0 0 0
-2.638 -0.763 -1.137 0 0 0
-0.238 1.288 0.013 0 0 0
-0.062 -0.263 -0.238 0 0 0
4.163 3.713 5.088 0 0 0
0.513 -0.213 -2.163 0 0 0
-1.638 1.838 -1.088 0 0 0
-9.338 -0.788 9.238 0 0 0
-2.337 -1.588 -0.988 0 0 0
0.062 0.463 0.163 0 0 0
-3.238 3.588 0.513 0 0 0
-6.588 5.838 7.812 0 0 0
0.163 -0.138 -1.413 0 0 0
3.538 -5.238 3.888 0 0 0
-0.013 -0.413 0.013 0 0 0
-0.038 -0.413 0.013 0 0 0
-0.738 8.037 7.438 0 0 0
-3.488 0.363 3.213 0 0 0
-13.312 15.113 6.488 0 0 0
0.163 -0.713 -1.012 0 0 0
-5.562 1.012 9.537 0 0 0
4.138 3.988 3.413 0 0 0
-1.562 -0.163 -1.738 0 0 0
-0.663 1.288 0.013 0 0 0
-18.038 1.113 9.088 0 0 0
-2.188 -0.312 -0.463 0 0 0
-0.338 -0.913 -1.012 0 0 0
-2.638 -0.188 -2.138 0 0 0
-3.263 1.738 0.013 0 0 0
0.537 -0.463 -0.338 0 0 0
-0.113 -1.062 -1.012 0 0 0
4.062 3.888 5.188 0 0 0
-8.863 -9.838 0.013 0 0 0
1.388 -7.488 6.238 0 0 0
-3.613 1.188 0.013 0 0 0
4.112 6.338 6.138 0 0 0
-2.963 1.738 -1.137 0 0 0
0.363 0.537 0.312 0 0 0
0.763 1.888 -0.188 0 0 0
-9.088 6.312 8.338 0 0 0
0.163 0.537 0.562 0 0 0
-3.363 0.438 0.513 0 0 0
-0.763 -0.913 -1.012 0 0 0
-3.312 -1.988 0.013 0 0 0
-0.488 -9.113 0.013 0 0 0
-3.888 -0.788 -1.038 0 0 0
-0.363 -0.088 0.038 0 0 0
0.088 0.062 0.537 0 0 0
-0.537 0.888 0.688 0 0 0
-25.388 5.988 6.988 0 0 0
-0.163 -0.338 0.163 0 0 0
-4.988 7.938 7.263 0 0 0
-0.363 0.213 0.288 0 0 0
-0.688 1.238 0.013 0 0 0
0.438 0.738 -0.213 0 0 0
-7.713 8.088 6.613 0 0 0
-11.513 -16.438 0.013 0 0 0
-0.338 0.062 0.537 0 0 0
-5.812 -7.513 3.788 0 0 0
-1.288 0.113 -1.288 0 0 0
-2.688 -1.213 -1.113 0 0 0
-25.788 -6.838 2.713 0 0 0
-3.413 1.562 0.288 0 0 0
-0.638 0.763 0.537 0 0 0
-4.038 -7.388 4.237 0 0 0
-1.113 1.238 0.013 0 0 0
-14.538 1.638 14.938 0 0 0
-17.988 -11.238 0.013 0 0 0
-3.163 -0.138 -1.888 0 0 0
-19.588 1.288 10.738 0 0 0
-0.888 1.238 0.013 0 0 0
-8.537 -7.788 3.788 0 0 0
0.038 0.613 0.713 0 0 0
0.388 -0.038 -0.312 0 0 0
-11.138 1.812 17.012 0 0 0
-3.338 0.888 -0.088 0 0 0
-3.312 -0.613 0.163 0 0 0
-3.062 1.088 -0.338 0 0 0
-0.088 -0.263 -0.213 0 0 0
0.038 0.038 0.438 0 0 0
3.888 -5.812 2.288 0 0 0
-3.613 6.738 7.613 0 0 0
0.562 -0.263 -0.288 0 0 0
-11.188 1.062 9.312 0 0 0
-1.312 1.238 0.013 0 0 0
-8.388 8.188 7.138 0 0 0
-4.288 6.513 7.963 0 0 0
0.812 1.913 0.113 0 0 0
-1.812 2.613 -1.038 0 0 0
-0.688 -0.238 -2.388 0 0 0
4.138 -5.913 0.013 0 0 0
-5.763 5.713 7.663 0 0 0
0.338 0.038 -0.562 0 0 0
-9.213 -10.588 0.013 0 0 0
-10.138 8.037 6.538 0 0 0
-1.588 -0.738 -1.038 0 0 0
-1.613 -0.138 -1.538 0 0 0
-0.488 0.113 -1.238 0 0 0
0.213 0.537 0.463 0 0 0
0.888 -0.138 -1.413 0 0 0
-0.913 1.163 0.013 0 0 0
2.087 5.988 7.863 0 0 0
-24.913 5.588 6.788 0 0 0
-6.613 1.763 17.088 0 0 0
-0.537 0.113 1.088 0 0 0
-6.838 8.013 6.562 0 0 0
-1.738 2.588 0.013 0 0 0
0.113 0.663 -0.062 0 0 0
0.713 1.288 -1.012 0 0 0
0.938 0.738 0.388 0 0 0
-1.438 2.613 0.013 0 0 0
-2.888 -1.713 -0.163 0 0 0
-1.338 1.163 0.013 0 0 0
-3.312 0.913 0.312 0 0 0
-2.163 2.588 0.013 0 0 0
3.788 -1.913 -0.238 0 0 0
0.613 -0.738 -1.038 0 0 0
4.138 -4.413 0.013 0 0 0
3.913 -4.788 1.562 0 0 0
-3.113 -0.838 -0.838 0 0 0
1.513 7.613 6.312 0 0 0
-3.188 1.038 -0.013 0 0 0
-6.713 12.263 7.363 0 0 0
-3.263 -0.312 0.088 0 0 0
0.763 1.288 0.013 0 0 0
0.188 -0.738 -1.038 0 0 0
-4.788 -9.037 0.013 0 0 0
-3.438 0.088 0.463 0 0 0
0.413 -0.888 -1.038 0 0 0
-24.938 -11.613 0.013 0 0 0
-3.288 0.038 -0.013 0 0 0
4.138 2.413 3.388 0 0 0
0.038 -7.438 6.138 0 0 0
-2.463 -0.788 8.988 0 0 0
-12.663 1.738 16.088 0 0 0
-3.488 -0.863 -0.038 0 0 0
0.888 -0.788 -0.988 0 0 0
4.188 3.113 4.263 0 0 0
-24.963 5.888 8.088 0 0 0
-0.138 0.638 0.088 0 0 0
-2.812 5.913 7.913 0 0 0
-0.238 -0.738 -1.038 0 0 0
0.363 0.988 0.013 0 0 0
3.938 -2.863 2.087 0 0 0
-3.312 1.263 1.113 0 0 0
-3.312 0.388 0.588 0 0 0
-3.288 0.788 -0.013 0 0 0
-3.413 -1.963 -0.163 0 0 0
4.188 4.487 5.688 0 0 0
3.963 4.338 0.562 0 0 0
0.812 -0.062 -0.513 0 0 0
-1.713 -0.038 -0.738 0 0 0
-16.463 8.062 8.088 0 0 0
0.838 -0.537 -0.238 0 0 0
-10.663 -11.038 0.013 0 0 0
-3.238 5.913 7.913 0 0 0
-3.213 6.338 8.438 0 0 0
-5.312 7.938 6.913 0 0 0
3.888 -10.138 0.013 0 0 0
4.088 3.113 3.888 0 0 0
-2.613 5.663 7.963 0 0 0
-16.588 5.738 7.713 0 0 0
0.888 -1.338 -1.113 0 0 0
-19.888 0.788 5.638 0 0 0
-1.463 1.513 -1.088 0 0 0
-2.138 3.013 -0.988 0 0 0
0.863 -7.538 4.388 0 0 0
-6.113 7.863 7.163 0 0 0
-1.338 -1.413 -1.113 0 0 0
-4.062 -0.963 -0.988 0 0 0
0.263 -1.213 -1.012 0 0 0
-10.788 -11.588 0.013 0 0 0
0.388 -0.062 -0.513 0 0 0
0.788 1.288 -1.012 0 0 0
-2.713 -6.388 0.013 0 0 0
0.863 -0.138 -1.388 0 0 0
3.863 -5.062 2.588 0 0 0
-0.988 -0.138 -1.588 0 0 0
0.338 -0.413 -0.263 0 0 0
-3.413 0.113 0.113 0 0 0
0.963 0.213 0.312 0 0 0
-2.713 -0.163 -1.913 0 0 0
0.062 5.438 7.438 0 0 0
-7.688 8.088 6.588 0 0 0
-0.638 -1.312 -1.062 0 0 0
-2.087 2.562 0.013 0 0 0
0.138 0.613 0.288 0 0 0
-2.212 -0.188 -0.113 0 0 0
-2.388 -0.088 0.013 0 0 0
-5.238 -9.088 0.013 0 0 0
4.138 2.488 3.413 0 0 0
1.012 1.888 -0.338 0 0 0
-0.513 0.913 0.613 0 0 0
-2.413 -0.062 -0.088 0 0 0
0.438 -0.138 -1.388 0 0 0
-12.013 15.788 6.788 0 0 0
0.663 -0.363 -3.688 0 0 0
-2.763 -2.663 -0.888 0 0 0
1.038 9.838 3.013 0 0 0
3.588 0.562 6.188 0 0 0
-5.113 7.738 7.588 0 0 0
0.338 1.663 0.013 0 0 0
-2.613 -0.088 -0.238 0 0 0
4.188 3.013 3.288 0 0 0
0.238 -0.163 -1.538 0 0 0
-3.388 2.288 0.263 0 0 0
-10.562 12.338 9.412 0 0 0
-8.588 1.113 10.163 0 0 0
0.863 -0.088 -0.838 0 0 0
-0.988 -1.113 -1.062 0 0 0
-16.812 5.663 8.238 0 0 0
1.088 -0.312 -3.138 0 0 0
0.013 -0.138 -1.388 0 0 0
-3.188 -0.763 -1.012 0 0 0
4.138 2.963 4.062 0 0 0
0.238 0.638 0.288 0 0 0
0.812 -0.163 -1.488 0 0 0
-2.938 2.562 0.013 0 0 0
-10.062 5.513 7.913 0 0 0
-1.713 -0.138 -1.713 0 0 0
0.838 0.863 0.062 0 0 0
-5.788 -9.638 0.013 0 0 0
-2.613 0.088 0.163 0 0 0
0.263 0.062 0.788 0 0 0
-2.212 -0.763 -0.988 0 0 0
-2.263 0.088 0.562 0 0 0
-3.613 4.463 -1.288 0 0 0
3.938 -1.788 1.213 0 0 0
0.763 6.163 7.638 0 0 0
0.038 0.663 0.537 0 0 0
-3.538 0.613 0.013 0 0 0
0.338 -0.963 -0.988 0 0 0
-13.038 1.738 15.988 0 0 0
-3.238 0.213 0.263 0 0 0
-2.087 -0.763 -1.113 0 0 0
-3.338 0.363 0.138 0 0 0
-5.513 -7.363 4.913 0 0 0
4.288 4.763 6.638 0 0 0
2.812 -7.638 2.988 0 0 0
-3.538 1.363 0.013 0 0 0
4.112 4.062 3.938 0 0 0
-0.913 -1.613 -1.038 0 0 0
-4.038 -0.763 -1.012 0 0 0
3.988 3.538 0.463 0 0 0
0.413 0.113 -1.213 0 0 0
3.663 -5.663 4.838 0 0 0
-3.288 0.013 -0.238 0 0 0
-2.188 -0.463 -0.562 0 0 0
3.888 5.288 0.713 0 0 0
-1.388 -1.812 -0.938 0 0 0
-3.238 -1.788 0.013 0 0 0
4.163 3.688 3.562 0 0 0
-5.988 -15.588 0.013 0 0 0
-3.963 1.363 0.013 0 0 0
-1.888 11.838 9.088 0 0 0
0.913 0.388 0.088 0 0 0
0.088 -0.263 0.038 0 0 0
-15.463 -0.763 7.413 0 0 0
-2.337 4.263 -1.213 0 0 0
-3.288 1.388 1.188 0 0 0
-3.163 0.312 -0.113 0 0 0
-15.638 1.562 13.963 0 0 0
0.913 0.688 0.338 0 0 0
0.363 -0.488 -0.312 0 0 0
0.312 0.038 0.463 0 0 0
-3.663 1.562 0.013 0 0 0
-1.137 1.663 0.013 0 0 0
-2.638 0.062 0.312 0 0 0
-6.988 -1.988 0.263 0 0 0
-1.263 1.562 0.013 0 0 0
-3.588 2.788 0.038 0 0 0
0.913 0.562 0.488 0 0 0
-8.688 16.413 7.363 0 0 0
-3.188 0.213 -0.062 0 0 0
-0.138 -0.988 -1.088 0 0 0
-0.113 0.038 0.463 0 0 0
-3.463 -0.713 0.413 0 0 0
0.763 1.913 0.113 0 0 0
-13.363 13.938 7.413 0 0 0
1.113 -0.238 -2.188 0 0 0
-14.688 -8.138 -0.838 0 0 0
-2.062 0.013 -0.038 0 0 0
4.062 2.863 3.963 0 0 0
-12.888 -7.213 3.213 0 0 0
-3.263 -0.263 -0.088 0 0 0
-2.938 4.713 0.312 0 0 0
4.237 6.113 7.963 0 0 0
-0.738 0.113 -1.263 0 0 0
-15.363 8.787 7.713 0 0 0
-7.088 5.838 7.838 0 0 0
-16.588 6.913 7.938 0 0 0
-15.088 11.513 8.763 0 0 0
-0.188 -1.062 -0.988 0 0 0
-4.788 13.562 8.838 0 0 0
-8.562 8.088 6.613 0 0 0
1.913 5.888 7.863 0 0 0
0.038 -0.288 -0.062 0 0 0
2.938 6.263 8.037 0 0 0
-0.513 0.888 0.413 0 0 0
0.288 0.537 0.338 0 0 0
-2.488 0.013 -0.013 0 0 0
-2.488 0.013 -0.038 0 0 0
-2.763 -1.663 -1.062 0 0 0
0.088 0.537 0.588 0 0 0
0.638 0.338 -0.263 0 0 0
3.963 -1.888 1.163 0 0 0
0.763 -0.138 -1.288 0 0 0
-5.738 5.663 8.037 0 0 0
-3.513 8.013 5.838 0 0 0
-0.913 -0.788 -1.012 0 0 0
-2.212 -0.338 -0.163 0 0 0
-1.588 -9.037 0.013 0 0 0
-3.138 -1.163 -0.988 0 0 0
-6.838 -10.138 0.013 0 0 0
-2.138 -0.213 -2.463 0 0 0
-1.938 13.388 7.688 0 0 0
0.438 -0.238 -0.288 0 0 0
4.388 -10.338 0.013 0 0 0
-14.438 12.688 8.438 0 0 0
-2.988 0.113 -1.213 0 0 0
-3.263 3.138 0.463 0 0 0
-10.588 -0.763 9.113 0 0 0
-1.338 -0.788 -1.012 0 0 0
4.362 -8.537 0.013 0 0 0
-7.788 1.062 9.863 0 0 0
-3.088 0.138 0.088 0 0 0
-1.713 -0.163 -1.913 0 0 0
0.838 0.838 -0.138 0 0 0
-18.788 5.238 7.062 0 0 0
-3.488 0.338 3.013 0 0 0
0.463 -0.138 -1.413 0 0 0
-25.312 5.863 7.812 0 0 0
0.038 0.638 0.338 0 0 0
0.388 0.438 -0.263 0 0 0
-7.488 -9.238 0.013 0 0 0
0.963 0.263 0.138 0 0 0
-2.513 -0.038 -0.038 0 0 0
-3.338 0.338 -0.062 0 0 0
-1.788 -0.763 -1.113 0 0 0
0.938 -0.738 0.013 0 0 0
-3.388 -0.763 9.213 0 0 0
0.163 0.062 0.613 0 0 0
2.713 5.588 7.812 0 0 0
-0.562 8.088 7.513 0 0 0
-2.312 -0.163 -0.138 0 0 0
-16.488 6.588 8.463 0 0 0
1.988 -7.638 5.312 0 0 0
-7.763 -9.588 0.013 0 0 0
-10.213 -9.513 0.013 0 0 0
3.788 -4.562 3.238 0 0 0
-5.088 6.438 7.838 0 0 0
-0.713 -0.163 -1.713 0 0 0
0.062 0.638 0.513 0 0 0
-2.212 -0.263 -0.138 0 0 0
-2.163 -0.338 -0.488 0 0 0
-6.738 -0.763 9.162 0 0 0
-2.238 -0.238 -0.238 0 0 0
-1.788 0.038 0.038 0 0 0
-2.188 1.163 0.013 0 0 0
0.537 5.363 4.638 0 0 0
0.513 0.613 0.013 0 0 0
-2.337 1.513 0.013 0 0 0
0.438 -0.788 -1.012 0 0 0
-0.312 -0.013 -0.013 0 0 0
-0.312 -0.038 -0.013 0 0 0
0.913 0.363 -0.113 0 0 0
-5.838 -7.488 4.713 0 0 0
3.913 -6.338 2.488 0 0 0
-5.638 16.062 7.188 0 0 0
-3.238 -0.088 -1.312 0 0 0
-1.238 7.138 8.013 0 0 0
-2.087 -2.038 -0.888 0 0 0
-2.863 -0.688 -0.413 0 0 0
3.613 7.463 2.488 0 0 0
4.213 3.838 5.312 0 0 0
0.312 0.013 0.263 0 0 0
0.638 1.463 0.013 0 0 0
-1.812 -0.812 -1.113 0 0 0
0.913 -0.788 0.013 0 0 0
-6.688 16.012 6.888 0 0 0
-7.562 1.763 16.863 0 0 0
-2.337 2.263 0.013 0 0 0
-1.188 1.263 -1.088 0 0 0
-1.438 -0.163 -1.763 0 0 0
-3.288 -0.163 -1.963 0 0 0
-1.263 7.488 7.888 0 0 0
0.913 0.537 0.288 0 0 0
0.238 0.562 0.263 0 0 0
-0.088 10.013 8.963 0 0 0
-8.338 6.763 7.812 0 0 0
-0.138 1.513 0.013 0 0 0
-2.863 1.088 -0.388 0 0 0
-3.938 -7.363 4.963 0 0 0
-3.038 -7.562 4.988 0 0 0
-2.763 6.312 8.213 0 0 0
-2.212 0.088 0.663 0 0 0
-2.863 0.513 0.013 0 0 0
-3.062 1.062 0.138 0 0 0
0.088 1.363 0.013 0 0 0
0.913 0.413 0.438 0 0 0
0.188 -0.088 0.013 0 0 0
0.537 -0.738 -1.012 0 0 0
4.312 7.388 0.863 0 0 0
-0.013 0.513 -0.238 0 0 0
0.913 0.713 0.688 0 0 0
-3.312 0.688 0.238 0 0 0
0.812 0.863 0.562 0 0 0
-1.288 -0.888 -0.963 0 0 0
0.938 8.037 7.763 0 0 0
-1.363 5.888 7.888 0 0 0
-3.312 0.113 0.638 0 0 0
-2.863 1.263 0.013 0 0 0
-0.338 1.363 0.013 0 0 0
3.738 5.163 7.238 0 0 0
0.113 -0.738 -1.012 0 0 0
-3.388 1.263 0.913 0 0 0
-22.588 -0.562 4.638 0 0 0
-3.338 0.463 0.513 0 0 0
-5.988 5.238 7.463 0 0 0
4.112 4.737 4.588 0 0 0
0.338 -0.562 -0.363 0 0 0
-0.038 -0.788 9.138 0 0 0
-2.337 2.288 -1.113 0 0 0
-5.763 5.988 7.713 0 0 0
-3.288 1.263 0.013 0 0 0
4.038 3.388 4.713 0 0 0
-9.938 10.438 8.688 0 0 0
-1.812 -0.738 -1.088 0 0 0
4.088 3.138 4.188 0 0 0
-1.213 -0.312 -3.363 0 0 0
-8.438 -11.213 0.013 0 0 0
-0.863 7.163 8.463 0 0 0
-0.213 0.062 0.513 0 0 0
-0.513 5.938 7.838 0 0 0
-6.963 -2.113 -0.138 0 0 0
0.113 0.513 0.562 0 0 0
-8.662 -10.312 0.013 0 0 0
-2.238 -0.738 -1.088 0 0 0
0.513 -0.038 -0.338 0 0 0
-11.463 5.763 7.463 0 0 0
-2.438 1.713 -1.088 0 0 0
0.138 -0.238 0.062 0 0 0
-17.288 1.738 15.438 0 0 0
4.263 4.913 6.388 0 0 0
-3.538 -1.613 -1.038 0 0 0
0.863 0.388 -0.188 0 0 0
-0.812 6.363 7.812 0 0 0
-2.888 -1.613 -1.113 0 0 0
0.913 -7.812 5.463 0 0 0
-3.213 -0.562 -0.238 0 0 0
-1.638 5.888 7.938 0 0 0
0.163 0.038 0.413 0 0 0
-1.838 -1.113 -1.062 0 0 0
0.513 1.288 -0.738 0 0 0
2.638 5.988 7.838 0 0 0
-3.663 2.062 -1.012 0 0 0
-7.812 7.888 7.788 0 0 0
1.088 -0.763 9.213 0 0 0
-9.763 11.963 7.062 0 0 0
4.138 2.388 3.188 0 0 0
-0.562 1.312 0.013 0 0 0
-2.488 -0.062 -0.062 0 0 0
-5.163 6.988 8.312 0 0 0
-6.338 5.338 7.088 0 0 0
0.812 -0.388 -0.288 0 0 0
-8.162 -2.488 0.338 0 0 0
-3.113 -10.863 0.013 0 0 0
-0.688 -0.163 -1.663 0 0 0
-1.213 1.463 0.013 0 0 0
-5.138 12.038 7.288 0 0 0
-8.062 10.238 1.513 0 0 0
-3.613 -2.062 -0.988 0 0 0
-10.038 5.963 8.062 0 0 0
-3.188 -1.312 -0.988 0 0 0
-3.513 1.213 0.013 0 0 0
-0.988 1.312 0.013 0 0 0
-9.588 8.088 7.062 0 0 0
-0.062 0.513 0.062 0 0 0
2.188 5.888 7.888 0 0 0
-3.312 1.113 1.062 0 0 0
-3.488 0.213 1.838 0 0 0
-0.288 -0.062 -0.062 0 0 0
-20.713 5.263 7.088 0 0 0
-0.488 -0.363 0.213 0 0 0
0.938 0.338 -0.138 0 0 0
-2.388 -1.488 -0.938 0 0 0
-1.113 -9.138 0.013 0 0 0
-3.938 1.213 0.013 0 0 0
-1.413 1.312 0.013 0 0 0
0.513 -0.138 -1.312 0 0 0
-1.863 -2.188 -0.938 0 0 0
0.537 -1.638 -1.062 0 0 0
-0.088 -0.312 0.062 0 0 0
-7.088 -2.013 -0.113 0 0 0
0.388 0.363 -0.288 0 0 0
-0.062 0.688 0.463 0 0 0
4.338 -9.738 0.013 0 0 0
0.913 -0.338 -0.288 0 0 0
-3.963 -10.863 0.013 0 0 0
-10.013 -9.013 0.013 0 0 0
-2.087 0.062 0.338 0 0 0
-1.913 8.062 7.438 0 0 0
-10.088 7.088 7.838 0 0 0
-0.288 0.688 -0.062 0 0 0
-15.763 13.338 7.062 0 0 0
0.188 -0.238 -0.013 0 0 0
-2.288 -2.188 -0.938 0 0 0
0.938 0.513 0.263 0 0 0
-3.163 0.038 -0.062 0 0 0
3.888 -4.538 2.163 0 0 0
3.888 -2.688 0.888 0 0 0
-1.312 -9.287 0.013 0 0 0
0.488 -0.338 -0.288 0 0 0
-1.738 1.213 0.013 0 0 0
3.812 -5.812 4.112 0 0 0
0.788 1.312 0.013 0 0 0
-3.338 0.438 0.312 0 0 0
-22.312 3.738 5.113 0 0 0
3.738 2.163 0.013 0 0 0
-16.113 -10.863 0.013 0 0 0
-2.188 -0.562 -0.788 0 0 0
-3.263 -0.413 -0.188 0 0 0
-12.988 -17.213 0.013 0 0 0
-0.138 -0.213 -0.188 0 0 0
-3.163 5.863 8.162 0 0 0
3.913 -6.863 2.713 0 0 0
-3.138 8.062 5.863 0 0 0
-5.038 13.288 7.713 0 0 0
0.013 -0.163 -1.588 0 0 0
-1.838 -0.163 -1.788 0 0 0
-14.312 5.638 8.162 0 0 0
-11.013 6.888 7.838 0 0 0
-9.663 1.062 9.562 0 0 0
-10.263 -8.912 0.013 0 0 0
0.913 0.588 0.113 0 0 0
-11.188 7.863 7.812 0 0 0
-0.688 -0.788 -1.088 0 0 0
-7.312 -11.263 0.013 0 0 0
-0.763 0.088 0.838 0 0 0
0.888 0.613 0.013 0 0 0
3.738 0.663 7.312 0 0 0
-8.863 6.938 8.037 0 0 0
3.363 -7.413 3.713 0 0 0
-0.812 1.838 -1.088 0 0 0
2.288 -7.812 4.438 0 0 0
0.038 0.062 0.738 0 0 0
0.913 0.463 0.263 0 0 0
-0.363 -0.338 -0.288 0 0 0
-7.113 8.062 6.588 0 0 0
0.363 -0.562 -0.388 0 0 0
-1.488 -0.188 -1.988 0 0 0
-5.188 7.013 8.338 0 0 0
-1.963 5.863 8.113 0 0 0
-8.838 10.088 1.513 0 0 0
0.463 0.613 0.013 0 0 0
-0.188 0.038 0.488 0 0 0
-0.488 -0.213 -2.337 0 0 0
-3.438 0.213 1.738 0 0 0
-12.312 6.188 8.287 0 0 0
0.263 0.613 0.263 0 0 0
-1.863 -1.213 0.013 0 0 0
-3.288 -0.463 -0.188 0 0 0
-2.938 -0.088 -1.188 0 0 0
-8.562 -7.338 1.388 0 0 0
-1.513 -0.812 -0.988 0 0 0
-2.062 1.238 0.013 0 0 0
-3.438 -0.688 0.213 0 0 0
0.463 1.363 0.013 0 0 0
-4.938 -9.312 0.013 0 0 0
-9.113 11.138 9.238 0 0 0
-2.413 -1.788 -0.888 0 0 0
-1.238 -0.763 -1.088 0 0 0
-2.288 -1.213 0.013 0 0 0
3.938 -3.938 2.337 0 0 0
0.537 -0.638 -0.638 0 0 0
-1.938 -0.812 -0.988 0 0 0
-8.662 6.013 8.188 0 0 0
-0.062 -0.388 0.013 0 0 0
0.363 0.363 0.013 0 0 0
-0.263 0.188 -0.138 0 0 0
0.863 1.288 0.013 0 0 0
3.863 -1.538 1.062 0 0 0
0.113 0.562 0.388 0 0 0
-6.113 5.913 7.562 0 0 0
0.312 1.288 -0.613 0 0 0
-3.088 2.513 0.013 0 0 0
0.038 2.713 0.013 0 0 0
-0.963 -1.088 -1.062 0 0 0
-3.488 7.938 7.288 0 0 0
-4.263 7.812 7.638 0 0 0
0.138 1.263 0.013 0 0 0
-2.363 -0.812 -0.988 0 0 0
3.812 -3.113 -0.863 0 0 0
-2.087 1.188 0.013 0 0 0
0.513 -0.163 -1.513 0 0 0
-3.338 1.438 0.738 0 0 0
0.163 0.537 0.663 0 0 0
-0.713 0.088 0.738 0 0 0
-4.688 7.812 7.638 0 0 0
-10.013 5.938 8.037 0 0 0
-10.638 5.763 7.888 0 0 0
0.688 0.863 0.688 0 0 0
-2.263 0.088 -1.363 0 0 0
3.788 -3.163 0.338 0 0 0
-20.562 5.963 7.538 0 0 0
-5.812 16.038 7.213 0 0 0
0.088 0.062 0.638 0 0 0
-0.088 -0.463 0.013 0 0 0
0.038 -0.938 -1.012 0 0 0
-2.663 5.713 7.988 0 0 0
3.812 -2.838 2.513 0 0 0
0.913 1.988 -0.188 0 0 0
0.888 0.738 0.588 0 0 0
0.938 0.488 0.062 0 0 0
-7.513 6.263 -0.688 0 0 0
4.213 6.413 7.913 0 0 0
-5.763 -8.863 0.013 0 0 0
3.788 -1.838 0.613 0 0 0
-0.138 0.088 0.788 0 0 0
0.863 0.038 0.438 0 0 0
-8.388 1.088 9.913 0 0 0
-3.013 0.988 0.013 0 0 0
-0.113 6.388 7.838 0 0 0
3.562 0.513 5.688 0 0 0
-1.863 -1.588 -0.988 0 0 0
-0.338 0.062 0.638 0 0 0
-1.288 0.113 -1.188 0 0 0
-0.413 -0.312 -0.363 0 0 0
4.188 2.388 3.288 0 0 0
-0.062 -0.312 0.038 0 0 0
3.763 6.788 0.188 0 0 0
0.163 -0.238 -2.288 0 0 0
-2.812 2.638 0.013 0 0 0
-0.562 0.088 0.788 0 0 0
0.238 -0.288 0.038 0 0 0
0.363 -0.763 -0.988 0 0 0
-2.488 0.163 0.163 0 0 0
-2.388 4.713 0.288 0 0 0
-3.688 16.413 6.288 0 0 0
-2.288 -1.588 -0.988 0 0 0
-1.713 0.113 -1.188 0 0 0
-0.963 5.963 7.812 0 0 0
0.113 0.763 -0.338 0 0 0
-2.288 6.413 7.888 0 0 0
-3.312 0.413 0.288 0 0 0
-2.788 -0.213 -2.513 0 0 0
-1.638 -0.312 -3.363 0 0 0
-0.088 -0.263 -0.113 0 0 0
3.288 5.963 8.287 0 0 0
3.988 2.388 3.288 0 0 0
4.088 3.312 4.588 0 0 0
-1.488 -2.062 -0.913 0 0 0
-12.062 -10.863 0.013 0 0 0
-3.312 0.713 0.537 0 0 0
-0.338 0.113 1.188 0 0 0
-9.263 7.788 7.713 0 0 0
4.188 3.938 5.113 0 0 0
0.388 0.713 -0.213 0 0 0
3.812 -2.863 -0.438 0 0 0
0.763 -0.388 -0.288 0 0 0
-1.938 -1.413 -0.188 0 0 0
-2.288 2.087 -1.088 0 0 0
-1.663 5.738 7.663 0 0 0
3.013 -7.588 5.312 0 0 0
-16.213 6.038 8.162 0 0 0
-3.463 -0.138 -1.913 0 0 0
-0.488 -0.763 -0.988 0 0 0
4.062 2.463 3.438 0 0 0
-3.388 1.288 0.537 0 0 0
3.938 -0.288 3.312 0 0 0
-4.487 6.488 7.913 0 0 0
-12.838 1.763 16.288 0 0 0
-12.163 -8.513 0.013 0 0 0
-10.263 11.288 6.638 0 0 0
-2.388 0.113 0.713 0 0 0
-3.238 -1.438 -1.113 0 0 0
-2.363 -1.413 -0.188 0 0 0
-1.312 1.562 0.013 0 0 0
0.713 0.013 -0.013 0 0 0
-9.963 1.088 9.863 0 0 0
-6.613 -10.562 0.013 0 0 0
0.913 -1.738 -1.188 0 0 0
4.188 2.763 3.562 0 0 0
-12.188 -7.338 4.138 0 0 0
2.087 5.863 8.113 0 0 0
-3.863 -10.613 0.013 0 0 0
-0.812 -0.888 -0.988 0 0 0
-0.138 -0.288 -0.213 0 0 0
-5.438 5.888 7.788 0 0 0
0.663 -0.288 -2.838 0 0 0
3.863 -2.388 2.163 0 0 0
-2.413 2.288 -1.088 0 0 0
0.588 -0.138 -1.438 0 0 0
3.488 6.038 8.062 0 0 0
-3.113 5.838 7.863 0 0 0
0.888 -7.438 6.163 0 0 0
-1.312 9.838 2.838 0 0 0
3.588 -1.913 0.113 0 0 0
-4.038 2.588 -0.863 0 0 0
-2.113 -1.738 -0.938 0 0 0
-15.788 5.638 7.688 0 0 0
-0.613 -1.713 -1.137 0 0 0
-4.112 -17.812 0.013 0 0 0
-0.888 5.788 8.013 0 0 0
-3.312 0.788 0.562 0 0 0
-3.238 -0.788 9.287 0 0 0
-8.738 -7.388 4.413 0 0 0
0.213 6.938 7.788 0 0 0
-2.312 -0.738 -1.062 0 0 0
-7.488 5.613 7.812 0 0 0
3.888 -2.613 -0.413 0 0 0
1.012 -0.088 -0.888 0 0 0
3.838 4.213 1.538 0 0 0
-7.812 10.013 -0.138 0 0 0
-7.388 16.088 7.188 0 0 0
0.062 -0.238 0.088 0 0 0
-3.488 -0.863 0.062 0 0 0
0.888 0.713 0.388 0 0 0
-3.138 -1.513 -0.963 0 0 0
-7.338 -7.363 4.513 0 0 0
-2.913 5.888 8.162 0 0 0
0.588 -0.088 -0.888 0 0 0
-0.163 0.663 0.088 0 0 0
4.163 3.763 5.013 0 0 0
-3.438 -0.812 -0.963 0 0 0
1.113 6.913 7.738 0 0 0
-1.863 0.038 0.263 0 0 0
-9.663 -7.238 1.863 0 0 0
0.638 -0.288 -0.263 0 0 0
-6.413 15.838 7.113 0 0 0
-4.062 2.513 -0.863 0 0 0
-0.638 -0.238 -2.388 0 0 0
-1.538 1.488 0.013 0 0 0
0.288 -1.863 -1.038 0 0 0
-0.812 -1.838 -0.988 0 0 0
-1.713 -0.038 -0.638 0 0 0
-12.213 1.113 9.788 0 0 0
-0.562 -0.138 -1.488 0 0 0
-1.463 1.688 0.013 0 0 0
4.038 2.738 3.763 0 0 0
0.738 -0.388 -0.263 0 0 0
-3.338 0.738 0.562 0 0 0
-3.288 -0.113 -1.463 0 0 0
-2.713 -0.138 -0.138 0 0 0
-15.863 -11.938 0.013 0 0 0
0.812 0.838 -0.238 0 0 0
-1.963 1.488 0.013 0 0 0
-1.688 2.588 0.013 0 0 0
-6.312 16.262 6.238 0 0 0
3.788 6.038 0.163 0 0 0
-1.463 7.863 5.688 0 0 0
0.863 -0.138 -1.288 0 0 0
-0.988 -0.138 -1.488 0 0 0
-1.888 1.688 0.013 0 0 0
3.763 1.988 0.013 0 0 0
-2.188 -0.963 0.013 0 0 0
3.838 -2.562 2.062 0 0 0
-7.888 -9.062 0.013 0 0 0
0.513 -0.062 -0.537 0 0 0
-7.863 -9.363 0.013 0 0 0
0.388 -0.188 -0.263 0 0 0
-1.963 2.238 0.013 0 0 0
-2.113 -0.763 0.013 0 0 0
4.138 2.488 3.513 0 0 0
0.562 1.763 -1.012 0 0 0
-2.413 -0.062 0.013 0 0 0
0.438 -0.138 -1.288 0 0 0
-2.312 1.688 0.013 0 0 0
-4.838 -14.863 0.013 0 0 0
-0.062 0.588 0.238 0 0 0
-3.413 1.888 0.238 0 0 0
-3.263 -0.062 0.613 0 0 0
3.913 4.312 0.562 0 0 0
-2.863 5.763 8.062 0 0 0
-2.188 3.138 0.013 0 0 0
-14.413 14.488 6.413 0 0 0
-2.212 1.588 0.013 0 0 0
0.638 -0.213 -0.238 0 0 0
3.963 -2.438 1.188 0 0 0
-3.413 1.312 -0.013 0 0 0
-3.413 1.312 -0.038 0 0 0
-2.838 -0.513 -0.413 0 0 0
-4.388 7.062 7.763 0 0 0
0.863 -0.088 -0.738 0 0 0
0.938 0.413 0.038 0 0 0
-10.938 -10.188 0.013 0 0 0
-2.388 0.088 0.513 0 0 0
-1.988 1.438 0.013 0 0 0
0.913 0.312 0.163 0 0 0
-1.288 10.963 8.912 0 0 0
3.963 -0.188 -1.488 0 0 0
-5.688 -15.613 0.013 0 0 0
-2.938 7.988 5.788 0 0 0
0.413 0.688 -0.238 0 0 0
4.163 3.388 4.688 0 0 0
0.913 0.763 -0.088 0 0 0
-1.688 -0.738 -1.113 0 0 0
0.838 0.863 0.163 0 0 0
-3.438 2.062 -0.138 0 0 0
-3.312 0.588 -0.013 0 0 0
0.938 2.613 0.163 0 0 0
0.812 -0.738 -0.988 0 0 0
-2.638 1.588 0.013 0 0 0
-14.538 5.688 7.938 0 0 0
0.188 -0.312 -0.113 0 0 0
-5.363 -9.312 0.013 0 0 0
3.263 -7.538 2.963 0 0 0
-2.413 1.438 0.013 0 0 0
-0.688 -1.338 -1.062 0 0 0
-12.188 1.788 16.637 0 0 0
-10.038 7.213 6.988 0 0 0
-0.638 0.113 1.012 0 0 0
2.638 -7.812 4.463 0 0 0
0.238 0.513 0.537 0 0 0
0.638 0.838 0.013 0 0 0
4.188 4.112 4.788 0 0 0
-3.312 -0.562 0.088 0 0 0
-3.312 0.463 0.113 0 0 0
-2.087 -0.763 -1.012 0 0 0
-0.562 0.888 0.613 0 0 0
0.888 -0.363 -0.062 0 0 0
4.163 2.638 3.413 0 0 0
-8.888 1.113 10.138 0 0 0
-2.463 -0.088 -0.088 0 0 0
-2.138 -0.138 -1.613 0 0 0
-18.588 5.438 7.513 0 0 0
-2.913 1.238 0.013 0 0 0
-3.688 16.338 6.263 0 0 0
3.538 -2.288 0.163 0 0 0
0.213 1.438 0.013 0 0 0
3.888 7.088 7.738 0 0 0
-3.363 1.012 0.888 0 0 0
-3.312 0.763 0.363 0 0 0
-9.588 7.363 7.413 0 0 0
-2.263 -0.213 -0.188 0 0 0
0.913 -1.863 -1.088 0 0 0
0.163 -0.088 -0.088 0 0 0
-3.338 0.238 0.388 0 0 0
-9.638 -7.363 4.338 0 0 0
-9.562 8.062 7.038 0 0 0
-3.263 3.463 -0.263 0 0 0
2.538 5.413 7.738 0 0 0
0.188 -0.713 0.013 0 0 0
1.763 -0.788 9.338 0 0 0
-2.812 -0.062 -1.012 0 0 0
-0.213 1.438 0.013 0 0 0
0.388 0.638 -0.238 0 0 0
-1.788 0.062 0.338 0 0 0
0.213 0.588 0.388 0 0 0
0.763 -0.463 -0.312 0 0 0
-2.738 1.713 -1.113 0 0 0
-2.212 6.263 7.763 0 0 0
0.388 -1.438 -1.113 0 0 0
-6.763 7.088 7.812 0 0 0
0.913 0.388 0.188 0 0 0
-0.812 -0.363 -3.863 0 0 0
0.613 -1.438 -1.113 0 0 0
-0.988 -0.188 -1.913 0 0 0
-0.638 1.438 0.013 0 0 0
-0.363 5.688 7.963 0 0 0
-0.688 0.088 0.913 0 0 0
0.913 0.263 0.338 0 0 0
4.163 3.863 3.312 0 0 0
0.513 -1.137 -0.988 0 0 0
-0.312 -0.763 -1.012 0 0 0
-3.263 -1.012 0.013 0 0 0
-3.263 0.013 0.038 0 0 0
0.913 0.562 0.588 0 0 0
-10.463 1.713 15.988 0 0 0
-5.213 9.838 2.513 0 0 0
0.188 -1.438 -1.113 0 0 0
-3.188 0.213 0.038 0 0 0
0.038 0.562 -0.338 0 0 0
-2.538 -1.413 -1.088 0 0 0
-14.038 1.688 15.463 0 0 0
0.088 -1.137 -0.988 0 0 0
-2.838 7.562 7.888 0 0 0
-1.663 -0.138 -1.713 0 0 0
-9.162 5.713 7.963 0 0 0
-0.738 -0.763 -1.012 0 0 0
0.788 0.888 0.613 0 0 0
-10.888 1.713 15.988 0 0 0
-3.213 3.312 -0.363 0 0 0
-12.113 -8.787 0.013 0 0 0
-3.963 -2.363 0.388 0 0 0
4.188 2.863 3.938 0 0 0
0.163 -1.213 -1.088 0 0 0
1.012 -0.213 -2.062 0 0 0
-9.062 -9.388 0.013 0 0 0
-3.263 -0.388 0.163 0 0 0
-3.213 0.263 -0.113 0 0 0
1.163 10.913 1.513 0 0 0
-6.238 7.163 6.938 0 0 0
-0.537 1.488 0.013 0 0 0
-0.613 6.213 7.713 0 0 0
-1.938 -2.038 -0.938 0 0 0
-0.088 0.588 -0.338 0 0 0
-0.163 -0.163 0.062 0 0 0
-3.513 -10.812 0.013 0 0 0
0.088 0.537 0.688 0 0 0
-1.638 0.088 0.613 0 0 0
-22.413 3.588 4.838 0 0 0
-1.838 2.638 -1.038 0 0 0
-3.288 -0.038 0.038 0 0 0
-4.013 7.988 6.938 0 0 0
0.138 -0.263 -0.188 0 0 0
-3.363 0.062 0.288 0 0 0
3.338 0.788 8.287 0 0 0
-0.263 -1.213 -1.088 0 0 0
-0.713 -0.913 -1.012 0 0 0
0.338 -0.138 -1.463 0 0 0
-3.413 1.738 0.188 0 0 0
-1.513 -0.138 -1.663 0 0 0
-3.938 -10.812 0.013 0 0 0
-6.938 -9.562 0.013 0 0 0
-1.288 -9.263 0.013 0 0 0
-1.713 -0.163 -1.812 0 0 0
-3.113 1.038 -0.338 0 0 0
-3.488 0.338 3.113 0 0 0
-4.438 -11.013 0.013 0 0 0
3.288 7.138 7.788 0 0 0
-0.788 1.588 0.013 0 0 0
0.013 -0.238 -0.188 0 0 0
-10.363 8.188 6.038 0 0 0
-1.788 -0.238 -2.562 0 0 0
0.738 -0.463 -0.288 0 0 0
-1.363 1.188 0.013 0 0 0
-3.038 -0.113 -1.613 0 0 0
-0.288 7.138 8.412 0 0 0
-0.638 0.088 0.812 0 0 0
4.062 2.938 4.088 0 0 0
-1.562 -1.338 -1.038 0 0 0
0.963 0.263 0.238 0 0 0
-3.363 0.113 0.838 0 0 0
-0.288 -0.163 -1.613 0 0 0
-1.788 -0.763 -1.012 0 0 0
-2.138 -0.163 -1.812 0 0 0
0.363 4.863 4.713 0 0 0
-0.513 -0.537 -0.062 0 0 0
0.913 -0.688 -0.263 0 0 0
0.888 -0.088 -0.763 0 0 0
-2.363 0.088 0.488 0 0 0
-6.888 -10.188 0.013 0 0 0
2.113 5.688 8.113 0 0 0
-1.788 1.188 0.013 0 0 0
4.112 -10.213 0.013 0 0 0
-0.537 0.988 0.438 0 0 0
4.038 5.113 7.088 0 0 0
-0.388 9.763 2.888 0 0 0
3.863 -1.963 1.663 0 0 0
-1.188 -1.688 -1.113 0 0 0
-2.138 -9.263 0.013 0 0 0
-7.438 5.812 7.713 0 0 0
-0.338 5.913 7.888 0 0 0
-0.713 -0.163 -1.613 0 0 0
0.988 0.838 0.013 0 0 0
3.413 0.763 8.062 0 0 0
-2.238 -0.238 -0.138 0 0 0
-3.363 1.738 0.688 0 0 0
-1.388 -0.812 -1.012 0 0 0
-2.062 -0.788 -1.038 0 0 0
-9.963 6.013 7.963 0 0 0
-0.288 0.062 -0.062 0 0 0
-5.238 7.963 7.288 0 0 0
0.738 1.913 0.238 0 0 0
0.562 -0.488 -0.263 0 0 0
-18.938 -8.438 0.013 0 0 0
0.913 1.388 0.013 0 0 0
-4.312 -2.087 0.413 0 0 0
-9.562 9.963 2.238 0 0 0
-2.013 0.062 0.288 0 0 0
3.963 -4.413 1.288 0 0 0
0.688 0.963 -0.263 0 0 0
0.338 -7.588 5.238 0 0 0
-2.163 -0.163 0.013 0 0 0
-4.413 6.888 7.863 0 0 0
-1.812 -0.812 -1.012 0 0 0
-11.113 10.288 1.538 0 0 0
-7.913 5.763 8.213 0 0 0
-2.812 -0.238 -2.738 0 0 0
0.238 0.562 0.363 0 0 0
-2.263 -9.062 0.013 0 0 0
-2.263 -0.013 -0.513 0 0 0
-1.438 -9.138 0.013 0 0 0
0.713 1.238 0.013 0 0 0
3.963 -4.237 1.688 0 0 0
-0.113 0.588 -0.038 0 0 0
-0.113 0.588 -0.013 0 0 0
0.812 -0.812 -1.012 0 0 0
-3.312 -0.062 0.338 0 0 0
-2.438 -0.513 0.013 0 0 0
-2.888 1.113 -0.388 0 0 0
3.588 -7.562 4.388 0 0 0
3.988 3.713 5.038 0 0 0
0.913 0.413 0.537 0 0 0
-0.413 -0.163 -0.163 0 0 0
-12.588 7.062 6.863 0 0 0
3.488 -2.188 -0.213 0 0 0
-2.363 -6.863 0.013 0 0 0
-0.863 7.113 8.013 0 0 0
0.013 0.013 0.238 0 0 0
-3.338 0.288 0.213 0 0 0
-0.013 0.513 -0.138 0 0 0
-0.038 0.513 -0.138 0 0 0
-9.388 5.713 7.913 0 0 0
-0.588 0.838 0.488 0 0 0
0.388 -0.812 -1.012 0 0 0
3.988 2.138 0.938 0 0 0
-3.312 0.688 0.338 0 0 0
-5.288 7.363 7.588 0 0 0
-3.338 0.588 0.463 0 0 0
-1.713 -7.713 5.188 0 0 0
-3.138 0.163 0.113 0 0 0
-2.463 0.138 0.138 0 0 0
0.263 -0.312 0.013 0 0 0
-1.113 -1.413 -1.088 0 0 0
-3.288 1.137 0.863 0 0 0
-8.662 5.788 8.062 0 0 0
0.863 -0.838 0.013 0 0 0
-14.088 5.738 7.338 0 0 0
0.938 -0.088 -0.863 0 0 0
-2.888 1.288 0.013 0 0 0
-3.812 1.363 -0.562 0 0 0
-2.812 -0.188 -2.188 0 0 0
-7.938 -9.438 0.013 0 0 0
0.588 1.438 0.013 0 0 0
-2.538 -0.812 -1.137 0 0 0
-3.363 0.038 0.088 0 0 0
-3.338 0.463 0.613 0 0 0
-7.963 -10.988 0.013 0 0 0
-2.638 14.312 7.713 0 0 0
-5.363 5.888 7.863 0 0 0
-1.388 7.088 6.888 0 0 0
-2.363 2.312 -1.113 0 0 0
-9.513 5.913 7.913 0 0 0
-3.163 6.288 7.812 0 0 0
0.062 -0.312 0.013 0 0 0
0.613 1.113 -0.738 0 0 0
-8.287 16.363 7.338 0 0 0
-0.263 0.138 0.138 0 0 0
3.913 -2.938 1.863 0 0 0
-10.413 5.513 7.613 0 0 0
0.562 0.638 0.013 0 0 0
0.463 -0.163 -1.513 0 0 0
-0.188 -0.738 -1.038 0 0 0
-1.938 0.062 0.288 0 0 0
-2.738 -0.812 -1.137 0 0 0
-0.938 -2.062 -0.938 0 0 0
0.263 1.338 0.013 0 0 0
2.113 5.938 7.938 0 0 0
1.088 -0.088 -0.812 0 0 0
-1.988 -0.013 -0.363 0 0 0
0.913 0.488 0.562 0 0 0
-22.188 13.638 9.162 0 0 0
-1.438 -0.788 -1.088 0 0 0
4.112 5.363 4.838 0 0 0
0.488 -0.888 -0.863 0 0 0
-0.812 -0.213 -2.337 0 0 0
-1.513 -0.312 -3.388 0 0 0
0.138 0.638 0.013 0 0 0
0.388 -0.738 -0.988 0 0 0
-3.438 0.238 2.038 0 0 0
-1.638 -1.663 -1.088 0 0 0
-5.263 5.938 7.863 0 0 0
-0.163 1.338 0.013 0 0 0
3.688 8.363 2.763 0 0 0
-3.288 -0.438 0.113 0 0 0
-3.288 0.588 0.138 0 0 0
-3.638 2.038 -0.812 0 0 0
-3.413 1.038 0.013 0 0 0
-2.938 -0.062 -0.888 0 0 0
-6.038 -11.338 0.013 0 0 0
0.088 0.588 0.513 0 0 0
0.062 0.613 0.413 0 0 0
-3.188 -2.312 0.013 0 0 0
-1.263 -2.163 -0.938 0 0 0
0.463 -0.113 -0.963 0 0 0
0.038 -0.363 0.013 0 0 0
-3.338 -0.138 -1.938 0 0 0
-1.788 0.013 -0.062 0 0 0
-4.938 -7.363 5.812 0 0 0
0.013 0.513 -0.238 0 0 0
-0.588 1.338 0.013 0 0 0
-3.288 0.763 0.537 0 0 0
3.713 -6.188 3.638 0 0 0
-3.788 7.763 7.588 0 0 0
0.038 -0.488 0.163 0 0 0
-0.938 -0.838 -1.038 0 0 0
0.163 -7.688 3.763 0 0 0
-1.012 1.338 0.013 0 0 0
-0.663 1.713 -0.988 0 0 0
2.312 -0.788 9.363 0 0 0
-2.688 -0.812 -0.988 0 0 0
4.237 5.312 6.913 0 0 0
-2.138 0.113 0.838 0 0 0
-11.938 -11.538 0.013 0 0 0
0.388 0.488 -0.338 0 0 0
-1.363 -0.838 -1.038 0 0 0
-2.788 -0.088 -1.238 0 0 0
-1.763 -0.738 -1.088 0 0 0
4.237 5.613 7.163 0 0 0
-0.288 -0.062 0.038 0 0 0
-6.062 -11.388 0.013 0 0 0
-5.713 7.038 7.738 0 0 0
0.938 0.338 -0.038 0 0 0
0.938 0.338 -0.013 0 0 0
-3.312 0.938 0.163 0 0 0
-3.338 -0.613 0.163 0 0 0
-0.613 1.263 0.013 0 0 0
4.213 5.062 6.788 0 0 0
3.913 -3.888 1.263 0 0 0
-1.788 -0.838 -1.038 0 0 0
-7.013 1.788 17.188 0 0 0
-2.087 0.062 0.438 0 0 0
-11.812 -7.688 2.212 0 0 0
-2.188 -0.738 -1.088 0 0 0
-1.213 -0.138 -1.538 0 0 0
-3.213 -1.638 0.013 0 0 0
-10.613 8.062 7.038 0 0 0
4.062 2.988 3.312 0 0 0
-1.213 -1.863 -1.012 0 0 0
-15.088 -11.788 0.013 0 0 0
0.463 -0.312 -0.288 0 0 0
-0.638 -0.188 -1.888 0 0 0
0.938 0.388 0.513 0 0 0
0.613 7.562 6.263 0 0 0
-3.263 0.613 -0.062 0 0 0
-1.388 -0.888 -1.038 0 0 0
-1.812 1.713 -1.038 0 0 0
4.138 -3.613 0.013 0 0 0
3.763 4.963 1.763 0 0 0
4.112 3.263 4.362 0 0 0
4.237 4.312 5.763 0 0 0
-4.938 6.038 8.062 0 0 0
3.738 -0.213 2.938 0 0 0
3.913 5.988 8.338 0 0 0
0.413 -1.863 -1.062 0 0 0
-3.463 3.088 -0.338 0 0 0
0.838 -1.113 -1.062 0 0 0
0.088 0.663 -0.062 0 0 0
-3.438 1.588 -0.088 0 0 0
-2.513 -0.838 -1.088 0 0 0
0.913 0.738 0.388 0 0 0
0.688 0.888 -0.288 0 0 0
4.263 4.237 4.638 0 0 0
-1.413 2.538 0.013 0 0 0
-1.638 -1.863 -1.012 0 0 0
-2.038 -0.738 -1.038 0 0 0
4.163 3.363 4.487 0 0 0
-0.688 -0.788 -0.988 0 0 0
-0.812 -7.413 6.062 0 0 0
3.838 5.038 7.062 0 0 0
0.863 -0.388 -0.288 0 0 0
-3.638 2.463 0.013 0 0 0
-1.713 -1.312 -1.012 0 0 0
-3.263 -0.088 -0.188 0 0 0
-4.013 -17.438 0.013 0 0 0
-3.538 0.388 3.388 0 0 0
-0.588 0.438 0.562 0 0 0
0.413 -1.113 -1.062 0 0 0
-7.863 7.938 7.812 0 0 0
4.112 -4.413 0.013 0 0 0
0.913 0.463 0.363 0 0 0
-0.038 -0.312 -0.163 0 0 0
-0.013 -0.312 -0.163 0 0 0
0.938 -0.788 -1.038 0 0 0
-11.538 1.763 16.363 0 0 0
-1.113 -0.788 -0.988 0 0 0
-1.538 2.562 0.013 0 0 0
-2.538 -2.087 -0.913 0 0 0
-3.288 -0.312 0.088 0 0 0
0.638 0.062 -0.788 0 0 0
-5.038 -7.288 4.863 0 0 0
-0.812 -0.763 -0.988 0 0 0
0.913 0.338 0.513 0 0 0
-3.288 0.562 -0.062 0 0 0
0.163 -0.738 -1.038 0 0 0
-0.088 -0.988 -1.088 0 0 0
-3.088 2.463 -0.438 0 0 0
-2.863 -0.763 -0.938 0 0 0
3.913 -1.613 1.413 0 0 0
4.188 -6.688 0.013 0 0 0
-18.663 -8.713 0.013 0 0 0
-18.812 5.738 7.713 0 0 0
3.988 2.062 0.913 0 0 0
3.863 5.863 0.788 0 0 0
-3.738 1.713 -0.963 0 0 0
0.363 -0.388 0.113 0 0 0
-0.163 7.088 6.888 0 0 0
-2.463 0.062 0.113 0 0 0
-3.538 0.238 1.863 0 0 0
-3.038 12.188 9.338 0 0 0
0.588 7.988 7.438 0 0 0
-1.163 -0.138 -1.638 0 0 0
-1.238 -0.763 -0.988 0 0 0
-0.238 -0.163 0.088 0 0 0
-0.513 -0.988 -1.088 0 0 0
3.688 6.363 8.613 0 0 0
-3.338 1.838 0.713 0 0 0
-0.088 5.863 7.913 0 0 0
-1.438 3.213 0.013 0 0 0
-6.838 1.812 17.637 0 0 0
-8.162 10.013 -0.788 0 0 0
-1.938 0.113 0.788 0 0 0
-3.263 -0.463 0.088 0 0 0
-1.038 -0.363 -3.913 0 0 0
-3.663 -0.838 -1.213 0 0 0
3.463 0.638 6.788 0 0 0
0.812 -0.537 -0.238 0 0 0
-1.588 -0.138 -1.638 0 0 0
4.088 3.062 4.263 0 0 0
-5.513 8.013 7.312 0 0 0
-2.138 -0.388 -0.613 0 0 0
-0.938 -0.988 -1.088 0 0 0
-7.363 -10.538 0.013 0 0 0
0.963 -0.588 0.013 0 0 0
1.312 -0.238 -2.138 0 0 0
-1.863 3.213 0.013 0 0 0
-6.588 1.763 16.988 0 0 0
4.188 -5.188 0.013 0 0 0
-0.513 0.113 0.988 0 0 0
0.438 -0.312 -0.263 0 0 0
-2.988 4.263 -1.163 0 0 0
-3.138 0.988 9.588 0 0 0
-3.438 3.163 0.613 0 0 0
-3.488 -0.713 0.213 0 0 0
-12.463 5.738 7.888 0 0 0
-13.263 5.638 8.138 0 0 0
4.112 3.688 5.188 0 0 0
-1.888 -0.138 -1.763 0 0 0
-1.213 -0.163 -1.738 0 0 0
0.463 -0.938 -0.988 0 0 0
-0.963 0.113 -1.213 0 0 0
0.888 0.738 0.688 0 0 0
-1.488 9.838 8.787 0 0 0
4.038 -0.213 -1.613 0 0 0
0.913 0.537 -0.213 0 0 0
0.863 0.038 0.537 0 0 0
0.888 -0.463 -0.338 0 0 0
-4.588 13.738 9.287 0 0 0
1.763 -7.788 3.038 0 0 0
0.913 1.413 -0.363 0 0 0
-19.238 5.088 4.013 0 0 0
0.213 -0.163 -1.538 0 0 0
0.763 -0.738 -0.988 0 0 0
-22.562 -6.463 0.013 0 0 0
-1.638 -0.163 -1.738 0 0 0
-7.338 -7.562 1.988 0 0 0
-0.963 2.312 -1.088 0 0 0
-11.938 6.238 8.312 0 0 0
-2.013 0.138 1.062 0 0 0
-10.812 -10.088 0.013 0 0 0
-0.062 -0.312 0.138 0 0 0
0.213 -0.688 0.013 0 0 0
-3.388 1.088 0.763 0 0 0
-0.562 0.088 0.888 0 0 0
-5.963 -7.513 1.388 0 0 0
-3.312 0.537 0.238 0 0 0
3.888 -4.088 1.963 0 0 0
-1.913 -1.213 -1.113 0 0 0
3.738 -0.213 -1.738 0 0 0
-1.388 2.312 -1.088 0 0 0
-3.163 -1.538 0.013 0 0 0
-3.413 -0.788 -1.163 0 0 0
0.213 0.062 0.013 0 0 0
3.888 5.713 7.738 0 0 0
-1.938 -0.163 -1.863 0 0 0
-7.363 -7.438 3.663 0 0 0
-0.537 6.263 8.088 0 0 0
-0.488 1.588 0.013 0 0 0
-1.213 2.087 -1.062 0 0 0
3.863 -2.788 0.312 0 0 0
-1.588 0.113 -1.213 0 0 0
-10.038 -0.788 8.287 0 0 0
-2.713 1.513 0.013 0 0 0
0.088 2.713 0.013 0 0 0
4.163 3.513 4.688 0 0 0
3.838 -5.138 3.038 0 0 0
0.363 1.312 -0.613 0 0 0
3.812 -1.838 -0.312 0 0 0
-0.463 0.863 0.663 0 0 0
-4.713 5.763 8.162 0 0 0
0.938 0.562 0.188 0 0 0
0.238 -1.012 -0.988 0 0 0
-0.088 1.513 0.013 0 0 0
-26.413 1.213 8.988 0 0 0
0.013 3.263 0.013 0 0 0
-2.013 0.113 -1.213 0 0 0
-8.713 6.988 1.062 0 0 0
-3.238 -0.238 0.013 0 0 0
2.388 6.312 8.088 0 0 0
-7.938 1.763 16.863 0 0 0
0.312 -0.812 -0.988 0 0 0
-3.562 0.763 0.013 0 0 0
4.038 -0.312 -2.588 0 0 0
-1.588 5.513 7.663 0 0 0
0.788 -0.138 -1.338 0 0 0
-0.288 0.038 0.413 0 0 0
-8.988 -0.738 7.988 0 0 0
3.863 -3.138 2.263 0 0 0
0.938 0.438 0.338 0 0 0
-2.388 0.113 0.812 0 0 0
-3.388 -10.388 0.013 0 0 0
4.163 2.488 3.312 0 0 0
-15.488 -0.763 7.413 0 0 0
-3.388 1.163 0.788 0 0 0
-0.513 1.513 0.013 0 0 0
1.012 -0.138 -1.338 0 0 0
-1.388 -0.138 -1.688 0 0 0
-4.112 1.963 -0.788 0 0 0
-3.238 0.513 0.013 0 0 0
-3.562 1.513 0.013 0 0 0
-0.113 -0.812 -0.988 0 0 0
-0.288 1.363 0.013 0 0 0
-19.863 -10.562 0.013 0 0 0
3.588 -0.338 4.312 0 0 0
-1.012 -0.213 -2.413 0 0 0
-18.562 1.062 8.562 0 0 0
-3.338 1.688 0.663 0 0 0
3.763 -2.913 -0.438 0 0 0
-9.537 -9.537 0.013 0 0 0
-0.938 1.513 0.013 0 0 0
-0.013 0.463 0.188 0 0 0
-0.038 0.463 0.188 0 0 0
0.263 6.988 7.388 0 0 0
-25.013 5.338 7.663 0 0 0
3.963 2.337 3.312 0 0 0
-1.113 -1.613 -1.012 0 0 0
0.213 -1.062 -0.988 0 0 0
-0.988 -9.488 0.013 0 0 0
0.438 1.263 -0.838 0 0 0
-3.963 1.213 0.013 0 0 0
0.838 2.038 -0.938 0 0 0
-0.588 -0.263 -0.213 0 0 0
-25.263 4.913 6.613 0 0 0
-2.288 -0.312 -0.438 0 0 0
1.012 -0.088 -0.788 0 0 0
-1.363 1.513 0.013 0 0 0
-3.088 1.062 -0.062 0 0 0
-1.938 -2.388 -0.913 0 0 0
-3.288 0.613 -0.238 0 0 0
-3.713 -7.238 5.788 0 0 0
0.438 -0.463 -0.312 0 0 0
-0.213 -1.062 -0.988 0 0 0
-1.738 -0.213 -2.463 0 0 0
-1.888 -0.163 -1.963 0 0 0
4.062 2.538 3.562 0 0 0
-9.363 -10.038 0.013 0 0 0
-0.938 9.788 2.838 0 0 0
4.163 3.463 4.863 0 0 0
-4.388 -7.388 4.763 0 0 0
-1.913 6.463 7.913 0 0 0
0.888 0.713 0.488 0 0 0
0.263 0.537 0.338 0 0 0
3.188 -7.388 2.913 0 0 0
-3.138 1.012 0.438 0 0 0
-3.312 0.963 1.062 0 0 0
3.888 7.213 0.988 0 0 0
0.788 0.863 0.363 0 0 0
0.588 -0.088 -0.788 0 0 0
-2.663 0.088 0.463 0 0 0
-1.538 -0.888 -1.012 0 0 0
-1.363 2.263 0.013 0 0 0
-0.413 -7.738 5.312 0 0 0
-14.388 1.062 8.912 0 0 0
-2.163 -0.213 -2.463 0 0 0
0.888 0.588 0.638 0 0 0
-3.562 -0.763 9.162 0 0 0
3.538 -6.588 5.613 0 0 0
-7.588 7.963 7.838 0 0 0
4.112 2.638 3.613 0 0 0
4.188 5.562 7.062 0 0 0
-18.488 -9.013 0.013 0 0 0
3.238 -7.388 4.338 0 0 0
-3.338 1.763 0.688 0 0 0
-3.238 3.513 0.688 0 0 0
-3.288 0.663 0.312 0 0 0
-12.413 -11.163 0.013 0 0 0
-2.013 5.888 7.938 0 0 0
0.363 1.263 -1.038 0 0 0
-0.038 -0.488 0.188 0 0 0
-2.163 -0.438 -0.663 0 0 0
-10.188 16.238 6.963 0 0 0
-1.863 9.913 2.812 0 0 0
-9.188 9.938 2.238 0 0 0
3.963 4.938 5.388 0 0 0
4.213 2.513 3.213 0 0 0
-5.188 5.938 7.938 0 0 0
0.113 0.738 -0.438 0 0 0
0.888 0.038 0.513 0 0 0
0.938 0.812 0.013 0 0 0
0.338 0.038 0.363 0 0 0
-10.312 -11.062 0.013 0 0 0
-2.413 -1.388 -0.163 0 0 0
3.038 -7.538 4.338 0 0 0
0.913 -0.738 0.013 0 0 0
-6.663 1.788 17.213 0 0 0
-3.388 1.538 0.463 0 0 0
-0.288 -0.163 -0.188 0 0 0
-14.463 6.288 8.438 0 0 0
3.263 -0.613 7.413 0 0 0
-3.388 0.088 0.338 0 0 0
-2.337 -0.163 -0.138 0 0 0
0.062 6.338 7.812 0 0 0
-10.388 5.488 7.588 0 0 0
1.863 7.663 6.338 0 0 0
-4.538 -9.287 0.013 0 0 0
-1.588 1.463 0.013 0 0 0
-18.713 5.538 6.688 0 0 0
-0.562 9.988 8.912 0 0 0
-10.113 -9.412 0.013 0 0 0
-3.463 -0.163 -2.013 0 0 0
3.988 3.312 4.513 0 0 0
-8.562 10.138 1.513 0 0 0
-5.838 5.938 7.413 0 0 0
3.812 -1.988 -0.363 0 0 0
-3.438 1.312 -0.013 0 0 0
-3.438 1.312 -0.038 0 0 0
-1.863 -2.413 -0.913 0 0 0
-1.388 5.812 7.863 0 0 0
-0.438 0.113 1.113 0 0 0
-14.213 1.663 15.113 0 0 0
-14.013 1.088 9.363 0 0 0
4.138 3.688 4.038 0 0 0
-0.788 1.263 -1.088 0 0 0
-2.013 1.463 0.013 0 0 0
0.938 2.312 0.013 0 0 0
-1.688 -2.638 -0.888 0 0 0
-3.288 5.763 8.162 0 0 0
-3.363 1.562 1.113 0 0 0
2.513 -7.713 3.038 0 0 0
3.913 -3.913 2.337 0 0 0
0.913 0.763 0.013 0 0 0
-1.688 -0.738 -1.012 0 0 0
-3.113 1.062 -0.038 0 0 0
-0.588 0.113 -1.213 0 0 0
-3.438 2.062 -0.038 0 0 0
-3.188 -2.212 -0.938 0 0 0
0.938 0.288 0.288 0 0 0
0.888 0.788 -0.088 0 0 0
0.688 0.338 -0.263 0 0 0
-1.137 5.788 7.888 0 0 0
0.613 1.463 0.013 0 0 0
-3.338 0.062 0.088 0 0 0
-0.888 6.913 7.788 0 0 0
-4.163 -18.062 0.013 0 0 0
-14.838 5.513 7.513 0 0 0
-2.013 2.212 0.013 0 0 0
0.238 0.513 0.638 0 0 0
-2.438 1.463 0.013 0 0 0
-3.312 0.463 0.213 0 0 0
-3.338 0.363 0.338 0 0 0
-3.263 0.388 -0.138 0 0 0
-14.263 5.763 7.188 0 0 0
0.638 0.413 0.013 0 0 0
0.188 -0.438 0.138 0 0 0
-2.288 -0.638 -0.888 0 0 0
-2.337 1.363 0.013 0 0 0
-2.188 7.938 7.713 0 0 0
0.188 1.463 0.013 0 0 0
-0.938 -1.263 -0.438 0 0 0
-2.263 -0.213 -0.088 0 0 0
-5.812 -9.287 0.013 0 0 0
0.413 1.312 0.013 0 0 0
0.163 -0.088 0.013 0 0 0
0.513 -0.738 -1.012 0 0 0
0.263 1.663 0.013 0 0 0
0.588 -0.238 -0.238 0 0 0
-5.713 16.163 6.938 0 0 0
-14.863 5.713 7.812 0 0 0
-2.538 -0.738 -1.012 0 0 0
-3.312 0.638 0.613 0 0 0
-2.812 -0.062 -0.913 0 0 0
-0.888 1.438 -1.062 0 0 0
-3.613 1.888 -0.938 0 0 0
3.488 0.613 6.562 0 0 0
3.713 -2.062 0.038 0 0 0
-1.788 0.062 0.438 0 0 0
-16.438 1.638 14.663 0 0 0
-0.188 10.913 1.538 0 0 0
3.463 -7.113 5.163 0 0 0
-1.738 -0.763 -1.113 0 0 0
0.913 0.388 0.288 0 0 0
0.088 -0.738 -1.012 0 0 0
0.263 2.413 0.013 0 0 0
-7.163 5.913 7.913 0 0 0
-2.087 9.287 2.613 0 0 0
-2.888 0.663 0.013 0 0 0
-0.488 0.088 0.763 0 0 0
0.312 -0.888 -1.012 0 0 0
-3.188 -1.988 0.013 0 0 0
-8.013 -8.912 0.013 0 0 0
-1.738 -0.888 -0.963 0 0 0
-7.163 6.213 8.162 0 0 0
-3.038 11.312 7.438 0 0 0
-3.088 -3.438 0.013 0 0 0
-16.963 -10.613 0.013 0 0 0
-8.513 1.738 16.588 0 0 0
-2.588 -9.062 0.013 0 0 0
-2.963 1.213 0.013 0 0 0
-2.863 -0.838 -1.012 0 0 0
0.312 0.488 0.413 0 0 0
-12.338 5.588 7.663 0 0 0
-12.613 9.988 2.013 0 0 0
-0.113 -0.888 -1.012 0 0 0
3.538 9.963 3.238 0 0 0
-3.088 -2.688 0.013 0 0 0
-1.838 -1.463 -0.938 0 0 0
-3.038 13.388 7.713 0 0 0
-3.338 1.913 0.888 0 0 0
-1.888 -0.113 -1.463 0 0 0
-1.012 -0.788 9.363 0 0 0
-2.238 -7.438 5.062 0 0 0
-3.213 3.312 -0.263 0 0 0
-3.188 0.963 0.138 0 0 0
-2.038 7.538 7.888 0 0 0
0.463 -0.288 0.062 0 0 0
-1.438 -1.413 -1.088 0 0 0
0.062 -0.188 0.013 0 0 0
2.988 -0.763 9.287 0 0 0
-0.763 1.213 0.013 0 0 0
4.163 2.888 3.938 0 0 0
-1.088 -0.138 -1.562 0 0 0
-8.088 11.538 6.863 0 0 0
-1.963 -1.413 -0.188 0 0 0
0.363 -1.338 -1.088 0 0 0
-2.263 -1.463 -0.938 0 0 0
-1.638 2.087 -1.062 0 0 0
1.163 -7.913 4.438 0 0 0
-2.288 -0.088 -0.213 0 0 0
0.588 -0.613 -0.562 0 0 0
-2.838 1.513 -0.463 0 0 0
-1.188 1.213 0.013 0 0 0
2.663 -7.888 4.513 0 0 0
-1.338 -1.088 -1.062 0 0 0
-8.863 -11.363 0.013 0 0 0
-1.513 -0.138 -1.562 0 0 0
-0.663 -9.388 0.013 0 0 0
-3.188 4.062 0.438 0 0 0
-2.738 0.113 0.688 0 0 0
-0.062 -1.338 -1.088 0 0 0
-3.312 -10.213 0.013 0 0 0
-1.163 -1.312 -1.038 0 0 0
-2.363 -1.588 -1.088 0 0 0
-9.888 1.738 16.288 0 0 0
-3.188 -1.213 -1.113 0 0 0
-3.338 -1.863 0.013 0 0 0
1.763 9.888 3.088 0 0 0
-19.038 5.413 6.488 0 0 0
-1.763 -1.088 -1.062 0 0 0
-0.088 -0.138 -1.363 0 0 0
-3.312 1.638 1.038 0 0 0
-0.938 -0.188 -1.913 0 0 0
-3.338 0.038 -0.113 0 0 0
-0.663 1.263 0.013 0 0 0
-2.863 4.062 -0.463 0 0 0
0.713 -0.438 -0.288 0 0 0
-2.588 6.263 7.763 0 0 0
3.688 -4.438 3.838 0 0 0
-1.812 -0.138 -1.688 0 0 0
-2.363 0.088 0.588 0 0 0
-2.188 -1.088 -1.062 0 0 0
-2.938 4.038 -0.062 0 0 0
-1.663 -0.763 -1.038 0 0 0
-2.438 0.013 -0.163 0 0 0
0.138 8.037 7.763 0 0 0
0.788 0.113 1.113 0 0 0
-2.562 -0.088 -0.163 0 0 0
-3.388 1.463 0.438 0 0 0
-2.238 -0.138 -1.688 0 0 0
0.438 -1.088 -1.062 0 0 0
0.288 1.463 -0.413 0 0 0
-3.088 -0.188 -2.238 0 0 0
0.663 -0.638 -0.788 0 0 0
-1.938 0.138 1.137 0 0 0
-0.913 1.338 0.013 0 0 0
-1.788 0.038 0.238 0 0 0
-1.363 2.638 -1.038 0 0 0
0.213 -2.087 -0.938 0 0 0
-0.288 0.062 0.038 0 0 0
-2.438 -0.163 -1.838 0 0 0
4.163 3.138 4.362 0 0 0
-8.363 8.162 5.988 0 0 0
0.213 -1.213 -1.088 0 0 0
-2.337 0.062 0.088 0 0 0
-5.713 -0.788 9.438 0 0 0
-2.488 6.463 7.938 0 0 0
1.062 -0.213 -2.062 0 0 0
-2.013 0.062 0.388 0 0 0
-0.263 5.838 7.888 0 0 0
-6.788 -11.312 0.013 0 0 0
0.688 0.963 -0.163 0 0 0
-11.938 7.188 6.988 0 0 0
-2.788 1.812 -0.537 0 0 0
-0.113 -0.163 0.062 0 0 0
-1.838 -9.488 0.013 0 0 0
-1.413 1.163 0.013 0 0 0
3.613 -6.138 5.238 0 0 0
-3.288 -0.413 -0.188 0 0 0
-1.338 1.338 0.013 0 0 0
-1.788 3.663 -1.012 0 0 0
-0.188 -0.488 0.213 0 0 0
-3.463 0.163 1.188 0 0 0
-7.013 -10.413 0.013 0 0 0
-3.438 1.538 0.188 0 0 0
-0.562 0.062 0.688 0 0 0
0.238 0.562 0.463 0 0 0
-1.088 6.963 7.863 0 0 0
-3.488 2.488 -0.438 0 0 0
-1.838 1.163 0.013 0 0 0
0.213 0.038 0.488 0 0 0
4.312 7.088 0.812 0 0 0
-2.888 1.113 -0.288 0 0 0
-10.988 1.062 9.463 0 0 0
3.763 -2.913 2.312 0 0 0
3.888 -3.363 2.438 0 0 0
-3.312 0.388 0.188 0 0 0
-1.588 -2.388 -0.888 0 0 0
-17.512 6.088 7.513 0 0 0
-3.338 0.288 0.312 0 0 0
0.713 -0.288 -2.838 0 0 0
-0.588 0.838 0.588 0 0 0
-5.513 5.763 8.062 0 0 0
-2.263 1.163 0.013 0 0 0
3.838 4.688 1.688 0 0 0
-12.238 5.888 7.488 0 0 0
-0.438 0.188 -0.188 0 0 0
1.012 -0.238 -2.163 0 0 0
-3.463 0.213 1.738 0 0 0
-2.337 -1.812 -0.913 0 0 0
-1.988 5.713 7.938 0 0 0
-2.463 0.138 0.238 0 0 0
-2.138 -0.738 0.013 0 0 0
-3.312 1.137 0.863 0 0 0
-2.062 -0.562 0.013 0 0 0
3.062 -7.863 3.938 0 0 0
2.838 5.488 7.663 0 0 0
-2.013 -2.388 -0.888 0 0 0
-2.163 -2.038 -0.888 0 0 0
-3.312 0.562 0.588 0 0 0
0.763 0.913 -0.113 0 0 0
-0.513 0.163 0.213 0 0 0
-1.488 3.038 -0.988 0 0 0
0.763 -0.537 -0.238 0 0 0
-13.163 6.863 7.838 0 0 0
-4.737 6.062 8.113 0 0 0
0.363 0.588 -0.263 0 0 0
-4.713 -11.113 0.013 0 0 0
0.188 0.537 0.363 0 0 0
0.338 -0.163 -1.562 0 0 0
-2.188 -0.138 -1.788 0 0 0
-3.738 2.588 0.312 0 0 0
-3.513 5.913 8.162 0 0 0
-1.888 0.138 1.038 0 0 0
-0.537 -1.413 -0.188 0 0 0
-3.263 0.062 -0.038 0 0 0
0.713 1.263 -1.012 0 0 0
0.413 1.663 -0.513 0 0 0
-1.137 -1.812 -0.963 0 0 0
-3.188 0.263 -0.038 0 0 0
-3.188 0.263 -0.013 0 0 0
3.713 1.963 0.013 0 0 0
-2.263 -2.613 -0.863 0 0 0
-5.713 6.663 7.562 0 0 0
-2.212 -0.312 -0.363 0 0 0
3.963 -0.213 2.488 0 0 0
0.913 0.488 0.663 0 0 0
-3.338 1.088 0.863 0 0 0
-1.438 -0.788 -0.988 0 0 0
0.288 -0.238 -2.288 0 0 0
-3.163 -1.238 -1.062 0 0 0
0.888 0.513 0.562 0 0 0
-1.838 -1.413 -1.113 0 0 0
-9.863 7.713 7.638 0 0 0
0.463 1.213 0.013 0 0 0
-22.238 -6.388 0.013 0 0 0
1.338 -7.538 4.413 0 0 0
-2.488 -0.238 -0.263 0 0 0
-3.312 0.138 -0.288 0 0 0
-5.938 -7.488 1.388 0 0 0
-3.663 1.763 -1.062 0 0 0
-0.363 0.138 -0.138 0 0 0
3.888 5.013 6.963 0 0 0
-18.988 4.737 5.812 0 0 0
-3.088 -0.863 -0.138 0 0 0
-16.363 -9.438 0.013 0 0 0
-2.538 -2.638 -0.888 0 0 0
-1.863 -0.788 -0.988 0 0 0
-3.588 -1.238 -1.062 0 0 0
4.013 3.463 4.688 0 0 0
-5.213 -9.812 0.013 0 0 0
-3.538 6.838 7.788 0 0 0
-2.238 -0.163 -1.888 0 0 0
-6.988 16.213 6.238 0 0 0
0.013 -0.363 0.013 0 0 0
0.438 0.388 0.013 0 0 0
-8.213 1.738 16.713 0 0 0
-1.338 8.113 7.513 0 0 0
-3.438 1.338 -0.413 0 0 0
-2.288 -0.613 0.013 0 0 0
-2.062 -0.812 -1.137 0 0 0
-3.838 2.463 -0.438 0 0 0
-0.537 0.838 0.488 0 0 0
-3.312 0.312 0.113 0 0 0
-3.013 2.538 0.013 0 0 0
0.438 -0.188 -0.263 0 0 0
-2.963 -0.213 -2.562 0 0 0
0.188 7.062 6.838 0 0 0
4.163 5.638 5.463 0 0 0
3.863 5.213 7.263 0 0 0
0.213 1.288 0.013 0 0 0
-2.288 -0.788 -0.988 0 0 0
-2.663 4.438 0.288 0 0 0
-0.812 -0.163 -1.688 0 0 0
-3.312 0.763 -0.138 0 0 0
0.562 1.688 -0.988 0 0 0
3.463 0.663 7.088 0 0 0
-2.863 1.338 -0.363 0 0 0
-1.888 0.038 0.062 0 0 0
-2.438 5.688 8.013 0 0 0
0.838 0.463 -0.213 0 0 0
0.388 -0.388 -0.088 0 0 0
-3.388 -0.213 -2.562 0 0 0
-0.213 1.288 0.013 0 0 0
-0.663 -0.763 -1.038 0 0 0
-1.988 -1.012 -1.088 0 0 0
-2.788 -0.088 -1.137 0 0 0
3.638 7.038 8.263 0 0 0
-0.088 -0.613 0.013 0 0 0
0.513 -0.388 -0.213 0 0 0
0.938 0.338 0.062 0 0 0
-11.312 -10.913 0.013 0 0 0
-2.312 0.038 0.062 0 0 0
-4.612 10.312 1.488 0 0 0
0.663 -1.338 -0.963 0 0 0
-14.238 5.638 7.738 0 0 0
-2.713 -6.413 0.013 0 0 0
3.863 4.038 5.713 0 0 0
3.963 -4.538 1.488 0 0 0
-0.988 -1.613 -1.038 0 0 0
-16.338 5.838 7.913 0 0 0
0.988 3.963 5.312 0 0 0
-3.062 4.538 -0.363 0 0 0
-13.513 1.062 9.037 0 0 0
0.913 0.688 -0.062 0 0 0
-3.338 0.263 0.113 0 0 0
-0.988 6.388 7.838 0 0 0
-9.713 5.713 8.188 0 0 0
3.213 7.038 8.263 0 0 0
-0.388 -1.088 -1.012 0 0 0
-1.113 9.763 2.812 0 0 0
0.838 1.963 0.463 0 0 0
-3.538 0.338 2.938 0 0 0
-3.013 1.588 0.013 0 0 0
0.438 -0.738 -0.988 0 0 0
0.413 -0.138 -1.488 0 0 0
-7.663 14.338 7.663 0 0 0
-1.938 0.013 -0.013 0 0 0
-1.938 0.013 -0.038 0 0 0
0.363 -0.312 -0.312 0 0 0
-1.838 7.138 8.438 0 0 0
0.013 0.463 0.038 0 0 0
4.237 4.413 4.213 0 0 0
-0.562 5.863 8.113 0 0 0
-4.088 -0.913 -0.537 0 0 0
-14.788 11.688 8.888 0 0 0
-0.838 5.638 7.963 0 0 0
-8.188 12.138 7.238 0 0 0
-0.263 -0.188 -0.213 0 0 0
-3.463 3.088 -0.238 0 0 0
-3.863 -2.513 0.013 0 0 0
-9.663 -9.013 0.013 0 0 0
4.112 4.812 6.888 0 0 0
-11.812 5.788 7.988 0 0 0
1.012 -7.763 3.038 0 0 0
-3.438 1.012 0.413 0 0 0
0.238 -0.888 -0.988 0 0 0
-7.713 10.663 8.812 0 0 0
-14.838 -16.488 0.013 0 0 0
-0.613 -0.863 0.013 0 0 0
-3.288 -0.488 -0.213 0 0 0
0.088 -0.488 0.163 0 0 0
-0.812 1.588 0.013 0 0 0
-3.263 -0.088 -0.088 0 0 0
-1.913 -0.738 -1.062 0 0 0
0.613 -1.663 -1.088 0 0 0
-3.312 0.438 0.688 0 0 0
0.413 -0.088 -0.938 0 0 0
3.888 -3.363 1.113 0 0 0
4.038 3.688 4.612 0 0 0
0.238 0.488 0.438 0 0 0
-0.038 -0.312 -0.062 0 0 0
-0.013 -0.312 -0.062 0 0 0
-2.113 1.713 -1.062 0 0 0
-3.588 -10.413 0.013 0 0 0
-21.312 1.062 8.088 0 0 0
-0.038 0.562 -0.213 0 0 0
-2.562 -1.613 -1.088 0 0 0
3.738 -5.263 3.713 0 0 0
-3.263 3.138 0.062 0 0 0
-3.538 11.312 7.463 0 0 0
-1.238 1.588 0.013 0 0 0
4.138 3.562 4.888 0 0 0
-3.663 2.663 0.413 0 0 0
-7.638 5.913 8.188 0 0 0
0.888 0.363 0.513 0 0 0
-25.738 8.738 7.513 0 0 0
-13.463 1.088 9.338 0 0 0
-8.688 13.438 7.913 0 0 0
-2.963 -0.062 -1.088 0 0 0
0.038 -0.238 0.088 0 0 0
-3.363 0.238 0.188 0 0 0
-0.913 -0.213 -2.413 0 0 0
-1.038 3.238 0.013 0 0 0
0.638 -0.062 -0.537 0 0 0
-0.062 -0.163 -1.588 0 0 0
-2.463 0.062 0.213 0 0 0
-10.713 14.413 7.688 0 0 0
0.938 0.463 0.638 0 0 0
1.963 -7.788 4.413 0 0 0
3.413 -0.488 5.988 0 0 0
-1.663 1.588 0.013 0 0 0
4.263 3.863 5.013 0 0 0
-1.613 5.863 8.113 0 0 0
-1.538 -0.062 -0.888 0 0 0
-4.663 -7.938 4.112 0 0 0
0.513 -0.588 -0.812 0 0 0
-1.338 -0.213 -2.413 0 0 0
3.988 4.112 5.763 0 0 0
2.488 10.663 1.488 0 0 0
3.963 4.763 6.413 0 0 0
-1.738 -0.038 -0.638 0 0 0
-2.588 -0.062 -0.038 0 0 0
-25.013 5.638 8.062 0 0 0
0.288 0.038 0.363 0 0 0
3.812 -3.312 2.062 0 0 0
-2.138 -0.388 -0.513 0 0 0
-3.938 1.062 10.188 0 0 0
0.388 1.488 -0.413 0 0 0
0.938 -0.562 0.013 0 0 0
-1.562 2.238 0.013 0 0 0
0.888 0.562 0.388 0 0 0
4.163 -5.163 0.013 0 0 0
0.738 0.888 -0.288 0 0 0
-3.388 1.188 0.488 0 0 0
-10.838 1.763 16.538 0 0 0
-1.763 1.338 0.013 0 0 0
-3.338 1.438 0.938 0 0 0
-3.338 13.463 7.763 0 0 0
4.088 -0.338 -2.938 0 0 0
-2.263 -0.788 -1.012 0 0 0
-2.238 0.113 0.763 0 0 0
-1.863 -1.613 -1.012 0 0 0
-2.713 -0.163 -0.288 0 0 0
0.763 0.888 0.413 0 0 0
-9.688 -10.038 0.013 0 0 0
0.488 -0.963 -0.788 0 0 0
-3.088 4.588 0.488 0 0 0
-3.238 -0.013 -0.562 0 0 0
0.713 0.788 -0.238 0 0 0
3.463 0.688 7.438 0 0 0
0.013 -0.312 -0.163 0 0 0
-0.388 -0.038 -0.038 0 0 0
-0.388 -0.013 -0.013 0 0 0
-0.388 -0.013 -0.038 0 0 0
3.788 0.713 7.738 0 0 0
0.863 -0.888 -1.038 0 0 0
3.812 -4.288 2.588 0 0 0
0.913 0.537 -0.113 0 0 0
3.963 -1.913 1.163 0 0 0
-1.238 -1.263 -0.463 0 0 0
-1.288 5.913 7.763 0 0 0
-4.963 -10.663 0.013 0 0 0
-5.613 -7.463 4.713 0 0 0
-2.413 2.238 0.013 0 0 0
4.138 3.188 3.888 0 0 0
-16.463 7.213 8.738 0 0 0
0.588 -0.638 -0.763 0 0 0
-2.863 -0.513 -0.413 0 0 0
-2.013 0.138 1.163 0 0 0
-22.562 -6.888 0.013 0 0 0
0.913 -0.613 0.013 0 0 0
0.438 -0.888 -1.038 0 0 0
-16.387 -10.638 0.013 0 0 0
-1.188 1.438 -1.088 0 0 0
-2.963 4.713 -0.388 0 0 0
1.038 0.838 0.013 0 0 0
0.913 0.713 0.288 0 0 0
-1.488 -1.213 -1.088 0 0 0
0.388 0.688 -0.238 0 0 0
-0.038 8.062 7.812 0 0 0
-2.438 0.088 0.013 0 0 0
0.812 0.863 0.163 0 0 0
-2.838 2.238 0.013 0 0 0
3.738 -0.213 -1.638 0 0 0
0.613 -0.488 -0.263 0 0 0
0.537 0.638 0.013 0 0 0
0.638 2.388 0.013 0 0 0
-14.088 -16.188 0.013 0 0 0
3.913 -0.713 8.388 0 0 0
-11.363 5.763 7.963 0 0 0
0.013 -0.888 -1.038 0 0 0
-7.888 -8.463 0.013 0 0 0
4.138 4.438 5.463 0 0 0
0.613 0.838 0.013 0 0 0
0.413 -0.113 -1.137 0 0 0
-2.538 -0.338 -0.388 0 0 0
-9.713 6.338 8.287 0 0 0
-3.238 8.113 7.038 0 0 0
2.988 1.062 11.163 0 0 0
-0.013 -0.338 -0.263 0 0 0
0.388 0.413 -0.263 0 0 0
3.938 -0.513 6.088 0 0 0
4.237 5.538 7.238 0 0 0
1.588 -7.738 5.463 0 0 0
1.888 5.938 7.788 0 0 0
-1.588 5.638 7.613 0 0 0
-2.688 0.738 -0.388 0 0 0
-5.713 -10.763 0.013 0 0 0
0.613 1.588 0.013 0 0 0
4.213 4.988 6.863 0 0 0
0.913 -1.463 -0.963 0 0 0
-3.288 1.613 1.012 0 0 0
-1.213 -0.788 -1.062 0 0 0
-12.363 9.663 -0.138 0 0 0
0.788 -0.138 -1.238 0 0 0
-4.237 -0.812 -0.963 0 0 0
1.463 5.812 8.013 0 0 0
-2.263 -0.238 -0.338 0 0 0
-0.913 -0.763 -1.062 0 0 0
0.088 -0.163 0.013 0 0 0
-3.038 -0.088 -1.163 0 0 0
0.913 -0.138 -1.363 0 0 0
-3.888 2.388 -0.413 0 0 0
-19.663 0.838 5.938 0 0 0
0.463 0.638 -0.188 0 0 0
-2.463 -1.438 -1.113 0 0 0
0.863 -7.913 4.413 0 0 0
-1.738 -0.062 -0.838 0 0 0
-3.338 -2.438 -0.913 0 0 0
-0.312 -0.188 0.113 0 0 0
-2.588 -0.088 -0.238 0 0 0
-3.288 -1.012 0.013 0 0 0
-3.188 0.738 0.013 0 0 0
0.013 -0.812 -1.012 0 0 0
-5.963 7.863 6.438 0 0 0
-13.438 1.088 9.312 0 0 0
-0.013 0.463 0.288 0 0 0
3.538 -0.388 4.913 0 0 0
-19.288 4.812 3.788 0 0 0
-2.113 5.963 7.888 0 0 0
0.062 0.038 0.312 0 0 0
-2.363 2.087 -1.088 0 0 0
-2.938 -1.788 -0.863 0 0 0
4.188 4.013 5.338 0 0 0
1.788 9.913 3.088 0 0 0
-0.413 -0.812 -1.012 0 0 0
-3.463 0.363 3.213 0 0 0
-3.288 0.613 -0.138 0 0 0
-1.538 -0.763 -1.062 0 0 0
-1.012 -0.363 -3.838 0 0 0
0.788 8.062 7.513 0 0 0
4.138 3.438 3.713 0 0 0
-14.312 -8.938 0.013 0 0 0
-2.038 1.838 -1.088 0 0 0
-6.913 -2.238 0.113 0 0 0
0.338 -0.312 -0.338 0 0 0
-3.588 -0.763 -1.012 0 0 0
-7.388 7.513 7.663 0 0 0
0.263 0.537 0.438 0 0 0
-1.988 7.938 5.738 0 0 0
-2.113 -0.138 -1.713 0 0 0
0.788 0.863 0.463 0 0 0
4.188 4.188 5.738 0 0 0
-8.588 -7.113 5.438 0 0 0
4.188 7.013 2.663 0 0 0
-5.488 -7.338 4.913 0 0 0
-1.738 -2.188 -0.938 0 0 0
3.463 5.963 8.263 0 0 0
-3.463 -0.763 -1.137 0 0 0
-0.413 0.863 0.663 0 0 0
-1.062 1.288 0.013 0 0 0
4.163 5.663 5.088 0 0 0
-3.312 1.413 0.913 0 0 0
-2.312 -0.163 -1.863 0 0 0
-8.088 10.013 0.713 0 0 0
0.562 6.938 7.788 0 0 0
-5.338 5.812 8.138 0 0 0
-0.738 -0.913 -1.012 0 0 0
-0.988 1.488 0.013 0 0 0
-1.438 -2.013 -0.938 0 0 0
3.562 5.988 8.037 0 0 0
-0.513 -1.062 -1.012 0 0 0
-9.287 -16.088 0.013 0 0 0
4.013 3.388 4.612 0 0 0
-3.213 -1.788 0.013 0 0 0
-3.988 -0.913 -0.763 0 0 0
-5.288 7.913 6.488 0 0 0
-3.263 3.538 0.688 0 0 0
-3.363 1.738 -1.137 0 0 0
-1.488 1.288 0.013 0 0 0
-0.038 0.537 0.312 0 0 0
-3.513 2.087 -1.137 0 0 0
-1.738 -0.163 -1.812 0 0 0
-0.863 1.738 -1.012 0 0 0
-0.062 -0.463 0.188 0 0 0
-12.038 -8.738 0.013 0 0 0
3.888 -2.688 0.488 0 0 0
0.463 -1.638 -1.062 0 0 0
-1.963 0.038 0.088 0 0 0
-1.088 3.838 0.013 0 0 0
-4.088 -1.763 0.513 0 0 0
3.938 -2.288 1.388 0 0 0
-1.863 -2.013 -0.938 0 0 0
-6.463 -9.238 0.013 0 0 0
-19.238 5.588 4.963 0 0 0
0.338 0.038 0.463 0 0 0
-14.438 1.638 14.812 0 0 0
4.038 3.538 5.113 0 0 0
-0.638 6.388 7.863 0 0 0
0.113 -0.263 -0.013 0 0 0
0.113 -0.263 -0.038 0 0 0
-2.163 -0.163 -1.812 0 0 0
-3.413 1.588 0.188 0 0 0
-7.938 5.388 7.688 0 0 0
-1.088 1.238 0.013 0 0 0
-2.288 -2.013 -0.938 0 0 0
0.838 -0.288 -2.863 0 0 0
-0.088 0.613 0.062 0 0 0
3.812 -1.812 0.738 0 0 0
-2.062 -2.163 -0.938 0 0 0
-5.988 1.763 17.262 0 0 0
-12.488 5.688 7.863 0 0 0
3.963 2.888 4.088 0 0 0
-3.438 1.888 -0.338 0 0 0
-1.588 -2.062 -0.888 0 0 0
-6.013 14.113 9.588 0 0 0
-3.413 1.312 0.163 0 0 0
-3.263 -0.238 -0.188 0 0 0
-1.963 0.088 0.638 0 0 0
-3.788 -7.413 3.488 0 0 0
-2.713 -2.013 -0.938 0 0 0
4.112 -4.562 0.013 0 0 0
-0.312 0.062 -0.062 0 0 0
-10.463 16.338 6.288 0 0 0
0.913 0.463 -0.138 0 0 0
-3.312 0.288 -0.088 0 0 0
3.838 -2.888 -0.263 0 0 0
0.938 0.288 0.388 0 0 0
-6.913 1.062 9.788 0 0 0
-1.213 1.438 0.013 0 0 0
0.888 0.788 0.013 0 0 0
-2.238 0.038 0.138 0 0 0
0.988 -0.288 -2.812 0 0 0
-12.888 -11.188 0.013 0 0 0
-10.888 16.338 6.288 0 0 0
-17.213 1.188 9.838 0 0 0
-14.788 -8.188 0.062 0 0 0
-6.963 16.188 6.213 0 0 0
4.237 4.663 6.062 0 0 0
-2.913 -2.163 -0.938 0 0 0
0.913 0.638 0.263 0 0 0
-1.713 1.238 0.013 0 0 0
0.213 0.562 0.363 0 0 0
1.213 -7.438 6.188 0 0 0
-0.138 0.588 -0.038 0 0 0
-0.138 0.588 -0.013 0 0 0
3.888 -4.737 2.438 0 0 0
-4.888 6.038 8.062 0 0 0
-4.788 -10.238 0.013 0 0 0
-1.638 1.438 0.013 0 0 0
-3.338 -0.062 0.338 0 0 0
0.413 1.263 -1.038 0 0 0
-1.938 -1.213 0.013 0 0 0
-1.588 -1.863 -1.012 0 0 0
-17.137 6.013 8.287 0 0 0
0.488 -0.138 -1.413 0 0 0
-10.238 -8.888 0.013 0 0 0
-2.138 1.238 0.013 0 0 0
-18.863 -8.388 0.013 0 0 0
-2.138 -7.312 5.913 0 0 0
-3.038 -1.363 -0.938 0 0 0
1.562 5.863 8.138 0 0 0
-2.413 -0.213 -2.588 0 0 0
-3.088 -0.163 -1.938 0 0 0
0.663 0.988 -0.113 0 0 0
0.363 -0.213 0.013 0 0 0
-3.338 0.688 0.338 0 0 0
0.288 -0.163 -1.562 0 0 0
-1.788 0.062 0.537 0 0 0
-7.363 6.038 8.113 0 0 0
-3.163 1.038 -0.038 0 0 0
0.913 -0.088 -0.863 0 0 0
0.562 1.438 0.013 0 0 0
0.338 -0.463 -0.388 0 0 0
0.663 9.838 2.988 0 0 0
-3.463 -1.363 -0.938 0 0 0
-2.438 -0.663 0.013 0 0 0
-1.688 -0.312 -3.438 0 0 0
0.788 1.288 0.013 0 0 0
0.213 -0.738 -1.038 0 0 0
-3.562 2.588 -0.038 0 0 0
0.938 0.363 0.413 0 0 0
-2.363 -0.463 0.013 0 0 0
-2.212 -0.238 -0.238 0 0 0
3.738 5.438 7.613 0 0 0
0.288 1.088 0.013 0 0 0
1.963 -7.588 4.438 0 0 0
-17.038 1.363 11.812 0 0 0
0.138 1.438 0.013 0 0 0
3.888 -6.562 2.588 0 0 0
0.288 0.513 0.413 0 0 0
0.537 -0.288 -0.238 0 0 0
0.263 -0.463 0.013 0 0 0
-2.163 1.188 0.013 0 0 0
0.363 1.288 0.013 0 0 0
4.213 2.638 3.288 0 0 0
-0.213 -0.738 -1.038 0 0 0
0.688 -0.913 -1.012 0 0 0
-2.188 0.038 0.038 0 0 0
-0.038 -0.963 -1.012 0 0 0
-0.013 -0.963 -1.012 0 0 0
0.562 2.938 0.013 0 0 0
-2.588 1.163 0.013 0 0 0
0.863 -0.537 -0.238 0 0 0
-14.388 5.413 7.562 0 0 0
-5.013 -10.288 0.013 0 0 0
0.413 -1.263 -0.338 0 0 0
-25.588 6.463 8.113 0 0 0
0.038 -0.763 -1.012 0 0 0
-0.638 -0.738 -1.038 0 0 0
0.338 0.463 0.013 0 0 0
4.163 2.888 4.038 0 0 0
0.338 3.812 0.013 0 0 0
-5.213 -11.188 0.013 0 0 0
0.263 0.588 0.263 0 0 0
4.112 3.438 4.812 0 0 0
2.013 5.913 7.938 0 0 0
0.138 -0.263 0.013 0 0 0
0.038 0.613 0.413 0 0 0
-3.638 5.913 7.913 0 0 0
-17.088 8.037 7.088 0 0 0
-5.738 5.488 7.338 0 0 0
-1.062 -0.738 -1.038 0 0 0
0.888 0.638 0.562 0 0 0
4.163 3.638 4.038 0 0 0
0.263 0.463 0.413 0 0 0
-3.562 -7.588 3.963 0 0 0
3.838 -5.013 2.388 0 0 0
-1.812 0.013 -0.062 0 0 0
0.363 0.038 0.438 0 0 0
4.188 4.112 5.713 0 0 0
-4.062 -1.062 -0.938 0 0 0
3.463 5.888 8.238 0 0 0
-3.113 0.163 0.013 0 0 0
-3.312 0.713 0.138 0 0 0
-3.513 11.288 7.438 0 0 0
-5.038 7.913 6.863 0 0 0
-2.363 -1.588 -0.988 0 0 0
3.913 3.738 5.238 0 0 0
-0.263 6.213 7.713 0 0 0
0.812 1.913 -0.188 0 0 0
4.263 5.363 7.163 0 0 0
-0.062 -0.413 0.013 0 0 0
-4.737 1.062 10.088 0 0 0
-16.113 1.137 9.588 0 0 0
0.638 0.963 0.188 0 0 0
0.013 -0.238 0.013 0 0 0
-0.062 0.038 0.438 0 0 0
-13.713 9.788 1.863 0 0 0
4.188 5.738 6.238 0 0 0
2.288 -0.788 9.363 0 0 0
-3.088 -0.763 -1.137 0 0 0
3.938 -2.238 1.213 0 0 0
-13.238 -7.138 3.138 0 0 0
-12.013 -7.213 1.812 0 0 0
-0.312 8.013 6.938 0 0 0
-13.488 5.888 7.888 0 0 0
-7.013 5.812 7.913 0 0 0
-1.812 -0.138 -1.588 0 0 0
-2.888 -1.438 -1.113 0 0 0
-6.288 1.763 17.088 0 0 0
-0.513 -0.088 -0.113 0 0 0
-15.513 1.713 15.388 0 0 0
-8.838 -7.088 5.413 0 0 0
-8.912 -11.388 0.013 0 0 0
-2.562 -0.088 -0.062 0 0 0
-2.212 -0.738 -1.088 0 0 0
-1.113 0.113 -1.288 0 0 0
-1.113 2.638 0.013 0 0 0
-1.938 0.138 1.238 0 0 0
-3.213 0.213 0.263 0 0 0
-4.588 6.812 7.788 0 0 0
-2.413 1.713 -1.088 0 0 0
3.888 -2.588 0.863 0 0 0
-14.363 5.488 7.763 0 0 0
-3.338 -0.638 0.013 0 0 0
-18.438 12.788 5.513 0 0 0
-0.713 1.213 0.013 0 0 0
-5.913 1.738 16.988 0 0 0
-2.488 2.263 -1.088 0 0 0
-3.638 2.062 -1.012 0 0 0
-1.588 2.087 -1.062 0 0 0
-0.863 7.088 7.988 0 0 0
-3.263 -0.763 8.787 0 0 0
-5.013 6.812 7.788 0 0 0
-1.888 0.062 0.363 0 0 0
-0.413 -0.338 -0.363 0 0 0
-2.863 -1.113 -0.213 0 0 0
0.713 0.938 -0.013 0 0 0
-12.263 -9.938 0.013 0 0 0
0.812 -1.113 -1.062 0 0 0
-2.713 -1.213 -1.113 0 0 0
-11.713 5.888 7.888 0 0 0
4.088 2.488 3.438 0 0 0
-1.012 9.938 8.888 0 0 0
1.838 5.938 7.988 0 0 0
-11.338 5.688 7.388 0 0 0
3.963 -3.213 1.913 0 0 0
-7.688 -7.163 4.713 0 0 0
-5.463 7.288 7.513 0 0 0
0.613 -0.113 -1.188 0 0 0
-1.913 5.888 7.812 0 0 0
-11.363 1.738 16.113 0 0 0
-2.312 0.062 0.363 0 0 0
-2.888 -2.238 -0.188 0 0 0
-1.938 -1.788 -0.913 0 0 0
0.263 0.838 0.088 0 0 0
-16.613 1.613 14.312 0 0 0
-2.263 -0.163 -0.163 0 0 0
-3.312 0.388 0.288 0 0 0
0.013 -7.562 5.213 0 0 0
0.163 -0.038 -0.062 0 0 0
-0.688 7.613 8.013 0 0 0
-3.338 0.288 0.413 0 0 0
0.163 -0.013 -0.062 0 0 0
0.838 0.088 0.888 0 0 0
-2.988 4.763 -0.062 0 0 0
-3.363 0.312 0.312 0 0 0
-7.113 -9.088 0.013 0 0 0
-3.463 0.213 1.838 0 0 0
2.763 1.062 11.113 0 0 0
0.613 0.062 -0.788 0 0 0
-2.763 -0.088 -1.338 0 0 0
-0.363 0.113 1.088 0 0 0
-1.763 -0.138 -1.688 0 0 0
0.488 -0.788 -1.038 0 0 0
1.137 -0.238 -2.188 0 0 0
-1.538 1.663 0.013 0 0 0
-3.363 2.087 0.338 0 0 0
-2.013 6.188 7.688 0 0 0
-0.038 9.812 2.913 0 0 0
3.863 -5.638 2.688 0 0 0
-2.513 -0.088 -0.163 0 0 0
-3.312 0.988 9.537 0 0 0
-9.913 6.738 7.838 0 0 0
0.713 -0.638 -0.788 0 0 0
-9.988 -8.988 0.013 0 0 0
4.288 -9.188 0.013 0 0 0
-0.263 0.713 -0.062 0 0 0
3.838 -3.763 0.638 0 0 0
-3.413 3.913 -0.438 0 0 0
-1.388 -0.163 -1.788 0 0 0
-1.963 1.663 0.013 0 0 0
-3.312 1.763 1.113 0 0 0
-14.113 1.062 9.088 0 0 0
-1.463 2.613 0.013 0 0 0
0.738 3.913 5.363 0 0 0
0.788 0.062 0.788 0 0 0
-3.138 -2.013 -0.938 0 0 0
-2.613 -0.138 -1.688 0 0 0
-2.212 -0.312 -0.263 0 0 0
-2.938 5.863 7.913 0 0 0
-2.188 -0.788 0.013 0 0 0
3.963 -0.213 2.588 0 0 0
-3.388 2.288 -0.038 0 0 0
-0.188 5.812 7.913 0 0 0
3.663 -10.088 0.013 0 0 0
-2.488 -0.138 -1.812 0 0 0
0.062 0.013 0.113 0 0 0
-3.288 0.288 0.088 0 0 0
-2.188 0.138 1.012 0 0 0
0.363 -0.138 -1.288 0 0 0
-2.087 -0.888 0.013 0 0 0
0.537 0.963 0.013 0 0 0
0.713 -0.588 -0.238 0 0 0
-24.312 8.588 7.613 0 0 0
-0.738 0.088 0.838 0 0 0
-10.013 6.038 8.013 0 0 0
-3.263 0.113 0.613 0 0 0
0.763 4.612 4.913 0 0 0
-2.913 -0.138 -1.812 0 0 0
-3.312 0.013 -0.013 0 0 0
-3.312 0.013 -0.038 0 0 0
-1.963 3.163 0.013 0 0 0
-2.688 -1.863 -1.038 0 0 0
-3.363 -1.388 -0.963 0 0 0
4.062 4.163 5.663 0 0 0
0.938 0.588 0.038 0 0 0
-1.312 5.763 8.013 0 0 0
-1.088 -0.788 -1.088 0 0 0
-3.413 -1.888 -1.038 0 0 0
-2.913 0.663 0.013 0 0 0
-3.312 0.763 -0.038 0 0 0
-3.312 0.763 -0.013 0 0 0
0.312 2.613 0.013 0 0 0
-6.088 -7.413 1.388 0 0 0
-1.888 0.038 0.163 0 0 0
-0.613 -1.238 -0.163 0 0 0
-1.513 -0.788 -1.088 0 0 0
3.888 -5.413 3.213 0 0 0
-2.188 -0.763 -1.113 0 0 0
-2.538 -0.163 -1.913 0 0 0
-2.388 -1.788 -0.888 0 0 0
-3.312 0.638 0.113 0 0 0
-0.688 -0.363 -3.863 0 0 0
-2.738 -0.138 -0.238 0 0 0
-3.363 1.188 0.888 0 0 0
-1.763 -1.163 -0.988 0 0 0
-1.913 -0.812 -0.988 0 0 0
1.913 8.013 6.913 0 0 0
0.138 -0.788 -1.038 0 0 0
4.163 5.238 5.688 0 0 0
-1.763 5.812 7.863 0 0 0
-9.363 12.263 9.363 0 0 0
-3.213 -0.088 -1.312 0 0 0
0.338 0.013 0.263 0 0 0
3.963 -0.363 4.413 0 0 0
0.838 0.062 0.688 0 0 0
0.938 0.213 0.312 0 0 0
0.338 1.288 -0.613 0 0 0
3.463 0.713 7.738 0 0 0
-1.738 0.038 0.213 0 0 0
-1.388 -7.713 5.213 0 0 0
0.363 0.838 -0.338 0 0 0
0.488 0.388 -0.213 0 0 0
-0.888 -0.363 -3.863 0 0 0
-3.263 -1.588 0.013 0 0 0
-5.688 -9.838 0.013 0 0 0
0.913 0.562 0.188 0 0 0
-15.562 8.588 7.538 0 0 0
-1.012 -0.838 -1.038 0 0 0
-9.613 -0.788 9.213 0 0 0
-2.438 -0.062 -0.088 0 0 0
-1.388 -1.188 -1.088 0 0 0
-3.463 -0.713 0.113 0 0 0
0.763 1.913 -0.188 0 0 0
4.163 -0.188 -1.338 0 0 0
3.163 5.963 8.013 0 0 0
-1.613 -0.213 -2.463 0 0 0
0.513 -0.963 -0.988 0 0 0
3.763 -2.062 0.713 0 0 0
-1.913 -1.488 -0.963 0 0 0
0.838 -0.088 -0.838 0 0 0
-16.613 -12.062 0.013 0 0 0
4.138 3.088 4.338 0 0 0
-2.463 0.113 -1.213 0 0 0
0.913 0.738 0.588 0 0 0
-2.363 0.013 0.062 0 0 0
-8.938 -9.238 0.013 0 0 0
-1.713 -1.613 -1.062 0 0 0
3.738 -0.188 -1.338 0 0 0
-1.913 -0.213 -2.513 0 0 0
3.988 2.838 4.062 0 0 0
-3.288 -0.488 -0.113 0 0 0
-5.038 8.162 5.963 0 0 0
-2.788 7.113 8.013 0 0 0
3.888 -0.463 5.588 0 0 0
4.163 3.188 3.688 0 0 0
-0.838 0.113 -1.263 0 0 0
0.113 0.062 0.562 0 0 0
-2.913 -0.738 -1.012 0 0 0
0.413 -0.088 -0.838 0 0 0
-0.038 -0.312 0.038 0 0 0
-0.013 -0.312 0.038 0 0 0
3.888 2.763 1.113 0 0 0
0.537 8.037 7.763 0 0 0
0.312 -0.963 -0.988 0 0 0
-17.363 5.812 8.113 0 0 0
-3.088 0.263 -0.363 0 0 0
-0.488 7.088 7.988 0 0 0
-2.138 -1.613 -1.062 0 0 0
4.163 3.638 3.438 0 0 0
-2.337 -0.213 -2.513 0 0 0
-13.463 1.688 15.338 0 0 0
-20.588 -8.312 0.013 0 0 0
-4.362 -2.087 0.338 0 0 0
-2.738 0.062 -0.963 0 0 0
-3.062 1.562 0.013 0 0 0
0.363 -0.163 -1.488 0 0 0
-0.288 -0.738 -1.012 0 0 0
-0.537 1.663 0.013 0 0 0
-2.038 0.062 0.312 0 0 0
-3.363 -1.088 0.013 0 0 0
-0.888 8.037 6.963 0 0 0
-3.988 -1.012 -1.038 0 0 0
-1.113 5.763 7.963 0 0 0
-7.788 6.413 7.788 0 0 0
-11.138 5.788 7.513 0 0 0
3.913 4.213 5.888 0 0 0
-3.363 0.238 0.288 0 0 0
3.812 -2.963 0.213 0 0 0
-7.288 10.338 1.513 0 0 0
3.913 -2.038 1.513 0 0 0
-8.888 1.738 16.588 0 0 0
-3.688 0.338 2.963 0 0 0
-6.438 -9.188 0.013 0 0 0
0.888 0.812 0.363 0 0 0
-1.562 0.113 -1.312 0 0 0
-0.713 -0.738 -1.012 0 0 0
-3.312 1.062 0.938 0 0 0
0.688 -0.988 -1.088 0 0 0
-1.263 9.938 8.863 0 0 0
2.663 7.963 6.863 0 0 0
-0.938 1.363 0.013 0 0 0
-3.613 -2.638 -0.238 0 0 0
4.163 4.788 6.663 0 0 0
-2.863 -1.613 -1.113 0 0 0
-12.088 -8.763 0.013 0 0 0
-15.038 7.363 7.213 0 0 0
-1.288 -9.088 0.013 0 0 0
-1.888 0.013 -0.013 0 0 0
-1.738 -0.038 -0.537 0 0 0
0.263 -0.988 -1.088 0 0 0
0.288 0.038 0.463 0 0 0
0.013 5.888 7.888 0 0 0
-1.363 1.363 0.013 0 0 0
-2.212 -0.263 -0.438 0 0 0
0.763 -0.763 9.088 0 0 0
-1.137 1.213 0.013 0 0 0
3.988 -0.163 -1.288 0 0 0
3.363 5.913 8.162 0 0 0
-5.213 9.812 2.513 0 0 0
0.738 0.013 -0.013 0 0 0
-2.688 -1.113 -1.088 0 0 0
4.188 2.488 3.213 0 0 0
-3.863 1.488 -0.863 0 0 0
-0.163 -0.988 -1.088 0 0 0
0.713 0.088 1.012 0 0 0
-1.788 1.363 0.013 0 0 0
-0.963 -0.238 -2.413 0 0 0
-3.388 0.213 1.713 0 0 0
-2.238 -0.363 -0.388 0 0 0
-2.238 0.113 0.863 0 0 0
-3.062 -1.012 -0.438 0 0 0
0.888 0.438 0.638 0 0 0
4.013 3.088 0.388 0 0 0
-12.888 1.113 9.638 0 0 0
-3.238 -0.013 -0.463 0 0 0
-2.488 0.138 0.238 0 0 0
-1.288 9.838 2.838 0 0 0
0.513 -0.238 0.088 0 0 0
4.188 3.288 4.362 0 0 0
3.788 -1.838 0.913 0 0 0
-2.062 11.312 7.438 0 0 0
3.038 5.812 8.162 0 0 0
-7.538 6.438 7.838 0 0 0
-8.088 9.988 -0.138 0 0 0
-5.013 7.988 7.288 0 0 0
-1.562 -1.838 -1.012 0 0 0
-2.788 -1.663 -1.062 0 0 0
-1.888 -0.838 -1.012 0 0 0
-1.388 1.312 0.013 0 0 0
-3.488 6.538 8.013 0 0 0
0.062 0.537 0.588 0 0 0
-2.013 0.138 1.263 0 0 0
3.788 -3.812 2.337 0 0 0
-2.913 -0.763 8.812 0 0 0
0.913 0.413 0.138 0 0 0
-12.688 6.913 6.838 0 0 0
-3.663 16.213 6.213 0 0 0
0.413 -0.238 -0.288 0 0 0
-1.812 1.312 0.013 0 0 0
-1.738 -0.138 -1.513 0 0 0
-3.312 0.688 -0.062 0 0 0
-3.238 3.363 0.088 0 0 0
3.913 -2.588 -0.488 0 0 0
-0.638 0.163 -0.163 0 0 0
4.163 3.788 4.913 0 0 0
3.788 6.838 2.337 0 0 0
-1.538 -1.263 -0.488 0 0 0
3.888 4.763 0.638 0 0 0
4.263 5.588 6.062 0 0 0
0.488 2.312 0.013 0 0 0
0.562 -0.163 -1.538 0 0 0
-14.463 1.062 8.963 0 0 0
0.363 -0.438 -0.113 0 0 0
-3.338 0.463 0.213 0 0 0
4.138 3.812 4.138 0 0 0
0.588 0.863 0.013 0 0 0
-1.488 1.438 -1.113 0 0 0
0.688 -0.163 -1.663 0 0 0
4.362 5.488 6.062 0 0 0
-2.463 2.212 0.013 0 0 0
-3.312 2.188 0.613 0 0 0
-3.388 1.438 1.012 0 0 0
-0.413 0.188 0.238 0 0 0
0.812 2.312 -0.888 0 0 0
0.838 -0.788 -1.012 0 0 0
-4.812 -9.062 0.013 0 0 0
-10.938 7.088 7.062 0 0 0
3.713 1.812 0.013 0 0 0
-3.338 0.638 0.613 0 0 0
0.338 -0.388 -0.263 0 0 0
-1.888 -0.763 -0.988 0 0 0
-2.138 -9.287 0.013 0 0 0
-11.288 1.088 9.738 0 0 0
0.988 0.812 0.013 0 0 0
-16.562 5.638 7.963 0 0 0
-0.588 -2.062 -0.938 0 0 0
0.938 0.438 0.537 0 0 0
3.788 -7.238 2.863 0 0 0
-0.338 -0.338 -0.288 0 0 0
4.013 3.138 4.288 0 0 0
0.688 1.513 0.013 0 0 0
0.913 0.488 0.163 0 0 0
-2.763 -0.763 -1.163 0 0 0
-2.438 -0.138 -0.113 0 0 0
0.913 -0.138 -1.263 0 0 0
-2.113 -0.888 -1.012 0 0 0
0.488 0.613 0.013 0 0 0
0.413 -0.788 -1.012 0 0 0
-7.938 -8.513 0.013 0 0 0
1.062 -0.238 -2.163 0 0 0
-0.513 0.938 0.613 0 0 0
0.913 0.788 0.413 0 0 0
0.138 0.062 0.013 0 0 0
0.263 -0.388 0.138 0 0 0
-6.613 -2.538 0.088 0 0 0
4.013 5.288 7.388 0 0 0
-1.263 -0.138 -1.613 0 0 0
-19.263 5.388 4.263 0 0 0
0.263 1.513 0.013 0 0 0
-8.963 6.263 8.188 0 0 0
-2.988 1.213 0.013 0 0 0
-1.838 -0.812 -1.113 0 0 0
0.913 0.663 0.562 0 0 0
-3.263 -0.038 -0.163 0 0 0
-3.263 0.988 -0.138 0 0 0
0.488 1.363 0.013 0 0 0
-3.062 1.713 -1.137 0 0 0
0.888 0.688 0.463 0 0 0
-0.888 -0.213 -2.337 0 0 0
0.062 0.038 0.413 0 0 0
-3.288 -0.562 -0.138 0 0 0
-5.438 -15.763 0.013 0 0 0
-1.988 0.013 -0.213 0 0 0
0.438 0.688 -0.238 0 0 0
0.088 0.463 0.263 0 0 0
-2.838 -0.038 -0.763 0 0 0
-12.363 1.763 16.262 0 0 0
-1.688 -0.138 -1.613 0 0 0
0.062 0.488 0.163 0 0 0
0.188 0.038 0.288 0 0 0
-3.288 0.763 0.138 0 0 0
0.537 -0.613 -0.738 0 0 0
0.238 0.812 -0.213 0 0 0
-3.463 0.363 3.312 0 0 0
-3.588 12.163 7.438 0 0 0
-1.038 -0.988 -1.062 0 0 0
-8.938 -7.263 4.737 0 0 0
-2.888 0.513 0.013 0 0 0
-0.038 -0.388 0.013 0 0 0
-0.013 -0.388 0.013 0 0 0
0.062 1.363 0.013 0 0 0
-3.312 2.263 0.638 0 0 0
3.938 3.613 5.062 0 0 0
-2.388 1.438 0.013 0 0 0
-3.188 -2.138 0.013 0 0 0
-3.088 -0.388 0.013 0 0 0
0.788 -0.938 -0.963 0 0 0
0.038 -0.188 0.013 0 0 0
0.738 -1.438 -0.213 0 0 0
-16.838 7.113 8.613 0 0 0
-2.413 0.013 -0.213 0 0 0
-2.188 -0.288 -0.463 0 0 0
0.238 -0.338 -0.088 0 0 0
-1.738 5.938 7.888 0 0 0
-0.588 1.513 0.013 0 0 0
-2.963 -2.038 -0.888 0 0 0
-5.913 6.263 7.188 0 0 0
-3.238 3.338 0.488 0 0 0
3.888 6.738 -0.062 0 0 0
-1.463 -0.988 -1.062 0 0 0
0.562 -1.062 -0.988 0 0 0
-0.363 1.363 0.013 0 0 0
-3.013 7.062 8.363 0 0 0
-2.812 1.438 0.013 0 0 0
0.763 -2.062 -0.938 0 0 0
-1.988 -0.138 -1.738 0 0 0
1.338 -7.613 4.438 0 0 0
0.363 0.562 0.312 0 0 0
3.413 6.038 7.888 0 0 0
-8.113 10.038 0.713 0 0 0
-11.138 1.113 9.938 0 0 0
-0.263 1.263 0.013 0 0 0
-6.663 1.763 17.188 0 0 0
-10.488 7.013 7.013 0 0 0
-3.113 -0.788 8.863 0 0 0
4.237 6.988 8.188 0 0 0
-0.488 -9.088 0.013 0 0 0
-1.763 0.062 0.338 0 0 0
0.788 -0.463 -0.312 0 0 0
0.138 -1.062 -0.988 0 0 0
-2.562 -0.188 -0.338 0 0 0
-0.938 7.588 6.263 0 0 0
-1.963 -7.363 5.963 0 0 0
4.062 -0.213 -1.713 0 0 0
-0.263 0.113 0.138 0 0 0
-12.638 15.438 6.638 0 0 0
-12.013 -10.812 0.013 0 0 0
-1.963 0.038 0.188 0 0 0
3.863 -6.363 3.038 0 0 0
3.812 6.988 8.188 0 0 0
-3.438 -0.763 -0.113 0 0 0
4.213 2.963 3.838 0 0 0
-2.188 0.062 0.338 0 0 0
-3.312 -7.338 4.237 0 0 0
-7.613 5.688 7.913 0 0 0
0.113 -0.263 0.062 0 0 0
3.863 -1.738 1.488 0 0 0
-5.963 6.263 8.238 0 0 0
3.863 -2.312 1.888 0 0 0
-4.112 -1.012 -0.913 0 0 0
-3.388 0.088 0.537 0 0 0
-0.963 2.638 -1.038 0 0 0
-1.113 1.263 0.013 0 0 0
-0.088 0.613 0.163 0 0 0
-2.038 -0.163 -1.838 0 0 0
-3.363 1.388 0.913 0 0 0
-1.763 0.113 0.888 0 0 0
-6.513 1.738 16.838 0 0 0
-0.338 0.213 -0.213 0 0 0
4.013 2.812 3.838 0 0 0
-9.713 -9.062 0.013 0 0 0
-2.113 -0.238 -2.588 0 0 0
-3.438 1.312 0.163 0 0 0
-7.488 1.113 10.238 0 0 0
-1.963 0.088 0.738 0 0 0
-3.463 1.363 -0.213 0 0 0
-1.812 0.038 0.238 0 0 0
-1.388 2.638 -1.038 0 0 0
-12.438 -10.062 0.013 0 0 0
-3.513 6.062 7.863 0 0 0
0.913 0.463 -0.013 0 0 0
-2.463 -0.163 -1.838 0 0 0
-1.463 -2.062 -0.913 0 0 0
-1.588 1.738 -1.038 0 0 0
-1.062 6.263 8.113 0 0 0
-3.312 0.288 0.013 0 0 0
-3.713 1.838 -0.738 0 0 0
0.788 -0.388 -0.288 0 0 0
3.288 -7.438 2.388 0 0 0
-9.312 7.413 7.463 0 0 0
-2.212 10.038 8.938 0 0 0
-2.863 -0.588 -0.338 0 0 0
-1.413 -1.838 -1.012 0 0 0
0.688 -0.138 -1.312 0 0 0
-2.788 6.263 7.788 0 0 0
1.638 -7.613 5.288 0 0 0
-1.363 6.388 7.838 0 0 0
-3.338 0.062 0.288 0 0 0
-1.988 -1.488 -0.938 0 0 0
-0.288 -1.012 -0.963 0 0 0
0.913 0.638 0.363 0 0 0
4.213 -9.037 0.013 0 0 0
-2.538 0.113 -1.188 0 0 0
0.363 -0.388 -0.288 0 0 0
-1.613 2.562 0.013 0 0 0
-3.338 -0.062 0.438 0 0 0
-1.113 -0.213 -2.388 0 0 0
-1.113 1.288 -1.113 0 0 0
-0.888 -0.763 -0.988 0 0 0
0.913 0.513 0.513 0 0 0
-3.613 5.788 8.138 0 0 0
-11.163 1.113 9.963 0 0 0
-0.613 1.238 0.013 0 0 0
-1.338 1.188 0.013 0 0 0
4.088 3.638 3.463 0 0 0
-2.413 -0.213 -2.488 0 0 0
-1.963 -0.463 0.013 0 0 0
-3.263 -0.163 -0.062 0 0 0
1.513 7.638 6.312 0 0 0
-2.337 0.088 0.488 0 0 0
4.013 -0.188 -1.513 0 0 0
4.112 4.388 4.237 0 0 0
4.188 -5.763 0.013 0 0 0
0.338 -0.463 -0.288 0 0 0
-1.763 1.188 0.013 0 0 0
-2.188 -0.438 -0.513 0 0 0
0.537 1.438 -0.663 0 0 0
-3.388 0.163 -0.013 0 0 0
-3.263 -0.288 0.088 0 0 0
-3.638 2.087 -0.713 0 0 0
0.938 0.363 0.513 0 0 0
1.738 -7.688 5.438 0 0 0
-3.413 2.538 -0.438 0 0 0
0.763 1.312 0.013 0 0 0
-0.638 1.838 -1.088 0 0 0
0.163 0.537 0.363 0 0 0
-2.212 -0.138 -1.788 0 0 0
-13.538 5.888 8.088 0 0 0
0.888 -0.588 0.013 0 0 0
-1.913 0.138 1.038 0 0 0
0.963 -0.413 0.013 0 0 0
-1.763 0.038 0.138 0 0 0
-3.288 0.062 -0.038 0 0 0
-3.288 0.062 -0.013 0 0 0
-2.463 -2.388 -0.888 0 0 0
0.688 1.263 -1.012 0 0 0
-4.213 9.963 2.638 0 0 0
4.188 -5.013 0.013 0 0 0
-3.263 0.463 0.088 0 0 0
-0.138 0.663 0.088 0 0 0
-0.438 7.938 5.713 0 0 0
-0.238 -0.138 -1.438 0 0 0
-14.788 -7.513 0.863 0 0 0
-3.213 -0.338 -0.312 0 0 0
-3.388 1.213 0.213 0 0 0
0.663 -0.888 -1.012 0 0 0
-2.188 0.038 0.138 0 0 0
-3.288 0.812 -0.038 0 0 0
-3.288 0.812 -0.013 0 0 0
0.913 1.863 -0.338 0 0 0
-3.213 0.988 -0.038 0 0 0
-3.213 0.988 -0.013 0 0 0
-2.263 -1.588 0.013 0 0 0
-4.163 -1.788 0.537 0 0 0
-2.513 -0.238 -0.263 0 0 0
-0.663 -0.138 -1.438 0 0 0
0.738 1.238 0.013 0 0 0
-3.288 -0.338 0.088 0 0 0
2.938 5.838 8.338 0 0 0
3.713 -0.288 3.613 0 0 0
-2.863 1.113 -0.388 0 0 0
-13.338 -10.038 0.013 0 0 0
-3.413 1.438 0.238 0 0 0
3.888 -2.188 1.438 0 0 0
-5.638 6.988 8.338 0 0 0
0.562 -0.562 -0.738 0 0 0
-2.488 -6.513 0.013 0 0 0
-0.562 0.838 0.488 0 0 0
-3.188 -0.062 -1.038 0 0 0
-0.188 -0.288 -0.263 0 0 0
-2.087 -0.763 0.013 0 0 0
-5.788 -17.812 0.013 0 0 0
-2.087 2.588 0.013 0 0 0
-3.113 0.163 0.113 0 0 0
-5.663 -9.812 0.013 0 0 0
-5.238 -9.062 0.013 0 0 0
-2.513 -0.812 -1.137 0 0 0
-1.763 -0.062 -0.838 0 0 0
-17.213 -14.438 0.013 0 0 0
-2.913 -6.513 0.013 0 0 0
-6.338 8.037 5.888 0 0 0
0.788 0.088 1.088 0 0 0
-2.888 4.413 0.138 0 0 0
-4.713 14.213 7.638 0 0 0
-3.013 -0.838 -0.138 0 0 0
-1.888 2.288 -1.088 0 0 0
0.338 1.688 0.013 0 0 0
0.013 2.688 0.013 0 0 0
-3.388 1.288 0.238 0 0 0
-0.688 -0.763 -1.038 0 0 0
-2.113 0.013 -0.088 0 0 0
3.888 -3.163 1.963 0 0 0
-2.838 -0.488 -0.513 0 0 0
-13.763 -9.287 0.013 0 0 0
-5.663 -9.062 0.013 0 0 0
-2.713 1.688 0.013 0 0 0
-3.213 0.038 -0.013 0 0 0
-0.688 0.113 -1.188 0 0 0
-0.988 -1.088 -1.062 0 0 0
-1.588 -1.738 -0.938 0 0 0
-2.212 -0.213 -2.538 0 0 0
-13.413 5.663 7.888 0 0 0
-2.513 -6.562 0.013 0 0 0
4.263 4.288 4.062 0 0 0
3.863 -0.513 6.213 0 0 0
0.138 0.537 0.663 0 0 0
-12.913 1.763 16.387 0 0 0
-1.913 1.488 -1.088 0 0 0
-3.613 4.487 -1.288 0 0 0
4.237 3.613 4.588 0 0 0
-1.413 -1.088 -1.062 0 0 0
0.938 0.613 0.338 0 0 0
-2.062 5.888 7.863 0 0 0
3.788 -5.562 3.938 0 0 0
0.663 1.263 -0.713 0 0 0
-2.638 -0.213 -2.538 0 0 0
-0.113 -0.463 0.013 0 0 0
-15.088 1.763 16.038 0 0 0
-3.138 -1.062 -0.238 0 0 0
-0.513 1.688 0.013 0 0 0
-0.088 2.438 0.013 0 0 0
3.988 3.238 4.688 0 0 0
-16.688 5.863 8.513 0 0 0
-0.163 0.088 0.788 0 0 0
-3.238 0.688 0.013 0 0 0
-1.263 6.312 8.188 0 0 0
-3.263 -0.312 -0.113 0 0 0
-5.613 1.763 17.088 0 0 0
3.963 3.562 4.838 0 0 0
0.713 0.938 0.062 0 0 0
-2.513 -0.738 -1.113 0 0 0
-8.188 1.738 16.613 0 0 0
0.613 7.138 7.788 0 0 0
-0.938 1.688 0.013 0 0 0
0.788 -1.088 -1.062 0 0 0
-2.713 -1.638 -1.113 0 0 0
-0.588 0.088 0.788 0 0 0
0.213 -0.888 -0.988 0 0 0
-3.413 -17.562 0.013 0 0 0
3.812 0.663 7.138 0 0 0
-5.213 6.213 8.138 0 0 0
-2.938 -0.213 -2.663 0 0 0
-3.263 0.438 -0.113 0 0 0
3.388 0.838 8.812 0 0 0
-2.663 0.663 -0.338 0 0 0
-14.913 -14.388 0.013 0 0 0
-0.913 -0.838 -1.038 0 0 0
-6.388 -0.763 9.013 0 0 0
0.363 -0.463 -0.312 0 0 0
0.838 0.088 0.988 0 0 0
0.188 0.513 0.338 0 0 0
-3.288 0.213 0.163 0 0 0
3.838 -2.788 0.213 0 0 0
-0.213 -0.888 -0.988 0 0 0
3.288 -5.488 1.488 0 0 0
4.288 6.838 0.613 0 0 0
-0.663 -0.163 -1.638 0 0 0
3.812 -3.312 0.238 0 0 0
-1.338 -0.838 -1.038 0 0 0
-0.363 0.113 1.188 0 0 0
-3.163 0.213 0.038 0 0 0
-16.188 1.663 14.963 0 0 0
3.888 -1.688 -0.312 0 0 0
0.113 0.038 0.312 0 0 0
-8.238 -7.588 4.312 0 0 0
1.113 7.963 7.688 0 0 0
1.713 5.713 7.988 0 0 0
-1.663 3.138 0.013 0 0 0
-12.088 -10.138 0.013 0 0 0
-4.487 -7.388 3.463 0 0 0
-1.062 2.638 0.013 0 0 0
-16.788 5.913 8.162 0 0 0
0.038 -0.263 -0.062 0 0 0
-3.913 -0.138 -1.913 0 0 0
-3.688 -0.838 -1.113 0 0 0
-1.913 0.013 -0.138 0 0 0
3.312 0.863 9.088 0 0 0
-0.062 0.588 -0.062 0 0 0
-7.863 7.088 8.463 0 0 0
-0.838 -0.888 -0.988 0 0 0
-2.838 -0.812 -0.963 0 0 0
-7.788 -7.413 4.213 0 0 0
3.963 -0.213 2.688 0 0 0
-0.163 -1.338 -1.062 0 0 0
4.163 -3.613 0.013 0 0 0
-3.088 16.387 7.288 0 0 0
0.213 -1.088 -0.312 0 0 0
-3.963 -0.763 -1.012 0 0 0
-2.263 -2.163 -0.913 0 0 0
0.938 0.413 -0.263 0 0 0
-1.812 -1.562 0.013 0 0 0
-3.663 1.763 -0.863 0 0 0
-1.588 1.638 0.013 0 0 0
-3.088 0.163 0.088 0 0 0
3.863 -0.738 8.738 0 0 0
-1.238 7.088 7.988 0 0 0
0.613 -0.438 -0.263 0 0 0
3.638 -4.938 4.237 0 0 0
4.263 -7.663 0.013 0 0 0
-1.913 -0.138 -1.663 0 0 0
-3.312 0.013 0.062 0 0 0
-0.613 0.088 0.812 0 0 0
-3.763 6.863 8.138 0 0 0
0.238 0.513 0.238 0 0 0
-1.763 -0.763 -1.012 0 0 0
0.838 0.738 0.013 0 0 0
1.113 -0.312 -3.163 0 0 0
-8.037 5.738 7.688 0 0 0
-0.038 5.812 8.062 0 0 0
-5.062 14.213 9.638 0 0 0
-7.188 -9.188 0.013 0 0 0
0.913 0.938 0.013 0 0 0
-3.113 0.213 -0.062 0 0 0
-3.413 -1.012 -1.088 0 0 0
3.863 3.288 1.288 0 0 0
-3.188 -0.188 -2.212 0 0 0
-4.713 -7.438 3.463 0 0 0
0.562 -0.638 -0.763 0 0 0
-5.488 7.113 6.913 0 0 0
-1.888 0.038 0.263 0 0 0
-3.413 0.062 0.088 0 0 0
0.438 -0.763 9.088 0 0 0
-2.188 -0.763 -1.012 0 0 0
4.112 2.613 3.613 0 0 0
0.413 0.738 0.013 0 0 0
0.838 1.488 0.013 0 0 0
-2.113 0.062 0.413 0 0 0
-2.788 0.062 -0.763 0 0 0
-4.013 -7.488 3.513 0 0 0
-24.613 5.838 8.088 0 0 0
-1.763 -0.188 -2.013 0 0 0
-2.738 -0.138 -0.138 0 0 0
-7.913 -8.488 0.013 0 0 0
-0.763 -0.213 -2.363 0 0 0
0.913 0.388 -0.113 0 0 0
-0.388 0.838 0.738 0 0 0
-2.438 -0.238 -0.388 0 0 0
-2.613 -0.763 -1.012 0 0 0
-8.113 -15.913 0.013 0 0 0
0.738 -0.713 -1.012 0 0 0
0.113 0.588 0.388 0 0 0
0.113 -0.288 -0.138 0 0 0
4.062 2.688 3.363 0 0 0
0.913 -0.763 0.013 0 0 0
-6.812 7.062 8.013 0 0 0
-2.763 1.538 0.013 0 0 0
0.513 1.388 0.013 0 0 0
-2.663 -6.613 0.013 0 0 0
-3.263 0.013 -0.263 0 0 0
-4.038 10.438 1.513 0 0 0
4.062 2.312 0.288 0 0 0
-9.963 6.213 8.263 0 0 0
0.513 1.638 -0.888 0 0 0
0.288 0.938 0.013 0 0 0
-2.963 0.638 0.013 0 0 0
-1.838 0.113 -1.363 0 0 0
0.913 0.562 0.288 0 0 0
-3.388 1.338 -0.537 0 0 0
-3.238 0.288 0.088 0 0 0
-3.113 -1.663 -1.062 0 0 0
-2.438 -0.062 0.013 0 0 0
-0.788 1.513 -1.062 0 0 0
-4.463 -9.138 0.013 0 0 0
-3.613 1.938 -0.788 0 0 0
-8.238 8.062 6.562 0 0 0
-0.113 0.038 0.263 0 0 0
0.413 -1.137 -0.988 0 0 0
3.338 -5.113 1.663 0 0 0
0.763 0.463 -0.213 0 0 0
0.913 0.438 0.438 0 0 0
4.013 -0.338 -2.888 0 0 0
-0.463 0.113 1.012 0 0 0
-13.588 -8.838 0.013 0 0 0
0.888 -1.438 -0.213 0 0 0
-17.137 1.613 14.238 0 0 0
0.338 5.963 7.838 0 0 0
0.838 -0.088 -0.738 0 0 0
0.163 1.588 0.013 0 0 0
3.812 -5.538 3.263 0 0 0
4.163 2.888 3.538 0 0 0
-3.263 -0.388 -0.138 0 0 0
-1.188 -0.363 -3.888 0 0 0
4.288 7.113 -0.688 0 0 0
-2.863 1.288 0.013 0 0 0
0.888 0.763 -0.088 0 0 0
-2.663 0.088 -1.263 0 0 0
-21.113 1.088 8.438 0 0 0
0.888 -1.312 -0.963 0 0 0
0.113 0.062 0.663 0 0 0
0.238 1.463 -0.488 0 0 0
-3.263 0.938 0.138 0 0 0
0.413 -0.088 -0.738 0 0 0
-1.988 0.138 1.062 0 0 0
-10.663 5.688 7.263 0 0 0
1.838 5.863 8.062 0 0 0
0.263 0.888 0.013 0 0 0
0.613 -0.238 -2.263 0 0 0
0.312 -7.663 3.738 0 0 0
-3.413 1.738 -0.113 0 0 0
-3.263 3.138 0.263 0 0 0
3.513 -2.288 0.163 0 0 0
-2.337 5.938 7.738 0 0 0
3.763 -0.213 -1.738 0 0 0
3.188 -5.312 1.463 0 0 0
-0.438 -0.812 -1.012 0 0 0
0.562 -0.213 0.062 0 0 0
-5.812 -9.312 0.013 0 0 0
-5.312 1.763 17.213 0 0 0
-8.662 1.088 9.888 0 0 0
-3.363 0.238 0.388 0 0 0
-3.713 1.288 0.013 0 0 0
-0.613 0.062 0.613 0 0 0
-3.312 1.062 1.038 0 0 0
-2.538 12.188 7.488 0 0 0
-0.238 1.438 0.013 0 0 0
-16.963 -14.738 0.013 0 0 0
-3.213 1.488 -0.513 0 0 0
3.838 -2.988 0.338 0 0 0
4.237 4.688 6.513 0 0 0
0.363 -1.438 -1.113 0 0 0
-5.838 -10.138 0.013 0 0 0
-0.438 0.863 0.663 0 0 0
0.138 0.663 -0.088 0 0 0
-3.013 7.013 7.963 0 0 0
-2.363 -1.413 -1.088 0 0 0
0.213 0.838 -0.088 0 0 0
-0.888 1.588 0.013 0 0 0
-1.838 -1.088 -1.062 0 0 0
-0.163 -0.138 -1.363 0 0 0
-1.012 -0.188 -1.913 0 0 0
4.013 2.413 3.312 0 0 0
-3.263 -0.062 -1.012 0 0 0
2.513 -7.788 3.888 0 0 0
3.688 0.663 7.263 0 0 0
-20.638 -8.338 0.013 0 0 0
3.763 5.213 7.288 0 0 0
-2.212 -0.263 -0.338 0 0 0
-3.413 1.363 0.163 0 0 0
-0.338 -0.763 -1.012 0 0 0
-10.638 1.788 16.887 0 0 0
4.213 5.463 6.413 0 0 0
3.562 6.388 8.162 0 0 0
-10.163 5.688 7.938 0 0 0
0.088 7.113 8.013 0 0 0
-3.738 6.838 8.113 0 0 0
-3.613 10.013 2.713 0 0 0
-2.263 -1.088 -1.062 0 0 0
3.663 -0.288 3.812 0 0 0
-1.988 0.038 0.088 0 0 0
-4.112 -1.763 0.513 0 0 0
0.088 0.738 -0.338 0 0 0
-14.088 -7.088 3.788 0 0 0
-0.763 -0.763 -1.012 0 0 0
-1.113 3.238 0.013 0 0 0
-1.238 7.138 7.812 0 0 0
3.938 -0.338 3.938 0 0 0
-7.463 -7.188 4.737 0 0 0
-0.988 1.338 0.013 0 0 0
-0.913 1.513 0.013 0 0 0
-2.413 0.038 0.088 0 0 0
-2.488 -1.363 -0.938 0 0 0
-6.638 -2.013 0.263 0 0 0
3.238 0.938 9.938 0 0 0
-1.088 -1.613 -1.012 0 0 0
0.138 -1.213 -1.088 0 0 0
-0.188 -0.188 0.062 0 0 0
-8.338 5.888 7.763 0 0 0
-1.113 -0.138 -1.663 0 0 0
-3.513 -7.488 4.913 0 0 0
-0.113 0.588 -0.338 0 0 0
-1.188 -0.763 -1.012 0 0 0
-3.463 1.888 -0.338 0 0 0
1.038 -0.088 -0.788 0 0 0
-10.513 5.613 7.163 0 0 0
-0.663 5.663 8.013 0 0 0
-0.913 2.263 0.013 0 0 0
0.913 0.413 0.238 0 0 0
0.388 0.388 -0.288 0 0 0
-1.188 1.188 0.013 0 0 0
-1.513 -1.613 -1.012 0 0 0
-7.838 1.738 16.637 0 0 0
3.838 -5.613 2.688 0 0 0
0.312 -0.138 -1.463 0 0 0
-6.738 6.838 7.863 0 0 0
-1.638 2.238 0.013 0 0 0
-6.863 -1.838 0.138 0 0 0
0.812 0.863 0.363 0 0 0
-3.738 -17.538 0.013 0 0 0
-1.838 1.338 0.013 0 0 0
-3.138 1.038 -0.338 0 0 0
-2.588 -0.738 -1.088 0 0 0
0.488 -0.312 -0.288 0 0 0
0.738 -0.088 -0.913 0 0 0
-0.113 -0.138 -1.463 0 0 0
-12.588 -16.137 0.013 0 0 0
0.788 1.338 0.013 0 0 0
-12.613 15.688 6.062 0 0 0
-3.013 -0.213 -2.638 0 0 0
0.438 -1.863 -1.062 0 0 0
-1.438 1.263 0.013 0 0 0
-3.388 0.113 0.838 0 0 0
3.888 -4.338 2.562 0 0 0
0.888 -0.688 -0.263 0 0 0
2.788 5.913 8.188 0 0 0
-1.838 0.062 0.288 0 0 0
-14.638 -0.763 7.638 0 0 0
-7.613 -7.363 4.487 0 0 0
0.513 -1.663 -1.062 0 0 0
-0.537 -0.138 -1.463 0 0 0
3.938 3.263 0.413 0 0 0
-2.163 1.238 0.013 0 0 0
0.363 1.338 0.013 0 0 0
-10.963 5.838 7.938 0 0 0
-3.388 1.838 -0.288 0 0 0
4.163 4.413 5.163 0 0 0
-16.913 1.638 14.588 0 0 0
-10.038 -9.037 0.013 0 0 0
-7.513 -8.938 0.013 0 0 0
-0.138 0.562 -0.188 0 0 0
-2.188 -0.363 -0.388 0 0 0
0.963 -0.062 -0.513 0 0 0
0.263 -0.163 -1.562 0 0 0
-9.338 8.162 7.113 0 0 0
-2.038 -1.863 -1.012 0 0 0
0.913 0.488 0.263 0 0 0
-24.812 -9.037 0.013 0 0 0
0.138 -0.238 -0.138 0 0 0
0.463 0.638 0.013 0 0 0
0.888 1.388 0.013 0 0 0
-3.013 1.338 -0.812 0 0 0
-2.312 -1.788 -0.913 0 0 0
-2.863 -0.213 -2.588 0 0 0
0.537 -0.062 -0.513 0 0 0
2.812 -0.763 9.338 0 0 0
-0.838 -0.138 -1.588 0 0 0
-0.562 -0.888 -0.312 0 0 0
-2.863 -0.738 -1.038 0 0 0
-3.438 1.513 0.188 0 0 0
-3.263 0.988 -0.038 0 0 0
0.863 -7.463 4.362 0 0 0
0.463 1.388 0.013 0 0 0
-22.312 -6.388 0.013 0 0 0
-1.438 -0.213 -2.388 0 0 0
-3.288 -0.562 -0.013 0 0 0
0.238 8.013 6.938 0 0 0
-3.413 1.788 -0.288 0 0 0
-10.113 13.338 7.888 0 0 0
-4.163 -7.438 3.488 0 0 0
-1.938 -0.788 -0.988 0 0 0
-2.488 1.263 0.013 0 0 0
-6.263 1.763 17.038 0 0 0
4.088 6.562 8.138 0 0 0
-0.413 0.263 0.363 0 0 0
0.363 0.388 0.013 0 0 0
0.537 -7.888 4.388 0 0 0
0.863 1.312 0.013 0 0 0
-3.138 0.138 0.888 0 0 0
0.238 -0.338 0.013 0 0 0
0.363 -0.812 -1.012 0 0 0
2.488 -7.513 6.288 0 0 0
-7.963 -8.838 0.013 0 0 0
-10.613 1.788 16.863 0 0 0
-3.363 1.613 0.488 0 0 0
-2.363 -0.788 -0.988 0 0 0
-2.337 0.113 0.788 0 0 0
4.013 -0.163 -1.213 0 0 0
0.763 0.013 0.038 0 0 0
-22.213 -6.363 0.013 0 0 0
2.288 7.963 7.663 0 0 0
-5.463 -10.288 0.013 0 0 0
-3.312 0.938 -0.138 0 0 0
-2.087 1.213 0.013 0 0 0
0.988 -0.738 -0.988 0 0 0
0.438 1.312 0.013 0 0 0
-8.463 -0.763 8.988 0 0 0
-3.213 -0.488 -0.413 0 0 0
0.613 -0.238 -0.238 0 0 0
-8.188 -11.288 0.013 0 0 0
-2.288 0.312 0.013 0 0 0
-0.062 -0.812 -1.012 0 0 0
0.163 0.562 0.663 0 0 0
4.237 6.062 6.613 0 0 0
-3.363 1.488 0.638 0 0 0
-1.038 11.163 9.062 0 0 0
-13.413 5.562 7.613 0 0 0
-0.863 1.438 -1.062 0 0 0
-7.088 -7.213 5.588 0 0 0
-1.688 1.812 -1.088 0 0 0
-2.388 -1.613 -0.988 0 0 0
-1.763 0.062 0.438 0 0 0
-1.312 6.413 8.562 0 0 0
3.088 -0.663 8.113 0 0 0
0.038 -0.913 -1.012 0 0 0
4.062 -0.213 -1.613 0 0 0
0.013 1.312 0.013 0 0 0
-2.513 1.213 0.013 0 0 0
-0.088 -0.438 0.013 0 0 0
0.488 -0.638 -0.738 0 0 0
0.463 -0.613 -0.838 0 0 0
0.913 -0.463 -0.338 0 0 0
-3.363 1.213 0.613 0 0 0
0.338 -0.888 -1.012 0 0 0
3.838 -2.463 0.812 0 0 0
-3.388 1.238 0.513 0 0 0
-22.538 -6.463 0.013 0 0 0
-6.062 9.713 2.438 0 0 0
-3.188 0.113 0.788 0 0 0
-15.113 1.663 14.988 0 0 0
-2.638 0.812 -0.488 0 0 0
-0.388 -0.913 -1.012 0 0 0
-1.463 -0.788 -1.088 0 0 0
0.338 0.488 0.413 0 0 0
-3.238 -1.438 0.013 0 0 0
-2.062 0.062 0.312 0 0 0
-19.663 1.012 7.863 0 0 0
-0.838 -0.213 -2.337 0 0 0
-3.588 5.988 7.812 0 0 0
-1.663 -1.688 -1.088 0 0 0
0.238 -0.263 0.038 0 0 0
0.562 1.338 -0.713 0 0 0
-3.888 -1.988 0.488 0 0 0
0.913 0.738 0.088 0 0 0
-3.113 0.013 0.013 0 0 0
-3.088 1.012 0.413 0 0 0
-3.312 -0.888 0.013 0 0 0
-1.263 -0.188 -1.938 0 0 0
-1.488 -0.888 -1.038 0 0 0
-1.888 -0.788 -1.088 0 0 0
-1.663 -1.812 -0.938 0 0 0
-7.938 7.163 7.913 0 0 0
4.163 4.688 4.463 0 0 0
-2.288 6.438 7.888 0 0 0
-3.388 -2.838 -0.613 0 0 0
1.613 -7.812 3.062 0 0 0
0.488 -0.288 0.062 0 0 0
0.913 0.463 0.062 0 0 0
0.838 -0.938 -0.963 0 0 0
-0.738 1.213 0.013 0 0 0
-12.363 -7.338 1.413 0 0 0
-0.188 0.613 -0.113 0 0 0
0.188 7.038 6.838 0 0 0
-3.238 3.113 -0.238 0 0 0
-2.713 -7.638 5.062 0 0 0
-0.188 0.038 0.288 0 0 0
-14.263 -0.763 9.162 0 0 0
3.913 6.613 8.188 0 0 0
-3.263 3.138 -0.338 0 0 0
0.638 -0.788 9.312 0 0 0
-3.338 -1.688 0.013 0 0 0
0.913 0.338 0.213 0 0 0
-1.838 -0.113 -1.438 0 0 0
0.163 -0.163 -1.738 0 0 0
0.338 -0.812 -0.988 0 0 0
0.913 0.638 0.463 0 0 0
0.388 -0.413 -0.088 0 0 0
0.812 -0.138 -1.338 0 0 0
0.213 0.562 0.562 0 0 0
0.963 -0.238 -2.238 0 0 0
3.888 -3.138 2.263 0 0 0
-0.888 -0.238 -2.438 0 0 0
3.738 0.713 7.663 0 0 0
-1.613 0.088 0.638 0 0 0
-11.963 -11.538 0.013 0 0 0
0.138 5.863 8.138 0 0 0
3.763 5.763 2.013 0 0 0
-3.363 -10.388 0.013 0 0 0
-9.988 6.763 8.088 0 0 0
-1.312 1.588 0.013 0 0 0
0.638 1.263 -0.663 0 0 0
3.388 0.788 8.412 0 0 0
0.913 0.513 0.613 0 0 0
-11.688 7.988 6.988 0 0 0
-3.163 -1.213 -1.113 0 0 0
-3.538 1.513 0.013 0 0 0
-0.088 -0.812 -0.988 0 0 0
-3.338 0.388 0.288 0 0 0
0.388 -0.138 -1.338 0 0 0
0.062 -7.838 4.312 0 0 0
-12.913 -10.838 0.013 0 0 0
0.537 -0.238 -2.238 0 0 0
0.812 0.088 0.888 0 0 0
-1.638 1.713 -1.038 0 0 0
0.738 -0.438 -0.288 0 0 0
-3.338 0.688 0.537 0 0 0
3.663 0.463 5.238 0 0 0
-4.213 -7.363 4.237 0 0 0
-3.613 -1.012 -0.213 0 0 0
-2.838 0.113 -1.213 0 0 0
-0.388 0.113 1.088 0 0 0
3.562 -6.963 5.088 0 0 0
-0.513 -0.812 -0.988 0 0 0
-6.963 -10.338 0.013 0 0 0
-12.913 -10.088 0.013 0 0 0
-0.613 -1.688 -1.137 0 0 0
-0.562 -0.263 -0.213 0 0 0
-3.413 1.663 -0.188 0 0 0
3.688 2.788 0.013 0 0 0
-1.988 -0.163 -1.838 0 0 0
3.788 -2.013 0.013 0 0 0
-1.638 -0.738 -1.038 0 0 0
-11.812 13.913 8.287 0 0 0
-3.363 1.463 0.438 0 0 0
0.688 -0.638 -0.788 0 0 0
0.138 -0.312 -0.163 0 0 0
-0.938 -0.812 -0.988 0 0 0
-1.913 0.138 1.137 0 0 0
-1.988 1.663 0.013 0 0 0
0.188 5.838 7.812 0 0 0
0.888 0.738 0.388 0 0 0
-1.788 -1.388 0.013 0 0 0
0.613 -0.088 -0.788 0 0 0
-6.038 1.788 17.387 0 0 0
-2.638 0.088 0.463 0 0 0
4.288 -6.888 0.013 0 0 0
1.463 -7.763 4.362 0 0 0
-4.612 8.138 5.938 0 0 0
0.913 0.588 0.638 0 0 0
4.288 5.388 5.938 0 0 0
0.863 1.938 0.113 0 0 0
4.237 6.513 6.312 0 0 0
3.913 5.663 7.588 0 0 0
0.838 3.888 5.513 0 0 0
-0.062 -0.312 -0.163 0 0 0
-2.062 0.038 0.113 0 0 0
4.188 -7.888 0.013 0 0 0
-3.713 15.488 8.787 0 0 0
0.863 -0.713 -1.038 0 0 0
-2.763 -0.062 -0.938 0 0 0
1.263 -0.788 9.263 0 0 0
1.888 7.938 7.638 0 0 0
0.913 0.713 -0.113 0 0 0
-4.413 7.363 7.613 0 0 0
-3.438 0.163 1.113 0 0 0
-10.812 8.213 7.188 0 0 0
-2.288 0.062 0.263 0 0 0
4.088 -3.688 0.013 0 0 0
-1.062 -0.213 -2.388 0 0 0
0.812 0.863 -0.238 0 0 0
0.888 0.338 0.513 0 0 0
2.513 5.963 8.287 0 0 0
-3.138 0.013 -0.288 0 0 0
-9.788 -10.863 0.013 0 0 0
-4.588 7.312 7.562 0 0 0
-3.312 1.613 1.113 0 0 0
0.138 -0.738 -1.038 0 0 0
-3.338 0.013 -0.038 0 0 0
4.163 3.788 4.413 0 0 0
-1.988 3.163 0.013 0 0 0
-25.388 6.663 8.188 0 0 0
0.363 -0.888 -1.038 0 0 0
3.838 -5.013 2.588 0 0 0
3.963 2.062 0.913 0 0 0
-3.312 0.413 0.088 0 0 0
4.013 -0.288 -2.388 0 0 0
-7.562 -10.038 0.013 0 0 0
-2.188 -0.938 0.013 0 0 0
3.988 1.863 0.013 0 0 0
-14.963 1.638 14.838 0 0 0
-19.113 -8.113 0.013 0 0 0
-2.113 -0.738 0.013 0 0 0
-1.088 1.513 -1.088 0 0 0
-10.538 5.562 7.988 0 0 0
-0.062 -0.888 -1.038 0 0 0
-2.188 -0.188 0.013 0 0 0
-1.463 3.038 -0.988 0 0 0
0.788 -0.537 -0.238 0 0 0
-3.238 -0.238 -0.288 0 0 0
-1.788 -1.488 -0.963 0 0 0
-2.538 2.613 0.013 0 0 0
3.513 -9.138 0.013 0 0 0
-3.863 2.038 -0.688 0 0 0
-4.038 -7.463 4.838 0 0 0
0.363 0.613 -0.363 0 0 0
0.938 0.438 0.038 0 0 0
-6.988 8.213 7.138 0 0 0
-14.338 1.088 9.238 0 0 0
-1.513 1.513 -1.088 0 0 0
-2.738 1.713 0.013 0 0 0
-3.088 5.788 7.812 0 0 0
-10.188 5.688 7.638 0 0 0
-0.488 -0.888 -1.038 0 0 0
0.738 1.263 -1.012 0 0 0
-1.388 -1.413 -1.113 0 0 0
-3.388 1.163 0.488 0 0 0
-7.913 -9.113 0.013 0 0 0
-1.913 1.663 0.013 0 0 0
-3.013 -2.163 -0.913 0 0 0
-0.038 5.663 7.963 0 0 0
0.913 0.788 -0.088 0 0 0
-2.212 -0.988 0.013 0 0 0
-7.038 5.713 8.162 0 0 0
3.863 -1.812 1.562 0 0 0
-3.312 -1.463 -0.913 0 0 0
4.163 5.062 6.213 0 0 0
-2.913 -0.113 -1.413 0 0 0
3.863 -2.388 1.963 0 0 0
-5.363 -9.287 0.013 0 0 0
-2.838 0.713 0.013 0 0 0
-2.413 1.463 0.013 0 0 0
-4.763 13.488 8.787 0 0 0
-0.988 -0.763 -1.062 0 0 0
-6.688 -7.338 1.363 0 0 0
3.438 0.688 7.338 0 0 0
0.213 -0.438 0.138 0 0 0
3.788 -5.163 2.638 0 0 0
-2.688 -2.413 -0.913 0 0 0
-8.763 5.988 8.088 0 0 0
-3.388 1.338 0.888 0 0 0
-3.438 -0.663 0.363 0 0 0
3.312 -7.288 2.863 0 0 0
-0.113 -0.888 0.013 0 0 0
3.413 -9.388 0.013 0 0 0
-10.013 -7.238 1.863 0 0 0
-3.138 4.288 -1.163 0 0 0
-5.788 -9.287 0.013 0 0 0
-2.263 -0.188 -0.188 0 0 0
0.113 2.312 0.013 0 0 0
-2.562 2.562 0.013 0 0 0
-4.688 1.038 9.963 0 0 0
-5.613 -10.562 0.013 0 0 0
-0.338 0.013 0.013 0 0 0
0.812 -0.088 -0.838 0 0 0
0.463 -0.338 -0.062 0 0 0
-0.038 -0.138 -1.388 0 0 0
3.938 -4.487 1.463 0 0 0
-3.438 0.088 0.363 0 0 0
-3.312 0.663 0.513 0 0 0
0.188 -0.688 0.013 0 0 0
-2.438 2.062 -1.088 0 0 0
-3.263 -0.438 0.138 0 0 0
0.763 -0.438 -0.312 0 0 0
-2.938 -0.213 -2.562 0 0 0
-3.363 -0.288 0.013 0 0 0
-8.738 -9.388 0.013 0 0 0
-8.312 5.863 7.738 0 0 0
-3.138 1.012 0.138 0 0 0
3.913 -3.588 1.213 0 0 0
-2.888 -0.638 -0.363 0 0 0
-2.838 2.212 0.013 0 0 0
-3.263 1.463 0.013 0 0 0
-0.488 -0.812 -1.012 0 0 0
0.413 -1.012 -0.988 0 0 0
-2.863 0.663 0.013 0 0 0
0.562 0.438 -0.213 0 0 0
0.388 -0.088 -0.838 0 0 0
-6.838 -7.238 5.613 0 0 0
-1.863 0.038 0.062 0 0 0
0.188 0.062 0.013 0 0 0
-0.638 1.463 0.013 0 0 0
-3.013 -2.087 -0.888 0 0 0
0.863 0.463 -0.213 0 0 0
-2.613 -1.312 -0.988 0 0 0
0.738 -1.263 -0.312 0 0 0
-3.363 0.463 0.013 0 0 0
-2.763 0.062 -0.963 0 0 0
-3.263 2.212 0.013 0 0 0
-0.312 -0.738 -1.012 0 0 0
-0.562 1.663 0.013 0 0 0
-0.238 -0.238 -0.238 0 0 0
-2.812 -1.312 -0.738 0 0 0
-2.038 -1.188 -1.088 0 0 0
-3.263 -0.988 0.013 0 0 0
-1.913 -0.038 -0.588 0 0 0
-3.338 0.738 0.363 0 0 0
-3.163 0.213 0.138 0 0 0
-0.088 -0.888 -1.012 0 0 0
-3.363 1.788 0.288 0 0 0
-1.538 -1.738 -0.938 0 0 0
-0.488 0.863 0.663 0 0 0
3.888 -3.088 1.488 0 0 0
-0.113 0.638 0.163 0 0 0
0.788 1.438 -0.938 0 0 0
-3.363 -0.688 0.138 0 0 0
-6.963 -7.388 4.213 0 0 0
-1.062 1.463 0.013 0 0 0
-0.537 -0.163 -1.663 0 0 0
-0.963 -1.613 -1.038 0 0 0
-2.562 -0.763 -1.113 0 0 0
-3.338 0.613 0.513 0 0 0
0.738 -0.513 -0.312 0 0 0
-3.363 1.213 0.013 0 0 0
0.338 -0.413 -0.363 0 0 0
-0.738 -0.738 -1.012 0 0 0
-8.963 -7.413 1.413 0 0 0
-2.463 -1.188 -1.088 0 0 0
-1.863 -0.113 -1.463 0 0 0
3.938 -5.438 2.138 0 0 0
3.812 4.038 1.488 0 0 0
-0.938 1.713 -1.012 0 0 0
-3.413 0.163 1.163 0 0 0
-2.062 -1.588 -1.062 0 0 0
-2.812 -0.838 -0.088 0 0 0
-2.388 -0.088 -0.088 0 0 0
0.038 -0.263 0.038 0 0 0
-2.988 -0.763 -1.113 0 0 0
-5.938 -9.162 0.013 0 0 0
-0.088 0.613 -0.338 0 0 0
-1.163 -0.738 -1.012 0 0 0
-1.913 0.013 -0.013 0 0 0
-2.888 -1.188 -1.088 0 0 0
-10.638 8.113 5.988 0 0 0
4.188 5.463 7.138 0 0 0
0.263 0.038 0.463 0 0 0
-1.363 1.713 -1.012 0 0 0
-10.088 11.938 7.038 0 0 0
3.763 -1.913 -0.312 0 0 0
-3.363 1.688 0.663 0 0 0
-3.213 0.163 0.038 0 0 0
-2.062 -0.838 -1.062 0 0 0
-3.488 -0.088 -1.263 0 0 0
-2.337 -0.188 -2.113 0 0 0
3.988 -0.213 -1.588 0 0 0
0.938 0.413 -0.163 0 0 0
-2.363 -2.013 -0.938 0 0 0
-3.888 1.488 -0.863 0 0 0
-0.163 0.613 0.062 0 0 0
3.413 6.113 8.162 0 0 0
3.763 -0.188 -1.438 0 0 0
-0.163 0.038 0.463 0 0 0
-3.363 1.562 0.812 0 0 0
-25.138 5.613 7.788 0 0 0
-3.413 0.213 1.713 0 0 0
-1.613 1.663 0.013 0 0 0
4.188 4.438 5.763 0 0 0
0.838 0.863 -0.013 0 0 0
-2.312 -0.312 -0.438 0 0 0
-0.788 0.113 -1.263 0 0 0
-3.562 1.788 -0.988 0 0 0
4.138 3.413 3.713 0 0 0
-0.613 0.088 0.913 0 0 0
-2.087 -1.638 -1.062 0 0 0
0.413 -0.463 -0.312 0 0 0
-0.238 -1.062 -0.988 0 0 0
0.238 0.513 0.338 0 0 0
-1.562 -1.312 -1.038 0 0 0
-3.312 0.463 -0.088 0 0 0
-18.288 -9.312 0.013 0 0 0
-3.213 -1.588 -1.113 0 0 0
-0.088 -7.788 4.288 0 0 0
-3.238 3.138 0.062 0 0 0
-16.863 6.538 8.812 0 0 0
3.988 4.237 4.612 0 0 0
-3.288 0.913 0.438 0 0 0
0.588 0.338 -0.263 0 0 0
0.913 1.963 0.138 0 0 0
0.263 1.363 -0.537 0 0 0
3.938 -3.363 1.137 0 0 0
3.838 5.863 8.213 0 0 0
-5.038 -7.263 4.863 0 0 0
-2.038 0.138 1.263 0 0 0
4.163 -5.738 0.013 0 0 0
-3.312 0.338 0.062 0 0 0
4.112 -10.188 0.013 0 0 0
-0.388 9.788 2.888 0 0 0
-1.988 -1.312 -1.038 0 0 0
0.913 0.812 0.263 0 0 0
0.388 -0.238 -0.288 0 0 0
-0.713 -0.138 -1.613 0 0 0
-1.613 3.163 0.013 0 0 0
-3.312 0.638 0.312 0 0 0
-1.488 1.263 0.013 0 0 0
0.213 10.688 1.513 0 0 0
0.788 -0.038 0.013 0 0 0
-5.312 16.338 6.263 0 0 0
-4.988 6.913 7.812 0 0 0
3.888 -2.087 1.913 0 0 0
-12.188 6.663 8.013 0 0 0
-9.363 1.038 9.287 0 0 0
-1.988 0.062 0.388 0 0 0
0.562 -0.463 -0.263 0 0 0
-2.388 -1.338 -0.938 0 0 0
-7.812 -10.363 0.013 0 0 0
-3.288 5.838 7.888 0 0 0
-1.137 -0.138 -1.613 0 0 0
4.088 3.413 4.763 0 0 0
0.562 0.863 0.013 0 0 0
0.238 -0.788 -1.062 0 0 0
0.312 0.038 0.363 0 0 0
2.263 -7.663 5.463 0 0 0
-0.562 5.688 8.013 0 0 0
-2.413 0.062 0.388 0 0 0
-3.263 0.013 -0.163 0 0 0
-3.538 4.713 -1.363 0 0 0
-8.537 14.613 7.812 0 0 0
-1.438 -0.138 -1.663 0 0 0
3.888 -1.513 0.913 0 0 0
-2.363 -0.163 -0.138 0 0 0
-3.062 6.438 8.562 0 0 0
3.088 5.763 8.213 0 0 0
0.713 1.263 0.013 0 0 0
-0.188 -0.788 -1.062 0 0 0
-10.963 -11.363 0.013 0 0 0
-0.113 0.038 0.363 0 0 0
-1.238 -7.363 4.263 0 0 0
-1.613 7.088 7.763 0 0 0
-2.438 -0.488 0.013 0 0 0
-1.738 1.363 0.013 0 0 0
0.363 0.713 0.013 0 0 0
-0.763 -0.163 -1.713 0 0 0
0.788 0.888 0.413 0 0 0
0.913 0.438 0.537 0 0 0
-2.363 -6.838 0.013 0 0 0
-0.463 0.113 1.113 0 0 0
-1.863 -0.138 -1.663 0 0 0
3.363 0.713 7.562 0 0 0
-3.138 -1.763 -0.913 0 0 0
-7.413 -11.013 0.013 0 0 0
-1.838 0.038 0.038 0 0 0
-3.213 -0.013 -0.562 0 0 0
-1.012 -0.788 9.062 0 0 0
-10.713 -0.788 8.238 0 0 0
0.288 1.263 0.013 0 0 0
4.013 3.538 4.413 0 0 0
-1.488 -0.213 -2.388 0 0 0
-3.288 0.088 -0.312 0 0 0
-1.838 -1.163 -0.988 0 0 0
-7.838 -10.413 0.013 0 0 0
0.263 -0.288 0.013 0 0 0
-3.263 -0.388 -0.013 0 0 0
-2.163 1.363 0.013 0 0 0
-1.038 -1.213 -1.088 0 0 0
-3.713 -2.688 -0.013 0 0 0
3.963 3.488 4.913 0 0 0
-15.413 -0.738 7.388 0 0 0
0.312 1.363 -0.638 0 0 0
-2.288 -0.138 -1.663 0 0 0
0.113 0.062 0.763 0 0 0
0.263 0.013 0.263 0 0 0
-2.138 8.113 7.488 0 0 0
0.613 -0.638 -0.763 0 0 0
-2.263 0.038 0.038 0 0 0
-3.288 -0.038 -0.163 0 0 0
-6.062 6.113 8.062 0 0 0
-3.363 0.062 0.088 0 0 0
4.163 2.763 3.788 0 0 0
-0.038 -0.788 -1.012 0 0 0
-0.013 -0.788 -1.012 0 0 0
0.463 0.463 -0.238 0 0 0
3.988 4.213 5.688 0 0 0
-1.538 -1.413 -1.088 0 0 0
0.238 0.062 0.638 0 0 0
-7.663 6.388 8.388 0 0 0
-0.713 0.113 -1.188 0 0 0
0.263 3.812 0.013 0 0 0
0.188 0.562 0.263 0 0 0
0.238 1.338 -0.238 0 0 0
-12.312 6.913 7.888 0 0 0
-4.788 -10.263 0.013 0 0 0
-1.938 5.838 7.888 0 0 0
4.288 6.938 2.363 0 0 0
-1.562 -0.238 -2.513 0 0 0
-3.113 -0.863 -0.413 0 0 0
-0.488 7.538 7.938 0 0 0
-3.312 0.713 -0.263 0 0 0
-3.413 0.188 1.513 0 0 0
0.038 1.363 0.013 0 0 0
4.288 6.763 1.363 0 0 0
3.763 -3.363 -0.488 0 0 0
0.438 -0.363 -0.238 0 0 0
-2.488 -9.263 0.013 0 0 0
-1.913 -0.163 -1.763 0 0 0
-4.463 6.463 7.888 0 0 0
-0.013 0.013 0.138 0 0 0
-0.238 -0.938 -1.012 0 0 0
-0.038 0.013 0.138 0 0 0
-0.938 -2.038 -0.938 0 0 0
0.888 0.812 0.562 0 0 0
0.363 -0.238 0.013 0 0 0
-0.438 8.062 7.812 0 0 0
-2.838 -2.388 -0.888 0 0 0
0.963 1.863 -0.338 0 0 0
-5.513 -9.562 0.013 0 0 0
-14.562 -9.812 0.013 0 0 0
-5.963 7.138 6.938 0 0 0
-3.363 0.113 0.638 0 0 0
-0.388 1.363 0.013 0 0 0
3.738 0.738 8.013 0 0 0
-3.338 1.413 1.012 0 0 0
-4.888 6.463 7.888 0 0 0
-3.213 7.013 8.312 0 0 0
-0.738 1.513 -1.062 0 0 0
-6.738 7.088 8.438 0 0 0
-0.488 -0.988 0.013 0 0 0
-2.562 0.088 0.537 0 0 0
-1.763 -0.913 -0.963 0 0 0
0.288 -0.888 -1.012 0 0 0
3.062 -7.138 6.038 0 0 0
-6.138 15.988 7.188 0 0 0
-6.863 7.088 8.037 0 0 0
0.062 0.638 0.413 0 0 0
-7.688 1.788 17.137 0 0 0
0.463 -0.088 -0.963 0 0 0
0.513 -0.263 0.062 0 0 0
-5.863 -9.363 0.013 0 0 0
-2.288 -0.238 -2.638 0 0 0
3.338 5.963 7.988 0 0 0
4.188 2.488 3.413 0 0 0
-3.888 -2.212 0.363 0 0 0
-3.638 7.013 8.312 0 0 0
-1.163 1.513 -1.062 0 0 0
-0.537 0.863 0.388 0 0 0
-6.913 1.763 16.938 0 0 0
4.237 3.038 3.812 0 0 0
-1.163 -0.788 9.213 0 0 0
-3.213 3.388 -1.137 0 0 0
4.038 4.513 5.613 0 0 0
-1.188 0.088 -1.288 0 0 0
-2.238 -0.363 -0.188 0 0 0
4.188 2.938 3.163 0 0 0
-2.863 -0.537 -0.338 0 0 0
0.863 -0.213 -2.113 0 0 0
0.738 0.913 0.338 0 0 0
0.188 -7.663 5.288 0 0 0
4.013 3.663 4.988 0 0 0
-3.438 -0.363 0.013 0 0 0
-9.412 5.738 8.213 0 0 0
-3.413 0.088 0.537 0 0 0
-2.688 -0.788 -0.988 0 0 0
0.038 -0.788 -1.012 0 0 0
4.188 3.288 4.562 0 0 0
-0.713 -0.312 -3.338 0 0 0
-0.113 -0.288 -0.088 0 0 0
-3.338 -0.463 0.013 0 0 0
0.388 0.513 -0.338 0 0 0
3.763 -3.613 3.163 0 0 0
-14.863 5.588 6.938 0 0 0
-3.263 -0.138 -0.213 0 0 0
-20.538 -8.713 0.013 0 0 0
0.913 0.413 0.338 0 0 0
-1.288 -0.213 -2.438 0 0 0
-3.113 -0.788 -0.988 0 0 0
-1.913 0.088 -1.338 0 0 0
-1.062 -0.763 -1.038 0 0 0
-0.388 -0.788 -1.012 0 0 0
-1.137 -0.312 -3.338 0 0 0
-0.438 -0.263 -0.238 0 0 0
-6.888 -2.238 0.113 0 0 0
-1.963 -1.738 -0.938 0 0 0
-3.312 0.688 0.138 0 0 0
-1.388 -1.613 -1.038 0 0 0
4.062 -0.188 -1.312 0 0 0
0.812 -2.087 -0.938 0 0 0
-1.713 -0.213 -2.438 0 0 0
4.138 3.513 4.088 0 0 0
-1.488 -0.763 -1.038 0 0 0
3.863 4.538 1.638 0 0 0
-0.562 0.113 0.938 0 0 0
4.213 4.338 5.513 0 0 0
0.238 0.613 0.713 0 0 0
-9.562 -9.562 0.013 0 0 0
-2.263 0.013 -0.163 0 0 0
-4.188 -10.363 0.013 0 0 0
-3.312 0.562 0.288 0 0 0
0.763 0.088 0.888 0 0 0
-3.038 -2.013 -0.963 0 0 0
3.463 -6.763 4.938 0 0 0
0.688 -0.163 -1.463 0 0 0
4.138 4.312 5.913 0 0 0
-3.438 1.613 -0.088 0 0 0
4.213 -6.738 0.013 0 0 0
-1.838 0.062 0.388 0 0 0
3.938 -1.938 1.788 0 0 0
3.988 2.413 3.438 0 0 0
-2.588 7.138 8.037 0 0 0
-0.788 5.763 7.988 0 0 0
0.913 -0.888 -1.062 0 0 0
3.588 -0.363 4.487 0 0 0
-3.312 0.738 0.688 0 0 0
0.438 -0.088 -0.938 0 0 0
-8.263 7.188 7.913 0 0 0
0.413 -1.088 -1.062 0 0 0
-0.288 7.113 8.013 0 0 0
-1.812 7.138 7.838 0 0 0
-2.863 -1.488 -0.938 0 0 0
0.913 0.488 0.363 0 0 0
-7.763 -0.763 8.213 0 0 0
0.138 -0.238 -0.013 0 0 0
-3.263 0.238 0.062 0 0 0
-15.238 1.163 9.788 0 0 0
-7.263 1.763 16.938 0 0 0
-1.538 2.588 0.013 0 0 0
-6.812 -11.312 0.013 0 0 0
0.913 0.363 0.513 0 0 0
-2.562 0.062 0.338 0 0 0
-0.838 -0.138 -1.488 0 0 0
0.288 0.113 -1.188 0 0 0
-3.288 0.588 -0.062 0 0 0
-6.463 6.963 7.888 0 0 0
-1.363 -8.562 0.013 0 0 0
-22.188 4.112 5.888 0 0 0
0.888 0.688 0.663 0 0 0
-10.213 5.888 7.688 0 0 0
-1.963 2.588 0.013 0 0 0
-12.138 14.588 7.788 0 0 0
-2.463 0.088 0.113 0 0 0
0.638 -0.613 -0.238 0 0 0
-2.812 7.888 6.513 0 0 0
-0.163 -0.238 -0.163 0 0 0
-3.363 -0.062 -1.088 0 0 0
-4.413 -10.413 0.013 0 0 0
-1.888 -0.413 0.013 0 0 0
0.188 0.038 0.488 0 0 0
-10.513 -9.812 0.013 0 0 0
-2.438 4.237 -1.163 0 0 0
-12.562 -7.288 2.113 0 0 0
0.838 1.338 0.013 0 0 0
4.213 4.413 4.938 0 0 0
-6.088 5.488 7.663 0 0 0
-0.263 -0.988 -1.062 0 0 0
0.613 0.088 1.038 0 0 0
0.963 -0.562 0.013 0 0 0
0.263 -0.788 9.213 0 0 0
-3.038 1.738 -0.288 0 0 0
4.188 -5.163 0.013 0 0 0
-11.238 -9.113 0.013 0 0 0
-2.288 0.013 -0.138 0 0 0
-22.163 -5.538 0.013 0 0 0
0.963 -0.738 -0.988 0 0 0
0.938 0.338 -0.238 0 0 0
-3.413 -0.838 -1.188 0 0 0
0.338 -0.438 0.113 0 0 0
-3.312 0.938 -0.038 0 0 0
-3.312 0.938 -0.013 0 0 0
-5.062 -9.513 0.013 0 0 0
-3.413 -0.788 -0.038 0 0 0
-2.588 -0.763 8.838 0 0 0
-13.838 7.288 7.188 0 0 0
-2.463 -1.788 -0.888 0 0 0
-1.288 -0.763 -1.088 0 0 0
3.663 0.763 8.238 0 0 0
-2.388 -0.738 -1.038 0 0 0
0.138 10.038 8.988 0 0 0
-0.537 0.038 0.363 0 0 0
-2.212 0.238 0.013 0 0 0
-5.488 -9.513 0.013 0 0 0
-11.438 -9.263 0.013 0 0 0
3.888 -3.513 2.087 0 0 0
0.913 0.562 -0.213 0 0 0
0.513 0.663 -0.263 0 0 0
-4.938 -7.513 3.488 0 0 0
-7.713 14.413 7.713 0 0 0
0.113 -0.562 0.013 0 0 0
-2.062 -1.312 -1.012 0 0 0
4.062 3.038 4.263 0 0 0
0.812 1.288 0.013 0 0 0
-19.238 4.288 5.312 0 0 0
-3.413 1.288 0.238 0 0 0
3.763 -3.388 0.038 0 0 0
4.038 3.062 4.163 0 0 0
-2.163 -0.413 -0.613 0 0 0
-2.337 -0.463 0.013 0 0 0
4.138 5.488 6.738 0 0 0
-2.238 -0.312 -0.363 0 0 0
-3.088 -2.688 -0.888 0 0 0
0.938 0.388 0.312 0 0 0
-8.013 -8.888 0.013 0 0 0
-1.413 -7.388 4.288 0 0 0
3.738 -0.213 2.738 0 0 0
4.138 4.288 5.713 0 0 0
0.863 0.812 0.537 0 0 0
-3.438 1.588 -0.288 0 0 0
-2.413 0.088 0.013 0 0 0
1.163 -0.062 -0.463 0 0 0
0.388 1.288 0.013 0 0 0
-25.088 -9.138 0.013 0 0 0
-3.263 0.488 -0.113 0 0 0
-3.413 2.038 0.238 0 0 0
-2.613 2.538 0.013 0 0 0
0.438 0.513 0.288 0 0 0
2.337 7.963 7.438 0 0 0
-2.263 -0.163 -1.888 0 0 0
0.062 0.562 -0.213 0 0 0
0.038 0.062 0.638 0 0 0
-0.138 -0.463 0.013 0 0 0
-3.388 -0.938 -0.638 0 0 0
-0.613 -0.738 -1.038 0 0 0
4.263 4.413 4.838 0 0 0
-3.263 3.138 -0.238 0 0 0
-22.588 -6.488 0.013 0 0 0
-3.062 0.988 0.013 0 0 0
-3.513 5.938 8.213 0 0 0
0.913 0.338 0.312 0 0 0
-1.838 -0.113 -1.338 0 0 0
-0.838 -0.163 -1.688 0 0 0
0.188 0.863 -0.088 0 0 0
4.112 4.088 5.463 0 0 0
4.013 5.562 6.888 0 0 0
-2.863 -0.763 -1.137 0 0 0
-3.138 -1.812 0.013 0 0 0
0.513 -1.338 -1.113 0 0 0
0.812 -0.138 -1.238 0 0 0
-0.038 -0.188 -1.788 0 0 0
-1.613 0.088 0.738 0 0 0
-2.413 -0.763 -0.963 0 0 0
0.537 -0.938 -0.988 0 0 0
-4.763 6.888 7.788 0 0 0
0.438 -0.062 -0.588 0 0 0
-2.988 -0.537 -0.213 0 0 0
-0.113 -0.613 0.013 0 0 0
3.963 -0.288 3.438 0 0 0
-4.538 6.888 7.788 0 0 0
0.038 0.513 -0.213 0 0 0
-1.913 2.087 -1.088 0 0 0
0.812 0.088 0.988 0 0 0
-3.263 -0.463 -0.113 0 0 0
2.538 5.562 7.738 0 0 0
0.113 -0.938 -0.988 0 0 0
-10.388 1.113 9.963 0 0 0
-0.388 0.113 1.188 0 0 0
-13.312 1.713 15.738 0 0 0
-2.562 2.238 -1.088 0 0 0
-0.038 0.488 0.188 0 0 0
0.088 0.038 0.312 0 0 0
-2.413 6.388 8.287 0 0 0
-3.812 -2.463 0.013 0 0 0
-3.738 -0.863 -1.012 0 0 0
0.863 -0.438 -0.312 0 0 0
4.312 7.663 1.538 0 0 0
-2.812 -0.038 -0.863 0 0 0
-5.138 7.238 7.013 0 0 0
4.237 2.888 3.713 0 0 0
-11.938 -7.288 5.413 0 0 0
4.013 4.088 4.487 0 0 0
-3.338 0.988 9.638 0 0 0
-2.988 9.938 2.738 0 0 0
-0.938 2.288 0.013 0 0 0
-2.688 -0.763 -0.088 0 0 0
0.138 -0.312 -0.062 0 0 0
-3.438 0.113 0.663 0 0 0
3.788 -3.163 0.238 0 0 0
-0.938 9.812 2.838 0 0 0
-3.238 -0.038 -0.863 0 0 0
0.888 0.738 0.488 0 0 0
-3.388 0.913 0.163 0 0 0
-2.888 -0.613 -0.062 0 0 0
-0.812 -0.812 -1.012 0 0 0
-1.163 3.188 0.013 0 0 0
-6.562 1.763 16.963 0 0 0
-12.413 -8.688 0.013 0 0 0
-1.363 2.288 0.013 0 0 0
-2.863 -0.788 9.287 0 0 0
-1.863 0.062 0.363 0 0 0
-12.188 -8.838 0.013 0 0 0
-6.438 8.162 7.088 0 0 0
2.238 5.738 8.013 0 0 0
-0.963 1.488 0.013 0 0 0
-3.312 -0.638 -0.062 0 0 0
0.738 0.938 -0.013 0 0 0
-0.113 0.062 0.713 0 0 0
-0.062 -0.312 -0.062 0 0 0
-12.263 5.788 7.988 0 0 0
-6.888 -1.812 -0.388 0 0 0
-8.312 -7.138 5.463 0 0 0
-2.062 0.038 0.213 0 0 0
-1.088 -1.438 -1.113 0 0 0
0.238 -0.288 -0.062 0 0 0
-0.088 7.913 5.713 0 0 0
-2.288 0.062 0.363 0 0 0
-2.838 1.213 -0.312 0 0 0
0.812 0.863 -0.138 0 0 0
-16.163 1.188 10.013 0 0 0
-6.188 1.738 16.863 0 0 0
-1.388 1.488 0.013 0 0 0
3.838 -3.513 -0.663 0 0 0
-3.338 0.013 0.062 0 0 0
0.663 0.938 0.363 0 0 0
-2.863 -0.338 -0.312 0 0 0
-3.388 0.238 0.188 0 0 0
-3.312 0.413 0.188 0 0 0
-2.788 -0.213 -2.613 0 0 0
-1.263 9.913 8.863 0 0 0
0.062 0.588 0.738 0 0 0
3.913 -3.788 2.713 0 0 0
0.213 -0.062 -0.013 0 0 0
-5.938 5.938 7.638 0 0 0
-4.562 -8.963 0.013 0 0 0
-2.337 -0.138 -0.138 0 0 0
-15.838 1.688 15.163 0 0 0
0.588 -0.288 -0.263 0 0 0
1.163 -0.238 -2.188 0 0 0
-0.263 5.788 7.913 0 0 0
-3.388 1.438 0.613 0 0 0
-18.512 -9.037 0.013 0 0 0
-1.513 1.688 0.013 0 0 0
-1.488 3.062 -0.988 0 0 0
-0.363 -1.638 -1.062 0 0 0
4.038 -0.312 -2.788 0 0 0
3.613 6.138 8.213 0 0 0
0.938 0.438 0.138 0 0 0
-1.312 -0.788 9.037 0 0 0
-1.513 -0.788 9.287 0 0 0
3.713 0.788 8.338 0 0 0
0.338 0.537 0.338 0 0 0
-0.088 0.812 0.363 0 0 0
0.763 -0.062 -0.488 0 0 0
-3.388 1.163 0.588 0 0 0
-0.588 -0.738 -1.062 0 0 0
-2.038 3.138 0.013 0 0 0
-5.163 -10.163 0.013 0 0 0
0.913 0.788 0.013 0 0 0
-1.938 1.688 0.013 0 0 0
0.938 0.312 0.288 0 0 0
3.713 1.988 0.013 0 0 0
-2.263 -0.363 -0.488 0 0 0
-2.238 -0.963 0.013 0 0 0
-15.838 1.738 15.713 0 0 0
0.138 -0.788 9.338 0 0 0
-8.113 -7.463 1.413 0 0 0
-3.388 1.038 0.738 0 0 0
-1.513 5.738 7.613 0 0 0
-5.663 6.488 7.438 0 0 0
-1.213 -0.213 -2.363 0 0 0
-2.013 2.238 0.013 0 0 0
-2.113 -2.613 -0.888 0 0 0
-1.012 -0.738 -1.062 0 0 0
0.088 0.013 0.113 0 0 0
-3.312 0.488 0.213 0 0 0
-13.263 -9.638 0.013 0 0 0
-3.312 3.113 0.613 0 0 0
-6.688 -2.562 0.088 0 0 0
0.438 1.263 -1.038 0 0 0
0.738 -0.388 -3.713 0 0 0
0.288 -0.113 0.013 0 0 0
-2.188 -2.062 -0.888 0 0 0
0.638 -0.763 -1.012 0 0 0
0.562 0.988 0.013 0 0 0
-3.238 0.113 0.613 0 0 0
-2.263 -0.188 -0.088 0 0 0
-3.738 8.088 5.863 0 0 0
-4.013 6.938 7.913 0 0 0
0.413 1.338 0.013 0 0 0
0.263 1.688 0.013 0 0 0
0.588 -0.213 -0.238 0 0 0
-0.363 -0.413 -0.413 0 0 0
0.812 -0.088 -0.738 0 0 0
0.388 -0.213 0.013 0 0 0
-2.238 1.513 -1.113 0 0 0
-3.312 0.663 0.613 0 0 0
3.913 -0.188 -1.488 0 0 0
1.163 -0.338 -3.163 0 0 0
-9.688 1.038 9.287 0 0 0
-3.238 10.513 1.513 0 0 0
-1.713 1.838 -1.088 0 0 0
4.112 2.463 3.013 0 0 0
-2.613 -2.062 -0.888 0 0 0
-0.188 10.938 1.538 0 0 0
0.088 -0.138 -1.413 0 0 0
-3.238 3.338 0.088 0 0 0
4.338 7.513 1.738 0 0 0
1.062 -0.413 -0.213 0 0 0
-1.863 0.038 0.163 0 0 0
0.888 0.588 0.438 0 0 0
-2.513 -0.163 -1.913 0 0 0
-12.788 5.738 7.263 0 0 0
3.738 5.713 1.988 0 0 0
3.888 -3.388 1.338 0 0 0
-3.388 0.488 0.013 0 0 0
-5.838 -9.338 0.013 0 0 0
0.163 1.438 0.013 0 0 0
0.963 -1.413 -0.213 0 0 0
0.312 0.513 0.413 0 0 0
-2.713 -0.138 -0.238 0 0 0
-9.713 -7.238 3.413 0 0 0
-2.562 -2.663 -0.888 0 0 0
-0.513 -0.763 -1.062 0 0 0
-3.188 -1.213 0.013 0 0 0
-2.938 -0.163 -1.913 0 0 0
-2.562 -0.763 -1.012 0 0 0
-0.163 -0.312 -0.238 0 0 0
3.438 0.588 6.463 0 0 0
3.588 0.537 5.963 0 0 0
-14.438 -9.738 0.013 0 0 0
0.888 -1.463 -0.963 0 0 0
4.013 3.263 4.463 0 0 0
-3.388 1.238 0.013 0 0 0
-3.338 1.062 1.038 0 0 0
-0.263 1.438 0.013 0 0 0
0.537 -1.413 -0.213 0 0 0
-1.863 -0.113 -1.363 0 0 0
-14.638 -10.638 0.013 0 0 0
4.038 3.538 4.812 0 0 0
-8.988 -10.338 0.013 0 0 0
-3.238 0.013 -0.363 0 0 0
0.513 0.388 -0.213 0 0 0
-0.938 -0.763 -1.062 0 0 0
-0.938 10.838 1.538 0 0 0
-2.413 7.188 8.113 0 0 0
-0.763 1.238 0.013 0 0 0
-10.713 6.238 8.287 0 0 0
3.838 -2.337 -0.438 0 0 0
4.088 3.163 4.438 0 0 0
-3.288 -0.062 -1.012 0 0 0
-0.688 1.438 0.013 0 0 0
1.438 -7.738 3.038 0 0 0
-1.788 -0.763 8.963 0 0 0
-2.263 0.062 0.338 0 0 0
-22.613 3.288 4.538 0 0 0
-1.363 -0.763 -1.062 0 0 0
-3.438 1.312 -0.238 0 0 0
-3.513 0.388 3.363 0 0 0
-3.413 1.312 -0.138 0 0 0
-0.288 0.013 0.013 0 0 0
0.888 0.663 0.463 0 0 0
-3.363 1.263 0.663 0 0 0
-12.038 5.713 8.213 0 0 0
-3.938 -0.763 8.713 0 0 0
-0.463 1.012 0.663 0 0 0
-1.113 1.438 0.013 0 0 0
1.012 -7.738 3.038 0 0 0
-3.312 -0.288 0.013 0 0 0
-3.413 0.213 1.812 0 0 0
-3.312 -10.188 0.013 0 0 0
-2.963 -1.788 -0.863 0 0 0
0.663 0.062 -0.812 0 0 0
0.038 -1.137 -0.988 0 0 0
-0.788 -0.763 -1.012 0 0 0
-3.338 -1.838 0.013 0 0 0
-6.663 -2.038 0.263 0 0 0
-6.863 -2.363 -0.138 0 0 0
0.913 0.638 -0.013 0 0 0
-3.312 0.463 0.013 0 0 0
-0.588 1.488 0.013 0 0 0
-2.163 -0.488 -0.688 0 0 0
-3.588 -1.213 -1.012 0 0 0
-4.688 6.488 7.938 0 0 0
-1.888 2.613 -1.038 0 0 0
1.388 5.663 8.062 0 0 0
4.338 -8.162 0.013 0 0 0
0.763 -2.087 -0.938 0 0 0
0.763 -0.238 -2.212 0 0 0
-2.488 1.812 -1.088 0 0 0
-3.413 0.062 0.288 0 0 0
-3.312 0.338 0.163 0 0 0
-14.538 11.888 9.037 0 0 0
3.938 -2.038 1.513 0 0 0
-6.688 -10.288 0.013 0 0 0
-3.312 1.213 0.013 0 0 0
-1.088 0.113 -1.288 0 0 0
-6.713 7.163 6.938 0 0 0
0.138 0.562 0.463 0 0 0
-0.463 6.388 7.863 0 0 0
-0.713 -0.138 -1.513 0 0 0
-1.763 -1.463 -0.938 0 0 0
0.363 -0.213 -0.288 0 0 0
3.713 -3.863 2.938 0 0 0
-3.338 -0.338 0.013 0 0 0
-4.663 16.088 7.188 0 0 0
0.163 -0.213 -0.013 0 0 0
0.163 -0.213 -0.038 0 0 0
0.588 -0.363 -0.288 0 0 0
-1.988 0.062 0.488 0 0 0
-2.438 -0.138 -1.838 0 0 0
2.363 5.812 8.013 0 0 0
-1.713 -1.238 -1.038 0 0 0
2.863 5.888 8.162 0 0 0
-3.312 0.513 0.562 0 0 0
-6.788 -11.288 0.013 0 0 0
4.062 2.388 3.312 0 0 0
-7.888 16.338 7.312 0 0 0
3.812 6.963 8.188 0 0 0
-1.137 -0.138 -1.513 0 0 0
0.438 -1.338 -1.088 0 0 0
-2.188 -1.463 -0.938 0 0 0
-3.263 -0.288 -0.312 0 0 0
-0.688 0.088 0.812 0 0 0
0.938 0.363 0.113 0 0 0
-3.038 -0.213 -2.638 0 0 0
-7.013 -10.388 0.013 0 0 0
-2.863 -1.088 -0.312 0 0 0
-3.413 0.113 0.838 0 0 0
-0.338 -0.163 -1.613 0 0 0
0.537 -0.588 -0.788 0 0 0
-3.263 0.013 -0.062 0 0 0
-8.013 7.488 7.413 0 0 0
3.988 3.388 3.738 0 0 0
-3.413 0.988 0.688 0 0 0
-3.138 4.663 -0.062 0 0 0
-9.638 -9.638 0.013 0 0 0
-0.113 0.613 0.062 0 0 0
-7.413 -8.838 0.013 0 0 0
0.738 0.088 1.012 0 0 0
-1.788 0.113 0.788 0 0 0
-3.263 -0.113 0.088 0 0 0
3.588 0.513 5.763 0 0 0
-10.438 5.812 7.562 0 0 0
-0.763 -0.163 -1.613 0 0 0
0.763 1.488 0.013 0 0 0
0.913 0.438 0.638 0 0 0
-1.538 1.213 0.013 0 0 0
0.863 0.088 0.888 0 0 0
-3.263 0.188 0.338 0 0 0
0.013 0.038 0.338 0 0 0
-3.213 -0.013 -0.463 0 0 0
-0.588 0.863 0.588 0 0 0
3.562 0.562 6.138 0 0 0
-0.413 0.163 0.188 0 0 0
-2.812 1.763 -0.537 0 0 0
-2.263 1.188 0.013 0 0 0
4.188 -4.838 0.013 0 0 0
-0.438 0.213 -0.188 0 0 0
-3.263 -0.388 0.062 0 0 0
-0.138 -0.188 0.062 0 0 0
-2.062 -0.537 0.013 0 0 0
0.588 -0.913 -1.012 0 0 0
-14.338 1.688 15.238 0 0 0
-12.088 7.038 8.013 0 0 0
0.463 2.938 0.013 0 0 0
-4.938 -11.088 0.013 0 0 0
-2.538 -0.788 -1.038 0 0 0
-3.413 1.438 -0.163 0 0 0
-3.312 0.588 0.588 0 0 0
-0.938 7.913 5.713 0 0 0
-5.263 5.763 8.088 0 0 0
0.613 2.288 -0.763 0 0 0
-3.163 -0.088 -1.338 0 0 0
0.238 0.062 0.738 0 0 0
0.188 0.562 0.363 0 0 0
3.913 2.988 4.263 0 0 0
0.663 1.238 0.013 0 0 0
-0.163 0.588 -0.038 0 0 0
-0.163 0.588 -0.013 0 0 0
0.088 -0.788 -1.038 0 0 0
-0.938 -0.888 -0.963 0 0 0
2.413 7.688 6.363 0 0 0
-2.812 5.713 8.037 0 0 0
0.812 0.062 0.788 0 0 0
-2.588 -0.138 -1.688 0 0 0
-0.013 0.013 0.238 0 0 0
-0.038 0.013 0.238 0 0 0
0.863 0.838 0.288 0 0 0
-2.163 -0.812 -1.137 0 0 0
3.812 4.663 1.688 0 0 0
-7.038 16.012 6.863 0 0 0
3.838 -4.838 2.488 0 0 0
3.988 -0.213 2.588 0 0 0
-11.588 9.988 1.513 0 0 0
-1.363 -0.888 -0.963 0 0 0
-3.513 0.213 1.638 0 0 0
-3.188 0.163 0.113 0 0 0
3.538 -9.738 0.013 0 0 0
-0.413 0.963 0.738 0 0 0
-5.938 6.113 7.438 0 0 0
0.888 -0.088 -0.863 0 0 0
3.938 3.888 5.438 0 0 0
-3.163 -0.038 -0.788 0 0 0
-3.438 0.263 2.138 0 0 0
4.188 -5.788 0.013 0 0 0
-1.863 -0.238 -2.538 0 0 0
-0.363 0.163 -0.138 0 0 0
-3.363 1.438 1.012 0 0 0
-10.838 1.088 9.663 0 0 0
-4.362 1.012 9.688 0 0 0
-1.238 7.113 7.788 0 0 0
-6.038 16.137 6.913 0 0 0
-1.062 2.087 -1.062 0 0 0
0.388 0.763 -0.363 0 0 0
-7.788 -11.138 0.013 0 0 0
-0.312 -0.338 -0.288 0 0 0
-2.788 1.688 0.013 0 0 0
4.163 2.838 3.913 0 0 0
3.738 -5.488 3.888 0 0 0
-3.513 -1.012 -1.062 0 0 0
-1.438 -0.188 -1.988 0 0 0
-16.512 8.088 8.138 0 0 0
-25.338 5.013 6.588 0 0 0
-2.413 -0.138 -0.113 0 0 0
0.238 -0.488 0.013 0 0 0
-0.088 0.537 -0.263 0 0 0
-0.537 0.863 0.488 0 0 0
-4.163 6.988 7.888 0 0 0
-7.763 1.713 16.488 0 0 0
0.013 -0.913 -0.263 0 0 0
3.812 -2.463 0.812 0 0 0
0.312 -0.288 0.013 0 0 0
0.738 0.463 0.013 0 0 0
-0.438 5.938 7.812 0 0 0
-3.062 -0.863 -0.638 0 0 0
0.888 -0.038 -0.312 0 0 0
-4.538 7.913 7.238 0 0 0
-2.388 1.613 0.013 0 0 0
-18.613 9.412 1.363 0 0 0
-11.562 1.088 9.613 0 0 0
-0.188 -0.488 0.013 0 0 0
-0.062 -0.963 -1.012 0 0 0
3.688 7.113 7.763 0 0 0
-3.238 0.988 -0.138 0 0 0
-3.188 -1.713 -0.888 0 0 0
-8.088 6.713 7.613 0 0 0
4.188 4.312 4.688 0 0 0
-12.238 7.463 7.438 0 0 0
-0.113 -0.288 0.013 0 0 0
-1.938 -0.763 8.912 0 0 0
-0.663 -0.738 -1.038 0 0 0
0.638 5.263 4.562 0 0 0
-3.288 0.088 0.513 0 0 0
-8.062 1.713 16.363 0 0 0
-4.388 6.288 8.188 0 0 0
0.213 0.038 0.288 0 0 0
3.513 -7.363 2.888 0 0 0
0.013 -0.288 -0.113 0 0 0
-2.913 -0.788 -1.137 0 0 0
-11.988 1.088 9.613 0 0 0
0.413 -0.537 -0.238 0 0 0
-3.363 0.013 -0.238 0 0 0
-20.363 6.738 8.213 0 0 0
-2.913 2.613 0.013 0 0 0
0.863 0.062 0.688 0 0 0
0.812 -0.938 -0.963 0 0 0
0.013 0.013 0.138 0 0 0
4.163 2.562 3.288 0 0 0
3.763 -7.188 5.062 0 0 0
3.613 -0.312 3.913 0 0 0
-0.213 0.613 -0.113 0 0 0
0.138 -0.888 -0.988 0 0 0
-0.838 -9.488 0.013 0 0 0
3.913 -0.113 -0.013 0 0 0
4.163 5.138 5.738 0 0 0
0.838 1.988 0.463 0 0 0
-9.438 8.113 7.312 0 0 0
-2.438 4.612 -0.062 0 0 0
-3.238 -1.588 0.013 0 0 0
-3.138 0.163 0.013 0 0 0
-0.988 -0.838 -1.038 0 0 0
-2.638 2.087 -1.113 0 0 0
-6.513 7.138 8.488 0 0 0
-3.113 -0.038 -0.888 0 0 0
-0.562 0.113 1.038 0 0 0
-0.213 -0.537 0.013 0 0 0
-25.713 -7.213 2.988 0 0 0
0.388 0.562 0.312 0 0 0
0.788 1.913 -0.188 0 0 0
-3.113 0.888 0.788 0 0 0
3.913 -2.087 1.388 0 0 0
-3.288 0.963 -0.238 0 0 0
0.763 0.088 0.988 0 0 0
0.363 -0.288 -0.312 0 0 0
-0.838 1.163 0.013 0 0 0
-15.913 1.588 14.213 0 0 0
-2.713 6.113 7.488 0 0 0
3.838 -0.638 7.538 0 0 0
-12.562 -7.438 4.763 0 0 0
3.763 -7.388 2.388 0 0 0
-3.138 0.913 0.013 0 0 0
-1.413 -0.838 -1.038 0 0 0
-0.163 5.638 7.988 0 0 0
-6.013 7.188 6.963 0 0 0
-2.337 0.013 0.062 0 0 0
-3.438 1.613 0.013 0 0 0
-2.388 -0.138 -1.738 0 0 0
0.013 0.062 0.688 0 0 0
3.863 -2.763 0.463 0 0 0
-1.838 0.062 0.488 0 0 0
-3.263 0.062 -0.238 0 0 0
-12.713 1.088 9.488 0 0 0
-3.538 1.863 -1.012 0 0 0
-7.263 5.838 8.062 0 0 0
-3.213 5.938 7.963 0 0 0
0.363 0.463 -0.312 0 0 0
0.513 -0.238 -2.238 0 0 0
-3.312 1.763 0.812 0 0 0
-11.038 1.038 9.162 0 0 0
3.888 -0.188 -0.038 0 0 0
-1.863 6.338 8.438 0 0 0
-0.812 0.113 -1.263 0 0 0
-1.713 0.062 0.363 0 0 0
3.913 -0.363 4.213 0 0 0
-3.263 -0.062 -0.088 0 0 0
0.812 1.938 0.463 0 0 0
3.538 -0.413 5.088 0 0 0
0.913 0.488 0.463 0 0 0
-11.988 -10.062 0.013 0 0 0
-18.488 5.738 7.963 0 0 0
0.788 -1.863 -1.062 0 0 0
2.663 5.812 8.138 0 0 0
-10.338 5.588 7.663 0 0 0
-10.638 -7.388 3.438 0 0 0
-13.062 5.613 7.688 0 0 0
-9.412 14.263 7.613 0 0 0
-2.562 4.438 0.463 0 0 0
3.863 4.562 0.613 0 0 0
-3.363 -0.812 -0.988 0 0 0
0.613 7.113 7.788 0 0 0
-1.238 -0.213 -2.438 0 0 0
-0.938 1.663 0.013 0 0 0
-11.863 7.238 8.013 0 0 0
0.363 -1.863 -1.062 0 0 0
-3.738 1.738 -0.863 0 0 0
-11.263 7.988 6.988 0 0 0
3.812 -2.738 2.188 0 0 0
-0.713 -0.363 -3.663 0 0 0
-3.288 -0.562 0.163 0 0 0
-3.288 0.463 0.188 0 0 0
-0.988 -9.338 0.013 0 0 0
-1.088 -7.312 4.237 0 0 0
3.938 2.838 3.863 0 0 0
-2.913 -2.263 -0.188 0 0 0
-7.062 -9.037 0.013 0 0 0
-15.013 7.363 7.213 0 0 0
0.588 -0.113 -1.188 0 0 0
0.663 -0.788 -1.038 0 0 0
-7.562 -7.463 1.388 0 0 0
-10.213 5.763 7.938 0 0 0
0.613 -0.263 -0.263 0 0 0
-0.438 -0.763 -0.988 0 0 0
0.363 -1.113 -1.062 0 0 0
-2.988 -0.838 -1.088 0 0 0
2.613 5.763 8.037 0 0 0
-2.087 0.038 0.113 0 0 0
-6.988 5.963 7.988 0 0 0
0.213 -0.288 -0.163 0 0 0
-1.588 2.562 0.013 0 0 0
3.913 2.588 3.738 0 0 0
-5.863 8.062 7.013 0 0 0
0.388 1.513 -0.413 0 0 0
0.588 0.062 -0.788 0 0 0
-0.863 -0.763 -0.988 0 0 0
-1.538 -0.738 -1.012 0 0 0
-12.838 -15.863 0.013 0 0 0
-2.288 0.013 -0.038 0 0 0
-3.263 -1.188 -1.088 0 0 0
-0.413 -0.238 -2.363 0 0 0
4.163 -5.138 0.013 0 0 0
0.938 -0.138 -1.388 0 0 0
0.463 -0.788 -1.038 0 0 0
-0.338 5.663 8.037 0 0 0
3.163 10.013 3.213 0 0 0
-2.513 0.038 0.113 0 0 0
-18.713 -8.713 0.013 0 0 0
-11.888 1.738 16.238 0 0 0
-1.688 1.562 0.013 0 0 0
-2.013 2.562 0.013 0 0 0
0.838 1.663 0.013 0 0 0
-10.888 8.138 7.288 0 0 0
0.488 -0.938 -0.788 0 0 0
-3.438 0.138 0.963 0 0 0
-2.312 -0.088 0.013 0 0 0
-1.288 -0.763 -0.988 0 0 0
-1.963 -0.738 -1.012 0 0 0
0.463 -0.913 -0.888 0 0 0
-3.363 1.363 0.988 0 0 0
-2.337 1.713 0.013 0 0 0
-15.863 1.638 14.663 0 0 0
0.913 0.562 -0.113 0 0 0
-9.663 6.963 7.913 0 0 0
-10.213 -8.562 0.013 0 0 0
0.413 1.663 0.013 0 0 0
-1.638 -0.138 -1.638 0 0 0
0.312 0.788 -0.138 0 0 0
-17.363 6.062 7.688 0 0 0
3.638 -9.488 0.013 0 0 0
0.938 0.388 0.413 0 0 0
-2.863 -0.488 -0.413 0 0 0
-0.338 -0.388 -0.413 0 0 0
-0.988 -0.988 -1.088 0 0 0
0.913 -0.588 0.013 0 0 0
-2.688 -0.213 -2.613 0 0 0
-3.312 0.263 0.088 0 0 0
3.738 -0.213 2.838 0 0 0
-1.812 -1.588 0.013 0 0 0
-1.588 -0.763 -1.113 0 0 0
3.838 -3.988 2.863 0 0 0
-1.663 -0.312 -3.413 0 0 0
-2.288 -0.838 -1.012 0 0 0
-5.838 5.638 7.663 0 0 0
0.888 -0.163 -1.488 0 0 0
0.913 0.738 0.288 0 0 0
-1.488 -1.188 -1.088 0 0 0
-3.438 0.188 1.513 0 0 0
-1.913 3.038 -0.988 0 0 0
-2.863 -0.613 -0.263 0 0 0
-2.113 -0.888 0.013 0 0 0
-0.113 -0.238 -0.163 0 0 0
3.913 2.663 3.763 0 0 0
0.913 2.638 0.163 0 0 0
-12.388 1.088 9.588 0 0 0
3.838 -0.738 8.638 0 0 0
3.438 7.188 6.963 0 0 0
3.838 -0.188 2.613 0 0 0
-13.663 -8.863 0.013 0 0 0
3.913 -2.663 1.062 0 0 0
-3.113 -0.213 -2.613 0 0 0
-0.963 -1.413 -0.188 0 0 0
-3.438 1.463 -0.013 0 0 0
0.338 -1.863 -1.038 0 0 0
0.913 0.613 0.438 0 0 0
4.038 4.312 5.838 0 0 0
0.613 0.863 0.013 0 0 0
-2.713 -1.863 -1.038 0 0 0
2.688 5.913 8.213 0 0 0
-11.488 11.238 9.363 0 0 0
-0.013 -0.312 -0.263 0 0 0
2.688 -7.863 5.638 0 0 0
3.562 0.588 6.438 0 0 0
-3.388 5.738 8.062 0 0 0
0.138 5.838 8.113 0 0 0
-0.638 -0.138 -1.438 0 0 0
-0.863 7.138 6.913 0 0 0
1.588 -7.713 5.463 0 0 0
-3.263 -0.213 -0.138 0 0 0
0.062 -0.588 0.013 0 0 0
0.863 -0.062 -0.488 0 0 0
-2.863 1.463 0.013 0 0 0
-5.638 5.688 7.963 0 0 0
0.913 0.338 0.413 0 0 0
-2.363 -0.138 -1.763 0 0 0
-3.138 -1.863 -1.038 0 0 0
0.812 -1.012 -0.988 0 0 0
0.413 0.713 0.013 0 0 0
-3.288 3.488 -0.263 0 0 0
0.163 -0.688 0.013 0 0 0
0.263 1.062 0.013 0 0 0
-15.663 1.137 9.688 0 0 0
4.038 -0.288 -2.488 0 0 0
0.888 0.812 0.062 0 0 0
-2.463 0.062 0.013 0 0 0
-13.338 7.988 6.463 0 0 0
0.938 0.463 0.438 0 0 0
-3.288 1.463 0.013 0 0 0
-0.913 -0.738 -1.062 0 0 0
0.713 -1.463 -1.113 0 0 0
-0.938 -0.138 -1.562 0 0 0
0.088 -0.138 0.013 0 0 0
0.388 -1.012 -0.988 0 0 0
-18.238 1.088 8.812 0 0 0
-4.788 10.213 1.488 0 0 0
-2.013 6.988 7.888 0 0 0
0.163 0.062 0.013 0 0 0
-3.338 0.388 0.488 0 0 0
-13.638 6.288 8.138 0 0 0
-1.137 -0.163 -1.713 0 0 0
-13.238 1.113 9.537 0 0 0
-3.288 2.212 0.013 0 0 0
-1.338 -0.738 -1.062 0 0 0
0.288 -1.463 -1.113 0 0 0
-0.088 5.738 7.963 0 0 0
-16.012 1.663 14.812 0 0 0
-2.087 0.013 -0.088 0 0 0
-1.738 -1.488 -0.963 0 0 0
0.713 -0.363 -3.663 0 0 0
0.013 -0.788 -1.012 0 0 0
-12.463 1.763 16.387 0 0 0
3.138 0.863 9.138 0 0 0
-2.688 1.688 0.013 0 0 0
3.438 0.713 7.738 0 0 0
-0.013 0.488 0.288 0 0 0
0.088 0.038 0.413 0 0 0
-3.312 -0.163 -2.062 0 0 0
-6.338 -17.438 0.013 0 0 0
-9.763 -7.263 1.388 0 0 0
-2.812 -0.038 -0.763 0 0 0
-3.263 1.312 0.013 0 0 0
-6.988 10.288 1.513 0 0 0
3.562 0.488 5.463 0 0 0
-26.413 1.113 7.963 0 0 0
-3.288 -0.238 0.013 0 0 0
-2.288 -0.288 -0.338 0 0 0
0.263 -0.812 -0.988 0 0 0
-0.413 -0.788 -1.012 0 0 0
3.812 -4.413 3.138 0 0 0
-13.413 1.738 15.863 0 0 0
-0.713 2.087 -1.038 0 0 0
-17.088 -7.488 1.188 0 0 0
-3.038 7.538 7.838 0 0 0
-2.463 -0.788 -0.963 0 0 0
2.562 -9.537 0.013 0 0 0
-7.013 -0.788 9.213 0 0 0
3.738 -2.062 0.713 0 0 0
-3.238 -0.038 -0.763 0 0 0
-0.963 6.213 7.688 0 0 0
3.963 -2.788 1.113 0 0 0
-3.288 0.513 0.013 0 0 0
-0.163 -0.812 -0.988 0 0 0
-0.838 -0.788 -1.012 0 0 0
-3.213 0.688 0.013 0 0 0
3.738 -2.188 0.863 0 0 0
0.713 -0.363 -0.312 0 0 0
-1.863 0.062 0.463 0 0 0
3.838 -2.863 2.538 0 0 0
4.338 5.938 6.538 0 0 0
-7.088 -7.688 3.812 0 0 0
2.613 5.513 7.613 0 0 0
-2.087 -0.838 -1.062 0 0 0
-2.738 5.838 7.888 0 0 0
0.738 0.938 0.062 0 0 0
-5.938 13.463 7.213 0 0 0
-3.513 1.413 0.013 0 0 0
-0.988 1.513 0.013 0 0 0
0.913 0.413 -0.163 0 0 0
-3.538 -1.062 -0.238 0 0 0
0.812 -0.463 -0.312 0 0 0
0.163 -1.062 -0.988 0 0 0
-0.388 0.138 0.163 0 0 0
-3.213 1.438 0.013 0 0 0
-9.188 -10.963 0.013 0 0 0
-3.213 -1.763 0.013 0 0 0
-3.263 3.562 0.688 0 0 0
-3.438 0.163 1.312 0 0 0
-3.288 0.113 0.812 0 0 0
-0.038 0.562 0.312 0 0 0
0.812 0.863 -0.013 0 0 0
-1.688 -1.213 -1.038 0 0 0
1.513 3.888 5.388 0 0 0
-1.238 8.062 7.812 0 0 0
-1.413 1.513 0.013 0 0 0
3.438 0.613 6.763 0 0 0
3.838 6.088 7.938 0 0 0
-3.312 0.163 1.188 0 0 0
-15.413 1.688 15.263 0 0 0
4.338 7.588 2.588 0 0 0
0.388 -0.463 -0.312 0 0 0
0.463 -0.388 -3.763 0 0 0
-3.713 1.263 0.013 0 0 0
3.863 -5.463 2.788 0 0 0
-5.438 10.163 1.488 0 0 0
-1.788 11.038 8.988 0 0 0
-12.463 -8.713 0.013 0 0 0
-9.613 -9.613 0.013 0 0 0
-1.088 1.263 0.013 0 0 0
-1.588 -0.888 -1.012 0 0 0
-1.413 2.263 0.013 0 0 0
3.863 -2.863 1.513 0 0 0
0.663 -0.088 -0.913 0 0 0
4.138 4.612 5.663 0 0 0
-1.963 5.713 8.062 0 0 0
3.888 -4.038 2.413 0 0 0
-0.738 -0.138 -1.613 0 0 0
4.188 5.312 6.538 0 0 0
4.038 -0.312 -2.688 0 0 0
-1.513 1.263 0.013 0 0 0
-8.588 8.188 7.413 0 0 0
-8.438 6.113 8.013 0 0 0
-1.838 2.263 0.013 0 0 0
-2.188 -1.812 -0.913 0 0 0
-0.312 0.088 -0.062 0 0 0
-9.537 1.088 9.788 0 0 0
0.913 0.488 -0.138 0 0 0
-2.863 -1.012 -0.188 0 0 0
-13.088 -16.163 0.013 0 0 0
4.237 3.888 4.237 0 0 0
-3.038 -0.088 -1.363 0 0 0
-2.463 -0.238 -0.288 0 0 0
-3.263 -0.338 -0.013 0 0 0
4.188 3.788 3.588 0 0 0
-3.363 0.138 1.088 0 0 0
0.213 -0.788 -1.062 0 0 0
0.938 0.312 0.388 0 0 0
-9.738 -9.412 0.013 0 0 0
-2.113 10.863 1.538 0 0 0
4.213 3.963 5.288 0 0 0
0.863 -0.238 -2.212 0 0 0
-8.537 9.863 2.288 0 0 0
-0.988 -0.238 -2.413 0 0 0
-1.663 -0.213 -2.438 0 0 0
-4.688 -9.213 0.013 0 0 0
0.888 -0.062 -0.513 0 0 0
-1.938 1.263 0.013 0 0 0
-4.988 -7.513 3.838 0 0 0
-2.613 -1.812 -0.913 0 0 0
-4.888 -7.288 5.763 0 0 0
-1.363 -0.163 -1.763 0 0 0
-0.913 1.488 0.013 0 0 0
-3.312 13.713 8.912 0 0 0
-3.263 -0.013 -0.463 0 0 0
-0.013 0.463 0.088 0 0 0
-0.038 0.463 0.088 0 0 0
-0.188 -0.213 0.062 0 0 0
-0.213 -0.788 -1.062 0 0 0
4.088 2.913 3.363 0 0 0
-2.212 2.638 -1.038 0 0 0
-1.038 -1.438 -1.113 0 0 0
-1.638 1.463 0.013 0 0 0
0.463 -0.062 -0.513 0 0 0
3.788 -2.288 0.913 0 0 0
-2.363 1.263 0.013 0 0 0
-2.863 -0.388 -0.038 0 0 0
0.413 1.288 -1.038 0 0 0
2.438 5.562 7.663 0 0 0
-2.388 0.163 1.263 0 0 0
-2.838 10.538 1.513 0 0 0
3.312 -0.588 7.188 0 0 0
3.938 3.312 4.513 0 0 0
3.562 0.463 5.263 0 0 0
-3.413 0.188 -0.312 0 0 0
-1.338 1.488 0.013 0 0 0
-2.938 0.113 -1.188 0 0 0
4.237 5.438 6.062 0 0 0
-7.763 -7.838 3.863 0 0 0
-0.088 6.188 7.663 0 0 0
0.463 1.562 0.013 0 0 0
0.888 2.312 0.013 0 0 0
-13.213 1.113 9.513 0 0 0
0.863 0.738 0.013 0 0 0
-2.087 -0.163 -1.812 0 0 0
-3.288 -0.388 -0.013 0 0 0
-2.013 -1.838 -1.012 0 0 0
-4.713 -9.263 0.013 0 0 0
-3.288 0.488 -0.188 0 0 0
0.113 -1.638 -1.062 0 0 0
3.888 -3.263 1.288 0 0 0
-3.438 -1.238 -1.062 0 0 0
0.188 0.513 0.638 0 0 0
0.463 2.312 0.013 0 0 0
-6.263 -0.763 9.188 0 0 0
-7.088 8.013 7.888 0 0 0
0.863 1.488 0.013 0 0 0
-3.238 -1.488 -0.938 0 0 0
0.163 0.562 0.263 0 0 0
0.588 0.413 0.013 0 0 0
-2.263 1.312 0.013 0 0 0
-8.363 -7.438 4.237 0 0 0
-2.163 -0.738 -1.012 0 0 0
-7.188 8.113 5.938 0 0 0
1.963 -7.562 4.438 0 0 0
0.888 0.463 0.688 0 0 0
-24.963 4.863 6.812 0 0 0
-2.388 -0.163 -1.938 0 0 0
-3.338 0.312 0.463 0 0 0
0.537 -0.263 -0.238 0 0 0
-0.738 -0.213 -2.363 0 0 0
3.913 -4.413 2.113 0 0 0
-3.363 0.338 0.363 0 0 0
0.263 -0.438 0.013 0 0 0
0.363 1.312 0.013 0 0 0
-1.038 1.838 -1.088 0 0 0
0.338 -0.263 0.013 0 0 0
-17.538 1.088 8.838 0 0 0
0.763 -1.012 -0.988 0 0 0
-5.238 -10.263 0.013 0 0 0
0.688 -0.888 -1.012 0 0 0
0.938 0.388 -0.188 0 0 0
-2.388 0.062 0.288 0 0 0
-0.312 -0.163 -1.812 0 0 0
-1.163 -0.213 -2.363 0 0 0
-0.163 -0.438 0.013 0 0 0
-0.062 1.312 0.013 0 0 0
0.038 -0.738 -1.012 0 0 0
0.338 0.488 0.013 0 0 0
-0.963 -0.363 -3.888 0 0 0
-2.388 -0.513 0.013 0 0 0
0.263 -0.888 -1.012 0 0 0
-1.638 6.312 8.162 0 0 0
-3.088 1.012 0.013 0 0 0
-2.263 0.062 0.438 0 0 0
-2.913 -10.163 0.013 0 0 0
-16.588 1.613 14.288 0 0 0
-3.438 1.312 -0.138 0 0 0
-0.438 0.113 1.012 0 0 0
-0.488 1.312 0.013 0 0 0
-0.388 -0.738 -1.012 0 0 0
0.888 0.663 0.562 0 0 0
-0.562 0.863 0.388 0 0 0
4.088 3.338 4.188 0 0 0
-2.938 5.888 7.963 0 0 0
3.938 -0.588 7.138 0 0 0
-2.013 0.013 -0.213 0 0 0
0.888 0.537 0.713 0 0 0
-3.263 3.613 0.513 0 0 0
0.938 0.288 0.188 0 0 0
-8.838 -9.463 0.013 0 0 0
-0.263 6.238 7.713 0 0 0
-1.363 -2.188 -0.938 0 0 0
-1.062 -0.988 -1.062 0 0 0
-0.088 1.238 0.013 0 0 0
-0.488 -1.137 0.013 0 0 0
-9.438 5.738 8.213 0 0 0
3.888 -0.638 7.638 0 0 0
-3.238 -0.513 0.013 0 0 0
-1.888 -0.213 -2.488 0 0 0
0.763 -0.938 -0.963 0 0 0
-3.138 -1.963 0.013 0 0 0
0.913 0.638 0.062 0 0 0
3.763 0.688 7.363 0 0 0
0.838 -0.763 -0.963 0 0 0
-9.763 -0.788 9.338 0 0 0
-3.513 0.238 1.938 0 0 0
3.488 -7.163 5.213 0 0 0
4.237 5.113 5.613 0 0 0
-1.788 -2.188 -0.938 0 0 0
-1.488 -0.988 -1.062 0 0 0
0.713 -7.738 3.013 0 0 0
4.213 4.112 5.488 0 0 0
0.913 0.513 0.213 0 0 0
3.913 -2.312 1.263 0 0 0
-3.312 0.338 0.263 0 0 0
0.562 1.263 -0.588 0 0 0
-1.913 -1.413 -1.088 0 0 0
-3.138 -1.213 0.013 0 0 0
-1.163 -0.312 -3.338 0 0 0
-8.312 1.113 10.188 0 0 0
-1.388 -1.088 -1.062 0 0 0
-0.562 5.663 7.988 0 0 0
-1.713 -0.088 -1.062 0 0 0
-2.788 -0.812 -0.988 0 0 0
-2.113 2.062 -1.062 0 0 0
-6.088 6.913 7.088 0 0 0
-6.963 5.938 7.963 0 0 0
-1.513 -2.663 -0.913 0 0 0
3.713 -4.838 4.163 0 0 0
-2.788 7.188 7.888 0 0 0
-2.188 5.788 8.037 0 0 0
-25.138 5.638 6.863 0 0 0
-0.713 1.238 0.013 0 0 0
-0.438 -1.012 0.013 0 0 0
-1.812 -1.088 -1.062 0 0 0
-0.138 -0.138 -1.363 0 0 0
-9.663 -10.363 0.013 0 0 0
0.537 1.438 -0.963 0 0 0
-3.263 -0.288 -0.213 0 0 0
-2.363 0.163 1.238 0 0 0
0.663 -0.438 -0.288 0 0 0
-3.038 -0.213 -2.538 0 0 0
4.312 -6.638 0.013 0 0 0
-1.788 12.263 7.562 0 0 0
-1.938 -0.763 -1.038 0 0 0
-12.812 -10.763 0.013 0 0 0
-3.438 0.113 0.163 0 0 0
-0.588 -0.812 -0.988 0 0 0
-1.137 1.238 0.013 0 0 0
0.312 0.488 0.312 0 0 0
3.788 -3.163 -0.263 0 0 0
4.112 4.612 6.163 0 0 0
0.938 0.238 0.363 0 0 0
-12.062 1.038 9.013 0 0 0
-2.188 -0.263 -0.413 0 0 0
-18.038 -9.588 0.013 0 0 0
4.338 6.863 -1.137 0 0 0
3.788 -1.838 0.013 0 0 0
4.288 4.988 6.938 0 0 0
1.812 -7.613 5.288 0 0 0
0.738 0.488 -0.288 0 0 0
-0.438 -0.138 -1.488 0 0 0
-8.363 11.088 9.188 0 0 0
0.388 -1.088 -1.062 0 0 0
-1.088 5.838 8.088 0 0 0
-1.012 -0.812 -0.988 0 0 0
-2.438 -0.038 -0.038 0 0 0
-0.963 1.338 0.013 0 0 0
0.713 4.913 4.588 0 0 0
-0.638 -0.163 -1.638 0 0 0
-2.138 -0.763 -1.038 0 0 0
-1.163 -9.463 0.013 0 0 0
-0.888 5.713 7.988 0 0 0
3.863 -5.788 2.288 0 0 0
-0.738 1.188 0.013 0 0 0
-0.488 7.513 7.913 0 0 0
3.938 -3.988 1.913 0 0 0
3.788 2.263 0.013 0 0 0
3.888 -4.487 2.663 0 0 0
-1.713 -0.188 -2.038 0 0 0
0.263 0.113 -1.188 0 0 0
-0.038 -1.088 -1.062 0 0 0
4.188 4.338 3.713 0 0 0
-4.938 1.012 9.588 0 0 0
0.663 -0.138 -1.312 0 0 0
-1.388 1.338 0.013 0 0 0
-0.413 0.038 0.438 0 0 0
-0.613 -0.888 -0.988 0 0 0
-3.513 0.163 1.188 0 0 0
-3.312 0.588 0.688 0 0 0
-9.663 1.088 9.913 0 0 0
3.513 -6.238 4.588 0 0 0
-1.163 1.188 0.013 0 0 0
-4.388 8.162 5.938 0 0 0
1.638 -7.812 4.388 0 0 0
0.263 0.463 0.213 0 0 0
4.312 4.388 5.688 0 0 0
-5.562 14.038 7.538 0 0 0
-1.038 -0.888 -0.988 0 0 0
-5.463 6.213 8.188 0 0 0
-3.312 0.713 -0.062 0 0 0
-8.238 1.088 10.113 0 0 0
-3.338 1.238 0.812 0 0 0
-3.088 4.088 0.113 0 0 0
4.062 2.638 3.838 0 0 0
-4.963 1.738 17.088 0 0 0
0.863 0.838 0.388 0 0 0
-3.113 0.038 -0.013 0 0 0
-16.088 -10.838 0.013 0 0 0
3.488 0.562 6.038 0 0 0
4.288 -8.412 0.013 0 0 0
-3.338 1.113 0.963 0 0 0
-1.538 5.888 7.863 0 0 0
3.238 -7.413 5.363 0 0 0
3.988 2.038 0.013 0 0 0
-3.188 0.163 0.213 0 0 0
0.537 -0.338 -0.263 0 0 0
-1.638 7.513 7.863 0 0 0
4.362 -8.213 0.013 0 0 0
-17.088 1.613 14.213 0 0 0
-2.388 0.113 0.113 0 0 0
-1.238 -0.888 -0.988 0 0 0
-7.788 -8.963 0.013 0 0 0
0.537 0.988 0.013 0 0 0
0.638 2.738 0.013 0 0 0
-7.488 1.812 17.488 0 0 0
0.713 -0.562 -0.238 0 0 0
-1.213 7.062 6.838 0 0 0
-7.988 -9.863 0.013 0 0 0
-13.513 14.413 8.613 0 0 0
3.488 1.863 0.013 0 0 0
-5.188 -7.513 3.838 0 0 0
-16.288 -10.988 0.013 0 0 0
0.537 0.413 -0.263 0 0 0
0.138 0.537 0.363 0 0 0
-0.013 0.638 0.488 0 0 0
-3.413 1.513 -0.013 0 0 0
-3.213 0.213 0.062 0 0 0
-1.463 -1.438 -1.113 0 0 0
0.938 -0.413 0.013 0 0 0
-1.038 -0.338 -3.663 0 0 0
0.663 1.263 -1.012 0 0 0
-2.438 -0.113 -0.113 0 0 0
-6.812 7.463 7.638 0 0 0
-1.188 -1.812 -0.963 0 0 0
-3.413 1.812 0.213 0 0 0
-12.488 -7.238 2.113 0 0 0
-2.087 -1.312 -1.012 0 0 0
-12.238 13.888 8.287 0 0 0
0.288 1.338 -0.363 0 0 0
3.988 6.388 7.863 0 0 0
3.113 5.988 8.338 0 0 0
-5.188 -11.113 0.013 0 0 0
-0.363 5.812 7.938 0 0 0
3.788 -2.438 0.812 0 0 0
-0.812 -0.138 -1.588 0 0 0
-2.488 1.438 0.013 0 0 0
-2.212 -0.812 0.013 0 0 0
-13.113 15.738 6.088 0 0 0
-3.312 0.788 -0.013 0 0 0
-2.212 2.538 0.013 0 0 0
-2.312 -0.113 -0.238 0 0 0
-3.113 -1.838 -1.038 0 0 0
0.038 -1.088 -1.062 0 0 0
-2.838 1.463 -0.388 0 0 0
3.788 -2.038 -0.588 0 0 0
4.013 6.963 8.162 0 0 0
0.638 -1.338 -1.113 0 0 0
-3.312 -0.663 -0.163 0 0 0
-2.413 1.638 0.013 0 0 0
0.888 1.863 -0.338 0 0 0
-3.238 0.988 -0.038 0 0 0
4.163 5.288 7.363 0 0 0
0.713 0.938 -0.238 0 0 0
-3.463 1.588 -0.288 0 0 0
4.188 2.812 3.513 0 0 0
-3.438 0.088 -0.038 0 0 0
-3.213 3.312 0.363 0 0 0
-2.513 -1.312 -1.012 0 0 0
0.513 0.938 0.013 0 0 0
-1.638 -7.363 5.963 0 0 0
-1.713 -1.663 -1.088 0 0 0
3.588 -6.363 5.413 0 0 0
-6.513 -7.388 1.388 0 0 0
-6.913 -1.938 -0.438 0 0 0
-3.312 -0.488 0.238 0 0 0
-3.363 0.013 -0.138 0 0 0
0.388 0.388 0.013 0 0 0
0.588 -0.038 -0.338 0 0 0
1.012 -7.888 4.413 0 0 0
0.863 0.062 0.788 0 0 0
-2.863 -6.463 0.013 0 0 0
-5.513 7.363 7.588 0 0 0
-2.913 2.188 0.013 0 0 0
-1.913 5.763 7.763 0 0 0
3.888 -1.988 -0.863 0 0 0
-3.938 1.513 -0.938 0 0 0
-2.337 -0.788 -0.988 0 0 0
0.363 0.863 -0.338 0 0 0
-10.938 -10.938 0.013 0 0 0
-0.863 -0.163 -1.688 0 0 0
0.113 0.038 0.013 0 0 0
4.088 -0.263 -2.238 0 0 0
-5.613 -19.538 0.013 0 0 0
-0.088 0.038 0.263 0 0 0
-2.212 -0.788 -1.113 0 0 0
4.213 3.138 3.938 0 0 0
-3.163 1.538 0.013 0 0 0
0.788 0.463 -0.213 0 0 0
1.062 -7.663 3.788 0 0 0
-2.038 12.213 7.513 0 0 0
0.513 -0.938 -0.988 0 0 0
-5.213 1.738 16.863 0 0 0
-2.138 0.013 -0.088 0 0 0
-6.988 8.188 7.138 0 0 0
-2.038 -1.012 -1.088 0 0 0
-3.263 -0.812 0.013 0 0 0
-2.438 -1.363 -0.963 0 0 0
-14.438 5.688 8.238 0 0 0
-3.163 2.288 0.013 0 0 0
-0.062 -0.288 -0.213 0 0 0
0.663 -0.513 -0.312 0 0 0
-1.713 0.062 0.463 0 0 0
0.338 -0.238 -0.363 0 0 0
0.438 -0.088 -0.738 0 0 0
-10.438 -0.788 9.312 0 0 0
-3.263 -0.062 0.013 0 0 0
-8.588 1.763 16.713 0 0 0
3.763 5.312 1.863 0 0 0
-10.713 9.412 1.988 0 0 0
-3.588 9.938 2.688 0 0 0
-1.812 7.138 8.037 0 0 0
0.788 1.963 0.463 0 0 0
-1.213 -0.238 -2.463 0 0 0
3.413 0.713 7.638 0 0 0
0.138 -0.138 -1.488 0 0 0
-3.513 0.188 1.538 0 0 0
-4.988 1.763 17.262 0 0 0
-3.038 -0.788 9.238 0 0 0
-4.963 16.262 6.238 0 0 0
-8.662 8.138 7.088 0 0 0
-8.213 9.812 0.713 0 0 0
0.363 -0.138 -1.488 0 0 0
-2.688 -0.138 -1.763 0 0 0
-0.537 1.688 0.013 0 0 0
-0.413 5.838 7.863 0 0 0
-5.113 11.988 7.263 0 0 0
-7.913 16.238 -0.213 0 0 0
-14.913 -7.588 0.138 0 0 0
-15.288 1.688 15.163 0 0 0
-11.388 -10.988 0.013 0 0 0
-3.288 -10.763 0.013 0 0 0
-1.137 1.738 -1.012 0 0 0
-0.388 -0.088 0.038 0 0 0
0.888 0.838 0.363 0 0 0
-3.413 0.913 0.163 0 0 0
-3.312 1.088 0.938 0 0 0
-0.562 0.013 0.163 0 0 0
4.112 6.613 6.413 0 0 0
0.188 -0.888 -0.988 0 0 0
-2.963 -0.213 -2.663 0 0 0
2.863 -7.938 4.538 0 0 0
3.638 -0.263 3.538 0 0 0
0.188 6.238 8.037 0 0 0
-0.263 -0.088 -0.088 0 0 0
-3.312 1.388 1.188 0 0 0
-4.188 13.588 8.838 0 0 0
-1.188 7.038 6.812 0 0 0
-2.888 -1.413 -0.963 0 0 0
-1.838 -0.013 -0.388 0 0 0
-2.087 0.038 0.213 0 0 0
-12.038 -10.088 0.013 0 0 0
-0.238 -0.888 -0.988 0 0 0
-9.488 13.538 7.988 0 0 0
-1.538 -0.213 -2.463 0 0 0
-3.312 0.638 -0.088 0 0 0
-2.312 -0.263 -0.288 0 0 0
-3.213 -1.413 -1.113 0 0 0
-4.213 7.763 7.588 0 0 0
-1.288 1.588 0.013 0 0 0
-2.388 0.113 -1.213 0 0 0
-4.038 -7.413 4.263 0 0 0
-1.062 1.438 0.013 0 0 0
0.263 5.888 7.913 0 0 0
-3.763 2.713 -0.738 0 0 0
-0.663 -0.888 -0.988 0 0 0
-0.963 -0.213 -2.413 0 0 0
-15.438 1.638 14.763 0 0 0
0.588 -0.062 -0.537 0 0 0
-2.188 -0.588 -0.913 0 0 0
-4.663 -9.162 0.013 0 0 0
-14.562 5.488 7.013 0 0 0
-1.713 1.588 0.013 0 0 0
-18.663 7.488 7.588 0 0 0
-1.488 1.438 0.013 0 0 0
2.713 -7.863 3.913 0 0 0
-1.388 -0.213 -2.413 0 0 0
-3.213 -0.788 -0.963 0 0 0
-1.163 -0.763 -1.012 0 0 0
0.113 0.463 0.238 0 0 0
-3.113 -2.238 -0.963 0 0 0
3.938 -4.312 1.413 0 0 0
-14.812 1.088 9.162 0 0 0
-2.863 -0.488 -0.312 0 0 0
0.288 0.812 -0.138 0 0 0
0.213 10.588 1.488 0 0 0
0.788 0.888 0.013 0 0 0
0.913 0.438 0.138 0 0 0
3.738 1.738 0.013 0 0 0
-6.763 -7.513 4.663 0 0 0
-2.863 1.413 -0.438 0 0 0
4.388 6.663 -1.113 0 0 0
-0.363 0.263 0.338 0 0 0
0.888 -0.562 0.013 0 0 0
3.988 -2.613 1.913 0 0 0
-1.588 -0.763 -1.012 0 0 0
-2.363 0.013 -0.138 0 0 0
0.713 1.438 0.013 0 0 0
4.237 -7.062 0.013 0 0 0
-2.488 -1.738 -0.913 0 0 0
0.913 2.638 0.263 0 0 0
-10.163 13.938 8.238 0 0 0
-3.312 -1.363 -0.938 0 0 0
2.488 8.013 6.913 0 0 0
-0.688 -1.213 -1.088 0 0 0
0.913 0.613 0.537 0 0 0
-12.088 1.113 9.688 0 0 0
0.663 0.788 -0.238 0 0 0
-4.088 2.763 -0.738 0 0 0
-0.088 0.062 0.613 0 0 0
-2.238 1.338 0.013 0 0 0
-3.263 -0.213 -0.013 0 0 0
-3.738 2.613 -0.188 0 0 0
-3.263 3.138 -0.038 0 0 0
0.613 -0.763 -1.012 0 0 0
-2.888 1.038 -0.413 0 0 0
-1.113 -1.213 -1.088 0 0 0
-1.663 -0.038 -0.613 0 0 0
-10.088 13.288 7.863 0 0 0
0.562 -0.312 -3.213 0 0 0
-0.513 -0.138 -1.463 0 0 0
-6.988 -0.763 9.162 0 0 0
0.562 -0.213 -0.238 0 0 0
-2.263 -0.812 0.013 0 0 0
-15.863 5.713 7.863 0 0 0
-2.738 -0.062 -1.012 0 0 0
0.388 -0.888 -1.038 0 0 0
-12.688 1.738 16.088 0 0 0
0.888 0.812 0.163 0 0 0
0.188 -0.763 -1.012 0 0 0
-2.163 -0.913 0.013 0 0 0
-0.613 0.513 0.738 0 0 0
3.838 -2.988 0.038 0 0 0
-3.163 4.513 0.488 0 0 0
-3.763 -7.363 4.963 0 0 0
0.588 2.388 0.013 0 0 0
-3.138 0.838 0.763 0 0 0
-3.338 0.388 0.588 0 0 0
-0.038 -0.888 -1.038 0 0 0
-0.013 -0.888 -1.038 0 0 0
-5.113 -10.938 0.013 0 0 0
0.562 0.838 0.013 0 0 0
0.588 -1.137 -0.988 0 0 0
-2.888 4.438 0.138 0 0 0
-0.062 -0.812 0.013 0 0 0
-9.213 7.188 7.938 0 0 0
0.713 -0.713 -1.012 0 0 0
0.913 0.688 0.562 0 0 0
0.088 0.038 0.513 0 0 0
-0.488 0.963 0.638 0 0 0
-1.812 7.188 7.863 0 0 0
-2.688 1.263 0.013 0 0 0
-0.288 0.113 1.163 0 0 0
-1.838 -0.913 -0.963 0 0 0
3.812 -3.438 2.113 0 0 0
4.038 2.562 3.513 0 0 0
-2.238 -0.812 -1.012 0 0 0
-2.513 -6.538 0.013 0 0 0
-8.338 6.163 7.488 0 0 0
0.513 -1.413 -0.213 0 0 0
-3.588 12.188 7.438 0 0 0
-2.263 -0.788 -1.113 0 0 0
-8.888 -10.238 0.013 0 0 0
-8.713 -7.438 3.588 0 0 0
1.062 -0.163 -1.613 0 0 0
0.488 0.062 -0.863 0 0 0
-0.488 0.113 1.012 0 0 0
-0.963 -0.763 -1.062 0 0 0
-13.062 15.388 6.613 0 0 0
-3.113 -1.938 0.013 0 0 0
-3.638 -1.388 -0.163 0 0 0
0.138 1.588 0.013 0 0 0
0.863 -0.738 -0.963 0 0 0
-3.413 0.088 0.138 0 0 0
3.888 -2.713 0.038 0 0 0
-3.013 5.763 8.088 0 0 0
4.163 3.312 4.062 0 0 0
-11.413 -9.588 0.013 0 0 0
0.788 -0.213 -2.113 0 0 0
-4.112 7.963 7.288 0 0 0
-2.388 2.212 0.013 0 0 0
-1.238 -1.113 -1.062 0 0 0
0.312 0.763 -0.238 0 0 0
-3.363 -2.913 -0.638 0 0 0
-1.388 -0.763 -1.062 0 0 0
-22.113 4.213 6.062 0 0 0
-3.113 -1.188 0.013 0 0 0
-3.312 -0.638 0.138 0 0 0
-0.038 -0.812 -1.012 0 0 0
-0.013 -0.812 -1.012 0 0 0
0.913 0.413 -0.062 0 0 0
-0.638 0.038 0.388 0 0 0
3.788 -3.763 3.288 0 0 0
-12.513 7.863 7.013 0 0 0
-10.413 7.213 7.013 0 0 0
0.338 -0.388 -3.812 0 0 0
-2.738 0.488 -0.338 0 0 0
-3.338 -0.288 0.013 0 0 0
-1.288 -7.363 5.988 0 0 0
-13.763 -7.163 3.888 0 0 0
0.388 0.688 -0.338 0 0 0
-3.113 1.012 0.138 0 0 0
-2.863 -0.638 -0.363 0 0 0
-6.288 7.113 7.838 0 0 0
3.838 -3.713 2.263 0 0 0
0.812 0.863 0.062 0 0 0
0.588 -0.312 -0.288 0 0 0
-3.113 -0.438 0.013 0 0 0
-0.463 -0.812 -1.012 0 0 0
-7.663 7.513 7.663 0 0 0
-0.688 1.288 0.013 0 0 0
-2.087 1.812 -1.088 0 0 0
-1.012 2.288 0.013 0 0 0
-3.588 -1.263 -0.638 0 0 0
3.713 -5.938 4.188 0 0 0
-3.312 0.562 -0.113 0 0 0
-3.338 0.463 0.013 0 0 0
-2.988 -2.062 -0.888 0 0 0
-0.312 -0.138 -1.513 0 0 0
0.038 0.638 0.562 0 0 0
-3.213 -1.438 0.013 0 0 0
-7.288 1.763 17.038 0 0 0
-8.912 -16.088 0.013 0 0 0
-8.638 9.663 2.212 0 0 0
3.838 -2.562 0.863 0 0 0
-0.088 0.638 0.163 0 0 0
-0.513 -0.163 -1.663 0 0 0
-0.488 0.013 0.038 0 0 0
-3.812 1.538 -0.763 0 0 0
-7.613 6.338 -0.688 0 0 0
0.663 -0.088 -0.812 0 0 0
2.788 1.062 11.238 0 0 0
-0.788 -0.913 -1.012 0 0 0
-3.338 1.213 0.013 0 0 0
-0.812 1.312 0.013 0 0 0
-7.238 5.663 8.088 0 0 0
2.038 9.412 2.963 0 0 0
-3.738 16.238 6.963 0 0 0
3.788 -3.388 -0.388 0 0 0
0.913 0.488 -0.013 0 0 0
-0.938 -0.163 -1.663 0 0 0
3.388 -7.513 4.338 0 0 0
-12.663 5.488 6.913 0 0 0
-3.763 1.213 0.013 0 0 0
-2.013 0.038 0.088 0 0 0
-2.188 -0.488 -0.537 0 0 0
-3.263 -0.338 0.062 0 0 0
3.288 -7.413 2.388 0 0 0
-6.613 -10.988 0.013 0 0 0
4.163 3.562 4.487 0 0 0
-26.113 1.137 8.388 0 0 0
-2.863 -0.562 -0.338 0 0 0
0.738 0.888 0.338 0 0 0
3.913 -3.488 1.137 0 0 0
0.288 -0.738 8.812 0 0 0
-2.238 0.062 0.238 0 0 0
0.062 -0.263 -0.013 0 0 0
0.062 -0.263 -0.038 0 0 0
-1.213 7.963 7.713 0 0 0
0.913 0.663 0.363 0 0 0
-12.788 -16.387 0.013 0 0 0
-19.738 0.838 5.963 0 0 0
-1.588 0.088 0.638 0 0 0
4.213 -9.013 0.013 0 0 0
-1.713 5.863 7.838 0 0 0
-2.438 0.038 0.088 0 0 0
-9.812 8.113 7.312 0 0 0
-14.388 6.263 8.412 0 0 0
-0.138 0.613 0.062 0 0 0
-1.613 2.588 0.013 0 0 0
-1.238 -0.163 -1.788 0 0 0
3.913 -1.713 1.163 0 0 0
-9.738 -9.088 0.013 0 0 0
3.988 -1.538 1.163 0 0 0
0.913 0.537 0.513 0 0 0
-2.888 -0.363 -0.013 0 0 0
0.062 0.488 -0.038 0 0 0
0.062 0.488 -0.013 0 0 0
-1.638 -2.062 -0.888 0 0 0
-1.562 1.213 0.013 0 0 0
1.788 -6.638 0.013 0 0 0
0.788 10.938 1.538 0 0 0
-2.013 0.088 0.638 0 0 0
-11.688 7.038 8.013 0 0 0
-9.988 -11.088 0.013 0 0 0
-1.663 -0.163 -1.788 0 0 0
-17.838 1.188 9.788 0 0 0
4.338 7.213 1.688 0 0 0
-2.538 -2.163 -0.938 0 0 0
-16.238 -10.138 0.013 0 0 0
-3.288 -0.388 0.062 0 0 0
-5.988 5.488 7.388 0 0 0
-18.262 -9.312 0.013 0 0 0
3.913 -2.562 1.538 0 0 0
3.438 -2.838 0.488 0 0 0
-0.513 -0.788 -1.088 0 0 0
-0.312 7.088 7.763 0 0 0
0.062 0.663 0.363 0 0 0
-1.038 1.263 0.013 0 0 0
-0.888 6.988 7.863 0 0 0
3.863 -4.513 2.163 0 0 0
3.738 -2.212 0.763 0 0 0
-2.438 0.088 0.638 0 0 0
4.188 -5.738 0.013 0 0 0
-3.062 4.713 -0.062 0 0 0
-4.188 -10.388 0.013 0 0 0
0.338 -0.438 -0.288 0 0 0
-11.788 1.113 9.812 0 0 0
0.713 -0.088 -0.913 0 0 0
-13.713 1.713 15.638 0 0 0
0.213 0.062 0.738 0 0 0
-1.638 0.062 0.537 0 0 0
-5.562 1.738 16.938 0 0 0
0.763 1.338 0.013 0 0 0
-0.638 1.863 -1.088 0 0 0
0.163 0.562 0.363 0 0 0
2.463 -7.788 4.438 0 0 0
-0.913 -0.812 -0.988 0 0 0
3.938 2.738 3.738 0 0 0
-0.938 -0.788 -1.088 0 0 0
-2.413 7.163 8.088 0 0 0
0.963 -0.388 0.013 0 0 0
-1.463 1.263 0.013 0 0 0
-0.038 -0.788 9.363 0 0 0
4.338 7.838 1.838 0 0 0
4.188 -4.988 0.013 0 0 0
-6.863 1.738 16.838 0 0 0
-10.988 16.163 6.938 0 0 0
-1.338 -0.812 -0.988 0 0 0
-4.588 8.138 5.938 0 0 0
-1.363 -0.788 -1.088 0 0 0
-1.338 -0.788 9.263 0 0 0
-2.138 -0.463 -0.638 0 0 0
-4.838 -9.488 0.013 0 0 0
0.938 -0.062 -0.513 0 0 0
-1.888 1.263 0.013 0 0 0
-2.337 4.487 -0.763 0 0 0
1.538 3.988 5.312 0 0 0
0.938 0.388 -0.088 0 0 0
-10.988 1.738 16.163 0 0 0
3.088 -0.738 9.113 0 0 0
4.062 4.362 4.138 0 0 0
-3.312 5.913 8.162 0 0 0
2.763 5.488 7.562 0 0 0
-9.788 1.113 10.062 0 0 0
-10.638 1.062 9.513 0 0 0
-5.288 14.113 7.588 0 0 0
3.238 -0.562 7.038 0 0 0
3.138 5.863 8.088 0 0 0
-1.763 -0.812 -0.988 0 0 0
-5.013 8.138 5.938 0 0 0
-3.113 0.013 -0.288 0 0 0
-2.888 -0.213 -2.588 0 0 0
-6.938 1.088 10.188 0 0 0
0.537 0.363 0.013 0 0 0
4.237 4.188 5.312 0 0 0
-7.838 6.463 7.863 0 0 0
-1.812 0.038 0.038 0 0 0
-2.488 0.062 0.013 0 0 0
-13.888 5.688 8.213 0 0 0
-3.363 1.263 0.863 0 0 0
-7.863 -9.037 0.013 0 0 0
-3.312 -0.588 -0.013 0 0 0
-2.212 1.163 0.013 0 0 0
-5.888 -0.788 8.588 0 0 0
0.888 -1.413 -0.213 0 0 0
0.638 -0.638 -0.238 0 0 0
0.312 1.263 0.013 0 0 0
-0.188 -0.263 -0.263 0 0 0
-5.263 6.238 8.238 0 0 0
4.112 2.713 3.638 0 0 0
-1.463 2.312 -1.088 0 0 0
-8.688 -3.663 1.513 0 0 0
4.138 3.738 5.188 0 0 0
-0.263 -0.738 -1.038 0 0 0
-2.113 0.113 -1.388 0 0 0
-3.713 -1.513 -0.938 0 0 0
-16.163 1.663 14.938 0 0 0
-7.588 1.113 10.338 0 0 0
-5.713 -17.588 0.013 0 0 0
-2.113 8.113 7.488 0 0 0
-2.238 0.038 0.038 0 0 0
-2.638 1.163 0.013 0 0 0
-4.513 16.137 7.263 0 0 0
-1.888 2.312 -1.088 0 0 0
0.013 -0.638 0.013 0 0 0
3.513 -7.238 4.263 0 0 0
-2.513 2.613 0.013 0 0 0
-24.538 9.062 8.013 0 0 0
-0.688 -0.738 -1.038 0 0 0
-5.513 1.738 16.838 0 0 0
0.213 0.562 0.263 0 0 0
-17.338 6.413 8.238 0 0 0
-3.213 16.163 7.312 0 0 0
-5.663 -9.037 0.013 0 0 0
-2.388 -2.388 -0.888 0 0 0
-7.638 5.788 7.638 0 0 0
0.988 0.263 -0.188 0 0 0
4.088 3.913 3.288 0 0 0
-0.562 0.463 0.613 0 0 0
-0.463 -0.888 -1.038 0 0 0
0.263 1.363 -0.238 0 0 0
0.938 -0.163 -1.488 0 0 0
0.913 0.513 0.312 0 0 0
0.388 -0.537 -0.238 0 0 0
-3.263 2.337 0.888 0 0 0
4.088 4.213 3.538 0 0 0
-3.288 0.738 -0.263 0 0 0
3.763 -1.988 0.688 0 0 0
-3.363 -1.488 0.013 0 0 0
-18.762 7.863 6.888 0 0 0
0.363 -0.513 -0.338 0 0 0
-14.088 1.713 15.538 0 0 0
-1.113 -0.738 -1.038 0 0 0
-0.138 3.812 0.013 0 0 0
0.138 0.562 0.663 0 0 0
-0.913 -1.413 -0.188 0 0 0
-3.312 1.663 0.638 0 0 0
-0.888 -0.888 -1.038 0 0 0
0.338 -0.238 -2.288 0 0 0
-1.312 1.713 -1.038 0 0 0
-1.513 -0.238 -2.488 0 0 0
-1.038 -0.312 -3.363 0 0 0
0.938 0.638 0.338 0 0 0
0.537 -0.763 -0.988 0 0 0
-3.338 0.113 0.638 0 0 0
4.188 2.663 3.413 0 0 0
-0.113 -0.438 0.013 0 0 0
0.788 9.088 2.763 0 0 0
-3.113 0.988 0.663 0 0 0
3.988 6.413 8.162 0 0 0
0.113 -0.588 0.013 0 0 0
-3.263 -0.288 -0.113 0 0 0
-1.838 8.088 7.013 0 0 0
-9.888 5.938 7.938 0 0 0
-0.238 -0.113 0.038 0 0 0
0.938 0.363 0.312 0 0 0
-2.838 -1.613 -0.988 0 0 0
0.113 -0.763 -0.988 0 0 0
-2.163 0.013 -0.188 0 0 0
-9.938 -7.363 4.312 0 0 0
-12.513 1.062 9.338 0 0 0
0.838 -0.988 -1.088 0 0 0
0.488 -0.088 -0.963 0 0 0
3.863 -5.238 2.513 0 0 0
0.338 -0.588 -0.338 0 0 0
-3.463 -0.863 -0.138 0 0 0
-3.413 -17.538 0.013 0 0 0
2.513 7.913 5.663 0 0 0
-11.213 1.088 9.663 0 0 0
0.088 0.513 0.562 0 0 0
-1.788 0.113 0.988 0 0 0
-2.638 -1.413 -1.113 0 0 0
-12.738 11.988 9.113 0 0 0
0.413 -0.988 -1.088 0 0 0
0.913 0.588 0.338 0 0 0
0.062 0.537 -0.213 0 0 0
0.863 1.938 -0.188 0 0 0
-6.638 -2.288 0.013 0 0 0
-3.263 -0.688 0.013 0 0 0
-0.138 -0.488 0.013 0 0 0
3.988 2.688 3.812 0 0 0
-0.613 -0.763 -1.038 0 0 0
-25.213 5.963 7.263 0 0 0
-8.812 1.738 16.463 0 0 0
-8.963 -10.663 0.013 0 0 0
-3.338 -0.738 -1.012 0 0 0
3.988 2.988 4.062 0 0 0
1.213 -0.363 -3.488 0 0 0
3.913 -3.963 1.913 0 0 0
-2.812 5.688 8.013 0 0 0
-11.588 8.088 7.238 0 0 0
0.263 7.913 5.713 0 0 0
0.138 -0.163 -1.738 0 0 0
3.013 -0.788 9.312 0 0 0
-0.963 1.663 0.013 0 0 0
-1.038 -0.763 -1.038 0 0 0
-2.438 -0.238 -2.613 0 0 0
-3.738 2.138 -0.738 0 0 0
-6.938 8.138 7.088 0 0 0
-3.812 -2.663 0.288 0 0 0
-12.638 13.338 7.963 0 0 0
-2.438 -0.763 -1.062 0 0 0
0.413 -0.062 -0.688 0 0 0
-1.363 3.213 0.013 0 0 0
0.562 -0.113 -1.188 0 0 0
4.163 4.138 5.513 0 0 0
-3.113 0.163 -0.088 0 0 0
-8.238 16.288 7.288 0 0 0
-2.363 0.062 0.363 0 0 0
-2.413 7.213 7.913 0 0 0
-2.312 -0.188 -0.163 0 0 0
4.188 3.938 4.612 0 0 0
-1.388 1.663 0.013 0 0 0
-6.863 -9.812 0.013 0 0 0
-3.163 1.688 -1.113 0 0 0
-5.638 1.763 17.163 0 0 0
0.788 0.088 0.888 0 0 0
-12.113 -10.913 0.013 0 0 0
-2.488 0.213 0.213 0 0 0
-0.062 0.038 0.338 0 0 0
-2.163 -0.363 -0.513 0 0 0
4.163 -6.938 0.013 0 0 0
4.263 3.538 3.863 0 0 0
0.562 0.062 -0.788 0 0 0
3.888 -2.138 1.788 0 0 0
-7.188 5.913 7.938 0 0 0
-10.338 1.812 17.062 0 0 0
-3.338 1.562 0.812 0 0 0
3.888 -5.188 2.038 0 0 0
1.088 -0.238 -2.188 0 0 0
-4.263 -1.738 0.513 0 0 0
-18.588 -9.062 0.013 0 0 0
-3.263 -0.788 -0.963 0 0 0
-0.488 0.038 0.338 0 0 0
-7.438 1.713 16.562 0 0 0
-1.688 -0.363 -3.963 0 0 0
4.163 -6.188 0.013 0 0 0
0.088 -7.438 4.338 0 0 0
0.463 1.513 -1.038 0 0 0
-9.812 -9.162 0.013 0 0 0
-3.113 -0.113 -1.463 0 0 0
-1.137 -1.288 -0.463 0 0 0
0.938 -0.838 0.013 0 0 0
-3.312 0.488 -0.188 0 0 0
-0.113 0.562 -0.163 0 0 0
-0.663 0.113 -1.213 0 0 0
-0.537 0.438 0.588 0 0 0
0.613 0.338 -0.263 0 0 0
3.938 -1.888 1.163 0 0 0
-1.788 1.513 0.013 0 0 0
3.538 0.537 5.888 0 0 0
-3.438 1.238 -0.062 0 0 0
-1.288 7.888 5.688 0 0 0
-8.688 8.188 6.013 0 0 0
-4.362 5.963 8.238 0 0 0
-2.988 4.737 -0.388 0 0 0
0.838 1.513 0.013 0 0 0
-15.713 8.763 7.088 0 0 0
0.463 7.213 8.088 0 0 0
-3.263 -0.438 -0.163 0 0 0
-1.963 -0.888 -1.012 0 0 0
0.488 0.963 0.013 0 0 0
-0.138 -0.238 -0.163 0 0 0
0.663 -0.588 -0.238 0 0 0
-2.738 -0.113 -0.138 0 0 0
3.713 2.913 0.013 0 0 0
-0.788 0.088 0.838 0 0 0
3.713 -10.188 0.013 0 0 0
-1.863 -1.288 -0.513 0 0 0
0.788 0.863 -0.238 0 0 0
-9.037 1.088 9.963 0 0 0
-6.513 7.938 6.488 0 0 0
-4.788 5.963 8.238 0 0 0
0.413 1.513 0.013 0 0 0
-1.963 -2.038 -0.888 0 0 0
4.013 4.913 6.863 0 0 0
-5.913 5.738 7.938 0 0 0
-2.663 0.138 1.012 0 0 0
-1.663 0.088 0.663 0 0 0
-0.038 -0.788 0.013 0 0 0
0.488 1.713 0.013 0 0 0
3.288 6.388 8.613 0 0 0
4.213 4.038 5.562 0 0 0
-5.312 7.113 7.812 0 0 0
-10.013 7.562 7.513 0 0 0
-2.888 -0.463 -0.263 0 0 0
-12.213 15.738 6.088 0 0 0
0.537 -0.363 -3.713 0 0 0
-1.113 1.513 -1.088 0 0 0
0.988 -0.138 -1.388 0 0 0
-0.088 0.038 0.363 0 0 0
-1.938 0.038 0.163 0 0 0
0.388 0.713 0.013 0 0 0
-3.113 1.038 0.488 0 0 0
0.763 -0.388 -0.062 0 0 0
-0.513 -1.338 -1.062 0 0 0
-2.562 -1.338 -1.012 0 0 0
-1.338 7.613 7.388 0 0 0
-5.138 5.888 8.138 0 0 0
3.838 -4.888 1.588 0 0 0
-2.763 -0.163 -0.138 0 0 0
0.688 -1.463 -1.113 0 0 0
-1.812 7.988 7.763 0 0 0
-8.338 -0.738 8.863 0 0 0
-2.663 -0.238 -2.663 0 0 0
-3.188 0.988 -0.263 0 0 0
0.562 -0.138 -1.388 0 0 0
-0.088 0.788 0.363 0 0 0
-2.363 0.038 0.163 0 0 0
-2.738 1.263 0.013 0 0 0
0.713 -1.062 -0.988 0 0 0
-2.988 -6.688 0.013 0 0 0
3.838 -1.713 0.588 0 0 0
-25.038 -11.688 0.013 0 0 0
-2.188 -0.513 -0.738 0 0 0
-0.938 -1.338 -1.062 0 0 0
-3.263 -0.363 -0.138 0 0 0
-0.062 -0.288 -0.113 0 0 0
-2.663 -0.763 -1.113 0 0 0
-1.163 -0.163 -1.713 0 0 0
0.338 1.363 -0.638 0 0 0
-0.263 -0.288 0.138 0 0 0
-14.913 7.312 7.163 0 0 0
-3.338 0.788 0.613 0 0 0
-19.213 4.288 5.312 0 0 0
-2.863 -1.788 -0.888 0 0 0
0.263 -1.463 -1.113 0 0 0
-3.263 -0.062 0.113 0 0 0
0.463 -1.413 -0.213 0 0 0
0.988 -0.088 -0.838 0 0 0
-7.463 1.062 9.812 0 0 0
-14.863 1.688 15.263 0 0 0
0.938 -0.463 -0.312 0 0 0
0.288 -1.062 -0.988 0 0 0
-2.562 1.363 0.013 0 0 0
3.763 -0.213 2.738 0 0 0
-1.438 -1.213 -1.088 0 0 0
-3.312 0.913 0.638 0 0 0
-12.413 6.788 8.162 0 0 0
-1.438 5.763 7.763 0 0 0
-0.438 -0.788 -1.012 0 0 0
-0.513 0.088 0.913 0 0 0
3.863 -0.188 2.513 0 0 0
-12.488 5.863 7.562 0 0 0
-3.413 0.613 0.013 0 0 0
0.263 6.263 7.738 0 0 0
4.088 4.888 6.863 0 0 0
-9.113 6.888 7.963 0 0 0
-5.613 -11.013 0.013 0 0 0
-0.363 0.013 0.013 0 0 0
0.638 -0.038 -0.338 0 0 0
0.788 -0.088 -0.838 0 0 0
0.913 -1.263 -0.312 0 0 0
-8.588 -3.738 2.337 0 0 0
-0.863 -0.788 -1.012 0 0 0
-8.388 4.988 0.788 0 0 0
-3.388 -0.288 0.013 0 0 0
3.863 8.963 1.238 0 0 0
-3.988 -2.087 0.338 0 0 0
-3.312 -0.113 0.013 0 0 0
-1.338 -2.038 -0.938 0 0 0
0.413 7.938 6.863 0 0 0
-0.888 0.113 -1.263 0 0 0
0.213 0.863 -0.088 0 0 0
-2.288 -1.213 -1.088 0 0 0
-9.388 6.288 8.338 0 0 0
0.713 -1.263 -0.312 0 0 0
0.913 0.812 -0.013 0 0 0
1.012 -0.062 -0.438 0 0 0
-18.788 5.312 7.413 0 0 0
-5.838 -9.363 0.013 0 0 0
-0.338 -0.738 -1.012 0 0 0
-2.212 4.237 -1.213 0 0 0
-1.888 -1.588 -1.062 0 0 0
-2.763 -0.138 -1.863 0 0 0
-3.388 1.788 0.288 0 0 0
-2.588 -0.788 -1.113 0 0 0
-25.513 5.863 6.863 0 0 0
-1.663 -1.588 -1.062 0 0 0
-2.212 -0.363 -0.188 0 0 0
0.713 -0.513 -0.312 0 0 0
-12.013 7.062 8.488 0 0 0
-1.012 1.663 0.013 0 0 0
-18.288 -7.463 1.788 0 0 0
-1.163 -0.238 -2.463 0 0 0
-3.288 1.263 0.938 0 0 0
-9.713 -10.413 0.013 0 0 0
-3.213 1.288 0.013 0 0 0
-3.538 2.288 0.013 0 0 0
-1.538 -0.163 -1.812 0 0 0
-19.163 4.763 4.963 0 0 0
3.963 -4.213 1.388 0 0 0
0.638 -0.138 -1.312 0 0 0
-1.188 -0.738 -1.012 0 0 0
-21.988 1.938 17.038 0 0 0
4.163 2.713 2.938 0 0 0
-6.812 6.938 7.963 0 0 0
-11.312 -0.738 7.513 0 0 0
4.112 -6.338 0.013 0 0 0
0.938 1.988 0.238 0 0 0
-2.838 -0.388 -0.338 0 0 0
-0.288 0.138 0.188 0 0 0
-12.213 5.738 7.863 0 0 0
-0.913 2.288 0.013 0 0 0
-3.513 0.363 3.363 0 0 0
0.163 -0.312 -0.062 0 0 0
0.913 0.438 0.238 0 0 0
-1.638 8.013 6.938 0 0 0
0.688 0.013 -0.013 0 0 0
-3.213 -0.038 -0.863 0 0 0
-9.738 -11.213 0.013 0 0 0
-4.138 -0.838 -1.012 0 0 0
-2.188 0.088 0.488 0 0 0
-10.013 8.013 7.213 0 0 0
-10.888 1.763 16.637 0 0 0
-7.863 9.988 -0.788 0 0 0
0.663 0.088 1.012 0 0 0
-2.738 -0.113 -1.463 0 0 0
0.913 0.312 0.388 0 0 0
-0.213 9.763 2.888 0 0 0
-22.213 3.613 5.238 0 0 0
1.012 -0.163 -1.413 0 0 0
-9.963 -10.312 0.013 0 0 0
-1.613 1.213 0.013 0 0 0
-2.238 0.013 -0.163 0 0 0
-0.613 -1.038 -0.988 0 0 0
-3.713 13.938 9.412 0 0 0
3.763 -7.088 2.288 0 0 0
-3.288 -0.013 -0.463 0 0 0
-0.088 0.062 0.713 0 0 0
-3.338 -0.188 -2.263 0 0 0
-2.613 0.088 0.488 0 0 0
-3.288 -0.613 -0.062 0 0 0
-1.638 -0.788 9.013 0 0 0
-1.562 3.188 0.013 0 0 0
2.888 -7.413 5.338 0 0 0
-3.312 0.888 0.438 0 0 0
-1.438 1.288 0.013 0 0 0
0.238 1.338 -0.537 0 0 0
-3.263 -0.213 0.062 0 0 0
-1.812 0.062 0.388 0 0 0
-1.663 -0.038 -0.513 0 0 0
-22.738 -0.613 5.088 0 0 0
-1.788 3.763 -0.638 0 0 0
0.513 -1.638 -1.062 0 0 0
4.163 4.612 6.163 0 0 0
4.112 3.613 4.513 0 0 0
-3.363 -0.638 0.338 0 0 0
0.688 0.938 0.363 0 0 0
-0.788 5.788 7.888 0 0 0
3.688 -6.163 4.362 0 0 0
-3.613 7.088 8.013 0 0 0
4.263 7.413 1.713 0 0 0
2.513 -7.588 6.363 0 0 0
3.938 2.513 3.613 0 0 0
0.888 0.812 0.263 0 0 0
0.363 -0.238 -0.288 0 0 0
-5.038 5.788 8.088 0 0 0
-5.488 7.988 7.288 0 0 0
-3.163 1.012 0.338 0 0 0
0.163 -0.238 -0.013 0 0 0
0.163 -0.238 -0.038 0 0 0
3.663 7.088 7.713 0 0 0
0.537 -0.488 -0.263 0 0 0
-3.288 0.013 0.088 0 0 0
0.763 -0.013 0.013 0 0 0
0.763 -0.038 0.013 0 0 0
-1.588 -1.263 -0.488 0 0 0
0.263 -1.863 -1.038 0 0 0
-3.363 1.438 0.613 0 0 0
-6.013 5.213 7.263 0 0 0
-1.538 8.088 7.488 0 0 0
-0.213 9.838 2.913 0 0 0
-14.812 -0.738 8.812 0 0 0
0.663 -1.038 0.013 0 0 0
0.913 0.688 0.663 0 0 0
-2.438 0.062 0.388 0 0 0
0.513 -0.263 -0.238 0 0 0
-0.613 0.113 0.963 0 0 0
-0.588 -0.138 -1.562 0 0 0
0.738 -0.413 -0.238 0 0 0
-0.463 0.188 0.238 0 0 0
-3.163 -2.188 -0.938 0 0 0
0.763 1.463 0.013 0 0 0
-2.113 -9.113 0.013 0 0 0
-5.588 1.763 17.062 0 0 0
-0.388 -0.338 -0.288 0 0 0
-11.963 6.963 7.938 0 0 0
4.213 3.363 3.663 0 0 0
3.763 -3.488 2.713 0 0 0
0.863 1.338 0.013 0 0 0
-10.163 -7.188 4.663 0 0 0
-0.838 -1.088 -1.062 0 0 0
0.838 -0.138 -1.363 0 0 0
-1.012 -0.138 -1.562 0 0 0
-8.912 5.812 8.062 0 0 0
0.562 1.288 -0.738 0 0 0
-2.488 0.138 0.138 0 0 0
0.363 -0.788 -1.012 0 0 0
-8.412 -15.812 0.013 0 0 0
0.238 -0.312 0.013 0 0 0
-3.513 -7.538 3.562 0 0 0
3.963 3.613 5.188 0 0 0
3.963 5.888 8.138 0 0 0
-1.388 -0.238 -2.513 0 0 0
-2.062 -0.213 -2.538 0 0 0
0.312 -0.113 0.013 0 0 0
3.738 -3.013 2.363 0 0 0
0.638 -0.163 -1.513 0 0 0
-4.487 13.413 7.763 0 0 0
-8.638 14.163 7.588 0 0 0
0.438 1.338 0.013 0 0 0
4.138 2.763 3.788 0 0 0
-0.062 -0.788 -1.012 0 0 0
-2.613 1.338 0.013 0 0 0
-1.538 5.688 8.037 0 0 0
3.938 -0.188 -1.488 0 0 0
-8.713 -11.163 0.013 0 0 0
-1.263 -0.763 -1.088 0 0 0
-2.488 -0.562 0.013 0 0 0
3.913 7.138 7.763 0 0 0
0.038 0.463 0.263 0 0 0
-1.738 -0.138 -1.613 0 0 0
-3.312 0.688 -0.163 0 0 0
-2.513 1.238 0.013 0 0 0
0.338 0.338 0.013 0 0 0
0.013 1.338 0.013 0 0 0
0.138 0.038 0.288 0 0 0
-14.263 -11.562 0.013 0 0 0
0.588 1.137 -0.738 0 0 0
-0.488 -0.788 -1.012 0 0 0
0.238 1.188 0.013 0 0 0
-8.013 -8.588 0.013 0 0 0
3.513 -2.038 -0.213 0 0 0
0.413 -0.363 -0.238 0 0 0
0.413 0.663 -0.213 0 0 0
0.238 0.613 0.413 0 0 0
1.938 -0.788 9.338 0 0 0
-5.338 8.013 6.963 0 0 0
-2.113 1.838 -1.088 0 0 0
0.838 0.838 0.188 0 0 0
-9.438 -7.062 5.363 0 0 0
-2.812 -1.588 -0.988 0 0 0
0.213 -0.363 0.013 0 0 0
3.613 0.488 5.338 0 0 0
-0.537 5.838 8.088 0 0 0
-2.938 1.238 0.013 0 0 0
-0.413 1.338 0.013 0 0 0
-2.713 2.062 -1.113 0 0 0
-1.513 5.688 7.538 0 0 0
-1.513 -0.988 -1.062 0 0 0
0.338 0.513 0.413 0 0 0
-3.388 0.113 0.638 0 0 0
-3.738 2.588 -0.288 0 0 0
-1.288 12.238 7.538 0 0 0
-3.163 -1.213 0.013 0 0 0
-13.038 1.062 9.062 0 0 0
0.463 7.138 8.013 0 0 0
0.113 0.513 0.163 0 0 0
-1.763 -0.038 -0.688 0 0 0
-3.138 -2.113 0.013 0 0 0
0.488 -0.263 0.062 0 0 0
0.913 0.488 0.062 0 0 0
-9.238 -11.413 0.013 0 0 0
-0.613 -0.138 -1.538 0 0 0
-0.062 0.062 0.688 0 0 0
3.988 2.588 3.538 0 0 0
-2.863 -0.562 -0.238 0 0 0
-4.713 -7.288 4.188 0 0 0
-9.463 -10.513 0.013 0 0 0
0.913 0.363 0.213 0 0 0
-2.238 0.062 0.338 0 0 0
-3.812 2.738 -0.913 0 0 0
0.713 0.913 0.338 0 0 0
-1.238 5.812 8.062 0 0 0
-1.038 -0.138 -1.538 0 0 0
-2.938 4.062 0.288 0 0 0
-1.338 10.838 1.538 0 0 0
-2.738 -0.238 -2.638 0 0 0
-0.688 5.963 7.863 0 0 0
0.913 0.663 0.463 0 0 0
-1.613 -0.812 -1.038 0 0 0
-3.338 1.263 0.663 0 0 0
4.163 3.438 4.737 0 0 0
-1.588 0.088 0.738 0 0 0
0.638 -1.062 -0.963 0 0 0
-2.713 -0.788 -0.988 0 0 0
-6.838 -10.513 0.013 0 0 0
-3.463 0.988 0.013 0 0 0
-12.238 6.863 7.838 0 0 0
-1.238 -0.163 -1.688 0 0 0
-1.213 1.738 -1.038 0 0 0
-1.812 0.113 0.888 0 0 0
-9.938 -7.138 3.338 0 0 0
0.638 4.663 4.963 0 0 0
-2.238 -0.688 -0.938 0 0 0
0.913 0.537 0.613 0 0 0
4.013 3.812 5.488 0 0 0
-24.963 6.312 7.913 0 0 0
-1.438 -0.738 -1.038 0 0 0
0.062 0.488 0.062 0 0 0
-2.312 -0.188 -2.087 0 0 0
-3.713 -17.463 0.013 0 0 0
0.263 0.812 -0.213 0 0 0
-13.938 1.688 15.338 0 0 0
-2.538 0.062 0.213 0 0 0
-1.312 -0.213 -2.438 0 0 0
-0.663 7.113 7.988 0 0 0
-5.988 -7.413 4.938 0 0 0
-3.288 -0.388 0.163 0 0 0
-25.913 7.488 9.162 0 0 0
-9.438 -7.088 1.812 0 0 0
-1.238 2.538 0.013 0 0 0
-2.163 0.113 -1.188 0 0 0
-1.938 -0.913 -1.038 0 0 0
-26.513 1.113 7.988 0 0 0
-3.588 -1.188 -1.113 0 0 0
-4.688 16.113 6.913 0 0 0
0.588 -0.788 9.213 0 0 0
-0.438 0.038 0.438 0 0 0
-5.113 7.238 7.013 0 0 0
0.788 -2.087 -0.938 0 0 0
-1.963 0.013 -0.138 0 0 0
-1.488 -9.363 0.013 0 0 0
-0.638 -7.388 6.062 0 0 0
-0.588 0.113 0.938 0 0 0
-9.838 7.312 7.338 0 0 0
-0.537 0.113 -1.238 0 0 0
-3.088 4.737 -0.062 0 0 0
1.988 9.988 3.113 0 0 0
-2.312 0.088 0.613 0 0 0
-3.988 -1.213 -1.012 0 0 0
-1.663 2.538 0.013 0 0 0
-0.938 -0.788 -0.988 0 0 0
-9.788 -9.138 0.013 0 0 0
-13.938 1.738 15.888 0 0 0
-2.538 -0.788 9.338 0 0 0
0.363 -2.087 -0.938 0 0 0
-5.288 7.088 7.788 0 0 0
0.613 -0.363 -0.288 0 0 0
-5.938 -7.263 5.688 0 0 0
-2.288 7.113 6.913 0 0 0
-2.463 -1.488 -0.938 0 0 0
4.163 -4.963 0.013 0 0 0
-3.363 1.363 0.588 0 0 0
-1.788 -1.363 0.013 0 0 0
-15.013 12.088 6.963 0 0 0
4.288 -6.863 0.013 0 0 0
0.938 -0.938 -0.263 0 0 0
-8.463 -7.413 4.463 0 0 0
-8.013 5.938 7.938 0 0 0
0.388 0.537 -0.288 0 0 0
-1.363 -0.788 -0.988 0 0 0
0.013 7.088 6.888 0 0 0
0.263 -0.213 -2.188 0 0 0
-2.838 -0.138 -1.838 0 0 0
3.812 -3.562 1.038 0 0 0
4.188 2.413 3.088 0 0 0
-3.363 1.088 0.562 0 0 0
-18.938 5.788 5.138 0 0 0
4.188 3.913 4.362 0 0 0
0.038 6.963 7.812 0 0 0
3.763 5.438 7.312 0 0 0
-10.363 7.188 7.188 0 0 0
3.188 10.263 1.413 0 0 0
0.963 0.238 0.263 0 0 0
0.688 -0.562 -0.238 0 0 0
-16.363 6.238 8.562 0 0 0
4.038 2.938 4.013 0 0 0
0.913 0.738 -0.113 0 0 0
0.713 1.288 0.013 0 0 0
0.938 0.263 0.163 0 0 0
-7.088 5.888 7.988 0 0 0
-2.463 5.812 7.812 0 0 0
4.338 7.113 0.812 0 0 0
-5.163 5.788 8.213 0 0 0
-10.013 1.113 9.913 0 0 0
-0.688 1.838 -1.088 0 0 0
-10.413 1.688 15.913 0 0 0
-1.038 5.938 7.863 0 0 0
0.138 0.062 0.638 0 0 0
-1.988 3.188 0.013 0 0 0
-4.737 -10.613 0.013 0 0 0
-10.238 6.038 7.863 0 0 0
0.913 -0.413 0.013 0 0 0
-2.488 0.062 0.113 0 0 0
-0.562 0.863 0.588 0 0 0
-0.363 -0.238 -2.337 0 0 0
-0.363 1.263 -1.062 0 0 0
-1.812 -1.413 0.013 0 0 0
-0.188 -0.263 -0.163 0 0 0
-2.463 -0.163 -1.938 0 0 0
-2.238 1.188 0.013 0 0 0
-25.013 5.913 8.088 0 0 0
0.413 -0.038 -0.388 0 0 0
0.562 -0.088 -0.888 0 0 0
-2.113 -0.713 0.013 0 0 0
-3.338 1.363 -0.438 0 0 0
-10.113 -9.088 0.013 0 0 0
-1.062 5.838 7.913 0 0 0
-16.887 5.938 8.613 0 0 0
0.613 -0.288 -0.263 0 0 0
-14.312 1.688 15.238 0 0 0
-2.038 -0.513 0.013 0 0 0
-3.263 3.188 0.613 0 0 0
-4.688 7.788 7.613 0 0 0
-1.038 -0.163 -1.738 0 0 0
-2.863 -1.588 -0.138 0 0 0
-2.788 -1.863 -1.038 0 0 0
-3.312 0.613 0.488 0 0 0
-2.888 -0.163 -1.938 0 0 0
-2.588 7.888 7.688 0 0 0
-3.463 0.088 -0.038 0 0 0
-4.963 -8.963 0.013 0 0 0
-3.288 1.062 1.012 0 0 0
0.688 1.238 0.013 0 0 0
-22.438 -5.263 3.213 0 0 0
0.588 0.088 1.038 0 0 0
-16.213 -10.938 0.013 0 0 0
0.938 0.463 0.038 0 0 0
-1.763 -0.213 -2.413 0 0 0
-2.463 -0.513 0.013 0 0 0
0.788 -0.062 -0.488 0 0 0
-2.938 -0.788 -1.038 0 0 0
-2.413 0.113 -1.413 0 0 0
-24.713 -8.988 0.013 0 0 0
0.913 0.513 0.413 0 0 0
0.938 -0.738 -0.988 0 0 0
-7.913 -9.088 0.013 0 0 0
-0.438 -0.163 -0.163 0 0 0
3.288 -0.562 6.812 0 0 0
-1.688 0.088 0.562 0 0 0
-10.388 9.763 2.113 0 0 0
-4.888 6.938 8.238 0 0 0
0.263 1.238 0.013 0 0 0
3.588 -0.312 4.013 0 0 0
-25.213 -9.188 0.013 0 0 0
-5.763 1.012 9.488 0 0 0
-1.513 2.288 -1.088 0 0 0
0.113 1.588 0.013 0 0 0
0.062 -1.263 -0.363 0 0 0
-3.163 0.163 0.113 0 0 0
3.838 -2.388 0.038 0 0 0
-1.312 -0.763 -1.088 0 0 0
-2.013 7.688 6.338 0 0 0
4.138 5.163 7.263 0 0 0
-2.438 -1.588 -0.988 0 0 0
-9.312 8.162 6.013 0 0 0
-3.438 -0.638 0.363 0 0 0
-19.638 -8.338 0.013 0 0 0
-5.812 -8.963 0.013 0 0 0
3.413 -9.363 0.013 0 0 0
-3.338 0.562 0.488 0 0 0
-3.213 0.113 0.613 0 0 0
0.537 -0.888 -0.738 0 0 0
-0.013 -0.663 0.013 0 0 0
-0.038 2.688 0.013 0 0 0
-2.163 0.013 -0.088 0 0 0
-1.638 -1.738 -0.938 0 0 0
-2.538 0.088 0.562 0 0 0
-14.013 -10.188 0.013 0 0 0
0.913 -0.788 -0.988 0 0 0
0.238 -0.763 -1.012 0 0 0
-0.113 3.238 0.013 0 0 0
-13.738 1.113 9.537 0 0 0
-0.138 1.688 0.013 0 0 0
-1.738 0.062 0.463 0 0 0
-3.312 -2.988 -0.663 0 0 0
3.738 6.338 7.788 0 0 0
-3.288 -0.062 0.013 0 0 0
-15.463 1.088 9.213 0 0 0
4.038 3.663 5.088 0 0 0
0.213 0.513 0.537 0 0 0
-3.413 2.288 -0.238 0 0 0
-12.463 13.538 8.963 0 0 0
-0.188 -0.763 -1.012 0 0 0
-2.863 -7.613 5.013 0 0 0
-2.238 -0.763 -0.963 0 0 0
-2.688 -0.138 -0.238 0 0 0
-3.088 0.113 0.163 0 0 0
-3.613 1.688 0.013 0 0 0
-0.838 -1.638 -1.038 0 0 0
-0.413 -0.888 -1.038 0 0 0
0.438 -0.388 -0.062 0 0 0
-4.062 10.513 1.513 0 0 0
-10.438 7.988 6.488 0 0 0
-5.963 -19.488 0.013 0 0 0
-3.338 0.013 -0.238 0 0 0
4.163 3.788 4.213 0 0 0
4.038 4.913 6.663 0 0 0
-2.738 -0.088 -1.113 0 0 0
-0.788 0.113 -0.138 0 0 0
4.263 6.763 0.763 0 0 0
-0.988 1.688 0.013 0 0 0
-2.763 5.913 8.013 0 0 0
-1.863 1.513 -1.088 0 0 0
0.163 -0.888 -0.988 0 0 0
-3.688 4.413 -1.288 0 0 0
0.288 -1.213 -1.088 0 0 0
0.413 -0.062 -0.588 0 0 0
-10.562 1.788 16.762 0 0 0
-2.363 0.062 0.463 0 0 0
-2.638 5.913 7.888 0 0 0
-3.388 0.113 0.038 0 0 0
-3.788 1.238 0.013 0 0 0
-3.938 1.588 0.013 0 0 0
-1.113 6.363 8.488 0 0 0
4.163 4.588 5.363 0 0 0
0.863 0.838 0.588 0 0 0
3.913 -0.013 0.338 0 0 0
0.788 0.088 0.988 0 0 0
-0.263 -0.888 -0.988 0 0 0
-1.338 -0.763 -1.062 0 0 0
4.112 3.638 4.863 0 0 0
-1.613 5.713 8.062 0 0 0
-3.312 1.213 1.038 0 0 0
-1.263 -0.363 -3.863 0 0 0
-9.438 -0.788 9.363 0 0 0
0.537 -0.338 -0.062 0 0 0
1.312 -7.788 4.362 0 0 0
-1.388 -0.838 -1.038 0 0 0
-13.463 1.113 9.688 0 0 0
-3.838 -2.488 0.013 0 0 0
-0.062 0.488 0.188 0 0 0
0.938 0.438 -0.163 0 0 0
3.888 -2.763 0.463 0 0 0
0.388 0.463 -0.312 0 0 0
-0.688 -0.888 -0.988 0 0 0
-1.988 -0.213 -2.463 0 0 0
0.963 0.288 0.088 0 0 0
0.562 -0.062 -0.537 0 0 0
-3.238 7.188 8.113 0 0 0
-0.288 -0.088 0.062 0 0 0
-16.463 1.663 14.713 0 0 0
3.913 2.488 1.038 0 0 0
0.463 7.613 8.062 0 0 0
0.463 -0.788 9.338 0 0 0
2.913 6.812 8.013 0 0 0
-3.263 -0.038 -0.863 0 0 0
-0.113 0.562 -0.062 0 0 0
-15.038 1.663 14.913 0 0 0
0.913 1.988 0.138 0 0 0
-7.538 5.838 7.938 0 0 0
0.938 0.488 0.388 0 0 0
-15.688 1.038 8.613 0 0 0
0.863 1.438 -0.938 0 0 0
0.413 -0.163 -1.562 0 0 0
-3.388 1.213 0.838 0 0 0
-2.812 9.988 2.763 0 0 0
-2.463 -7.288 5.888 0 0 0
3.713 -0.213 2.938 0 0 0
-0.913 1.663 0.013 0 0 0
-2.538 -0.138 -1.713 0 0 0
0.438 0.113 -1.213 0 0 0
0.463 -0.338 -0.263 0 0 0
0.888 0.413 -0.263 0 0 0
4.013 4.112 5.138 0 0 0
-1.613 3.188 0.013 0 0 0
-3.312 0.663 0.312 0 0 0
-5.413 5.913 8.037 0 0 0
-2.463 0.113 0.113 0 0 0
-1.113 -1.438 -1.113 0 0 0
-5.312 16.363 6.263 0 0 0
-1.638 1.638 0.013 0 0 0
-0.062 7.588 6.263 0 0 0
-3.138 1.012 -0.062 0 0 0
-1.688 -1.238 -1.038 0 0 0
0.088 0.638 -0.013 0 0 0
0.788 0.863 -0.138 0 0 0
-10.263 1.788 16.938 0 0 0
-1.413 1.488 0.013 0 0 0
4.163 4.788 4.638 0 0 0
-4.338 12.062 7.338 0 0 0
-3.288 0.938 -0.163 0 0 0
-1.338 1.663 0.013 0 0 0
0.463 0.413 -0.263 0 0 0
2.288 7.963 6.863 0 0 0
-3.812 7.438 7.738 0 0 0
-9.263 1.113 10.213 0 0 0
-5.638 7.812 7.663 0 0 0
-24.413 7.913 6.788 0 0 0
-1.113 -0.338 -3.663 0 0 0
0.788 0.738 0.013 0 0 0
-0.562 5.713 8.013 0 0 0
-1.888 0.113 0.913 0 0 0
-3.288 -0.213 -0.013 0 0 0
-3.938 -0.812 -0.713 0 0 0
-10.113 5.812 7.613 0 0 0
4.038 2.212 0.288 0 0 0
3.913 -2.388 1.438 0 0 0
-1.838 1.488 0.013 0 0 0
3.838 -4.138 2.963 0 0 0
-5.038 7.863 6.438 0 0 0
-3.513 0.988 9.562 0 0 0
-14.988 -0.763 7.513 0 0 0
-3.163 0.213 -0.062 0 0 0
0.363 -0.588 -0.263 0 0 0
-2.363 -0.138 -0.138 0 0 0
-11.113 -7.038 5.238 0 0 0
-2.238 -0.238 -2.562 0 0 0
-0.088 0.038 0.463 0 0 0
3.338 -0.788 9.238 0 0 0
-0.438 0.062 0.062 0 0 0
-11.513 5.838 8.062 0 0 0
0.363 0.738 0.013 0 0 0
0.788 1.488 0.013 0 0 0
3.738 2.337 0.013 0 0 0
-2.087 -9.088 0.013 0 0 0
-2.312 0.113 0.913 0 0 0
-3.913 13.413 7.763 0 0 0
2.087 7.963 6.863 0 0 0
-8.138 12.062 7.188 0 0 0
0.588 0.588 0.013 0 0 0
-0.963 -0.138 -1.463 0 0 0
-9.162 13.613 8.037 0 0 0
0.288 1.288 0.013 0 0 0
-2.188 0.113 0.788 0 0 0
0.562 2.388 0.013 0 0 0
0.463 -0.263 -0.238 0 0 0
-10.963 -10.588 0.013 0 0 0
-5.338 5.863 8.088 0 0 0
-0.113 0.812 0.363 0 0 0
-7.838 -10.388 0.013 0 0 0
-1.113 1.838 -1.088 0 0 0
-2.663 -0.763 -1.012 0 0 0
0.613 -0.913 -1.012 0 0 0
-2.087 1.562 0.013 0 0 0
-3.038 -1.113 -1.062 0 0 0
4.138 5.213 6.488 0 0 0
-1.913 0.013 -0.238 0 0 0
0.688 -0.713 -1.012 0 0 0
3.812 -6.088 3.088 0 0 0
-2.263 -0.963 0.013 0 0 0
0.062 -0.288 -0.138 0 0 0
-0.963 -0.988 -1.088 0 0 0
0.513 1.713 -0.913 0 0 0
-11.938 1.088 9.588 0 0 0
0.988 -0.088 -0.738 0 0 0
-2.663 1.188 0.013 0 0 0
4.138 2.363 3.263 0 0 0
-2.613 0.113 0.788 0 0 0
-3.263 -0.488 0.113 0 0 0
-16.363 -10.613 0.013 0 0 0
4.237 7.263 0.838 0 0 0
0.113 0.537 0.513 0 0 0
0.188 -0.913 -1.012 0 0 0
2.488 7.863 5.638 0 0 0
0.338 0.663 0.013 0 0 0
-2.963 -0.238 -2.688 0 0 0
-10.013 5.738 7.763 0 0 0
-20.588 5.338 7.413 0 0 0
-3.538 3.113 0.863 0 0 0
-2.388 -0.338 0.013 0 0 0
0.263 -0.713 -1.012 0 0 0
-0.163 0.038 0.263 0 0 0
-3.363 1.562 0.613 0 0 0
-1.137 1.438 -1.062 0 0 0
3.388 -9.812 0.013 0 0 0
1.038 -0.163 -1.613 0 0 0
-3.263 0.263 0.113 0 0 0
0.438 -0.338 -0.238 0 0 0
-11.638 -11.238 0.013 0 0 0
-2.488 -9.238 0.013 0 0 0
-0.238 -0.913 -1.012 0 0 0
-12.238 1.088 9.463 0 0 0
-5.213 -10.238 0.013 0 0 0
-1.338 -0.888 -0.963 0 0 0
-2.413 -9.037 0.013 0 0 0
-1.438 1.438 -1.113 0 0 0
4.188 3.688 4.288 0 0 0
-10.338 5.638 7.763 0 0 0
-11.638 -10.488 0.013 0 0 0
-2.337 -0.138 -1.763 0 0 0
0.062 0.062 0.663 0 0 0
3.913 -0.438 5.213 0 0 0
-12.663 1.088 9.463 0 0 0
-2.488 -0.038 -0.113 0 0 0
-1.763 -0.888 -0.963 0 0 0
-3.238 3.588 -0.388 0 0 0
-3.312 0.338 -0.138 0 0 0
-4.788 6.788 7.763 0 0 0
0.562 -0.238 -2.263 0 0 0
-0.838 -0.788 9.363 0 0 0
-2.713 0.562 -0.363 0 0 0
0.463 1.238 -0.838 0 0 0
3.812 -1.588 1.088 0 0 0
-10.638 9.363 1.963 0 0 0
4.112 3.638 3.538 0 0 0
0.763 -0.763 -0.963 0 0 0
0.188 0.062 0.537 0 0 0
0.913 0.812 0.062 0 0 0
0.238 0.838 0.038 0 0 0
-2.788 0.062 -0.863 0 0 0
0.338 -1.213 -0.988 0 0 0
1.312 -7.788 3.038 0 0 0
0.738 -1.463 -1.113 0 0 0
-0.913 -0.138 -1.562 0 0 0
0.938 -1.413 -0.213 0 0 0
-2.663 0.788 -0.463 0 0 0
-16.188 1.613 14.438 0 0 0
-3.213 -1.838 -1.012 0 0 0
-1.788 -2.013 -0.938 0 0 0
0.537 -1.338 -1.088 0 0 0
-19.113 4.963 5.562 0 0 0
0.338 -0.288 0.013 0 0 0
-0.263 -0.963 -1.012 0 0 0
-0.238 0.062 0.537 0 0 0
-1.188 0.113 -1.288 0 0 0
4.213 6.738 -0.663 0 0 0
-2.812 1.312 0.013 0 0 0
-3.363 1.638 0.638 0 0 0
-25.488 7.713 1.312 0 0 0
-18.588 5.488 7.663 0 0 0
4.038 5.938 8.037 0 0 0
1.062 -0.138 -1.213 0 0 0
-3.413 2.138 0.263 0 0 0
-3.663 6.488 7.938 0 0 0
-8.812 -9.438 0.013 0 0 0
0.938 0.363 -0.188 0 0 0
4.062 4.388 5.863 0 0 0
-3.312 -2.238 0.013 0 0 0
-3.263 0.013 -0.363 0 0 0
-0.088 -0.288 0.013 0 0 0
-2.288 12.213 7.488 0 0 0
-1.438 5.713 8.037 0 0 0
3.988 2.363 3.413 0 0 0
-0.488 0.988 0.438 0 0 0
3.688 0.738 7.913 0 0 0
-0.113 -0.263 -0.088 0 0 0
0.488 -0.038 -0.312 0 0 0
-1.763 0.088 0.588 0 0 0
-1.388 5.938 7.938 0 0 0
-5.638 10.113 1.463 0 0 0
0.238 7.088 7.763 0 0 0
-3.013 1.163 0.013 0 0 0
-0.312 0.038 0.413 0 0 0
0.913 0.438 0.338 0 0 0
-0.388 -0.763 -1.012 0 0 0
-0.963 -0.163 -1.663 0 0 0
-5.613 6.213 7.738 0 0 0
-11.913 5.763 7.488 0 0 0
-2.863 0.988 -0.338 0 0 0
-0.963 -9.138 0.013 0 0 0
-2.188 0.088 0.588 0 0 0
-0.312 1.363 0.013 0 0 0
-0.812 -0.788 -1.012 0 0 0
3.763 -6.463 3.812 0 0 0
-1.488 -0.738 -1.038 0 0 0
4.088 2.562 3.588 0 0 0
-0.812 1.163 0.013 0 0 0
-3.312 0.588 0.288 0 0 0
-0.963 1.513 0.013 0 0 0
-0.613 0.038 0.288 0 0 0
-2.463 0.038 0.088 0 0 0
-10.988 1.788 16.762 0 0 0
-14.488 -9.062 0.013 0 0 0
-7.438 -0.763 8.438 0 0 0
-8.863 1.038 9.412 0 0 0
-3.738 2.613 0.013 0 0 0
2.038 7.613 6.312 0 0 0
-1.812 0.062 0.488 0 0 0
3.838 -4.963 2.938 0 0 0
-1.663 -0.013 -0.413 0 0 0
0.038 0.488 -0.038 0 0 0
0.038 0.488 -0.013 0 0 0
-7.588 7.438 7.562 0 0 0
-1.238 1.163 0.013 0 0 0
-0.963 2.263 0.013 0 0 0
-2.363 7.963 5.763 0 0 0
0.038 -0.138 -1.463 0 0 0
3.463 0.613 6.763 0 0 0
-3.613 8.062 6.988 0 0 0
-15.763 1.113 9.388 0 0 0
-3.688 1.263 0.013 0 0 0
0.713 -0.738 -1.038 0 0 0
-0.812 1.738 -0.988 0 0 0
-1.263 7.163 8.463 0 0 0
-0.638 -9.238 0.013 0 0 0
-15.163 1.663 15.038 0 0 0
-13.812 7.888 5.888 0 0 0
-3.788 -10.988 0.013 0 0 0
3.413 -2.838 0.488 0 0 0
-1.188 5.888 7.863 0 0 0
-1.663 1.163 0.013 0 0 0
3.888 -3.163 1.263 0 0 0
-8.438 -7.312 1.888 0 0 0
-4.112 1.263 0.013 0 0 0
3.163 5.913 8.188 0 0 0
0.288 -0.738 -1.038 0 0 0
-3.388 0.188 1.488 0 0 0
0.688 -0.088 -0.913 0 0 0
0.913 0.388 0.513 0 0 0
-0.163 -0.138 -1.463 0 0 0
-18.363 -9.363 0.013 0 0 0
-2.188 -0.588 0.013 0 0 0
-10.163 7.863 7.062 0 0 0
-3.338 1.288 0.963 0 0 0
3.838 -2.763 2.463 0 0 0
-6.863 13.213 7.738 0 0 0
-3.038 -7.463 4.312 0 0 0
-1.963 2.613 0.013 0 0 0
3.863 -4.812 2.838 0 0 0
-3.312 1.688 1.088 0 0 0
3.663 -0.288 3.713 0 0 0
-3.413 1.812 -0.188 0 0 0
4.213 3.638 3.113 0 0 0
-3.413 1.238 0.213 0 0 0
4.088 4.013 5.788 0 0 0
-13.088 15.688 6.062 0 0 0
-2.163 -0.463 -0.638 0 0 0
0.913 -0.062 -0.513 0 0 0
0.938 -0.537 -0.238 0 0 0
-2.663 -1.113 -1.062 0 0 0
4.088 -5.038 0.013 0 0 0
0.113 0.713 -0.413 0 0 0
-3.413 0.088 0.338 0 0 0
-10.438 13.238 7.838 0 0 0
1.713 7.988 6.888 0 0 0
-3.163 6.263 7.788 0 0 0
-10.062 8.062 7.238 0 0 0
-0.763 -0.888 -0.963 0 0 0
-2.163 -1.312 -1.012 0 0 0
-2.062 -0.213 -2.438 0 0 0
3.562 -2.138 0.138 0 0 0
-3.688 2.663 0.312 0 0 0
0.888 1.288 -1.012 0 0 0
0.488 -0.062 -0.513 0 0 0
0.513 0.363 0.013 0 0 0
0.963 -0.138 -1.388 0 0 0
-0.888 -0.138 -1.588 0 0 0
-1.913 -1.188 0.013 0 0 0
-8.537 -7.188 4.713 0 0 0
-2.212 -0.638 0.013 0 0 0
3.988 -9.388 0.013 0 0 0
-18.688 -8.713 0.013 0 0 0
-1.988 2.562 0.013 0 0 0
4.237 6.088 6.713 0 0 0
-1.688 -0.062 -0.863 0 0 0
0.663 2.188 -1.012 0 0 0
0.613 -0.638 -0.238 0 0 0
3.863 3.788 1.438 0 0 0
-1.263 -0.763 -0.988 0 0 0
0.537 -0.138 -1.388 0 0 0
-7.038 12.338 7.388 0 0 0
-4.612 -7.463 4.788 0 0 0
-2.038 0.013 -0.113 0 0 0
-1.913 -0.438 0.013 0 0 0
-2.337 -1.188 0.013 0 0 0
3.812 -2.938 2.613 0 0 0
-5.188 -10.188 0.013 0 0 0
3.488 -0.388 5.038 0 0 0
2.463 -0.763 9.213 0 0 0
-10.838 -9.763 0.013 0 0 0
0.113 -0.537 0.013 0 0 0
4.138 3.963 4.312 0 0 0
0.812 1.312 0.013 0 0 0
-1.688 -0.763 -0.988 0 0 0
0.838 0.838 0.288 0 0 0
0.213 0.663 0.138 0 0 0
0.213 -7.463 6.138 0 0 0
-3.312 0.562 0.088 0 0 0
-3.213 -1.488 -0.938 0 0 0
3.438 -0.438 5.538 0 0 0
-3.888 -7.562 3.938 0 0 0
3.913 -3.062 2.212 0 0 0
0.613 0.413 0.013 0 0 0
0.188 -0.338 0.013 0 0 0
-5.513 5.938 7.963 0 0 0
-2.838 2.562 0.013 0 0 0
-1.788 -1.213 -1.113 0 0 0
-2.337 0.013 -0.238 0 0 0
-3.188 -0.038 -0.788 0 0 0
-2.038 -0.138 -1.638 0 0 0
0.388 1.312 0.013 0 0 0
-14.113 1.713 15.538 0 0 0
-1.388 -0.988 -1.088 0 0 0
-0.488 0.463 0.663 0 0 0
4.138 4.188 5.863 0 0 0
-2.087 5.913 7.863 0 0 0
0.513 -0.763 -0.988 0 0 0
0.363 0.763 -0.363 0 0 0
-10.088 -0.788 9.312 0 0 0
-18.538 13.312 5.738 0 0 0
-8.238 -7.062 5.413 0 0 0
-1.763 -0.038 -0.588 0 0 0
-3.263 -0.638 0.013 0 0 0
-0.613 -0.138 -1.438 0 0 0
-0.138 -0.438 0.013 0 0 0
-0.038 1.312 0.013 0 0 0
-0.013 1.312 0.013 0 0 0
-0.113 0.537 -0.263 0 0 0
-6.938 1.763 17.038 0 0 0
-13.938 -7.013 3.763 0 0 0
0.088 -0.588 0.013 0 0 0
-2.838 -0.062 -0.988 0 0 0
3.838 -2.513 1.613 0 0 0
-3.388 0.163 1.288 0 0 0
0.913 0.363 0.312 0 0 0
-2.238 0.062 0.438 0 0 0
0.088 -0.763 -0.988 0 0 0
-3.088 -0.863 -0.638 0 0 0
-3.188 0.013 -0.238 0 0 0
-3.263 0.113 0.013 0 0 0
-2.838 0.863 0.013 0 0 0
4.062 3.863 4.812 0 0 0
-7.113 -2.163 -0.312 0 0 0
-8.488 7.963 7.863 0 0 0
-3.463 -0.788 8.838 0 0 0
-5.988 -10.788 0.013 0 0 0
-16.838 6.062 8.363 0 0 0
-13.812 -16.463 0.013 0 0 0
-1.812 5.863 7.913 0 0 0
0.263 0.513 0.312 0 0 0
-1.713 -1.688 -1.088 0 0 0
-0.138 -0.888 -1.012 0 0 0
3.238 0.888 9.412 0 0 0
0.188 -0.263 0.038 0 0 0
-4.863 10.338 1.488 0 0 0
-2.738 -0.763 -0.988 0 0 0
4.138 2.838 3.312 0 0 0
-1.788 3.513 -0.963 0 0 0
-5.938 -8.812 0.013 0 0 0
3.738 -2.238 0.738 0 0 0
-0.238 -0.138 -0.113 0 0 0
-7.238 1.763 16.913 0 0 0
-7.938 8.062 6.588 0 0 0
-4.688 6.963 8.287 0 0 0
-1.938 -0.788 -1.088 0 0 0
0.038 0.537 -0.213 0 0 0
2.488 6.388 8.613 0 0 0
-1.713 -1.812 -0.938 0 0 0
-2.988 -11.138 0.013 0 0 0
-3.288 -0.688 0.013 0 0 0
0.537 -0.213 -2.138 0 0 0
-3.388 0.013 -0.238 0 0 0
3.913 -0.537 6.263 0 0 0
-3.963 -2.263 0.363 0 0 0
-1.113 -0.363 -3.863 0 0 0
-8.838 1.738 16.463 0 0 0
-0.788 1.213 0.013 0 0 0
-0.238 0.613 -0.113 0 0 0
-2.337 -0.812 -0.988 0 0 0
-3.388 -0.113 -0.088 0 0 0
-1.963 0.013 -0.013 0 0 0
-1.963 0.013 -0.038 0 0 0
-2.588 -0.163 -0.188 0 0 0
-2.538 -1.263 -0.562 0 0 0
-0.588 0.113 1.038 0 0 0
-22.438 3.738 5.188 0 0 0
-2.138 -0.488 -0.663 0 0 0
-3.113 -17.663 0.013 0 0 0
4.263 7.588 0.888 0 0 0
3.863 -2.688 -0.413 0 0 0
-2.312 0.088 0.713 0 0 0
0.913 -0.238 -2.238 0 0 0
-8.238 -2.188 0.338 0 0 0
-4.863 7.913 6.513 0 0 0
-2.388 -1.613 -1.088 0 0 0
-1.312 -0.163 -1.788 0 0 0
0.863 -1.738 -1.188 0 0 0
-7.688 6.088 8.188 0 0 0
2.163 8.013 7.488 0 0 0
-8.537 1.812 17.363 0 0 0
4.062 2.738 3.812 0 0 0
-0.138 -0.812 -0.988 0 0 0
-9.588 -9.263 0.013 0 0 0
0.488 -0.238 -2.238 0 0 0
-6.688 -19.413 0.013 0 0 0
-3.188 -0.812 -0.988 0 0 0
0.738 -0.363 -0.312 0 0 0
3.863 -2.863 2.538 0 0 0
3.388 -5.013 1.613 0 0 0
0.113 -0.163 -1.588 0 0 0
-1.963 0.062 0.513 0 0 0
0.938 0.388 0.113 0 0 0
-10.812 15.938 7.163 0 0 0
3.838 -3.463 1.012 0 0 0
4.338 5.863 8.088 0 0 0
-1.238 -0.788 -1.012 0 0 0
-2.863 4.038 -0.438 0 0 0
-0.588 -0.788 -1.088 0 0 0
3.963 3.613 3.963 0 0 0
-7.663 -7.138 4.713 0 0 0
3.988 -4.062 1.388 0 0 0
0.238 -0.263 -0.062 0 0 0
0.537 0.113 1.113 0 0 0
0.938 0.263 0.263 0 0 0
0.138 0.062 0.738 0 0 0
-0.988 -0.812 -0.988 0 0 0
-2.413 -0.038 -0.038 0 0 0
3.913 -5.088 2.438 0 0 0
0.913 0.613 0.138 0 0 0
-2.488 0.062 0.213 0 0 0
-3.238 0.338 -0.062 0 0 0
-3.312 0.438 0.188 0 0 0
-8.938 5.763 8.037 0 0 0
-3.263 -0.038 0.562 0 0 0
-14.888 -7.913 0.062 0 0 0
-1.838 -1.388 0.013 0 0 0
0.562 -0.088 -0.788 0 0 0
0.413 -0.038 -0.288 0 0 0
3.788 -2.337 0.788 0 0 0
-1.812 1.513 0.013 0 0 0
3.738 -4.688 2.812 0 0 0
-3.238 3.113 -0.338 0 0 0
-10.288 1.062 9.513 0 0 0
3.338 -3.213 0.238 0 0 0
-4.562 -8.938 0.013 0 0 0
-3.238 3.562 0.088 0 0 0
-13.463 1.738 15.888 0 0 0
0.588 -0.263 -0.263 0 0 0
-2.988 7.863 7.663 0 0 0
-22.163 4.213 5.763 0 0 0
-11.463 14.838 7.913 0 0 0
-6.812 1.738 16.713 0 0 0
-10.312 1.113 9.888 0 0 0
-10.163 1.062 9.388 0 0 0
-7.513 -7.138 5.513 0 0 0
-2.113 0.038 0.113 0 0 0
-1.812 2.263 0.013 0 0 0
-2.238 1.513 0.013 0 0 0
0.938 0.463 0.138 0 0 0
0.188 -0.288 -0.163 0 0 0
3.913 -5.038 2.988 0 0 0
-1.062 7.463 7.863 0 0 0
-3.488 0.163 1.113 0 0 0
1.338 5.713 7.988 0 0 0
0.238 0.537 0.488 0 0 0
-2.038 3.163 0.013 0 0 0
-1.312 1.413 -1.088 0 0 0
-10.888 -0.763 8.088 0 0 0
-2.263 -0.638 0.013 0 0 0
-1.688 0.088 0.663 0 0 0
-10.163 5.562 7.988 0 0 0
0.938 0.338 0.288 0 0 0
-14.788 -7.863 0.062 0 0 0
3.938 -2.463 1.812 0 0 0
-11.113 -7.438 3.438 0 0 0
-1.338 -0.163 -1.763 0 0 0
-4.588 -9.013 0.013 0 0 0
-1.913 0.113 0.812 0 0 0
4.112 4.138 5.812 0 0 0
-3.163 0.163 0.213 0 0 0
3.388 -0.537 6.688 0 0 0
3.938 4.237 5.938 0 0 0
-0.588 7.538 6.238 0 0 0
-2.413 -2.038 -0.888 0 0 0
4.112 4.538 4.413 0 0 0
4.062 -0.263 -2.138 0 0 0
0.537 1.137 -0.913 0 0 0
0.562 -0.312 -0.263 0 0 0
-2.238 -0.188 0.013 0 0 0
0.288 -0.088 0.013 0 0 0
-5.688 7.562 7.438 0 0 0
0.638 -0.738 -1.012 0 0 0
-1.763 -0.163 -1.763 0 0 0
3.513 1.863 0.013 0 0 0
0.288 0.788 -0.138 0 0 0
-9.388 16.588 6.388 0 0 0
-1.012 -0.988 -1.088 0 0 0
-2.788 2.288 -0.388 0 0 0
-0.588 5.863 7.913 0 0 0
-1.838 -0.213 -2.513 0 0 0
-3.238 10.538 1.513 0 0 0
0.288 0.663 0.013 0 0 0
0.888 -0.763 -0.988 0 0 0
0.038 -0.738 0.013 0 0 0
0.913 0.288 0.288 0 0 0
-2.888 -0.613 -0.263 0 0 0
0.613 -0.088 -0.888 0 0 0
-16.613 7.863 8.738 0 0 0
-4.088 7.913 7.263 0 0 0
-2.288 -0.113 -0.238 0 0 0
0.913 0.588 0.537 0 0 0
-1.863 -1.438 -1.113 0 0 0
-2.263 -0.213 -2.513 0 0 0
-2.738 -0.838 -1.012 0 0 0
-0.113 0.062 0.513 0 0 0
1.638 5.838 8.013 0 0 0
0.913 0.463 0.688 0 0 0
0.638 -0.388 -0.213 0 0 0
-3.288 0.688 0.113 0 0 0
-2.713 -0.113 -0.238 0 0 0
0.688 -0.388 -3.812 0 0 0
-2.562 -0.213 -2.562 0 0 0
0.838 -0.062 -0.488 0 0 0
-3.338 0.013 -0.138 0 0 0
0.788 -1.012 -0.988 0 0 0
-3.113 -1.012 0.013 0 0 0
-8.488 -10.113 0.013 0 0 0
0.613 -0.038 -0.338 0 0 0
0.763 -0.988 -1.088 0 0 0
-17.088 5.763 8.363 0 0 0
-0.588 -0.888 0.013 0 0 0
-0.263 1.463 0.013 0 0 0
4.413 5.562 6.113 0 0 0
-0.163 3.213 0.013 0 0 0
-2.812 -1.113 -0.238 0 0 0
-2.713 0.638 -0.238 0 0 0
-2.788 -1.613 -1.113 0 0 0
0.062 0.588 0.537 0 0 0
3.863 5.312 7.138 0 0 0
-3.413 -0.288 0.013 0 0 0
0.413 -0.062 -0.488 0 0 0
0.388 0.863 -0.338 0 0 0
-0.938 -0.738 -1.062 0 0 0
-11.713 -11.312 0.013 0 0 0
4.112 3.288 3.562 0 0 0
0.613 1.288 -0.738 0 0 0
-3.188 -0.438 0.013 0 0 0
-14.838 7.812 6.913 0 0 0
0.363 -1.012 -0.988 0 0 0
-3.113 -0.263 0.013 0 0 0
-9.338 1.763 16.688 0 0 0
-1.913 0.038 0.062 0 0 0
-25.363 -8.738 0.013 0 0 0
-4.888 -7.338 4.913 0 0 0
-1.763 0.088 -1.338 0 0 0
0.812 0.463 -0.213 0 0 0
0.988 -0.062 -0.438 0 0 0
-0.463 1.312 0.013 0 0 0
-3.688 -7.463 4.863 0 0 0
-0.388 -0.138 -1.513 0 0 0
-1.363 -0.738 -1.062 0 0 0
-7.413 7.213 7.938 0 0 0
-0.288 0.038 0.013 0 0 0
-15.838 1.088 9.062 0 0 0
-0.062 -1.012 -0.988 0 0 0
-15.438 7.763 7.538 0 0 0
-2.337 0.038 0.062 0 0 0
-15.263 1.638 14.613 0 0 0
-3.338 1.562 1.012 0 0 0
-3.413 -0.688 0.138 0 0 0
-1.113 1.463 0.013 0 0 0
-2.513 0.138 0.188 0 0 0
-3.238 8.162 7.088 0 0 0
-2.812 7.062 8.363 0 0 0
-3.088 -1.312 -0.988 0 0 0
-11.938 -9.663 0.013 0 0 0
0.963 0.288 0.188 0 0 0
-3.263 -0.338 -0.338 0 0 0
0.688 -0.513 -0.312 0 0 0
-0.888 1.312 0.013 0 0 0
-0.788 -0.738 -1.012 0 0 0
-14.613 1.663 15.013 0 0 0
-1.788 -0.738 -1.062 0 0 0
0.938 0.312 0.088 0 0 0
-1.688 0.062 0.463 0 0 0
-12.138 -10.562 0.013 0 0 0
-3.413 1.513 0.263 0 0 0
-3.113 -1.963 0.013 0 0 0
0.838 -0.163 -1.463 0 0 0
-1.012 -0.163 -1.663 0 0 0
-10.163 1.088 9.738 0 0 0
-9.162 1.038 9.388 0 0 0
0.913 0.663 -0.013 0 0 0
-1.688 -0.838 -1.062 0 0 0
-1.312 1.312 0.013 0 0 0
-1.213 -0.738 -1.012 0 0 0
-19.238 4.388 5.488 0 0 0
0.913 1.988 0.238 0 0 0
-2.238 -0.213 -0.188 0 0 0
-2.038 0.163 1.363 0 0 0
-3.312 0.363 0.163 0 0 0
4.138 3.138 2.963 0 0 0
3.538 -1.812 -0.188 0 0 0
-3.038 3.312 -1.113 0 0 0
-2.113 -0.838 -1.062 0 0 0
-1.688 -0.088 -1.062 0 0 0
-2.788 3.288 -0.562 0 0 0
-3.438 1.688 -0.113 0 0 0
3.938 -0.213 -1.588 0 0 0
-1.012 1.513 0.013 0 0 0
-6.413 -9.162 0.013 0 0 0
0.913 0.838 0.363 0 0 0
-1.888 -0.988 -1.062 0 0 0
-3.713 2.788 -0.738 0 0 0
-3.138 0.138 0.188 0 0 0
-4.663 16.113 7.188 0 0 0
4.213 4.888 5.388 0 0 0
-8.162 5.513 7.638 0 0 0
-1.413 -0.888 -1.012 0 0 0
1.137 -0.788 9.338 0 0 0
0.588 -0.338 -0.288 0 0 0
2.888 6.013 8.037 0 0 0
-12.713 -0.763 7.812 0 0 0
-0.963 -0.188 -1.913 0 0 0
-1.012 2.263 0.013 0 0 0
-0.613 1.438 0.013 0 0 0
-1.388 5.788 7.838 0 0 0
1.812 5.863 7.863 0 0 0
-22.438 3.588 5.088 0 0 0
3.913 -3.713 1.263 0 0 0
-2.888 -0.763 -0.312 0 0 0
0.013 0.613 0.463 0 0 0
-3.288 -0.213 0.062 0 0 0
-16.663 6.763 8.188 0 0 0
-10.138 7.288 7.062 0 0 0
-4.713 16.188 6.938 0 0 0
-3.338 0.312 0.163 0 0 0
-1.038 1.438 0.013 0 0 0
-1.463 -9.213 0.013 0 0 0
-2.738 -0.988 -1.062 0 0 0
-2.562 -1.638 -1.062 0 0 0
4.188 -5.562 0.013 0 0 0
0.388 -0.788 -1.062 0 0 0
-0.062 0.562 -0.288 0 0 0
-0.713 1.838 -1.088 0 0 0
3.913 -1.938 1.288 0 0 0
0.338 -0.263 -0.288 0 0 0
0.613 -0.062 -0.537 0 0 0
0.938 0.562 0.513 0 0 0
-9.938 16.512 7.088 0 0 0
-0.763 -0.138 -1.613 0 0 0
0.763 1.513 0.013 0 0 0
-1.538 1.238 0.013 0 0 0
-2.638 -1.088 -1.062 0 0 0
-3.938 0.988 9.663 0 0 0
3.988 -0.238 -1.913 0 0 0
3.788 2.562 0.013 0 0 0
-2.188 0.113 0.888 0 0 0
0.138 0.763 -0.413 0 0 0
4.188 -4.812 0.013 0 0 0
-3.863 -1.062 -0.963 0 0 0
0.338 0.488 -0.288 0 0 0
4.288 -9.613 0.013 0 0 0
-0.138 -0.163 0.062 0 0 0
-0.088 0.613 -0.438 0 0 0
-1.188 -0.138 -1.613 0 0 0
-1.963 1.238 0.013 0 0 0
-8.013 16.588 7.438 0 0 0
0.188 -0.788 -1.062 0 0 0
0.963 1.988 0.138 0 0 0
-0.363 -0.463 -0.438 0 0 0
-8.062 6.763 8.062 0 0 0
0.263 0.038 0.363 0 0 0
-7.638 -10.513 0.013 0 0 0
-4.938 -11.062 0.013 0 0 0
3.688 -0.238 3.113 0 0 0
0.062 -0.288 -0.038 0 0 0
-25.038 -0.763 8.988 0 0 0
-2.613 0.113 0.888 0 0 0
4.188 -4.062 0.013 0 0 0
-0.163 -0.263 0.113 0 0 0
-1.562 -0.763 -1.012 0 0 0
2.337 -7.663 5.338 0 0 0
4.263 4.588 5.038 0 0 0
-12.463 5.538 7.613 0 0 0
-3.338 5.988 8.287 0 0 0
-6.263 -7.562 3.788 0 0 0
-22.013 3.838 5.513 0 0 0
0.663 1.263 0.013 0 0 0
-9.438 8.287 6.088 0 0 0
0.088 7.513 7.938 0 0 0
-0.163 0.613 -0.013 0 0 0
0.263 -0.138 -1.312 0 0 0
-0.238 -0.788 -1.062 0 0 0
0.738 1.438 0.013 0 0 0
-25.562 7.913 6.763 0 0 0
-0.163 0.038 0.363 0 0 0
0.463 0.363 0.013 0 0 0
-1.562 1.188 0.013 0 0 0
-2.463 -1.713 -0.913 0 0 0
0.888 0.537 0.413 0 0 0
4.288 5.363 6.963 0 0 0
-2.738 -0.913 -1.038 0 0 0
4.188 -9.863 0.013 0 0 0
4.263 5.388 6.863 0 0 0
0.413 -0.312 -0.238 0 0 0
-0.013 0.038 0.238 0 0 0
3.963 -4.588 1.312 0 0 0
-4.237 6.938 8.263 0 0 0
-0.038 0.038 0.238 0 0 0
-16.062 -10.838 0.013 0 0 0
0.213 -0.312 0.013 0 0 0
-2.212 1.338 0.013 0 0 0
-7.763 -10.312 0.013 0 0 0
-3.513 2.663 -0.038 0 0 0
-11.562 5.812 7.538 0 0 0
-1.863 -0.763 -1.137 0 0 0
4.213 3.812 4.938 0 0 0
0.613 -0.163 -1.513 0 0 0
-0.113 7.513 7.938 0 0 0
-1.088 -1.213 -1.088 0 0 0
-3.238 5.738 8.037 0 0 0
-3.312 1.538 0.988 0 0 0
-11.163 1.763 16.413 0 0 0
0.263 1.363 -0.638 0 0 0
0.062 0.062 0.763 0 0 0
-3.312 -0.537 0.113 0 0 0
0.738 -0.562 -0.238 0 0 0
-0.038 -0.713 -1.038 0 0 0
3.838 -1.638 0.812 0 0 0
0.913 0.513 -0.088 0 0 0
-3.213 -0.113 -1.438 0 0 0
-9.037 -7.438 3.562 0 0 0
-3.238 3.588 -0.288 0 0 0
-3.312 0.338 -0.038 0 0 0
-3.312 0.338 -0.013 0 0 0
4.038 5.138 6.988 0 0 0
0.188 0.062 0.638 0 0 0
-9.488 16.413 7.038 0 0 0
0.388 0.788 -0.363 0 0 0
-11.312 -9.162 0.013 0 0 0
-1.513 -1.213 -1.088 0 0 0
-11.588 1.763 16.413 0 0 0
-0.913 -0.138 -1.463 0 0 0
0.388 1.663 -0.513 0 0 0
-10.163 5.863 7.638 0 0 0
3.713 -0.213 -1.638 0 0 0
0.438 0.588 0.263 0 0 0
-24.963 5.288 7.338 0 0 0
-2.913 0.988 0.013 0 0 0
-1.988 0.062 0.288 0 0 0
-3.713 -1.888 -1.062 0 0 0
0.388 -0.363 -0.238 0 0 0
-1.062 1.838 -1.088 0 0 0
2.188 5.913 7.938 0 0 0
0.312 -0.263 0.013 0 0 0
4.312 6.688 2.538 0 0 0
-1.188 0.113 -1.188 0 0 0
0.363 -0.338 -0.338 0 0 0
-0.988 -2.038 -0.938 0 0 0
-14.263 -9.263 0.013 0 0 0
-0.562 5.838 8.088 0 0 0
-12.013 1.763 16.413 0 0 0
-23.488 12.338 6.788 0 0 0
-2.713 2.638 0.013 0 0 0
0.938 0.363 -0.088 0 0 0
-2.488 -0.763 -1.137 0 0 0
3.812 5.963 8.287 0 0 0
0.463 -0.763 -0.988 0 0 0
-0.463 0.963 0.638 0 0 0
-0.363 5.713 7.988 0 0 0
-1.688 -1.663 -1.088 0 0 0
3.388 6.088 8.138 0 0 0
-0.113 -0.263 0.013 0 0 0
-22.388 3.838 5.188 0 0 0
0.863 -0.363 -3.688 0 0 0
0.238 -0.913 -1.012 0 0 0
-6.913 13.338 7.788 0 0 0
-9.562 11.263 9.338 0 0 0
-9.688 7.863 7.788 0 0 0
-6.713 5.663 8.062 0 0 0
-2.413 -0.513 0.013 0 0 0
0.113 -0.413 0.013 0 0 0
-5.688 -10.263 0.013 0 0 0
-2.263 -0.438 -0.713 0 0 0
-1.312 2.638 -1.038 0 0 0
-1.988 0.113 0.838 0 0 0
-26.062 1.137 8.363 0 0 0
3.513 -2.188 -0.213 0 0 0
-5.738 5.788 7.863 0 0 0
-8.763 -0.537 6.312 0 0 0
-4.013 16.413 6.288 0 0 0
-3.038 2.538 0.013 0 0 0
2.812 10.312 1.438 0 0 0
0.488 0.713 -0.213 0 0 0
-0.588 0.863 0.388 0 0 0
-1.213 1.513 -1.062 0 0 0
-3.263 -0.238 0.038 0 0 0
-1.838 -1.413 -0.188 0 0 0
-15.913 1.163 9.838 0 0 0
0.938 0.413 0.463 0 0 0
0.263 -0.288 -0.088 0 0 0
-2.263 -0.263 -0.312 0 0 0
-5.713 -17.613 0.013 0 0 0
1.038 5.913 7.888 0 0 0
0.812 -0.213 -2.113 0 0 0
0.688 0.913 0.338 0 0 0
3.988 3.913 5.338 0 0 0
3.838 -2.888 -0.038 0 0 0
-0.213 -0.513 0.013 0 0 0
0.913 0.763 0.338 0 0 0
-0.613 0.038 0.388 0 0 0
0.363 -0.263 -0.312 0 0 0
-15.388 1.638 14.738 0 0 0
0.613 -1.062 -0.963 0 0 0
-5.463 6.338 7.738 0 0 0
-0.838 1.188 0.013 0 0 0
-3.088 -1.038 -0.213 0 0 0
0.863 -7.938 4.438 0 0 0
-6.088 5.263 7.338 0 0 0
3.613 7.113 6.888 0 0 0
-0.763 -0.312 -3.338 0 0 0
0.238 0.062 0.537 0 0 0
-3.288 -2.062 0.013 0 0 0
0.013 0.663 0.288 0 0 0
-0.613 11.338 7.438 0 0 0
-1.713 2.062 -1.062 0 0 0
-20.588 -8.738 0.013 0 0 0
0.038 0.488 0.062 0 0 0
0.763 -0.288 -2.838 0 0 0
-3.213 5.963 7.963 0 0 0
0.363 0.488 -0.312 0 0 0
2.263 7.913 6.838 0 0 0
-2.513 -0.188 -0.312 0 0 0
-9.188 8.088 6.588 0 0 0
-1.113 -0.763 -1.038 0 0 0
-0.188 0.062 0.537 0 0 0
-1.137 0.113 -1.288 0 0 0
0.863 0.838 0.088 0 0 0
-22.038 3.713 5.363 0 0 0
-6.738 15.763 7.088 0 0 0
0.188 5.913 7.888 0 0 0
3.988 -0.213 2.388 0 0 0
-1.663 9.838 2.812 0 0 0
0.613 -0.388 -3.788 0 0 0
-1.088 1.288 0.013 0 0 0
-3.013 -0.138 -1.888 0 0 0
-0.463 0.013 0.038 0 0 0
0.537 -0.038 -0.312 0 0 0
-9.388 -9.738 0.013 0 0 0
-2.212 7.138 8.037 0 0 0
-1.438 -0.888 -1.038 0 0 0
0.562 -1.088 -1.062 0 0 0
-9.588 -10.638 0.013 0 0 0
-0.413 0.838 0.688 0 0 0
3.963 2.413 1.012 0 0 0
-0.488 -1.413 -0.188 0 0 0
-0.963 -0.788 -0.988 0 0 0
-2.438 -0.863 -1.088 0 0 0
3.913 10.088 1.388 0 0 0
-4.562 6.938 7.838 0 0 0
-5.713 7.312 7.513 0 0 0
-0.038 0.062 0.588 0 0 0
-0.988 -9.312 0.013 0 0 0
-1.812 -1.363 0.013 0 0 0
-1.863 -0.888 -1.038 0 0 0
-12.688 -7.638 3.463 0 0 0
0.913 -0.938 -0.263 0 0 0
-3.513 -2.013 -0.963 0 0 0
-2.163 -0.463 -0.537 0 0 0
-0.863 1.713 -0.988 0 0 0
-1.613 -0.038 -0.638 0 0 0
-1.363 1.688 0.013 0 0 0
-3.138 5.913 8.013 0 0 0
0.363 -1.088 -1.062 0 0 0
0.838 -0.388 -0.263 0 0 0
-1.888 10.738 1.538 0 0 0
3.763 -5.763 4.088 0 0 0
0.038 -0.238 -2.337 0 0 0
-2.863 -0.663 -0.288 0 0 0
-3.013 1.863 -0.312 0 0 0
4.213 3.812 3.613 0 0 0
-3.062 -0.163 -1.988 0 0 0
3.938 -1.713 1.163 0 0 0
3.863 -6.812 2.688 0 0 0
-6.688 1.788 17.238 0 0 0
-2.288 0.038 -0.013 0 0 0
3.913 -1.738 -0.763 0 0 0
0.888 0.763 0.638 0 0 0
-1.988 0.088 0.638 0 0 0
3.888 -1.763 1.663 0 0 0
0.488 -0.188 -0.263 0 0 0
-2.913 -0.738 -0.188 0 0 0
-5.938 10.238 1.488 0 0 0
-1.688 1.588 0.013 0 0 0
0.838 1.688 0.013 0 0 0
-2.013 2.588 0.013 0 0 0
-2.087 -7.488 5.113 0 0 0
0.537 -0.138 -1.288 0 0 0
-0.013 5.738 8.037 0 0 0
-10.488 -7.163 4.638 0 0 0
-1.562 -0.062 -0.888 0 0 0
0.138 0.038 0.488 0 0 0
-0.413 -0.288 -0.312 0 0 0
-1.638 9.363 8.363 0 0 0
-0.388 0.163 0.213 0 0 0
-11.562 15.763 6.763 0 0 0
-2.113 1.588 0.013 0 0 0
0.413 1.688 0.013 0 0 0
-0.113 0.638 -0.537 0 0 0
0.363 1.163 -0.388 0 0 0
-14.013 5.688 7.938 0 0 0
-11.488 5.788 7.938 0 0 0
0.838 0.838 0.388 0 0 0
0.312 0.812 -0.138 0 0 0
-3.288 0.138 0.863 0 0 0
-2.288 0.088 0.513 0 0 0
-2.163 -0.388 -0.513 0 0 0
3.638 -9.463 0.013 0 0 0
-3.138 0.038 -0.013 0 0 0
0.663 0.338 -0.238 0 0 0
4.062 2.888 3.363 0 0 0
0.913 -0.562 0.013 0 0 0
0.588 0.438 0.013 0 0 0
-3.363 1.113 0.963 0 0 0
-0.537 -1.263 -0.413 0 0 0
-3.388 1.137 0.863 0 0 0
-2.138 -0.562 0.013 0 0 0
0.463 -0.363 -3.713 0 0 0
0.863 -0.312 -3.188 0 0 0
-14.188 14.788 6.538 0 0 0
-3.413 1.188 0.488 0 0 0
-2.413 0.113 0.113 0 0 0
0.913 -0.738 -0.988 0 0 0
-6.988 -0.788 8.513 0 0 0
-11.088 6.312 8.213 0 0 0
-0.513 0.038 -0.038 0 0 0
-3.338 0.338 0.463 0 0 0
-3.188 -0.038 -0.688 0 0 0
-1.913 3.062 -0.988 0 0 0
-2.812 5.838 7.812 0 0 0
-18.738 -8.738 0.013 0 0 0
-4.163 9.388 2.463 0 0 0
-1.463 5.788 7.863 0 0 0
-7.388 7.288 7.088 0 0 0
-22.413 -6.438 0.013 0 0 0
3.188 -7.613 2.438 0 0 0
-3.338 2.238 0.338 0 0 0
0.438 -0.963 -0.888 0 0 0
-5.763 15.913 7.163 0 0 0
0.088 -7.463 4.338 0 0 0
3.888 -3.888 2.312 0 0 0
-1.988 -0.763 -1.012 0 0 0
-5.963 5.988 7.688 0 0 0
0.688 0.788 -0.238 0 0 0
3.812 -2.388 0.038 0 0 0
-0.288 0.188 0.213 0 0 0
-3.088 -0.588 -0.513 0 0 0
3.838 -2.863 0.312 0 0 0
-2.963 1.588 0.013 0 0 0
-1.062 -0.338 -3.663 0 0 0
-2.212 -1.763 -0.888 0 0 0
-1.012 -1.338 -1.062 0 0 0
-11.738 9.863 -0.138 0 0 0
-2.463 -0.663 0.013 0 0 0
-4.812 6.238 8.238 0 0 0
-2.113 -1.312 -1.012 0 0 0
-10.562 8.037 5.938 0 0 0
-1.312 -0.763 9.188 0 0 0
-5.638 5.713 7.963 0 0 0
-1.838 -0.088 -1.238 0 0 0
0.913 0.363 0.413 0 0 0
-1.438 0.113 -1.213 0 0 0
-2.337 0.062 0.413 0 0 0
-2.238 -0.812 0.013 0 0 0
-19.388 -7.838 0.013 0 0 0
-2.438 1.638 0.013 0 0 0
0.263 1.088 0.013 0 0 0
-14.988 15.588 6.038 0 0 0
-4.413 -7.812 4.038 0 0 0
2.838 -0.788 9.363 0 0 0
-3.062 -1.638 -1.038 0 0 0
3.812 -4.588 3.263 0 0 0
-2.538 4.413 0.288 0 0 0
-8.037 -9.938 0.013 0 0 0
-2.538 -1.312 -1.012 0 0 0
-1.213 -7.688 5.213 0 0 0
-2.863 2.238 0.013 0 0 0
0.663 -0.613 -0.238 0 0 0
-0.263 -0.138 -1.538 0 0 0
0.938 -7.713 3.788 0 0 0
4.213 4.288 5.588 0 0 0
3.963 3.863 5.213 0 0 0
0.163 0.088 0.013 0 0 0
-3.338 0.413 0.488 0 0 0
4.038 5.312 7.388 0 0 0
-2.188 7.113 8.013 0 0 0
-2.062 0.088 -1.363 0 0 0
3.562 -7.138 4.138 0 0 0
-2.963 -1.312 -1.012 0 0 0
3.513 0.588 6.338 0 0 0
-0.688 -0.138 -1.538 0 0 0
0.288 -1.438 -1.113 0 0 0
-3.188 -2.562 0.013 0 0 0
-5.288 7.888 6.463 0 0 0
0.038 -0.613 0.013 0 0 0
-0.038 0.513 0.288 0 0 0
-0.013 0.513 0.288 0 0 0
-2.588 -6.438 0.013 0 0 0
-1.538 -1.613 -1.062 0 0 0
-0.438 -0.888 -1.038 0 0 0
0.963 -0.163 -1.488 0 0 0
4.112 3.938 3.288 0 0 0
-0.888 -0.163 -1.688 0 0 0
-13.938 -10.138 0.013 0 0 0
-8.562 -10.938 0.013 0 0 0
-2.888 0.838 0.013 0 0 0
0.738 -0.138 -1.338 0 0 0
-1.338 -0.988 -1.088 0 0 0
-6.938 -7.438 4.612 0 0 0
-2.562 3.013 -0.988 0 0 0
-0.713 2.113 -1.038 0 0 0
-2.562 5.763 8.013 0 0 0
-3.413 2.138 -0.238 0 0 0
-0.863 -0.888 -1.038 0 0 0
-20.213 -10.738 0.013 0 0 0
-0.413 -7.463 3.613 0 0 0
0.488 -0.938 -0.988 0 0 0
0.388 -0.062 -0.588 0 0 0
0.537 -0.163 -1.488 0 0 0
4.038 2.463 3.562 0 0 0
0.288 -0.788 9.287 0 0 0
-3.613 1.538 0.013 0 0 0
4.062 3.188 4.338 0 0 0
-0.263 -0.312 0.138 0 0 0
3.988 5.562 7.538 0 0 0
-2.588 -0.213 -2.513 0 0 0
-3.363 1.812 0.537 0 0 0
-1.438 -0.312 -3.363 0 0 0
-3.288 3.463 0.663 0 0 0
-3.363 1.238 0.938 0 0 0
-0.213 5.838 8.113 0 0 0
0.863 -0.988 -1.088 0 0 0
0.788 0.888 -0.288 0 0 0
0.913 0.438 -0.163 0 0 0
3.938 3.988 5.613 0 0 0
-6.413 -2.562 -0.763 0 0 0
-2.238 8.088 7.013 0 0 0
0.938 0.263 0.363 0 0 0
-6.363 -10.188 0.013 0 0 0
0.913 2.638 -0.038 0 0 0
-3.113 -1.438 -0.113 0 0 0
-2.663 0.713 -0.438 0 0 0
0.438 -0.988 -1.088 0 0 0
-0.537 0.088 0.812 0 0 0
0.913 0.613 0.238 0 0 0
-2.138 -0.413 -0.537 0 0 0
-3.638 1.463 0.013 0 0 0
-7.062 6.163 7.713 0 0 0
4.163 3.238 4.338 0 0 0
4.138 -3.863 0.013 0 0 0
-9.638 -9.287 0.013 0 0 0
-19.463 1.088 8.562 0 0 0
-0.588 0.463 0.588 0 0 0
0.013 -0.988 -1.088 0 0 0
-1.763 -1.788 -0.913 0 0 0
-3.763 -2.438 0.013 0 0 0
-5.838 6.263 7.613 0 0 0
-9.263 5.788 7.988 0 0 0
-4.138 2.562 -0.863 0 0 0
-2.713 -0.088 -1.213 0 0 0
3.913 -3.938 1.137 0 0 0
-0.163 0.062 0.713 0 0 0
-1.638 3.188 0.013 0 0 0
-3.913 13.463 7.763 0 0 0
-18.238 12.638 5.438 0 0 0
0.663 -0.488 -0.263 0 0 0
0.888 0.812 -0.138 0 0 0
4.213 -9.463 0.013 0 0 0
0.938 0.463 0.238 0 0 0
-0.913 -0.163 -1.663 0 0 0
0.438 -0.062 -0.688 0 0 0
-3.163 1.012 -0.062 0 0 0
-25.213 6.213 8.713 0 0 0
-2.488 0.113 0.863 0 0 0
-14.238 5.763 7.913 0 0 0
0.463 -0.312 -3.213 0 0 0
-4.188 -8.988 0.013 0 0 0
4.088 2.463 3.463 0 0 0
-6.388 1.788 17.363 0 0 0
3.963 -0.288 3.338 0 0 0
-3.363 0.113 -0.062 0 0 0
0.238 0.537 0.588 0 0 0
-0.013 -0.263 0.088 0 0 0
-1.938 -0.013 -0.263 0 0 0
-1.988 -0.188 -2.062 0 0 0
0.938 0.338 0.388 0 0 0
-2.812 -0.788 -0.963 0 0 0
0.088 -0.263 -0.013 0 0 0
0.088 -0.263 -0.038 0 0 0
-3.113 4.612 0.312 0 0 0
-9.513 1.738 16.338 0 0 0
0.938 5.812 7.963 0 0 0
-1.913 0.113 0.913 0 0 0
-3.863 -0.138 -1.888 0 0 0
-3.312 1.238 0.838 0 0 0
-2.812 7.213 7.913 0 0 0
0.463 -0.488 -0.263 0 0 0
0.663 1.588 0.013 0 0 0
0.163 -0.062 -0.013 0 0 0
3.238 -7.388 5.363 0 0 0
0.913 0.688 0.263 0 0 0
-0.013 0.488 0.088 0 0 0
-0.038 0.488 0.088 0 0 0
0.163 -0.062 -0.038 0 0 0
-3.338 0.263 0.438 0 0 0
-0.438 0.113 -1.213 0 0 0
-11.013 1.062 9.488 0 0 0
0.363 2.288 0.013 0 0 0
-1.413 -0.213 -2.413 0 0 0
-0.463 0.188 -0.163 0 0 0
2.763 -7.588 5.463 0 0 0
4.062 2.988 3.738 0 0 0
0.213 6.963 7.788 0 0 0
0.062 0.513 -0.138 0 0 0
0.963 0.312 -0.113 0 0 0
-16.113 1.663 14.913 0 0 0
-1.763 -9.138 0.013 0 0 0
3.763 -1.938 0.788 0 0 0
-9.488 7.138 7.888 0 0 0
-15.988 1.663 14.788 0 0 0
-2.062 0.013 -0.113 0 0 0
-6.888 13.288 7.763 0 0 0
-4.362 -7.388 4.763 0 0 0
-13.838 -9.688 0.013 0 0 0
-14.363 -6.963 3.688 0 0 0
-0.638 0.113 -1.213 0 0 0
-2.038 -2.062 -0.888 0 0 0
-0.513 0.438 0.588 0 0 0
0.913 0.288 0.388 0 0 0
2.438 5.763 8.062 0 0 0
-13.812 1.713 15.763 0 0 0
-3.288 0.513 -0.188 0 0 0
-2.413 0.088 0.638 0 0 0
-1.763 1.513 0.013 0 0 0
-3.688 2.663 -0.188 0 0 0
-3.263 3.388 0.088 0 0 0
3.888 3.312 1.288 0 0 0
2.013 5.888 7.913 0 0 0
-7.438 -10.238 0.013 0 0 0
-1.938 -1.613 -1.012 0 0 0
-16.363 -9.062 0.013 0 0 0
-5.338 -17.438 0.013 0 0 0
-10.638 9.688 2.062 0 0 0
-9.338 -7.438 3.538 0 0 0
-3.413 2.288 -0.038 0 0 0
-2.488 0.013 -0.113 0 0 0
3.938 -4.288 2.062 0 0 0
-0.613 1.863 -1.088 0 0 0
-2.263 2.312 -1.113 0 0 0
0.863 1.513 0.013 0 0 0
-2.562 6.213 7.713 0 0 0
-10.013 5.688 8.138 0 0 0
0.763 -0.138 -1.363 0 0 0
-1.062 0.113 -1.213 0 0 0
4.138 2.763 3.388 0 0 0
0.038 0.013 0.113 0 0 0
-0.113 0.062 0.613 0 0 0
-3.988 -7.463 3.513 0 0 0
-1.763 2.263 0.013 0 0 0
-2.138 -0.213 -2.538 0 0 0
0.888 0.488 0.688 0 0 0
-2.062 -0.388 0.013 0 0 0
0.663 0.638 0.013 0 0 0
-3.363 0.363 0.363 0 0 0
-1.038 1.863 -1.088 0 0 0
0.438 1.513 0.013 0 0 0
-0.537 0.062 0.613 0 0 0
3.812 -2.638 2.363 0 0 0
-6.038 9.688 2.413 0 0 0
-1.863 1.263 0.013 0 0 0
-0.038 -0.238 -2.312 0 0 0
-7.988 5.938 8.113 0 0 0
3.863 -5.463 2.588 0 0 0
-3.213 0.013 -0.163 0 0 0
0.213 2.413 0.013 0 0 0
-0.062 1.338 0.013 0 0 0
-3.312 0.863 -0.163 0 0 0
0.338 0.513 0.013 0 0 0
-2.312 -0.013 -0.363 0 0 0
3.388 0.738 7.988 0 0 0
4.163 5.213 6.988 0 0 0
-2.513 -0.038 -0.113 0 0 0
-0.713 6.238 8.062 0 0 0
-3.338 -0.688 -0.163 0 0 0
-2.288 1.263 0.013 0 0 0
0.238 1.363 0.013 0 0 0
-16.463 1.638 14.688 0 0 0
4.088 4.213 4.562 0 0 0
0.138 -0.363 0.013 0 0 0
3.913 -2.938 0.963 0 0 0
-3.088 -2.062 -0.888 0 0 0
-4.688 15.388 8.787 0 0 0
-0.488 1.338 0.013 0 0 0
-1.963 -0.788 9.013 0 0 0
0.338 1.263 0.013 0 0 0
0.513 -0.288 -0.238 0 0 0
-3.312 -0.213 -2.688 0 0 0
-0.188 -1.263 -0.388 0 0 0
-2.713 1.263 0.013 0 0 0
-11.338 -11.338 0.013 0 0 0
0.213 3.913 0.013 0 0 0
-3.363 0.138 0.888 0 0 0
0.938 0.312 0.188 0 0 0
-17.062 8.363 7.363 0 0 0
-2.163 -0.013 -0.312 0 0 0
0.488 -1.413 -0.213 0 0 0
-3.238 3.438 -0.388 0 0 0
4.263 7.562 1.513 0 0 0
-10.788 8.213 6.088 0 0 0
-1.663 -0.738 -1.088 0 0 0
0.913 0.663 0.062 0 0 0
0.838 -0.738 -0.963 0 0 0
3.663 0.688 7.513 0 0 0
-3.113 0.963 0.013 0 0 0
4.188 3.713 4.688 0 0 0
-16.713 1.738 15.438 0 0 0
-25.163 5.538 7.363 0 0 0
-11.562 -9.713 0.013 0 0 0
0.463 -0.062 -0.713 0 0 0
-17.363 1.113 9.138 0 0 0
0.713 -7.713 3.013 0 0 0
0.763 -0.213 -2.113 0 0 0
0.913 0.537 0.213 0 0 0
3.963 4.338 5.863 0 0 0
-3.312 0.363 0.263 0 0 0
-1.088 -0.738 -1.038 0 0 0
-3.138 -1.188 0.013 0 0 0
-3.562 0.338 2.963 0 0 0
-3.288 -10.738 0.013 0 0 0
-2.212 0.088 0.588 0 0 0
0.863 0.488 0.713 0 0 0
-3.213 3.463 0.263 0 0 0
-0.537 -0.888 0.013 0 0 0
-0.638 -9.188 0.013 0 0 0
-2.888 -0.488 -0.188 0 0 0
-1.738 -1.613 -1.062 0 0 0
-9.888 10.788 8.963 0 0 0
-4.562 7.963 7.288 0 0 0
-17.062 1.613 14.188 0 0 0
-1.838 -0.763 -1.062 0 0 0
0.913 0.713 0.613 0 0 0
-2.337 -1.388 -1.088 0 0 0
-3.138 -0.438 0.013 0 0 0
-0.438 0.038 0.038 0 0 0
-1.713 1.713 -1.038 0 0 0
-3.163 -1.988 0.013 0 0 0
-0.213 -0.113 0.038 0 0 0
3.663 -0.263 3.562 0 0 0
-9.062 5.863 8.113 0 0 0
-11.288 -7.288 4.163 0 0 0
-1.213 2.663 -1.038 0 0 0
0.513 -0.088 -0.963 0 0 0
-0.413 1.312 0.013 0 0 0
4.213 3.562 4.612 0 0 0
-0.338 -0.138 -1.513 0 0 0
-1.688 -0.013 -0.413 0 0 0
-6.513 -7.413 4.237 0 0 0
-1.263 1.163 0.013 0 0 0
-3.288 1.738 1.188 0 0 0
-6.963 1.763 17.088 0 0 0
-0.062 0.562 -0.188 0 0 0
-0.288 -0.763 -0.988 0 0 0
-16.887 11.062 6.238 0 0 0
-7.163 -11.038 0.013 0 0 0
0.738 0.513 -0.288 0 0 0
-0.838 1.312 0.013 0 0 0
0.938 0.562 0.613 0 0 0
-3.338 1.062 0.938 0 0 0
4.013 2.988 0.388 0 0 0
-10.312 5.663 7.812 0 0 0
4.163 4.888 6.538 0 0 0
-3.238 0.013 -0.463 0 0 0
0.988 2.663 -1.038 0 0 0
0.763 0.113 1.137 0 0 0
-1.163 -9.438 0.013 0 0 0
-14.688 7.463 7.488 0 0 0
-0.038 0.713 0.312 0 0 0
-14.463 5.863 8.037 0 0 0
0.863 0.812 -0.163 0 0 0
-16.688 5.638 7.788 0 0 0
-13.538 1.012 8.713 0 0 0
0.863 -0.288 -2.838 0 0 0
-3.463 6.713 7.613 0 0 0
-2.263 0.062 0.238 0 0 0
0.163 0.038 0.338 0 0 0
3.688 -0.238 3.213 0 0 0
1.012 3.838 5.388 0 0 0
2.688 5.463 7.663 0 0 0
-9.213 1.738 16.463 0 0 0
-12.038 6.288 8.388 0 0 0
-1.062 -0.138 -1.638 0 0 0
-1.163 1.213 0.013 0 0 0
0.113 0.537 0.713 0 0 0
0.263 0.488 0.213 0 0 0
4.163 -4.038 0.013 0 0 0
-9.613 -16.012 0.013 0 0 0
-11.988 8.088 7.238 0 0 0
-3.263 -0.038 0.062 0 0 0
-2.212 -0.288 -0.413 0 0 0
-11.388 1.738 16.113 0 0 0
3.363 0.788 8.312 0 0 0
-2.288 -0.188 -0.163 0 0 0
-1.438 -0.763 -1.038 0 0 0
-3.062 -0.913 -0.562 0 0 0
3.963 -1.538 1.163 0 0 0
0.888 0.537 0.513 0 0 0
1.038 -0.163 -1.413 0 0 0
0.588 -0.363 -3.738 0 0 0
-2.013 -9.438 0.013 0 0 0
-2.212 0.013 -0.163 0 0 0
-1.588 1.213 0.013 0 0 0
-1.488 -0.138 -1.638 0 0 0
-0.188 0.088 0.838 0 0 0
-0.013 0.038 0.338 0 0 0
-0.038 0.038 0.338 0 0 0
0.088 0.713 -0.413 0 0 0
-1.812 -1.238 0.013 0 0 0
-19.438 4.888 4.088 0 0 0
-3.188 0.188 0.213 0 0 0
0.537 -0.312 -0.263 0 0 0
-1.863 -0.763 -1.038 0 0 0
-12.113 7.988 6.988 0 0 0
-11.513 5.738 7.288 0 0 0
3.738 -4.513 2.713 0 0 0
-2.013 1.213 0.013 0 0 0
-0.537 -0.788 -1.088 0 0 0
-0.463 0.038 0.338 0 0 0
-0.812 -1.413 -0.188 0 0 0
4.112 2.763 3.888 0 0 0
-1.113 -0.163 -1.738 0 0 0
-12.238 1.738 16.113 0 0 0
3.888 -0.513 6.013 0 0 0
0.188 0.062 0.738 0 0 0
-3.288 0.788 0.588 0 0 0
0.138 0.562 0.363 0 0 0
-2.212 0.062 0.388 0 0 0
0.413 0.312 0.013 0 0 0
3.913 -3.463 1.188 0 0 0
-24.788 -9.013 0.013 0 0 0
3.312 0.763 8.213 0 0 0
0.938 -0.388 0.013 0 0 0
-3.238 3.463 -0.038 0 0 0
-0.088 0.562 -0.163 0 0 0
3.238 7.413 2.562 0 0 0
0.413 0.613 0.263 0 0 0
0.312 -0.163 -1.538 0 0 0
-0.863 2.312 -1.088 0 0 0
4.088 3.562 4.938 0 0 0
-0.688 0.812 0.488 0 0 0
0.363 -0.338 -0.238 0 0 0
-9.363 1.062 9.613 0 0 0
-1.363 -0.812 -0.988 0 0 0
-11.163 1.812 17.062 0 0 0
-3.263 -0.288 -0.413 0 0 0
-0.463 0.088 0.888 0 0 0
0.938 0.363 0.013 0 0 0
-9.162 1.738 16.363 0 0 0
0.038 6.938 7.812 0 0 0
-0.113 -0.163 -1.538 0 0 0
-1.812 -1.213 -1.113 0 0 0
-1.288 2.312 -1.088 0 0 0
0.513 0.963 0.013 0 0 0
0.688 -0.588 -0.238 0 0 0
-3.263 -0.413 -0.263 0 0 0
3.788 -3.163 -0.463 0 0 0
-1.788 -0.812 -0.988 0 0 0
3.788 -4.088 2.488 0 0 0
-1.113 2.087 -1.062 0 0 0
-1.488 0.113 -1.213 0 0 0
-9.763 16.538 6.363 0 0 0
-0.413 -0.138 -0.163 0 0 0
-2.238 -1.213 -1.113 0 0 0
0.913 0.588 0.038 0 0 0
-2.613 1.513 0.013 0 0 0
0.513 1.713 0.013 0 0 0
0.438 -0.363 -3.588 0 0 0
-2.337 2.613 0.013 0 0 0
-0.812 -1.088 -1.062 0 0 0
-0.138 0.537 -0.263 0 0 0
-1.863 0.113 0.812 0 0 0
-3.713 1.963 -0.663 0 0 0
-0.013 -0.913 -0.263 0 0 0
-0.038 -0.913 -0.263 0 0 0
0.938 0.413 0.562 0 0 0
-1.413 -1.713 -0.938 0 0 0
-1.062 5.812 7.913 0 0 0
0.988 5.013 4.688 0 0 0
-1.088 5.713 8.037 0 0 0
-2.888 -0.438 -0.363 0 0 0
0.113 3.263 0.013 0 0 0
0.413 -0.812 -0.988 0 0 0
-3.288 0.113 0.013 0 0 0
0.013 -0.713 -1.038 0 0 0
0.913 0.763 0.438 0 0 0
-10.088 7.988 6.488 0 0 0
-5.863 -7.513 4.737 0 0 0
-6.338 -0.788 8.588 0 0 0
-2.438 0.138 0.163 0 0 0
0.888 0.788 0.338 0 0 0
-21.963 1.713 14.688 0 0 0
3.988 2.863 3.913 0 0 0
0.163 -0.263 0.038 0 0 0
-2.038 12.238 7.513 0 0 0
3.938 -3.238 1.713 0 0 0
-4.038 -0.938 -0.788 0 0 0
-4.413 6.263 8.287 0 0 0
-6.538 -7.413 1.388 0 0 0
-0.263 -0.138 -0.113 0 0 0
-8.863 -9.162 0.013 0 0 0
0.013 0.088 0.788 0 0 0
-0.013 -0.288 -0.113 0 0 0
-0.038 -0.288 -0.113 0 0 0
-3.163 2.312 0.013 0 0 0
-1.137 -0.763 -1.038 0 0 0
0.513 -0.213 -2.138 0 0 0
-1.088 6.338 8.188 0 0 0
4.088 3.812 5.363 0 0 0
-3.963 -7.413 4.988 0 0 0
3.888 -2.013 1.338 0 0 0
0.812 0.062 0.688 0 0 0
3.838 -3.238 2.013 0 0 0
0.863 0.838 0.188 0 0 0
-3.163 7.788 7.588 0 0 0
-3.263 -3.388 0.013 0 0 0
3.988 -0.213 2.488 0 0 0
-1.938 1.513 -1.088 0 0 0
-0.263 0.613 -0.113 0 0 0
0.312 -1.062 -0.988 0 0 0
0.312 -0.238 -2.288 0 0 0
-3.488 0.363 3.238 0 0 0
-3.413 6.413 8.338 0 0 0
-7.888 1.738 16.762 0 0 0
3.938 4.913 5.363 0 0 0
1.113 -0.088 -0.788 0 0 0
-3.138 0.988 0.663 0 0 0
-18.713 5.338 7.788 0 0 0
-0.113 7.062 7.738 0 0 0
-9.988 1.812 17.163 0 0 0
-3.588 7.788 7.588 0 0 0
-0.888 1.163 0.013 0 0 0
0.763 0.863 0.488 0 0 0
-3.388 1.613 0.312 0 0 0
-8.938 16.863 7.238 0 0 0
-0.088 -0.338 -0.213 0 0 0
-0.013 0.062 0.688 0 0 0
-0.038 0.062 0.688 0 0 0
-13.263 6.938 7.913 0 0 0
-3.062 -1.163 -0.988 0 0 0
-3.312 -0.138 -1.913 0 0 0
-6.588 -11.413 0.013 0 0 0
-2.513 4.538 -0.062 0 0 0
-3.062 -0.863 -0.738 0 0 0
4.038 4.088 5.513 0 0 0
4.188 4.013 4.338 0 0 0
-3.263 0.763 0.562 0 0 0
3.888 4.463 5.988 0 0 0
0.213 -0.263 -0.062 0 0 0
-3.738 -0.138 -1.913 0 0 0
-0.338 0.062 0.562 0 0 0
-14.363 5.812 7.263 0 0 0
0.812 -0.038 -0.288 0 0 0
-5.538 -7.413 4.938 0 0 0
-2.713 0.888 -0.312 0 0 0
-9.838 11.163 9.263 0 0 0
-2.863 1.238 -0.312 0 0 0
-16.512 1.613 14.213 0 0 0
-2.288 0.038 0.062 0 0 0
-25.488 5.863 6.863 0 0 0
3.913 -3.138 1.038 0 0 0
0.888 0.763 0.738 0 0 0
0.413 0.488 -0.312 0 0 0
-0.988 1.663 0.013 0 0 0
-4.763 -7.413 4.737 0 0 0
-2.388 -1.012 -1.088 0 0 0
-5.963 10.263 1.488 0 0 0
0.388 -0.038 -0.288 0 0 0
-18.838 5.113 7.088 0 0 0
-3.312 -0.613 0.188 0 0 0
4.163 -4.788 0.013 0 0 0
0.562 -0.263 -0.263 0 0 0
-5.938 6.363 7.763 0 0 0
4.263 -9.588 0.013 0 0 0
-2.413 13.613 8.838 0 0 0
-1.413 1.663 0.013 0 0 0
-7.588 8.263 7.188 0 0 0
-8.662 1.038 9.562 0 0 0
0.338 -0.363 -3.763 0 0 0
-2.513 11.238 7.413 0 0 0
0.388 0.713 -0.288 0 0 0
-3.113 1.038 0.188 0 0 0
-2.062 -1.713 -0.913 0 0 0
-2.288 0.088 0.613 0 0 0
-9.013 7.013 8.412 0 0 0
3.838 -2.463 -0.388 0 0 0
0.163 -0.288 -0.163 0 0 0
-4.038 -0.963 -0.988 0 0 0
-1.588 -0.738 -1.012 0 0 0
-1.838 1.663 0.013 0 0 0
-0.488 0.113 -1.213 0 0 0
3.988 4.838 6.562 0 0 0
0.213 0.537 0.488 0 0 0
-1.838 -1.538 0.013 0 0 0
0.888 -0.138 -1.388 0 0 0
-11.613 1.062 9.338 0 0 0
-2.138 -0.988 0.013 0 0 0
-0.288 -0.113 0.062 0 0 0
4.263 5.338 5.812 0 0 0
-0.537 0.113 1.113 0 0 0
2.312 10.713 1.488 0 0 0
-7.738 -9.213 0.013 0 0 0
0.788 1.663 0.013 0 0 0
-4.663 15.363 8.763 0 0 0
-13.312 -9.312 0.013 0 0 0
-1.913 0.062 0.513 0 0 0
3.613 -5.538 2.812 0 0 0
-0.488 0.913 0.613 0 0 0
-15.688 1.613 14.513 0 0 0
-3.438 0.038 -0.062 0 0 0
-3.138 -0.113 -1.463 0 0 0
-3.338 2.113 0.588 0 0 0
-7.888 5.663 7.738 0 0 0
-2.238 1.363 0.013 0 0 0
-2.713 0.062 -1.062 0 0 0
-25.888 1.088 7.812 0 0 0
0.088 0.438 0.238 0 0 0
-7.038 -7.188 5.562 0 0 0
-3.263 -0.188 -0.013 0 0 0
-2.163 1.562 0.013 0 0 0
0.363 1.663 0.013 0 0 0
0.888 0.963 0.013 0 0 0
0.263 0.788 -0.138 0 0 0
-2.438 -0.738 -1.012 0 0 0
-3.688 7.913 7.263 0 0 0
-0.088 -7.763 5.363 0 0 0
-2.263 -0.788 0.013 0 0 0
-6.188 10.213 1.488 0 0 0
-8.787 9.488 2.138 0 0 0
-3.263 3.613 -0.288 0 0 0
-2.663 1.363 0.013 0 0 0
-14.488 1.638 14.863 0 0 0
-1.638 -0.763 -1.113 0 0 0
-6.188 -0.763 9.062 0 0 0
4.013 3.038 4.288 0 0 0
-2.337 -1.863 -1.038 0 0 0
3.062 5.913 8.213 0 0 0
0.188 -0.738 -1.012 0 0 0
-3.288 0.463 0.088 0 0 0
0.438 -0.038 -0.388 0 0 0
3.488 -0.438 5.413 0 0 0
-2.087 -0.713 0.013 0 0 0
4.013 3.338 4.538 0 0 0
-3.138 -0.062 -0.913 0 0 0
-0.463 7.138 8.438 0 0 0
-10.338 -7.213 1.838 0 0 0
-2.288 -1.613 0.013 0 0 0
-0.363 -0.113 -0.138 0 0 0
0.388 -0.113 -1.038 0 0 0
-8.113 -0.788 9.263 0 0 0
3.788 -3.238 2.863 0 0 0
-0.138 0.062 0.513 0 0 0
-0.238 -0.738 -1.012 0 0 0
-2.613 7.238 7.963 0 0 0
-1.838 -0.038 -0.588 0 0 0
-0.062 -0.788 0.013 0 0 0
-3.238 0.138 0.863 0 0 0
-0.688 -0.138 -1.438 0 0 0
-13.863 1.088 9.263 0 0 0
0.463 1.713 0.013 0 0 0
0.763 -1.338 -0.963 0 0 0
-3.388 1.738 -1.163 0 0 0
0.812 -0.062 -0.488 0 0 0
-0.263 0.088 0.113 0 0 0
0.038 2.312 0.013 0 0 0
-3.338 2.188 0.613 0 0 0
-16.762 -11.312 0.013 0 0 0
-6.513 7.963 7.812 0 0 0
-10.138 16.163 7.263 0 0 0
-22.213 -6.788 0.013 0 0 0
0.738 -0.138 -1.238 0 0 0
-5.463 -10.713 0.013 0 0 0
3.263 -9.463 0.013 0 0 0
-2.513 -6.513 0.013 0 0 0
-8.013 5.763 7.838 0 0 0
-2.263 -0.763 -1.113 0 0 0
0.163 -0.788 -1.012 0 0 0
-3.413 2.138 -0.138 0 0 0
-3.163 -0.163 -2.062 0 0 0
-2.388 1.488 0.013 0 0 0
0.388 -0.062 -0.488 0 0 0
0.738 0.788 -0.238 0 0 0
0.863 -0.138 -1.363 0 0 0
-0.963 -0.738 -1.062 0 0 0
0.562 -0.588 -0.713 0 0 0
-0.988 -0.138 -1.562 0 0 0
-0.638 -0.388 -3.988 0 0 0
3.863 -1.888 1.613 0 0 0
-0.088 -0.863 0.013 0 0 0
0.338 -0.113 0.013 0 0 0
0.338 3.238 0.013 0 0 0
-3.213 -0.788 -1.163 0 0 0
-1.188 -0.163 -1.713 0 0 0
-3.113 0.138 0.138 0 0 0
-2.812 1.488 0.013 0 0 0
-2.388 2.238 0.013 0 0 0
-1.388 -0.738 -1.062 0 0 0
-1.413 -0.138 -1.562 0 0 0
-2.263 -0.188 -2.113 0 0 0
-0.288 0.138 -0.113 0 0 0
0.913 0.438 -0.062 0 0 0
-3.312 -2.062 0.013 0 0 0
-4.863 -0.738 8.287 0 0 0
-3.438 1.738 -0.113 0 0 0
3.588 0.562 6.213 0 0 0
-10.238 14.312 7.638 0 0 0
-2.938 0.788 0.013 0 0 0
4.013 6.438 8.188 0 0 0
0.238 -0.163 -1.513 0 0 0
-2.863 -0.038 -0.763 0 0 0
-3.288 0.713 0.513 0 0 0
-3.238 -1.863 0.013 0 0 0
-0.838 -0.188 -1.913 0 0 0
-0.463 -0.788 -1.012 0 0 0
-12.613 1.738 16.012 0 0 0
3.538 -2.038 -0.213 0 0 0
-1.963 -1.413 -1.088 0 0 0
3.838 -0.188 2.513 0 0 0
-0.537 0.088 0.913 0 0 0
-0.763 2.087 -1.038 0 0 0
-0.388 0.038 0.413 0 0 0
-2.087 1.838 -1.088 0 0 0
0.913 0.613 0.338 0 0 0
-1.488 -1.312 -1.038 0 0 0
-10.413 6.963 6.988 0 0 0
0.213 -0.338 -0.088 0 0 0
-2.363 5.838 7.888 0 0 0
3.788 -1.763 0.588 0 0 0
0.188 -0.312 -0.188 0 0 0
-2.263 0.088 0.588 0 0 0
4.062 4.163 5.988 0 0 0
-0.888 -0.788 -1.012 0 0 0
-3.312 0.888 0.138 0 0 0
3.438 -4.913 1.338 0 0 0
-3.263 -0.213 -0.238 0 0 0
-9.013 6.312 8.238 0 0 0
-6.688 -2.163 0.013 0 0 0
3.838 -2.288 -0.013 0 0 0
-1.438 0.088 -1.312 0 0 0
-1.863 -0.038 -0.562 0 0 0
-8.888 -7.163 1.838 0 0 0
-20.338 -9.488 0.013 0 0 0
-0.812 1.338 0.013 0 0 0
1.613 9.988 3.088 0 0 0
0.888 0.812 -0.013 0 0 0
-3.413 5.963 7.988 0 0 0
-4.013 2.562 -0.888 0 0 0
1.763 5.713 8.113 0 0 0
-2.312 -1.338 -0.938 0 0 0
-3.488 0.163 1.312 0 0 0
-1.788 -2.038 -0.938 0 0 0
3.963 5.088 7.288 0 0 0
-3.363 0.113 0.038 0 0 0
-1.312 1.163 0.013 0 0 0
3.812 -3.088 -0.038 0 0 0
0.338 -0.488 -0.312 0 0 0
-5.663 5.913 7.888 0 0 0
-1.238 1.338 0.013 0 0 0
-3.488 6.513 7.988 0 0 0
-2.188 -0.463 -0.537 0 0 0
0.213 0.588 0.312 0 0 0
-2.638 -2.188 -0.938 0 0 0
-12.288 -9.613 0.013 0 0 0
-9.088 5.863 8.013 0 0 0
-6.988 -1.863 0.138 0 0 0
-6.688 12.238 7.363 0 0 0
-1.913 0.113 1.012 0 0 0
-0.588 5.838 7.888 0 0 0
-16.637 1.613 14.338 0 0 0
0.913 0.688 0.363 0 0 0
-0.513 -1.062 0.013 0 0 0
-10.038 -7.088 4.612 0 0 0
-2.438 0.062 0.088 0 0 0
4.288 -8.812 0.013 0 0 0
0.138 -0.038 -0.013 0 0 0
0.138 -0.038 -0.038 0 0 0
-14.463 1.638 14.838 0 0 0
0.138 -0.013 -0.038 0 0 0
0.138 -0.013 -0.013 0 0 0
-1.137 -9.263 0.013 0 0 0
-1.812 7.588 6.263 0 0 0
-4.138 12.113 9.263 0 0 0
-0.788 -0.138 -1.613 0 0 0
-1.562 1.238 0.013 0 0 0
-1.638 -2.038 -0.888 0 0 0
-5.438 6.238 7.788 0 0 0
-9.037 7.413 7.513 0 0 0
3.812 5.013 1.788 0 0 0
3.812 -3.038 0.513 0 0 0
0.738 0.913 -0.263 0 0 0
3.788 -3.363 2.963 0 0 0
1.113 -0.238 -2.163 0 0 0
4.288 -8.062 0.013 0 0 0
-9.138 1.713 16.338 0 0 0
-2.212 0.113 0.888 0 0 0
-5.513 -7.288 5.713 0 0 0
-0.963 -9.162 0.013 0 0 0
-3.338 -1.788 -0.863 0 0 0
-9.763 -11.213 0.013 0 0 0
0.513 2.388 -0.663 0 0 0
-0.013 -7.688 3.013 0 0 0
-0.738 0.113 -1.238 0 0 0
-1.988 1.238 0.013 0 0 0
-3.413 0.138 1.088 0 0 0
-2.538 5.863 7.938 0 0 0
0.812 -0.238 -2.212 0 0 0
-18.188 1.062 8.388 0 0 0
3.763 -9.812 0.013 0 0 0
0.038 -0.288 -0.013 0 0 0
0.038 -0.288 -0.038 0 0 0
-19.062 5.338 4.513 0 0 0
0.288 0.537 0.363 0 0 0
-1.413 -0.163 -1.763 0 0 0
-3.513 -0.088 -1.363 0 0 0
-7.363 -7.513 1.413 0 0 0
-16.238 -9.363 0.013 0 0 0
0.763 -0.138 -1.263 0 0 0
0.038 0.013 0.213 0 0 0
-5.463 5.738 8.037 0 0 0
-14.913 1.738 15.838 0 0 0
-0.263 -0.788 -1.062 0 0 0
3.963 3.788 5.288 0 0 0
0.188 -7.613 5.238 0 0 0
0.638 0.638 0.013 0 0 0
3.938 -2.562 1.038 0 0 0
-7.562 -11.213 0.013 0 0 0
3.863 -4.312 2.562 0 0 0
-4.612 -10.363 0.013 0 0 0
4.138 2.638 3.638 0 0 0
0.338 -1.738 -1.163 0 0 0
-2.513 -0.213 -0.413 0 0 0
-3.588 1.788 -1.088 0 0 0
-3.363 2.263 0.338 0 0 0
-7.788 1.062 9.888 0 0 0
-2.562 -2.188 -0.938 0 0 0
-2.138 -0.438 -0.638 0 0 0
-1.713 -0.163 -1.888 0 0 0
-1.888 1.288 0.013 0 0 0
-12.613 -7.463 1.438 0 0 0
0.638 1.388 0.013 0 0 0
0.812 0.738 0.013 0 0 0
4.188 -7.562 0.013 0 0 0
-1.137 8.088 7.488 0 0 0
3.738 -3.113 2.438 0 0 0
-9.812 5.763 8.263 0 0 0
0.038 0.638 0.363 0 0 0
3.938 -2.388 1.438 0 0 0
-10.113 1.113 10.038 0 0 0
-0.663 1.513 -1.062 0 0 0
-1.763 -0.788 -0.988 0 0 0
0.413 2.288 0.013 0 0 0
-0.513 5.688 8.037 0 0 0
3.988 5.312 7.213 0 0 0
-3.338 0.338 -0.038 0 0 0
-3.338 0.338 -0.013 0 0 0
-1.788 -0.763 -1.088 0 0 0
-3.013 1.788 -0.288 0 0 0
0.113 -0.363 0.013 0 0 0
0.537 0.388 0.013 0 0 0
-2.312 1.288 0.013 0 0 0
1.588 5.913 7.888 0 0 0
-2.538 4.362 -0.763 0 0 0
0.613 0.588 0.013 0 0 0
0.537 -0.812 -1.012 0 0 0
-10.138 6.788 7.738 0 0 0
3.838 3.863 5.438 0 0 0
2.763 5.688 7.963 0 0 0
0.312 1.288 0.013 0 0 0
-2.188 -0.788 -0.988 0 0 0
-4.038 -0.788 -1.188 0 0 0
0.488 -0.263 -0.238 0 0 0
0.163 0.763 -0.513 0 0 0
0.562 2.113 -1.012 0 0 0
-21.838 -5.438 0.013 0 0 0
-2.738 1.288 0.013 0 0 0
-11.263 1.062 9.363 0 0 0
-6.738 -0.763 9.188 0 0 0
3.788 -3.338 0.562 0 0 0
2.788 -7.688 5.513 0 0 0
-2.238 -0.238 -0.213 0 0 0
0.713 -0.413 -0.238 0 0 0
-3.413 1.213 0.213 0 0 0
-10.562 -0.763 8.113 0 0 0
3.938 6.038 8.388 0 0 0
-2.212 0.038 0.138 0 0 0
-2.337 -9.412 0.013 0 0 0
0.513 2.938 0.013 0 0 0
0.913 0.363 -0.088 0 0 0
0.088 -0.288 -0.138 0 0 0
-2.513 -0.763 -1.137 0 0 0
-2.638 1.188 0.013 0 0 0
-2.863 -0.163 -1.938 0 0 0
-0.113 1.288 0.013 0 0 0
0.888 0.388 -0.188 0 0 0
0.363 0.938 -0.363 0 0 0
3.988 2.463 3.388 0 0 0
4.213 2.913 3.663 0 0 0
-1.513 1.838 -1.088 0 0 0
0.213 -0.913 -1.012 0 0 0
-2.863 -0.688 -0.388 0 0 0
0.312 0.013 0.288 0 0 0
-11.438 8.113 7.088 0 0 0
0.088 -0.413 0.013 0 0 0
-2.388 -2.363 -0.888 0 0 0
-0.888 -1.613 -1.038 0 0 0
-3.312 0.062 0.113 0 0 0
0.513 0.338 0.013 0 0 0
0.537 1.713 -0.988 0 0 0
-8.713 -9.013 0.013 0 0 0
-1.213 -2.188 -0.938 0 0 0
-2.913 0.838 0.013 0 0 0
-2.938 -0.763 -1.137 0 0 0
-3.062 1.188 0.013 0 0 0
-1.838 0.088 -1.338 0 0 0
0.913 0.537 0.312 0 0 0
-3.263 0.288 0.013 0 0 0
4.188 3.588 4.938 0 0 0
-5.688 -11.163 0.013 0 0 0
-8.488 7.113 7.838 0 0 0
-8.938 -11.463 0.013 0 0 0
-2.812 -2.363 -0.888 0 0 0
-3.312 0.812 0.113 0 0 0
2.087 -7.713 5.488 0 0 0
-1.363 -0.312 -3.388 0 0 0
-3.238 3.488 0.263 0 0 0
-3.288 -0.388 -0.138 0 0 0
-3.288 0.638 -0.113 0 0 0
0.537 -0.738 -0.988 0 0 0
-13.413 1.113 9.663 0 0 0
3.913 -1.538 1.363 0 0 0
3.738 -5.288 4.538 0 0 0
-3.363 -0.713 0.013 0 0 0
2.263 5.838 8.088 0 0 0
3.938 -3.588 1.738 0 0 0
-1.788 7.562 6.238 0 0 0
-3.288 0.938 0.138 0 0 0
-4.913 5.838 8.162 0 0 0
-1.113 -0.988 -1.062 0 0 0
-3.288 -0.513 0.013 0 0 0
4.163 3.788 5.238 0 0 0
-1.938 -0.213 -2.488 0 0 0
-1.713 -0.763 -1.088 0 0 0
-0.238 -0.088 0.038 0 0 0
0.213 0.062 0.537 0 0 0
0.788 -0.763 -0.963 0 0 0
-11.888 6.312 8.213 0 0 0
3.888 -2.812 0.938 0 0 0
4.163 5.688 5.113 0 0 0
-8.738 -9.062 0.013 0 0 0
-3.363 0.038 0.013 0 0 0
-1.688 -0.013 -0.312 0 0 0
0.338 -0.562 -0.338 0 0 0
0.537 1.338 -0.713 0 0 0
-3.388 0.062 -0.088 0 0 0
-13.613 5.688 7.138 0 0 0
-0.413 0.312 0.413 0 0 0
-3.338 0.312 0.363 0 0 0
-2.337 2.288 -1.088 0 0 0
0.312 -7.688 3.763 0 0 0
-1.213 -0.312 -3.338 0 0 0
-17.137 7.812 7.613 0 0 0
-0.238 0.663 0.038 0 0 0
-7.413 8.162 7.413 0 0 0
-1.163 0.113 -1.288 0 0 0
-0.213 0.062 0.537 0 0 0
-9.188 -7.138 5.413 0 0 0
-24.913 5.288 7.263 0 0 0
0.438 -1.263 -0.338 0 0 0
-2.188 -1.388 -0.188 0 0 0
-3.238 -0.863 -0.888 0 0 0
-3.288 -2.212 0.013 0 0 0
3.838 -2.538 2.288 0 0 0
-3.038 -0.138 -1.888 0 0 0
3.888 -2.763 1.488 0 0 0
-13.312 -7.088 1.763 0 0 0
0.513 -0.038 -0.312 0 0 0
-5.388 5.938 7.913 0 0 0
0.488 1.438 -0.963 0 0 0
3.088 6.413 8.662 0 0 0
3.938 2.413 1.012 0 0 0
-1.062 7.163 8.488 0 0 0
-0.812 6.363 7.838 0 0 0
-0.963 1.688 0.013 0 0 0
-1.038 -0.738 -1.038 0 0 0
-1.062 -0.138 -1.538 0 0 0
-12.062 1.113 9.663 0 0 0
-3.288 -0.438 0.038 0 0 0
-1.188 1.238 0.013 0 0 0
-2.913 -0.688 -0.188 0 0 0
-2.638 7.088 8.412 0 0 0
0.263 0.488 0.312 0 0 0
-3.338 1.688 1.188 0 0 0
0.088 0.588 0.438 0 0 0
-1.538 12.288 7.562 0 0 0
3.213 0.888 9.312 0 0 0
-3.263 -0.013 0.163 0 0 0
-2.212 -0.288 -0.312 0 0 0
-3.588 8.162 5.938 0 0 0
0.888 0.537 0.613 0 0 0
-2.488 -0.062 -0.038 0 0 0
-2.488 -0.062 -0.013 0 0 0
-1.463 -0.738 -1.038 0 0 0
-7.138 1.738 16.688 0 0 0
-1.488 -0.138 -1.538 0 0 0
0.738 1.888 -0.013 0 0 0
-3.513 -0.738 -0.988 0 0 0
-0.038 0.038 0.438 0 0 0
-5.663 6.213 8.138 0 0 0
4.163 4.038 5.663 0 0 0
3.863 -5.263 2.688 0 0 0
-0.788 1.188 0.013 0 0 0
-0.688 -0.163 -1.638 0 0 0
-0.413 0.113 1.088 0 0 0
-6.062 -7.488 4.688 0 0 0
-3.513 0.238 1.838 0 0 0
-1.888 -0.738 -1.038 0 0 0
0.938 0.463 -0.263 0 0 0
-2.138 0.113 0.763 0 0 0
0.913 0.513 0.113 0 0 0
-11.312 7.113 8.562 0 0 0
0.738 -0.163 -1.438 0 0 0
-1.213 1.188 0.013 0 0 0
-3.788 5.888 7.863 0 0 0
3.188 -7.562 2.438 0 0 0
4.163 -6.163 0.013 0 0 0
0.738 -0.738 -1.038 0 0 0
-3.613 -1.312 -0.963 0 0 0
-3.288 0.788 0.688 0 0 0
-8.088 1.113 10.263 0 0 0
3.938 2.488 1.038 0 0 0
4.163 6.113 5.938 0 0 0
3.163 0.863 9.213 0 0 0
-9.812 -9.138 0.013 0 0 0
0.388 -0.663 -0.288 0 0 0
-1.088 -0.888 -0.988 0 0 0
1.463 -0.788 9.363 0 0 0
-2.613 8.088 7.013 0 0 0
-2.087 0.062 0.363 0 0 0
-1.638 1.188 0.013 0 0 0
-3.388 1.363 0.588 0 0 0
0.312 -0.738 -1.038 0 0 0
3.738 -3.888 2.963 0 0 0
-3.363 0.188 1.488 0 0 0
0.263 7.062 7.938 0 0 0
-3.213 -1.388 -0.963 0 0 0
3.838 -7.188 4.237 0 0 0
0.537 -0.888 -1.038 0 0 0
-3.163 0.038 -0.013 0 0 0
3.888 -2.688 0.913 0 0 0
-7.363 6.938 7.988 0 0 0
-3.013 -0.062 -0.938 0 0 0
3.388 5.788 8.088 0 0 0
-2.988 1.838 -0.288 0 0 0
-10.788 12.138 9.263 0 0 0
-0.213 9.863 2.913 0 0 0
-7.088 -7.238 4.138 0 0 0
0.488 -0.338 -0.263 0 0 0
-3.938 -1.413 -0.963 0 0 0
-1.938 -0.763 -1.137 0 0 0
4.138 5.338 7.363 0 0 0
-3.338 0.438 0.338 0 0 0
-3.438 0.113 0.062 0 0 0
-3.263 -0.413 -0.163 0 0 0
3.788 -3.163 -0.363 0 0 0
-4.038 2.788 -0.963 0 0 0
0.488 0.988 0.013 0 0 0
-0.363 -0.788 9.338 0 0 0
0.588 2.738 0.013 0 0 0
0.938 0.238 0.263 0 0 0
0.663 -0.562 -0.238 0 0 0
1.038 5.888 7.863 0 0 0
0.113 -0.888 -1.038 0 0 0
3.812 -1.863 0.013 0 0 0
-1.863 -1.263 -0.513 0 0 0
0.713 0.838 0.013 0 0 0
0.013 -0.263 0.088 0 0 0
0.488 0.413 -0.263 0 0 0
-0.312 0.188 0.213 0 0 0
0.913 0.588 0.138 0 0 0
-10.088 1.062 9.663 0 0 0
-6.288 1.062 9.963 0 0 0
-1.513 -1.438 -1.113 0 0 0
0.238 0.038 0.513 0 0 0
-3.263 0.338 -0.163 0 0 0
-2.038 1.638 0.013 0 0 0
-2.363 2.638 0.013 0 0 0
4.062 2.212 0.288 0 0 0
-7.812 -9.287 0.013 0 0 0
0.288 0.838 0.013 0 0 0
-2.337 5.913 7.713 0 0 0
0.713 1.588 0.013 0 0 0
-2.663 -6.562 0.013 0 0 0
0.038 -0.562 0.013 0 0 0
4.188 3.463 3.763 0 0 0
-12.513 1.113 9.688 0 0 0
-0.363 -0.338 -0.263 0 0 0
-5.812 -0.763 8.463 0 0 0
-5.812 9.688 2.438 0 0 0
0.913 0.763 0.537 0 0 0
-10.988 -9.238 0.013 0 0 0
-2.888 0.888 0.013 0 0 0
0.388 0.738 0.013 0 0 0
3.988 4.988 6.713 0 0 0
-2.288 0.113 0.913 0 0 0
0.888 0.788 0.438 0 0 0
-2.888 -1.588 -0.138 0 0 0
-4.988 -8.988 0.013 0 0 0
0.562 -7.513 4.388 0 0 0
4.138 3.413 4.538 0 0 0
3.838 -4.863 1.588 0 0 0
4.288 7.038 0.812 0 0 0
-18.262 1.088 8.812 0 0 0
0.788 -0.363 -3.688 0 0 0
-1.288 -0.138 -1.588 0 0 0
0.913 0.638 0.688 0 0 0
-2.638 -2.663 -0.888 0 0 0
0.638 2.263 -0.738 0 0 0
-1.838 2.087 -1.088 0 0 0
4.112 2.263 3.138 0 0 0
-13.838 5.938 8.113 0 0 0
-0.938 -1.312 -1.062 0 0 0
-2.388 2.562 0.013 0 0 0
-0.062 -0.263 -0.113 0 0 0
-0.438 0.263 0.363 0 0 0
-0.812 2.312 -1.088 0 0 0
0.113 -1.838 -1.038 0 0 0
-1.713 0.088 0.562 0 0 0
-12.388 1.763 16.288 0 0 0
-3.388 1.438 0.013 0 0 0
3.913 -2.113 -0.838 0 0 0
-3.488 0.363 3.338 0 0 0
0.088 7.088 7.988 0 0 0
-14.363 -9.338 0.013 0 0 0
-2.988 0.638 0.013 0 0 0
-3.062 -0.763 -1.012 0 0 0
-3.312 1.663 1.163 0 0 0
-1.463 7.938 5.738 0 0 0
-1.588 -0.138 -1.713 0 0 0
-20.738 5.388 6.663 0 0 0
-2.463 4.463 0.288 0 0 0
-18.238 5.438 7.938 0 0 0
-1.788 -0.163 -1.863 0 0 0
-2.363 0.113 0.713 0 0 0
-16.738 5.463 7.738 0 0 0
-0.062 -0.663 0.013 0 0 0
3.838 -1.688 -0.688 0 0 0
0.513 -0.163 -1.488 0 0 0
-1.638 5.938 7.788 0 0 0
-3.213 2.263 0.013 0 0 0
-0.713 0.088 0.763 0 0 0
0.863 -1.338 -0.963 0 0 0
-5.438 -7.438 4.263 0 0 0
-4.413 10.338 1.488 0 0 0
-5.488 -0.788 9.412 0 0 0
0.088 0.062 0.663 0 0 0
3.863 -2.513 1.613 0 0 0
-2.663 5.713 8.013 0 0 0
0.588 0.113 1.088 0 0 0
-2.288 -1.188 -1.088 0 0 0
0.863 0.038 0.463 0 0 0
-1.538 12.213 7.538 0 0 0
-0.113 6.388 7.863 0 0 0
3.562 0.513 5.713 0 0 0
-0.638 7.963 7.713 0 0 0
-0.013 5.713 8.013 0 0 0
-0.038 5.713 8.013 0 0 0
0.213 -0.263 0.038 0 0 0
-0.588 1.688 0.013 0 0 0
-2.838 1.338 -0.338 0 0 0
-2.588 -0.238 -2.663 0 0 0
-0.788 -0.838 -1.038 0 0 0
-8.988 -11.088 0.013 0 0 0
0.338 0.463 0.438 0 0 0
-3.038 0.312 -0.113 0 0 0
-12.963 1.713 15.888 0 0 0
0.413 -0.388 -0.062 0 0 0
-3.538 1.562 0.013 0 0 0
-1.188 1.738 -1.012 0 0 0
-7.338 6.913 7.963 0 0 0
-11.763 1.113 9.788 0 0 0
0.338 -1.463 -1.113 0 0 0
-3.312 -0.088 -1.263 0 0 0
-1.012 1.688 0.013 0 0 0
-1.363 -2.388 -0.913 0 0 0
-0.963 5.963 7.838 0 0 0
-1.213 -0.838 -1.038 0 0 0
-2.188 -2.013 -0.938 0 0 0
-1.863 0.088 0.713 0 0 0
-1.788 -1.238 -1.038 0 0 0
-3.363 -0.113 -0.088 0 0 0
-0.088 -0.263 -0.088 0 0 0
-15.013 1.713 15.413 0 0 0
-3.312 0.713 0.562 0 0 0
-6.088 15.863 7.113 0 0 0
-3.312 2.163 0.013 0 0 0
-1.788 -2.388 -0.913 0 0 0
4.213 -7.913 0.013 0 0 0
0.763 -0.388 -0.263 0 0 0
-2.613 -2.013 -0.938 0 0 0
-3.288 0.138 1.062 0 0 0
0.363 0.738 -0.288 0 0 0
-0.288 0.163 0.188 0 0 0
-1.588 -0.213 -2.463 0 0 0
-5.013 -0.788 9.312 0 0 0
-1.913 1.738 -1.062 0 0 0
-3.638 1.312 0.013 0 0 0
3.888 -5.062 2.413 0 0 0
4.138 -4.013 0.013 0 0 0
-4.288 1.038 10.013 0 0 0
0.213 0.537 0.588 0 0 0
-0.438 -0.062 -0.088 0 0 0
-2.413 -7.463 5.088 0 0 0
3.888 -3.738 2.688 0 0 0
-2.538 0.138 0.088 0 0 0
-3.888 6.138 8.113 0 0 0
-3.263 -0.363 -0.338 0 0 0
-2.363 -1.413 -0.163 0 0 0
-3.013 -1.163 -0.988 0 0 0
-2.013 -0.213 -2.463 0 0 0
3.312 5.812 8.312 0 0 0
-8.963 1.038 9.537 0 0 0
-2.913 -1.588 -0.963 0 0 0
-15.013 1.763 15.963 0 0 0
-4.062 1.312 0.013 0 0 0
0.763 1.688 0.013 0 0 0
-8.662 5.988 8.013 0 0 0
-4.013 2.688 -0.888 0 0 0
3.838 -2.863 0.513 0 0 0
-2.513 -1.363 -0.938 0 0 0
-9.738 -10.438 0.013 0 0 0
0.463 7.163 8.062 0 0 0
-3.263 -0.488 -0.188 0 0 0
4.213 3.188 4.388 0 0 0
-0.213 -0.188 0.062 0 0 0
-9.037 9.938 1.488 0 0 0
4.188 4.088 3.863 0 0 0
-2.163 -0.788 9.238 0 0 0
-3.312 0.913 0.438 0 0 0
0.338 -0.363 -0.312 0 0 0
-1.213 -0.763 -1.012 0 0 0
0.738 1.438 -0.388 0 0 0
4.388 5.838 8.113 0 0 0
3.963 3.688 5.013 0 0 0
3.963 5.013 0.663 0 0 0
-2.312 -0.213 -2.588 0 0 0
-7.838 10.038 -0.138 0 0 0
-0.513 0.088 0.713 0 0 0
-25.438 8.188 1.388 0 0 0
3.913 -3.913 1.538 0 0 0
-11.738 1.788 16.637 0 0 0
-2.388 -0.038 -0.038 0 0 0
-0.638 -0.188 0.062 0 0 0
4.138 2.538 3.363 0 0 0
1.663 3.888 5.438 0 0 0
-2.113 -0.413 -0.638 0 0 0
4.188 -3.888 0.013 0 0 0
-1.638 -0.763 -1.012 0 0 0
-2.312 -0.738 -1.038 0 0 0
0.888 0.838 0.263 0 0 0
0.163 0.513 0.488 0 0 0
-3.113 -0.138 -1.863 0 0 0
-2.888 -0.513 -0.288 0 0 0
-3.312 1.088 0.838 0 0 0
0.438 -0.038 -0.288 0 0 0
2.087 -7.438 6.213 0 0 0
0.663 1.438 0.013 0 0 0
-3.263 3.488 -0.038 0 0 0
-13.338 -7.213 3.963 0 0 0
0.888 1.288 0.013 0 0 0
4.013 2.488 0.312 0 0 0
3.763 -1.812 0.888 0 0 0
3.538 -7.388 3.713 0 0 0
3.763 -4.237 2.562 0 0 0
4.138 2.713 3.763 0 0 0
-2.288 1.312 0.013 0 0 0
-0.138 0.062 0.613 0 0 0
-1.538 8.113 7.488 0 0 0
-3.312 1.838 0.838 0 0 0
-7.013 12.263 7.363 0 0 0
-1.263 -0.812 -1.113 0 0 0
4.263 4.938 5.438 0 0 0
2.363 -7.738 3.038 0 0 0
-7.338 -9.388 0.013 0 0 0
-4.013 6.963 8.263 0 0 0
-0.638 -0.238 -2.363 0 0 0
0.763 0.738 0.013 0 0 0
-8.062 -9.588 0.013 0 0 0
-2.388 -0.763 -1.163 0 0 0
3.888 -2.963 1.562 0 0 0
4.312 6.413 7.513 0 0 0
-0.163 -0.488 0.238 0 0 0
-0.062 -0.338 -0.138 0 0 0
-1.713 -0.038 -0.613 0 0 0
-5.763 5.812 8.037 0 0 0
-0.562 -0.138 -1.463 0 0 0
0.413 0.613 -0.238 0 0 0
0.338 -0.288 -0.288 0 0 0
-2.788 -0.062 -1.012 0 0 0
-2.488 1.163 0.013 0 0 0
-2.212 -0.363 -0.388 0 0 0
-16.762 -11.738 0.013 0 0 0
-3.312 0.513 -0.038 0 0 0
-3.312 0.513 -0.013 0 0 0
-2.388 -0.888 -1.012 0 0 0
-16.387 1.163 9.763 0 0 0
-2.713 0.738 -0.263 0 0 0
-1.062 1.263 -1.088 0 0 0
-3.413 2.138 -0.038 0 0 0
0.138 -0.763 -1.012 0 0 0
-0.988 -0.138 -1.463 0 0 0
0.113 0.738 -0.513 0 0 0
0.363 0.588 0.263 0 0 0
-10.713 7.188 6.963 0 0 0
-5.038 -17.538 0.013 0 0 0
0.513 -0.062 -0.513 0 0 0
-10.213 13.988 8.263 0 0 0
0.213 1.363 0.013 0 0 0
0.388 -0.188 -0.238 0 0 0
-3.013 0.288 -0.138 0 0 0
-2.212 -0.188 0.013 0 0 0
0.312 -0.088 0.013 0 0 0
3.638 7.188 6.963 0 0 0
0.263 6.213 7.713 0 0 0
0.013 3.812 0.013 0 0 0
-3.312 -0.038 -0.163 0 0 0
-1.988 -0.338 0.013 0 0 0
0.537 -0.238 0.013 0 0 0
0.663 -0.713 -1.012 0 0 0
2.388 5.838 8.062 0 0 0
-0.062 0.588 0.263 0 0 0
0.788 0.888 -0.088 0 0 0
-9.338 5.838 8.062 0 0 0
-3.263 -0.062 0.638 0 0 0
3.688 6.113 2.113 0 0 0
-1.163 -0.888 -0.963 0 0 0
-13.963 -9.062 0.013 0 0 0
-1.812 -0.213 -2.513 0 0 0
-2.613 -0.088 -0.113 0 0 0
-1.263 -0.738 -1.088 0 0 0
-1.438 5.888 8.138 0 0 0
-2.263 -1.588 -0.988 0 0 0
-2.488 -0.537 0.013 0 0 0
3.138 -9.688 0.013 0 0 0
0.312 0.663 0.013 0 0 0
-3.738 0.338 2.913 0 0 0
0.238 -0.738 -1.012 0 0 0
3.738 -4.663 4.038 0 0 0
-2.413 -0.338 0.013 0 0 0
-2.388 0.088 0.537 0 0 0
0.113 -0.238 0.013 0 0 0
-0.613 0.163 -0.163 0 0 0
0.913 0.312 0.188 0 0 0
1.012 -0.163 -1.613 0 0 0
-2.788 12.263 9.412 0 0 0
-14.038 11.888 9.037 0 0 0
0.413 -0.338 -0.238 0 0 0
0.413 0.688 -0.213 0 0 0
0.238 0.638 0.413 0 0 0
-8.713 -10.388 0.013 0 0 0
-1.688 -0.738 -1.088 0 0 0
0.838 0.863 0.188 0 0 0
-2.388 -1.838 -1.012 0 0 0
0.213 -0.338 0.013 0 0 0
-0.088 0.062 0.513 0 0 0
3.638 8.263 2.738 0 0 0
0.188 -0.312 -0.088 0 0 0
-1.812 -7.338 5.963 0 0 0
-3.288 0.413 -0.238 0 0 0
-7.088 8.013 5.863 0 0 0
-2.038 2.062 -1.088 0 0 0
-2.713 2.087 -1.113 0 0 0
-3.738 2.613 -0.288 0 0 0
-3.463 1.388 -0.263 0 0 0
0.088 2.312 0.013 0 0 0
-1.288 -1.113 -1.062 0 0 0
-3.338 0.363 0.263 0 0 0
-2.113 -0.738 -1.088 0 0 0
-16.188 7.363 8.912 0 0 0
-22.588 -6.913 0.013 0 0 0
-0.463 0.463 0.663 0 0 0
-1.863 -0.013 -0.463 0 0 0
-3.363 -0.638 0.138 0 0 0
3.363 0.812 8.763 0 0 0
-2.738 -0.062 -1.113 0 0 0
-8.738 -11.188 0.013 0 0 0
-2.463 0.213 0.188 0 0 0
-1.713 -1.113 -1.062 0 0 0
-3.288 0.013 -0.113 0 0 0
-3.163 -0.438 0.013 0 0 0
0.763 -0.463 -0.288 0 0 0
-3.363 0.163 1.288 0 0 0
0.363 -0.363 -0.338 0 0 0
-1.312 -7.388 6.013 0 0 0
3.838 4.062 1.513 0 0 0
-0.537 0.113 -0.113 0 0 0
3.888 -1.838 1.238 0 0 0
-2.613 -1.213 -1.113 0 0 0
0.638 0.888 0.588 0 0 0
0.913 0.388 0.213 0 0 0
-0.812 -0.363 -3.838 0 0 0
-0.438 1.312 0.013 0 0 0
-8.787 7.938 7.838 0 0 0
-0.263 -0.238 -0.238 0 0 0
-9.238 -10.638 0.013 0 0 0
-8.062 16.238 6.238 0 0 0
-3.238 -0.062 -0.988 0 0 0
-0.363 5.688 7.988 0 0 0
3.238 -7.238 5.062 0 0 0
0.113 0.588 0.713 0 0 0
-6.738 -2.188 0.013 0 0 0
-0.562 -0.163 -1.663 0 0 0
-3.312 1.688 0.788 0 0 0
-1.838 -1.788 -0.913 0 0 0
0.463 -0.038 -0.312 0 0 0
-3.062 -1.312 -0.988 0 0 0
0.088 0.488 0.163 0 0 0
-1.213 -0.363 -3.738 0 0 0
-3.163 0.188 0.163 0 0 0
-0.863 1.312 0.013 0 0 0
0.913 0.562 0.613 0 0 0
-12.763 9.888 1.513 0 0 0
-0.788 -0.138 -1.513 0 0 0
0.062 0.513 0.062 0 0 0
0.963 0.312 0.088 0 0 0
3.838 -2.938 0.488 0 0 0
-3.463 1.713 -1.137 0 0 0
-3.238 -7.438 5.013 0 0 0
0.738 0.913 -0.163 0 0 0
0.863 -0.163 -1.463 0 0 0
-0.988 -0.163 -1.663 0 0 0
-1.638 -1.588 -1.038 0 0 0
3.763 6.013 8.037 0 0 0
-0.062 -0.188 0.062 0 0 0
-3.413 0.088 0.038 0 0 0
0.812 7.062 7.913 0 0 0
0.238 -0.312 -0.188 0 0 0
-5.788 6.138 7.638 0 0 0
-0.613 5.763 7.988 0 0 0
-13.088 8.037 7.038 0 0 0
-5.238 5.863 8.162 0 0 0
-6.338 1.788 17.238 0 0 0
-6.363 -17.512 0.013 0 0 0
0.288 0.537 0.463 0 0 0
4.188 3.163 4.213 0 0 0
0.088 0.537 0.713 0 0 0
-1.638 0.088 0.638 0 0 0
2.413 5.513 7.863 0 0 0
0.588 -0.613 -0.638 0 0 0
-1.288 -0.163 -1.788 0 0 0
-9.788 -9.113 0.013 0 0 0
-13.763 5.638 8.162 0 0 0
-2.013 0.163 1.288 0 0 0
0.863 1.963 -0.013 0 0 0
-11.713 12.713 9.688 0 0 0
3.963 -0.213 -1.663 0 0 0
-2.913 2.488 -0.438 0 0 0
-9.988 -9.988 0.013 0 0 0
-6.663 -9.513 0.013 0 0 0
-0.213 0.088 0.838 0 0 0
-4.338 12.088 7.338 0 0 0
0.938 -0.913 -0.263 0 0 0
-2.288 -0.988 -1.062 0 0 0
-10.913 10.088 1.513 0 0 0
0.388 0.562 -0.288 0 0 0
-1.713 -0.163 -1.788 0 0 0
-3.312 0.562 -0.213 0 0 0
4.038 3.088 3.863 0 0 0
0.463 -0.138 -1.288 0 0 0
3.888 4.088 5.763 0 0 0
4.163 -7.538 0.013 0 0 0
-9.438 7.013 7.988 0 0 0
-12.138 12.713 9.688 0 0 0
-3.338 1.538 1.088 0 0 0
-1.788 -0.238 -2.538 0 0 0
-0.638 0.088 0.838 0 0 0
-2.988 6.963 7.913 0 0 0
0.088 0.688 -0.562 0 0 0
-8.463 -7.312 1.888 0 0 0
0.963 0.263 0.263 0 0 0
4.013 2.538 3.488 0 0 0
-7.288 -10.413 0.013 0 0 0
-13.163 -9.213 0.013 0 0 0
-1.788 -0.763 -0.988 0 0 0
-0.288 -0.163 -1.588 0 0 0
0.363 1.338 -0.388 0 0 0
0.163 0.062 0.738 0 0 0
-0.688 1.863 -1.088 0 0 0
0.562 -7.763 5.388 0 0 0
-3.138 0.213 -0.038 0 0 0
-3.138 0.213 -0.013 0 0 0
-0.988 -0.788 -1.088 0 0 0
-7.613 -11.263 0.013 0 0 0
0.913 -0.388 0.013 0 0 0
-13.988 1.688 15.388 0 0 0
-1.513 -8.638 0.013 0 0 0
-0.938 -7.513 5.163 0 0 0
-0.363 1.288 -1.062 0 0 0
-0.188 -0.238 -0.163 0 0 0
-5.838 7.438 7.288 0 0 0
-0.062 0.062 0.488 0 0 0
-2.812 -0.088 -1.188 0 0 0
-2.238 -0.238 -0.113 0 0 0
-1.788 0.038 0.163 0 0 0
-1.388 -0.812 -0.988 0 0 0
-4.163 1.062 10.188 0 0 0
-1.413 -0.788 -1.088 0 0 0
-3.438 1.663 -0.038 0 0 0
-3.438 1.663 -0.013 0 0 0
-2.288 -1.788 -0.888 0 0 0
3.163 1.038 11.038 0 0 0
-1.613 -1.688 -1.088 0 0 0
-2.438 0.188 0.163 0 0 0
-0.863 7.513 7.913 0 0 0
4.138 3.013 4.013 0 0 0
-3.363 1.863 -0.013 0 0 0
-1.312 6.388 8.537 0 0 0
0.688 1.263 0.013 0 0 0
-3.613 2.038 -0.812 0 0 0
3.913 -3.613 1.188 0 0 0
3.588 5.938 8.238 0 0 0
-3.463 0.163 1.113 0 0 0
-4.463 -17.913 0.013 0 0 0
-3.663 2.562 -0.038 0 0 0
-16.637 -11.663 0.013 0 0 0
-3.312 0.062 0.213 0 0 0
-2.863 1.213 -0.413 0 0 0
-2.463 -0.488 0.013 0 0 0
-7.138 5.888 7.888 0 0 0
0.488 0.363 0.013 0 0 0
-0.488 -0.838 -1.038 0 0 0
-2.938 -0.763 -1.038 0 0 0
0.913 0.537 0.413 0 0 0
-3.062 4.688 -0.388 0 0 0
-2.238 -0.638 0.013 0 0 0
-5.812 -9.688 0.013 0 0 0
1.188 -7.562 4.413 0 0 0
0.263 1.263 0.013 0 0 0
-10.463 -7.488 1.438 0 0 0
-25.963 1.137 8.338 0 0 0
-8.763 7.913 7.812 0 0 0
0.913 0.413 0.562 0 0 0
3.812 -0.638 7.488 0 0 0
-1.312 -0.738 -1.088 0 0 0
3.963 -1.688 -0.713 0 0 0
-3.238 -0.238 -2.713 0 0 0
3.913 -4.013 1.312 0 0 0
-7.288 -7.263 4.812 0 0 0
1.012 -0.238 -2.238 0 0 0
-2.463 0.138 0.163 0 0 0
0.688 2.763 0.013 0 0 0
-3.288 -0.513 0.113 0 0 0
-3.312 0.113 0.763 0 0 0
-1.713 -0.763 -0.988 0 0 0
-0.013 -0.638 0.013 0 0 0
-0.038 -0.638 0.013 0 0 0
0.938 -0.088 -0.838 0 0 0
0.213 0.062 0.638 0 0 0
-11.238 7.913 7.863 0 0 0
-3.913 -7.562 3.938 0 0 0
0.488 -0.312 0.038 0 0 0
-11.913 6.338 8.213 0 0 0
-3.363 0.038 0.113 0 0 0
-5.413 -9.013 0.013 0 0 0
0.188 0.537 0.288 0 0 0
-12.788 7.213 7.138 0 0 0
4.013 2.688 0.338 0 0 0
-1.163 0.113 -1.188 0 0 0
-8.037 -11.463 0.013 0 0 0
0.413 -0.963 -0.988 0 0 0
-3.312 1.163 1.012 0 0 0
3.888 3.763 5.312 0 0 0
-3.188 -1.638 0.013 0 0 0
-11.713 -9.162 0.013 0 0 0
-1.088 -0.312 -3.363 0 0 0
-3.188 0.263 -0.113 0 0 0
-2.463 -1.613 -0.988 0 0 0
0.488 -0.763 -0.988 0 0 0
-0.188 -0.738 -1.012 0 0 0
-1.938 0.062 0.312 0 0 0
-5.838 -9.013 0.013 0 0 0
0.463 -0.163 -1.488 0 0 0
3.988 2.713 3.913 0 0 0
-1.788 -0.038 -0.588 0 0 0
-3.463 -0.663 0.363 0 0 0
-1.838 -0.988 -1.088 0 0 0
-9.863 1.713 16.262 0 0 0
-0.838 -1.613 -1.038 0 0 0
0.138 0.638 0.038 0 0 0
-8.787 -9.113 0.013 0 0 0
-3.438 0.238 2.062 0 0 0
-12.663 -0.763 7.788 0 0 0
-2.087 -1.663 -1.088 0 0 0
-0.788 0.138 -0.138 0 0 0
0.513 1.288 -0.613 0 0 0
-3.288 -0.438 0.138 0 0 0
4.213 3.338 4.588 0 0 0
-2.763 -1.613 -1.113 0 0 0
0.088 0.588 0.537 0 0 0
-1.812 -1.413 -0.188 0 0 0
-3.088 -0.213 -2.513 0 0 0
3.938 -3.388 1.113 0 0 0
-0.363 -0.763 -0.988 0 0 0
-1.788 0.013 -0.013 0 0 0
-1.788 0.013 -0.038 0 0 0
0.013 0.513 -0.213 0 0 0
0.363 -0.988 -1.088 0 0 0
-3.312 -0.713 0.013 0 0 0
0.738 1.888 0.062 0 0 0
-2.413 0.138 0.062 0 0 0
4.013 2.763 0.363 0 0 0
0.638 1.137 -0.312 0 0 0
-1.188 1.562 0.013 0 0 0
-3.312 0.613 0.288 0 0 0
3.888 3.213 4.588 0 0 0
-2.588 -1.113 -1.088 0 0 0
4.237 4.812 5.363 0 0 0
-0.413 0.113 1.188 0 0 0
4.188 3.838 4.863 0 0 0
-0.038 -1.012 -0.988 0 0 0
-0.013 -1.012 -0.988 0 0 0
-3.463 0.138 0.913 0 0 0
-0.062 0.513 0.188 0 0 0
0.938 0.463 -0.163 0 0 0
-8.238 1.763 16.762 0 0 0
-20.562 -8.738 0.013 0 0 0
-3.062 0.913 0.812 0 0 0
-2.138 0.113 0.863 0 0 0
-1.538 6.363 7.812 0 0 0
-0.438 8.113 7.863 0 0 0
4.013 2.062 0.913 0 0 0
-2.688 -0.788 9.287 0 0 0
-2.688 0.113 0.713 0 0 0
0.388 0.488 -0.312 0 0 0
-1.763 -0.738 -1.062 0 0 0
2.788 5.963 7.613 0 0 0
-0.463 -1.012 -0.988 0 0 0
-1.963 1.713 -1.062 0 0 0
-8.688 -7.238 1.863 0 0 0
-8.088 8.162 7.138 0 0 0
3.788 5.812 8.088 0 0 0
-3.488 -1.312 -0.988 0 0 0
0.363 -0.638 -0.288 0 0 0
0.838 -1.738 -1.188 0 0 0
-2.538 -0.088 -0.038 0 0 0
0.088 7.938 5.713 0 0 0
0.288 -0.138 -1.438 0 0 0
-14.788 12.338 7.113 0 0 0
-25.538 1.163 8.688 0 0 0
-3.312 0.088 0.562 0 0 0
-2.613 -0.213 -2.613 0 0 0
-10.588 13.438 7.963 0 0 0
-6.988 -9.263 0.013 0 0 0
-9.037 -7.388 4.413 0 0 0
-1.812 5.463 7.688 0 0 0
0.463 -0.312 -0.263 0 0 0
-3.312 -0.812 -0.963 0 0 0
-4.388 -8.963 0.013 0 0 0
-13.113 -16.762 0.013 0 0 0
3.812 -3.663 3.213 0 0 0
0.113 0.613 0.338 0 0 0
-4.138 -0.988 -0.588 0 0 0
-5.663 10.163 1.488 0 0 0
-1.588 -0.038 -0.638 0 0 0
-2.413 7.013 7.938 0 0 0
-10.113 1.713 16.038 0 0 0
-2.038 -0.738 -1.012 0 0 0
-5.638 5.938 7.788 0 0 0
-15.713 1.613 14.513 0 0 0
0.913 0.588 0.238 0 0 0
-2.663 -1.338 -0.163 0 0 0
-0.138 -7.438 6.113 0 0 0
0.863 -0.388 -0.263 0 0 0
-5.763 5.838 7.788 0 0 0
0.213 0.513 0.338 0 0 0
-3.312 -0.062 -0.963 0 0 0
-3.163 -0.113 -1.463 0 0 0
-16.012 8.738 5.913 0 0 0
0.888 -0.838 0.013 0 0 0
-12.588 -16.713 0.013 0 0 0
-0.163 0.562 -0.163 0 0 0
-1.562 2.588 0.013 0 0 0
-0.588 0.438 0.588 0 0 0
-2.938 -0.838 -1.062 0 0 0
-2.163 0.062 0.263 0 0 0
-3.338 -0.738 -1.113 0 0 0
0.913 0.463 0.388 0 0 0
-4.812 -10.812 0.013 0 0 0
-0.863 -0.138 -1.488 0 0 0
-1.763 1.688 0.013 0 0 0
-2.988 6.388 8.312 0 0 0
0.363 -0.562 -0.263 0 0 0
3.538 0.438 4.863 0 0 0
-1.913 -7.538 5.138 0 0 0
-2.212 -0.013 -0.388 0 0 0
-3.963 -0.763 8.763 0 0 0
-0.013 0.562 -0.288 0 0 0
-0.038 0.562 -0.288 0 0 0
-10.938 16.113 6.913 0 0 0
0.913 0.763 0.638 0 0 0
1.963 5.713 8.162 0 0 0
0.888 0.788 0.537 0 0 0
-2.087 -9.062 0.013 0 0 0
-3.913 13.438 7.763 0 0 0
3.488 0.537 5.812 0 0 0
-1.312 -0.812 -1.113 0 0 0
0.588 0.613 0.013 0 0 0
-2.263 1.513 0.013 0 0 0
-1.438 1.438 0.013 0 0 0
-1.713 6.413 7.863 0 0 0
-5.488 5.938 7.838 0 0 0
-9.763 10.013 1.488 0 0 0
-9.638 8.138 7.113 0 0 0
-3.188 1.012 -0.163 0 0 0
-7.863 -10.062 0.013 0 0 0
-2.062 -0.213 0.013 0 0 0
-7.663 -7.413 4.513 0 0 0
-3.363 -1.988 -0.938 0 0 0
-1.163 -0.138 -1.613 0 0 0
-1.413 5.738 8.013 0 0 0
0.463 3.263 0.013 0 0 0
0.013 0.537 0.738 0 0 0
0.388 1.312 -0.888 0 0 0
-2.263 2.263 0.013 0 0 0
0.338 0.812 -0.138 0 0 0
-3.388 -0.062 -1.163 0 0 0
-1.863 1.438 0.013 0 0 0
4.188 -6.963 0.013 0 0 0
-1.938 0.113 0.812 0 0 0
-6.513 -0.788 9.213 0 0 0
-16.988 5.463 6.663 0 0 0
3.463 0.638 6.812 0 0 0
2.337 5.988 8.312 0 0 0
-0.513 -1.263 -0.413 0 0 0
-14.838 7.588 8.412 0 0 0
3.688 -4.288 3.238 0 0 0
-4.263 -7.288 4.913 0 0 0
-8.713 -0.537 6.288 0 0 0
0.113 0.562 0.513 0 0 0
-26.213 1.113 7.913 0 0 0
0.338 0.688 0.013 0 0 0
-3.388 -1.213 -1.038 0 0 0
4.038 -0.263 -2.138 0 0 0
-2.913 5.863 7.938 0 0 0
-0.138 0.038 0.363 0 0 0
2.388 -0.763 8.938 0 0 0
-3.338 1.562 0.713 0 0 0
-4.838 -18.012 0.013 0 0 0
-7.763 8.113 7.088 0 0 0
-11.038 -9.263 0.013 0 0 0
-22.238 -6.788 0.013 0 0 0
4.038 3.613 5.062 0 0 0
-2.288 1.438 0.013 0 0 0
-14.038 -11.363 0.013 0 0 0
-0.788 -0.163 -1.713 0 0 0
-1.788 -0.163 -1.763 0 0 0
0.963 0.288 -0.113 0 0 0
-0.513 0.113 1.012 0 0 0
-2.363 0.113 0.812 0 0 0
0.938 0.312 -0.213 0 0 0
0.438 -0.312 -0.238 0 0 0
-2.538 4.388 -0.363 0 0 0
0.913 -0.312 -3.163 0 0 0
-2.013 -0.138 -1.613 0 0 0
-0.488 1.513 0.013 0 0 0
0.338 1.438 0.013 0 0 0
-0.713 0.088 0.863 0 0 0
3.812 -1.738 0.688 0 0 0
0.588 2.238 -0.738 0 0 0
0.663 -1.062 -0.988 0 0 0
-0.413 7.588 6.263 0 0 0
-2.713 1.438 0.013 0 0 0
3.963 2.963 4.038 0 0 0
-1.213 -0.163 -1.713 0 0 0
-2.288 -1.012 0.013 0 0 0
0.088 0.062 0.763 0 0 0
-4.163 5.988 8.287 0 0 0
0.888 0.738 0.713 0 0 0
-6.238 8.013 7.288 0 0 0
-11.688 1.763 16.538 0 0 0
0.013 0.562 -0.388 0 0 0
-0.088 1.438 0.013 0 0 0
0.863 0.038 0.562 0 0 0
0.438 0.738 0.013 0 0 0
-11.738 -16.163 0.013 0 0 0
3.413 0.613 6.713 0 0 0
-3.388 1.213 0.638 0 0 0
-2.663 8.013 6.588 0 0 0
0.213 -0.163 -1.513 0 0 0
-3.812 10.438 1.513 0 0 0
0.238 -0.163 0.013 0 0 0
-3.213 0.988 0.388 0 0 0
-0.763 10.863 1.538 0 0 0
3.913 -2.613 -0.312 0 0 0
-1.438 6.288 8.162 0 0 0
-2.988 0.988 9.663 0 0 0
-3.038 1.338 0.013 0 0 0
-3.388 1.088 0.788 0 0 0
-3.113 -0.062 -1.012 0 0 0
-12.138 13.788 8.213 0 0 0
-0.562 0.088 0.913 0 0 0
-1.788 2.087 -1.088 0 0 0
-3.312 0.537 0.263 0 0 0
-0.463 -7.488 5.138 0 0 0
-1.913 -1.213 -1.088 0 0 0
3.963 -0.238 2.763 0 0 0
-11.163 5.638 7.863 0 0 0
4.138 3.938 3.812 0 0 0
-4.288 0.988 9.562 0 0 0
-3.163 -2.562 0.013 0 0 0
-3.463 1.338 0.013 0 0 0
-3.338 0.888 0.138 0 0 0
-3.138 -0.562 -0.238 0 0 0
-13.062 1.738 16.012 0 0 0
-3.263 3.238 -0.363 0 0 0
-0.088 -0.263 0.013 0 0 0
-4.838 6.338 7.913 0 0 0
-2.938 0.638 0.013 0 0 0
-1.588 0.113 -1.188 0 0 0
0.388 0.413 -0.338 0 0 0
0.213 -1.137 -0.988 0 0 0
-2.087 0.113 0.963 0 0 0
-2.588 7.113 8.013 0 0 0
-1.538 -0.138 -1.713 0 0 0
-1.388 -2.038 -0.938 0 0 0
-7.988 1.838 17.762 0 0 0
4.062 3.613 3.438 0 0 0
-11.562 -7.413 1.438 0 0 0
4.163 2.738 3.038 0 0 0
0.438 -1.137 -0.988 0 0 0
-3.163 -1.812 0.013 0 0 0
-2.838 8.162 7.088 0 0 0
-2.688 0.738 -0.463 0 0 0
-1.488 9.913 8.838 0 0 0
-5.763 5.263 7.463 0 0 0
-2.838 -1.413 -1.088 0 0 0
-6.312 -10.113 0.013 0 0 0
-6.638 -15.663 0.013 0 0 0
-1.963 -0.138 -1.713 0 0 0
-10.338 7.163 7.163 0 0 0
0.888 -0.388 -0.288 0 0 0
-2.488 12.138 9.312 0 0 0
-3.438 -0.713 0.138 0 0 0
3.938 -0.288 3.438 0 0 0
-3.738 15.638 7.062 0 0 0
0.363 -0.413 -0.062 0 0 0
3.788 -2.963 -0.263 0 0 0
0.938 -0.238 -2.212 0 0 0
-3.312 -0.763 -1.137 0 0 0
-3.438 1.188 0.013 0 0 0
-3.038 6.438 7.863 0 0 0
4.213 2.838 3.088 0 0 0
-10.238 11.688 6.888 0 0 0
-3.463 -0.363 0.013 0 0 0
-25.263 -6.288 3.913 0 0 0
-0.038 9.263 2.763 0 0 0
-3.338 1.812 0.537 0 0 0
-2.288 5.738 8.037 0 0 0
-2.438 0.113 -1.188 0 0 0
-1.388 -0.138 -1.663 0 0 0
3.113 0.863 9.037 0 0 0
-2.588 0.088 0.688 0 0 0
-4.038 2.713 -0.888 0 0 0
3.812 -3.163 2.788 0 0 0
3.788 -1.738 0.988 0 0 0
-14.488 -9.037 0.013 0 0 0
-2.138 2.638 -1.038 0 0 0
-1.588 -0.163 -1.812 0 0 0
-12.388 -9.663 0.013 0 0 0
-2.188 -0.338 -0.438 0 0 0
0.588 -0.138 -1.312 0 0 0
-1.938 13.438 7.713 0 0 0
-3.312 -2.038 -0.863 0 0 0
-22.163 3.312 4.688 0 0 0
-21.213 8.162 0.788 0 0 0
-18.088 5.963 8.088 0 0 0
0.888 1.988 0.238 0 0 0
0.863 -0.463 -0.288 0 0 0
-1.238 1.188 0.013 0 0 0
-2.312 -0.213 -2.488 0 0 0
-0.963 2.288 0.013 0 0 0
-2.138 -1.713 -0.913 0 0 0
-0.513 0.088 0.812 0 0 0
4.188 2.938 4.088 0 0 0
-3.113 0.488 -0.338 0 0 0
-16.838 5.588 7.513 0 0 0
-2.913 0.062 -0.688 0 0 0
3.863 -2.588 -0.388 0 0 0
-3.088 1.062 -0.013 0 0 0
-3.088 1.062 -0.038 0 0 0
-3.288 0.613 -0.213 0 0 0
-3.088 0.038 -0.062 0 0 0
-3.788 -10.963 0.013 0 0 0
-7.038 -11.263 0.013 0 0 0
0.438 -0.463 -0.288 0 0 0
0.213 0.613 0.713 0 0 0
-1.062 -1.688 -1.113 0 0 0
-3.488 -0.863 0.188 0 0 0
-9.788 -10.488 0.013 0 0 0
-0.463 0.038 -0.062 0 0 0
0.588 -0.088 -0.763 0 0 0
-0.138 0.062 0.713 0 0 0
-7.263 -10.363 0.013 0 0 0
-0.938 5.863 7.888 0 0 0
-1.263 -0.812 -1.012 0 0 0
-8.912 8.963 1.988 0 0 0
-4.213 -10.963 0.013 0 0 0
3.913 3.363 4.763 0 0 0
0.238 0.838 -0.163 0 0 0
-3.413 -0.062 -0.062 0 0 0
-2.588 -1.663 -1.062 0 0 0
-3.338 0.113 -0.062 0 0 0
-1.913 -0.013 -0.263 0 0 0
-0.513 -0.238 -2.388 0 0 0
-3.338 0.738 0.688 0 0 0
0.863 0.763 0.363 0 0 0
0.763 -0.888 -1.012 0 0 0
-6.062 -0.763 8.537 0 0 0
-2.788 -0.062 -0.913 0 0 0
-8.638 8.138 5.988 0 0 0
-2.163 -0.438 -0.638 0 0 0
-1.913 1.288 0.013 0 0 0
0.938 -0.513 -0.238 0 0 0
-0.763 7.938 5.713 0 0 0
-11.663 1.763 16.512 0 0 0
0.838 1.238 0.013 0 0 0
0.938 1.388 -0.363 0 0 0
-2.388 0.038 0.088 0 0 0
0.113 0.738 -0.413 0 0 0
0.888 0.038 0.537 0 0 0
3.963 -0.238 -1.913 0 0 0
-0.688 1.513 -1.062 0 0 0
-3.038 -0.163 -1.988 0 0 0
-6.663 1.788 17.238 0 0 0
-0.288 -0.163 -0.163 0 0 0
-2.337 1.288 0.013 0 0 0
-2.963 -2.413 -0.788 0 0 0
-18.188 1.088 8.787 0 0 0
0.638 -0.138 -1.413 0 0 0
3.812 -6.538 3.863 0 0 0
-3.413 7.488 7.788 0 0 0
-1.812 -9.312 0.013 0 0 0
-1.588 1.413 -1.113 0 0 0
-17.137 5.938 8.188 0 0 0
-1.988 -0.812 -1.137 0 0 0
-10.613 -11.363 0.013 0 0 0
4.288 4.988 6.338 0 0 0
1.863 7.663 6.363 0 0 0
-2.013 -0.312 0.013 0 0 0
-3.513 0.363 3.263 0 0 0
-14.863 1.638 14.738 0 0 0
-3.463 -0.163 -1.988 0 0 0
-5.988 1.763 17.188 0 0 0
-24.938 5.738 7.713 0 0 0
0.638 1.238 0.013 0 0 0
3.763 -1.913 0.013 0 0 0
1.062 -0.088 -0.863 0 0 0
-5.238 -0.788 9.363 0 0 0
-3.263 -0.238 -0.263 0 0 0
-2.688 -0.188 -2.188 0 0 0
-5.188 -10.163 0.013 0 0 0
0.288 0.688 0.013 0 0 0
0.938 0.413 0.163 0 0 0
-2.413 -0.812 -1.137 0 0 0
-25.613 1.163 8.713 0 0 0
-2.388 0.088 0.638 0 0 0
0.913 0.312 0.288 0 0 0
3.963 -0.188 -1.363 0 0 0
-5.388 -11.062 0.013 0 0 0
-2.413 2.588 0.013 0 0 0
-3.413 1.038 0.738 0 0 0
-11.888 15.913 6.138 0 0 0
-3.338 8.088 5.863 0 0 0
0.812 1.338 0.013 0 0 0
-3.888 1.788 -0.288 0 0 0
-2.613 1.688 0.013 0 0 0
-7.538 5.638 7.863 0 0 0
3.938 -0.388 4.538 0 0 0
-3.312 0.588 0.088 0 0 0
0.213 -7.438 6.138 0 0 0
-0.888 -1.088 -1.062 0 0 0
-5.738 5.238 7.438 0 0 0
0.638 -0.088 -0.863 0 0 0
0.688 0.338 -0.238 0 0 0
-2.337 -0.413 0.013 0 0 0
-5.388 16.262 6.963 0 0 0
0.188 -0.312 0.013 0 0 0
0.613 0.438 0.013 0 0 0
0.288 1.438 0.013 0 0 0
-5.513 5.963 7.963 0 0 0
-0.838 -1.288 -0.438 0 0 0
-9.463 -7.288 1.388 0 0 0
-2.113 -0.213 -2.538 0 0 0
0.938 0.588 0.562 0 0 0
-0.963 -0.312 -3.388 0 0 0
-14.562 1.763 16.038 0 0 0
-3.213 3.688 0.088 0 0 0
-10.538 -16.238 0.013 0 0 0
0.363 0.038 -0.363 0 0 0
0.688 0.638 0.013 0 0 0
0.588 -0.163 -1.513 0 0 0
-1.812 0.062 0.288 0 0 0
0.263 -0.113 0.013 0 0 0
-3.288 1.338 0.863 0 0 0
-2.613 -0.812 -1.137 0 0 0
-3.338 0.363 0.363 0 0 0
0.388 1.338 0.013 0 0 0
-1.312 -1.088 -1.062 0 0 0
-11.288 -11.288 0.013 0 0 0
-3.238 -0.113 -1.438 0 0 0
-0.013 -0.863 -0.113 0 0 0
-0.038 -0.863 -0.113 0 0 0
-3.363 1.838 -0.288 0 0 0
0.113 -0.963 -1.012 0 0 0
4.138 4.213 5.863 0 0 0
-5.938 7.838 6.413 0 0 0
-2.538 -0.213 -2.538 0 0 0
-3.513 14.263 7.688 0 0 0
0.363 0.788 -0.363 0 0 0
0.513 -0.738 -0.988 0 0 0
-2.562 1.238 0.013 0 0 0
-0.038 1.338 0.013 0 0 0
0.938 0.038 0.438 0 0 0
-0.488 -0.713 -1.038 0 0 0
-0.013 1.338 0.013 0 0 0
0.088 -0.562 0.013 0 0 0
4.088 3.538 4.938 0 0 0
0.213 0.588 0.513 0 0 0
-3.213 7.163 8.088 0 0 0
-2.688 -9.388 0.013 0 0 0
0.363 -0.363 -0.238 0 0 0
-5.113 5.788 8.113 0 0 0
-1.738 -0.763 -1.088 0 0 0
-12.438 5.812 7.538 0 0 0
0.638 0.888 0.688 0 0 0
0.913 0.388 0.312 0 0 0
0.163 -0.363 0.013 0 0 0
-3.213 -0.138 -1.938 0 0 0
-1.763 0.113 -1.338 0 0 0
0.888 -1.088 -1.062 0 0 0
-9.062 6.838 7.938 0 0 0
-12.163 8.338 6.163 0 0 0
-0.488 0.088 0.788 0 0 0
-0.463 1.338 0.013 0 0 0
-3.038 -1.638 -1.038 0 0 0
3.788 5.963 8.287 0 0 0
-3.263 3.638 0.263 0 0 0
-5.812 7.963 5.812 0 0 0
-0.663 -9.463 0.013 0 0 0
-0.812 -0.838 -1.038 0 0 0
0.663 -1.213 -1.088 0 0 0
-5.812 8.013 6.963 0 0 0
-9.713 6.988 7.938 0 0 0
-3.312 1.688 0.888 0 0 0
-1.238 -0.138 -1.588 0 0 0
-2.163 -0.763 -1.088 0 0 0
-2.212 -0.238 -0.312 0 0 0
-5.938 -8.787 0.013 0 0 0
-3.413 1.238 0.013 0 0 0
-16.887 1.688 15.062 0 0 0
-3.463 -1.638 -1.038 0 0 0
-0.738 -0.238 -2.438 0 0 0
-1.713 -1.788 -0.938 0 0 0
-20.713 -8.787 0.013 0 0 0
-5.738 14.263 9.663 0 0 0
-0.663 1.188 0.013 0 0 0
-26.288 1.113 7.938 0 0 0
4.188 3.438 4.338 0 0 0
-3.288 -0.838 -0.988 0 0 0
-3.588 2.038 -1.012 0 0 0
-2.738 -0.163 -1.988 0 0 0
0.138 0.588 0.312 0 0 0
4.263 4.237 5.363 0 0 0
-11.863 1.088 9.513 0 0 0
-2.438 0.113 0.838 0 0 0
-14.663 -9.888 0.013 0 0 0
2.988 -0.763 9.312 0 0 0
-9.287 -10.688 0.013 0 0 0
-1.663 -0.838 -1.038 0 0 0
-3.312 0.138 1.062 0 0 0
-1.088 -0.138 -1.538 0 0 0
-0.537 0.913 0.537 0 0 0
-0.938 -0.238 -2.438 0 0 0
0.888 0.763 0.338 0 0 0
3.538 -1.788 -0.188 0 0 0
-1.137 8.062 7.463 0 0 0
1.413 5.688 8.088 0 0 0
-1.288 -0.163 -1.688 0 0 0
4.062 4.112 5.763 0 0 0
-4.863 7.938 6.513 0 0 0
-12.288 1.088 9.513 0 0 0
0.863 1.963 0.062 0 0 0
3.863 -0.438 5.338 0 0 0
0.038 0.463 0.163 0 0 0
0.888 0.638 0.488 0 0 0
0.338 -0.138 -1.338 0 0 0
-2.488 -0.738 -1.088 0 0 0
3.863 3.663 1.388 0 0 0
-4.213 7.963 6.913 0 0 0
1.713 -7.788 3.863 0 0 0
-2.513 -0.213 -0.213 0 0 0
-1.263 -0.888 -1.038 0 0 0
-6.888 -2.363 -0.138 0 0 0
-2.538 -0.188 -0.312 0 0 0
0.537 -1.863 -1.062 0 0 0
-3.338 3.088 -0.338 0 0 0
0.838 0.838 0.088 0 0 0
-9.888 1.738 16.312 0 0 0
-7.312 7.938 7.812 0 0 0
-1.288 2.538 0.013 0 0 0
-0.812 -9.338 0.013 0 0 0
-0.088 -0.138 -1.338 0 0 0
0.638 0.963 0.113 0 0 0
2.788 -7.812 2.513 0 0 0
-4.013 1.538 0.013 0 0 0
-5.488 6.963 7.888 0 0 0
-0.638 0.088 0.938 0 0 0
-3.638 6.388 8.488 0 0 0
-0.488 0.163 0.213 0 0 0
-6.888 1.038 9.763 0 0 0
4.013 2.538 3.588 0 0 0
-3.338 0.338 0.163 0 0 0
-2.238 -0.413 -0.413 0 0 0
-8.763 9.988 1.488 0 0 0
-6.812 7.138 7.863 0 0 0
0.388 0.888 -0.288 0 0 0
-4.088 -1.012 -0.888 0 0 0
-2.363 0.088 0.613 0 0 0
2.513 -7.613 5.312 0 0 0
-0.988 -0.788 -0.988 0 0 0
0.488 -0.163 -1.688 0 0 0
3.713 8.037 2.688 0 0 0
0.812 1.938 -0.013 0 0 0
-2.438 0.013 -0.138 0 0 0
0.562 -0.363 -0.288 0 0 0
-14.113 1.113 9.438 0 0 0
-9.613 -9.287 0.013 0 0 0
0.788 0.113 1.137 0 0 0
-1.588 -1.588 -1.038 0 0 0
-0.062 0.062 0.588 0 0 0
-1.812 1.538 0.013 0 0 0
0.638 -0.788 -1.038 0 0 0
-0.288 0.062 0.062 0 0 0
-6.588 -11.438 0.013 0 0 0
-1.413 -0.788 -0.988 0 0 0
-2.713 8.062 7.413 0 0 0
-8.088 1.713 16.413 0 0 0
0.438 0.088 -0.938 0 0 0
-1.038 -0.138 -1.638 0 0 0
0.663 -0.038 -0.263 0 0 0
0.388 5.812 7.163 0 0 0
-3.288 -0.413 -0.163 0 0 0
-0.663 -0.213 -2.363 0 0 0
-15.363 7.713 7.488 0 0 0
-2.888 -0.663 -0.288 0 0 0
0.188 -0.263 -0.163 0 0 0
-0.363 0.062 0.463 0 0 0
0.463 0.388 0.013 0 0 0
0.238 0.562 0.488 0 0 0
-1.463 -0.138 -1.638 0 0 0
-2.263 -0.613 0.013 0 0 0
4.163 2.688 3.363 0 0 0
-0.812 -0.988 -1.088 0 0 0
-1.863 -1.438 0.013 0 0 0
3.613 8.213 2.713 0 0 0
3.812 -9.463 0.013 0 0 0
3.538 0.562 6.138 0 0 0
0.463 -0.188 -0.263 0 0 0
-18.863 -8.787 0.013 0 0 0
-7.888 7.463 7.588 0 0 0
-5.013 5.963 8.088 0 0 0
-4.588 -8.988 0.013 0 0 0
-1.538 6.513 7.363 0 0 0
-3.338 0.288 0.338 0 0 0
0.062 3.288 0.013 0 0 0
0.537 1.163 -0.913 0 0 0
0.562 -0.288 -0.263 0 0 0
-3.638 -1.538 -0.963 0 0 0
3.913 -2.988 1.438 0 0 0
-7.663 -10.538 0.013 0 0 0
-13.713 -15.238 0.013 0 0 0
-25.238 -11.763 0.013 0 0 0
-14.988 1.638 14.863 0 0 0
-2.562 -0.788 -1.038 0 0 0
-3.338 0.588 0.588 0 0 0
3.812 -2.013 0.013 0 0 0
-2.113 -0.513 -0.763 0 0 0
3.913 -0.613 7.363 0 0 0
-1.088 -0.163 -1.738 0 0 0
0.638 -0.363 -3.562 0 0 0
-3.213 7.213 7.913 0 0 0
0.588 -0.938 -0.988 0 0 0
0.938 -0.088 -0.738 0 0 0
-2.312 0.088 0.513 0 0 0
2.337 5.763 8.188 0 0 0
-2.788 2.312 -0.388 0 0 0
0.763 0.913 -0.088 0 0 0
-3.288 1.438 1.238 0 0 0
-3.312 5.888 7.938 0 0 0
3.838 -6.938 2.238 0 0 0
-0.013 0.688 0.388 0 0 0
-0.038 0.688 0.388 0 0 0
0.513 -7.613 5.263 0 0 0
-3.388 0.062 0.113 0 0 0
3.963 2.562 3.513 0 0 0
0.338 -0.163 -1.538 0 0 0
0.888 -0.738 -0.988 0 0 0
-1.513 -0.163 -1.738 0 0 0
-1.888 0.138 1.062 0 0 0
-17.488 -0.812 9.588 0 0 0
-1.738 0.088 0.562 0 0 0
-7.738 -9.238 0.013 0 0 0
-12.613 12.738 9.713 0 0 0
3.788 -6.963 2.738 0 0 0
0.013 6.263 8.088 0 0 0
-2.363 -0.113 0.013 0 0 0
0.062 1.588 0.013 0 0 0
-2.713 -17.137 0.013 0 0 0
-1.038 0.113 -1.213 0 0 0
0.463 -0.738 -0.988 0 0 0
4.038 2.638 3.663 0 0 0
-2.613 -0.138 -1.763 0 0 0
-5.538 -9.988 0.013 0 0 0
-3.338 1.513 0.988 0 0 0
3.788 -4.763 2.863 0 0 0
0.913 0.488 0.688 0 0 0
-5.363 6.938 8.238 0 0 0
-2.938 14.312 7.713 0 0 0
0.888 0.513 0.588 0 0 0
-9.412 1.038 9.338 0 0 0
-25.038 -8.613 0.013 0 0 0
-2.288 -1.413 -1.113 0 0 0
-3.388 -0.788 9.238 0 0 0
-0.613 5.812 7.913 0 0 0
-2.838 -1.088 -0.488 0 0 0
-0.363 1.588 0.013 0 0 0
-5.663 6.188 8.113 0 0 0
3.838 -1.688 0.838 0 0 0
0.138 0.062 0.537 0 0 0
-3.013 0.763 0.013 0 0 0
-2.588 1.513 0.013 0 0 0
-0.738 0.088 0.763 0 0 0
0.913 0.613 -0.062 0 0 0
0.488 1.312 -0.613 0 0 0
-0.588 -0.863 0.013 0 0 0
2.913 1.038 10.913 0 0 0
-0.163 3.238 0.013 0 0 0
-3.713 -0.788 -1.163 0 0 0
0.638 0.388 -0.213 0 0 0
-2.238 -0.163 -1.863 0 0 0
-13.363 8.013 6.463 0 0 0
0.062 0.613 0.537 0 0 0
4.288 6.088 7.138 0 0 0
0.312 0.838 -0.088 0 0 0
-0.312 -0.363 -0.263 0 0 0
3.963 -3.288 1.088 0 0 0
1.038 -0.413 -0.213 0 0 0
-2.863 -0.438 -0.363 0 0 0
-2.388 3.163 0.013 0 0 0
-1.638 -0.013 -0.438 0 0 0
3.913 -3.363 1.113 0 0 0
-3.263 2.312 0.663 0 0 0
-3.088 5.938 7.738 0 0 0
-3.312 0.312 0.138 0 0 0
0.438 -0.812 -0.988 0 0 0
-2.763 4.237 -0.463 0 0 0
0.812 -0.388 -0.062 0 0 0
4.312 5.888 6.513 0 0 0
0.438 -0.188 -0.238 0 0 0
3.938 -2.938 0.963 0 0 0
-0.238 -0.763 -1.012 0 0 0
3.888 5.488 7.638 0 0 0
-2.988 -0.838 -0.863 0 0 0
3.463 0.663 7.113 0 0 0
4.112 3.038 3.538 0 0 0
-14.788 7.538 8.363 0 0 0
-1.763 -0.213 -2.513 0 0 0
-7.738 -7.113 5.463 0 0 0
0.388 -0.388 -0.062 0 0 0
-2.538 -0.263 -0.338 0 0 0
-0.663 -0.763 -1.012 0 0 0
-0.613 -0.938 0.013 0 0 0
0.238 0.537 0.288 0 0 0
-2.788 -0.088 -1.113 0 0 0
-0.888 1.338 0.013 0 0 0
-4.463 1.038 9.963 0 0 0
3.938 -3.338 1.763 0 0 0
0.713 -0.138 -1.338 0 0 0
-0.812 1.513 0.013 0 0 0
3.863 -3.238 2.013 0 0 0
0.938 0.338 0.088 0 0 0
-3.163 -7.238 5.788 0 0 0
-3.938 -7.388 4.988 0 0 0
-12.138 -10.538 0.013 0 0 0
-2.212 -2.013 -0.938 0 0 0
-9.513 16.463 7.062 0 0 0
-3.113 1.263 0.013 0 0 0
0.338 -1.062 -0.988 0 0 0
-3.463 -2.788 -0.238 0 0 0
-2.188 -0.213 -2.513 0 0 0
-3.363 1.488 1.062 0 0 0
-3.138 0.263 -0.113 0 0 0
-18.812 5.488 7.413 0 0 0
-0.088 0.088 -1.113 0 0 0
0.913 0.688 -0.013 0 0 0
3.812 -2.337 -0.438 0 0 0
0.838 0.062 0.613 0 0 0
-3.338 2.163 0.013 0 0 0
3.863 -2.488 2.013 0 0 0
-1.812 -2.388 -0.913 0 0 0
3.788 4.763 6.663 0 0 0
-2.238 -0.188 -0.188 0 0 0
0.938 0.513 0.488 0 0 0
-1.413 -1.613 -1.012 0 0 0
4.038 -0.188 -1.288 0 0 0
-2.613 -0.213 -2.513 0 0 0
-3.463 1.312 -0.238 0 0 0
-3.738 16.163 6.938 0 0 0
1.088 -0.163 -1.438 0 0 0
0.413 -0.138 -1.463 0 0 0
-0.312 0.013 0.013 0 0 0
0.488 -0.338 -0.062 0 0 0
0.388 0.537 0.338 0 0 0
-2.413 2.062 -1.088 0 0 0
0.763 0.888 -0.288 0 0 0
-0.513 -0.888 0.013 0 0 0
-11.913 9.788 1.988 0 0 0
0.013 0.463 0.062 0 0 0
-5.038 7.312 7.538 0 0 0
-2.288 -0.413 -0.688 0 0 0
2.763 6.363 8.138 0 0 0
0.663 -0.163 -1.438 0 0 0
-1.738 0.062 0.363 0 0 0
-5.688 10.188 1.488 0 0 0
-0.113 -0.238 0.062 0 0 0
1.738 5.838 8.113 0 0 0
-2.913 -0.213 -2.638 0 0 0
-7.062 7.988 6.538 0 0 0
-3.138 -1.613 -1.113 0 0 0
-3.238 0.763 0.562 0 0 0
-1.137 1.562 0.013 0 0 0
3.588 -6.062 4.463 0 0 0
-3.463 -1.163 -0.988 0 0 0
-2.238 -0.763 -1.062 0 0 0
-2.938 -0.838 -0.963 0 0 0
-2.688 0.888 -0.312 0 0 0
-3.588 2.688 0.038 0 0 0
0.913 0.463 0.488 0 0 0
-3.288 0.688 -0.088 0 0 0
-11.663 7.088 8.537 0 0 0
0.812 1.438 -0.938 0 0 0
-1.763 7.163 6.938 0 0 0
-1.038 1.463 0.013 0 0 0
-0.038 0.562 -0.188 0 0 0
3.788 1.838 0.013 0 0 0
-1.463 -9.188 0.013 0 0 0
-17.262 7.838 6.863 0 0 0
-7.788 1.713 16.538 0 0 0
4.213 -7.312 0.013 0 0 0
-12.088 5.738 8.263 0 0 0
4.288 -7.138 0.013 0 0 0
0.363 -0.163 -1.562 0 0 0
-2.738 -0.088 -1.213 0 0 0
0.388 0.113 -1.213 0 0 0
4.088 4.038 3.863 0 0 0
-1.312 -0.812 -1.012 0 0 0
-25.113 8.912 7.688 0 0 0
3.888 -3.188 1.538 0 0 0
-3.938 1.012 9.663 0 0 0
-5.488 5.938 7.938 0 0 0
-0.413 0.938 0.713 0 0 0
-1.463 1.463 0.013 0 0 0
1.088 -0.788 9.238 0 0 0
-0.088 5.988 7.888 0 0 0
-22.488 3.863 4.338 0 0 0
-0.062 -0.163 -1.562 0 0 0
3.913 4.513 6.062 0 0 0
-1.163 -0.138 -1.513 0 0 0
3.913 -2.763 1.663 0 0 0
3.388 -0.463 5.913 0 0 0
0.188 0.588 0.213 0 0 0
3.663 -4.988 3.713 0 0 0
-5.562 -7.562 1.388 0 0 0
4.088 -0.188 -1.388 0 0 0
-1.562 -2.638 -0.888 0 0 0
4.188 -4.038 0.013 0 0 0
-1.738 -0.038 -0.613 0 0 0
0.888 -0.812 -1.012 0 0 0
0.138 -0.062 -0.013 0 0 0
-0.463 0.113 -1.213 0 0 0
-2.113 -0.988 0.013 0 0 0
-0.138 0.038 0.463 0 0 0
0.738 1.463 0.013 0 0 0
-4.538 -15.788 0.013 0 0 0
-2.413 -0.288 0.013 0 0 0
-0.513 0.113 1.113 0 0 0
0.812 1.663 0.013 0 0 0
4.163 3.562 3.888 0 0 0
0.938 0.312 -0.113 0 0 0
0.463 -0.812 -1.012 0 0 0
-1.988 -0.738 -1.012 0 0 0
-3.388 0.213 1.638 0 0 0
0.388 0.338 -0.263 0 0 0
-2.113 3.113 0.013 0 0 0
3.263 0.838 8.988 0 0 0
-7.788 -8.638 0.013 0 0 0
-1.888 -0.138 -1.638 0 0 0
0.537 1.312 0.013 0 0 0
-11.888 1.062 9.213 0 0 0
-3.788 1.988 -0.688 0 0 0
0.863 -0.888 -1.012 0 0 0
0.413 0.463 -0.238 0 0 0
-0.363 10.888 1.538 0 0 0
-0.163 5.863 7.838 0 0 0
0.013 0.562 -0.288 0 0 0
-0.763 1.438 -1.062 0 0 0
0.913 0.537 -0.088 0 0 0
4.237 3.938 4.288 0 0 0
-4.112 -1.738 0.562 0 0 0
3.913 6.163 0.838 0 0 0
0.713 0.113 1.163 0 0 0
-2.638 -0.088 -0.113 0 0 0
0.113 1.312 0.013 0 0 0
-3.213 0.988 0.488 0 0 0
-2.013 0.138 1.188 0 0 0
-3.463 0.188 1.513 0 0 0
0.638 0.613 0.013 0 0 0
3.713 -5.688 4.013 0 0 0
-22.288 -6.812 0.013 0 0 0
0.438 -0.888 -1.012 0 0 0
0.438 0.613 0.263 0 0 0
-2.913 1.012 0.013 0 0 0
0.988 -0.163 -1.613 0 0 0
0.213 1.213 0.013 0 0 0
0.913 0.713 0.312 0 0 0
0.388 -0.338 -0.238 0 0 0
-2.838 1.213 0.013 0 0 0
0.438 0.488 0.413 0 0 0
0.638 1.363 0.013 0 0 0
0.413 0.513 0.312 0 0 0
0.013 -0.888 -1.012 0 0 0
0.188 5.312 4.388 0 0 0
3.488 5.963 8.263 0 0 0
0.413 -0.113 -1.113 0 0 0
-0.463 0.988 0.638 0 0 0
-0.088 -0.263 0.113 0 0 0
2.988 1.062 11.188 0 0 0
-1.688 -0.038 -0.713 0 0 0
0.388 0.413 -0.238 0 0 0
0.312 0.513 0.013 0 0 0
-3.363 -0.537 0.013 0 0 0
0.113 -0.388 0.013 0 0 0
-1.713 -1.463 -0.938 0 0 0
-1.088 2.087 -1.062 0 0 0
3.812 -3.688 1.088 0 0 0
-0.488 -1.062 -1.012 0 0 0
-8.338 -11.062 0.013 0 0 0
0.562 -1.263 -0.338 0 0 0
-0.638 1.213 0.013 0 0 0
4.163 5.513 7.663 0 0 0
-2.963 -0.088 -1.263 0 0 0
-0.963 -0.138 -1.562 0 0 0
0.113 -0.513 0.163 0 0 0
-0.188 -0.888 -1.012 0 0 0
-2.938 0.963 0.013 0 0 0
0.338 -0.388 -0.338 0 0 0
-1.838 -2.013 -0.938 0 0 0
-11.363 -11.363 0.013 0 0 0
-5.688 -9.488 0.013 0 0 0
-1.513 2.087 -1.062 0 0 0
-3.538 0.213 1.788 0 0 0
0.938 0.438 0.463 0 0 0
-8.138 -15.963 0.013 0 0 0
-11.388 -16.262 0.013 0 0 0
-11.113 -7.288 5.438 0 0 0
-2.263 -0.238 -0.312 0 0 0
-11.763 -9.188 0.013 0 0 0
3.288 -7.188 6.088 0 0 0
1.012 -0.138 -1.213 0 0 0
-6.562 -7.288 4.838 0 0 0
-12.988 -0.763 7.663 0 0 0
-3.338 -2.888 -0.638 0 0 0
-11.163 -9.713 0.013 0 0 0
-0.513 0.938 0.537 0 0 0
-0.113 1.263 0.013 0 0 0
-5.338 5.738 8.138 0 0 0
-0.388 5.688 7.988 0 0 0
-0.138 -0.288 0.013 0 0 0
4.213 4.213 4.612 0 0 0
-1.038 -1.312 -1.038 0 0 0
-1.263 -0.138 -1.688 0 0 0
-2.038 11.238 7.388 0 0 0
-3.338 1.688 0.788 0 0 0
3.963 -6.163 2.413 0 0 0
-3.062 -1.213 -1.113 0 0 0
0.013 -0.812 -0.988 0 0 0
0.588 -0.138 -1.213 0 0 0
-7.013 7.413 7.562 0 0 0
-3.263 -0.013 -0.238 0 0 0
-1.812 0.088 0.588 0 0 0
0.638 -0.238 -2.238 0 0 0
-3.062 1.163 0.013 0 0 0
-1.838 6.163 7.663 0 0 0
0.838 -0.438 -0.288 0 0 0
4.263 4.463 4.988 0 0 0
-3.163 -0.763 -0.988 0 0 0
-6.088 6.038 7.338 0 0 0
-1.688 -0.138 -1.688 0 0 0
0.963 2.613 0.088 0 0 0
-2.688 0.812 -0.338 0 0 0
0.213 -0.312 -0.188 0 0 0
-3.312 0.613 -0.213 0 0 0
-2.238 0.088 0.588 0 0 0
-6.538 -11.338 0.013 0 0 0
3.888 5.963 8.287 0 0 0
3.763 -2.113 0.838 0 0 0
-1.538 -0.763 -1.038 0 0 0
-1.888 -0.163 -1.838 0 0 0
-2.312 0.013 -0.163 0 0 0
-1.538 0.113 -1.188 0 0 0
0.888 0.713 0.613 0 0 0
2.888 6.438 8.662 0 0 0
0.263 0.537 0.463 0 0 0
-0.463 0.038 0.038 0 0 0
-9.388 -9.713 0.013 0 0 0
-0.913 5.838 8.088 0 0 0
-0.863 1.163 0.013 0 0 0
4.237 6.088 7.938 0 0 0
-1.963 -0.763 -1.038 0 0 0
-3.288 0.788 0.288 0 0 0
-0.713 5.713 7.988 0 0 0
0.138 0.562 0.062 0 0 0
0.338 -1.213 -1.088 0 0 0
0.938 4.013 5.363 0 0 0
-3.388 0.038 -0.088 0 0 0
0.488 0.113 1.113 0 0 0
-1.288 1.163 0.013 0 0 0
3.913 -3.413 2.038 0 0 0
-2.238 0.138 1.137 0 0 0
-3.338 0.163 1.188 0 0 0
4.213 3.088 3.613 0 0 0
-1.213 1.363 0.013 0 0 0
0.663 -0.738 -1.038 0 0 0
-2.163 -0.438 -0.537 0 0 0
-4.638 -7.288 4.888 0 0 0
-9.338 5.663 7.863 0 0 0
3.963 -0.238 -1.812 0 0 0
0.388 -0.488 -0.288 0 0 0
-1.713 1.163 0.013 0 0 0
-13.513 1.088 9.363 0 0 0
-11.062 11.213 9.338 0 0 0
3.888 -4.237 2.038 0 0 0
3.838 -2.562 2.288 0 0 0
-3.363 1.513 0.688 0 0 0
4.088 3.288 4.612 0 0 0
3.562 -2.113 0.238 0 0 0
3.863 -5.188 3.062 0 0 0
-25.738 5.812 8.312 0 0 0
-12.062 5.988 8.138 0 0 0
-10.713 -7.388 1.413 0 0 0
0.463 -0.888 -1.038 0 0 0
-18.512 -11.113 0.013 0 0 0
-13.338 7.913 5.888 0 0 0
-0.088 0.613 0.088 0 0 0
-2.238 -0.588 0.013 0 0 0
0.913 0.588 -0.263 0 0 0
3.413 -7.388 5.363 0 0 0
1.062 -0.088 -0.763 0 0 0
-13.363 1.713 15.788 0 0 0
-19.312 4.413 5.513 0 0 0
0.013 -1.413 -0.188 0 0 0
4.163 3.663 4.263 0 0 0
3.588 -0.788 9.363 0 0 0
0.938 0.413 0.263 0 0 0
-1.663 -0.062 -0.738 0 0 0
-4.338 -1.663 0.537 0 0 0
3.713 3.113 0.013 0 0 0
-24.713 -11.513 0.013 0 0 0
-1.038 7.062 6.838 0 0 0
-7.388 -9.113 0.013 0 0 0
-3.363 3.988 -0.438 0 0 0
0.888 -0.537 -0.238 0 0 0
0.312 0.537 0.363 0 0 0
-2.438 2.613 0.013 0 0 0
2.562 10.013 3.163 0 0 0
0.838 0.863 0.388 0 0 0
0.938 0.288 0.413 0 0 0
3.988 3.488 5.038 0 0 0
0.638 -0.088 -0.763 0 0 0
-0.413 -1.413 -0.188 0 0 0
-2.312 -2.388 -0.888 0 0 0
-12.038 8.263 6.113 0 0 0
-6.538 -0.788 8.537 0 0 0
-5.963 5.838 7.288 0 0 0
-3.338 0.062 0.213 0 0 0
3.963 4.388 4.788 0 0 0
0.288 1.012 0.013 0 0 0
2.438 5.663 7.538 0 0 0
0.463 -0.537 -0.238 0 0 0
-10.213 7.312 7.338 0 0 0
-2.312 8.088 7.463 0 0 0
-3.288 -0.163 -0.312 0 0 0
-3.312 0.463 0.338 0 0 0
2.788 5.938 8.188 0 0 0
0.038 0.488 -0.138 0 0 0
-15.213 1.562 14.062 0 0 0
-3.338 0.363 0.463 0 0 0
0.263 -0.537 0.013 0 0 0
-7.388 7.312 7.088 0 0 0
-0.838 -1.413 -0.188 0 0 0
-0.213 -0.788 9.213 0 0 0
-1.988 -2.638 -0.888 0 0 0
1.062 1.863 -0.338 0 0 0
-3.038 -1.238 -1.062 0 0 0
-3.263 -1.938 -0.163 0 0 0
-2.738 0.088 -1.413 0 0 0
-0.488 7.562 7.963 0 0 0
-0.688 7.113 7.788 0 0 0
-25.312 5.388 6.163 0 0 0
-6.438 1.038 9.838 0 0 0
0.488 -0.138 -1.388 0 0 0
-15.588 10.413 1.613 0 0 0
-7.613 6.363 8.363 0 0 0
0.913 0.812 0.688 0 0 0
-5.788 6.363 7.312 0 0 0
-3.312 0.638 0.738 0 0 0
-14.163 12.638 7.338 0 0 0
-2.413 -0.213 -2.562 0 0 0
0.663 0.988 -0.088 0 0 0
-9.213 -0.588 6.113 0 0 0
-3.238 14.312 7.688 0 0 0
-2.463 2.562 0.013 0 0 0
0.288 -0.163 -1.538 0 0 0
3.488 -6.163 4.538 0 0 0
2.988 -7.812 4.487 0 0 0
-3.263 -0.163 -0.138 0 0 0
-9.713 1.038 9.312 0 0 0
-2.138 -1.413 -1.113 0 0 0
-8.037 -10.663 0.013 0 0 0
-5.238 -9.463 0.013 0 0 0
-3.588 2.613 -0.038 0 0 0
0.913 0.388 0.413 0 0 0
-2.638 6.388 7.838 0 0 0
4.188 4.163 5.562 0 0 0
-1.463 10.513 8.537 0 0 0
0.062 -0.138 -1.388 0 0 0
4.038 3.863 3.663 0 0 0
0.562 0.413 0.013 0 0 0
0.138 -0.338 0.013 0 0 0
-1.888 5.688 8.013 0 0 0
-0.488 0.088 0.888 0 0 0
-10.688 -11.463 0.013 0 0 0
-2.838 -0.213 -2.562 0 0 0
-2.163 -0.588 0.013 0 0 0
-7.838 -9.013 0.013 0 0 0
-8.238 7.312 7.088 0 0 0
-11.088 -9.312 0.013 0 0 0
0.338 1.288 0.013 0 0 0
-2.838 -2.638 -0.888 0 0 0
3.688 -4.112 3.138 0 0 0
3.788 -2.163 -0.338 0 0 0
-8.488 4.863 0.763 0 0 0
-3.338 1.163 1.012 0 0 0
-0.713 0.838 0.363 0 0 0
-1.513 -0.188 -1.988 0 0 0
-1.213 7.113 6.888 0 0 0
0.788 -1.338 -0.963 0 0 0
0.038 -0.588 0.013 0 0 0
-25.663 1.188 8.738 0 0 0
-0.863 -1.613 -1.038 0 0 0
-14.338 -9.312 0.013 0 0 0
-14.438 12.463 7.213 0 0 0
-7.838 1.113 10.312 0 0 0
-2.838 1.638 -0.488 0 0 0
0.188 5.863 7.863 0 0 0
4.138 3.538 4.713 0 0 0
0.363 -1.338 -0.963 0 0 0
-3.988 7.388 7.663 0 0 0
0.138 -0.263 0.038 0 0 0
-5.738 5.488 7.363 0 0 0
-1.312 -0.138 -1.688 0 0 0
-6.863 19.213 6.913 0 0 0
-1.812 0.013 -0.013 0 0 0
-1.812 0.013 -0.038 0 0 0
-6.688 5.913 7.938 0 0 0
3.963 4.863 6.763 0 0 0
-3.338 -0.713 0.013 0 0 0
-0.263 5.763 7.988 0 0 0
0.613 1.137 -0.312 0 0 0
-8.013 5.963 8.138 0 0 0
-3.338 3.088 -0.238 0 0 0
-6.688 -9.913 0.013 0 0 0
-8.963 8.238 7.438 0 0 0
-2.263 -2.013 -0.938 0 0 0
-24.838 5.488 7.763 0 0 0
-15.163 1.613 14.513 0 0 0
-5.238 10.213 1.488 0 0 0
0.638 0.963 0.213 0 0 0
-12.713 1.738 16.137 0 0 0
-3.288 1.463 0.938 0 0 0
3.913 -4.062 2.413 0 0 0
-3.213 -1.863 0.013 0 0 0
-3.213 1.488 0.013 0 0 0
0.738 -1.663 -1.088 0 0 0
0.537 -0.088 -0.938 0 0 0
-22.488 3.738 5.188 0 0 0
-8.037 6.738 8.037 0 0 0
-2.363 0.088 0.713 0 0 0
-6.288 1.763 17.113 0 0 0
0.537 1.812 -1.062 0 0 0
3.888 3.788 5.113 0 0 0
-12.238 -9.562 0.013 0 0 0
-2.438 0.013 -0.013 0 0 0
-0.113 -0.338 -0.213 0 0 0
-3.363 0.988 9.663 0 0 0
-24.738 5.688 7.938 0 0 0
-1.938 0.138 1.263 0 0 0
-3.238 -0.213 -0.238 0 0 0
-3.263 -0.188 -0.338 0 0 0
-3.238 0.238 0.188 0 0 0
4.038 4.163 3.963 0 0 0
-1.312 -0.763 8.988 0 0 0
-12.638 7.388 7.312 0 0 0
-10.138 -9.463 0.013 0 0 0
0.688 0.963 -0.013 0 0 0
4.163 2.513 3.062 0 0 0
4.213 5.438 5.263 0 0 0
-1.913 8.037 7.413 0 0 0
-3.263 -0.312 -0.188 0 0 0
-1.288 -0.788 -1.012 0 0 0
0.913 0.238 0.363 0 0 0
3.938 -3.188 1.913 0 0 0
-3.463 0.163 1.312 0 0 0
-3.238 0.988 0.188 0 0 0
0.088 0.613 0.338 0 0 0
4.213 2.738 2.963 0 0 0
-3.938 -1.988 0.388 0 0 0
0.663 0.863 0.013 0 0 0
-3.288 1.538 0.963 0 0 0
-1.388 -7.338 4.237 0 0 0
3.913 -2.138 1.163 0 0 0
3.738 -4.038 3.062 0 0 0
4.138 -8.888 0.013 0 0 0
0.038 0.537 -0.312 0 0 0
-3.338 -0.062 -0.963 0 0 0
-3.338 0.413 0.288 0 0 0
-2.463 -0.038 -0.038 0 0 0
-3.288 0.338 -0.062 0 0 0
-1.338 -0.138 -1.663 0 0 0
-3.988 8.162 5.938 0 0 0
-13.388 5.688 8.213 0 0 0
-8.188 5.713 7.938 0 0 0
-8.638 1.113 10.213 0 0 0
0.163 -0.038 -0.038 0 0 0
-3.338 0.288 0.438 0 0 0
-15.812 7.788 8.638 0 0 0
-16.238 -10.562 0.013 0 0 0
0.163 -0.013 -0.038 0 0 0
-3.062 10.588 1.513 0 0 0
-3.113 1.413 -0.438 0 0 0
-1.738 -1.588 -1.012 0 0 0
-0.363 0.113 1.113 0 0 0
-1.863 2.238 0.013 0 0 0
-1.763 -0.138 -1.663 0 0 0
-14.013 7.138 8.588 0 0 0
-3.538 0.363 3.263 0 0 0
-3.838 -2.388 0.288 0 0 0
-2.312 -0.388 -0.638 0 0 0
-12.413 15.713 6.738 0 0 0
-1.763 -9.113 0.013 0 0 0
-2.163 0.038 0.113 0 0 0
-0.263 -0.013 -0.013 0 0 0
-3.312 0.562 0.713 0 0 0
0.763 0.913 0.013 0 0 0
0.138 -0.288 -0.163 0 0 0
-2.538 0.113 0.763 0 0 0
3.388 10.263 1.413 0 0 0
4.038 2.463 3.363 0 0 0
-0.938 -1.213 -1.088 0 0 0
-13.238 7.938 6.413 0 0 0
0.188 0.537 0.488 0 0 0
-3.312 0.988 9.562 0 0 0
-2.188 -0.138 -1.663 0 0 0
-2.038 -2.038 -0.888 0 0 0
-14.838 -7.888 0.062 0 0 0
0.713 -0.638 -0.763 0 0 0
4.112 4.163 4.638 0 0 0
-0.263 0.713 -0.013 0 0 0
-6.638 1.763 17.113 0 0 0
0.763 1.663 0.013 0 0 0
4.038 3.838 4.788 0 0 0
-1.963 -9.263 0.013 0 0 0
-1.388 -0.163 -1.763 0 0 0
0.513 -0.338 -0.263 0 0 0
0.738 3.913 5.388 0 0 0
-1.463 -0.238 -2.513 0 0 0
0.738 -0.488 -0.263 0 0 0
4.188 -4.663 0.013 0 0 0
-2.312 0.138 1.163 0 0 0
-2.188 1.538 0.013 0 0 0
0.513 0.988 0.013 0 0 0
0.062 0.438 0.238 0 0 0
0.738 1.413 -0.388 0 0 0
-10.713 -9.312 0.013 0 0 0
0.888 0.513 0.688 0 0 0
3.113 -0.638 7.812 0 0 0
-2.062 -0.363 0.013 0 0 0
-1.812 -0.163 -1.763 0 0 0
4.163 5.788 7.113 0 0 0
0.738 0.838 0.013 0 0 0
-0.513 0.062 0.713 0 0 0
0.513 0.413 -0.263 0 0 0
-3.163 0.988 9.613 0 0 0
-0.588 -0.288 -0.288 0 0 0
-0.738 0.088 0.863 0 0 0
3.638 6.113 7.988 0 0 0
-22.338 -6.838 0.013 0 0 0
0.537 5.713 7.088 0 0 0
0.312 0.838 0.013 0 0 0
0.738 1.588 0.013 0 0 0
-0.013 5.938 7.838 0 0 0
-13.863 1.663 15.263 0 0 0
-3.312 0.888 -0.163 0 0 0
-3.088 4.213 -1.137 0 0 0
0.163 5.688 7.963 0 0 0
-1.913 -1.438 -1.113 0 0 0
-5.663 -10.213 0.013 0 0 0
-3.338 -0.663 -0.163 0 0 0
3.938 -2.488 1.488 0 0 0
-0.163 0.062 0.513 0 0 0
0.213 -0.163 0.013 0 0 0
-2.212 1.488 0.013 0 0 0
0.263 -1.263 -0.363 0 0 0
-4.888 0.988 9.513 0 0 0
-1.062 1.513 -1.062 0 0 0
1.038 -0.138 -1.363 0 0 0
-1.888 0.038 0.188 0 0 0
0.588 -0.388 -0.213 0 0 0
-0.963 6.188 7.663 0 0 0
0.088 7.913 5.688 0 0 0
-1.288 7.588 6.263 0 0 0
-3.138 -0.088 -1.413 0 0 0
-5.288 -19.713 0.013 0 0 0
0.562 -0.038 -0.338 0 0 0
0.213 3.938 0.013 0 0 0
-3.413 -0.838 -0.763 0 0 0
-3.788 2.713 -0.938 0 0 0
-2.312 0.038 0.188 0 0 0
-0.413 -1.062 0.013 0 0 0
-0.088 1.288 0.013 0 0 0
0.138 -0.788 -1.012 0 0 0
-3.263 -3.363 0.013 0 0 0
-3.263 5.788 8.088 0 0 0
0.562 -0.613 -0.613 0 0 0
-13.763 -8.938 0.013 0 0 0
-2.188 2.312 -1.113 0 0 0
-3.238 -0.463 0.013 0 0 0
-21.812 1.938 16.887 0 0 0
-3.038 -0.763 -1.012 0 0 0
-0.988 -0.738 -1.062 0 0 0
3.113 0.963 10.188 0 0 0
0.913 0.688 0.062 0 0 0
-3.338 0.263 0.238 0 0 0
2.087 5.763 8.062 0 0 0
0.838 0.062 0.713 0 0 0
4.062 -0.263 -2.238 0 0 0
0.113 0.588 0.312 0 0 0
1.137 -0.088 -0.688 0 0 0
-0.288 -0.812 -1.012 0 0 0
-3.363 -1.163 0.013 0 0 0
-0.513 1.288 0.013 0 0 0
-1.812 0.088 -1.338 0 0 0
-2.863 -0.363 -0.238 0 0 0
-0.888 -0.363 -3.838 0 0 0
0.113 0.013 0.038 0 0 0
-3.463 1.312 -0.138 0 0 0
0.913 0.562 0.213 0 0 0
-3.238 0.288 0.013 0 0 0
-3.562 1.288 0.013 0 0 0
-1.913 1.838 -1.088 0 0 0
-12.088 1.062 9.363 0 0 0
-4.338 16.387 6.263 0 0 0
-2.438 -0.062 -0.062 0 0 0
-1.413 -0.738 -1.062 0 0 0
-3.288 -10.713 0.013 0 0 0
-3.463 -0.713 0.138 0 0 0
-0.537 -0.863 0.013 0 0 0
-2.788 5.213 -0.588 0 0 0
0.013 0.463 0.163 0 0 0
-3.463 1.188 0.013 0 0 0
-0.938 1.288 0.013 0 0 0
-1.788 3.713 -1.062 0 0 0
0.913 0.288 0.188 0 0 0
-3.463 2.062 -0.138 0 0 0
-9.788 16.562 6.388 0 0 0
-0.613 -0.913 -1.012 0 0 0
-1.838 -0.738 -1.062 0 0 0
0.913 0.738 0.613 0 0 0
4.188 3.738 4.088 0 0 0
-7.562 6.088 -0.663 0 0 0
-3.288 -3.413 0.013 0 0 0
-1.963 5.688 8.037 0 0 0
-0.488 1.012 0.688 0 0 0
-9.138 7.288 7.062 0 0 0
-2.913 -0.213 -2.538 0 0 0
3.088 5.788 8.263 0 0 0
0.812 -0.763 -0.963 0 0 0
-2.913 -2.638 -0.863 0 0 0
0.788 -0.163 -1.463 0 0 0
-3.238 1.738 -1.137 0 0 0
-7.888 6.638 7.663 0 0 0
-1.738 -0.838 -1.062 0 0 0
-1.613 7.113 7.812 0 0 0
-3.263 -0.088 0.038 0 0 0
3.888 3.188 1.238 0 0 0
0.413 -0.088 -0.812 0 0 0
-1.038 -0.913 -1.012 0 0 0
0.588 -1.638 -1.062 0 0 0
0.913 0.463 0.588 0 0 0
0.713 -2.087 -0.938 0 0 0
-0.038 -0.312 0.062 0 0 0
4.038 -0.188 2.163 0 0 0
-3.263 0.213 0.288 0 0 0
-2.337 -0.213 -2.488 0 0 0
-15.312 1.688 15.163 0 0 0
-2.463 -2.188 -0.938 0 0 0
-10.263 6.638 7.562 0 0 0
3.888 -3.488 1.388 0 0 0
-0.838 1.338 0.013 0 0 0
-3.312 1.188 0.812 0 0 0
-1.938 -0.988 -1.062 0 0 0
-0.963 1.238 0.013 0 0 0
-2.812 2.087 -0.338 0 0 0
-1.113 5.763 7.988 0 0 0
0.588 -0.888 -1.062 0 0 0
0.288 -2.087 -0.938 0 0 0
-4.638 1.738 17.163 0 0 0
-0.463 -7.413 6.088 0 0 0
3.938 5.763 0.763 0 0 0
-1.763 -1.238 -1.038 0 0 0
-2.463 0.062 0.338 0 0 0
-22.513 3.888 4.338 0 0 0
4.138 2.812 3.738 0 0 0
-9.263 5.913 7.763 0 0 0
-3.238 7.988 6.588 0 0 0
2.863 -7.963 4.562 0 0 0
-2.663 -2.188 -0.938 0 0 0
-2.363 -0.988 -1.062 0 0 0
-11.062 1.738 16.262 0 0 0
-3.388 -0.062 -0.963 0 0 0
-1.363 -1.613 -1.012 0 0 0
-0.488 -0.562 -0.062 0 0 0
3.988 4.112 5.888 0 0 0
-1.263 -7.513 5.138 0 0 0
-2.337 -0.263 -0.288 0 0 0
-3.663 -0.838 -0.988 0 0 0
0.588 1.188 -0.788 0 0 0
-1.163 1.238 0.013 0 0 0
0.113 0.562 0.713 0 0 0
2.212 -7.838 3.888 0 0 0
4.163 -4.013 0.013 0 0 0
-4.737 -11.163 0.013 0 0 0
-4.188 -1.688 0.537 0 0 0
-7.163 -9.513 0.013 0 0 0
0.288 0.038 0.488 0 0 0
-1.088 1.438 0.013 0 0 0
-1.438 -2.638 -0.913 0 0 0
-2.212 -0.263 -0.413 0 0 0
-2.238 -1.263 -0.537 0 0 0
3.363 5.913 8.188 0 0 0
-2.638 0.888 -0.537 0 0 0
-1.588 1.238 0.013 0 0 0
-4.088 -0.838 -0.988 0 0 0
-2.013 -9.412 0.013 0 0 0
-9.338 16.488 6.338 0 0 0
0.088 0.738 -0.413 0 0 0
3.938 -0.238 -1.913 0 0 0
-0.513 -0.938 -0.312 0 0 0
-2.263 -1.812 -0.913 0 0 0
-2.713 -0.163 -0.163 0 0 0
3.812 4.562 6.413 0 0 0
-6.438 1.713 16.637 0 0 0
-11.913 1.738 16.262 0 0 0
-1.463 -1.863 -1.012 0 0 0
-1.812 -1.213 0.013 0 0 0
3.988 3.388 4.763 0 0 0
3.588 -0.163 -1.163 0 0 0
3.312 7.163 7.812 0 0 0
-8.537 1.738 16.637 0 0 0
0.013 -0.312 -0.013 0 0 0
0.013 -0.312 -0.038 0 0 0
-2.087 -1.738 -0.913 0 0 0
-2.038 -0.312 0.013 0 0 0
-11.088 1.038 9.213 0 0 0
-3.438 1.838 -0.038 0 0 0
-3.288 -0.062 0.738 0 0 0
-1.663 0.062 0.537 0 0 0
-0.613 -0.188 0.062 0 0 0
-0.113 0.588 -0.413 0 0 0
-1.888 -1.863 -1.012 0 0 0
-2.288 -0.738 -1.038 0 0 0
1.038 -0.088 -0.863 0 0 0
0.588 -0.638 -0.638 0 0 0
-22.062 3.838 5.513 0 0 0
-2.863 -0.513 -0.288 0 0 0
0.413 0.338 0.013 0 0 0
-2.438 1.238 0.013 0 0 0
0.688 1.438 0.013 0 0 0
-9.988 7.538 7.488 0 0 0
-2.513 -1.738 -0.913 0 0 0
-3.312 -1.263 -1.062 0 0 0
-3.312 0.238 0.213 0 0 0
-1.963 -1.312 -1.012 0 0 0
4.138 4.513 4.288 0 0 0
0.913 1.288 0.013 0 0 0
3.938 -2.138 1.562 0 0 0
0.338 -0.738 -1.038 0 0 0
0.413 -0.238 -0.263 0 0 0
0.312 -1.738 -1.163 0 0 0
0.713 -7.488 4.362 0 0 0
-2.438 0.088 0.138 0 0 0
-2.713 -0.738 -1.038 0 0 0
0.812 0.863 0.288 0 0 0
-13.488 -15.538 0.013 0 0 0
-2.562 5.938 8.213 0 0 0
-2.038 12.188 7.488 0 0 0
-11.963 7.013 8.438 0 0 0
-8.438 7.088 7.812 0 0 0
0.413 0.513 0.413 0 0 0
-0.863 -1.288 -0.438 0 0 0
4.038 4.288 5.963 0 0 0
-2.038 1.188 0.013 0 0 0
0.488 1.288 0.013 0 0 0
-3.312 0.413 0.613 0 0 0
0.413 -0.113 -1.012 0 0 0
0.562 -0.163 -1.513 0 0 0
-0.088 -0.738 -1.038 0 0 0
0.363 -0.438 -0.088 0 0 0
-3.413 7.213 7.938 0 0 0
-0.038 -0.338 -0.138 0 0 0
-4.088 8.062 6.613 0 0 0
-1.688 -0.038 -0.613 0 0 0
-8.213 -7.438 4.487 0 0 0
-0.663 0.088 0.738 0 0 0
-1.788 -0.788 -0.988 0 0 0
0.088 -0.963 -1.012 0 0 0
-3.438 8.088 7.013 0 0 0
-16.312 -10.988 0.013 0 0 0
-16.637 -9.988 0.013 0 0 0
-21.513 2.087 18.538 0 0 0
-12.613 14.138 7.513 0 0 0
-0.013 -0.463 0.013 0 0 0
-2.463 1.188 0.013 0 0 0
-10.088 -7.062 5.312 0 0 0
-0.513 -0.738 -1.038 0 0 0
-7.613 -11.288 0.013 0 0 0
4.062 4.062 3.388 0 0 0
0.838 -0.788 -0.988 0 0 0
-7.863 6.488 7.863 0 0 0
4.088 5.088 4.938 0 0 0
-11.312 5.713 7.963 0 0 0
-18.413 5.613 7.788 0 0 0
0.913 0.038 0.438 0 0 0
-0.288 -0.888 -1.038 0 0 0
0.138 0.763 -0.513 0 0 0
-4.237 2.538 -0.838 0 0 0
0.263 1.338 -0.363 0 0 0
0.938 0.438 0.562 0 0 0
-0.338 -0.338 -0.263 0 0 0
0.263 -0.263 0.013 0 0 0
-14.463 5.863 7.838 0 0 0
0.613 0.888 0.688 0 0 0
1.938 5.913 8.188 0 0 0
3.812 5.413 7.513 0 0 0
-9.138 10.062 1.513 0 0 0
-5.088 -10.438 0.013 0 0 0
0.413 -0.788 -0.988 0 0 0
-1.838 -0.338 -3.788 0 0 0
-3.463 -0.788 0.113 0 0 0
0.913 0.788 0.438 0 0 0
3.838 -2.663 2.138 0 0 0
-3.213 6.413 8.338 0 0 0
-1.488 5.838 7.913 0 0 0
-2.588 -0.088 -0.113 0 0 0
-3.338 1.688 0.888 0 0 0
0.288 0.013 0.288 0 0 0
3.788 -4.588 2.763 0 0 0
-10.988 -11.388 0.013 0 0 0
-3.263 -0.013 -0.138 0 0 0
-3.263 -0.038 -0.138 0 0 0
-7.588 1.763 16.887 0 0 0
0.062 0.613 0.038 0 0 0
1.062 -0.463 -0.338 0 0 0
-3.312 0.488 0.638 0 0 0
-12.488 1.763 16.413 0 0 0
0.062 -0.413 0.013 0 0 0
0.062 0.038 0.438 0 0 0
-1.463 -0.163 -1.738 0 0 0
3.613 0.562 6.238 0 0 0
-0.613 0.812 0.488 0 0 0
-5.338 13.338 7.738 0 0 0
0.438 0.688 -0.213 0 0 0
-2.163 -1.663 -1.088 0 0 0
3.812 -3.463 2.138 0 0 0
-1.688 -0.138 -1.588 0 0 0
-5.738 -9.537 0.013 0 0 0
-2.538 -0.188 -2.138 0 0 0
-3.413 0.188 0.013 0 0 0
-3.463 0.363 3.338 0 0 0
-2.238 -0.388 -0.562 0 0 0
0.213 -0.312 -0.088 0 0 0
-8.938 -7.263 4.763 0 0 0
-0.888 6.238 8.088 0 0 0
-2.763 -1.438 -1.113 0 0 0
-11.812 -9.238 0.013 0 0 0
0.888 0.413 0.463 0 0 0
-1.538 5.913 7.663 0 0 0
-3.188 0.188 0.013 0 0 0
3.738 -2.087 0.838 0 0 0
3.238 5.812 8.138 0 0 0
-2.463 0.113 0.838 0 0 0
-10.638 -0.763 9.162 0 0 0
-14.713 -7.812 0.113 0 0 0
-14.438 -11.688 0.013 0 0 0
-3.388 -0.713 0.013 0 0 0
3.863 -2.713 -0.013 0 0 0
-8.787 7.088 8.488 0 0 0
0.913 0.513 -0.188 0 0 0
-1.038 2.087 -1.062 0 0 0
-2.288 1.713 -1.088 0 0 0
-2.188 0.013 -0.188 0 0 0
1.763 -7.812 3.062 0 0 0
-8.763 -9.088 0.013 0 0 0
-10.062 6.738 7.688 0 0 0
-12.363 5.613 7.838 0 0 0
-0.013 0.663 0.288 0 0 0
-0.088 -0.312 -0.213 0 0 0
-3.388 0.038 0.013 0 0 0
3.713 6.188 2.138 0 0 0
-0.588 1.238 0.013 0 0 0
-1.463 2.087 -1.062 0 0 0
0.312 -0.163 -1.738 0 0 0
0.788 -0.463 -0.288 0 0 0
-1.763 0.062 0.363 0 0 0
0.388 0.663 -0.312 0 0 0
-0.488 -0.638 -0.088 0 0 0
0.613 0.113 1.088 0 0 0
-2.588 -1.213 -1.113 0 0 0
-1.988 -3.463 -0.812 0 0 0
-9.438 -10.488 0.013 0 0 0
3.788 -7.163 2.312 0 0 0
4.088 5.113 7.163 0 0 0
-1.963 0.038 0.213 0 0 0
3.188 -7.338 3.688 0 0 0
3.812 -3.438 1.012 0 0 0
-19.463 17.038 7.513 0 0 0
-3.213 -0.062 -0.988 0 0 0
-3.263 0.788 0.562 0 0 0
-3.888 1.438 -0.888 0 0 0
3.812 -2.562 0.863 0 0 0
-13.588 1.688 15.488 0 0 0
4.088 4.938 6.163 0 0 0
-14.488 5.863 7.863 0 0 0
-3.363 1.513 0.788 0 0 0
-2.688 13.538 8.787 0 0 0
-3.013 -1.213 -1.113 0 0 0
-18.213 -8.888 0.013 0 0 0
-0.463 0.838 0.688 0 0 0
-3.363 1.388 0.938 0 0 0
3.988 3.263 3.588 0 0 0
-9.938 -9.938 0.013 0 0 0
-9.513 -9.188 0.013 0 0 0
-0.338 0.213 -0.188 0 0 0
-3.438 1.888 -0.213 0 0 0
-1.263 6.963 7.838 0 0 0
-16.062 1.663 14.863 0 0 0
-2.988 2.463 -0.438 0 0 0
-6.488 1.062 9.913 0 0 0
0.613 -0.788 -1.038 0 0 0
1.263 -0.238 -2.188 0 0 0
-0.588 -0.238 -2.388 0 0 0
-2.488 5.963 7.913 0 0 0
4.088 4.538 6.288 0 0 0
-1.613 -1.163 -1.012 0 0 0
-0.413 -0.263 -0.213 0 0 0
-3.312 0.288 0.038 0 0 0
-1.413 1.688 0.013 0 0 0
4.213 3.888 4.263 0 0 0
0.713 1.888 -0.013 0 0 0
0.788 -0.388 -0.263 0 0 0
-2.738 0.537 -0.288 0 0 0
-8.713 8.188 7.138 0 0 0
0.388 0.738 -0.288 0 0 0
-3.638 2.638 0.038 0 0 0
-2.337 -0.888 -1.038 0 0 0
-8.238 5.688 7.938 0 0 0
-4.338 2.538 -1.012 0 0 0
-14.413 6.263 8.412 0 0 0
4.138 -3.713 0.013 0 0 0
-4.237 7.763 7.588 0 0 0
0.113 -0.062 -0.013 0 0 0
0.163 -0.263 -0.163 0 0 0
0.438 0.537 0.338 0 0 0
-1.363 6.388 7.863 0 0 0
0.888 -0.663 0.013 0 0 0
4.112 -5.263 0.013 0 0 0
0.913 0.638 0.388 0 0 0
-3.312 0.463 0.438 0 0 0
-1.338 2.613 0.013 0 0 0
-3.263 0.388 0.088 0 0 0
0.363 -0.388 -0.263 0 0 0
-3.013 -2.013 -0.938 0 0 0
-4.612 -10.338 0.013 0 0 0
-11.688 7.138 7.888 0 0 0
-7.363 5.863 7.838 0 0 0
3.938 3.863 4.237 0 0 0
-3.312 1.788 0.713 0 0 0
0.788 1.688 0.013 0 0 0
-3.288 0.738 -0.038 0 0 0
3.613 8.613 2.838 0 0 0
3.863 -2.863 0.513 0 0 0
-5.963 -0.788 9.438 0 0 0
0.488 -0.138 -1.288 0 0 0
-0.363 -0.188 -1.838 0 0 0
0.938 -0.888 -1.038 0 0 0
-0.488 0.938 0.613 0 0 0
4.188 -7.538 0.013 0 0 0
3.888 -1.562 0.888 0 0 0
3.913 -2.013 1.838 0 0 0
0.363 -0.663 -0.288 0 0 0
-2.138 -0.213 0.013 0 0 0
-1.113 -0.888 -0.988 0 0 0
-16.938 8.763 7.062 0 0 0
4.112 2.438 3.238 0 0 0
-3.263 -0.163 -0.013 0 0 0
-3.263 -0.163 -0.038 0 0 0
-3.138 0.988 0.463 0 0 0
0.363 1.688 0.013 0 0 0
4.088 3.988 5.562 0 0 0
-7.613 8.088 7.338 0 0 0
0.913 -0.088 -0.738 0 0 0
-3.188 0.038 -0.013 0 0 0
-6.338 -7.213 5.613 0 0 0
3.838 4.213 5.938 0 0 0
-0.963 -0.788 -1.088 0 0 0
-4.713 -10.588 0.013 0 0 0
-13.963 1.688 15.388 0 0 0
-0.588 -1.263 -0.413 0 0 0
-3.138 0.863 0.613 0 0 0
-4.638 -10.388 0.013 0 0 0
-16.688 1.713 15.413 0 0 0
0.488 -0.088 -0.738 0 0 0
-1.913 0.138 1.062 0 0 0
0.463 0.988 0.013 0 0 0
-1.213 8.013 7.763 0 0 0
0.688 -0.788 -1.038 0 0 0
-8.513 4.888 0.763 0 0 0
0.288 0.513 0.537 0 0 0
-2.062 -0.763 -1.113 0 0 0
-2.038 -0.763 -1.012 0 0 0
0.938 0.488 -0.213 0 0 0
-1.863 13.713 8.888 0 0 0
-4.163 14.438 7.763 0 0 0
-2.212 -1.388 0.013 0 0 0
-5.062 -10.388 0.013 0 0 0
-6.938 12.163 7.288 0 0 0
3.863 7.838 1.062 0 0 0
-5.138 -7.338 5.788 0 0 0
-1.363 1.513 -1.088 0 0 0
-19.613 1.062 8.238 0 0 0
-2.463 -2.663 -0.888 0 0 0
-2.863 -0.663 -0.388 0 0 0
-14.138 -8.838 0.013 0 0 0
-2.288 -0.838 0.013 0 0 0
0.413 -7.788 5.413 0 0 0
-2.238 -0.013 -0.488 0 0 0
-2.763 -0.062 -1.012 0 0 0
0.638 0.088 1.062 0 0 0
3.913 3.062 3.388 0 0 0
-0.713 6.913 7.788 0 0 0
0.263 0.588 0.388 0 0 0
-1.038 1.263 -1.088 0 0 0
0.863 1.663 0.013 0 0 0
3.913 -4.112 1.963 0 0 0
0.613 0.388 -0.213 0 0 0
-0.838 -0.763 -1.062 0 0 0
3.788 9.738 1.338 0 0 0
-0.763 -0.363 -3.863 0 0 0
-2.763 6.338 8.238 0 0 0
-2.288 -0.088 0.013 0 0 0
-0.888 -0.838 -1.038 0 0 0
-2.888 -0.763 -1.012 0 0 0
-12.963 1.113 9.688 0 0 0
3.888 -2.812 0.038 0 0 0
0.888 0.638 0.688 0 0 0
-14.738 1.613 14.613 0 0 0
-2.913 1.613 0.013 0 0 0
-3.163 0.838 0.763 0 0 0
-20.463 5.888 8.088 0 0 0
-7.738 5.863 7.738 0 0 0
0.438 1.663 0.013 0 0 0
-0.413 0.788 0.763 0 0 0
-12.388 15.988 6.163 0 0 0
3.963 4.062 4.438 0 0 0
0.963 -0.088 -0.838 0 0 0
-4.088 2.463 -0.663 0 0 0
0.463 -7.713 3.788 0 0 0
-0.062 0.613 0.163 0 0 0
-3.288 12.062 9.238 0 0 0
-0.488 -9.162 0.013 0 0 0
-8.738 -9.037 0.013 0 0 0
-2.163 0.113 0.963 0 0 0
-2.513 1.562 0.013 0 0 0
3.513 -7.263 4.288 0 0 0
-12.988 -7.288 4.038 0 0 0
0.138 -1.137 -0.988 0 0 0
-1.613 -0.138 -1.713 0 0 0
0.213 0.537 0.288 0 0 0
-2.812 2.263 0.013 0 0 0
-9.238 -9.238 0.013 0 0 0
0.463 1.638 -0.963 0 0 0
-3.438 0.613 0.013 0 0 0
0.438 -0.963 -0.988 0 0 0
-16.838 1.738 15.562 0 0 0
-13.463 5.738 8.263 0 0 0
-3.438 -0.838 -0.113 0 0 0
-12.213 5.938 7.963 0 0 0
3.763 4.438 1.613 0 0 0
-13.688 6.888 7.888 0 0 0
-1.988 -0.763 -1.113 0 0 0
-3.163 0.263 -0.113 0 0 0
0.363 -0.537 -0.312 0 0 0
0.488 -0.163 -1.488 0 0 0
-12.713 13.338 8.812 0 0 0
-6.388 16.163 6.938 0 0 0
0.138 0.537 0.688 0 0 0
-3.238 2.263 0.013 0 0 0
-1.413 -1.088 -1.038 0 0 0
2.113 7.988 6.913 0 0 0
-3.213 3.562 0.388 0 0 0
-3.263 -0.188 -0.238 0 0 0
-18.988 4.013 4.963 0 0 0
-3.338 -0.638 0.138 0 0 0
-10.812 -7.312 2.113 0 0 0
0.163 0.638 0.038 0 0 0
4.062 4.013 4.988 0 0 0
-1.438 0.113 -1.312 0 0 0
-2.337 0.062 0.312 0 0 0
-3.363 1.562 0.013 0 0 0
4.213 3.062 4.237 0 0 0
4.013 -0.213 -1.688 0 0 0
0.812 -0.988 -1.088 0 0 0
0.688 0.963 0.062 0 0 0
0.888 -0.488 -0.312 0 0 0
-3.488 1.288 -0.638 0 0 0
-12.188 7.088 8.088 0 0 0
-2.463 -0.213 -0.338 0 0 0
-0.163 0.088 0.812 0 0 0
-2.713 -0.062 -1.113 0 0 0
-0.812 1.363 0.013 0 0 0
-3.438 1.238 0.163 0 0 0
-18.988 6.838 6.513 0 0 0
-2.388 -0.013 -0.338 0 0 0
-8.412 1.088 9.938 0 0 0
3.763 7.388 1.738 0 0 0
-2.688 0.663 -0.338 0 0 0
0.163 0.513 0.188 0 0 0
-12.062 -10.488 0.013 0 0 0
-3.463 0.562 0.013 0 0 0
-25.013 5.062 7.263 0 0 0
-1.763 0.013 -0.013 0 0 0
4.213 3.812 4.237 0 0 0
4.237 4.713 6.013 0 0 0
0.388 -0.988 -1.088 0 0 0
-0.588 0.088 0.812 0 0 0
-1.513 -1.338 -1.038 0 0 0
3.688 5.963 8.312 0 0 0
-11.963 -7.363 1.438 0 0 0
-8.188 6.288 7.638 0 0 0
-3.113 5.888 8.138 0 0 0
-3.588 -1.438 -0.113 0 0 0
-0.013 -0.988 -1.088 0 0 0
-0.038 0.513 0.188 0 0 0
-5.613 8.037 6.988 0 0 0
-7.338 5.738 8.188 0 0 0
4.188 4.487 5.513 0 0 0
0.838 0.088 1.012 0 0 0
-1.663 1.363 0.013 0 0 0
-19.188 4.763 4.963 0 0 0
-3.638 8.013 6.588 0 0 0
-1.812 -1.788 -0.913 0 0 0
-18.288 -9.713 0.013 0 0 0
-1.137 -9.238 0.013 0 0 0
-2.513 -0.263 -0.438 0 0 0
-3.312 0.688 0.663 0 0 0
-3.312 1.713 0.688 0 0 0
-0.663 -0.163 -1.613 0 0 0
-2.238 -1.663 -1.062 0 0 0
-3.688 2.212 0.013 0 0 0
3.788 10.288 1.413 0 0 0
0.113 0.038 0.338 0 0 0
-0.438 -1.012 -0.988 0 0 0
-0.238 0.062 -0.062 0 0 0
-9.037 7.438 7.513 0 0 0
-7.288 12.213 7.312 0 0 0
1.713 5.713 8.013 0 0 0
-2.238 -1.788 -0.913 0 0 0
0.488 0.088 -1.062 0 0 0
0.388 -0.062 -0.688 0 0 0
-2.538 0.113 0.863 0 0 0
-0.038 -0.188 0.062 0 0 0
-17.963 -9.963 0.013 0 0 0
-2.663 -1.663 -1.062 0 0 0
-1.263 1.312 0.013 0 0 0
-3.413 0.113 -0.062 0 0 0
0.188 0.537 0.588 0 0 0
-0.463 -0.062 -0.088 0 0 0
-0.613 5.788 7.888 0 0 0
-2.463 13.838 8.963 0 0 0
0.763 -0.713 -1.012 0 0 0
-2.413 0.113 0.738 0 0 0
-5.388 1.012 9.613 0 0 0
-13.312 14.238 8.488 0 0 0
-10.138 5.863 7.863 0 0 0
0.038 -0.263 -0.013 0 0 0
3.888 9.463 1.288 0 0 0
1.038 2.312 0.013 0 0 0
-3.312 -0.013 -0.463 0 0 0
0.288 0.562 0.363 0 0 0
-3.388 1.838 0.338 0 0 0
-1.863 -1.838 -1.012 0 0 0
-1.688 1.312 0.013 0 0 0
-1.763 -0.088 -1.012 0 0 0
-3.738 0.988 9.663 0 0 0
-0.838 -0.888 -0.963 0 0 0
-3.438 1.738 -0.312 0 0 0
4.163 -4.638 0.013 0 0 0
-2.488 -0.138 -1.688 0 0 0
3.988 -0.213 -1.663 0 0 0
-3.213 1.038 -0.188 0 0 0
3.863 -5.013 2.963 0 0 0
0.938 0.413 -0.238 0 0 0
3.363 -2.263 -0.263 0 0 0
-0.838 7.988 7.763 0 0 0
-5.738 7.988 7.288 0 0 0
-12.863 9.513 1.838 0 0 0
-2.113 1.312 0.013 0 0 0
4.088 -4.088 0.013 0 0 0
-8.763 -7.413 4.438 0 0 0
-9.788 -11.263 0.013 0 0 0
4.013 3.413 3.763 0 0 0
-3.263 0.113 0.738 0 0 0
-2.863 -0.738 -0.413 0 0 0
4.163 -3.888 0.013 0 0 0
0.913 -0.838 0.013 0 0 0
3.938 5.238 7.088 0 0 0
-2.212 -0.763 -1.163 0 0 0
-3.312 0.013 0.088 0 0 0
-17.062 7.213 8.713 0 0 0
-1.763 -0.238 -2.538 0 0 0
-5.038 -10.338 0.013 0 0 0
-5.738 7.138 6.913 0 0 0
-0.613 0.088 0.838 0 0 0
-2.463 0.088 0.638 0 0 0
0.388 -0.562 -0.263 0 0 0
-19.113 -8.513 0.013 0 0 0
-1.763 -0.763 -0.988 0 0 0
-2.438 -6.688 0.013 0 0 0
-0.938 5.838 7.888 0 0 0
2.013 5.838 8.037 0 0 0
0.812 1.513 0.013 0 0 0
-0.163 0.062 0.613 0 0 0
-3.113 0.213 -0.038 0 0 0
-3.113 0.213 -0.013 0 0 0
-3.338 -0.213 -0.312 0 0 0
0.613 0.613 0.013 0 0 0
0.188 -0.138 0.013 0 0 0
0.537 -0.788 -1.012 0 0 0
0.713 2.363 0.013 0 0 0
1.038 -0.138 -1.263 0 0 0
-3.388 1.913 0.363 0 0 0
-5.388 -10.138 0.013 0 0 0
-6.663 -2.013 0.312 0 0 0
0.838 0.463 0.013 0 0 0
0.163 0.788 -0.513 0 0 0
-2.113 0.062 0.438 0 0 0
-16.613 -9.213 0.013 0 0 0
0.388 1.513 0.013 0 0 0
-0.588 0.062 0.613 0 0 0
-18.988 4.463 4.663 0 0 0
-3.812 6.963 7.913 0 0 0
0.613 1.363 0.013 0 0 0
0.113 -0.788 -1.012 0 0 0
1.763 8.062 7.538 0 0 0
4.138 4.388 5.863 0 0 0
0.913 0.388 -0.088 0 0 0
-0.388 0.838 0.763 0 0 0
0.537 1.288 -0.738 0 0 0
-3.288 2.263 0.863 0 0 0
-1.562 -0.138 -1.613 0 0 0
0.838 0.062 0.812 0 0 0
-3.413 -0.138 -1.812 0 0 0
0.312 0.038 0.288 0 0 0
-3.638 2.562 -0.038 0 0 0
-13.988 -9.812 0.013 0 0 0
-2.138 -0.812 -1.113 0 0 0
-0.913 -0.988 -1.062 0 0 0
0.088 -0.388 0.013 0 0 0
4.112 3.088 4.288 0 0 0
0.188 1.363 0.013 0 0 0
3.838 6.663 -0.062 0 0 0
-15.838 1.163 9.812 0 0 0
0.513 1.638 -0.863 0 0 0
-10.738 -11.513 0.013 0 0 0
3.863 -2.913 2.113 0 0 0
0.913 0.562 0.312 0 0 0
-1.788 5.713 8.037 0 0 0
0.688 -7.888 4.388 0 0 0
-3.238 0.288 0.113 0 0 0
-5.788 5.388 7.338 0 0 0
-2.488 4.487 -0.488 0 0 0
-1.788 1.513 -1.088 0 0 0
-8.938 -11.438 0.013 0 0 0
-0.238 -1.263 -0.388 0 0 0
-0.238 1.363 0.013 0 0 0
0.013 0.463 0.263 0 0 0
-3.263 -0.263 -0.263 0 0 0
-1.863 -0.138 -1.738 0 0 0
-0.113 -0.537 0.013 0 0 0
-3.263 -2.288 0.013 0 0 0
0.913 0.738 0.713 0 0 0
-3.688 2.663 -0.288 0 0 0
-6.363 7.213 7.938 0 0 0
-0.138 1.263 0.013 0 0 0
-0.638 -0.263 -0.263 0 0 0
4.112 2.363 3.163 0 0 0
-13.812 -8.963 0.013 0 0 0
-1.312 -0.838 -1.038 0 0 0
-5.888 6.588 7.463 0 0 0
-3.288 0.388 -0.138 0 0 0
0.338 0.763 -0.213 0 0 0
-2.288 -0.138 -1.738 0 0 0
0.413 -0.088 -0.713 0 0 0
-1.988 0.138 1.088 0 0 0
-2.463 15.588 8.787 0 0 0
-11.062 -7.413 4.263 0 0 0
-12.062 5.838 7.588 0 0 0
1.838 5.863 8.088 0 0 0
3.013 -7.913 4.538 0 0 0
-5.663 5.863 7.863 0 0 0
-0.562 1.263 0.013 0 0 0
3.438 -7.388 2.388 0 0 0
4.188 3.038 4.062 0 0 0
-19.238 5.213 6.238 0 0 0
4.038 2.688 0.338 0 0 0
-2.038 0.062 0.438 0 0 0
-2.138 -0.738 -1.088 0 0 0
-8.763 -11.213 0.013 0 0 0
-0.238 0.688 0.038 0 0 0
4.163 4.612 6.388 0 0 0
-3.413 0.188 1.438 0 0 0
-3.312 1.188 0.913 0 0 0
0.263 6.963 7.363 0 0 0
-0.988 1.263 0.013 0 0 0
-10.513 1.088 9.713 0 0 0
-1.913 -0.163 -1.838 0 0 0
-6.738 -7.488 4.638 0 0 0
-14.288 5.788 7.738 0 0 0
-17.762 1.613 14.263 0 0 0
3.613 0.537 5.988 0 0 0
-2.463 0.062 0.438 0 0 0
0.763 -0.088 -0.913 0 0 0
-3.613 -11.088 0.013 0 0 0
2.138 5.938 8.238 0 0 0
-3.213 -2.013 0.013 0 0 0
-8.488 1.812 17.238 0 0 0
-11.562 5.638 7.863 0 0 0
-8.213 1.062 9.688 0 0 0
4.038 2.963 3.713 0 0 0
-2.163 1.812 -1.088 0 0 0
-1.263 2.638 -1.038 0 0 0
-0.263 -0.113 0.038 0 0 0
-4.038 2.438 -0.638 0 0 0
-2.863 -1.613 -0.988 0 0 0
-1.137 -0.213 -2.438 0 0 0
0.463 -1.863 -1.062 0 0 0
-0.812 6.388 7.838 0 0 0
0.888 -1.113 -1.062 0 0 0
0.138 0.663 -0.062 0 0 0
-2.913 3.988 -0.062 0 0 0
0.388 -0.713 -0.312 0 0 0
-19.363 4.312 3.562 0 0 0
-1.988 0.113 -1.188 0 0 0
0.913 -0.388 -0.288 0 0 0
-3.263 6.038 8.013 0 0 0
-18.438 5.713 7.938 0 0 0
-3.388 1.312 0.562 0 0 0
3.713 -3.463 2.663 0 0 0
-1.688 2.638 -1.038 0 0 0
-3.188 7.838 7.638 0 0 0
-2.438 7.562 7.913 0 0 0
-3.413 1.363 0.188 0 0 0
-0.338 -0.763 -0.988 0 0 0
-2.212 -0.263 -0.312 0 0 0
3.863 -0.613 7.288 0 0 0
-4.513 -7.538 4.338 0 0 0
0.463 -1.113 -1.062 0 0 0
0.738 0.013 0.088 0 0 0
-1.312 -9.338 0.013 0 0 0
-10.488 1.713 16.012 0 0 0
-3.312 -0.688 -0.088 0 0 0
0.738 1.913 -0.013 0 0 0
-2.163 -0.013 -0.413 0 0 0
-3.213 -0.513 0.013 0 0 0
-1.538 -2.062 -0.913 0 0 0
3.938 -0.238 -1.812 0 0 0
-1.863 -0.213 -2.488 0 0 0
-6.763 7.113 8.488 0 0 0
-1.488 2.562 0.013 0 0 0
0.688 -0.062 -0.562 0 0 0
-5.613 7.988 5.838 0 0 0
-0.763 -0.763 -0.988 0 0 0
-2.288 -1.488 -0.938 0 0 0
-1.838 -1.188 0.013 0 0 0
-7.463 -7.188 4.763 0 0 0
0.613 -0.138 -1.312 0 0 0
-1.838 -7.312 4.237 0 0 0
-3.312 0.062 -0.088 0 0 0
-0.363 0.062 0.062 0 0 0
0.812 -0.288 -2.838 0 0 0
-10.788 5.663 7.812 0 0 0
-0.188 -0.188 0.088 0 0 0
0.913 0.537 0.113 0 0 0
-1.113 -0.138 -1.638 0 0 0
-1.213 1.213 0.013 0 0 0
-1.188 -0.763 -0.988 0 0 0
0.062 0.537 0.713 0 0 0
3.888 -2.013 -0.788 0 0 0
1.038 -0.088 -0.763 0 0 0
-8.238 6.338 7.663 0 0 0
0.188 -0.138 -1.312 0 0 0
-13.638 13.738 7.288 0 0 0
-3.312 0.812 -0.088 0 0 0
-1.913 -2.388 -0.888 0 0 0
0.913 0.413 0.263 0 0 0
-2.888 -0.488 -0.288 0 0 0
-7.288 -9.013 0.013 0 0 0
-3.312 0.238 0.312 0 0 0
0.537 -0.388 -3.738 0 0 0
3.788 -2.938 2.312 0 0 0
3.913 -3.388 2.438 0 0 0
4.312 7.388 0.688 0 0 0
-10.013 -10.013 0.013 0 0 0
0.988 -0.163 -1.413 0 0 0
0.312 -0.138 -1.438 0 0 0
-5.838 6.638 7.913 0 0 0
0.913 0.713 0.513 0 0 0
-4.213 6.938 7.888 0 0 0
0.888 1.312 0.013 0 0 0
-0.438 0.038 -0.062 0 0 0
3.863 -4.312 3.088 0 0 0
0.812 0.863 0.388 0 0 0
-7.038 -0.763 8.263 0 0 0
-6.888 -1.938 0.288 0 0 0
-0.438 -1.413 -0.188 0 0 0
-1.913 -2.663 -0.913 0 0 0
0.812 1.263 -1.012 0 0 0
3.663 -0.263 3.463 0 0 0
-4.388 6.312 8.238 0 0 0
-1.913 -0.763 -1.038 0 0 0
0.488 -0.312 -0.263 0 0 0
-2.263 0.013 -0.238 0 0 0
-9.638 6.238 8.263 0 0 0
-2.163 -0.537 0.013 0 0 0
2.788 6.038 8.062 0 0 0
-4.362 -8.963 0.013 0 0 0
-3.338 0.463 0.338 0 0 0
-0.038 -0.338 -0.013 0 0 0
-0.038 -0.338 -0.038 0 0 0
-0.013 -0.338 -0.038 0 0 0
-4.812 5.888 8.213 0 0 0
0.413 1.788 -1.038 0 0 0
-2.188 -0.537 -0.763 0 0 0
-0.663 0.088 0.838 0 0 0
-3.013 -0.213 -2.613 0 0 0
-0.863 -1.413 -0.188 0 0 0
-7.812 -10.013 0.013 0 0 0
0.713 0.863 0.013 0 0 0
-2.613 -1.863 -1.038 0 0 0
0.363 0.312 0.013 0 0 0
-3.288 4.038 -0.438 0 0 0
-1.012 -0.788 -1.088 0 0 0
-1.163 -1.288 -0.463 0 0 0
-3.338 0.638 0.738 0 0 0
-0.138 0.562 -0.163 0 0 0
0.263 -0.163 -1.538 0 0 0
-22.513 -6.463 0.013 0 0 0
0.288 0.863 0.013 0 0 0
1.963 -7.812 4.438 0 0 0
-2.263 -0.238 -0.113 0 0 0
-2.888 -0.413 -0.263 0 0 0
-2.763 -0.763 -1.038 0 0 0
-1.413 -0.812 -0.988 0 0 0
-15.613 1.663 14.938 0 0 0
-5.638 6.713 7.688 0 0 0
-10.688 -16.463 0.013 0 0 0
3.963 -4.038 0.688 0 0 0
-2.238 5.663 7.988 0 0 0
-12.588 1.738 15.988 0 0 0
-0.537 0.088 0.113 0 0 0
2.812 -0.763 9.363 0 0 0
-2.562 0.062 0.263 0 0 0
-3.288 -0.438 -0.163 0 0 0
-1.263 -0.138 -1.488 0 0 0
-0.438 -1.088 -1.062 0 0 0
-7.088 5.763 7.638 0 0 0
-1.812 6.288 8.138 0 0 0
-1.838 -0.812 -0.988 0 0 0
-3.263 -0.038 -0.013 0 0 0
-8.613 -0.763 8.213 0 0 0
0.888 0.688 0.588 0 0 0
3.988 -0.188 -1.363 0 0 0
-2.888 1.663 0.013 0 0 0
-3.413 2.212 -0.163 0 0 0
-7.663 8.138 7.363 0 0 0
-1.863 -1.463 0.013 0 0 0
3.988 3.638 4.013 0 0 0
-3.088 0.763 0.013 0 0 0
0.788 -0.812 -0.988 0 0 0
0.388 -0.363 -3.588 0 0 0
-2.588 1.688 0.013 0 0 0
0.138 2.713 0.013 0 0 0
-0.562 0.113 -1.188 0 0 0
-3.413 0.188 0.113 0 0 0
-2.263 -0.812 -0.988 0 0 0
-2.963 -0.888 -0.888 0 0 0
-2.863 4.237 -1.163 0 0 0
0.888 0.413 0.562 0 0 0
-15.863 5.763 8.013 0 0 0
0.062 3.263 0.013 0 0 0
-0.438 6.213 7.688 0 0 0
-14.562 -10.213 0.013 0 0 0
-3.388 -0.713 0.113 0 0 0
-2.238 5.863 7.863 0 0 0
-7.738 8.113 7.088 0 0 0
0.263 0.537 0.663 0 0 0
0.363 -0.812 -0.988 0 0 0
-3.088 1.513 0.013 0 0 0
4.138 3.888 3.688 0 0 0
-11.312 8.088 6.562 0 0 0
4.213 4.713 5.113 0 0 0
-2.188 0.013 -0.088 0 0 0
-0.062 -0.638 0.013 0 0 0
-1.988 -0.138 -1.613 0 0 0
-5.463 -17.863 0.013 0 0 0
-14.588 6.113 8.213 0 0 0
0.013 -0.463 0.013 0 0 0
-0.488 7.188 8.488 0 0 0
-0.013 0.663 0.388 0 0 0
-7.463 1.812 17.413 0 0 0
-3.388 0.038 0.113 0 0 0
-0.062 -0.812 -0.988 0 0 0
-2.688 1.438 0.013 0 0 0
-0.963 -1.338 -1.062 0 0 0
3.513 0.613 6.588 0 0 0
3.812 -3.312 0.963 0 0 0
-4.188 15.963 9.088 0 0 0
1.613 -0.713 8.438 0 0 0
-8.662 11.038 9.138 0 0 0
-1.763 0.062 0.463 0 0 0
-11.913 8.037 7.188 0 0 0
-10.013 1.062 9.588 0 0 0
0.988 0.312 -0.013 0 0 0
-2.738 0.913 -0.463 0 0 0
0.263 -1.062 -0.988 0 0 0
-5.513 7.062 7.763 0 0 0
-3.538 0.688 0.013 0 0 0
-7.263 12.188 7.288 0 0 0
-14.488 -11.738 0.013 0 0 0
3.838 -2.463 0.838 0 0 0
-13.913 5.663 7.888 0 0 0
-3.263 0.788 0.663 0 0 0
-3.388 1.238 0.537 0 0 0
-5.863 -9.013 0.013 0 0 0
-18.088 1.113 9.113 0 0 0
-2.188 0.062 0.463 0 0 0
-2.463 5.938 7.888 0 0 0
3.338 -0.463 5.838 0 0 0
0.713 -0.038 -0.013 0 0 0
-0.363 -0.788 9.138 0 0 0
0.713 -0.013 -0.013 0 0 0
0.713 -0.038 -0.038 0 0 0
0.338 7.988 7.738 0 0 0
0.338 0.488 0.438 0 0 0
0.113 0.613 0.038 0 0 0
-3.438 -0.763 8.763 0 0 0
0.488 -0.463 -0.312 0 0 0
-0.838 -0.213 -2.312 0 0 0
0.863 0.812 0.463 0 0 0
-3.988 7.113 7.812 0 0 0
-1.688 -1.788 -0.938 0 0 0
-1.488 0.113 -1.312 0 0 0
-1.488 6.213 7.688 0 0 0
-6.288 -15.562 0.013 0 0 0
-3.263 -0.537 -0.213 0 0 0
0.913 0.588 -0.062 0 0 0
-0.138 -0.338 -0.213 0 0 0
-3.312 -1.913 0.013 0 0 0
-3.438 4.763 -1.363 0 0 0
0.113 0.488 0.188 0 0 0
4.213 -8.638 0.013 0 0 0
-15.513 -10.463 0.013 0 0 0
-3.663 -2.463 0.013 0 0 0
-3.338 -0.113 0.013 0 0 0
-2.288 6.438 7.913 0 0 0
-3.062 1.113 -0.213 0 0 0
0.488 -0.288 0.088 0 0 0
0.913 0.463 0.088 0 0 0
-3.312 0.288 0.138 0 0 0
-2.763 4.213 -0.463 0 0 0
-3.463 -0.812 0.013 0 0 0
3.888 -2.087 -0.812 0 0 0
-0.188 0.038 0.312 0 0 0
0.638 -0.788 9.338 0 0 0
-8.562 -7.113 4.038 0 0 0
-25.562 7.388 9.037 0 0 0
3.513 0.513 5.613 0 0 0
-6.613 -9.113 0.013 0 0 0
-3.663 2.663 0.038 0 0 0
-10.812 16.238 6.263 0 0 0
-2.938 -0.088 -1.363 0 0 0
-1.913 -1.588 -1.062 0 0 0
-6.913 -1.863 0.013 0 0 0
3.938 -2.212 1.638 0 0 0
2.863 -7.838 3.913 0 0 0
0.913 0.638 0.488 0 0 0
0.963 -0.238 -2.212 0 0 0
-0.888 -0.238 -2.413 0 0 0
-0.713 -0.888 -0.988 0 0 0
-2.713 -0.812 -0.963 0 0 0
-1.213 1.713 -1.012 0 0 0
-7.463 13.113 7.688 0 0 0
2.663 -7.812 5.588 0 0 0
-9.888 5.888 7.713 0 0 0
-3.838 -0.763 -1.012 0 0 0
-0.812 1.488 0.013 0 0 0
-2.337 -1.588 -1.062 0 0 0
-2.212 -2.038 -0.938 0 0 0
-3.363 -0.613 0.188 0 0 0
-6.838 -0.788 8.613 0 0 0
-3.263 -0.463 -0.188 0 0 0
-2.488 -0.213 -0.288 0 0 0
3.913 -2.888 1.413 0 0 0
-1.562 -0.163 -1.812 0 0 0
3.913 -3.463 1.812 0 0 0
-4.163 1.888 -0.763 0 0 0
0.338 -0.338 -0.312 0 0 0
-1.238 1.488 0.013 0 0 0
-4.338 -8.912 0.013 0 0 0
-3.263 -0.163 0.062 0 0 0
-11.238 1.062 9.338 0 0 0
-1.638 6.062 7.438 0 0 0
4.013 -10.488 0.013 0 0 0
-5.738 5.738 8.037 0 0 0
-2.337 0.088 0.613 0 0 0
-5.538 7.913 6.488 0 0 0
4.038 4.013 3.363 0 0 0
3.913 4.112 5.788 0 0 0
-4.838 -9.113 0.013 0 0 0
-1.638 -2.638 -0.888 0 0 0
-11.438 1.038 9.188 0 0 0
-20.588 5.238 7.263 0 0 0
0.513 -0.163 -1.688 0 0 0
-1.638 -0.738 -1.012 0 0 0
0.163 0.537 0.488 0 0 0
-2.212 -0.138 -1.663 0 0 0
-3.062 -0.188 -2.212 0 0 0
-2.062 -0.238 -2.562 0 0 0
0.688 -0.638 -0.763 0 0 0
-17.663 1.088 8.912 0 0 0
-1.763 0.038 0.263 0 0 0
-0.513 0.863 0.713 0 0 0
-2.062 -0.763 -1.012 0 0 0
-7.062 7.138 8.513 0 0 0
-0.537 0.888 0.613 0 0 0
-4.838 -14.913 0.013 0 0 0
0.888 0.738 0.413 0 0 0
-10.588 1.738 16.188 0 0 0
-6.038 1.788 17.413 0 0 0
-7.562 -9.363 0.013 0 0 0
-5.888 1.738 16.913 0 0 0
-2.062 1.188 0.013 0 0 0
-2.337 0.138 1.163 0 0 0
0.738 2.388 0.013 0 0 0
-0.888 -1.263 -0.438 0 0 0
-0.638 -0.213 -2.363 0 0 0
0.038 0.438 0.238 0 0 0
-0.338 0.062 0.463 0 0 0
-4.463 -17.887 0.013 0 0 0
-0.062 -0.312 -0.138 0 0 0
3.988 2.938 3.238 0 0 0
-16.188 -11.338 0.013 0 0 0
3.838 -3.588 2.588 0 0 0
3.963 -4.513 1.463 0 0 0
-2.062 0.038 0.138 0 0 0
3.812 -1.688 0.938 0 0 0
3.938 -2.138 1.062 0 0 0
3.938 -3.163 1.038 0 0 0
0.413 0.638 -0.238 0 0 0
3.388 -0.513 6.438 0 0 0
-3.088 -2.413 -0.913 0 0 0
0.863 -0.713 -1.012 0 0 0
-2.763 -0.062 -0.913 0 0 0
1.263 -0.788 9.287 0 0 0
0.913 0.713 -0.088 0 0 0
-1.688 -0.788 -1.113 0 0 0
-12.988 12.213 9.287 0 0 0
-1.062 -0.213 -2.363 0 0 0
0.613 0.388 -0.113 0 0 0
-12.388 5.812 7.513 0 0 0
-22.363 -6.838 0.013 0 0 0
-8.238 -7.363 1.913 0 0 0
0.138 -0.738 -1.012 0 0 0
0.388 -0.038 -0.388 0 0 0
0.363 -0.888 -1.012 0 0 0
-3.312 0.413 0.113 0 0 0
-3.188 -0.062 -0.913 0 0 0
0.038 0.038 0.363 0 0 0
-5.438 -7.513 4.763 0 0 0
3.938 -1.963 1.463 0 0 0
-2.913 1.188 0.013 0 0 0
0.888 0.463 -0.213 0 0 0
-1.863 11.588 8.888 0 0 0
-3.013 0.312 -0.138 0 0 0
-3.988 -0.863 -0.713 0 0 0
0.013 3.838 0.013 0 0 0
0.963 -0.088 -0.738 0 0 0
-1.088 1.513 -1.062 0 0 0
-0.062 7.638 6.312 0 0 0
-0.062 -0.888 -1.012 0 0 0
-1.562 -7.713 5.188 0 0 0
0.562 -0.388 -0.213 0 0 0
0.638 0.963 0.413 0 0 0
-7.913 -10.888 0.013 0 0 0
-2.337 -0.863 0.013 0 0 0
-3.913 2.812 -0.938 0 0 0
-1.463 3.038 -0.963 0 0 0
-1.613 -0.138 -1.613 0 0 0
-16.688 -10.038 0.013 0 0 0
-5.138 7.788 7.613 0 0 0
4.213 3.013 3.788 0 0 0
0.312 0.688 0.013 0 0 0
1.213 -7.463 6.213 0 0 0
0.363 -0.413 -0.363 0 0 0
-2.438 6.388 8.513 0 0 0
-0.488 -0.888 -1.012 0 0 0
-0.537 0.113 1.012 0 0 0
-1.388 -1.413 -1.088 0 0 0
0.938 -0.763 -0.963 0 0 0
-3.163 1.288 0.013 0 0 0
-1.613 -0.838 -1.062 0 0 0
-0.188 -0.138 -1.413 0 0 0
-5.838 1.738 16.812 0 0 0
0.312 1.438 0.013 0 0 0
-2.913 4.013 0.288 0 0 0
-3.263 -1.062 0.013 0 0 0
-3.913 6.913 7.812 0 0 0
3.788 -1.913 -0.312 0 0 0
3.438 0.688 7.363 0 0 0
-0.338 1.588 0.013 0 0 0
0.013 -7.663 3.738 0 0 0
-1.288 -1.088 -1.062 0 0 0
-3.188 1.038 -0.113 0 0 0
-1.312 -0.238 -2.463 0 0 0
-4.013 16.338 6.263 0 0 0
-2.638 1.338 0.013 0 0 0
-1.963 -0.013 -0.312 0 0 0
-0.113 1.438 0.013 0 0 0
0.838 0.038 0.562 0 0 0
-3.263 3.613 -0.388 0 0 0
-3.312 0.788 0.388 0 0 0
-1.113 -1.312 -1.038 0 0 0
0.213 -0.763 -1.012 0 0 0
0.288 0.763 -0.213 0 0 0
-3.363 -0.163 -0.113 0 0 0
-3.138 -2.212 0.013 0 0 0
-2.513 -0.738 -0.988 0 0 0
-1.713 -1.088 -1.062 0 0 0
-0.038 -0.138 -1.363 0 0 0
-11.688 -11.288 0.013 0 0 0
-0.888 -0.188 -1.913 0 0 0
-0.288 -0.963 -1.012 0 0 0
-3.138 -0.062 -1.012 0 0 0
-15.488 1.088 9.213 0 0 0
-0.588 0.088 0.913 0 0 0
0.288 0.488 0.438 0 0 0
-8.738 -10.413 0.013 0 0 0
-2.938 -0.213 -2.538 0 0 0
0.613 -1.137 -0.988 0 0 0
-0.213 -0.763 -1.012 0 0 0
-14.863 8.513 7.463 0 0 0
0.638 0.913 0.588 0 0 0
0.788 0.863 0.088 0 0 0
-0.438 1.338 0.013 0 0 0
3.938 5.538 0.738 0 0 0
-0.263 -0.213 -0.238 0 0 0
-10.738 -7.238 1.838 0 0 0
0.888 0.588 0.363 0 0 0
-3.488 1.338 0.013 0 0 0
-3.338 1.312 0.663 0 0 0
-13.088 1.738 16.012 0 0 0
-2.438 -1.413 -1.088 0 0 0
-0.788 -9.113 0.013 0 0 0
-3.288 0.213 0.288 0 0 0
-11.463 -10.688 0.013 0 0 0
2.963 1.062 11.088 0 0 0
4.188 3.863 4.188 0 0 0
-2.513 -0.263 -0.338 0 0 0
-0.638 -0.763 -1.012 0 0 0
3.312 0.812 8.662 0 0 0
-2.763 -0.088 -1.113 0 0 0
-0.863 1.338 0.013 0 0 0
0.113 0.038 0.438 0 0 0
4.213 5.938 5.763 0 0 0
-2.562 -0.238 -2.638 0 0 0
-9.638 8.188 6.038 0 0 0
-3.913 1.338 0.013 0 0 0
-0.638 1.188 0.013 0 0 0
3.913 -2.087 1.913 0 0 0
-0.963 -1.613 -1.012 0 0 0
0.263 -1.213 -1.088 0 0 0
1.113 -0.213 -2.062 0 0 0
-3.338 1.488 1.062 0 0 0
-5.488 7.938 7.788 0 0 0
0.338 -0.413 -0.338 0 0 0
-6.138 -0.788 8.638 0 0 0
3.838 -4.013 2.438 0 0 0
-3.413 0.113 0.038 0 0 0
-3.812 1.238 0.013 0 0 0
-1.288 1.338 0.013 0 0 0
-2.713 0.613 -0.312 0 0 0
0.088 5.863 7.888 0 0 0
0.163 0.588 0.312 0 0 0
3.888 -2.337 1.513 0 0 0
-3.113 0.138 0.038 0 0 0
-1.062 1.188 0.013 0 0 0
-11.163 8.213 6.088 0 0 0
3.888 -3.938 1.888 0 0 0
-9.562 1.738 16.438 0 0 0
-6.238 7.188 6.963 0 0 0
0.438 -0.138 -1.463 0 0 0
-1.413 -0.138 -1.663 0 0 0
-1.513 2.238 0.013 0 0 0
-0.613 -7.538 5.163 0 0 0
-5.038 5.763 8.062 0 0 0
-18.588 1.062 8.588 0 0 0
-12.488 5.988 7.738 0 0 0
3.713 7.163 7.812 0 0 0
0.613 -0.312 -0.288 0 0 0
0.938 0.413 -0.138 0 0 0
0.013 -0.138 -1.463 0 0 0
-1.838 -0.138 -1.663 0 0 0
0.913 1.338 0.013 0 0 0
0.838 -0.463 -0.288 0 0 0
-0.363 0.138 0.188 0 0 0
-0.088 -0.238 0.062 0 0 0
-2.713 -0.113 -1.438 0 0 0
-19.163 5.438 6.538 0 0 0
-16.363 1.638 14.588 0 0 0
-9.312 7.013 8.388 0 0 0
-1.463 -1.338 -1.038 0 0 0
-3.363 5.863 8.138 0 0 0
-3.413 0.213 1.738 0 0 0
3.763 -6.013 3.062 0 0 0
4.163 -7.513 0.013 0 0 0
-2.038 1.238 0.013 0 0 0
-0.613 0.088 0.938 0 0 0
-0.788 -7.562 5.188 0 0 0
0.413 -0.463 -0.288 0 0 0
-8.588 -0.588 6.138 0 0 0
3.913 6.688 0.913 0 0 0
-3.312 0.463 -0.062 0 0 0
0.388 -0.163 -1.562 0 0 0
-2.138 -0.138 -1.788 0 0 0
-5.588 1.738 17.038 0 0 0
0.562 -7.738 5.388 0 0 0
0.763 1.263 -1.012 0 0 0
-2.263 -0.213 -0.363 0 0 0
3.938 -3.938 1.562 0 0 0
-0.413 0.088 0.088 0 0 0
-7.388 -11.388 0.013 0 0 0
-3.288 3.113 0.588 0 0 0
-0.713 -0.138 -1.588 0 0 0
-1.388 -0.788 -0.988 0 0 0
3.013 6.988 8.213 0 0 0
3.588 0.463 5.138 0 0 0
0.413 10.988 1.538 0 0 0
-6.088 8.037 5.863 0 0 0
-7.613 -10.488 0.013 0 0 0
0.588 1.388 0.013 0 0 0
-10.562 5.638 7.213 0 0 0
-3.013 -0.088 -1.338 0 0 0
3.812 -2.188 0.038 0 0 0
-3.163 0.312 -0.188 0 0 0
-1.638 2.312 -1.113 0 0 0
-5.463 12.088 7.312 0 0 0
0.913 -0.812 -1.012 0 0 0
0.363 -0.488 -0.388 0 0 0
-3.213 0.838 0.588 0 0 0
-2.538 2.538 0.013 0 0 0
-3.263 3.638 -0.038 0 0 0
-0.688 0.088 0.738 0 0 0
0.312 0.038 0.388 0 0 0
0.113 0.588 0.513 0 0 0
-1.812 -0.788 -0.988 0 0 0
-16.363 1.538 13.613 0 0 0
-2.788 2.138 -0.363 0 0 0
2.312 -7.613 4.463 0 0 0
-0.263 -0.363 -0.288 0 0 0
0.488 0.388 0.013 0 0 0
-5.062 -7.312 4.888 0 0 0
-1.213 -0.363 -3.938 0 0 0
-3.288 -0.138 -1.838 0 0 0
0.913 0.562 0.413 0 0 0
-2.238 -0.613 0.013 0 0 0
3.963 3.163 0.413 0 0 0
0.288 -0.513 0.013 0 0 0
-17.012 7.763 7.562 0 0 0
0.562 0.588 0.013 0 0 0
0.488 -0.812 -1.012 0 0 0
0.738 0.088 0.938 0 0 0
-0.113 0.038 0.388 0 0 0
-3.363 0.213 1.638 0 0 0
-2.212 0.113 0.788 0 0 0
0.913 0.438 0.562 0 0 0
-3.263 -0.263 -0.163 0 0 0
4.038 4.138 5.963 0 0 0
-2.788 1.288 0.013 0 0 0
-1.413 5.812 7.888 0 0 0
-22.088 -6.338 0.013 0 0 0
-14.038 1.088 9.388 0 0 0
4.038 4.438 6.213 0 0 0
0.562 1.338 0.013 0 0 0
-17.512 8.838 6.013 0 0 0
0.438 0.463 -0.238 0 0 0
-24.938 6.038 8.388 0 0 0
0.038 -0.288 -0.138 0 0 0
-0.738 1.438 -1.062 0 0 0
-2.062 -0.163 -1.788 0 0 0
3.938 3.388 0.438 0 0 0
-2.463 0.163 0.163 0 0 0
-1.913 -0.213 -2.288 0 0 0
-0.163 1.288 0.013 0 0 0
-3.288 -0.488 0.113 0 0 0
-8.988 5.788 8.062 0 0 0
-3.913 1.788 -0.288 0 0 0
3.913 -2.663 1.588 0 0 0
-0.013 -0.613 0.013 0 0 0
-8.238 -0.738 8.763 0 0 0
-0.038 -0.613 0.013 0 0 0
0.088 0.537 0.513 0 0 0
-5.188 6.088 7.863 0 0 0
0.163 -0.913 -1.012 0 0 0
-2.388 1.213 0.013 0 0 0
-2.538 5.738 7.988 0 0 0
0.263 0.013 0.288 0 0 0
0.113 0.062 0.788 0 0 0
-2.988 -0.238 -2.688 0 0 0
-0.913 -0.788 -1.088 0 0 0
-14.038 -9.838 0.013 0 0 0
-1.988 0.138 1.188 0 0 0
-25.738 1.188 8.738 0 0 0
-5.538 -10.438 0.013 0 0 0
0.038 -0.413 0.013 0 0 0
-3.363 0.062 0.113 0 0 0
0.188 0.562 0.288 0 0 0
-3.288 0.263 0.113 0 0 0
-0.163 0.588 -0.113 0 0 0
-0.938 -0.888 -1.038 0 0 0
-7.913 -3.538 1.838 0 0 0
0.888 1.963 0.463 0 0 0
-1.562 -0.238 -2.488 0 0 0
-1.338 -0.788 -1.088 0 0 0
-3.188 -1.613 0.013 0 0 0
3.913 4.463 0.588 0 0 0
-19.062 5.963 4.562 0 0 0
0.613 -0.463 -0.338 0 0 0
-2.788 -0.838 -0.088 0 0 0
0.838 0.838 -0.213 0 0 0
-1.538 -1.688 -1.088 0 0 0
-4.413 15.838 7.138 0 0 0
-3.388 0.838 0.013 0 0 0
0.488 -0.738 -0.988 0 0 0
-5.838 -8.988 0.013 0 0 0
-2.288 0.138 1.062 0 0 0
-0.488 -9.312 0.013 0 0 0
0.388 0.438 -0.338 0 0 0
3.663 -7.363 2.888 0 0 0
-1.538 -1.812 -0.938 0 0 0
3.688 7.263 0.463 0 0 0
2.938 -9.088 0.013 0 0 0
-9.088 1.088 10.013 0 0 0
0.163 0.062 0.537 0 0 0
0.963 -0.938 -0.963 0 0 0
0.213 0.838 0.038 0 0 0
-8.912 7.213 7.963 0 0 0
-6.838 8.013 5.888 0 0 0
-3.213 7.013 8.338 0 0 0
-3.363 1.438 0.938 0 0 0
0.288 -0.888 -0.988 0 0 0
-8.988 -9.988 0.013 0 0 0
0.488 1.338 -0.713 0 0 0
-1.812 -1.388 -0.188 0 0 0
0.138 -0.488 0.163 0 0 0
-0.838 -0.838 -1.038 0 0 0
-9.888 8.062 7.038 0 0 0
-1.863 0.113 -1.213 0 0 0
-5.538 8.062 7.363 0 0 0
0.663 -1.663 -1.088 0 0 0
0.463 -0.088 -0.938 0 0 0
-2.238 -0.238 -0.312 0 0 0
-3.363 1.738 0.513 0 0 0
-3.713 -2.312 0.263 0 0 0
-11.363 8.113 6.588 0 0 0
-12.988 1.088 9.338 0 0 0
3.588 0.438 4.938 0 0 0
-1.988 0.038 0.213 0 0 0
0.738 1.913 0.062 0 0 0
-7.188 -7.438 4.588 0 0 0
-2.588 -0.812 -0.988 0 0 0
0.913 0.363 -0.188 0 0 0
3.988 5.363 7.663 0 0 0
-1.188 1.588 0.013 0 0 0
0.863 -0.213 -2.087 0 0 0
-1.913 5.562 7.538 0 0 0
-2.288 0.113 -1.213 0 0 0
0.562 2.288 -0.713 0 0 0
-1.588 -7.488 5.113 0 0 0
-4.088 -0.963 -0.638 0 0 0
0.312 0.013 0.188 0 0 0
-2.838 -1.163 -0.213 0 0 0
-3.312 0.062 0.013 0 0 0
-3.438 1.538 -0.088 0 0 0
-1.012 -9.562 0.013 0 0 0
0.363 0.812 -0.312 0 0 0
-0.113 -0.288 -0.062 0 0 0
-25.312 6.963 8.537 0 0 0
-1.513 1.713 -1.038 0 0 0
-3.338 -1.488 0.013 0 0 0
0.388 0.513 -0.312 0 0 0
-1.113 -0.138 -1.538 0 0 0
-3.463 1.888 -0.213 0 0 0
-9.488 1.713 16.312 0 0 0
4.138 -0.188 -1.413 0 0 0
-25.213 5.963 8.287 0 0 0
0.913 0.413 0.363 0 0 0
-0.438 -0.263 -0.213 0 0 0
0.363 -0.613 -0.288 0 0 0
3.513 0.638 6.888 0 0 0
-3.338 0.288 0.038 0 0 0
-2.538 -0.062 -0.013 0 0 0
-1.513 -0.738 -1.038 0 0 0
3.888 -2.488 2.013 0 0 0
-3.138 0.113 -1.213 0 0 0
-12.763 1.763 16.188 0 0 0
-2.938 -2.038 -0.963 0 0 0
-1.288 -0.888 -1.038 0 0 0
0.263 -0.312 -0.163 0 0 0
-11.838 9.838 1.488 0 0 0
2.688 -7.613 5.312 0 0 0
4.112 -3.713 0.013 0 0 0
-10.888 1.088 9.713 0 0 0
3.963 3.463 4.737 0 0 0
-6.738 5.688 8.113 0 0 0
-3.388 1.263 0.838 0 0 0
3.938 -3.713 1.788 0 0 0
-3.363 0.038 -0.088 0 0 0
-12.763 -7.113 2.062 0 0 0
-18.338 -9.738 0.013 0 0 0
-9.988 12.138 9.263 0 0 0
-10.763 1.088 9.588 0 0 0
-17.312 7.613 7.388 0 0 0
4.138 -4.612 0.013 0 0 0
-0.238 -0.213 0.088 0 0 0
-2.438 9.963 2.788 0 0 0
-7.363 -11.338 0.013 0 0 0
-4.938 6.062 8.088 0 0 0
0.688 -0.163 -1.438 0 0 0
-3.338 1.788 0.713 0 0 0
-2.038 -2.613 -0.888 0 0 0
0.688 -0.738 -1.038 0 0 0
4.188 -5.988 0.013 0 0 0
-2.087 0.138 1.012 0 0 0
-3.312 2.188 0.838 0 0 0
-3.263 -0.513 0.088 0 0 0
-0.788 5.763 8.013 0 0 0
0.913 -0.888 -1.038 0 0 0
-3.213 0.763 0.562 0 0 0
4.263 7.338 0.688 0 0 0
-3.438 1.913 0.188 0 0 0
-3.312 0.738 0.713 0 0 0
0.113 0.513 0.488 0 0 0
0.463 -0.163 -1.688 0 0 0
-0.138 0.562 -0.062 0 0 0
3.988 2.713 3.713 0 0 0
-1.188 -1.263 -0.463 0 0 0
0.888 -0.812 0.013 0 0 0
0.963 -0.638 0.013 0 0 0
4.213 3.613 4.413 0 0 0
-3.713 0.338 2.888 0 0 0
-3.163 0.988 0.463 0 0 0
0.263 -0.738 -1.038 0 0 0
0.913 0.488 0.388 0 0 0
-2.263 -9.113 0.013 0 0 0
-1.763 1.713 0.013 0 0 0
-6.838 -1.812 -0.088 0 0 0
4.013 4.213 5.688 0 0 0
-3.363 0.088 0.463 0 0 0
0.488 -0.888 -1.038 0 0 0
-7.263 1.763 16.963 0 0 0
-3.062 -0.062 -0.938 0 0 0
1.413 -0.788 9.287 0 0 0
-12.438 8.213 6.088 0 0 0
3.963 2.613 3.763 0 0 0
-3.488 -0.763 0.213 0 0 0
-3.163 0.863 0.613 0 0 0
-7.188 -0.763 9.113 0 0 0
-3.888 -1.137 -1.088 0 0 0
-6.488 1.738 16.762 0 0 0
-3.413 0.013 -0.188 0 0 0
-3.288 0.588 -0.013 0 0 0
-0.413 7.538 6.238 0 0 0
4.188 -4.487 0.013 0 0 0
-7.663 -9.138 0.013 0 0 0
-3.688 -1.388 -0.963 0 0 0
-13.338 1.713 15.788 0 0 0
-12.238 -7.213 5.338 0 0 0
-1.863 -2.388 -0.888 0 0 0
0.062 -0.888 -1.038 0 0 0
0.438 0.388 -0.263 0 0 0
-7.863 -10.038 0.013 0 0 0
0.938 3.963 5.288 0 0 0
-1.913 -1.263 -0.513 0 0 0
0.663 0.838 0.013 0 0 0
0.913 3.863 5.413 0 0 0
4.088 2.913 3.888 0 0 0
-3.288 -0.562 0.088 0 0 0
-2.788 4.438 0.138 0 0 0
-1.338 3.038 -0.988 0 0 0
0.913 -0.537 -0.238 0 0 0
-19.488 -8.287 0.013 0 0 0
-25.688 5.763 6.663 0 0 0
0.863 -0.888 0.013 0 0 0
-9.412 13.413 7.913 0 0 0
-3.812 10.388 1.488 0 0 0
-1.863 1.463 0.013 0 0 0
-2.238 -0.388 -0.363 0 0 0
-17.538 -0.763 7.288 0 0 0
0.863 1.263 -1.012 0 0 0
-3.238 6.463 7.913 0 0 0
-1.137 5.812 7.913 0 0 0
4.062 4.963 7.113 0 0 0
-2.888 4.263 -1.163 0 0 0
-3.288 0.188 0.088 0 0 0
-1.763 3.038 -0.988 0 0 0
-2.087 -0.988 0.013 0 0 0
3.238 -7.562 4.362 0 0 0
-10.638 7.213 7.988 0 0 0
-3.113 1.388 -0.438 0 0 0
-7.763 8.138 7.088 0 0 0
-3.488 0.213 1.763 0 0 0
4.188 5.213 6.088 0 0 0
-24.963 -11.113 0.013 0 0 0
4.112 2.913 3.388 0 0 0
3.888 -2.238 1.838 0 0 0
-0.863 -0.763 -1.062 0 0 0
0.938 0.338 -0.213 0 0 0
-5.488 7.863 6.438 0 0 0
-2.212 1.663 0.013 0 0 0
-0.863 0.113 -1.213 0 0 0
-11.438 -11.038 0.013 0 0 0
-5.188 1.012 9.663 0 0 0
0.588 2.263 -0.738 0 0 0
3.863 -4.638 2.738 0 0 0
-2.938 -0.863 -0.138 0 0 0
-2.388 -0.213 -2.562 0 0 0
-5.388 5.888 7.988 0 0 0
-2.288 2.212 0.013 0 0 0
0.238 2.312 0.013 0 0 0
-2.988 -1.238 -1.038 0 0 0
-2.087 0.062 0.263 0 0 0
-1.288 -0.763 -1.062 0 0 0
-15.638 1.613 14.438 0 0 0
-2.913 0.562 0.013 0 0 0
0.062 -0.812 -1.012 0 0 0
0.938 -0.988 -1.088 0 0 0
0.188 -0.238 -0.113 0 0 0
4.013 2.337 3.413 0 0 0
-3.463 -7.288 4.213 0 0 0
-12.188 7.713 7.688 0 0 0
0.388 1.113 -0.363 0 0 0
4.088 4.013 4.688 0 0 0
-6.538 7.988 6.538 0 0 0
0.888 -0.438 -0.312 0 0 0
-3.363 -0.863 -0.138 0 0 0
-5.613 6.188 7.713 0 0 0
-3.138 1.463 0.013 0 0 0
-2.788 -0.038 -0.863 0 0 0
-6.363 -7.312 4.863 0 0 0
4.263 7.812 2.663 0 0 0
0.238 -0.138 0.013 0 0 0
-0.363 -0.812 -1.012 0 0 0
0.537 -1.012 -0.988 0 0 0
0.713 -0.013 0.062 0 0 0
4.088 3.888 4.838 0 0 0
-2.062 0.062 0.438 0 0 0
-0.513 1.463 0.013 0 0 0
-2.663 -0.763 -0.088 0 0 0
3.812 -4.088 2.913 0 0 0
0.263 -7.638 2.988 0 0 0
-14.288 -6.738 4.237 0 0 0
-2.888 -2.062 -0.888 0 0 0
-3.138 2.212 0.013 0 0 0
4.112 5.263 7.038 0 0 0
0.763 0.812 0.713 0 0 0
-14.513 -7.038 3.738 0 0 0
3.938 2.312 3.288 0 0 0
4.013 2.812 4.062 0 0 0
-3.312 6.038 7.838 0 0 0
0.238 0.038 0.413 0 0 0
0.812 -1.338 -0.963 0 0 0
-7.812 5.688 8.138 0 0 0
-2.488 0.062 0.438 0 0 0
-4.013 2.513 -0.663 0 0 0
0.288 0.838 -0.088 0 0 0
0.038 0.062 0.663 0 0 0
3.913 -4.213 2.513 0 0 0
0.913 0.463 0.188 0 0 0
-6.713 1.088 10.263 0 0 0
-0.363 -0.338 -0.363 0 0 0
0.863 -0.513 -0.312 0 0 0
-0.613 -0.738 -1.012 0 0 0
0.488 0.113 -1.213 0 0 0
-5.988 -9.238 0.013 0 0 0
-3.312 1.713 -1.137 0 0 0
0.788 -0.388 -0.062 0 0 0
-6.713 15.713 7.062 0 0 0
-0.188 0.038 0.413 0 0 0
-3.438 0.213 1.663 0 0 0
3.088 5.963 8.263 0 0 0
-3.638 2.638 0.238 0 0 0
-3.488 -10.688 0.013 0 0 0
0.388 -1.338 -0.963 0 0 0
-5.088 5.988 8.013 0 0 0
-18.863 9.537 1.388 0 0 0
-2.688 0.763 -0.463 0 0 0
-2.888 -0.562 -0.213 0 0 0
0.913 0.338 0.338 0 0 0
0.713 0.888 0.463 0 0 0
3.763 -2.163 0.713 0 0 0
0.363 -0.688 -0.312 0 0 0
0.913 0.638 0.588 0 0 0
-5.238 6.788 7.763 0 0 0
0.363 -0.388 -0.062 0 0 0
3.812 4.362 6.138 0 0 0
4.312 7.038 1.413 0 0 0
-6.638 -7.288 5.663 0 0 0
-13.413 14.663 6.638 0 0 0
-4.487 1.038 9.963 0 0 0
-0.838 1.513 0.013 0 0 0
0.062 0.463 0.188 0 0 0
-1.413 -2.388 -0.913 0 0 0
1.163 -7.763 3.038 0 0 0
-3.438 -1.438 -1.137 0 0 0
4.088 2.763 3.838 0 0 0
-0.738 8.037 7.463 0 0 0
-5.562 1.012 9.562 0 0 0
-9.488 -7.312 3.463 0 0 0
-6.513 -2.363 0.288 0 0 0
-3.338 0.688 0.663 0 0 0
-2.188 -0.312 -0.438 0 0 0
3.888 -2.562 1.388 0 0 0
-9.388 1.062 9.638 0 0 0
-0.838 2.263 0.013 0 0 0
-3.312 2.113 0.812 0 0 0
-2.413 6.388 8.312 0 0 0
-2.337 0.088 0.713 0 0 0
4.013 -0.188 -1.288 0 0 0
-0.338 0.163 0.188 0 0 0
0.537 -0.463 -0.312 0 0 0
-1.438 -1.312 -1.038 0 0 0
4.288 3.888 5.388 0 0 0
-2.438 -2.163 -0.938 0 0 0
-5.138 7.238 7.038 0 0 0
0.363 0.537 0.338 0 0 0
-3.338 1.438 0.663 0 0 0
-3.963 8.113 5.913 0 0 0
-10.538 10.088 1.513 0 0 0
-5.812 12.238 7.388 0 0 0
0.163 0.537 0.588 0 0 0
-8.338 5.438 7.538 0 0 0
-0.963 -7.388 6.038 0 0 0
-0.537 0.888 0.713 0 0 0
-3.488 -0.838 0.188 0 0 0
3.812 -3.363 -0.638 0 0 0
0.513 -0.238 -0.288 0 0 0
-1.488 3.163 0.013 0 0 0
-4.388 8.113 5.913 0 0 0
-2.638 0.088 0.588 0 0 0
-8.888 -7.138 5.438 0 0 0
-1.888 -1.238 0.013 0 0 0
-3.413 -0.638 0.188 0 0 0
-1.363 1.263 0.013 0 0 0
-3.338 6.062 7.863 0 0 0
-0.838 0.088 -1.238 0 0 0
-1.863 0.062 0.388 0 0 0
3.863 -0.463 5.513 0 0 0
-17.088 6.013 8.287 0 0 0
-1.438 -1.263 -0.488 0 0 0
-3.213 0.988 0.188 0 0 0
0.513 0.113 1.113 0 0 0
-4.237 -15.838 0.013 0 0 0
3.738 -1.888 1.038 0 0 0
0.688 1.438 -0.388 0 0 0
0.763 1.938 0.388 0 0 0
-2.163 -1.738 -0.913 0 0 0
3.812 -1.688 1.038 0 0 0
-7.263 -7.263 4.788 0 0 0
-2.312 -1.238 0.013 0 0 0
0.863 0.788 0.363 0 0 0
3.988 -3.213 1.938 0 0 0
-1.788 1.263 0.013 0 0 0
0.913 0.713 0.013 0 0 0
0.238 -0.288 -0.038 0 0 0
4.138 3.062 3.763 0 0 0
-3.438 0.163 1.238 0 0 0
-3.763 2.738 -0.738 0 0 0
-2.288 0.062 0.388 0 0 0
0.163 5.913 7.788 0 0 0
4.163 4.362 4.138 0 0 0
4.237 -8.688 0.013 0 0 0
-18.713 -9.113 0.013 0 0 0
4.013 4.487 6.463 0 0 0
-4.612 7.338 7.588 0 0 0
-2.863 -0.338 -0.288 0 0 0
4.188 4.638 4.487 0 0 0
0.838 1.263 0.013 0 0 0
0.113 0.763 -0.413 0 0 0
-3.388 0.238 0.213 0 0 0
-2.062 2.638 -1.038 0 0 0
-1.663 -0.788 9.263 0 0 0
-2.788 -0.213 -2.588 0 0 0
-2.312 -0.488 0.013 0 0 0
-1.663 3.413 -1.137 0 0 0
0.038 0.038 0.463 0 0 0
-0.263 5.913 7.788 0 0 0
-12.713 6.988 7.738 0 0 0
-0.288 -0.138 -0.163 0 0 0
-0.338 0.113 1.113 0 0 0
0.963 1.513 -1.012 0 0 0
-6.338 0.988 9.338 0 0 0
-2.113 1.163 0.013 0 0 0
0.413 1.263 0.013 0 0 0
-3.363 -0.238 -0.013 0 0 0
0.588 -0.288 -0.238 0 0 0
1.163 -0.238 -2.163 0 0 0
-0.688 -0.238 -2.363 0 0 0
-0.688 1.263 -1.088 0 0 0
0.938 0.562 0.013 0 0 0
3.888 -1.613 0.663 0 0 0
-8.162 7.463 7.562 0 0 0
0.812 0.463 0.013 0 0 0
4.188 3.613 3.113 0 0 0
0.238 -0.138 -1.312 0 0 0
-3.113 2.763 -0.938 0 0 0
-4.663 -10.988 0.013 0 0 0
0.738 -0.638 -0.763 0 0 0
-2.138 0.038 0.038 0 0 0
0.713 1.463 0.013 0 0 0
-3.438 2.212 -0.163 0 0 0
0.113 -1.713 -1.163 0 0 0
-0.263 -0.188 -1.812 0 0 0
-2.438 -0.288 0.013 0 0 0
1.538 -7.688 3.788 0 0 0
-9.312 -7.413 3.538 0 0 0
0.312 0.562 0.263 0 0 0
-12.688 1.113 9.812 0 0 0
2.763 5.838 8.062 0 0 0
0.062 0.738 -0.513 0 0 0
-15.788 1.188 10.163 0 0 0
-2.288 -2.388 -0.888 0 0 0
0.288 1.463 0.013 0 0 0
-5.113 -9.213 0.013 0 0 0
-2.838 -0.788 -1.137 0 0 0
0.113 0.537 0.113 0 0 0
-0.838 -1.263 -0.438 0 0 0
-4.112 -1.088 -0.713 0 0 0
0.562 4.013 4.263 0 0 0
0.488 -0.537 -0.238 0 0 0
0.163 1.363 0.013 0 0 0
0.263 -0.088 0.013 0 0 0
-0.013 0.463 0.013 0 0 0
-17.613 -0.788 7.688 0 0 0
0.088 0.013 0.138 0 0 0
-3.312 0.488 0.238 0 0 0
-0.812 -2.038 -0.938 0 0 0
0.838 -0.888 -1.012 0 0 0
-10.838 -7.263 3.363 0 0 0
-3.438 1.812 -0.038 0 0 0
-3.788 9.938 2.663 0 0 0
-16.713 -11.713 0.013 0 0 0
-3.263 -0.312 0.113 0 0 0
-0.263 -1.263 -0.388 0 0 0
-8.537 -11.312 0.013 0 0 0
-5.413 -11.113 0.013 0 0 0
4.163 4.513 6.213 0 0 0
-0.363 -0.413 -0.388 0 0 0
3.913 -4.863 2.888 0 0 0
-2.463 -0.338 0.013 0 0 0
-9.988 6.938 7.888 0 0 0
4.062 5.788 5.213 0 0 0
0.413 -0.888 -1.012 0 0 0
-3.288 1.062 0.013 0 0 0
-10.863 -9.763 0.013 0 0 0
-2.087 -0.163 -1.888 0 0 0
-1.638 -0.888 -0.963 0 0 0
0.188 1.213 0.013 0 0 0
-2.688 -9.363 0.013 0 0 0
0.363 0.688 -0.213 0 0 0
-22.613 3.788 4.138 0 0 0
-3.388 -1.288 0.013 0 0 0
-1.738 -0.738 -1.088 0 0 0
-8.537 -10.562 0.013 0 0 0
0.788 0.863 0.188 0 0 0
-3.413 16.163 6.938 0 0 0
-1.613 -0.238 -2.488 0 0 0
0.163 -0.338 0.013 0 0 0
-1.812 3.438 -0.988 0 0 0
0.413 0.488 0.413 0 0 0
-14.763 -7.838 0.888 0 0 0
-1.038 1.513 -1.062 0 0 0
-1.863 0.038 0.188 0 0 0
-2.438 9.963 8.888 0 0 0
0.888 0.588 0.463 0 0 0
0.188 0.513 0.562 0 0 0
-2.513 -0.163 -1.888 0 0 0
0.163 -0.463 0.163 0 0 0
-0.688 8.013 6.938 0 0 0
-0.438 0.188 0.238 0 0 0
-18.887 5.588 6.763 0 0 0
-2.163 -0.738 -1.088 0 0 0
-3.388 -10.438 0.013 0 0 0
-18.637 5.438 7.538 0 0 0
-0.388 0.113 -0.113 0 0 0
-2.863 -1.838 -1.012 0 0 0
-3.288 -0.113 -1.538 0 0 0
-2.713 -0.138 -0.213 0 0 0
-2.363 1.713 -1.088 0 0 0
-8.562 -11.363 0.013 0 0 0
-0.038 -0.488 0.013 0 0 0
0.537 -1.288 -0.338 0 0 0
-0.513 -0.763 -1.038 0 0 0
-1.338 -1.413 -1.088 0 0 0
-3.312 0.088 -0.238 0 0 0
-3.188 -2.238 0.013 0 0 0
2.288 -7.488 6.288 0 0 0
-0.663 1.213 0.013 0 0 0
-3.213 -0.463 0.013 0 0 0
-2.188 -0.388 -0.463 0 0 0
-8.787 -10.463 0.013 0 0 0
0.963 0.213 0.338 0 0 0
-3.463 -1.738 -0.888 0 0 0
0.463 -1.338 -1.088 0 0 0
-7.062 -7.463 1.388 0 0 0
-3.562 0.213 1.788 0 0 0
-3.413 0.163 1.288 0 0 0
-3.213 0.288 0.013 0 0 0
-2.812 1.638 -0.488 0 0 0
-7.038 15.688 7.038 0 0 0
-1.238 -1.088 -1.062 0 0 0
-2.413 -0.062 -0.062 0 0 0
-8.363 5.513 7.263 0 0 0
0.888 -0.363 -3.488 0 0 0
-1.963 2.062 -1.062 0 0 0
-3.388 1.413 0.438 0 0 0
4.062 4.138 5.763 0 0 0
-3.213 0.163 0.163 0 0 0
-1.363 -0.763 -1.038 0 0 0
-0.288 0.013 0.038 0 0 0
-7.038 7.413 7.562 0 0 0
0.938 0.413 -0.038 0 0 0
0.938 0.413 -0.013 0 0 0
-1.812 7.938 5.763 0 0 0
3.812 7.388 1.012 0 0 0
-5.312 -7.363 4.938 0 0 0
-10.312 1.088 9.863 0 0 0
-8.812 6.038 8.138 0 0 0
-3.438 0.163 -0.088 0 0 0
-3.062 2.438 -0.438 0 0 0
0.812 -0.163 -1.463 0 0 0
0.963 -1.088 -1.062 0 0 0
0.838 0.863 0.088 0 0 0
0.938 0.288 0.113 0 0 0
-3.438 2.062 -0.213 0 0 0
4.188 3.812 4.463 0 0 0
1.188 -0.238 -2.188 0 0 0
-3.338 0.062 -0.088 0 0 0
4.138 -4.288 0.013 0 0 0
-3.538 -10.312 0.013 0 0 0
-1.488 1.663 0.013 0 0 0
-0.638 0.113 0.938 0 0 0
0.238 0.513 0.463 0 0 0
3.938 -3.812 1.513 0 0 0
-2.488 0.088 0.062 0 0 0
-10.263 5.963 7.938 0 0 0
-6.263 -11.312 0.013 0 0 0
-2.087 -0.763 -1.088 0 0 0
-2.163 -0.488 -0.663 0 0 0
-0.288 -0.138 -1.488 0 0 0
3.288 6.013 8.037 0 0 0
4.213 -7.288 0.013 0 0 0
0.537 -1.088 -1.062 0 0 0
0.038 0.537 0.713 0 0 0
4.188 3.938 3.713 0 0 0
-6.588 -15.513 0.013 0 0 0
-4.388 -17.613 0.013 0 0 0
-0.463 1.738 -0.988 0 0 0
-3.338 0.238 0.312 0 0 0
-3.113 12.538 7.238 0 0 0
0.562 -0.338 -0.288 0 0 0
-9.613 -9.263 0.013 0 0 0
-0.713 -0.138 -1.488 0 0 0
0.413 0.113 -1.188 0 0 0
0.113 -1.088 -1.062 0 0 0
-2.812 -0.062 -1.088 0 0 0
0.363 -0.213 -0.263 0 0 0
0.388 0.638 -0.312 0 0 0
-0.288 0.088 0.062 0 0 0
-4.388 -10.312 0.013 0 0 0
-3.663 7.888 7.238 0 0 0
2.863 5.888 8.188 0 0 0
-3.312 0.513 0.588 0 0 0
-18.863 5.263 7.088 0 0 0
-10.288 1.788 16.963 0 0 0
3.963 -0.263 3.088 0 0 0
-1.137 -0.138 -1.488 0 0 0
4.213 -5.788 0.013 0 0 0
-1.838 -0.238 -2.538 0 0 0
3.863 -2.288 -0.888 0 0 0
0.363 -0.488 -0.288 0 0 0
-0.688 0.088 0.838 0 0 0
-4.062 -10.562 0.013 0 0 0
-0.338 -0.163 -1.588 0 0 0
-3.263 0.013 -0.013 0 0 0
-3.263 0.013 -0.038 0 0 0
-5.988 11.463 6.888 0 0 0
-1.438 -0.138 -1.538 0 0 0
-3.413 0.988 0.713 0 0 0
-3.163 0.188 0.062 0 0 0
0.913 0.562 0.513 0 0 0
0.238 0.588 0.488 0 0 0
-1.988 -9.412 0.013 0 0 0
-3.188 0.213 -0.013 0 0 0
-0.113 0.613 0.088 0 0 0
-2.888 -1.788 -0.163 0 0 0
-0.062 0.537 -0.263 0 0 0
-0.113 0.038 0.488 0 0 0
-3.638 1.812 -1.113 0 0 0
3.812 -9.438 0.013 0 0 0
-18.913 5.963 7.588 0 0 0
-10.438 5.812 7.588 0 0 0
-4.487 -10.562 0.013 0 0 0
-13.638 -9.213 0.013 0 0 0
0.763 0.463 0.013 0 0 0
-1.613 7.963 7.738 0 0 0
-10.463 1.113 10.013 0 0 0
3.788 -1.988 -0.238 0 0 0
1.088 -0.138 -1.388 0 0 0
0.013 0.038 0.363 0 0 0
-1.838 0.038 0.163 0 0 0
-0.413 0.163 0.213 0 0 0
2.288 -7.538 4.413 0 0 0
-2.463 -1.338 -1.012 0 0 0
-3.263 -0.388 0.088 0 0 0
-13.088 -10.963 0.013 0 0 0
-0.088 0.588 -0.413 0 0 0
0.363 -7.863 4.362 0 0 0
-3.238 0.913 0.463 0 0 0
0.638 0.338 -0.238 0 0 0
-3.288 -0.088 -1.188 0 0 0
-1.713 -1.163 -0.988 0 0 0
-2.263 0.038 0.163 0 0 0
0.438 0.338 0.013 0 0 0
-12.188 12.763 9.713 0 0 0
-3.288 -0.013 -0.013 0 0 0
-3.288 -0.038 -0.013 0 0 0
-15.738 1.638 14.562 0 0 0
-2.513 0.113 0.763 0 0 0
4.038 2.388 0.288 0 0 0
-4.763 5.838 8.263 0 0 0
-2.288 -0.663 0.013 0 0 0
0.888 0.638 0.288 0 0 0
-2.763 -1.788 -0.888 0 0 0
-3.338 1.363 0.588 0 0 0
-13.788 5.812 7.463 0 0 0
0.238 0.062 0.763 0 0 0
-10.388 -10.763 0.013 0 0 0
0.438 -0.238 -0.263 0 0 0
0.138 9.888 2.963 0 0 0
-4.588 7.038 7.738 0 0 0
4.163 5.638 6.613 0 0 0
-5.688 6.338 7.713 0 0 0
-19.263 4.062 5.038 0 0 0
2.988 10.263 1.413 0 0 0
-2.263 11.213 7.363 0 0 0
2.413 7.688 6.388 0 0 0
-13.188 5.763 7.888 0 0 0
0.463 -0.138 -1.388 0 0 0
3.863 3.538 1.338 0 0 0
4.038 -3.988 0.688 0 0 0
-1.438 -0.238 -2.513 0 0 0
3.888 -0.213 -1.638 0 0 0
-0.088 -0.138 -1.538 0 0 0
-1.938 -0.138 -1.738 0 0 0
-3.413 -0.713 0.113 0 0 0
0.963 0.263 0.163 0 0 0
4.088 3.963 5.562 0 0 0
0.763 1.812 -0.838 0 0 0
-3.363 0.113 0.763 0 0 0
-11.513 8.037 7.188 0 0 0
3.913 -2.163 1.988 0 0 0
-0.713 5.812 8.062 0 0 0
0.163 0.062 0.638 0 0 0
1.012 -7.538 4.413 0 0 0
4.438 6.062 7.913 0 0 0
-5.538 -9.213 0.013 0 0 0
-2.913 2.538 0.013 0 0 0
-12.163 6.338 8.463 0 0 0
0.338 0.838 0.013 0 0 0
0.138 0.537 0.288 0 0 0
-0.713 -0.163 -1.688 0 0 0
-0.338 5.913 7.812 0 0 0
-1.238 -2.038 -0.938 0 0 0
-3.088 -0.188 -2.413 0 0 0
-5.038 10.263 1.488 0 0 0
-2.163 -0.338 -0.463 0 0 0
1.913 5.838 8.062 0 0 0
-2.388 -0.163 0.013 0 0 0
-1.788 0.038 0.062 0 0 0
-13.838 1.038 8.888 0 0 0
-3.013 1.538 0.013 0 0 0
-3.088 -1.738 -0.888 0 0 0
1.113 -0.062 -0.438 0 0 0
0.062 0.513 0.688 0 0 0
4.112 4.413 5.488 0 0 0
-25.588 -12.488 0.013 0 0 0
-4.138 -0.763 -1.163 0 0 0
0.338 1.588 0.013 0 0 0
3.863 5.088 7.113 0 0 0
0.013 -0.613 0.013 0 0 0
-9.037 -10.763 0.013 0 0 0
-3.238 -0.913 0.013 0 0 0
0.613 -0.388 -0.213 0 0 0
3.688 -5.738 2.263 0 0 0
3.588 6.963 8.162 0 0 0
-18.913 5.188 7.388 0 0 0
0.088 0.613 0.038 0 0 0
-3.438 1.538 0.013 0 0 0
3.888 -3.538 1.863 0 0 0
-9.537 -10.963 0.013 0 0 0
-0.113 -0.288 0.038 0 0 0
-1.513 0.113 -1.312 0 0 0
0.238 -0.938 -0.988 0 0 0
-0.663 -0.738 -1.012 0 0 0
-3.488 0.238 2.062 0 0 0
-2.312 -1.012 -1.088 0 0 0
3.913 -3.738 1.238 0 0 0
0.213 0.038 0.312 0 0 0
-1.788 0.088 0.613 0 0 0
-3.263 -0.138 -0.088 0 0 0
-11.988 1.088 9.638 0 0 0
-14.013 15.363 6.613 0 0 0
-2.212 2.087 -1.088 0 0 0
0.913 0.413 0.463 0 0 0
4.163 4.013 3.438 0 0 0
-11.062 6.213 8.263 0 0 0
0.863 0.062 0.713 0 0 0
0.013 0.013 0.163 0 0 0
-3.338 -1.213 -1.137 0 0 0
-1.838 0.013 -0.038 0 0 0
-3.463 0.738 0.013 0 0 0
-0.013 0.513 -0.213 0 0 0
0.688 1.888 0.062 0 0 0
-3.763 1.438 0.013 0 0 0
-11.488 5.913 8.013 0 0 0
-0.213 0.038 0.312 0 0 0
-3.312 0.688 0.263 0 0 0
-10.588 1.788 16.788 0 0 0
0.588 1.137 -0.312 0 0 0
-3.538 1.288 0.013 0 0 0
2.788 5.738 8.013 0 0 0
-3.738 16.188 6.938 0 0 0
-2.263 0.013 -0.038 0 0 0
-10.288 5.638 7.788 0 0 0
-3.312 0.562 0.413 0 0 0
-2.513 0.088 0.562 0 0 0
0.763 0.088 1.012 0 0 0
3.913 -3.688 1.788 0 0 0
-3.338 0.463 0.537 0 0 0
-9.562 -11.013 0.013 0 0 0
-6.163 1.012 9.412 0 0 0
-7.188 -7.538 3.713 0 0 0
-0.713 1.588 0.013 0 0 0
-2.138 0.013 -0.163 0 0 0
-3.963 1.288 0.013 0 0 0
-0.513 -1.038 -0.988 0 0 0
-0.163 5.638 8.013 0 0 0
-6.812 -10.913 0.013 0 0 0
-0.363 -0.488 -0.463 0 0 0
0.013 0.062 0.713 0 0 0
-3.238 -0.188 -2.263 0 0 0
-3.638 -0.913 -1.012 0 0 0
-4.038 6.013 7.988 0 0 0
3.588 -0.363 4.612 0 0 0
-2.613 7.163 8.062 0 0 0
-7.062 8.013 6.538 0 0 0
-11.038 1.038 9.188 0 0 0
-2.812 0.038 -0.713 0 0 0
-3.238 0.788 0.562 0 0 0
-2.888 -0.713 -0.312 0 0 0
-1.137 0.088 -1.263 0 0 0
-1.137 1.588 0.013 0 0 0
4.088 -8.763 0.013 0 0 0
-2.238 -0.738 -1.062 0 0 0
0.613 -1.638 -1.062 0 0 0
1.062 -0.488 -0.263 0 0 0
-3.588 2.713 0.038 0 0 0
0.913 0.488 0.488 0 0 0
-3.513 0.188 1.463 0 0 0
0.888 0.513 0.388 0 0 0
0.588 1.888 -0.913 0 0 0
-2.488 -0.238 -0.438 0 0 0
-3.438 0.238 1.963 0 0 0
-2.263 -1.863 -1.038 0 0 0
-3.663 6.838 7.738 0 0 0
-25.463 1.113 8.162 0 0 0
0.188 -1.638 -1.062 0 0 0
0.638 -0.488 -0.263 0 0 0
-2.938 -0.062 -0.963 0 0 0
2.463 -7.562 4.438 0 0 0
-18.713 5.613 7.963 0 0 0
-0.963 -1.838 -0.988 0 0 0
-3.338 -2.863 -0.588 0 0 0
-9.788 5.763 7.963 0 0 0
-8.113 5.838 8.088 0 0 0
4.163 -4.463 0.013 0 0 0
-1.488 -1.263 -0.488 0 0 0
-10.188 7.863 7.088 0 0 0
-1.238 -0.213 -2.413 0 0 0
4.163 2.812 3.738 0 0 0
-3.288 -0.562 0.188 0 0 0
4.138 2.838 3.638 0 0 0
-2.938 5.913 8.188 0 0 0
3.888 -6.163 2.938 0 0 0
0.812 -0.388 -0.263 0 0 0
-0.738 -7.763 5.312 0 0 0
0.838 -0.863 0.013 0 0 0
0.588 -0.113 -1.163 0 0 0
-10.213 5.763 7.963 0 0 0
3.938 -3.513 1.163 0 0 0
-12.263 8.162 6.613 0 0 0
-1.888 1.488 0.013 0 0 0
-1.463 2.238 0.013 0 0 0
0.638 1.588 0.013 0 0 0
-2.312 0.113 -1.413 0 0 0
-0.663 7.113 8.412 0 0 0
-1.663 1.338 0.013 0 0 0
-1.812 1.688 0.013 0 0 0
-3.062 -2.188 -0.938 0 0 0
-2.763 -0.988 -1.062 0 0 0
-6.763 7.213 6.988 0 0 0
-0.288 -0.363 -0.288 0 0 0
-2.138 -0.363 -0.488 0 0 0
-4.088 7.888 7.238 0 0 0
-3.888 12.288 7.488 0 0 0
-3.312 1.113 1.088 0 0 0
4.163 3.288 4.388 0 0 0
-7.688 -10.963 0.013 0 0 0
-9.037 5.963 8.062 0 0 0
-2.312 1.488 0.013 0 0 0
-4.013 -1.888 0.463 0 0 0
-1.888 2.238 0.013 0 0 0
-1.788 -0.138 -1.663 0 0 0
0.938 0.338 -0.113 0 0 0
4.112 3.363 3.913 0 0 0
-0.838 11.263 7.388 0 0 0
0.463 -0.788 -1.012 0 0 0
0.513 -0.138 -1.288 0 0 0
4.088 2.337 3.113 0 0 0
-0.463 0.938 0.613 0 0 0
3.688 -6.413 3.763 0 0 0
-3.188 -0.988 -1.062 0 0 0
-6.562 -7.188 5.588 0 0 0
-2.963 1.338 -0.913 0 0 0
0.388 0.363 -0.263 0 0 0
-2.113 -0.213 0.013 0 0 0
-2.113 3.138 0.013 0 0 0
0.938 -0.812 0.013 0 0 0
-3.438 0.138 0.988 0 0 0
-1.213 -0.138 -1.613 0 0 0
-2.312 2.238 0.013 0 0 0
0.537 1.338 0.013 0 0 0
0.388 1.688 0.013 0 0 0
-2.788 0.088 -0.913 0 0 0
-9.738 16.488 6.338 0 0 0
-3.562 1.012 9.713 0 0 0
-1.913 1.438 0.013 0 0 0
0.913 0.562 -0.088 0 0 0
-1.588 1.838 -1.088 0 0 0
-7.688 10.613 8.787 0 0 0
-2.538 3.138 0.013 0 0 0
-5.438 8.088 5.913 0 0 0
-3.213 -0.763 9.213 0 0 0
-1.938 0.013 -0.213 0 0 0
-0.562 -1.263 -0.413 0 0 0
3.562 0.537 5.913 0 0 0
-3.038 16.137 7.188 0 0 0
3.812 -7.312 2.863 0 0 0
-26.263 1.113 7.913 0 0 0
-2.413 1.238 0.013 0 0 0
0.113 1.338 0.013 0 0 0
-2.562 1.588 0.013 0 0 0
0.938 0.388 0.438 0 0 0
-8.037 -7.863 3.863 0 0 0
3.562 -1.963 0.138 0 0 0
-2.688 -0.213 -2.588 0 0 0
-3.312 0.263 0.113 0 0 0
0.013 -0.163 -1.562 0 0 0
-1.838 -0.163 -1.763 0 0 0
-6.288 9.713 2.413 0 0 0
-3.438 1.588 -0.163 0 0 0
0.913 0.738 0.312 0 0 0
-2.363 0.013 -0.213 0 0 0
-6.812 -2.488 -0.312 0 0 0
-16.588 -9.188 0.013 0 0 0
-0.213 -0.138 -1.413 0 0 0
-0.113 -0.238 -0.138 0 0 0
4.213 4.788 5.338 0 0 0
4.188 3.163 3.513 0 0 0
-5.163 16.088 7.238 0 0 0
-0.363 0.863 0.763 0 0 0
0.513 1.288 0.013 0 0 0
-4.562 7.288 7.538 0 0 0
-6.513 7.013 7.938 0 0 0
-5.013 7.038 7.738 0 0 0
0.038 0.062 0.763 0 0 0
0.788 1.938 0.188 0 0 0
0.913 0.463 0.288 0 0 0
-0.013 -0.312 -0.238 0 0 0
-4.188 7.938 6.888 0 0 0
-5.312 13.263 7.713 0 0 0
-0.638 -0.138 -1.413 0 0 0
-11.363 -8.888 0.013 0 0 0
2.263 -7.738 5.513 0 0 0
-0.013 0.562 -0.388 0 0 0
-0.038 0.562 -0.388 0 0 0
-0.138 1.438 0.013 0 0 0
-9.513 10.113 1.513 0 0 0
3.963 2.588 3.663 0 0 0
4.112 2.538 3.163 0 0 0
3.513 -2.288 -0.213 0 0 0
0.913 0.338 0.438 0 0 0
-0.812 -0.763 -1.062 0 0 0
0.713 0.888 0.562 0 0 0
3.763 6.363 8.138 0 0 0
-3.288 0.562 -0.138 0 0 0
-0.638 1.238 0.013 0 0 0
0.113 -0.488 0.163 0 0 0
3.913 -3.062 1.213 0 0 0
-0.312 -0.963 -1.012 0 0 0
-0.562 1.438 0.013 0 0 0
-3.338 0.513 0.363 0 0 0
-2.463 0.062 0.038 0 0 0
-1.238 -0.763 -1.062 0 0 0
-5.613 9.738 2.463 0 0 0
-0.663 -0.913 0.013 0 0 0
-6.163 -7.363 4.888 0 0 0
-12.038 1.763 16.413 0 0 0
0.113 -0.812 -1.012 0 0 0
-1.062 1.238 0.013 0 0 0
0.062 0.463 0.288 0 0 0
-3.338 0.388 0.513 0 0 0
-1.137 -0.163 -1.688 0 0 0
0.812 0.088 1.113 0 0 0
-3.263 -0.463 0.013 0 0 0
-3.363 0.413 0.413 0 0 0
-12.338 5.838 8.062 0 0 0
-2.838 -1.788 -0.863 0 0 0
4.112 3.213 4.463 0 0 0
-1.638 0.113 -1.188 0 0 0
0.163 -1.137 -0.988 0 0 0
0.113 0.562 0.413 0 0 0
-0.562 9.713 2.838 0 0 0
-3.213 -1.838 0.013 0 0 0
-25.062 6.163 8.662 0 0 0
-3.562 8.138 5.913 0 0 0
2.538 -7.812 3.888 0 0 0
-3.312 2.113 0.913 0 0 0
-1.538 1.713 -1.038 0 0 0
-3.388 -1.163 0.013 0 0 0
-0.537 1.288 0.013 0 0 0
-1.838 6.188 7.663 0 0 0
-2.638 -1.588 -0.988 0 0 0
-0.213 -0.913 -1.012 0 0 0
-3.163 3.338 -1.137 0 0 0
-3.213 0.513 -0.363 0 0 0
-3.338 1.438 0.763 0 0 0
3.988 3.088 4.213 0 0 0
3.788 -6.288 3.188 0 0 0
-10.338 6.088 7.938 0 0 0
-4.338 1.038 10.113 0 0 0
0.163 0.537 0.688 0 0 0
-6.062 -10.088 0.013 0 0 0
-12.038 -7.413 1.438 0 0 0
-3.038 7.538 7.863 0 0 0
0.888 -2.087 -0.938 0 0 0
0.888 -0.238 -2.212 0 0 0
-3.488 1.188 0.013 0 0 0
-3.113 -2.388 -0.488 0 0 0
-3.438 0.113 0.788 0 0 0
-0.488 0.113 0.938 0 0 0
3.838 -1.812 -0.537 0 0 0
3.788 -5.013 1.638 0 0 0
-0.638 -0.913 -1.012 0 0 0
-0.888 1.488 0.013 0 0 0
0.888 0.738 0.613 0 0 0
3.088 1.012 10.738 0 0 0
-7.588 6.088 -0.663 0 0 0
0.263 0.562 0.463 0 0 0
-7.312 5.838 7.812 0 0 0
4.038 -0.213 -1.688 0 0 0
0.463 -0.638 -0.812 0 0 0
3.788 -1.838 0.638 0 0 0
-0.138 0.088 0.812 0 0 0
4.013 1.938 0.238 0 0 0
-0.413 0.888 0.688 0 0 0
4.338 6.913 0.638 0 0 0
-3.188 16.038 7.238 0 0 0
-1.863 0.062 0.488 0 0 0
-1.638 -0.163 -1.812 0 0 0
-2.363 -1.488 -0.938 0 0 0
-7.763 1.788 17.288 0 0 0
-0.413 -0.312 -0.338 0 0 0
-1.062 -0.913 -1.012 0 0 0
-0.988 -9.412 0.013 0 0 0
0.913 0.413 -0.138 0 0 0
-15.363 -0.713 7.038 0 0 0
-0.062 -0.312 0.062 0 0 0
-7.562 8.213 7.163 0 0 0
3.438 -7.413 2.388 0 0 0
4.237 -6.513 0.013 0 0 0
-3.312 1.738 1.188 0 0 0
-9.788 7.263 7.312 0 0 0
0.812 -0.463 -0.288 0 0 0
4.213 7.238 0.663 0 0 0
-0.562 0.088 0.812 0 0 0
0.213 0.638 0.213 0 0 0
-1.638 -9.263 0.013 0 0 0
-2.288 0.062 0.488 0 0 0
-0.213 -0.163 -1.613 0 0 0
-2.738 -0.138 -1.838 0 0 0
-2.663 0.688 -0.413 0 0 0
0.988 -0.688 -0.263 0 0 0
3.888 -1.838 -0.788 0 0 0
-5.713 5.638 8.037 0 0 0
-0.988 1.238 0.013 0 0 0
-24.863 6.113 8.588 0 0 0
-18.713 -9.537 0.013 0 0 0
-1.938 -0.163 -1.938 0 0 0
-1.113 -1.688 -1.113 0 0 0
4.088 3.312 4.612 0 0 0
-0.588 1.838 -1.088 0 0 0
-3.188 1.012 0.463 0 0 0
3.888 -2.312 1.913 0 0 0
-0.438 0.838 0.688 0 0 0
-18.938 5.038 4.237 0 0 0
-3.138 -0.688 -0.188 0 0 0
-7.963 -7.163 4.713 0 0 0
-2.013 -0.763 -1.137 0 0 0
-2.138 1.188 0.013 0 0 0
-2.938 4.013 -0.438 0 0 0
-3.438 0.013 -0.188 0 0 0
-6.338 15.263 8.787 0 0 0
-0.312 0.213 -0.188 0 0 0
-9.088 -7.113 4.663 0 0 0
3.812 -2.988 -0.263 0 0 0
0.788 -0.138 -1.413 0 0 0
-1.738 -0.812 -1.012 0 0 0
3.963 -0.163 -1.263 0 0 0
-10.713 -7.438 3.463 0 0 0
-2.788 -0.163 -1.938 0 0 0
-8.062 6.913 7.838 0 0 0
0.562 1.388 0.013 0 0 0
-12.488 1.113 9.663 0 0 0
-3.062 -1.913 -0.163 0 0 0
-3.663 6.438 8.537 0 0 0
-3.463 -0.788 -0.188 0 0 0
4.138 -6.613 0.013 0 0 0
0.788 1.238 0.013 0 0 0
0.938 0.312 0.413 0 0 0
-2.113 2.613 -1.038 0 0 0
-2.363 -0.513 0.013 0 0 0
-2.263 -0.363 -0.363 0 0 0
-9.763 14.763 7.888 0 0 0
-1.363 -0.163 -1.738 0 0 0
4.088 4.737 6.588 0 0 0
-8.287 6.363 7.713 0 0 0
0.288 1.038 0.013 0 0 0
-3.463 -0.088 -1.338 0 0 0
-0.013 0.463 0.113 0 0 0
-4.588 -10.338 0.013 0 0 0
-3.388 -2.788 -0.562 0 0 0
-2.438 0.038 0.013 0 0 0
-0.188 -0.213 0.088 0 0 0
-19.137 5.363 4.138 0 0 0
4.213 4.088 4.562 0 0 0
-3.238 0.113 0.738 0 0 0
-5.938 -0.788 9.438 0 0 0
-2.238 1.688 0.013 0 0 0
1.012 -0.088 -0.863 0 0 0
0.863 -0.588 -0.238 0 0 0
-10.013 6.938 7.888 0 0 0
-1.713 -0.062 -0.838 0 0 0
0.688 0.988 0.013 0 0 0
-3.688 2.763 -0.312 0 0 0
-0.488 7.013 7.688 0 0 0
-8.013 -7.413 1.938 0 0 0
-4.213 6.913 7.888 0 0 0
-1.312 5.788 8.037 0 0 0
3.963 2.513 3.638 0 0 0
3.913 -5.038 1.988 0 0 0
0.288 0.062 0.537 0 0 0
-5.138 -11.038 0.013 0 0 0
0.788 0.863 0.288 0 0 0
-3.312 1.363 -0.413 0 0 0
0.562 0.438 0.013 0 0 0
0.688 1.113 -0.738 0 0 0
0.263 0.988 0.013 0 0 0
-8.188 5.863 7.838 0 0 0
-3.113 0.863 0.613 0 0 0
-4.062 2.513 -0.838 0 0 0
0.888 0.588 0.562 0 0 0
-3.363 1.913 0.363 0 0 0
0.863 0.463 0.013 0 0 0
-0.113 -0.738 -1.038 0 0 0
-0.913 5.713 8.037 0 0 0
3.163 -9.162 0.013 0 0 0
4.112 2.638 3.538 0 0 0
-8.363 -18.788 0.013 0 0 0
3.163 0.913 9.763 0 0 0
-3.062 1.088 0.513 0 0 0
4.312 5.213 5.738 0 0 0
0.062 -0.963 -1.012 0 0 0
-3.062 -1.713 -0.888 0 0 0
0.963 -0.537 -0.238 0 0 0
-3.312 12.188 9.338 0 0 0
0.812 0.838 -0.213 0 0 0
-2.363 -0.763 -1.137 0 0 0
-0.062 -0.463 0.013 0 0 0
-7.213 16.488 7.388 0 0 0
-0.537 -0.738 -1.038 0 0 0
-1.338 1.513 -1.088 0 0 0
1.288 5.863 7.888 0 0 0
0.888 0.038 0.438 0 0 0
-2.863 -0.062 -0.888 0 0 0
-10.413 1.038 9.287 0 0 0
-12.438 -7.488 4.213 0 0 0
0.537 -0.537 -0.238 0 0 0
-3.238 0.013 -0.238 0 0 0
3.888 4.312 4.688 0 0 0
-3.213 0.288 0.113 0 0 0
4.188 6.438 6.238 0 0 0
-1.763 1.513 -1.088 0 0 0
3.788 5.388 1.888 0 0 0
0.263 -0.888 -0.988 0 0 0
-19.012 4.688 4.188 0 0 0
3.888 -1.638 0.562 0 0 0
-0.738 -0.363 -3.863 0 0 0
-3.588 10.988 8.963 0 0 0
-2.263 0.062 0.463 0 0 0
-0.863 -0.838 -1.038 0 0 0
-0.438 0.113 1.038 0 0 0
-3.263 -0.238 -0.363 0 0 0
-0.537 0.812 0.788 0 0 0
-0.088 -0.537 0.013 0 0 0
0.888 0.663 0.588 0 0 0
4.138 4.263 3.562 0 0 0
-12.088 -7.562 2.188 0 0 0
-11.413 -9.238 0.013 0 0 0
-1.663 -0.062 -0.938 0 0 0
-0.163 -0.888 -0.988 0 0 0
-0.788 -0.238 -2.438 0 0 0
-2.087 0.088 -1.363 0 0 0
-0.613 -0.263 -0.263 0 0 0
-1.038 7.113 7.788 0 0 0
-3.013 0.913 0.013 0 0 0
-3.763 1.913 -0.663 0 0 0
-1.288 -0.838 -1.038 0 0 0
-1.713 -0.138 -1.588 0 0 0
-20.888 5.413 6.413 0 0 0
-3.113 1.062 -0.113 0 0 0
0.938 0.288 0.213 0 0 0
-3.263 0.513 -0.363 0 0 0
-14.638 1.663 15.038 0 0 0
-2.238 0.038 -0.013 0 0 0
-3.513 -1.763 -0.888 0 0 0
-9.138 -9.788 0.013 0 0 0
4.163 2.337 3.188 0 0 0
-3.338 0.062 0.013 0 0 0
0.388 1.038 -0.338 0 0 0
-0.588 -0.888 -0.988 0 0 0
-0.663 5.888 7.863 0 0 0
1.963 -0.788 9.363 0 0 0
3.763 0.688 7.388 0 0 0
0.213 8.062 7.488 0 0 0
-0.312 8.037 6.963 0 0 0
-3.312 0.463 0.138 0 0 0
-0.288 -0.138 -1.388 0 0 0
0.738 -1.638 -1.088 0 0 0
3.888 -2.888 0.988 0 0 0
3.963 -2.388 1.763 0 0 0
-1.012 2.638 0.013 0 0 0
0.713 -7.738 3.038 0 0 0
-10.513 1.763 16.663 0 0 0
-9.513 1.713 16.312 0 0 0
3.988 4.288 5.988 0 0 0
4.112 -0.188 -1.413 0 0 0
-3.312 0.338 0.288 0 0 0
-14.988 1.763 15.938 0 0 0
0.163 -0.088 -0.062 0 0 0
-18.988 4.163 4.713 0 0 0
-0.113 -0.312 -0.213 0 0 0
-1.713 -0.088 -1.038 0 0 0
3.913 -0.213 -1.562 0 0 0
-3.238 -0.812 -0.988 0 0 0
-2.062 -0.013 -0.288 0 0 0
-1.113 -7.538 5.163 0 0 0
-3.438 1.388 -0.088 0 0 0
-11.763 14.013 -0.188 0 0 0
0.288 -0.163 -1.738 0 0 0
-1.788 0.062 0.363 0 0 0
3.913 5.163 6.913 0 0 0
0.413 5.488 7.388 0 0 0
0.363 0.663 -0.312 0 0 0
-3.263 -0.163 -0.338 0 0 0
3.913 -2.588 1.263 0 0 0
-3.688 -2.488 -0.238 0 0 0
-2.438 -0.138 -1.713 0 0 0
0.488 -1.863 -1.062 0 0 0
0.913 -1.113 -1.062 0 0 0
-3.163 0.013 -0.238 0 0 0
0.163 0.663 -0.062 0 0 0
-2.363 0.113 0.113 0 0 0
0.438 -1.338 -0.963 0 0 0
-14.562 5.488 7.638 0 0 0
-1.588 -1.238 -1.038 0 0 0
0.938 0.363 0.238 0 0 0
-1.738 -0.888 -1.038 0 0 0
3.713 0.663 7.288 0 0 0
0.913 0.263 0.363 0 0 0
-1.788 -1.263 -0.513 0 0 0
-3.263 0.013 0.062 0 0 0
0.488 -1.113 -1.062 0 0 0
-2.863 -0.838 -1.088 0 0 0
3.788 -5.988 2.838 0 0 0
-1.713 -2.663 -0.888 0 0 0
-1.388 -7.312 4.237 0 0 0
-2.238 -1.088 -1.038 0 0 0
-3.188 0.213 0.062 0 0 0
-2.538 1.788 -1.062 0 0 0
0.038 0.562 -0.312 0 0 0
-1.463 2.562 0.013 0 0 0
-2.163 -0.888 -1.038 0 0 0
-1.213 -1.263 -0.463 0 0 0
4.213 -8.662 0.013 0 0 0
-0.738 -0.763 -0.988 0 0 0
4.188 3.438 4.237 0 0 0
-3.138 -1.188 -1.088 0 0 0
-19.113 10.838 6.013 0 0 0
-1.088 5.838 8.113 0 0 0
-2.138 -0.238 -2.562 0 0 0
-1.938 5.788 7.562 0 0 0
-11.013 6.163 8.213 0 0 0
-8.688 5.812 8.037 0 0 0
0.588 -0.788 -1.038 0 0 0
0.013 0.038 0.463 0 0 0
-1.838 0.038 0.263 0 0 0
4.413 -10.388 0.013 0 0 0
-3.338 1.913 0.812 0 0 0
-1.012 -0.788 9.287 0 0 0
-0.588 0.863 0.713 0 0 0
-2.138 -0.763 -1.012 0 0 0
-0.888 5.713 8.013 0 0 0
3.688 2.688 0.013 0 0 0
-2.288 -0.388 -0.537 0 0 0
4.288 -7.738 0.013 0 0 0
-0.438 -0.988 -1.088 0 0 0
-3.263 0.938 0.463 0 0 0
-2.513 0.113 0.863 0 0 0
0.613 1.263 -0.663 0 0 0
1.638 -7.812 4.413 0 0 0
-4.737 -8.888 0.013 0 0 0
0.338 -0.138 -1.438 0 0 0
-3.413 1.738 0.213 0 0 0
-1.513 -0.138 -1.638 0 0 0
-0.713 6.213 8.037 0 0 0
3.913 4.163 0.537 0 0 0
0.413 -0.213 -0.263 0 0 0
-0.863 -0.988 -1.088 0 0 0
-5.363 1.012 9.613 0 0 0
-9.463 8.287 6.113 0 0 0
-10.113 5.863 7.863 0 0 0
-3.238 -0.163 -1.963 0 0 0
-3.312 0.713 -0.013 0 0 0
-1.963 -9.238 0.013 0 0 0
-1.463 -0.763 -1.113 0 0 0
4.112 2.562 3.513 0 0 0
-0.088 -0.138 -1.438 0 0 0
0.638 0.963 0.013 0 0 0
-3.438 3.113 0.863 0 0 0
0.013 -0.238 -0.163 0 0 0
-2.713 2.263 0.013 0 0 0
-0.062 0.038 0.263 0 0 0
-3.413 -0.713 0.213 0 0 0
4.188 -4.638 0.013 0 0 0
3.863 -2.613 0.038 0 0 0
3.488 0.562 6.062 0 0 0
3.713 -4.463 3.863 0 0 0
-3.338 1.113 0.988 0 0 0
4.188 4.288 5.938 0 0 0
0.938 0.863 -0.238 0 0 0
-3.513 0.213 1.763 0 0 0
-0.188 5.838 7.938 0 0 0
-6.438 10.238 1.488 0 0 0
-11.613 12.613 9.613 0 0 0
0.738 0.863 0.013 0 0 0
-1.638 7.513 7.888 0 0 0
-16.588 -12.062 0.013 0 0 0
0.888 -0.088 -0.738 0 0 0
-1.238 -0.888 -0.963 0 0 0
-11.188 1.763 16.438 0 0 0
0.963 0.713 0.013 0 0 0
3.763 1.913 0.013 0 0 0
-0.488 0.038 0.263 0 0 0
-1.663 -0.763 -1.113 0 0 0
3.812 -3.213 0.938 0 0 0
0.763 4.638 4.938 0 0 0
-2.488 -0.338 0.013 0 0 0
0.288 1.463 -0.488 0 0 0
0.312 0.863 0.013 0 0 0
0.463 -0.088 -0.738 0 0 0
-2.863 -0.413 -0.263 0 0 0
-3.213 0.213 0.088 0 0 0
-0.788 0.038 0.213 0 0 0
-2.013 -7.388 4.263 0 0 0
-2.438 -0.163 -1.913 0 0 0
3.788 -2.838 2.238 0 0 0
2.288 5.913 7.913 0 0 0
-2.013 0.062 0.312 0 0 0
3.438 -9.438 0.013 0 0 0
-2.863 0.038 -0.513 0 0 0
3.988 6.388 7.888 0 0 0
-0.513 0.088 0.113 0 0 0
3.788 -2.438 0.838 0 0 0
0.838 -1.463 -1.113 0 0 0
-0.812 -0.138 -1.562 0 0 0
0.213 -0.138 0.013 0 0 0
-13.062 7.088 6.863 0 0 0
-2.212 -0.562 -0.863 0 0 0
-1.663 -1.163 -0.988 0 0 0
-6.113 1.713 16.663 0 0 0
-0.863 -2.062 -0.938 0 0 0
-8.638 10.988 9.113 0 0 0
-2.713 1.312 0.013 0 0 0
-3.113 -0.088 -1.312 0 0 0
-0.562 0.062 0.613 0 0 0
4.237 3.213 4.438 0 0 0
0.513 3.263 0.013 0 0 0
-2.763 -6.488 0.013 0 0 0
-4.812 5.988 8.138 0 0 0
3.788 -1.688 0.838 0 0 0
-1.688 -0.812 -1.113 0 0 0
-2.913 0.413 0.013 0 0 0
-11.163 -9.363 0.013 0 0 0
-3.062 0.763 0.013 0 0 0
-3.438 1.988 -0.138 0 0 0
4.188 3.113 3.788 0 0 0
-13.863 1.738 15.812 0 0 0
0.213 0.038 0.413 0 0 0
-3.263 -0.138 0.013 0 0 0
0.013 -0.288 0.013 0 0 0
-2.838 0.613 0.013 0 0 0
-0.413 -1.038 0.013 0 0 0
0.588 0.388 -0.213 0 0 0
-0.438 -0.163 -1.663 0 0 0
-3.138 -2.038 0.013 0 0 0
0.263 0.838 -0.088 0 0 0
-1.763 5.838 7.888 0 0 0
0.863 0.062 0.812 0 0 0
-3.312 0.388 0.113 0 0 0
-1.663 0.088 0.588 0 0 0
-1.938 0.113 -1.213 0 0 0
0.013 0.013 0.263 0 0 0
-3.338 0.288 0.238 0 0 0
4.112 6.588 8.162 0 0 0
3.613 -0.312 4.038 0 0 0
0.388 -0.812 -0.988 0 0 0
-0.288 -0.788 -1.012 0 0 0
-17.262 -11.213 0.013 0 0 0
-3.463 0.213 1.663 0 0 0
-15.938 1.163 9.863 0 0 0
-0.838 2.312 0.013 0 0 0
-3.312 1.137 0.788 0 0 0
3.888 -6.363 3.763 0 0 0
3.888 -3.488 2.513 0 0 0
-1.838 1.738 -1.062 0 0 0
4.263 4.088 4.463 0 0 0
-0.113 -1.012 -0.988 0 0 0
-3.288 -0.938 0.013 0 0 0
-10.913 7.938 7.888 0 0 0
-0.438 1.513 0.013 0 0 0
-2.363 0.113 -1.213 0 0 0
-11.663 -8.787 0.013 0 0 0
-3.312 0.562 0.513 0 0 0
-3.038 -1.438 -1.137 0 0 0
-1.613 -1.613 -1.062 0 0 0
-0.213 1.363 0.013 0 0 0
-0.713 -0.788 -1.012 0 0 0
0.363 0.588 -0.338 0 0 0
-11.713 8.088 6.562 0 0 0
-3.338 0.913 0.388 0 0 0
-5.213 5.838 8.138 0 0 0
-0.863 1.513 0.013 0 0 0
0.513 -0.638 -0.713 0 0 0
-15.288 1.638 14.638 0 0 0
0.488 -0.613 -0.812 0 0 0
-3.163 1.263 0.013 0 0 0
-0.263 0.138 0.163 0 0 0
0.113 0.513 0.688 0 0 0
-2.812 0.038 -0.613 0 0 0
3.863 -4.888 2.513 0 0 0
-2.838 0.062 -0.713 0 0 0
-11.988 8.062 7.213 0 0 0
-0.312 -0.838 -1.012 0 0 0
0.338 -0.238 -0.338 0 0 0
-7.062 1.788 17.312 0 0 0
-3.263 -0.062 0.038 0 0 0
0.438 -0.088 -0.713 0 0 0
-0.863 2.263 0.013 0 0 0
0.913 0.488 0.588 0 0 0
0.738 -0.038 -0.013 0 0 0
0.738 -0.013 -0.013 0 0 0
-1.438 -0.788 -1.062 0 0 0
0.888 0.513 0.488 0 0 0
0.513 -0.463 -0.312 0 0 0
-0.138 -1.062 -0.988 0 0 0
-3.288 0.288 -0.088 0 0 0
4.338 5.263 6.688 0 0 0
-3.588 0.338 2.963 0 0 0
0.363 -0.138 -1.463 0 0 0
0.788 0.812 0.613 0 0 0
-0.363 -0.438 0.188 0 0 0
-0.838 1.363 0.013 0 0 0
-0.562 -0.888 0.013 0 0 0
-25.113 5.588 7.788 0 0 0
-0.963 1.263 0.013 0 0 0
-1.463 -0.888 -1.012 0 0 0
-1.288 2.263 0.013 0 0 0
-12.088 -10.513 0.013 0 0 0
-11.488 8.138 7.113 0 0 0
-6.788 7.988 7.838 0 0 0
3.963 4.562 4.988 0 0 0
-12.638 -11.363 0.013 0 0 0
-1.062 8.013 6.938 0 0 0
-2.713 5.888 8.138 0 0 0
3.913 4.788 0.638 0 0 0
0.788 -0.088 -0.913 0 0 0
-0.062 -0.138 -1.463 0 0 0
-1.388 1.263 0.013 0 0 0
-1.038 5.688 7.963 0 0 0
-1.438 1.738 -1.038 0 0 0
-22.163 3.788 5.363 0 0 0
4.362 -9.788 0.013 0 0 0
-0.488 -0.138 -1.463 0 0 0
-3.163 -1.763 -0.863 0 0 0
-1.263 -1.838 -1.012 0 0 0
2.212 -7.812 3.888 0 0 0
-3.363 1.312 0.562 0 0 0
-1.838 -0.013 -0.363 0 0 0
3.938 -3.062 1.012 0 0 0
-2.963 6.238 7.763 0 0 0
0.338 -0.788 -1.062 0 0 0
-0.863 -0.238 -2.413 0 0 0
-1.538 -0.213 -2.438 0 0 0
-1.812 1.263 0.013 0 0 0
0.213 -0.288 -0.038 0 0 0
-3.312 0.638 -0.062 0 0 0
-5.938 5.713 7.638 0 0 0
4.237 5.713 5.538 0 0 0
-2.337 -1.388 -0.163 0 0 0
-1.788 -1.588 -1.012 0 0 0
-0.213 -0.163 -0.188 0 0 0
3.888 -2.238 2.038 0 0 0
3.413 0.788 8.438 0 0 0
-7.213 1.738 16.838 0 0 0
-2.288 0.013 0.088 0 0 0
-10.113 6.088 8.088 0 0 0
-3.312 0.938 0.188 0 0 0
3.888 -3.688 1.913 0 0 0
-8.037 7.812 7.688 0 0 0
-1.488 -0.788 9.013 0 0 0
-15.438 1.638 14.788 0 0 0
-3.338 -0.613 0.188 0 0 0
-1.963 -0.213 -2.438 0 0 0
-1.513 1.463 0.013 0 0 0
0.588 -0.062 -0.513 0 0 0
3.938 -2.888 1.413 0 0 0
-2.188 -0.588 -0.888 0 0 0
-2.138 -0.188 0.013 0 0 0
-1.288 1.312 0.013 0 0 0
-8.338 -0.763 9.188 0 0 0
-1.213 -0.138 -1.513 0 0 0
-0.213 0.588 -0.188 0 0 0
-7.613 -7.513 1.413 0 0 0
-1.888 0.088 0.537 0 0 0
0.838 1.963 0.388 0 0 0
3.062 -7.263 5.088 0 0 0
-0.588 7.562 6.263 0 0 0
-4.562 1.062 10.163 0 0 0
4.038 -0.188 -1.388 0 0 0
-1.938 1.463 0.013 0 0 0
-1.163 -0.763 -0.988 0 0 0
-15.988 -11.613 0.013 0 0 0
-0.513 0.088 -1.213 0 0 0
-1.888 -1.838 -1.012 0 0 0
0.213 -0.138 -1.312 0 0 0
3.812 -6.288 2.988 0 0 0
3.438 -2.388 0.263 0 0 0
-9.338 6.263 8.287 0 0 0
-2.238 6.363 8.463 0 0 0
0.938 0.388 0.537 0 0 0
-2.863 -0.488 -0.288 0 0 0
-12.888 14.613 6.588 0 0 0
0.013 0.463 -0.013 0 0 0
0.163 -0.312 -0.138 0 0 0
-2.363 1.463 0.013 0 0 0
0.913 1.312 0.013 0 0 0
-1.588 -0.763 -0.988 0 0 0
0.763 5.838 7.988 0 0 0
0.588 2.312 0.013 0 0 0
0.913 0.738 0.413 0 0 0
-2.863 -1.638 -0.163 0 0 0
-2.312 -1.838 -1.012 0 0 0
-2.438 0.113 0.138 0 0 0
-14.363 5.713 7.812 0 0 0
-3.463 0.038 -0.062 0 0 0
-2.163 -0.238 0.013 0 0 0
0.088 0.537 0.113 0 0 0
-0.863 -1.263 -0.438 0 0 0
-16.038 6.088 8.388 0 0 0
0.013 0.638 0.363 0 0 0
0.913 0.613 0.562 0 0 0
-3.263 -0.088 -0.163 0 0 0
-1.438 -1.688 -1.113 0 0 0
-2.038 1.213 0.013 0 0 0
-2.363 2.212 0.013 0 0 0
0.488 1.312 0.013 0 0 0
3.763 -1.888 0.938 0 0 0
-25.438 5.738 8.213 0 0 0
-10.988 7.188 7.963 0 0 0
0.238 0.488 0.363 0 0 0
-0.038 -0.312 -0.138 0 0 0
-0.013 -0.312 -0.138 0 0 0
-18.913 5.413 7.713 0 0 0
0.812 -0.888 -1.012 0 0 0
3.763 -5.288 3.738 0 0 0
-1.638 1.812 -1.088 0 0 0
-2.688 -0.163 -1.938 0 0 0
-2.888 0.463 0.013 0 0 0
0.388 0.312 0.013 0 0 0
-0.013 -0.438 0.013 0 0 0
3.488 -2.263 -0.213 0 0 0
0.062 1.312 0.013 0 0 0
-2.888 -9.438 0.013 0 0 0
-2.463 1.213 0.013 0 0 0
0.163 -0.738 -1.012 0 0 0
-2.363 -0.138 -1.638 0 0 0
-3.338 0.213 0.213 0 0 0
3.363 -0.788 9.263 0 0 0
0.038 -0.238 0.013 0 0 0
0.388 -0.888 -1.012 0 0 0
4.237 7.213 -1.213 0 0 0
3.812 -2.963 0.038 0 0 0
-0.413 0.062 0.088 0 0 0
-3.613 6.062 7.913 0 0 0
-3.163 -0.062 -0.913 0 0 0
-12.688 1.738 16.113 0 0 0
-0.613 -0.363 -3.888 0 0 0
-0.388 -0.113 -0.138 0 0 0
-5.013 -17.512 0.013 0 0 0
0.888 0.812 0.188 0 0 0
0.163 1.213 0.013 0 0 0
0.263 2.963 0.013 0 0 0
0.938 0.463 0.562 0 0 0
0.537 -0.938 -0.763 0 0 0
-8.562 -10.562 0.013 0 0 0
3.888 -3.312 1.588 0 0 0
0.388 0.488 0.413 0 0 0
-2.288 -9.213 0.013 0 0 0
-0.038 -0.888 -1.012 0 0 0
-0.013 -0.888 -1.012 0 0 0
-14.438 5.738 8.088 0 0 0
3.963 3.413 0.438 0 0 0
-3.188 -0.213 -2.688 0 0 0
-1.538 1.838 -1.088 0 0 0
-1.038 -0.363 -3.888 0 0 0
-0.488 -9.138 0.013 0 0 0
-11.413 -8.912 0.013 0 0 0
0.288 0.038 0.288 0 0 0
-2.763 3.363 -1.137 0 0 0
1.113 -0.788 9.312 0 0 0
-7.963 9.863 2.337 0 0 0
-9.113 5.738 7.963 0 0 0
-2.138 -0.388 -0.588 0 0 0
-13.988 1.738 15.938 0 0 0
0.062 -0.388 0.013 0 0 0
-1.812 7.188 7.888 0 0 0
-2.388 0.088 -1.388 0 0 0
-1.963 1.838 -1.088 0 0 0
-3.013 7.188 8.088 0 0 0
-0.688 1.213 0.013 0 0 0
-3.812 10.013 2.688 0 0 0
-1.888 -1.413 -0.188 0 0 0
-2.212 -0.388 -0.463 0 0 0
-2.988 0.963 0.013 0 0 0
-1.663 -2.188 -0.938 0 0 0
-8.338 -0.588 6.188 0 0 0
-6.613 8.037 5.888 0 0 0
-1.363 -0.988 -1.062 0 0 0
-2.337 4.288 -0.738 0 0 0
0.763 0.888 0.338 0 0 0
-3.263 3.513 0.263 0 0 0
-0.488 0.113 1.038 0 0 0
-0.963 -0.763 -1.038 0 0 0
-17.163 1.613 14.263 0 0 0
-3.238 -0.013 -0.638 0 0 0
-3.363 1.338 0.913 0 0 0
-3.312 -0.513 0.013 0 0 0
-0.163 1.263 0.013 0 0 0
-2.663 -0.812 -0.988 0 0 0
-3.363 13.838 8.988 0 0 0
3.913 -4.138 2.138 0 0 0
-2.288 -1.613 -1.088 0 0 0
1.763 -7.788 3.062 0 0 0
0.312 0.763 -0.213 0 0 0
-2.312 -0.138 -1.738 0 0 0
-1.388 -0.763 -1.038 0 0 0
-16.062 1.188 9.938 0 0 0
2.163 9.913 3.113 0 0 0
-0.038 -0.812 -0.988 0 0 0
-0.013 -0.812 -0.988 0 0 0
-15.688 12.812 6.788 0 0 0
3.488 -7.213 6.113 0 0 0
-5.138 -7.363 4.688 0 0 0
0.913 0.413 -0.038 0 0 0
0.913 0.413 -0.013 0 0 0
-1.688 -1.088 -1.062 0 0 0
0.838 -0.363 -0.312 0 0 0
0.338 -0.388 -3.788 0 0 0
0.788 -0.438 -0.288 0 0 0
4.312 6.812 0.788 0 0 0
-0.938 7.613 6.288 0 0 0
0.388 0.688 -0.312 0 0 0
-0.488 -0.613 -0.088 0 0 0
-1.513 -1.312 -1.038 0 0 0
-1.738 -0.138 -1.688 0 0 0
0.812 0.863 0.088 0 0 0
3.738 -0.213 -1.713 0 0 0
-6.488 -9.613 0.013 0 0 0
-0.463 -0.812 -0.988 0 0 0
3.838 6.588 0.888 0 0 0
-3.812 -2.388 0.263 0 0 0
-1.588 -2.663 -0.913 0 0 0
-2.113 -1.088 -1.062 0 0 0
-6.913 7.238 7.963 0 0 0
-1.012 1.263 0.013 0 0 0
-11.088 1.088 9.562 0 0 0
-3.312 0.413 0.413 0 0 0
4.013 1.988 0.888 0 0 0
0.363 -0.438 -0.288 0 0 0
4.088 2.838 3.463 0 0 0
-0.312 -0.138 -1.488 0 0 0
-2.163 -0.138 -1.688 0 0 0
-0.913 6.363 8.488 0 0 0
-0.888 -0.812 -0.988 0 0 0
-3.312 0.863 0.163 0 0 0
0.013 0.488 0.312 0 0 0
-2.312 -0.038 -0.038 0 0 0
-0.513 -0.163 -1.638 0 0 0
-2.013 -0.763 -1.038 0 0 0
-0.613 1.188 0.013 0 0 0
-1.363 -2.062 -0.913 0 0 0
-2.363 -0.163 -1.838 0 0 0
-1.488 1.738 -1.038 0 0 0
-3.263 -0.513 -0.312 0 0 0
-7.812 5.988 8.037 0 0 0
-4.788 13.438 7.788 0 0 0
-0.738 -0.138 -1.488 0 0 0
-1.513 10.763 1.538 0 0 0
-9.713 -10.062 0.013 0 0 0
-3.188 6.363 8.287 0 0 0
-0.288 0.038 0.438 0 0 0
4.138 -4.438 0.013 0 0 0
-10.663 1.788 16.913 0 0 0
3.913 -0.463 5.388 0 0 0
-1.038 1.188 0.013 0 0 0
3.812 6.538 0.888 0 0 0
-2.513 -1.663 -1.088 0 0 0
-3.038 -0.088 -1.238 0 0 0
-3.388 1.163 0.812 0 0 0
-2.013 0.038 0.113 0 0 0
-3.263 -0.338 0.088 0 0 0
-5.213 6.888 7.788 0 0 0
-3.113 -1.438 -1.113 0 0 0
-2.863 -0.562 -0.312 0 0 0
-3.238 0.963 0.463 0 0 0
-1.012 -0.213 -2.388 0 0 0
-6.163 10.163 1.488 0 0 0
-8.062 5.763 8.062 0 0 0
-3.088 0.013 -0.288 0 0 0
0.888 -0.638 0.013 0 0 0
-3.438 1.513 -0.088 0 0 0
3.763 0.713 7.688 0 0 0
-3.963 15.988 7.113 0 0 0
-1.838 1.713 0.013 0 0 0
-0.013 0.463 0.213 0 0 0
-12.688 7.163 7.088 0 0 0
-13.838 1.663 15.238 0 0 0
-3.312 0.488 0.438 0 0 0
-2.438 0.038 0.113 0 0 0
3.812 2.013 0.013 0 0 0
-3.538 -1.438 -1.113 0 0 0
-9.963 -9.963 0.013 0 0 0
-4.088 -17.713 0.013 0 0 0
-2.113 -2.163 -0.913 0 0 0
3.763 -3.038 -0.263 0 0 0
-1.738 3.613 -1.012 0 0 0
-0.913 -1.438 -1.113 0 0 0
-1.062 7.213 8.537 0 0 0
-0.188 -0.788 9.338 0 0 0
-1.713 -0.062 -0.738 0 0 0
0.838 -0.562 -0.238 0 0 0
-1.413 3.038 -0.988 0 0 0
-3.288 -0.388 0.088 0 0 0
0.263 0.537 0.363 0 0 0
3.863 -2.713 -0.238 0 0 0
-9.688 5.812 8.138 0 0 0
4.088 6.288 8.513 0 0 0
-1.338 -1.438 -1.113 0 0 0
-0.913 -0.338 -3.663 0 0 0
-5.963 1.012 9.463 0 0 0
4.213 3.688 4.788 0 0 0
3.863 -2.663 0.913 0 0 0
0.788 1.263 -1.012 0 0 0
-6.338 -7.188 5.613 0 0 0
3.213 0.988 10.513 0 0 0
0.888 0.588 0.663 0 0 0
-0.288 7.488 7.913 0 0 0
-5.688 5.988 7.838 0 0 0
-1.838 3.038 -0.988 0 0 0
0.713 -0.088 -0.888 0 0 0
-3.263 3.238 0.363 0 0 0
-2.087 -0.812 0.013 0 0 0
4.213 3.562 4.938 0 0 0
0.163 -1.088 -1.062 0 0 0
-12.363 6.938 7.913 0 0 0
-6.613 10.113 1.488 0 0 0
-0.888 -1.413 -0.188 0 0 0
4.288 7.288 1.463 0 0 0
-2.263 3.213 0.013 0 0 0
-13.338 -9.338 0.013 0 0 0
-6.538 -7.513 4.688 0 0 0
1.012 1.863 -0.338 0 0 0
-16.463 -9.513 0.013 0 0 0
-0.038 0.537 0.238 0 0 0
-3.312 2.163 0.838 0 0 0
0.938 0.513 -0.213 0 0 0
0.812 -0.613 -0.238 0 0 0
3.538 -9.213 0.013 0 0 0
-3.388 -7.363 4.988 0 0 0
0.388 0.537 -0.363 0 0 0
-2.138 -0.463 -0.613 0 0 0
-12.838 7.988 6.463 0 0 0
-2.463 -0.213 -2.562 0 0 0
0.338 0.038 0.388 0 0 0
0.938 -0.062 -0.488 0 0 0
0.963 -0.663 0.013 0 0 0
-5.263 -11.263 0.013 0 0 0
-2.463 -2.638 -0.888 0 0 0
-2.713 1.638 0.013 0 0 0
3.788 -3.413 0.038 0 0 0
-2.388 0.062 0.413 0 0 0
-2.163 -0.163 -1.888 0 0 0
0.513 0.388 0.013 0 0 0
4.213 4.913 4.688 0 0 0
-3.863 6.488 7.913 0 0 0
0.863 0.812 0.163 0 0 0
-0.062 3.213 0.013 0 0 0
0.338 2.388 0.013 0 0 0
-3.363 1.388 0.738 0 0 0
3.888 -0.013 0.288 0 0 0
0.388 1.288 -0.363 0 0 0
-1.038 -0.213 -2.363 0 0 0
-1.738 -0.312 -3.413 0 0 0
-0.838 -0.738 -1.062 0 0 0
-8.338 1.038 9.513 0 0 0
0.263 7.113 7.988 0 0 0
0.688 1.188 -0.613 0 0 0
-7.338 16.213 6.238 0 0 0
0.463 -1.012 -0.988 0 0 0
3.938 -3.263 1.088 0 0 0
-14.338 -8.963 0.013 0 0 0
-1.812 0.038 0.062 0 0 0
4.138 4.263 3.663 0 0 0
-7.413 13.013 7.638 0 0 0
-1.663 -0.062 -0.838 0 0 0
-7.088 7.062 8.013 0 0 0
0.913 0.463 -0.213 0 0 0
-2.188 -0.788 9.287 0 0 0
-5.788 -8.912 0.013 0 0 0
-25.188 -11.738 0.013 0 0 0
-0.588 -0.763 -1.038 0 0 0
-2.013 0.013 -0.088 0 0 0
-8.938 -10.663 0.013 0 0 0
-11.763 -10.213 0.013 0 0 0
0.938 0.288 0.312 0 0 0
-1.488 -1.738 -0.938 0 0 0
-2.238 0.038 0.062 0 0 0
-9.638 5.838 8.037 0 0 0
-2.513 -0.788 -1.113 0 0 0
0.013 -1.713 -1.137 0 0 0
-2.788 5.688 8.013 0 0 0
3.938 -4.688 1.863 0 0 0
-3.338 0.062 0.113 0 0 0
0.488 0.463 -0.213 0 0 0
3.938 -2.212 1.338 0 0 0
-2.938 0.838 0.013 0 0 0
-1.588 5.963 7.388 0 0 0
0.788 -0.513 -0.312 0 0 0
0.013 1.688 0.013 0 0 0
0.238 0.663 0.163 0 0 0
-3.988 -0.138 -1.963 0 0 0
0.213 -0.938 -0.988 0 0 0
-1.012 -0.763 -1.038 0 0 0
-0.138 0.588 -0.113 0 0 0
-5.988 -15.613 0.013 0 0 0
-0.888 1.713 -1.012 0 0 0
-1.088 -0.238 -2.463 0 0 0
-19.363 4.088 5.062 0 0 0
-3.163 -1.613 0.013 0 0 0
4.112 -0.188 -1.312 0 0 0
0.913 0.513 0.338 0 0 0
-3.838 7.812 7.163 0 0 0
-3.312 0.338 0.388 0 0 0
0.363 -0.513 -0.312 0 0 0
0.013 2.438 0.013 0 0 0
-6.388 16.188 6.938 0 0 0
0.913 0.812 0.588 0 0 0
0.138 0.562 0.688 0 0 0
-3.088 -0.163 -2.013 0 0 0
3.288 -7.488 4.413 0 0 0
-1.312 1.713 -1.012 0 0 0
0.663 0.988 -0.188 0 0 0
3.838 -2.388 -0.013 0 0 0
0.562 1.137 -0.312 0 0 0
-3.263 -0.163 -0.238 0 0 0
-2.938 3.312 -1.113 0 0 0
0.588 -0.363 -0.062 0 0 0
-2.438 -1.588 -1.062 0 0 0
0.163 0.663 0.038 0 0 0
3.763 0.738 8.037 0 0 0
0.062 -0.138 -1.488 0 0 0
3.988 6.413 8.188 0 0 0
-1.838 9.838 2.788 0 0 0
-3.788 1.012 9.763 0 0 0
4.263 3.463 4.463 0 0 0
-3.438 1.263 0.163 0 0 0
0.312 -0.888 -0.988 0 0 0
-4.788 6.238 8.162 0 0 0
-16.312 1.638 14.562 0 0 0
0.938 0.363 0.338 0 0 0
3.988 5.838 7.913 0 0 0
-3.763 -0.788 9.238 0 0 0
2.963 5.913 8.162 0 0 0
0.688 -1.663 -1.088 0 0 0
-9.263 -9.263 0.013 0 0 0
0.488 -0.088 -0.938 0 0 0
-0.263 0.663 0.038 0 0 0
-0.363 -0.138 -1.488 0 0 0
-3.688 -2.312 0.263 0 0 0
0.312 0.488 0.438 0 0 0
0.537 1.312 -0.688 0 0 0
-2.038 1.713 -1.062 0 0 0
0.463 -0.463 -0.312 0 0 0
-0.113 -0.888 -0.988 0 0 0
4.038 2.788 0.363 0 0 0
-0.938 8.062 7.463 0 0 0
-3.688 1.488 0.013 0 0 0
-1.163 1.588 0.013 0 0 0
-0.163 -0.338 -0.213 0 0 0
-14.913 8.138 7.213 0 0 0
4.062 3.638 5.113 0 0 0
-8.037 1.062 9.838 0 0 0
-7.863 -7.363 4.463 0 0 0
3.988 -2.513 0.988 0 0 0
-2.562 8.037 5.838 0 0 0
-5.613 8.013 5.838 0 0 0
-0.938 1.438 0.013 0 0 0
-2.188 0.038 -0.013 0 0 0
1.088 -0.138 -1.188 0 0 0
-2.463 -1.638 -1.062 0 0 0
-3.288 0.238 0.188 0 0 0
0.463 -0.288 0.088 0 0 0
-2.363 7.913 5.738 0 0 0
-0.613 -0.763 -1.012 0 0 0
0.713 -0.062 -0.537 0 0 0
-2.513 -0.238 -0.438 0 0 0
-3.463 0.238 1.963 0 0 0
-4.112 1.488 0.013 0 0 0
-1.588 1.588 0.013 0 0 0
-3.288 -0.338 -0.088 0 0 0
-2.688 0.113 -1.213 0 0 0
-7.688 7.113 8.062 0 0 0
-3.888 1.338 0.013 0 0 0
-4.737 -7.312 4.213 0 0 0
-0.238 0.088 -0.062 0 0 0
-3.988 -2.013 0.388 0 0 0
-1.088 2.538 0.013 0 0 0
3.688 -0.263 3.338 0 0 0
-3.288 -0.038 0.163 0 0 0
0.038 0.613 0.338 0 0 0
-1.038 -0.763 -1.012 0 0 0
4.237 5.088 6.812 0 0 0
3.238 -3.363 0.988 0 0 0
-1.263 1.338 0.013 0 0 0
-3.312 -0.613 -0.213 0 0 0
0.613 0.838 -0.663 0 0 0
-0.513 5.663 8.013 0 0 0
-2.513 -0.062 -0.038 0 0 0
0.288 -0.788 -1.062 0 0 0
1.012 -0.863 -0.238 0 0 0
0.363 0.038 0.363 0 0 0
0.863 1.988 0.388 0 0 0
-0.638 8.013 7.763 0 0 0
-1.788 1.438 0.013 0 0 0
-1.938 -1.713 -0.913 0 0 0
-0.138 -1.213 -1.088 0 0 0
-12.538 12.663 9.663 0 0 0
-25.663 7.062 8.662 0 0 0
-2.312 -7.288 5.888 0 0 0
-21.213 1.088 8.488 0 0 0
-1.463 -0.763 -1.012 0 0 0
-3.588 6.588 7.488 0 0 0
-0.738 7.538 6.213 0 0 0
-1.763 5.588 7.562 0 0 0
-16.538 5.613 7.963 0 0 0
0.788 0.088 0.913 0 0 0
-0.062 0.038 0.363 0 0 0
-4.438 -9.113 0.013 0 0 0
-3.838 8.062 6.988 0 0 0
-3.088 1.038 0.488 0 0 0
0.613 4.788 3.963 0 0 0
4.163 -4.612 0.013 0 0 0
-3.838 1.438 -0.463 0 0 0
3.812 6.463 8.238 0 0 0
-10.812 1.688 15.888 0 0 0
0.938 0.438 -0.238 0 0 0
3.963 5.488 6.812 0 0 0
-3.963 2.763 -0.738 0 0 0
-5.738 8.013 7.288 0 0 0
-10.338 1.812 17.088 0 0 0
-7.238 -7.238 4.788 0 0 0
-2.663 5.963 7.938 0 0 0
-1.663 -0.763 -1.012 0 0 0
0.938 0.738 0.013 0 0 0
-2.013 -0.163 -1.812 0 0 0
3.838 -3.113 0.913 0 0 0
3.938 2.888 1.163 0 0 0
-1.238 7.113 8.013 0 0 0
-2.038 1.538 0.013 0 0 0
0.738 -0.763 -1.012 0 0 0
4.163 -3.863 0.013 0 0 0
-0.988 -1.213 -1.088 0 0 0
0.988 -0.913 -0.238 0 0 0
-1.163 -1.263 -0.463 0 0 0
-10.363 7.938 6.463 0 0 0
3.788 -3.188 0.938 0 0 0
0.688 -0.312 -3.213 0 0 0
0.138 0.537 0.488 0 0 0
0.913 -0.812 0.013 0 0 0
-2.337 2.238 0.013 0 0 0
0.663 -0.638 -0.763 0 0 0
-18.812 -9.188 0.013 0 0 0
-10.663 5.763 7.713 0 0 0
-2.138 -0.812 0.013 0 0 0
-0.537 0.863 0.713 0 0 0
-2.838 1.588 -0.413 0 0 0
0.513 -0.888 -1.038 0 0 0
-1.113 1.438 -1.088 0 0 0
1.438 -0.788 9.287 0 0 0
-18.887 4.163 4.388 0 0 0
-12.763 12.213 7.113 0 0 0
-2.013 0.062 0.413 0 0 0
-2.863 0.038 -0.413 0 0 0
0.288 1.338 -0.238 0 0 0
-1.413 -1.213 -1.088 0 0 0
-0.363 5.812 8.062 0 0 0
-0.812 -0.138 -1.463 0 0 0
-3.438 1.238 -0.038 0 0 0
0.688 -0.488 -0.263 0 0 0
-3.263 -0.312 -0.288 0 0 0
-3.088 13.888 9.363 0 0 0
-1.062 -1.812 -0.963 0 0 0
-17.938 1.163 9.438 0 0 0
-1.438 -1.288 -0.488 0 0 0
-1.888 0.062 0.288 0 0 0
-4.088 2.538 -0.838 0 0 0
-0.188 -0.488 0.238 0 0 0
-1.488 -1.688 -1.113 0 0 0
-5.388 -10.113 0.013 0 0 0
0.713 0.938 -0.113 0 0 0
0.688 0.838 0.013 0 0 0
-13.388 5.963 8.138 0 0 0
3.913 -4.038 1.188 0 0 0
-4.888 -9.188 0.013 0 0 0
-11.263 14.213 9.363 0 0 0
-0.888 -2.038 -0.938 0 0 0
-3.213 3.312 0.488 0 0 0
-9.838 1.113 10.088 0 0 0
-3.812 1.613 -0.562 0 0 0
-3.263 -0.438 -0.138 0 0 0
-0.138 -0.238 -0.138 0 0 0
0.838 -0.713 -1.012 0 0 0
-9.388 7.438 7.513 0 0 0
-3.438 1.988 -0.038 0 0 0
-2.738 -0.113 -0.113 0 0 0
0.938 -1.137 -0.988 0 0 0
0.213 0.038 0.513 0 0 0
0.613 1.388 0.013 0 0 0
-2.312 0.062 0.288 0 0 0
-5.688 1.763 17.312 0 0 0
-0.388 0.863 0.763 0 0 0
-22.388 -6.838 0.013 0 0 0
4.138 2.288 3.163 0 0 0
3.938 -2.863 1.713 0 0 0
-10.038 7.588 7.513 0 0 0
-3.312 0.388 0.213 0 0 0
-3.038 10.562 1.513 0 0 0
-8.363 -0.763 8.238 0 0 0
-1.713 -0.913 -0.963 0 0 0
4.163 2.562 3.513 0 0 0
-3.263 1.812 1.137 0 0 0
0.062 -0.062 0.013 0 0 0
-1.988 5.863 8.138 0 0 0
3.913 -1.963 1.463 0 0 0
-0.438 0.188 -0.163 0 0 0
-3.463 0.213 1.763 0 0 0
-14.013 -11.338 0.013 0 0 0
0.537 -0.363 -3.688 0 0 0
-5.413 -10.188 0.013 0 0 0
0.513 -0.812 -1.012 0 0 0
-2.038 2.312 -1.113 0 0 0
0.263 1.588 0.013 0 0 0
-1.113 1.513 -1.062 0 0 0
4.138 3.963 4.838 0 0 0
-0.088 0.038 0.388 0 0 0
-2.138 -0.913 -0.963 0 0 0
-11.988 -7.213 4.062 0 0 0
3.963 2.263 3.263 0 0 0
-3.413 -0.763 -0.113 0 0 0
-0.013 -0.188 -0.138 0 0 0
-2.763 1.288 0.013 0 0 0
0.913 -0.213 -2.113 0 0 0
-3.388 -0.363 0.013 0 0 0
-0.113 -0.513 0.013 0 0 0
-9.013 -0.738 7.713 0 0 0
-0.163 1.588 0.013 0 0 0
0.562 -0.138 -1.363 0 0 0
-0.513 0.038 0.388 0 0 0
0.463 -1.288 -0.338 0 0 0
-19.513 0.738 5.163 0 0 0
-12.688 -7.038 1.763 0 0 0
4.138 2.488 3.038 0 0 0
-0.062 -0.288 -0.088 0 0 0
-2.138 1.738 -1.088 0 0 0
0.913 -0.438 -0.312 0 0 0
-2.238 13.513 7.763 0 0 0
-1.538 -1.113 -1.062 0 0 0
4.062 3.062 4.188 0 0 0
-2.212 6.363 8.263 0 0 0
-2.212 -0.312 -0.338 0 0 0
-2.788 0.613 -0.213 0 0 0
3.988 6.062 8.138 0 0 0
0.138 -0.138 -1.363 0 0 0
0.738 -0.013 0.062 0 0 0
0.288 -0.238 -2.263 0 0 0
-0.562 1.288 0.013 0 0 0
-16.963 1.763 15.688 0 0 0
-3.388 1.713 0.288 0 0 0
-1.838 -1.413 -1.088 0 0 0
-3.288 0.288 0.013 0 0 0
-11.713 -8.838 0.013 0 0 0
-5.188 6.863 7.763 0 0 0
-3.113 -10.888 0.013 0 0 0
3.938 4.463 0.588 0 0 0
-3.088 0.163 -0.088 0 0 0
-11.413 6.188 8.238 0 0 0
-8.988 1.088 9.888 0 0 0
-3.463 0.113 0.788 0 0 0
-2.263 -1.413 -1.088 0 0 0
-3.312 0.013 -0.113 0 0 0
-0.363 0.013 0.038 0 0 0
0.638 -0.038 -0.312 0 0 0
3.963 -2.263 1.113 0 0 0
-2.613 0.138 0.938 0 0 0
-0.062 -0.138 -1.363 0 0 0
-10.113 11.538 6.788 0 0 0
3.863 6.338 0.863 0 0 0
-3.312 1.963 0.913 0 0 0
-5.438 -7.463 4.288 0 0 0
-0.263 -0.088 0.038 0 0 0
-13.188 -7.338 2.138 0 0 0
-0.812 -0.163 -1.663 0 0 0
-6.863 -7.263 5.638 0 0 0
-0.788 1.738 -1.012 0 0 0
-3.312 0.763 -0.113 0 0 0
-19.163 5.288 4.713 0 0 0
-1.088 -0.913 -1.012 0 0 0
-1.888 0.038 0.088 0 0 0
-4.038 -11.062 0.013 0 0 0
2.788 7.663 6.363 0 0 0
3.913 -3.038 1.012 0 0 0
-2.438 7.588 7.913 0 0 0
0.463 -1.088 -1.062 0 0 0
-10.562 13.388 7.938 0 0 0
-1.312 -9.312 0.013 0 0 0
-3.338 -1.938 0.013 0 0 0
3.988 -0.288 3.463 0 0 0
-3.363 1.188 0.812 0 0 0
3.863 -3.663 1.913 0 0 0
-1.488 2.588 0.013 0 0 0
-8.912 5.963 8.138 0 0 0
-1.688 -0.788 9.363 0 0 0
0.562 1.438 -0.663 0 0 0
3.812 -2.538 2.288 0 0 0
-5.963 7.062 7.238 0 0 0
4.112 4.737 5.538 0 0 0
4.013 2.913 3.988 0 0 0
0.388 0.812 -0.312 0 0 0
-1.738 0.038 0.138 0 0 0
3.863 -2.337 1.513 0 0 0
-4.062 -11.138 0.013 0 0 0
-6.913 -10.238 0.013 0 0 0
-0.062 0.713 0.338 0 0 0
-0.312 0.163 0.188 0 0 0
-10.538 -7.288 4.213 0 0 0
-1.538 -0.163 -1.788 0 0 0
0.113 0.013 -0.062 0 0 0
0.913 0.562 0.113 0 0 0
-3.238 0.288 -0.088 0 0 0
-18.913 5.513 7.438 0 0 0
-12.638 -7.213 4.612 0 0 0
3.388 -2.188 -0.263 0 0 0
3.588 -6.538 3.812 0 0 0
3.413 0.638 7.013 0 0 0
-0.088 0.013 0.188 0 0 0
-21.788 -5.438 0.013 0 0 0
4.163 -0.188 -1.413 0 0 0
0.363 -0.312 -0.288 0 0 0
-2.863 -0.488 -0.188 0 0 0
3.738 -3.363 0.263 0 0 0
-0.913 1.263 0.013 0 0 0
0.913 0.438 0.263 0 0 0
-2.562 0.138 0.088 0 0 0
4.188 5.713 6.688 0 0 0
3.788 -2.913 2.312 0 0 0
-0.263 -0.188 -0.188 0 0 0
0.838 -0.088 -0.913 0 0 0
-8.312 7.062 7.163 0 0 0
-18.637 -9.488 0.013 0 0 0
-1.638 1.238 0.013 0 0 0
0.913 0.738 0.513 0 0 0
0.888 1.338 0.013 0 0 0
-0.513 1.863 -1.088 0 0 0
0.738 0.838 0.638 0 0 0
-7.013 9.688 2.337 0 0 0
0.663 0.088 1.038 0 0 0
0.763 0.338 -0.238 0 0 0
-0.812 -0.788 -1.088 0 0 0
-6.988 -8.938 0.013 0 0 0
-1.863 -1.238 0.013 0 0 0
4.213 3.288 4.263 0 0 0
2.463 5.613 8.013 0 0 0
-0.812 0.088 -1.238 0 0 0
-7.488 -7.213 4.763 0 0 0
-3.438 1.463 0.188 0 0 0
-1.513 -1.863 -1.012 0 0 0
0.913 0.613 0.663 0 0 0
-3.263 -0.088 -0.062 0 0 0
-3.263 0.938 -0.038 0 0 0
-3.263 0.938 -0.013 0 0 0
0.413 -0.088 -0.913 0 0 0
-19.363 0.663 4.388 0 0 0
-0.088 0.062 0.738 0 0 0
2.788 6.062 8.062 0 0 0
0.463 1.338 0.013 0 0 0
-0.038 -0.312 -0.013 0 0 0
-0.013 -0.312 -0.013 0 0 0
-0.038 -0.312 -0.038 0 0 0
-0.013 -0.312 -0.038 0 0 0
-2.938 -1.263 -1.062 0 0 0
0.488 9.863 2.963 0 0 0
-3.488 2.413 -0.438 0 0 0
3.738 -6.538 4.612 0 0 0
-3.312 0.888 0.463 0 0 0
-1.763 1.263 0.013 0 0 0
-3.263 -0.213 0.088 0 0 0
0.812 7.113 7.963 0 0 0
-1.663 -0.038 -0.488 0 0 0
4.338 6.312 7.763 0 0 0
0.838 -0.038 -0.363 0 0 0
-13.388 -10.088 0.013 0 0 0
3.988 4.088 5.562 0 0 0
0.888 0.363 0.537 0 0 0
-4.388 -17.637 0.013 0 0 0
-7.312 -9.037 0.013 0 0 0
0.688 0.938 0.388 0 0 0
0.363 0.338 0.013 0 0 0
-14.438 6.438 8.312 0 0 0
-0.638 -0.213 0.088 0 0 0
-3.363 0.238 0.213 0 0 0
-2.438 13.688 8.888 0 0 0
-0.913 -0.213 -2.388 0 0 0
-2.188 6.338 8.238 0 0 0
-2.013 -1.312 -1.012 0 0 0
3.913 -1.688 -1.113 0 0 0
-2.763 -0.213 -2.588 0 0 0
3.888 -3.613 1.438 0 0 0
-8.037 1.788 17.062 0 0 0
0.638 -0.062 -0.513 0 0 0
-13.312 -16.438 0.013 0 0 0
0.363 -0.238 -0.263 0 0 0
3.988 5.938 8.238 0 0 0
0.263 -1.738 -1.163 0 0 0
2.087 -7.463 6.238 0 0 0
-3.338 0.088 0.463 0 0 0
-9.838 7.688 7.638 0 0 0
0.763 -0.013 0.038 0 0 0
-2.087 1.163 0.013 0 0 0
3.888 -4.763 1.562 0 0 0
-3.463 -0.763 0.213 0 0 0
3.913 -2.738 1.988 0 0 0
-1.338 -0.213 -2.388 0 0 0
-2.438 -1.312 -1.012 0 0 0
-1.338 2.312 -1.088 0 0 0
3.688 -5.013 2.988 0 0 0
-0.138 -0.738 -1.038 0 0 0
-3.562 1.938 -1.062 0 0 0
0.288 0.038 0.388 0 0 0
0.088 -0.888 -1.038 0 0 0
-9.263 16.713 7.163 0 0 0
-13.913 12.438 7.213 0 0 0
0.913 0.688 0.688 0 0 0
4.112 2.312 3.138 0 0 0
-1.763 2.312 -1.088 0 0 0
-0.562 -0.738 -1.038 0 0 0
-0.588 -0.138 -1.538 0 0 0
-10.838 1.763 16.562 0 0 0
0.088 0.738 -0.513 0 0 0
-0.763 -1.638 -1.038 0 0 0
-0.338 -0.888 -1.038 0 0 0
4.013 2.588 3.538 0 0 0
-8.912 5.938 7.938 0 0 0
3.963 -0.588 6.863 0 0 0
-2.263 -0.788 -0.988 0 0 0
-0.738 10.812 1.513 0 0 0
-1.338 -0.363 -3.913 0 0 0
0.338 1.012 0.013 0 0 0
-3.263 -1.338 -0.913 0 0 0
-3.388 1.638 0.263 0 0 0
0.513 -0.537 -0.238 0 0 0
4.338 5.188 6.763 0 0 0
-14.738 6.038 8.312 0 0 0
-8.363 -15.738 0.013 0 0 0
-1.238 -0.988 -1.088 0 0 0
-2.413 0.038 -0.088 0 0 0
0.562 -1.338 -1.113 0 0 0
4.013 3.963 4.963 0 0 0
-2.488 0.138 0.163 0 0 0
-11.263 1.763 16.562 0 0 0
-0.763 -0.888 -1.038 0 0 0
-1.388 -0.238 -2.488 0 0 0
-0.913 -0.312 -3.363 0 0 0
-3.288 -0.062 0.638 0 0 0
-2.288 -1.613 -0.988 0 0 0
0.638 -0.163 -1.488 0 0 0
3.788 5.788 2.013 0 0 0
-3.588 -7.388 4.988 0 0 0
0.013 -0.438 0.013 0 0 0
0.438 0.312 0.013 0 0 0
-8.513 -11.288 0.013 0 0 0
-3.138 -2.188 0.013 0 0 0
0.238 -0.588 0.013 0 0 0
-1.688 -0.062 -0.938 0 0 0
-7.812 -0.763 8.263 0 0 0
-3.113 0.713 0.013 0 0 0
-3.388 -0.163 -2.038 0 0 0
3.812 3.688 5.188 0 0 0
-5.863 -9.738 0.013 0 0 0
0.388 0.688 -0.213 0 0 0
-3.312 0.688 -0.138 0 0 0
0.812 0.863 0.188 0 0 0
-0.613 0.138 -0.138 0 0 0
0.438 1.062 0.013 0 0 0
-3.113 1.463 0.013 0 0 0
-1.812 7.913 5.713 0 0 0
-3.388 1.263 0.537 0 0 0
0.238 0.613 0.438 0 0 0
-8.912 1.113 10.163 0 0 0
3.938 -1.812 1.363 0 0 0
0.537 -0.988 -1.088 0 0 0
-0.312 -0.138 -1.388 0 0 0
3.888 -2.312 2.113 0 0 0
-1.163 -0.188 -1.938 0 0 0
4.013 5.863 8.188 0 0 0
0.338 8.013 7.738 0 0 0
-0.238 -0.213 -0.213 0 0 0
3.562 -0.788 9.312 0 0 0
-2.337 1.713 -1.088 0 0 0
-9.113 1.088 10.013 0 0 0
-3.863 -10.638 0.013 0 0 0
-1.688 2.312 -1.088 0 0 0
3.463 0.588 6.488 0 0 0
-1.738 -0.088 -1.038 0 0 0
0.113 -0.988 -1.088 0 0 0
0.113 0.513 0.188 0 0 0
-7.388 7.188 8.562 0 0 0
-3.788 -10.438 0.013 0 0 0
4.013 5.113 6.913 0 0 0
-1.963 0.113 0.863 0 0 0
-0.588 -1.038 -0.988 0 0 0
-14.588 -8.763 0.013 0 0 0
0.562 0.113 1.088 0 0 0
0.488 -0.263 0.088 0 0 0
0.913 0.488 0.088 0 0 0
-0.913 -0.763 -1.038 0 0 0
0.913 -0.138 -1.338 0 0 0
-2.013 0.038 0.213 0 0 0
0.913 0.788 0.338 0 0 0
0.738 0.888 0.463 0 0 0
-1.238 3.213 0.013 0 0 0
-1.788 1.738 -1.062 0 0 0
-3.388 0.163 1.213 0 0 0
-6.613 -9.088 0.013 0 0 0
-3.312 -1.312 -0.988 0 0 0
0.062 -0.263 0.088 0 0 0
-13.438 1.088 9.338 0 0 0
-3.038 1.688 -1.113 0 0 0
-9.537 -10.988 0.013 0 0 0
-3.188 0.312 -0.062 0 0 0
0.888 0.688 0.388 0 0 0
-3.238 0.838 0.713 0 0 0
0.062 0.038 0.338 0 0 0
-14.062 1.688 15.488 0 0 0
-5.788 5.788 7.763 0 0 0
-2.888 -0.812 -0.338 0 0 0
0.088 0.463 0.188 0 0 0
-13.338 1.113 9.588 0 0 0
-2.738 0.113 -1.213 0 0 0
-3.338 0.838 0.413 0 0 0
0.062 0.488 0.088 0 0 0
-4.013 6.938 8.238 0 0 0
4.138 3.138 3.488 0 0 0
-0.413 -0.812 -0.988 0 0 0
1.213 -0.238 -2.188 0 0 0
-6.488 -2.363 0.288 0 0 0
-4.338 -0.763 8.738 0 0 0
0.788 7.588 6.288 0 0 0
-1.012 -0.363 -3.812 0 0 0
-11.238 14.188 9.338 0 0 0
0.338 -0.312 -0.312 0 0 0
-2.413 0.013 -0.288 0 0 0
-1.238 1.513 0.013 0 0 0
-4.338 -8.888 0.013 0 0 0
-2.638 -2.013 -0.938 0 0 0
0.288 0.062 0.738 0 0 0
3.888 5.363 7.188 0 0 0
-2.713 0.713 -0.288 0 0 0
0.588 -0.788 9.238 0 0 0
-0.838 -0.812 -0.988 0 0 0
-5.988 13.363 7.788 0 0 0
0.038 -7.413 6.113 0 0 0
-0.588 0.113 0.963 0 0 0
-3.463 -7.463 3.513 0 0 0
3.638 -6.338 3.713 0 0 0
-3.163 -1.588 -0.963 0 0 0
-1.663 1.513 0.013 0 0 0
-2.238 -2.388 -0.913 0 0 0
-1.388 2.613 0.013 0 0 0
-10.812 7.062 8.463 0 0 0
-0.938 -1.812 -0.988 0 0 0
3.963 3.763 5.413 0 0 0
-3.638 -1.812 -0.863 0 0 0
-1.738 -0.163 -1.788 0 0 0
-2.413 -0.138 -1.812 0 0 0
-0.763 9.888 2.888 0 0 0
-6.263 13.338 7.763 0 0 0
-1.638 13.263 7.588 0 0 0
-2.113 0.138 1.012 0 0 0
-17.213 6.013 7.638 0 0 0
-5.763 6.288 8.312 0 0 0
0.788 -0.388 -3.713 0 0 0
0.388 0.537 -0.263 0 0 0
0.763 0.638 0.013 0 0 0
-3.188 0.113 0.613 0 0 0
-2.188 0.062 0.263 0 0 0
3.613 0.463 5.163 0 0 0
0.938 -0.638 0.013 0 0 0
0.938 0.388 0.038 0 0 0
-0.537 5.812 7.913 0 0 0
-4.463 -17.863 0.013 0 0 0
0.537 1.513 0.013 0 0 0
-1.888 3.163 0.013 0 0 0
-4.788 8.113 5.913 0 0 0
0.638 3.263 0.013 0 0 0
-2.388 -7.663 5.113 0 0 0
-3.388 0.088 0.463 0 0 0
0.613 1.713 0.013 0 0 0
-10.713 -10.338 0.013 0 0 0
0.913 0.738 -0.088 0 0 0
-1.763 0.113 0.812 0 0 0
-2.538 -6.588 0.013 0 0 0
-1.738 0.113 0.913 0 0 0
4.288 4.562 6.338 0 0 0
-3.938 -2.062 0.338 0 0 0
-6.312 16.312 6.263 0 0 0
0.113 1.513 0.013 0 0 0
-2.312 3.163 0.013 0 0 0
3.788 -3.238 0.537 0 0 0
3.963 3.338 4.538 0 0 0
2.738 5.838 8.312 0 0 0
-1.963 0.088 0.663 0 0 0
-1.812 0.038 0.163 0 0 0
-11.138 -7.388 1.413 0 0 0
0.213 8.037 7.463 0 0 0
-2.488 0.062 0.138 0 0 0
-2.188 1.263 0.013 0 0 0
-3.312 -0.588 0.088 0 0 0
-5.288 -9.138 0.013 0 0 0
0.413 0.388 -0.263 0 0 0
-0.312 0.062 -0.038 0 0 0
-10.062 1.038 9.287 0 0 0
0.913 0.463 -0.113 0 0 0
-2.463 -0.163 -1.913 0 0 0
-3.363 3.163 0.863 0 0 0
3.562 -9.788 0.013 0 0 0
0.838 -0.888 0.013 0 0 0
0.812 -1.463 -1.113 0 0 0
-3.338 -0.238 -0.013 0 0 0
-1.413 1.513 -1.088 0 0 0
0.638 1.562 0.013 0 0 0
0.688 -0.138 -1.388 0 0 0
-2.238 0.038 0.163 0 0 0
-2.337 -0.838 0.013 0 0 0
-1.038 -0.163 -1.713 0 0 0
3.888 -2.212 -0.863 0 0 0
0.913 0.638 0.288 0 0 0
-11.713 5.838 7.413 0 0 0
-2.113 0.038 0.038 0 0 0
-4.463 6.938 8.263 0 0 0
0.363 -0.388 -0.363 0 0 0
0.588 0.088 1.062 0 0 0
-11.812 1.088 9.488 0 0 0
-10.838 -9.412 0.013 0 0 0
-1.088 1.263 -1.088 0 0 0
-5.663 6.338 7.713 0 0 0
-2.863 0.613 0.013 0 0 0
0.562 0.388 -0.213 0 0 0
-0.888 -0.763 -1.062 0 0 0
-9.562 6.938 8.312 0 0 0
0.913 0.513 0.438 0 0 0
0.938 -0.738 -0.963 0 0 0
-7.913 -10.113 0.013 0 0 0
-7.488 -0.763 9.162 0 0 0
-0.288 -0.213 0.113 0 0 0
-0.312 -0.788 -1.012 0 0 0
-5.763 1.012 9.513 0 0 0
-2.738 1.463 0.013 0 0 0
0.388 1.663 0.013 0 0 0
-3.238 3.463 0.388 0 0 0
-2.163 0.088 -1.363 0 0 0
-3.338 0.113 0.763 0 0 0
-2.988 -1.388 -0.113 0 0 0
-3.413 7.013 7.963 0 0 0
3.913 -1.562 1.488 0 0 0
-12.438 14.413 7.688 0 0 0
-7.863 5.538 7.888 0 0 0
-12.738 -7.062 1.763 0 0 0
3.538 -0.363 4.538 0 0 0
-3.288 3.388 -0.263 0 0 0
-3.338 0.562 0.513 0 0 0
-11.213 13.688 8.138 0 0 0
-7.663 16.163 6.213 0 0 0
0.338 -0.463 -0.363 0 0 0
-6.838 -2.337 -0.163 0 0 0
-3.263 -0.288 0.013 0 0 0
-3.763 0.338 2.913 0 0 0
0.213 -0.738 -1.012 0 0 0
0.938 0.363 0.438 0 0 0
0.288 0.788 -0.213 0 0 0
0.163 0.537 0.288 0 0 0
-0.363 6.288 8.113 0 0 0
-9.588 13.688 8.088 0 0 0
-4.663 12.188 7.388 0 0 0
-8.963 8.162 6.663 0 0 0
0.312 0.488 0.537 0 0 0
-2.013 1.812 -1.088 0 0 0
-3.062 1.363 0.013 0 0 0
-6.388 -2.188 0.263 0 0 0
0.288 0.513 0.438 0 0 0
-3.488 -0.838 -0.113 0 0 0
-3.363 -1.288 0.013 0 0 0
-2.038 -0.763 -1.113 0 0 0
-3.263 0.463 0.013 0 0 0
-3.513 -10.838 0.013 0 0 0
0.088 0.513 0.688 0 0 0
-0.213 -0.738 -1.012 0 0 0
-1.963 -0.163 -1.838 0 0 0
3.938 5.562 0.738 0 0 0
-1.012 5.863 7.838 0 0 0
4.188 3.588 3.938 0 0 0
0.913 0.588 0.463 0 0 0
3.963 -2.488 0.988 0 0 0
-3.288 0.812 -0.113 0 0 0
0.888 1.438 -0.938 0 0 0
-2.038 -0.888 -0.963 0 0 0
-0.788 -9.088 0.013 0 0 0
-2.863 -7.613 5.038 0 0 0
4.213 5.513 6.013 0 0 0
3.388 0.688 7.263 0 0 0
-2.463 -0.763 -1.113 0 0 0
-18.288 6.013 8.188 0 0 0
0.838 -0.513 -0.312 0 0 0
0.838 0.513 -0.288 0 0 0
-2.513 -0.238 -0.338 0 0 0
-3.163 -0.838 -1.012 0 0 0
-0.638 -0.738 -1.012 0 0 0
4.112 5.413 7.538 0 0 0
-3.463 0.238 2.062 0 0 0
-2.363 -1.188 -1.088 0 0 0
0.463 0.113 -1.213 0 0 0
-3.288 -0.338 0.013 0 0 0
-1.038 -0.238 -2.463 0 0 0
-9.312 -9.312 0.013 0 0 0
-1.963 -1.588 -1.062 0 0 0
3.963 -2.312 1.388 0 0 0
-9.988 -7.388 4.338 0 0 0
-4.612 7.913 6.888 0 0 0
3.763 9.188 1.263 0 0 0
-19.263 4.288 3.538 0 0 0
3.913 -2.688 0.488 0 0 0
4.213 4.188 5.138 0 0 0
-3.513 0.562 0.013 0 0 0
-1.062 -0.738 -1.012 0 0 0
0.263 0.463 0.438 0 0 0
0.488 1.288 -0.688 0 0 0
-3.312 0.413 -0.088 0 0 0
3.238 7.062 8.287 0 0 0
3.638 -0.312 3.938 0 0 0
0.363 0.038 0.463 0 0 0
-3.588 7.163 7.863 0 0 0
0.413 -0.062 -0.562 0 0 0
-1.062 1.213 0.013 0 0 0
-2.312 -0.188 -0.013 0 0 0
3.713 -6.663 3.938 0 0 0
-1.963 -0.838 -1.062 0 0 0
-8.037 16.613 7.138 0 0 0
-7.588 5.988 8.062 0 0 0
0.488 -7.738 3.788 0 0 0
-1.363 5.488 7.713 0 0 0
-3.363 0.388 0.413 0 0 0
-5.688 6.788 7.763 0 0 0
0.788 0.088 1.012 0 0 0
-0.338 5.888 7.888 0 0 0
-1.338 -0.763 -1.038 0 0 0
3.488 0.562 6.263 0 0 0
-3.312 1.213 1.062 0 0 0
3.562 8.513 2.812 0 0 0
-10.013 -9.663 0.013 0 0 0
-1.488 1.213 0.013 0 0 0
-2.113 0.013 -0.163 0 0 0
-11.588 8.238 6.088 0 0 0
0.938 0.438 -0.138 0 0 0
-18.913 5.288 7.312 0 0 0
-1.988 -1.638 -1.062 0 0 0
-0.088 -0.213 0.062 0 0 0
-1.463 -1.312 -1.038 0 0 0
0.388 0.463 -0.288 0 0 0
-3.413 1.062 0.438 0 0 0
-1.688 0.062 0.388 0 0 0
-6.763 -15.163 0.013 0 0 0
3.938 -0.363 4.237 0 0 0
-1.663 -1.188 -1.012 0 0 0
-2.562 -0.088 -0.038 0 0 0
-3.688 2.138 -0.863 0 0 0
4.163 -4.288 0.013 0 0 0
-3.413 1.513 0.188 0 0 0
0.463 -0.788 9.363 0 0 0
0.413 -0.438 -0.288 0 0 0
3.888 -2.588 0.888 0 0 0
4.263 7.863 1.588 0 0 0
0.988 2.312 0.013 0 0 0
-16.438 6.688 8.088 0 0 0
-21.863 -6.263 0.013 0 0 0
-2.838 -0.438 -0.038 0 0 0
-1.738 1.312 0.013 0 0 0
0.213 -1.638 -1.062 0 0 0
0.338 -2.087 -0.938 0 0 0
-1.888 0.062 0.388 0 0 0
-3.263 -0.763 8.812 0 0 0
-7.613 7.113 8.488 0 0 0
-3.388 1.213 0.863 0 0 0
3.038 -0.738 8.963 0 0 0
4.237 -6.538 0.013 0 0 0
3.938 -0.213 -1.663 0 0 0
0.438 0.113 -1.188 0 0 0
0.663 1.438 -0.388 0 0 0
0.463 -0.338 -0.238 0 0 0
-13.388 1.012 8.613 0 0 0
-3.312 0.663 0.338 0 0 0
-3.263 -0.438 -0.038 0 0 0
-2.463 0.113 0.138 0 0 0
-2.163 1.312 0.013 0 0 0
-1.312 -0.888 -0.963 0 0 0
0.213 0.613 0.213 0 0 0
-1.638 -9.287 0.013 0 0 0
4.188 4.138 4.013 0 0 0
-3.138 1.012 -0.013 0 0 0
-3.138 1.012 -0.038 0 0 0
0.613 -0.113 -1.163 0 0 0
-2.312 0.062 0.388 0 0 0
-2.613 -1.763 -0.913 0 0 0
-1.963 -0.188 -2.038 0 0 0
-2.888 -0.338 -0.288 0 0 0
0.863 -0.413 -0.238 0 0 0
-3.312 0.388 0.312 0 0 0
-1.663 0.088 0.788 0 0 0
-0.688 -0.788 9.312 0 0 0
0.838 0.088 0.913 0 0 0
-10.062 6.788 8.138 0 0 0
-0.663 -0.163 -1.713 0 0 0
-3.163 0.213 -0.013 0 0 0
-0.713 -1.088 -1.062 0 0 0
0.938 -0.788 9.263 0 0 0
3.963 3.188 0.413 0 0 0
0.288 -0.488 0.013 0 0 0
0.562 0.613 0.013 0 0 0
0.488 -0.788 -1.012 0 0 0
-2.062 1.338 0.013 0 0 0
-11.763 8.037 7.038 0 0 0
0.363 -0.288 0.013 0 0 0
0.788 0.463 0.013 0 0 0
-2.087 -0.213 0.013 0 0 0
-2.312 0.113 0.938 0 0 0
-10.888 -8.812 0.013 0 0 0
0.513 -0.938 -0.763 0 0 0
-2.812 2.788 -0.913 0 0 0
-2.788 1.312 0.013 0 0 0
-1.812 6.963 7.863 0 0 0
-14.038 -10.562 0.013 0 0 0
-8.263 9.812 -0.763 0 0 0
0.562 -0.138 -1.263 0 0 0
-5.438 -9.412 0.013 0 0 0
0.562 1.363 0.013 0 0 0
0.062 -0.788 -1.012 0 0 0
-0.038 -0.763 9.113 0 0 0
-0.062 -0.288 0.013 0 0 0
-2.013 7.963 7.738 0 0 0
-6.463 15.562 8.963 0 0 0
-0.088 0.613 -0.513 0 0 0
-1.913 0.013 -0.213 0 0 0
-8.463 5.988 8.088 0 0 0
-2.513 5.738 8.088 0 0 0
-3.238 0.938 0.363 0 0 0
0.963 1.988 0.062 0 0 0
-5.188 6.113 7.863 0 0 0
0.788 0.062 0.812 0 0 0
0.263 0.038 0.288 0 0 0
-2.812 2.963 -0.513 0 0 0
-0.963 -0.988 -1.062 0 0 0
0.038 -0.388 0.013 0 0 0
0.138 1.363 0.013 0 0 0
0.388 1.588 -0.613 0 0 0
0.613 -0.213 -2.138 0 0 0
0.537 -0.363 -0.238 0 0 0
-12.438 5.488 7.913 0 0 0
-10.438 5.438 7.613 0 0 0
3.763 -0.213 2.863 0 0 0
-1.562 -0.763 -1.088 0 0 0
-7.163 9.913 2.388 0 0 0
0.062 0.013 0.138 0 0 0
3.988 -0.213 -1.763 0 0 0
-0.062 3.812 0.013 0 0 0
0.338 -0.363 0.013 0 0 0
4.213 5.088 4.588 0 0 0
-3.688 6.013 7.812 0 0 0
-2.888 1.062 0.013 0 0 0
0.713 3.812 5.438 0 0 0
-2.738 -2.388 -0.888 0 0 0
-12.463 8.263 6.113 0 0 0
-2.812 1.238 0.013 0 0 0
0.888 1.988 0.463 0 0 0
-0.163 0.038 0.288 0 0 0
0.938 0.288 -0.188 0 0 0
-1.538 -1.663 -1.088 0 0 0
-3.062 -0.038 -0.888 0 0 0
-1.913 -0.138 -1.738 0 0 0
-2.513 -0.312 -0.363 0 0 0
-14.713 -0.763 7.688 0 0 0
0.888 0.838 0.588 0 0 0
-0.438 8.088 7.838 0 0 0
-8.988 -10.713 0.013 0 0 0
-22.363 1.913 16.713 0 0 0
-1.438 1.438 -1.088 0 0 0
-3.213 3.688 -0.413 0 0 0
0.788 1.812 -0.838 0 0 0
3.663 -7.338 2.888 0 0 0
-4.163 -7.288 4.188 0 0 0
-3.312 0.463 -0.263 0 0 0
-1.538 -1.788 -0.938 0 0 0
-3.013 1.088 0.013 0 0 0
-1.963 -1.663 -1.088 0 0 0
-6.963 10.238 1.513 0 0 0
0.913 1.963 -0.013 0 0 0
0.062 0.062 0.688 0 0 0
-6.263 -8.963 0.013 0 0 0
-4.663 13.963 9.438 0 0 0
-10.238 -0.763 8.162 0 0 0
-0.388 -0.838 -1.012 0 0 0
-1.137 5.963 7.812 0 0 0
-7.062 -7.288 4.838 0 0 0
-2.488 -0.013 -0.088 0 0 0
-2.488 -0.038 -0.088 0 0 0
1.388 -7.713 3.812 0 0 0
-3.312 1.838 1.163 0 0 0
3.988 2.663 0.338 0 0 0
-0.488 -0.088 -0.113 0 0 0
0.913 0.812 0.088 0 0 0
-2.113 0.062 0.338 0 0 0
-12.588 5.613 7.688 0 0 0
-3.312 0.638 0.138 0 0 0
-0.688 -0.363 -3.838 0 0 0
3.413 -0.463 5.713 0 0 0
3.713 -0.213 -1.713 0 0 0
3.713 -7.312 4.312 0 0 0
-5.488 -7.663 3.888 0 0 0
3.888 -1.738 -0.812 0 0 0
4.112 3.363 4.213 0 0 0
0.863 0.763 0.588 0 0 0
-2.413 -0.388 -4.163 0 0 0
1.588 5.688 8.088 0 0 0
-2.588 -0.788 -0.988 0 0 0
3.913 -3.163 1.263 0 0 0
-0.463 -7.513 5.163 0 0 0
-2.263 5.913 7.913 0 0 0
-2.238 6.338 8.438 0 0 0
-3.213 -0.088 -1.288 0 0 0
-3.663 -7.338 4.237 0 0 0
-3.438 0.238 -0.363 0 0 0
3.913 -4.713 2.788 0 0 0
-4.088 -0.938 -0.638 0 0 0
-4.663 -7.238 5.738 0 0 0
-12.163 -9.162 0.013 0 0 0
3.613 6.062 7.913 0 0 0
-2.888 6.038 8.013 0 0 0
1.888 -7.788 3.863 0 0 0
-1.738 0.038 0.238 0 0 0
-0.088 -0.288 0.038 0 0 0
-1.188 -0.213 -2.438 0 0 0
-1.663 13.413 7.688 0 0 0
-2.288 12.213 7.513 0 0 0
-3.263 0.013 -0.338 0 0 0
-0.888 1.663 0.013 0 0 0
-0.113 -0.263 -0.062 0 0 0
-1.363 6.463 7.938 0 0 0
-9.938 6.188 8.213 0 0 0
-14.388 1.738 15.838 0 0 0
-1.788 11.013 8.963 0 0 0
-2.388 -1.288 -0.562 0 0 0
0.913 0.438 0.363 0 0 0
-1.312 1.663 0.013 0 0 0
4.188 2.562 3.312 0 0 0
-4.038 -1.812 0.537 0 0 0
-1.913 -1.488 -0.938 0 0 0
-3.213 -0.038 -0.738 0 0 0
-3.413 1.163 0.812 0 0 0
-2.188 0.088 0.613 0 0 0
-1.538 2.538 0.013 0 0 0
-3.263 -0.388 -0.213 0 0 0
-3.088 5.763 8.162 0 0 0
3.913 -0.588 7.062 0 0 0
-3.738 -2.513 0.013 0 0 0
3.763 -2.188 0.888 0 0 0
-0.213 -0.088 0.038 0 0 0
4.112 -3.688 0.013 0 0 0
0.413 -0.338 0.088 0 0 0
0.113 0.062 0.588 0 0 0
-18.413 5.463 7.588 0 0 0
-3.363 0.062 -0.088 0 0 0
-5.663 6.888 7.788 0 0 0
-10.163 11.588 6.812 0 0 0
-5.463 5.763 8.062 0 0 0
-1.613 -0.363 -3.963 0 0 0
3.738 -5.513 4.737 0 0 0
-0.238 -0.188 0.088 0 0 0
-3.413 1.738 -0.188 0 0 0
-3.388 0.138 0.963 0 0 0
3.788 -1.938 0.013 0 0 0
4.388 5.038 6.562 0 0 0
-6.838 -15.363 0.013 0 0 0
3.988 3.638 5.238 0 0 0
-8.713 -4.062 2.138 0 0 0
-1.663 -0.013 -0.388 0 0 0
-2.713 -0.138 -1.838 0 0 0
-9.838 -10.913 0.013 0 0 0
3.763 -0.213 -1.812 0 0 0
-2.763 -1.488 -0.938 0 0 0
-3.562 -1.012 -1.088 0 0 0
0.363 0.913 -0.288 0 0 0
0.913 -0.863 -1.038 0 0 0
-3.613 8.062 7.013 0 0 0
-3.363 0.238 0.312 0 0 0
0.888 0.812 0.388 0 0 0
0.263 0.638 0.238 0 0 0
0.963 -0.613 0.013 0 0 0
-4.237 6.338 8.388 0 0 0
-0.288 7.138 8.037 0 0 0
-1.263 9.938 8.888 0 0 0
-1.137 8.113 7.513 0 0 0
-3.338 0.088 0.562 0 0 0
-9.713 8.213 6.062 0 0 0
3.938 4.038 0.537 0 0 0
-1.538 1.588 0.013 0 0 0
-0.463 0.013 -0.038 0 0 0
-0.463 0.013 -0.013 0 0 0
0.537 -0.038 -0.388 0 0 0
3.888 -2.863 1.538 0 0 0
0.688 -0.088 -0.888 0 0 0
-3.363 1.438 0.738 0 0 0
-7.638 -10.913 0.013 0 0 0
3.988 2.913 4.112 0 0 0
-3.562 1.938 -0.963 0 0 0
4.062 -9.113 0.013 0 0 0
-3.663 -1.263 -1.088 0 0 0
-1.788 -1.288 -0.513 0 0 0
-17.012 -0.812 9.713 0 0 0
-1.863 -2.363 -0.888 0 0 0
-1.562 -1.163 -1.012 0 0 0
-1.913 -0.312 -3.463 0 0 0
-14.363 5.663 8.188 0 0 0
-1.963 1.588 0.013 0 0 0
-6.888 1.738 16.863 0 0 0
-1.338 3.062 -0.988 0 0 0
-19.488 -8.263 0.013 0 0 0
-0.613 0.113 1.088 0 0 0
-3.413 -0.663 0.363 0 0 0
0.863 -0.863 0.013 0 0 0
-1.163 -0.788 9.037 0 0 0
0.812 1.238 0.013 0 0 0
0.713 0.088 1.038 0 0 0
-1.213 -1.288 -0.463 0 0 0
-16.963 1.638 14.613 0 0 0
-2.163 -0.463 -0.613 0 0 0
-8.088 -7.188 5.513 0 0 0
-2.238 -0.363 -0.363 0 0 0
0.913 -0.062 -0.488 0 0 0
-12.138 5.888 7.913 0 0 0
1.062 -0.163 -1.388 0 0 0
-4.088 -0.963 -0.838 0 0 0
-2.038 7.088 8.388 0 0 0
-1.763 3.062 -0.988 0 0 0
2.062 -7.763 3.038 0 0 0
4.138 2.588 3.513 0 0 0
-11.013 -11.013 0.013 0 0 0
-2.087 -0.963 0.013 0 0 0
-10.938 1.788 16.688 0 0 0
0.537 0.888 0.013 0 0 0
-9.138 1.062 9.713 0 0 0
-10.788 -11.163 0.013 0 0 0
-0.113 -0.288 -0.263 0 0 0
-2.288 1.488 0.013 0 0 0
4.138 6.188 6.738 0 0 0
0.763 -1.463 -1.113 0 0 0
-1.188 -0.763 -1.088 0 0 0
-14.838 13.438 7.138 0 0 0
1.888 5.738 8.037 0 0 0
3.588 0.488 5.288 0 0 0
-14.238 1.663 15.138 0 0 0
0.913 0.413 0.163 0 0 0
-2.913 -0.738 -0.263 0 0 0
-0.188 1.588 0.013 0 0 0
-2.038 0.013 -0.088 0 0 0
-2.488 1.338 0.013 0 0 0
-3.312 0.688 -0.013 0 0 0
-16.262 5.938 8.613 0 0 0
-2.312 -0.213 -0.238 0 0 0
-1.062 1.438 -1.088 0 0 0
-1.062 7.538 7.913 0 0 0
0.013 3.238 0.013 0 0 0
-1.363 -1.213 -1.088 0 0 0
-1.062 -7.688 5.213 0 0 0
3.938 -2.688 1.613 0 0 0
0.838 0.838 0.312 0 0 0
-2.463 0.013 -0.088 0 0 0
-0.363 -0.788 -1.012 0 0 0
-3.963 1.012 9.713 0 0 0
3.888 -2.788 0.963 0 0 0
-2.838 -0.113 -1.513 0 0 0
-1.488 1.438 -1.088 0 0 0
-25.663 7.562 6.413 0 0 0
-3.388 0.113 0.763 0 0 0
-3.388 1.137 0.788 0 0 0
-9.888 7.738 7.663 0 0 0
-1.788 -1.213 -1.088 0 0 0
0.088 0.688 -0.238 0 0 0
-3.338 0.338 0.388 0 0 0
-2.038 -0.138 -1.613 0 0 0
-2.888 -0.188 -2.163 0 0 0
4.213 4.513 5.738 0 0 0
-3.263 -0.513 -0.113 0 0 0
-20.188 -19.488 0.013 0 0 0
-2.113 -0.463 -0.713 0 0 0
0.838 -1.213 -1.088 0 0 0
-1.888 -0.763 -0.963 0 0 0
-3.062 -10.663 0.013 0 0 0
0.763 -0.363 -0.312 0 0 0
-2.087 5.913 7.888 0 0 0
0.288 0.863 -0.088 0 0 0
-0.613 -0.138 -1.413 0 0 0
0.913 0.488 0.188 0 0 0
-0.363 -0.312 -0.363 0 0 0
-5.138 5.913 7.888 0 0 0
-3.238 1.238 0.013 0 0 0
3.988 -4.062 0.688 0 0 0
0.613 -1.338 -1.113 0 0 0
-5.988 -9.213 0.013 0 0 0
-3.588 0.688 0.013 0 0 0
-0.638 1.538 0.013 0 0 0
0.413 -1.213 -1.088 0 0 0
-2.312 -0.763 -0.963 0 0 0
-8.838 8.113 7.338 0 0 0
-15.738 8.912 7.913 0 0 0
-3.062 -6.562 0.013 0 0 0
0.913 0.363 0.338 0 0 0
-2.888 -0.537 -0.213 0 0 0
-2.238 0.062 0.463 0 0 0
-3.288 0.588 -0.238 0 0 0
0.988 2.013 0.463 0 0 0
-11.938 1.763 16.288 0 0 0
-3.263 0.113 0.038 0 0 0
-3.413 1.088 0.788 0 0 0
0.913 0.663 0.588 0 0 0
-0.938 9.763 2.838 0 0 0
4.188 3.663 4.062 0 0 0
-4.388 1.062 10.263 0 0 0
-2.138 15.638 8.812 0 0 0
0.263 0.513 0.338 0 0 0
-0.138 -0.888 -0.988 0 0 0
-3.288 -0.213 -2.663 0 0 0
-0.638 -0.913 0.013 0 0 0
4.038 1.863 0.213 0 0 0
-1.812 0.113 1.012 0 0 0
-6.638 -7.263 5.663 0 0 0
4.163 6.013 8.062 0 0 0
-1.988 0.013 -0.188 0 0 0
0.088 0.463 0.288 0 0 0
-1.263 -0.838 -1.038 0 0 0
-12.363 1.763 16.288 0 0 0
4.188 5.038 5.488 0 0 0
-3.288 -0.738 -1.113 0 0 0
0.188 0.038 0.312 0 0 0
0.537 -0.613 -0.713 0 0 0
-0.963 1.438 0.013 0 0 0
4.263 5.988 6.688 0 0 0
1.163 -7.738 3.038 0 0 0
0.263 0.812 -0.088 0 0 0
3.863 -2.438 -0.688 0 0 0
-3.263 -7.438 5.038 0 0 0
1.888 -6.613 0.013 0 0 0
-11.863 5.963 8.013 0 0 0
0.238 -0.338 -0.062 0 0 0
-0.038 -0.513 0.188 0 0 0
-2.413 6.988 7.913 0 0 0
-0.838 2.288 0.013 0 0 0
-0.238 0.038 0.312 0 0 0
3.763 -3.638 2.788 0 0 0
0.763 0.013 -0.013 0 0 0
-25.062 5.613 8.287 0 0 0
4.163 5.863 6.538 0 0 0
4.188 5.263 7.038 0 0 0
-0.588 0.113 1.062 0 0 0
3.038 -7.388 5.338 0 0 0
-1.988 -0.138 -1.713 0 0 0
-2.588 6.363 8.263 0 0 0
3.812 -3.613 0.613 0 0 0
-0.713 -0.812 -1.012 0 0 0
4.288 6.988 1.413 0 0 0
-11.038 11.188 9.312 0 0 0
0.163 0.562 0.588 0 0 0
0.913 -0.238 -2.212 0 0 0
-18.512 -9.838 0.013 0 0 0
-4.338 1.338 0.013 0 0 0
-0.963 5.788 7.863 0 0 0
-1.763 -7.513 5.138 0 0 0
-1.312 -0.163 -1.763 0 0 0
-0.863 1.488 0.013 0 0 0
3.938 -2.588 1.263 0 0 0
4.062 -0.213 -1.688 0 0 0
0.488 -0.638 -0.812 0 0 0
4.062 5.888 7.312 0 0 0
-1.488 3.188 0.013 0 0 0
-12.738 1.088 9.513 0 0 0
-0.163 -0.788 -1.062 0 0 0
4.163 -6.413 0.013 0 0 0
0.488 -2.087 -0.938 0 0 0
-0.988 -1.438 -1.113 0 0 0
-2.538 -0.213 -0.288 0 0 0
-1.363 1.288 0.013 0 0 0
0.463 1.288 -1.038 0 0 0
-3.188 0.113 0.713 0 0 0
3.863 -2.613 1.663 0 0 0
-1.288 1.488 0.013 0 0 0
4.237 3.388 3.713 0 0 0
-4.088 -0.913 -1.012 0 0 0
-2.062 0.062 0.238 0 0 0
-0.588 -0.788 -1.062 0 0 0
0.238 -0.263 -0.013 0 0 0
0.913 0.738 0.013 0 0 0
0.238 -0.263 -0.038 0 0 0
4.263 -7.113 0.013 0 0 0
-2.038 -0.163 -1.812 0 0 0
-0.588 0.088 -1.213 0 0 0
-2.638 0.688 -0.413 0 0 0
-2.538 5.913 8.188 0 0 0
-1.538 5.863 7.838 0 0 0
-1.713 1.488 0.013 0 0 0
4.237 -8.662 0.013 0 0 0
-0.312 -0.238 -0.188 0 0 0
-6.863 -10.988 0.013 0 0 0
0.138 0.062 0.763 0 0 0
0.838 1.288 0.013 0 0 0
3.988 4.388 5.913 0 0 0
-11.188 5.838 7.812 0 0 0
-3.312 0.438 0.213 0 0 0
-0.562 0.863 0.713 0 0 0
-2.863 1.588 -0.413 0 0 0
-1.088 -1.688 -1.113 0 0 0
-0.562 1.838 -1.088 0 0 0
-0.613 -0.163 -1.613 0 0 0
0.488 0.738 0.013 0 0 0
-1.463 -2.062 -0.888 0 0 0
2.288 6.013 7.888 0 0 0
3.013 5.763 8.062 0 0 0
0.713 0.588 0.013 0 0 0
-11.113 8.188 6.038 0 0 0
-2.288 10.788 1.538 0 0 0
-1.613 -9.113 0.013 0 0 0
-2.113 1.188 0.013 0 0 0
1.488 3.938 5.438 0 0 0
0.413 1.288 0.013 0 0 0
-14.663 -7.812 -0.812 0 0 0
-15.312 1.738 15.713 0 0 0
0.688 -0.138 -1.288 0 0 0
0.688 2.388 0.013 0 0 0
0.913 0.338 0.138 0 0 0
0.588 -0.263 -0.238 0 0 0
4.013 4.638 5.038 0 0 0
4.263 5.388 7.488 0 0 0
-0.688 -0.213 -2.363 0 0 0
-5.838 5.688 7.938 0 0 0
-0.988 1.838 -1.088 0 0 0
-0.388 0.062 0.463 0 0 0
-1.888 -2.062 -0.888 0 0 0
-25.013 5.163 6.938 0 0 0
-10.763 -10.388 0.013 0 0 0
0.812 -0.138 -1.413 0 0 0
-1.438 -9.037 0.013 0 0 0
0.812 -0.713 -1.012 0 0 0
-2.138 -0.963 0.013 0 0 0
-3.463 1.988 -0.038 0 0 0
-1.738 -0.788 -1.113 0 0 0
-2.538 1.188 0.013 0 0 0
4.013 6.938 8.138 0 0 0
-1.113 -0.213 -2.363 0 0 0
-18.738 -9.138 0.013 0 0 0
-4.038 -1.888 0.463 0 0 0
0.638 1.263 -0.738 0 0 0
0.913 0.513 0.537 0 0 0
-1.413 1.838 -1.088 0 0 0
0.238 0.537 0.513 0 0 0
0.312 -0.913 -1.012 0 0 0
3.888 -3.263 2.337 0 0 0
-1.113 5.938 7.788 0 0 0
0.388 -0.138 -1.413 0 0 0
-3.288 1.812 1.137 0 0 0
-3.263 -0.463 -0.288 0 0 0
-2.812 -0.788 -1.038 0 0 0
-9.863 8.037 7.013 0 0 0
-2.963 1.188 0.013 0 0 0
-3.238 3.463 0.488 0 0 0
0.312 -0.213 -2.163 0 0 0
-11.738 5.613 7.713 0 0 0
-7.713 -8.888 0.013 0 0 0
-0.113 -0.913 -1.012 0 0 0
0.562 -0.312 -0.238 0 0 0
-2.663 7.138 6.938 0 0 0
3.863 -2.488 2.238 0 0 0
4.038 4.688 5.838 0 0 0
-2.188 -0.438 -0.488 0 0 0
-3.263 -0.288 0.113 0 0 0
0.312 1.463 -0.488 0 0 0
3.988 2.513 3.638 0 0 0
0.688 -0.238 -2.263 0 0 0
4.038 2.488 0.312 0 0 0
-4.213 13.488 7.788 0 0 0
-8.213 5.738 7.988 0 0 0
-1.613 -0.763 -1.088 0 0 0
0.288 -0.363 0.013 0 0 0
0.888 -0.763 -0.963 0 0 0
-7.688 7.088 8.037 0 0 0
-1.038 11.013 8.938 0 0 0
-2.888 -0.613 -0.238 0 0 0
-0.238 -0.138 -1.413 0 0 0
-2.413 4.263 -0.738 0 0 0
0.863 -1.463 -1.113 0 0 0
0.263 1.438 0.013 0 0 0
-7.838 -8.688 0.013 0 0 0
-2.988 1.137 0.013 0 0 0
1.438 7.538 8.037 0 0 0
0.913 0.588 0.562 0 0 0
-14.538 6.088 8.188 0 0 0
-1.663 -1.388 -0.188 0 0 0
3.763 -1.913 0.938 0 0 0
-0.138 -0.963 -1.012 0 0 0
-0.113 0.062 0.537 0 0 0
-1.062 0.113 -1.288 0 0 0
-2.688 1.312 0.013 0 0 0
1.638 5.838 8.037 0 0 0
-3.388 -10.413 0.013 0 0 0
-2.062 0.038 0.038 0 0 0
-0.388 0.138 -0.113 0 0 0
3.812 -1.688 0.838 0 0 0
-3.312 -10.238 0.013 0 0 0
-0.163 1.438 0.013 0 0 0
0.638 -1.413 -0.213 0 0 0
-3.288 0.688 0.138 0 0 0
-2.713 -0.113 -0.213 0 0 0
0.688 -0.388 -3.788 0 0 0
0.537 -1.263 -0.338 0 0 0
-7.812 -7.488 1.963 0 0 0
0.838 -0.062 -0.463 0 0 0
0.163 -0.763 -1.012 0 0 0
-3.312 1.613 1.038 0 0 0
-0.663 1.238 0.013 0 0 0
0.663 0.938 0.188 0 0 0
-3.113 1.312 0.013 0 0 0
0.613 -0.038 -0.312 0 0 0
-2.863 -0.338 -0.488 0 0 0
-17.688 -11.038 0.013 0 0 0
-2.488 0.038 0.038 0 0 0
-3.312 0.413 0.013 0 0 0
-0.338 -0.963 -1.012 0 0 0
-1.238 -7.738 5.238 0 0 0
-0.588 1.438 0.013 0 0 0
-15.688 1.137 9.713 0 0 0
-3.413 -1.312 0.013 0 0 0
0.413 -0.062 -0.463 0 0 0
3.863 8.188 1.113 0 0 0
-0.263 -0.763 -1.012 0 0 0
-0.938 -0.738 -1.038 0 0 0
0.588 -0.588 -0.688 0 0 0
-9.613 6.963 8.338 0 0 0
-2.188 -1.113 -1.062 0 0 0
0.013 0.488 -0.088 0 0 0
-2.288 11.238 7.388 0 0 0
-17.012 1.613 14.138 0 0 0
-13.788 5.688 8.013 0 0 0
0.388 1.738 -0.463 0 0 0
-10.188 1.713 16.163 0 0 0
-3.088 4.088 0.438 0 0 0
-1.913 0.038 0.088 0 0 0
3.562 -0.338 4.438 0 0 0
0.138 8.013 7.763 0 0 0
-1.012 1.438 0.013 0 0 0
3.838 -4.688 2.413 0 0 0
0.788 0.488 -0.288 0 0 0
3.363 -4.963 1.363 0 0 0
-3.213 0.188 0.163 0 0 0
-0.688 -0.763 -1.012 0 0 0
-1.363 -0.738 -1.038 0 0 0
0.388 0.588 -0.338 0 0 0
-11.663 9.738 -0.713 0 0 0
2.588 7.613 6.312 0 0 0
-0.513 0.812 0.788 0 0 0
-16.038 1.663 14.838 0 0 0
-0.288 0.038 0.038 0 0 0
0.938 0.438 -0.013 0 0 0
-0.163 5.663 8.013 0 0 0
-12.613 5.863 7.438 0 0 0
-2.337 0.038 0.088 0 0 0
-8.812 -4.163 3.013 0 0 0
-0.688 1.188 0.013 0 0 0
-0.613 1.363 0.013 0 0 0
-0.113 -0.188 0.062 0 0 0
0.963 0.288 0.213 0 0 0
-1.688 0.062 0.488 0 0 0
-0.013 0.588 -0.338 0 0 0
-0.038 0.588 -0.338 0 0 0
0.938 0.312 0.113 0 0 0
-3.163 -7.263 5.812 0 0 0
-6.062 16.188 6.963 0 0 0
-12.913 1.763 16.413 0 0 0
-0.363 0.038 0.438 0 0 0
-1.763 3.913 -0.663 0 0 0
-7.013 -1.988 -0.113 0 0 0
-3.188 5.812 7.763 0 0 0
-18.637 -8.688 0.013 0 0 0
-11.588 7.988 6.488 0 0 0
-1.113 1.188 0.013 0 0 0
-9.162 1.038 9.412 0 0 0
-5.613 16.288 6.238 0 0 0
4.188 3.663 3.463 0 0 0
0.838 -0.738 -1.038 0 0 0
4.263 3.588 4.638 0 0 0
-0.188 -0.213 -0.213 0 0 0
4.312 -8.863 0.013 0 0 0
-7.613 -0.763 8.312 0 0 0
-6.588 -2.388 0.013 0 0 0
0.938 0.488 0.513 0 0 0
-1.713 10.788 1.538 0 0 0
-3.963 -10.288 0.013 0 0 0
-5.038 6.838 7.812 0 0 0
0.413 -0.738 -1.038 0 0 0
0.713 0.938 0.088 0 0 0
4.112 -5.062 0.013 0 0 0
3.938 -0.213 -1.562 0 0 0
0.812 -0.088 -0.913 0 0 0
-0.038 -0.138 -1.463 0 0 0
-0.463 6.413 7.888 0 0 0
-0.013 -0.138 -1.463 0 0 0
4.213 -6.513 0.013 0 0 0
-3.263 -0.438 0.062 0 0 0
-12.013 -7.338 5.438 0 0 0
-10.913 1.763 16.663 0 0 0
-0.138 -0.238 0.062 0 0 0
-3.413 7.463 7.763 0 0 0
-10.138 -9.138 0.013 0 0 0
3.812 0.663 7.163 0 0 0
3.062 -7.888 3.938 0 0 0
-2.938 -0.213 -2.638 0 0 0
-2.113 -1.113 -1.062 0 0 0
-1.188 -0.888 -0.988 0 0 0
-0.013 -0.213 -0.163 0 0 0
3.788 -9.863 0.013 0 0 0
0.763 -0.562 -0.238 0 0 0
1.038 4.913 4.737 0 0 0
3.763 -0.788 9.363 0 0 0
0.363 -0.463 -0.288 0 0 0
0.812 -0.788 -1.038 0 0 0
-2.888 -0.763 -0.288 0 0 0
-1.763 -1.263 -0.513 0 0 0
3.888 -1.938 1.288 0 0 0
-8.638 -7.163 5.463 0 0 0
-8.488 1.738 16.512 0 0 0
0.812 -7.588 5.238 0 0 0
3.988 4.663 6.688 0 0 0
-3.288 0.663 -0.062 0 0 0
-3.163 0.213 0.062 0 0 0
-0.038 0.537 -0.163 0 0 0
-0.113 0.638 0.088 0 0 0
4.213 -5.013 0.013 0 0 0
-7.812 8.213 6.038 0 0 0
-2.613 0.062 0.363 0 0 0
-0.062 0.562 -0.263 0 0 0
-1.513 -1.288 -0.488 0 0 0
-2.038 -1.312 -1.012 0 0 0
4.013 4.463 6.062 0 0 0
0.613 -0.062 -0.513 0 0 0
-3.338 0.613 0.438 0 0 0
-1.713 -7.688 5.163 0 0 0
-0.763 -0.138 -1.588 0 0 0
4.138 4.463 5.938 0 0 0
-2.363 1.638 0.013 0 0 0
4.112 4.362 6.062 0 0 0
-3.188 0.988 -0.013 0 0 0
1.338 -7.562 4.413 0 0 0
-3.238 0.013 -0.537 0 0 0
-4.487 -7.288 5.788 0 0 0
-1.863 2.562 0.013 0 0 0
0.738 -0.638 -0.238 0 0 0
-0.062 -0.288 0.113 0 0 0
-3.088 -1.913 -0.163 0 0 0
-1.163 -0.738 -1.088 0 0 0
-1.188 -0.138 -1.588 0 0 0
-1.913 0.013 -0.113 0 0 0
3.312 0.863 9.113 0 0 0
-3.238 0.938 0.463 0 0 0
0.188 -0.788 -1.038 0 0 0
-3.413 1.888 -0.038 0 0 0
0.263 0.038 0.388 0 0 0
0.613 -0.613 -0.638 0 0 0
-22.438 3.613 3.988 0 0 0
-2.963 4.062 0.113 0 0 0
-3.738 -1.788 -0.838 0 0 0
0.238 -0.537 0.013 0 0 0
0.438 -0.213 -0.263 0 0 0
-8.287 -11.388 0.013 0 0 0
-14.288 -0.763 7.788 0 0 0
-10.863 1.763 16.562 0 0 0
-1.838 -0.788 9.287 0 0 0
-0.163 0.038 0.388 0 0 0
-3.413 0.213 1.638 0 0 0
-2.413 0.163 1.288 0 0 0
-3.088 0.163 0.113 0 0 0
2.988 10.288 1.413 0 0 0
-1.663 -1.213 -1.113 0 0 0
-2.212 0.013 -0.238 0 0 0
-22.438 3.788 4.388 0 0 0
-7.288 6.463 7.863 0 0 0
-15.988 1.562 13.763 0 0 0
-4.688 14.188 7.638 0 0 0
0.513 1.312 0.013 0 0 0
0.838 -0.588 -0.238 0 0 0
-6.863 -2.363 -0.312 0 0 0
-2.538 -0.288 -0.363 0 0 0
-0.788 1.438 -1.062 0 0 0
-16.363 6.588 8.888 0 0 0
-3.188 -7.588 3.588 0 0 0
-13.588 13.338 8.013 0 0 0
0.913 1.963 0.062 0 0 0
0.663 1.113 -0.738 0 0 0
3.663 5.963 8.263 0 0 0
-2.488 -0.013 0.013 0 0 0
-2.488 -0.038 0.013 0 0 0
4.013 2.438 3.538 0 0 0
-3.788 1.538 -0.938 0 0 0
-3.288 1.663 1.038 0 0 0
-2.938 1.012 0.013 0 0 0
0.338 0.863 0.013 0 0 0
0.913 0.812 0.188 0 0 0
-3.388 1.488 0.263 0 0 0
-16.038 1.713 15.338 0 0 0
-0.338 6.963 7.838 0 0 0
-6.138 6.988 7.163 0 0 0
-3.312 0.638 0.238 0 0 0
-3.138 0.113 0.013 0 0 0
-13.312 15.413 5.963 0 0 0
-3.263 6.513 7.963 0 0 0
-1.988 0.062 0.312 0 0 0
0.863 0.763 0.688 0 0 0
-2.388 -1.338 -1.012 0 0 0
3.812 -2.438 0.838 0 0 0
-3.312 0.513 0.388 0 0 0
-2.413 0.188 0.163 0 0 0
-2.613 -0.763 -0.988 0 0 0
-0.488 1.688 0.013 0 0 0
0.863 3.963 5.312 0 0 0
-2.513 2.513 0.013 0 0 0
-2.488 -0.238 -2.663 0 0 0
-0.688 -0.838 -1.038 0 0 0
-1.463 5.863 7.913 0 0 0
-4.538 7.938 7.263 0 0 0
-0.288 -0.013 0.013 0 0 0
-0.288 -0.038 0.013 0 0 0
-3.562 -9.788 0.013 0 0 0
0.938 0.363 -0.062 0 0 0
0.113 -0.288 -0.113 0 0 0
-1.812 -0.788 -1.088 0 0 0
4.188 3.263 3.538 0 0 0
-1.588 -1.812 -0.938 0 0 0
2.763 6.338 8.113 0 0 0
-3.413 0.113 0.663 0 0 0
-3.263 0.013 -0.238 0 0 0
-0.113 -0.263 0.038 0 0 0
0.438 -1.463 -1.113 0 0 0
4.163 3.738 3.188 0 0 0
-8.613 -9.238 0.013 0 0 0
-0.713 -0.038 0.013 0 0 0
0.088 -0.513 0.163 0 0 0
-3.312 -0.038 0.263 0 0 0
0.938 1.988 0.463 0 0 0
-6.062 12.188 7.338 0 0 0
-2.212 -0.812 -0.988 0 0 0
-3.263 -0.113 -0.088 0 0 0
0.788 0.888 0.338 0 0 0
0.913 0.438 0.463 0 0 0
0.513 0.062 -0.838 0 0 0
-0.463 0.113 1.038 0 0 0
-3.213 -0.013 -0.638 0 0 0
-0.138 8.037 6.963 0 0 0
-2.337 -0.238 -2.613 0 0 0
-6.713 1.062 9.863 0 0 0
-2.188 0.088 0.713 0 0 0
-2.288 -1.413 -0.188 0 0 0
-1.488 -0.213 -2.463 0 0 0
-1.188 -0.363 -3.863 0 0 0
0.263 -0.288 -0.062 0 0 0
-11.138 9.938 1.488 0 0 0
-3.163 -2.388 0.013 0 0 0
0.312 0.537 0.588 0 0 0
4.062 4.737 6.788 0 0 0
-2.263 0.038 -0.013 0 0 0
0.838 0.863 0.613 0 0 0
-0.613 0.038 0.413 0 0 0
-3.338 0.488 0.537 0 0 0
0.613 -0.238 -2.238 0 0 0
0.863 -0.363 -0.312 0 0 0
-0.763 -0.312 -3.312 0 0 0
0.238 0.062 0.562 0 0 0
-0.713 0.113 -1.263 0 0 0
3.513 -5.013 1.613 0 0 0
-8.113 -2.288 0.488 0 0 0
0.188 0.562 0.188 0 0 0
-0.863 7.188 8.488 0 0 0
-25.163 7.788 6.638 0 0 0
-2.738 -1.388 -0.963 0 0 0
0.513 -0.613 -0.812 0 0 0
-0.438 -0.812 -0.988 0 0 0
0.038 -0.138 -1.338 0 0 0
-3.338 1.238 0.537 0 0 0
-1.113 -0.763 -1.012 0 0 0
-16.062 1.713 15.363 0 0 0
-2.812 0.062 -0.713 0 0 0
-0.188 0.062 0.562 0 0 0
3.838 6.113 7.963 0 0 0
-0.062 0.613 -0.438 0 0 0
-1.263 1.513 0.013 0 0 0
3.988 -0.213 2.413 0 0 0
-12.688 7.738 7.713 0 0 0
0.613 -0.388 -3.763 0 0 0
-3.363 1.137 0.588 0 0 0
0.588 1.913 -0.913 0 0 0
0.788 6.438 7.938 0 0 0
-4.638 6.888 8.188 0 0 0
0.363 -0.363 0.088 0 0 0
-18.387 -9.763 0.013 0 0 0
3.738 -1.812 1.012 0 0 0
0.537 -0.038 -0.288 0 0 0
-1.012 5.663 8.013 0 0 0
-1.688 1.513 0.013 0 0 0
3.638 5.838 8.188 0 0 0
-1.263 2.263 0.013 0 0 0
-3.338 -2.838 -0.588 0 0 0
-3.388 4.338 -1.188 0 0 0
3.363 -0.537 6.638 0 0 0
-16.062 1.763 15.913 0 0 0
-3.338 -0.938 -0.713 0 0 0
-1.688 2.263 0.013 0 0 0
-2.288 -0.763 -1.163 0 0 0
3.812 -3.038 1.038 0 0 0
-0.463 -0.138 -1.463 0 0 0
0.913 -0.638 0.013 0 0 0
-9.963 6.913 7.863 0 0 0
-17.312 5.988 8.037 0 0 0
3.988 -0.388 4.763 0 0 0
-2.113 7.138 6.913 0 0 0
-1.562 0.088 0.663 0 0 0
-3.413 0.088 0.463 0 0 0
3.663 2.663 0.013 0 0 0
-2.113 2.263 0.013 0 0 0
-15.338 1.638 14.663 0 0 0
2.562 10.913 1.513 0 0 0
-3.913 -2.013 0.588 0 0 0
4.237 3.213 4.138 0 0 0
3.938 -1.713 1.188 0 0 0
-19.188 0.663 4.362 0 0 0
-6.688 1.788 17.262 0 0 0
-0.888 -0.138 -1.463 0 0 0
3.588 5.812 8.088 0 0 0
3.312 -7.213 4.237 0 0 0
-4.213 -7.438 4.812 0 0 0
-0.463 -0.988 -1.088 0 0 0
-1.988 0.088 0.663 0 0 0
-3.363 0.013 -0.413 0 0 0
-3.113 -0.788 -1.062 0 0 0
0.388 0.388 -0.263 0 0 0
-10.238 1.088 9.788 0 0 0
-2.113 -0.188 0.013 0 0 0
-2.013 1.562 0.013 0 0 0
-0.488 7.038 7.688 0 0 0
1.012 -0.888 -0.238 0 0 0
0.938 -0.788 0.013 0 0 0
-1.913 8.088 7.463 0 0 0
-1.562 -0.062 -0.863 0 0 0
-0.888 -0.988 -1.088 0 0 0
-11.812 9.812 1.488 0 0 0
4.062 -0.188 -1.388 0 0 0
0.138 0.038 0.513 0 0 0
-4.487 8.013 6.588 0 0 0
0.713 3.312 0.013 0 0 0
2.463 -0.763 9.338 0 0 0
-6.312 1.763 17.163 0 0 0
-1.488 -0.763 -1.113 0 0 0
-3.288 1.588 1.012 0 0 0
-3.938 2.838 -0.938 0 0 0
-6.562 8.013 5.863 0 0 0
-3.312 0.562 0.213 0 0 0
-2.163 -0.388 -0.488 0 0 0
-7.713 -11.013 0.013 0 0 0
-2.463 0.013 0.013 0 0 0
-2.188 7.163 7.863 0 0 0
0.562 0.088 1.062 0 0 0
-3.438 -0.288 -0.013 0 0 0
-2.337 1.463 0.013 0 0 0
0.613 2.312 0.013 0 0 0
-12.513 9.913 1.988 0 0 0
0.863 -0.312 -3.163 0 0 0
-11.062 -10.312 0.013 0 0 0
-1.738 -1.413 -1.113 0 0 0
-5.838 5.663 7.688 0 0 0
-2.613 -0.838 -1.012 0 0 0
0.013 0.062 0.513 0 0 0
-3.338 0.338 0.488 0 0 0
-1.838 0.062 0.312 0 0 0
-0.388 5.663 7.963 0 0 0
-17.038 -14.812 0.013 0 0 0
-3.163 -0.812 -1.163 0 0 0
-8.013 -9.562 0.013 0 0 0
0.963 -0.062 -0.488 0 0 0
-2.763 1.463 0.013 0 0 0
-3.263 -0.062 -0.263 0 0 0
-2.263 -0.138 -1.763 0 0 0
-0.288 0.188 0.238 0 0 0
4.188 6.388 8.138 0 0 0
-3.138 16.463 7.062 0 0 0
0.913 0.488 0.288 0 0 0
1.163 -7.888 4.413 0 0 0
0.888 -0.988 -1.088 0 0 0
3.988 2.588 3.763 0 0 0
-0.138 1.463 0.013 0 0 0
-2.838 -0.062 -0.863 0 0 0
-8.613 -0.537 6.413 0 0 0
-2.863 -0.213 -2.562 0 0 0
-3.288 -0.288 0.013 0 0 0
0.413 -1.213 -0.988 0 0 0
-2.863 0.463 0.013 0 0 0
0.088 1.312 0.013 0 0 0
-1.312 -0.763 9.213 0 0 0
3.938 5.338 0.713 0 0 0
0.913 0.363 0.438 0 0 0
-0.812 -0.738 -1.062 0 0 0
-14.113 -11.413 0.013 0 0 0
-2.562 4.438 0.288 0 0 0
4.237 3.288 3.562 0 0 0
-3.363 -0.812 -1.163 0 0 0
-2.188 -0.013 -0.463 0 0 0
-5.913 -9.438 0.013 0 0 0
0.488 -1.012 -0.988 0 0 0
-3.338 -7.538 3.562 0 0 0
-5.838 9.763 2.463 0 0 0
2.838 -0.788 9.388 0 0 0
-9.388 5.963 8.062 0 0 0
-3.288 0.463 0.013 0 0 0
-2.863 1.213 0.013 0 0 0
-0.338 1.312 0.013 0 0 0
-14.738 1.713 15.663 0 0 0
-0.263 -0.138 -1.513 0 0 0
-1.238 -0.738 -1.062 0 0 0
-6.113 5.338 7.088 0 0 0
-10.488 12.738 9.713 0 0 0
0.238 0.812 -0.088 0 0 0
-18.938 4.688 4.562 0 0 0
-3.338 0.413 0.513 0 0 0
3.938 -2.488 0.988 0 0 0
-12.513 -7.288 4.062 0 0 0
-6.263 1.763 17.062 0 0 0
-2.538 0.062 0.438 0 0 0
4.088 6.562 8.162 0 0 0
0.688 -0.263 -2.513 0 0 0
-0.413 0.263 0.388 0 0 0
-11.388 -8.912 0.013 0 0 0
-3.312 0.812 0.638 0 0 0
0.812 -0.513 -0.312 0 0 0
-0.763 1.312 0.013 0 0 0
-5.663 -7.588 3.863 0 0 0
-15.488 1.713 15.363 0 0 0
-0.688 -0.138 -1.513 0 0 0
1.238 -7.763 5.463 0 0 0
-2.113 -0.388 -0.588 0 0 0
-14.438 -12.113 0.013 0 0 0
-0.438 -0.888 -1.012 0 0 0
-0.062 -0.488 0.188 0 0 0
-3.812 6.088 7.463 0 0 0
0.963 -0.163 -1.463 0 0 0
-0.888 -0.163 -1.663 0 0 0
-2.288 0.013 -0.213 0 0 0
-17.562 -10.963 0.013 0 0 0
-1.562 -0.838 -1.062 0 0 0
-2.988 -0.088 -1.263 0 0 0
3.838 -3.513 0.588 0 0 0
0.988 -0.738 -0.963 0 0 0
-11.812 -8.912 0.013 0 0 0
-3.713 1.213 0.013 0 0 0
-1.188 1.312 0.013 0 0 0
-1.338 -0.988 -1.062 0 0 0
0.863 -7.738 3.013 0 0 0
-16.963 7.163 8.662 0 0 0
-2.562 -7.438 5.062 0 0 0
-6.788 6.163 7.688 0 0 0
-25.463 -7.088 4.562 0 0 0
0.488 -0.938 -0.963 0 0 0
-0.688 -0.938 0.013 0 0 0
0.537 -0.163 -1.463 0 0 0
4.138 4.737 6.663 0 0 0
-0.888 1.513 0.013 0 0 0
-0.537 0.038 0.288 0 0 0
-3.388 1.963 0.312 0 0 0
3.513 -5.963 5.088 0 0 0
-5.363 5.738 8.138 0 0 0
-2.062 -2.188 -0.938 0 0 0
-1.763 -0.988 -1.062 0 0 0
0.463 -0.613 -0.812 0 0 0
-9.188 -9.513 0.013 0 0 0
0.963 1.963 -0.013 0 0 0
4.088 3.588 4.487 0 0 0
-1.588 -1.213 -1.038 0 0 0
0.938 0.388 0.238 0 0 0
-12.038 -10.463 0.013 0 0 0
-1.312 1.513 0.013 0 0 0
4.188 2.413 3.312 0 0 0
-2.863 -1.062 -0.188 0 0 0
0.388 0.988 -0.312 0 0 0
-2.188 -0.988 -1.062 0 0 0
-1.038 7.088 7.963 0 0 0
-8.088 -7.312 4.438 0 0 0
3.888 4.088 1.513 0 0 0
-2.638 -7.288 5.863 0 0 0
4.038 2.938 4.237 0 0 0
0.562 1.338 -0.688 0 0 0
4.312 6.788 -1.137 0 0 0
-10.062 5.638 7.713 0 0 0
-9.638 -11.062 0.013 0 0 0
-2.263 -0.413 -0.388 0 0 0
-2.087 -1.088 -1.062 0 0 0
1.363 10.963 1.538 0 0 0
-10.638 7.113 6.913 0 0 0
-1.312 2.263 0.013 0 0 0
-0.913 1.438 0.013 0 0 0
0.913 0.613 0.263 0 0 0
0.388 -0.438 -0.288 0 0 0
-2.312 8.062 7.438 0 0 0
-2.062 -1.263 -0.537 0 0 0
-1.913 -1.312 -1.038 0 0 0
3.288 5.988 8.312 0 0 0
3.562 -2.212 0.238 0 0 0
-3.138 -0.138 -1.738 0 0 0
-3.538 -10.913 0.013 0 0 0
-4.888 6.013 8.062 0 0 0
-13.138 1.062 9.113 0 0 0
-2.863 -0.438 -0.038 0 0 0
-9.938 -9.613 0.013 0 0 0
-1.413 1.263 0.013 0 0 0
4.213 3.463 4.263 0 0 0
-1.338 1.438 0.013 0 0 0
-11.713 -7.312 1.838 0 0 0
0.913 0.338 0.238 0 0 0
-18.863 -8.412 0.013 0 0 0
-0.812 -9.162 0.013 0 0 0
-1.963 5.738 8.088 0 0 0
-3.413 -2.038 -0.963 0 0 0
-2.413 -0.238 -2.588 0 0 0
3.812 -2.963 -0.263 0 0 0
0.312 -0.788 -1.062 0 0 0
0.388 0.038 0.363 0 0 0
3.688 6.062 8.088 0 0 0
0.188 -0.288 -0.038 0 0 0
-2.413 -0.763 -1.038 0 0 0
-3.288 0.438 -0.188 0 0 0
0.438 -0.062 -0.663 0 0 0
-3.163 1.012 -0.013 0 0 0
-0.913 -0.163 -1.638 0 0 0
-2.488 0.113 0.888 0 0 0
0.963 5.913 7.938 0 0 0
3.913 -1.738 1.288 0 0 0
-4.263 -2.337 0.288 0 0 0
0.763 -0.038 -0.363 0 0 0
0.913 0.513 0.638 0 0 0
0.238 0.537 0.613 0 0 0
-1.988 -0.188 -2.038 0 0 0
-1.738 1.163 0.013 0 0 0
0.788 1.263 0.013 0 0 0
-3.338 0.388 0.312 0 0 0
-0.113 -0.788 -1.062 0 0 0
-7.213 -10.312 0.013 0 0 0
-2.113 2.638 -1.038 0 0 0
0.812 0.088 0.913 0 0 0
-0.537 -0.913 -0.312 0 0 0
0.588 0.363 0.013 0 0 0
-9.513 16.463 7.388 0 0 0
-2.263 1.263 0.013 0 0 0
-1.438 1.188 0.013 0 0 0
-1.588 5.713 7.988 0 0 0
-2.138 -0.638 0.013 0 0 0
-3.312 1.238 0.863 0 0 0
-0.388 0.113 1.113 0 0 0
-0.013 0.488 0.113 0 0 0
-0.038 0.488 0.113 0 0 0
3.538 -0.363 4.737 0 0 0
-2.163 1.163 0.013 0 0 0
0.363 1.263 0.013 0 0 0
4.013 3.788 4.163 0 0 0
0.888 0.562 0.013 0 0 0
-3.388 1.763 -0.288 0 0 0
-3.213 0.113 0.838 0 0 0
-13.312 -8.963 0.013 0 0 0
4.088 2.938 4.138 0 0 0
-6.562 8.013 7.888 0 0 0
-3.263 -0.763 -1.038 0 0 0
3.788 -2.013 0.038 0 0 0
3.562 0.488 5.288 0 0 0
-0.963 -1.213 -1.088 0 0 0
-3.312 1.988 0.863 0 0 0
0.863 -0.562 -0.238 0 0 0
0.088 -0.713 -1.038 0 0 0
-10.963 -7.312 4.213 0 0 0
-0.062 1.263 0.013 0 0 0
-3.263 3.513 -0.038 0 0 0
0.788 2.763 0.013 0 0 0
-12.963 7.963 5.938 0 0 0
-0.638 0.113 -1.188 0 0 0
3.888 -2.713 -0.238 0 0 0
-4.213 6.363 8.287 0 0 0
-0.513 0.438 0.613 0 0 0
3.538 -7.363 3.713 0 0 0
-7.238 8.188 7.113 0 0 0
-1.863 -1.263 0.013 0 0 0
-2.763 13.438 7.713 0 0 0
-13.613 -17.413 0.013 0 0 0
0.438 -0.562 -0.238 0 0 0
0.913 0.588 0.663 0 0 0
0.938 1.963 -0.338 0 0 0
0.888 0.613 0.562 0 0 0
-16.238 6.188 8.513 0 0 0
0.513 -0.363 -0.238 0 0 0
-3.312 -0.638 -0.138 0 0 0
-20.463 7.263 6.263 0 0 0
-0.938 1.838 -1.088 0 0 0
0.738 0.938 -0.113 0 0 0
0.463 1.312 0.013 0 0 0
-3.288 -0.638 -0.013 0 0 0
-0.113 0.062 0.638 0 0 0
0.038 0.013 0.138 0 0 0
-3.388 9.913 2.688 0 0 0
-0.863 -2.038 -0.938 0 0 0
-2.288 -1.263 0.013 0 0 0
3.763 -2.087 0.038 0 0 0
3.463 5.863 8.238 0 0 0
-22.513 -4.938 2.963 0 0 0
-3.288 0.688 0.238 0 0 0
-2.713 -0.113 -0.113 0 0 0
0.888 0.488 0.713 0 0 0
-3.288 0.113 0.638 0 0 0
-2.288 0.062 0.288 0 0 0
0.812 0.863 -0.213 0 0 0
-11.088 1.738 16.312 0 0 0
-3.312 1.613 1.137 0 0 0
0.863 1.238 0.013 0 0 0
-0.537 0.062 0.638 0 0 0
3.863 6.863 0.938 0 0 0
0.238 -0.413 0.013 0 0 0
-3.263 3.438 0.663 0 0 0
-4.188 7.088 7.788 0 0 0
-11.513 1.738 16.312 0 0 0
-2.312 -0.013 -0.338 0 0 0
0.363 0.488 0.413 0 0 0
-2.212 -0.238 -2.638 0 0 0
3.863 -3.738 1.488 0 0 0
-1.913 0.038 0.188 0 0 0
-1.713 -1.413 -0.188 0 0 0
0.138 0.513 0.562 0 0 0
-4.788 -0.788 9.287 0 0 0
-15.638 1.062 8.938 0 0 0
4.013 2.838 3.562 0 0 0
-0.388 -0.138 -1.388 0 0 0
-1.788 -1.488 -0.938 0 0 0
-3.088 -1.188 -1.012 0 0 0
-4.062 1.038 9.988 0 0 0
-0.088 -0.513 0.013 0 0 0
3.388 10.088 3.263 0 0 0
-3.138 4.438 -0.363 0 0 0
-3.238 -2.263 0.013 0 0 0
-1.763 2.288 -1.088 0 0 0
-2.337 0.038 0.188 0 0 0
-0.713 1.188 0.013 0 0 0
0.738 -1.062 -0.963 0 0 0
-0.562 -0.763 -1.038 0 0 0
-3.538 1.638 0.013 0 0 0
-4.038 -0.763 8.988 0 0 0
-0.638 -0.312 -3.338 0 0 0
-3.438 0.188 0.013 0 0 0
-17.312 1.188 9.888 0 0 0
-3.163 -2.062 0.013 0 0 0
-1.463 -1.738 -0.938 0 0 0
-1.588 2.062 -1.062 0 0 0
0.938 0.312 0.213 0 0 0
-2.212 0.038 0.062 0 0 0
-10.788 16.213 6.238 0 0 0
-3.238 0.963 0.163 0 0 0
-5.013 14.213 7.638 0 0 0
0.113 -0.788 9.162 0 0 0
-2.763 0.613 -0.213 0 0 0
4.112 4.213 4.088 0 0 0
3.838 -0.688 8.287 0 0 0
-2.188 2.288 -1.088 0 0 0
-3.238 -1.513 0.013 0 0 0
-0.988 -0.763 -1.038 0 0 0
-1.663 -0.738 -1.062 0 0 0
0.088 0.013 0.038 0 0 0
-1.888 -1.738 -0.938 0 0 0
3.888 -1.888 -0.812 0 0 0
-11.863 8.113 7.088 0 0 0
0.463 -0.062 -0.688 0 0 0
0.938 0.488 0.613 0 0 0
-2.263 -0.188 -0.163 0 0 0
3.562 0.463 5.088 0 0 0
-4.688 1.038 9.988 0 0 0
1.388 11.013 1.538 0 0 0
-0.338 0.013 0.038 0 0 0
-8.162 6.088 8.037 0 0 0
-2.212 1.488 -1.088 0 0 0
4.112 3.663 3.963 0 0 0
-3.438 1.688 0.013 0 0 0
3.788 -4.413 2.663 0 0 0
-3.312 0.663 0.537 0 0 0
0.688 -1.088 -1.062 0 0 0
-6.838 -11.363 0.013 0 0 0
-2.312 -0.863 -1.088 0 0 0
-3.288 1.113 1.062 0 0 0
0.763 -0.438 -0.288 0 0 0
0.363 0.688 -0.312 0 0 0
-2.913 -1.513 -0.963 0 0 0
-19.338 4.038 3.312 0 0 0
0.088 -0.138 -1.488 0 0 0
0.913 -1.088 -1.062 0 0 0
-1.838 -0.763 -1.038 0 0 0
-3.888 -7.263 5.788 0 0 0
-0.488 -0.812 -0.988 0 0 0
-3.312 0.537 0.688 0 0 0
4.513 -10.113 0.013 0 0 0
-11.113 1.088 9.562 0 0 0
2.038 5.713 7.988 0 0 0
0.513 -0.088 -0.938 0 0 0
0.588 0.413 -0.163 0 0 0
-12.838 1.062 9.238 0 0 0
-1.238 1.688 0.013 0 0 0
-0.238 -0.238 -0.213 0 0 0
4.138 3.663 4.888 0 0 0
0.488 -1.088 -1.062 0 0 0
-0.263 0.688 -0.062 0 0 0
-1.688 -0.013 -0.388 0 0 0
-0.888 6.288 8.138 0 0 0
0.888 0.463 0.513 0 0 0
-0.088 -0.888 -0.988 0 0 0
-3.338 1.188 0.812 0 0 0
-3.338 0.312 0.288 0 0 0
-0.062 0.562 -0.163 0 0 0
3.838 -0.537 6.413 0 0 0
-2.938 -0.163 -1.988 0 0 0
0.938 0.562 0.638 0 0 0
-0.738 -0.738 -0.988 0 0 0
-0.763 -0.138 -1.488 0 0 0
0.363 0.113 -1.188 0 0 0
0.062 -1.088 -1.062 0 0 0
4.388 5.788 8.088 0 0 0
-19.088 5.663 4.338 0 0 0
4.288 7.213 2.463 0 0 0
-10.188 -9.162 0.013 0 0 0
-0.513 -0.888 -0.988 0 0 0
-1.538 3.138 0.013 0 0 0
0.738 -0.062 -0.537 0 0 0
-3.312 1.463 1.088 0 0 0
0.038 -0.163 -1.588 0 0 0
-1.613 -1.588 -1.012 0 0 0
-0.038 0.713 0.338 0 0 0
-1.888 2.588 0.013 0 0 0
-7.438 -7.388 1.938 0 0 0
-2.038 -7.663 5.113 0 0 0
3.788 -2.087 0.013 0 0 0
0.863 0.812 -0.138 0 0 0
-7.013 5.638 7.863 0 0 0
-3.363 1.388 0.438 0 0 0
0.263 0.038 0.488 0 0 0
-2.263 0.062 0.263 0 0 0
3.938 -3.663 2.188 0 0 0
0.062 -0.288 0.088 0 0 0
-2.363 4.237 -1.163 0 0 0
0.938 -0.463 0.013 0 0 0
0.113 0.537 0.738 0 0 0
0.263 0.488 0.238 0 0 0
-7.263 -8.963 0.013 0 0 0
-0.363 0.288 0.363 0 0 0
-1.788 -1.463 0.013 0 0 0
-2.763 13.363 7.688 0 0 0
1.688 7.638 6.338 0 0 0
-1.763 1.438 0.013 0 0 0
-12.488 5.562 7.638 0 0 0
0.413 -0.188 -0.263 0 0 0
3.363 0.788 8.338 0 0 0
0.688 0.088 1.038 0 0 0
-1.838 0.113 0.812 0 0 0
-0.163 0.038 0.488 0 0 0
-1.438 -0.763 -1.012 0 0 0
0.588 -0.363 -3.713 0 0 0
-0.188 0.088 0.863 0 0 0
-0.038 0.038 0.363 0 0 0
-0.013 0.038 0.363 0 0 0
0.638 0.988 0.013 0 0 0
-3.438 3.138 0.863 0 0 0
3.913 -4.913 2.363 0 0 0
-0.463 -1.338 -1.062 0 0 0
-11.812 1.738 16.137 0 0 0
0.913 0.638 -0.113 0 0 0
3.888 -5.613 2.212 0 0 0
-4.788 6.913 7.838 0 0 0
-1.863 -0.763 -1.012 0 0 0
0.638 0.413 -0.263 0 0 0
-2.713 0.688 -0.288 0 0 0
-7.788 -9.963 0.013 0 0 0
-0.463 0.038 0.363 0 0 0
0.562 -0.638 -0.638 0 0 0
-1.888 1.638 0.013 0 0 0
0.763 -1.062 -0.988 0 0 0
-0.888 -1.338 -1.062 0 0 0
-3.312 0.338 0.088 0 0 0
-2.188 -1.012 0.013 0 0 0
-16.562 8.688 5.913 0 0 0
-8.013 1.788 17.062 0 0 0
-3.288 1.663 1.137 0 0 0
0.188 0.062 0.763 0 0 0
-8.863 1.738 16.512 0 0 0
-2.738 0.588 -0.238 0 0 0
3.838 -6.088 2.888 0 0 0
0.388 -0.238 -0.263 0 0 0
-2.212 0.062 0.413 0 0 0
-2.113 -0.812 0.013 0 0 0
3.688 -6.138 3.613 0 0 0
3.938 3.163 4.288 0 0 0
-7.913 6.338 8.363 0 0 0
-1.788 -1.438 -1.113 0 0 0
-15.788 1.038 8.662 0 0 0
-5.688 -9.863 0.013 0 0 0
-1.088 1.438 -1.088 0 0 0
0.163 -0.213 -0.113 0 0 0
-7.312 -7.213 5.562 0 0 0
0.537 0.738 0.013 0 0 0
-9.088 7.463 7.538 0 0 0
-1.988 0.062 0.413 0 0 0
-22.038 -6.738 0.013 0 0 0
-1.388 -1.213 -1.088 0 0 0
-2.413 -1.312 -1.012 0 0 0
-3.312 0.513 0.488 0 0 0
-2.638 -0.138 -1.663 0 0 0
-3.363 0.188 1.413 0 0 0
0.788 -0.613 -0.238 0 0 0
3.963 -0.263 2.988 0 0 0
-10.738 -9.338 0.013 0 0 0
3.863 -4.088 2.113 0 0 0
0.938 0.363 0.038 0 0 0
-0.688 2.087 -1.038 0 0 0
-9.162 1.738 16.387 0 0 0
-6.138 -0.788 9.363 0 0 0
-3.413 0.113 0.763 0 0 0
-2.413 0.062 0.413 0 0 0
-8.162 1.062 9.663 0 0 0
0.638 -7.713 3.788 0 0 0
-2.638 1.538 0.013 0 0 0
0.163 -0.613 0.013 0 0 0
-2.538 -6.613 0.013 0 0 0
3.013 -7.663 4.513 0 0 0
-0.312 -0.888 -1.038 0 0 0
-1.613 7.088 7.788 0 0 0
-11.363 -10.238 0.013 0 0 0
-10.938 -9.488 0.013 0 0 0
-3.263 -0.113 0.013 0 0 0
0.013 -0.263 0.013 0 0 0
-0.413 -1.012 0.013 0 0 0
-2.913 -0.763 -1.012 0 0 0
-0.763 -0.163 -1.688 0 0 0
-1.288 -2.038 -0.938 0 0 0
-0.413 -0.138 -0.138 0 0 0
0.088 -0.062 0.013 0 0 0
0.438 -0.363 -3.562 0 0 0
0.013 0.038 0.263 0 0 0
-1.838 0.038 0.062 0 0 0
-1.012 -0.788 9.088 0 0 0
-2.113 -0.788 -1.113 0 0 0
-5.838 6.812 7.713 0 0 0
0.763 -1.263 -0.312 0 0 0
-1.263 8.088 7.013 0 0 0
-11.788 -10.238 0.013 0 0 0
0.263 -0.288 0.038 0 0 0
4.188 3.312 4.188 0 0 0
-3.263 0.638 0.013 0 0 0
0.613 -0.938 -0.988 0 0 0
-1.088 5.713 8.062 0 0 0
3.763 -3.013 2.388 0 0 0
-1.838 -1.588 -1.062 0 0 0
-3.988 6.263 8.312 0 0 0
0.688 0.913 0.463 0 0 0
-2.113 -0.913 -0.963 0 0 0
-0.338 -0.062 0.013 0 0 0
-5.713 -15.713 0.013 0 0 0
-2.263 0.038 0.062 0 0 0
-3.338 5.663 7.963 0 0 0
-14.588 8.638 7.588 0 0 0
0.463 0.463 -0.213 0 0 0
3.963 3.513 0.463 0 0 0
-5.338 6.013 7.763 0 0 0
0.763 -0.513 -0.312 0 0 0
-3.363 -0.363 0.013 0 0 0
-0.163 -0.288 0.038 0 0 0
-7.988 5.788 8.037 0 0 0
-7.663 6.388 8.412 0 0 0
0.188 -0.938 -0.988 0 0 0
-14.913 -7.913 0.113 0 0 0
-0.138 1.588 0.013 0 0 0
-1.312 -2.413 -0.913 0 0 0
-3.738 2.613 0.238 0 0 0
-4.413 6.263 8.312 0 0 0
0.013 0.663 0.413 0 0 0
-2.138 -2.038 -0.938 0 0 0
-12.088 -8.787 0.013 0 0 0
4.263 7.062 0.638 0 0 0
-3.288 -0.163 0.013 0 0 0
-1.113 -0.238 -2.463 0 0 0
-2.288 -0.213 -0.338 0 0 0
0.513 -0.613 -0.713 0 0 0
4.188 5.038 7.013 0 0 0
-9.162 -9.488 0.013 0 0 0
-4.213 7.988 6.938 0 0 0
-1.137 -0.763 -1.012 0 0 0
0.812 0.062 0.713 0 0 0
-2.588 -0.138 -1.763 0 0 0
-8.113 6.988 7.913 0 0 0
-0.062 0.613 -0.338 0 0 0
3.513 7.138 7.788 0 0 0
-0.013 0.013 0.163 0 0 0
-0.038 0.013 0.163 0 0 0
-0.312 -0.812 -1.012 0 0 0
3.638 0.488 5.363 0 0 0
3.988 -0.213 2.513 0 0 0
4.263 6.788 0.613 0 0 0
-3.088 1.038 0.188 0 0 0
-1.812 7.163 8.062 0 0 0
0.312 -0.238 -2.263 0 0 0
-0.863 2.288 0.013 0 0 0
-3.188 0.163 0.038 0 0 0
3.763 -0.188 2.663 0 0 0
3.988 4.888 7.013 0 0 0
-3.163 -0.038 -0.863 0 0 0
-9.287 6.988 8.363 0 0 0
-0.562 -0.863 0.013 0 0 0
-0.963 1.288 0.013 0 0 0
-2.212 -0.163 -1.863 0 0 0
-0.562 -1.038 -0.988 0 0 0
0.513 -0.263 0.088 0 0 0
1.163 10.863 1.513 0 0 0
-0.013 0.062 0.713 0 0 0
-0.038 0.062 0.713 0 0 0
-2.288 -0.238 -2.613 0 0 0
-26.888 1.188 8.613 0 0 0
-0.163 -0.213 0.062 0 0 0
-5.013 7.963 7.288 0 0 0
-15.713 1.113 9.363 0 0 0
-1.388 1.288 0.013 0 0 0
-1.188 0.088 -1.263 0 0 0
-2.863 -0.537 -0.312 0 0 0
-15.663 10.338 8.738 0 0 0
-2.488 -1.663 -1.062 0 0 0
-1.588 -0.812 -1.012 0 0 0
0.413 -0.263 -0.288 0 0 0
-1.812 1.288 0.013 0 0 0
4.237 -10.463 0.013 0 0 0
0.213 -0.263 -0.013 0 0 0
0.213 -0.263 -0.038 0 0 0
-7.888 6.338 8.338 0 0 0
-6.538 1.738 16.863 0 0 0
0.588 -0.488 -0.263 0 0 0
3.888 4.737 0.638 0 0 0
-3.263 -0.138 -0.188 0 0 0
0.013 -0.288 -0.188 0 0 0
-1.988 0.088 0.763 0 0 0
-3.013 15.113 8.562 0 0 0
-1.288 -0.213 -2.413 0 0 0
-1.062 -0.763 -1.012 0 0 0
-2.238 1.288 0.013 0 0 0
0.863 0.062 0.613 0 0 0
-3.312 0.388 -0.088 0 0 0
-15.488 8.638 6.963 0 0 0
-3.312 0.838 0.338 0 0 0
-1.763 3.688 -0.638 0 0 0
-6.312 7.163 7.888 0 0 0
-1.488 -0.763 -1.012 0 0 0
-0.363 -1.088 -1.062 0 0 0
-5.238 7.312 7.538 0 0 0
-0.562 0.113 0.963 0 0 0
-0.513 0.113 -1.213 0 0 0
-1.913 -2.062 -0.888 0 0 0
4.237 -5.613 0.013 0 0 0
-10.663 -10.288 0.013 0 0 0
-1.713 1.338 0.013 0 0 0
3.188 5.938 8.213 0 0 0
4.112 2.988 4.138 0 0 0
0.763 0.088 0.913 0 0 0
-2.288 0.088 0.638 0 0 0
-6.938 -0.738 8.138 0 0 0
3.713 0.713 7.588 0 0 0
4.388 5.738 6.338 0 0 0
-10.013 -9.688 0.013 0 0 0
-6.888 -9.488 0.013 0 0 0
-1.812 -1.613 -1.012 0 0 0
0.163 -0.288 -0.138 0 0 0
-6.088 -7.513 4.713 0 0 0
-0.588 -1.213 -1.088 0 0 0
-1.938 2.238 0.013 0 0 0
0.588 2.337 0.013 0 0 0
-0.488 0.113 -1.188 0 0 0
0.888 -0.138 -1.363 0 0 0
-17.262 -0.812 9.463 0 0 0
-1.838 0.062 0.413 0 0 0
-1.663 13.463 7.713 0 0 0
-2.138 1.338 0.013 0 0 0
-0.763 5.863 7.888 0 0 0
0.938 4.938 4.763 0 0 0
-21.188 -0.738 6.713 0 0 0
0.713 -0.763 -1.012 0 0 0
-12.688 7.713 6.863 0 0 0
-1.012 -1.213 -1.088 0 0 0
0.438 -0.088 -0.913 0 0 0
-2.363 -1.113 0.013 0 0 0
-2.788 1.488 0.013 0 0 0
0.812 1.938 0.388 0 0 0
0.488 1.338 0.013 0 0 0
-22.513 -6.888 0.013 0 0 0
-3.338 2.113 0.613 0 0 0
-2.163 1.513 -1.113 0 0 0
0.088 -0.238 -2.312 0 0 0
-2.438 -0.213 -2.538 0 0 0
-2.663 -1.613 -1.012 0 0 0
0.363 0.638 0.013 0 0 0
-0.288 0.062 0.488 0 0 0
0.288 -0.763 -1.012 0 0 0
-2.488 6.013 7.963 0 0 0
0.913 0.363 0.537 0 0 0
-0.838 -0.138 -1.463 0 0 0
0.062 1.338 0.013 0 0 0
0.888 0.388 0.438 0 0 0
-2.188 -0.013 -0.363 0 0 0
-8.713 8.188 6.038 0 0 0
-3.562 -1.963 -0.163 0 0 0
-4.988 -9.388 0.013 0 0 0
3.938 -1.688 -1.113 0 0 0
0.038 -0.213 0.013 0 0 0
0.463 -0.363 -0.238 0 0 0
3.013 -0.738 8.863 0 0 0
-3.312 0.013 -0.413 0 0 0
3.888 4.888 6.838 0 0 0
0.263 0.513 0.537 0 0 0
-25.363 -6.688 4.237 0 0 0
-5.413 -7.488 4.763 0 0 0
-2.463 0.088 0.138 0 0 0
-3.288 0.463 0.113 0 0 0
0.438 -0.038 -0.363 0 0 0
-3.488 0.188 1.538 0 0 0
-2.888 1.238 0.013 0 0 0
-0.363 1.338 0.013 0 0 0
-2.938 -1.638 -1.038 0 0 0
0.388 0.513 0.413 0 0 0
0.113 -1.213 -1.012 0 0 0
-8.363 14.938 7.988 0 0 0
-3.263 11.288 7.438 0 0 0
-3.338 0.413 0.613 0 0 0
0.388 -0.113 -1.012 0 0 0
-2.588 1.263 0.013 0 0 0
0.763 -1.213 -1.088 0 0 0
-5.312 7.188 6.963 0 0 0
-7.062 -2.038 -0.312 0 0 0
3.888 -0.163 -1.238 0 0 0
-3.163 -0.738 -1.038 0 0 0
-1.838 -0.038 -0.562 0 0 0
-8.287 1.062 9.788 0 0 0
-2.087 0.038 0.038 0 0 0
0.613 0.088 1.062 0 0 0
-0.338 10.062 8.988 0 0 0
3.863 -0.588 6.988 0 0 0
0.513 -1.263 -0.338 0 0 0
-10.938 5.588 8.013 0 0 0
0.038 1.288 0.013 0 0 0
-0.713 -1.113 -1.062 0 0 0
3.963 4.663 6.488 0 0 0
-1.538 -0.738 -1.088 0 0 0
0.663 0.888 0.562 0 0 0
-2.288 0.013 -0.113 0 0 0
-14.438 -6.913 2.963 0 0 0
-3.363 1.188 0.513 0 0 0
0.963 -0.738 -0.963 0 0 0
-5.488 7.038 7.738 0 0 0
4.188 4.163 4.562 0 0 0
0.062 -0.488 0.163 0 0 0
-2.263 -0.763 -1.088 0 0 0
-6.613 8.062 5.888 0 0 0
-5.963 6.238 8.238 0 0 0
0.388 -0.062 -0.463 0 0 0
-0.388 1.288 0.013 0 0 0
-9.713 5.713 7.913 0 0 0
-0.963 -0.738 -1.038 0 0 0
-1.963 -0.738 -1.088 0 0 0
-0.838 -0.238 -2.438 0 0 0
-3.338 1.338 1.012 0 0 0
-0.537 0.038 0.388 0 0 0
-0.288 0.263 -0.238 0 0 0
-26.838 1.137 8.088 0 0 0
-3.413 0.988 0.013 0 0 0
-1.188 -0.163 -1.688 0 0 0
0.413 -7.713 3.013 0 0 0
0.963 1.963 0.062 0 0 0
-13.288 1.113 9.562 0 0 0
-1.838 8.113 7.038 0 0 0
-3.113 -2.188 0.013 0 0 0
-6.638 -7.363 4.888 0 0 0
-3.438 -17.637 0.013 0 0 0
0.788 0.888 -0.163 0 0 0
0.913 0.438 -0.038 0 0 0
0.913 0.438 -0.013 0 0 0
-1.588 1.713 -1.038 0 0 0
-16.963 8.613 7.613 0 0 0
-0.588 1.288 0.013 0 0 0
-3.663 1.888 -0.763 0 0 0
-9.562 7.738 7.688 0 0 0
-12.738 1.738 16.163 0 0 0
-3.463 -0.838 -0.113 0 0 0
-3.438 0.188 1.438 0 0 0
0.288 -0.338 -0.188 0 0 0
-0.288 1.312 0.013 0 0 0
-0.213 -0.138 -1.513 0 0 0
-3.138 5.838 8.113 0 0 0
0.913 2.638 0.088 0 0 0
-0.537 0.088 0.938 0 0 0
-0.388 0.038 0.438 0 0 0
-25.738 -0.713 8.263 0 0 0
-1.012 1.288 0.013 0 0 0
-2.413 1.812 -1.088 0 0 0
4.213 -9.062 0.013 0 0 0
3.938 -4.713 1.363 0 0 0
-3.312 0.438 0.413 0 0 0
-2.513 0.113 0.062 0 0 0
-7.438 13.062 7.663 0 0 0
-3.338 -0.537 0.013 0 0 0
-0.688 -0.913 -1.012 0 0 0
3.788 -1.763 0.613 0 0 0
-0.713 1.312 0.013 0 0 0
-1.238 -7.312 4.237 0 0 0
-0.638 -0.138 -1.513 0 0 0
-2.888 5.812 8.138 0 0 0
-3.738 7.638 7.463 0 0 0
-3.312 0.888 0.163 0 0 0
-3.263 -0.213 -0.213 0 0 0
0.913 1.938 -0.013 0 0 0
-2.038 -2.013 -0.938 0 0 0
-2.062 0.113 0.988 0 0 0
-19.312 4.838 4.062 0 0 0
-0.613 1.213 0.013 0 0 0
-1.488 -1.588 -1.038 0 0 0
-1.638 -1.238 -1.038 0 0 0
-3.138 -0.838 -1.088 0 0 0
0.688 0.938 0.088 0 0 0
-7.688 8.162 7.413 0 0 0
-1.788 -0.888 -1.038 0 0 0
0.038 -0.238 -0.188 0 0 0
-0.513 -0.663 -0.088 0 0 0
0.513 -1.338 -1.088 0 0 0
-2.113 -1.463 -0.938 0 0 0
3.913 -2.038 1.137 0 0 0
-1.312 -0.788 -0.988 0 0 0
1.763 5.713 8.138 0 0 0
0.438 -0.062 -0.562 0 0 0
-3.488 0.163 1.338 0 0 0
-0.938 -0.138 -1.638 0 0 0
-1.038 1.213 0.013 0 0 0
0.763 -0.038 -0.263 0 0 0
-3.163 4.513 0.312 0 0 0
-3.438 -1.288 -0.963 0 0 0
-3.338 0.388 0.413 0 0 0
0.088 -1.338 -1.088 0 0 0
-0.062 -7.388 4.312 0 0 0
-2.538 -1.463 -0.938 0 0 0
0.812 0.088 1.012 0 0 0
0.888 -0.613 0.013 0 0 0
-4.988 6.188 8.188 0 0 0
-1.463 1.213 0.013 0 0 0
3.288 0.812 8.562 0 0 0
-2.562 -1.113 -1.062 0 0 0
0.913 0.688 0.388 0 0 0
-6.238 13.263 7.738 0 0 0
-0.038 0.488 0.213 0 0 0
-0.013 0.488 0.213 0 0 0
0.088 0.038 0.338 0 0 0
-1.763 -1.438 0.013 0 0 0
-10.312 10.213 1.538 0 0 0
-3.188 -0.688 -0.188 0 0 0
-2.438 0.062 0.113 0 0 0
-0.263 0.062 -0.062 0 0 0
-0.438 7.913 5.713 0 0 0
3.988 -4.438 1.288 0 0 0
-2.513 -0.288 -0.413 0 0 0
-3.463 -1.213 -1.113 0 0 0
0.963 0.312 0.013 0 0 0
0.663 -0.913 -1.012 0 0 0
4.112 4.413 4.788 0 0 0
-2.463 -0.788 -1.038 0 0 0
-3.263 0.163 0.062 0 0 0
-1.213 5.688 7.988 0 0 0
-18.663 -9.513 0.013 0 0 0
-8.588 1.038 9.463 0 0 0
-4.513 -11.138 0.013 0 0 0
0.438 -0.438 -0.288 0 0 0
-0.988 -0.163 -1.738 0 0 0
-2.388 0.013 -0.288 0 0 0
3.988 -4.263 1.688 0 0 0
-2.087 -0.138 -1.688 0 0 0
4.213 3.413 4.538 0 0 0
0.263 0.562 0.363 0 0 0
-2.688 0.713 -0.288 0 0 0
-0.812 -0.812 -0.988 0 0 0
0.713 0.838 0.638 0 0 0
-4.788 15.988 7.213 0 0 0
3.963 -1.763 1.062 0 0 0
3.812 -6.963 4.888 0 0 0
-0.838 -0.788 -1.088 0 0 0
-2.263 -0.863 0.013 0 0 0
-2.812 3.062 -0.537 0 0 0
-1.863 1.663 0.013 0 0 0
-8.588 -7.363 1.388 0 0 0
0.438 -0.163 -1.538 0 0 0
-1.413 -0.163 -1.738 0 0 0
0.888 0.613 0.663 0 0 0
-2.488 0.013 0.013 0 0 0
-18.312 5.763 7.863 0 0 0
-3.312 -0.638 -0.013 0 0 0
-1.838 3.062 -0.988 0 0 0
-3.513 -0.088 -1.338 0 0 0
-3.238 3.238 0.463 0 0 0
3.988 -3.513 1.688 0 0 0
-3.288 -0.638 0.062 0 0 0
-0.113 0.062 0.738 0 0 0
0.038 0.013 0.238 0 0 0
0.913 0.413 -0.238 0 0 0
-2.513 -0.138 -1.688 0 0 0
-4.838 5.913 8.213 0 0 0
-14.213 14.113 8.463 0 0 0
-2.087 -0.788 0.013 0 0 0
-2.288 1.663 0.013 0 0 0
-1.388 1.438 -1.113 0 0 0
-0.938 0.113 -1.213 0 0 0
-3.288 0.113 0.738 0 0 0
-5.738 -7.513 1.388 0 0 0
-5.062 16.238 6.963 0 0 0
0.812 0.863 -0.113 0 0 0
-1.163 2.312 -1.088 0 0 0
0.812 3.812 5.413 0 0 0
0.812 -0.588 -0.238 0 0 0
3.913 -3.513 2.087 0 0 0
-8.312 -10.638 0.013 0 0 0
-1.663 -0.812 -0.988 0 0 0
3.738 6.488 2.212 0 0 0
-2.138 -0.438 -0.613 0 0 0
-2.188 -1.413 -1.113 0 0 0
0.638 0.363 0.013 0 0 0
-2.812 -0.138 -1.812 0 0 0
-0.413 0.062 0.613 0 0 0
3.913 -3.062 1.838 0 0 0
-1.088 11.238 7.388 0 0 0
-3.312 0.863 -0.013 0 0 0
3.863 0.663 7.238 0 0 0
0.188 -0.013 -0.113 0 0 0
-0.062 3.238 0.013 0 0 0
-2.513 -0.038 0.013 0 0 0
0.338 2.413 0.013 0 0 0
-0.163 -0.738 -1.038 0 0 0
-3.238 -0.138 -1.812 0 0 0
0.238 3.263 0.013 0 0 0
-1.788 0.113 -1.213 0 0 0
-2.062 5.863 7.863 0 0 0
0.537 -0.812 -0.988 0 0 0
4.362 4.788 6.238 0 0 0
-4.112 -7.338 4.938 0 0 0
-2.212 0.163 0.013 0 0 0
-0.113 -0.488 0.013 0 0 0
0.913 0.488 -0.213 0 0 0
0.463 -1.263 -0.338 0 0 0
0.113 -0.638 0.013 0 0 0
-0.588 -0.738 -1.038 0 0 0
2.513 5.738 8.188 0 0 0
-3.413 0.238 2.038 0 0 0
-3.413 -7.388 4.988 0 0 0
-3.263 -0.338 -0.113 0 0 0
-0.788 5.938 7.812 0 0 0
-3.363 0.138 1.012 0 0 0
-0.363 -0.888 -1.038 0 0 0
-11.113 -7.213 1.812 0 0 0
0.088 -0.288 -0.113 0 0 0
-0.088 0.688 0.537 0 0 0
0.312 1.012 0.013 0 0 0
-3.388 1.038 0.763 0 0 0
-10.413 -7.288 1.863 0 0 0
-0.138 -0.263 0.038 0 0 0
-1.012 -0.738 -1.038 0 0 0
2.688 5.963 7.963 0 0 0
-1.812 1.513 -1.088 0 0 0
0.438 -1.062 -0.988 0 0 0
-0.562 0.488 0.638 0 0 0
4.213 6.913 1.388 0 0 0
-3.263 -1.038 -0.238 0 0 0
3.913 5.788 8.287 0 0 0
-11.538 -7.213 1.812 0 0 0
-6.338 -19.488 0.013 0 0 0
-3.812 6.388 7.812 0 0 0
4.038 5.163 7.413 0 0 0
4.312 6.888 -0.663 0 0 0
-3.288 -2.288 0.013 0 0 0
-2.238 1.513 -1.088 0 0 0
-3.138 0.713 0.013 0 0 0
3.488 5.788 8.287 0 0 0
-6.913 -2.238 -0.163 0 0 0
-0.888 7.562 7.963 0 0 0
-1.363 -0.312 -3.363 0 0 0
-3.438 0.338 2.963 0 0 0
-9.613 8.138 6.013 0 0 0
0.588 -0.338 -0.062 0 0 0
0.088 -0.138 -1.388 0 0 0
0.088 0.638 0.288 0 0 0
3.062 7.213 6.988 0 0 0
-0.838 1.713 0.013 0 0 0
-2.438 0.088 0.463 0 0 0
-5.413 -0.763 8.513 0 0 0
-1.038 -0.812 -1.038 0 0 0
-12.088 -10.163 0.013 0 0 0
-3.263 6.413 8.513 0 0 0
1.588 3.888 5.388 0 0 0
-1.938 -0.213 -2.463 0 0 0
-17.338 -11.263 0.013 0 0 0
-1.713 -0.763 -1.062 0 0 0
0.213 0.062 0.562 0 0 0
0.763 -0.163 -1.438 0 0 0
0.163 0.562 0.188 0 0 0
-2.113 6.463 7.913 0 0 0
3.913 -1.812 1.363 0 0 0
-22.713 3.812 4.163 0 0 0
-0.338 -0.138 -1.388 0 0 0
0.688 -1.638 -1.088 0 0 0
-14.763 1.663 15.163 0 0 0
-0.263 0.688 0.038 0 0 0
-1.688 -0.013 -0.288 0 0 0
-4.213 -9.037 0.013 0 0 0
0.363 1.012 -0.312 0 0 0
3.963 3.763 5.113 0 0 0
2.688 -9.388 0.013 0 0 0
0.312 0.513 0.438 0 0 0
0.888 0.463 0.613 0 0 0
-5.838 -0.763 8.513 0 0 0
-9.463 -10.138 0.013 0 0 0
0.863 -1.263 -0.312 0 0 0
-6.513 -9.287 0.013 0 0 0
3.812 -2.863 0.213 0 0 0
-6.038 16.488 6.312 0 0 0
-0.163 -0.312 -0.213 0 0 0
3.588 0.537 5.988 0 0 0
-10.413 16.238 6.263 0 0 0
3.538 -6.263 5.338 0 0 0
-14.463 7.013 8.037 0 0 0
-0.913 -7.738 5.263 0 0 0
3.388 7.413 2.538 0 0 0
0.562 1.913 -0.913 0 0 0
-3.238 0.013 -0.338 0 0 0
-0.863 1.663 0.013 0 0 0
-3.763 14.088 7.588 0 0 0
3.413 -0.513 6.238 0 0 0
-0.062 0.738 0.338 0 0 0
0.513 -0.038 -0.288 0 0 0
-19.012 4.438 4.988 0 0 0
-5.163 -7.463 3.812 0 0 0
-1.363 1.463 0.013 0 0 0
4.263 -7.688 0.013 0 0 0
-2.263 0.062 0.363 0 0 0
0.438 -0.513 -0.312 0 0 0
-1.838 -1.263 -0.513 0 0 0
-9.488 7.312 7.088 0 0 0
-12.438 7.088 7.838 0 0 0
-1.038 -0.738 -1.012 0 0 0
-1.288 1.663 0.013 0 0 0
-3.338 4.112 -0.463 0 0 0
-2.688 -1.012 -1.088 0 0 0
-3.312 0.438 -0.188 0 0 0
-3.163 0.138 0.963 0 0 0
-2.212 -0.288 -0.288 0 0 0
3.963 -2.413 1.438 0 0 0
-1.788 1.463 0.013 0 0 0
0.663 0.062 -0.788 0 0 0
4.163 3.538 4.112 0 0 0
-0.788 -0.763 -0.988 0 0 0
-1.463 -0.738 -1.012 0 0 0
-1.713 1.663 0.013 0 0 0
-25.188 -7.513 4.463 0 0 0
-2.212 0.013 -0.038 0 0 0
-0.363 0.113 -1.213 0 0 0
-7.088 6.938 7.963 0 0 0
4.237 4.362 5.538 0 0 0
-8.537 -3.263 2.013 0 0 0
-7.088 6.363 8.363 0 0 0
-0.013 0.038 0.463 0 0 0
-0.038 0.038 0.463 0 0 0
-17.363 1.688 14.963 0 0 0
3.913 -0.238 -1.888 0 0 0
-0.688 -0.163 -1.613 0 0 0
-0.413 0.113 1.113 0 0 0
-3.513 0.238 1.863 0 0 0
-6.663 -9.162 0.013 0 0 0
-1.888 -0.738 -1.012 0 0 0
0.388 0.913 -0.288 0 0 0
-3.013 -0.113 -1.463 0 0 0
-3.312 0.338 0.188 0 0 0
4.163 -7.188 0.013 0 0 0
0.738 -0.738 -1.012 0 0 0
1.513 -0.738 8.888 0 0 0
-3.288 0.788 0.713 0 0 0
0.138 0.562 0.488 0 0 0
-15.788 13.363 7.088 0 0 0
-2.388 -1.638 -1.062 0 0 0
-1.763 -7.538 5.138 0 0 0
-9.812 -10.163 0.013 0 0 0
-2.138 -0.788 0.013 0 0 0
3.888 3.688 5.163 0 0 0
-3.238 3.463 0.088 0 0 0
-3.013 -7.288 5.863 0 0 0
-2.613 8.088 7.038 0 0 0
0.588 -0.363 -0.263 0 0 0
-4.463 -9.162 0.013 0 0 0
2.113 -7.788 4.413 0 0 0
-6.363 5.562 7.388 0 0 0
3.738 2.713 0.013 0 0 0
-2.212 -0.838 -1.012 0 0 0
0.312 -0.738 -1.012 0 0 0
-10.138 14.713 7.863 0 0 0
-3.338 0.562 0.213 0 0 0
0.588 0.963 0.013 0 0 0
0.938 0.363 0.138 0 0 0
-0.238 -0.113 -0.138 0 0 0
-22.363 3.763 4.362 0 0 0
0.537 -0.588 -0.763 0 0 0
-5.312 5.788 8.088 0 0 0
-13.363 -9.013 0.013 0 0 0
-1.938 -0.763 -1.113 0 0 0
-6.312 9.738 2.413 0 0 0
-3.213 7.488 7.788 0 0 0
0.688 0.863 0.013 0 0 0
-3.438 0.113 0.088 0 0 0
0.537 7.988 7.713 0 0 0
0.537 1.312 -0.888 0 0 0
-2.812 -1.763 -0.913 0 0 0
0.588 1.713 0.013 0 0 0
0.938 0.238 0.288 0 0 0
0.113 0.613 0.263 0 0 0
-1.788 0.113 0.812 0 0 0
0.288 2.413 0.013 0 0 0
-3.263 -0.113 0.113 0 0 0
-1.388 -7.688 5.188 0 0 0
0.163 2.312 0.013 0 0 0
4.388 5.913 8.162 0 0 0
-1.588 -0.038 -0.713 0 0 0
4.138 2.312 3.163 0 0 0
3.913 -2.238 1.213 0 0 0
-2.562 1.312 0.013 0 0 0
0.863 0.088 0.913 0 0 0
3.963 -3.312 1.988 0 0 0
-2.888 -10.788 0.013 0 0 0
3.562 0.562 6.163 0 0 0
-13.963 15.588 6.038 0 0 0
-3.263 0.638 0.113 0 0 0
3.913 -3.388 1.338 0 0 0
-0.562 0.088 0.113 0 0 0
0.788 -1.463 -1.113 0 0 0
-0.863 -0.138 -1.562 0 0 0
-5.413 -10.163 0.013 0 0 0
4.062 3.812 5.312 0 0 0
-3.463 10.588 1.513 0 0 0
-5.863 5.688 7.838 0 0 0
4.362 5.988 8.013 0 0 0
-0.913 -1.213 -1.088 0 0 0
-1.062 -0.163 -1.713 0 0 0
3.863 -2.212 -0.863 0 0 0
-2.688 1.488 0.013 0 0 0
-8.037 1.113 10.188 0 0 0
0.363 -1.463 -1.113 0 0 0
0.088 -0.788 -1.012 0 0 0
3.963 4.438 6.363 0 0 0
-2.288 -0.213 -0.238 0 0 0
-0.013 -0.288 0.013 0 0 0
-7.988 8.088 6.613 0 0 0
-2.963 -0.788 -1.012 0 0 0
3.488 -2.113 -0.213 0 0 0
-2.888 0.613 0.013 0 0 0
-0.938 -1.312 -1.038 0 0 0
1.038 -1.012 -0.188 0 0 0
-0.062 -0.263 -0.088 0 0 0
-1.488 -0.163 -1.713 0 0 0
-1.338 -1.213 -1.088 0 0 0
-13.238 7.013 7.763 0 0 0
-0.238 -1.188 0.013 0 0 0
0.812 0.062 0.812 0 0 0
-2.688 2.238 0.013 0 0 0
-1.713 0.088 0.588 0 0 0
0.863 0.838 0.312 0 0 0
-3.613 -1.913 -0.138 0 0 0
4.112 2.562 3.413 0 0 0
-3.113 0.038 -0.113 0 0 0
3.988 -0.213 2.613 0 0 0
-8.213 7.138 7.888 0 0 0
-0.338 -0.788 -1.012 0 0 0
0.562 -0.963 -0.988 0 0 0
-0.113 -0.938 -1.012 0 0 0
3.713 -4.888 3.663 0 0 0
-1.363 -1.312 -1.038 0 0 0
-3.613 1.312 0.013 0 0 0
-2.863 -2.038 -0.888 0 0 0
3.913 -3.163 2.288 0 0 0
-3.388 1.163 0.013 0 0 0
-0.263 1.363 0.013 0 0 0
-0.763 -0.788 -1.012 0 0 0
-5.838 -8.662 0.013 0 0 0
-3.312 1.338 0.013 0 0 0
-10.838 1.088 9.688 0 0 0
-4.362 1.012 9.713 0 0 0
-2.363 -0.788 9.312 0 0 0
-1.238 7.113 7.812 0 0 0
-3.838 6.388 8.463 0 0 0
0.788 -0.363 -0.312 0 0 0
0.138 -0.963 -0.988 0 0 0
0.388 0.763 -0.338 0 0 0
-0.363 0.038 0.038 0 0 0
-0.013 0.638 0.413 0 0 0
3.963 -2.238 1.113 0 0 0
-3.113 4.588 -0.363 0 0 0
-9.113 6.338 8.388 0 0 0
-0.763 1.163 0.013 0 0 0
-12.138 -8.812 0.013 0 0 0
-4.038 1.312 0.013 0 0 0
-1.438 -0.188 -1.963 0 0 0
-0.713 0.088 0.788 0 0 0
-3.213 1.238 0.013 0 0 0
-1.137 2.638 -1.038 0 0 0
-3.863 5.838 8.088 0 0 0
-6.038 7.963 5.812 0 0 0
-0.688 1.363 0.013 0 0 0
-0.113 0.562 -0.338 0 0 0
0.188 7.088 6.863 0 0 0
-3.388 1.338 0.413 0 0 0
-25.738 6.188 7.738 0 0 0
0.438 -1.213 -1.088 0 0 0
-3.463 -10.663 0.013 0 0 0
-2.838 -0.438 -0.338 0 0 0
0.588 0.113 1.113 0 0 0
-6.863 -7.238 5.638 0 0 0
-2.062 -0.913 -0.963 0 0 0
-9.713 -9.713 0.013 0 0 0
-1.188 1.163 0.013 0 0 0
0.688 -0.013 -0.013 0 0 0
-17.812 1.188 9.788 0 0 0
3.913 -3.013 1.012 0 0 0
-0.613 -0.913 0.013 0 0 0
-0.863 5.938 7.838 0 0 0
-11.812 -0.763 9.138 0 0 0
-3.463 -1.463 -0.113 0 0 0
-3.338 -1.913 0.013 0 0 0
-2.288 0.038 0.188 0 0 0
-4.388 6.288 8.213 0 0 0
-1.613 1.163 0.013 0 0 0
4.413 6.888 8.088 0 0 0
4.237 5.213 7.188 0 0 0
0.013 -0.288 -0.088 0 0 0
-1.488 0.088 -1.288 0 0 0
0.288 -0.312 -3.238 0 0 0
-3.613 -1.713 -0.863 0 0 0
-2.087 -1.263 -0.537 0 0 0
-7.788 10.238 1.513 0 0 0
3.888 4.638 6.513 0 0 0
-3.738 -10.263 0.013 0 0 0
-2.413 9.913 2.763 0 0 0
3.788 -4.237 2.562 0 0 0
4.112 -4.888 0.013 0 0 0
3.863 -6.688 2.163 0 0 0
4.163 4.263 5.913 0 0 0
-1.438 1.238 0.013 0 0 0
-1.513 -2.038 -0.888 0 0 0
0.938 -0.288 -2.838 0 0 0
-1.863 0.088 0.738 0 0 0
-0.513 7.062 6.838 0 0 0
-1.312 1.363 0.013 0 0 0
3.888 5.488 0.738 0 0 0
-2.113 -1.812 -0.913 0 0 0
-3.312 8.013 5.812 0 0 0
3.963 4.237 5.763 0 0 0
-3.988 -10.913 0.013 0 0 0
-3.613 1.963 -0.963 0 0 0
-0.613 0.113 -1.238 0 0 0
-1.788 -2.388 -0.888 0 0 0
-9.363 -7.038 5.312 0 0 0
4.213 -5.588 0.013 0 0 0
0.363 -0.288 -0.288 0 0 0
-1.588 -0.213 -2.438 0 0 0
-0.913 1.288 0.013 0 0 0
-4.013 -1.812 0.537 0 0 0
-18.338 -10.163 0.013 0 0 0
1.113 -0.163 -1.413 0 0 0
-9.888 1.088 9.788 0 0 0
-8.888 1.038 9.438 0 0 0
-13.888 13.513 7.163 0 0 0
-7.413 1.788 17.338 0 0 0
0.213 0.537 0.613 0 0 0
-0.438 -0.062 -0.062 0 0 0
0.888 -0.138 -1.263 0 0 0
3.863 -2.763 0.488 0 0 0
-4.413 -10.913 0.013 0 0 0
3.838 2.212 0.013 0 0 0
-5.363 15.413 8.838 0 0 0
-1.738 -1.838 -1.012 0 0 0
4.213 -4.838 0.013 0 0 0
-8.763 1.038 9.312 0 0 0
-0.562 -0.913 -0.312 0 0 0
-1.338 1.288 0.013 0 0 0
-1.738 3.413 -1.137 0 0 0
-1.713 0.062 0.388 0 0 0
3.413 -5.013 1.638 0 0 0
0.963 1.988 -0.238 0 0 0
-8.713 -7.263 1.888 0 0 0
-7.013 -2.013 -0.113 0 0 0
-1.938 0.088 0.537 0 0 0
-3.288 -0.588 -0.013 0 0 0
-1.938 2.562 0.013 0 0 0
-18.863 5.363 7.463 0 0 0
3.888 -2.163 1.413 0 0 0
-16.887 6.538 8.838 0 0 0
-6.863 5.888 7.863 0 0 0
-1.213 -0.763 -0.988 0 0 0
-1.763 1.288 0.013 0 0 0
-0.288 0.062 0.588 0 0 0
0.588 11.013 1.538 0 0 0
-1.938 -1.838 -1.012 0 0 0
3.263 -7.312 5.113 0 0 0
0.888 0.388 0.537 0 0 0
-1.638 -0.238 -2.538 0 0 0
-0.513 0.088 0.738 0 0 0
-0.588 0.163 -0.163 0 0 0
3.988 4.988 5.413 0 0 0
-0.438 6.188 7.663 0 0 0
-1.638 -0.763 -0.988 0 0 0
-3.312 1.088 0.863 0 0 0
-12.988 -7.263 3.238 0 0 0
-8.062 -0.763 8.213 0 0 0
3.562 -9.763 0.013 0 0 0
-2.788 -0.113 -1.538 0 0 0
0.838 -7.863 4.388 0 0 0
-13.863 1.688 15.288 0 0 0
0.438 1.288 0.013 0 0 0
0.613 -0.263 -0.238 0 0 0
-6.088 -7.613 3.838 0 0 0
4.362 7.338 2.488 0 0 0
-7.663 -8.812 0.013 0 0 0
0.838 -0.413 -0.238 0 0 0
-0.363 0.188 0.238 0 0 0
-7.863 -9.713 0.013 0 0 0
-2.488 -0.613 0.013 0 0 0
-2.087 0.038 0.138 0 0 0
3.713 -7.138 5.013 0 0 0
-0.638 1.263 -1.062 0 0 0
-2.413 4.538 -0.363 0 0 0
-1.713 -0.038 -0.588 0 0 0
0.388 1.663 -0.888 0 0 0
-11.688 7.312 7.288 0 0 0
-3.363 1.188 0.613 0 0 0
-3.338 1.613 1.137 0 0 0
0.663 1.288 -0.738 0 0 0
0.138 -0.588 0.013 0 0 0
-2.212 -0.363 -0.363 0 0 0
0.213 -0.413 0.013 0 0 0
3.438 7.038 8.263 0 0 0
0.463 -0.913 -0.863 0 0 0
0.263 5.763 7.988 0 0 0
-0.088 -0.288 -0.263 0 0 0
-3.363 1.363 1.012 0 0 0
4.237 4.737 5.213 0 0 0
-1.238 -0.312 -3.388 0 0 0
-3.688 8.113 6.663 0 0 0
-6.038 12.138 7.312 0 0 0
-9.613 -7.038 4.562 0 0 0
3.188 -7.763 3.888 0 0 0
-3.238 -1.163 -0.413 0 0 0
0.138 0.463 0.263 0 0 0
0.537 -0.238 0.038 0 0 0
-2.838 -0.388 -0.513 0 0 0
-1.988 -0.788 9.037 0 0 0
-0.988 -0.988 -1.062 0 0 0
0.238 -0.562 0.013 0 0 0
0.588 -0.213 -2.138 0 0 0
-2.888 -1.338 -1.012 0 0 0
4.112 4.963 6.888 0 0 0
-8.287 -11.413 0.013 0 0 0
-1.812 -0.213 -2.488 0 0 0
-0.188 0.588 -0.113 0 0 0
-1.588 -0.763 -1.088 0 0 0
-3.438 -0.738 -0.138 0 0 0
-1.663 -0.312 -3.388 0 0 0
0.312 -0.363 0.013 0 0 0
-6.863 8.162 7.413 0 0 0
0.888 -0.163 -1.463 0 0 0
-3.038 0.938 0.013 0 0 0
-2.863 -0.613 -0.238 0 0 0
1.913 -7.788 3.062 0 0 0
0.113 -0.238 0.038 0 0 0
0.913 0.312 0.213 0 0 0
-1.413 -0.988 -1.062 0 0 0
-14.463 1.738 15.938 0 0 0
-8.513 -10.513 0.013 0 0 0
-2.713 -0.663 0.013 0 0 0
-5.562 -9.663 0.013 0 0 0
3.312 -7.638 3.013 0 0 0
3.838 -6.738 2.638 0 0 0
0.913 0.613 0.463 0 0 0
-0.088 0.062 0.537 0 0 0
3.913 -4.688 1.363 0 0 0
-6.038 5.638 7.863 0 0 0
4.188 3.663 5.088 0 0 0
-20.588 6.513 7.963 0 0 0
-3.038 1.688 0.013 0 0 0
-5.513 5.963 7.888 0 0 0
-2.038 2.062 -1.062 0 0 0
0.388 7.963 7.388 0 0 0
4.163 3.062 3.562 0 0 0
0.363 0.038 -0.438 0 0 0
0.913 1.938 0.062 0 0 0
-9.763 -9.113 0.013 0 0 0
0.863 -0.062 -0.463 0 0 0
-3.312 -0.562 0.138 0 0 0
-22.688 3.238 4.163 0 0 0
-0.513 -0.138 -1.538 0 0 0
-3.163 -2.212 0.013 0 0 0
-1.863 -0.013 -0.438 0 0 0
0.688 0.938 0.188 0 0 0
-3.463 1.688 0.013 0 0 0
-1.738 -1.088 -1.062 0 0 0
-5.788 8.088 7.363 0 0 0
0.663 0.963 0.088 0 0 0
-3.338 0.663 0.537 0 0 0
4.112 3.038 4.062 0 0 0
-8.062 5.613 7.763 0 0 0
0.888 0.812 0.088 0 0 0
-8.787 -7.513 3.613 0 0 0
-3.688 2.588 0.013 0 0 0
-0.913 -0.738 -1.038 0 0 0
0.613 0.913 0.588 0 0 0
3.688 -0.213 -1.713 0 0 0
0.938 -7.738 3.812 0 0 0
4.263 7.713 1.788 0 0 0
-3.288 0.013 -0.088 0 0 0
-6.088 5.738 7.613 0 0 0
3.838 -2.988 -0.038 0 0 0
3.963 -0.288 3.562 0 0 0
-4.737 13.263 7.688 0 0 0
3.688 -5.062 1.638 0 0 0
-4.138 1.012 9.638 0 0 0
0.363 -0.363 -0.312 0 0 0
-0.138 -0.163 -1.638 0 0 0
-12.363 8.037 7.188 0 0 0
-1.238 3.238 0.013 0 0 0
-1.263 1.688 0.013 0 0 0
-1.338 -0.738 -1.038 0 0 0
0.913 0.688 0.488 0 0 0
-0.038 0.488 0.312 0 0 0
-2.363 -0.013 -0.013 0 0 0
3.838 -2.763 2.188 0 0 0
-2.363 -0.038 -0.038 0 0 0
-2.438 0.062 0.213 0 0 0
3.988 2.788 3.963 0 0 0
2.788 -7.538 4.413 0 0 0
-0.562 -0.163 -1.638 0 0 0
-3.288 -0.537 -0.213 0 0 0
-1.413 -2.062 -0.913 0 0 0
1.463 -7.788 4.362 0 0 0
0.463 -0.038 -0.288 0 0 0
0.088 0.488 0.188 0 0 0
-1.137 2.538 0.013 0 0 0
3.562 0.488 5.488 0 0 0
-0.788 -0.138 -1.488 0 0 0
0.963 0.312 0.113 0 0 0
-3.288 -0.238 0.038 0 0 0
-7.238 -9.963 0.013 0 0 0
-2.013 0.113 0.763 0 0 0
3.913 3.713 1.413 0 0 0
-0.413 -7.488 3.638 0 0 0
-12.263 5.763 7.888 0 0 0
0.863 -0.163 -1.438 0 0 0
3.763 6.013 8.062 0 0 0
0.413 -0.363 -3.763 0 0 0
-1.088 1.188 0.013 0 0 0
3.812 -3.562 2.188 0 0 0
-8.562 5.788 8.287 0 0 0
-3.238 -0.038 -0.738 0 0 0
0.863 -0.738 -1.038 0 0 0
-4.237 -10.463 0.013 0 0 0
-0.963 2.638 0.013 0 0 0
0.713 0.838 0.738 0 0 0
-9.488 9.888 2.212 0 0 0
-3.688 2.663 0.038 0 0 0
-0.963 -0.888 -0.988 0 0 0
-6.338 1.788 17.262 0 0 0
-7.713 5.963 8.088 0 0 0
3.988 5.213 5.638 0 0 0
-1.638 0.088 0.663 0 0 0
-1.812 -1.463 0.013 0 0 0
-9.788 -10.138 0.013 0 0 0
-5.113 13.588 8.838 0 0 0
-12.688 6.963 7.713 0 0 0
-4.438 -10.463 0.013 0 0 0
-4.013 -7.388 4.788 0 0 0
-6.638 10.163 1.488 0 0 0
3.913 -4.838 1.913 0 0 0
0.038 0.463 0.088 0 0 0
0.613 -0.338 -0.263 0 0 0
-8.138 7.413 7.538 0 0 0
-0.963 -1.438 -1.113 0 0 0
-2.513 -0.213 -0.288 0 0 0
0.613 0.988 0.013 0 0 0
4.237 -9.113 0.013 0 0 0
0.788 -0.562 -0.238 0 0 0
0.638 -0.312 -3.213 0 0 0
-15.088 -7.688 0.062 0 0 0
0.238 0.613 0.238 0 0 0
0.388 0.562 -0.263 0 0 0
0.838 0.838 0.013 0 0 0
0.938 -0.613 0.013 0 0 0
0.613 0.413 -0.263 0 0 0
-3.288 1.888 0.863 0 0 0
-1.538 -0.812 -1.012 0 0 0
-9.812 -0.788 8.388 0 0 0
0.638 3.288 0.013 0 0 0
4.163 -8.562 0.013 0 0 0
-0.888 -0.812 -1.088 0 0 0
-6.263 -7.363 1.363 0 0 0
-2.312 -0.038 -0.138 0 0 0
-1.388 -1.438 -1.113 0 0 0
-2.588 0.062 0.363 0 0 0
-3.338 0.338 0.088 0 0 0
0.413 0.838 0.013 0 0 0
0.838 1.588 0.013 0 0 0
0.663 -0.088 -0.888 0 0 0
-9.037 16.637 6.388 0 0 0
-2.087 -0.238 -2.562 0 0 0
-15.938 5.963 8.013 0 0 0
-0.738 -0.138 -1.588 0 0 0
-2.312 -0.163 0.013 0 0 0
-2.312 3.188 0.013 0 0 0
-7.988 -8.562 0.013 0 0 0
-13.988 1.688 15.413 0 0 0
-3.363 1.288 0.988 0 0 0
-2.337 1.638 0.013 0 0 0
0.513 0.738 0.013 0 0 0
3.413 -7.538 4.362 0 0 0
0.913 0.488 -0.113 0 0 0
-0.062 0.062 0.513 0 0 0
-2.113 1.488 0.013 0 0 0
-10.838 1.713 15.938 0 0 0
-3.663 -2.562 -0.013 0 0 0
-19.038 -8.888 0.013 0 0 0
0.888 -0.062 -0.488 0 0 0
0.913 -0.663 0.013 0 0 0
-1.713 2.087 -1.088 0 0 0
-2.513 -0.763 -1.012 0 0 0
0.062 -0.263 -0.113 0 0 0
0.663 -0.038 -0.338 0 0 0
0.238 -0.812 -1.012 0 0 0
0.913 0.663 0.288 0 0 0
-10.688 1.062 9.537 0 0 0
-3.163 -1.888 -0.138 0 0 0
0.263 -0.513 0.013 0 0 0
3.988 2.763 3.763 0 0 0
-1.088 -0.213 -2.363 0 0 0
1.062 -0.438 -0.312 0 0 0
-0.888 -0.738 -1.062 0 0 0
0.913 0.537 0.438 0 0 0
4.163 3.113 3.388 0 0 0
-3.312 0.363 0.488 0 0 0
-3.638 10.463 1.513 0 0 0
3.888 -4.263 2.212 0 0 0
-2.113 5.838 7.863 0 0 0
-3.263 0.288 0.138 0 0 0
3.913 -6.613 2.613 0 0 0
0.138 -7.663 2.988 0 0 0
-3.263 2.188 0.013 0 0 0
3.888 -6.288 2.488 0 0 0
0.338 -0.213 -2.163 0 0 0
-1.838 2.288 -1.088 0 0 0
-3.438 0.338 3.062 0 0 0
4.163 3.913 5.213 0 0 0
-16.637 6.113 8.388 0 0 0
-2.538 5.838 7.863 0 0 0
0.062 0.663 0.288 0 0 0
-10.238 -7.238 4.688 0 0 0
0.338 -0.438 -0.363 0 0 0
-6.963 -1.863 -0.288 0 0 0
-10.312 6.062 7.913 0 0 0
-10.463 -7.312 1.863 0 0 0
-2.263 2.288 -1.088 0 0 0
-8.562 -9.188 0.013 0 0 0
-0.038 1.688 0.013 0 0 0
0.163 -0.938 -0.988 0 0 0
0.088 5.838 7.863 0 0 0
-3.188 -3.413 0.013 0 0 0
-8.763 -10.088 0.013 0 0 0
3.688 -7.388 4.288 0 0 0
3.863 -1.812 -0.838 0 0 0
4.188 4.463 4.312 0 0 0
-3.312 1.288 0.888 0 0 0
0.312 0.513 0.537 0 0 0
-15.838 8.638 5.863 0 0 0
0.913 -0.763 -0.963 0 0 0
-3.338 0.312 0.488 0 0 0
0.138 0.013 -0.088 0 0 0
1.463 -7.788 3.038 0 0 0
-12.463 5.638 7.562 0 0 0
-10.213 1.062 9.438 0 0 0
-14.138 1.713 15.562 0 0 0
-0.038 2.438 0.013 0 0 0
-3.338 1.638 0.763 0 0 0
-3.288 -1.062 0.013 0 0 0
4.013 3.263 4.588 0 0 0
4.188 3.613 3.938 0 0 0
0.537 -0.388 -0.062 0 0 0
3.863 -4.463 2.638 0 0 0
-11.913 -11.088 0.013 0 0 0
-2.812 -0.163 -1.913 0 0 0
-5.338 1.763 17.262 0 0 0
0.463 -0.163 -1.463 0 0 0
0.938 0.388 -0.163 0 0 0
-20.363 7.188 7.338 0 0 0
0.838 -0.488 -0.312 0 0 0
-11.363 5.613 7.738 0 0 0
-0.888 1.688 0.013 0 0 0
-0.963 -0.363 -3.863 0 0 0
-2.138 -2.188 -0.938 0 0 0
-2.062 -2.013 -0.938 0 0 0
-9.287 -11.088 0.013 0 0 0
-12.138 -10.188 0.013 0 0 0
-3.538 5.938 8.238 0 0 0
-1.663 -1.238 -1.038 0 0 0
-17.387 -11.288 0.013 0 0 0
-12.013 -8.738 0.013 0 0 0
3.738 -2.138 0.713 0 0 0
-12.638 8.062 7.062 0 0 0
1.012 -0.363 -3.513 0 0 0
-2.888 -0.738 -1.113 0 0 0
0.238 -1.413 -0.213 0 0 0
-3.388 1.863 0.288 0 0 0
-2.263 -0.988 -1.062 0 0 0
-1.663 -2.388 -0.913 0 0 0
0.488 1.312 -0.688 0 0 0
-3.312 0.438 -0.088 0 0 0
0.263 0.488 0.438 0 0 0
0.088 0.588 0.562 0 0 0
0.038 -1.438 -1.113 0 0 0
-3.263 -0.013 0.288 0 0 0
-6.838 -7.338 4.863 0 0 0
4.213 4.038 3.463 0 0 0
-2.363 -7.638 5.088 0 0 0
-19.088 3.538 4.438 0 0 0
-0.988 1.438 0.013 0 0 0
-11.213 8.088 7.263 0 0 0
-10.663 7.888 6.413 0 0 0
0.438 -0.788 9.188 0 0 0
0.413 -0.312 0.088 0 0 0
0.863 0.863 0.613 0 0 0
-9.438 5.738 8.238 0 0 0
-3.062 1.038 0.688 0 0 0
-4.863 6.888 8.213 0 0 0
0.812 0.488 -0.288 0 0 0
-2.138 -1.263 -0.537 0 0 0
-3.312 0.613 0.312 0 0 0
-1.188 3.888 0.013 0 0 0
0.663 -0.062 -0.537 0 0 0
-0.413 0.113 1.213 0 0 0
-12.613 7.913 7.062 0 0 0
-1.488 1.238 0.013 0 0 0
-11.538 12.538 9.562 0 0 0
-1.638 1.588 0.013 0 0 0
-15.588 -9.738 0.013 0 0 0
-3.312 0.038 0.038 0 0 0
-0.438 1.038 0.688 0 0 0
-2.138 0.113 0.888 0 0 0
-9.037 7.213 6.988 0 0 0
-0.088 -0.188 0.062 0 0 0
0.913 0.513 0.238 0 0 0
-1.363 -1.863 -1.012 0 0 0
4.088 3.388 4.763 0 0 0
-1.088 -0.763 -1.012 0 0 0
-1.763 -0.738 -1.038 0 0 0
-1.763 2.613 -1.038 0 0 0
-3.338 0.388 -0.088 0 0 0
0.713 -0.138 -1.413 0 0 0
-0.038 0.613 -0.438 0 0 0
-3.288 1.812 0.838 0 0 0
4.138 -7.163 0.013 0 0 0
-2.562 -0.062 -0.013 0 0 0
-0.413 0.238 -0.213 0 0 0
-7.513 -10.338 0.013 0 0 0
-1.838 1.438 0.013 0 0 0
4.263 7.888 1.588 0 0 0
-2.087 0.062 0.488 0 0 0
-1.513 -0.763 -1.012 0 0 0
-2.188 -0.738 -1.038 0 0 0
-3.188 0.812 0.588 0 0 0
0.988 2.337 0.013 0 0 0
0.388 -0.363 0.088 0 0 0
-1.988 7.138 7.812 0 0 0
0.288 -0.138 -1.413 0 0 0
0.812 0.838 0.513 0 0 0
-9.812 1.713 16.188 0 0 0
0.788 1.438 0.013 0 0 0
-2.413 -1.738 -0.913 0 0 0
-3.088 2.388 -0.413 0 0 0
-2.613 -0.213 -2.588 0 0 0
3.838 -9.062 0.013 0 0 0
-1.513 1.188 0.013 0 0 0
-18.838 -8.388 0.013 0 0 0
-2.163 0.013 -0.263 0 0 0
3.788 -1.963 0.788 0 0 0
-3.888 1.438 -0.463 0 0 0
0.413 -1.738 -1.163 0 0 0
-2.863 10.613 1.513 0 0 0
3.963 -3.488 1.688 0 0 0
-2.488 -2.212 -0.938 0 0 0
0.463 -0.312 -0.238 0 0 0
-2.613 -0.738 -1.038 0 0 0
3.863 4.513 6.312 0 0 0
3.913 8.662 1.188 0 0 0
-8.713 -3.688 1.513 0 0 0
-3.263 -0.413 -0.013 0 0 0
-18.163 11.463 6.463 0 0 0
0.363 1.438 0.013 0 0 0
0.888 0.738 0.013 0 0 0
-1.438 8.013 6.938 0 0 0
0.688 -0.763 -1.012 0 0 0
0.663 -0.163 -1.513 0 0 0
-2.263 -1.012 0.013 0 0 0
-10.113 1.713 16.062 0 0 0
-13.038 -0.763 7.713 0 0 0
3.788 0.763 8.113 0 0 0
-0.438 -0.138 -1.463 0 0 0
0.913 0.588 0.263 0 0 0
-19.088 5.062 3.988 0 0 0
-4.588 -9.388 0.013 0 0 0
3.763 -1.913 0.638 0 0 0
3.513 -9.162 0.013 0 0 0
-7.788 -0.763 8.238 0 0 0
-1.863 0.113 1.038 0 0 0
-4.788 -10.288 0.013 0 0 0
-12.088 5.863 8.037 0 0 0
0.463 0.738 0.013 0 0 0
0.888 1.488 0.013 0 0 0
-2.312 -0.663 -0.888 0 0 0
-3.163 0.963 0.488 0 0 0
-0.863 -0.138 -1.463 0 0 0
-3.288 0.688 -0.163 0 0 0
0.038 1.338 0.013 0 0 0
-2.212 -0.013 -0.363 0 0 0
-1.113 -1.812 -0.963 0 0 0
0.438 -0.388 -0.238 0 0 0
-2.488 -9.287 0.013 0 0 0
-3.413 1.438 -0.013 0 0 0
-3.338 0.013 -0.413 0 0 0
-9.263 10.213 1.513 0 0 0
-1.012 1.838 -1.088 0 0 0
0.363 -0.263 0.013 0 0 0
0.713 -0.913 -1.012 0 0 0
4.088 3.013 3.763 0 0 0
-3.288 -0.463 -0.013 0 0 0
3.988 -0.338 4.138 0 0 0
-15.513 1.663 14.838 0 0 0
0.488 1.288 -0.888 0 0 0
-0.562 10.938 1.538 0 0 0
0.788 -0.713 -1.012 0 0 0
-0.288 -0.188 -1.812 0 0 0
-3.188 1.012 -0.138 0 0 0
-7.963 -9.488 0.013 0 0 0
-7.613 16.488 7.088 0 0 0
-1.038 -0.888 -0.963 0 0 0
-2.638 0.838 -0.513 0 0 0
0.613 1.288 -1.012 0 0 0
-2.138 -1.588 -0.988 0 0 0
0.288 -0.913 -1.012 0 0 0
-7.812 1.738 16.588 0 0 0
-11.113 8.213 6.688 0 0 0
-4.963 1.738 17.113 0 0 0
4.138 5.188 4.688 0 0 0
0.863 0.838 0.413 0 0 0
0.138 0.513 0.163 0 0 0
-1.938 0.113 0.838 0 0 0
-9.438 8.013 6.513 0 0 0
-3.363 0.263 0.363 0 0 0
-1.562 -0.738 -1.088 0 0 0
0.338 -0.338 0.013 0 0 0
-2.087 1.312 0.013 0 0 0
-2.513 -9.338 0.013 0 0 0
-0.113 -7.638 3.713 0 0 0
-0.138 0.038 0.388 0 0 0
4.188 2.913 3.163 0 0 0
4.163 4.763 5.588 0 0 0
-0.463 1.438 -1.012 0 0 0
0.963 0.288 -0.088 0 0 0
-2.488 4.463 -0.363 0 0 0
-8.488 -10.488 0.013 0 0 0
-0.288 -0.088 -0.113 0 0 0
-2.363 0.113 0.838 0 0 0
0.938 0.312 -0.188 0 0 0
-2.838 -1.188 -0.238 0 0 0
0.213 2.312 0.013 0 0 0
-1.163 -1.113 -1.062 0 0 0
3.812 6.263 0.838 0 0 0
-3.238 0.963 -0.238 0 0 0
0.913 -7.763 5.438 0 0 0
-1.988 -0.738 -1.088 0 0 0
-0.163 -0.513 0.013 0 0 0
-5.888 -10.188 0.013 0 0 0
0.038 -0.812 -1.012 0 0 0
0.338 0.413 0.013 0 0 0
0.938 0.613 0.062 0 0 0
-16.613 8.812 7.738 0 0 0
0.663 -1.062 -0.963 0 0 0
0.663 -0.238 -2.263 0 0 0
-14.463 -9.037 0.013 0 0 0
-2.062 -1.213 -1.113 0 0 0
4.288 5.513 6.138 0 0 0
0.438 -1.213 -0.988 0 0 0
0.088 0.062 0.788 0 0 0
4.263 4.513 6.013 0 0 0
-19.638 1.088 8.638 0 0 0
-2.888 -0.812 -1.137 0 0 0
3.988 -4.413 1.738 0 0 0
-5.888 -9.438 0.013 0 0 0
4.088 3.213 3.038 0 0 0
0.638 -1.338 -1.088 0 0 0
0.863 0.038 0.588 0 0 0
-1.363 2.087 -1.062 0 0 0
0.688 -0.013 0.062 0 0 0
0.888 -0.463 -0.288 0 0 0
-2.038 8.062 6.988 0 0 0
-19.038 5.013 5.188 0 0 0
-1.738 7.088 6.888 0 0 0
-16.887 6.288 8.513 0 0 0
-2.488 -1.213 -1.113 0 0 0
-3.688 2.763 -0.913 0 0 0
4.062 5.438 7.263 0 0 0
3.888 4.438 0.588 0 0 0
-9.088 -7.513 3.588 0 0 0
-3.463 0.188 1.438 0 0 0
-0.312 1.312 0.013 0 0 0
-15.663 1.663 14.988 0 0 0
3.738 7.038 2.388 0 0 0
-2.738 -0.113 -0.213 0 0 0
-6.088 1.062 10.038 0 0 0
-10.138 9.888 2.163 0 0 0
-6.938 1.012 9.488 0 0 0
-7.963 7.738 7.638 0 0 0
-7.763 8.138 5.988 0 0 0
4.188 2.688 3.688 0 0 0
0.438 -0.588 -0.838 0 0 0
-8.037 6.388 7.763 0 0 0
3.963 -0.238 2.788 0 0 0
-0.188 -0.163 0.038 0 0 0
-2.913 -1.213 -1.113 0 0 0
0.588 -0.038 -0.312 0 0 0
-0.688 -0.788 9.113 0 0 0
-7.638 1.763 17.038 0 0 0
-3.413 -7.638 4.013 0 0 0
-3.363 -11.038 0.013 0 0 0
-0.088 -0.263 0.038 0 0 0
-0.863 -0.163 -1.663 0 0 0
-1.088 -0.838 -1.038 0 0 0
-22.513 3.538 4.062 0 0 0
-0.088 0.038 0.288 0 0 0
-1.938 0.038 0.088 0 0 0
-2.312 0.113 0.738 0 0 0
0.763 0.488 -0.288 0 0 0
-3.788 -11.038 0.013 0 0 0
-9.838 -9.188 0.013 0 0 0
-5.213 1.738 16.887 0 0 0
-1.312 1.688 0.013 0 0 0
-14.763 -7.788 0.938 0 0 0
4.062 2.463 3.588 0 0 0
-3.438 -0.713 0.163 0 0 0
1.288 9.088 2.812 0 0 0
-0.713 1.163 0.013 0 0 0
-3.938 -1.363 -1.012 0 0 0
0.562 -0.138 -1.463 0 0 0
-0.513 0.038 0.288 0 0 0
-2.238 -0.888 -1.038 0 0 0
-6.812 -11.338 0.013 0 0 0
0.938 -0.238 -2.188 0 0 0
-3.263 -0.363 -0.213 0 0 0
-0.062 -0.288 -0.188 0 0 0
-4.112 -0.963 -0.638 0 0 0
-1.713 0.062 0.488 0 0 0
3.438 -7.288 5.113 0 0 0
-6.738 -1.663 -0.088 0 0 0
-7.038 -10.438 0.013 0 0 0
-3.463 1.538 -0.088 0 0 0
-1.137 1.163 0.013 0 0 0
3.413 0.713 7.663 0 0 0
0.138 -0.138 -1.463 0 0 0
-3.338 2.113 0.812 0 0 0
-9.188 1.038 9.412 0 0 0
4.188 3.062 3.963 0 0 0
-15.363 -16.463 0.013 0 0 0
-0.713 1.738 -0.988 0 0 0
-21.913 2.062 18.213 0 0 0
2.038 7.638 6.338 0 0 0
-10.088 -9.088 0.013 0 0 0
-2.438 4.213 -1.163 0 0 0
-3.663 2.838 0.038 0 0 0
-1.012 -0.888 -0.988 0 0 0
-2.312 -0.213 -2.463 0 0 0
-0.513 0.088 0.838 0 0 0
-11.238 5.663 7.913 0 0 0
-3.288 0.163 0.062 0 0 0
-18.688 -9.513 0.013 0 0 0
4.138 2.538 3.488 0 0 0
-5.538 -7.288 5.738 0 0 0
3.863 -4.838 2.312 0 0 0
-6.113 15.963 7.163 0 0 0
-1.263 7.188 8.488 0 0 0
-6.838 -11.388 0.013 0 0 0
-0.562 1.863 -1.088 0 0 0
-5.013 16.088 6.913 0 0 0
-0.288 7.163 8.037 0 0 0
-6.863 8.062 6.588 0 0 0
3.613 10.338 1.413 0 0 0
2.738 -7.713 6.488 0 0 0
-12.288 7.513 7.488 0 0 0
4.138 2.988 3.238 0 0 0
-12.038 5.888 8.138 0 0 0
-0.863 -0.788 -1.088 0 0 0
-4.513 -8.838 0.013 0 0 0
-11.713 11.463 9.562 0 0 0
-3.613 6.988 8.287 0 0 0
-1.562 11.388 8.738 0 0 0
-0.863 0.088 -1.238 0 0 0
3.763 -1.812 1.012 0 0 0
0.888 0.713 0.537 0 0 0
3.263 -0.537 6.763 0 0 0
3.562 -5.538 4.088 0 0 0
-20.788 -7.062 1.463 0 0 0
-2.913 -0.788 -0.288 0 0 0
-1.263 -0.812 -0.988 0 0 0
0.788 -0.788 -1.038 0 0 0
-14.438 7.088 8.562 0 0 0
3.863 -2.413 0.038 0 0 0
-2.388 -0.763 -1.038 0 0 0
0.788 -0.038 -0.363 0 0 0
3.238 5.838 8.188 0 0 0
3.988 -0.288 3.363 0 0 0
0.537 -7.863 4.362 0 0 0
-3.338 0.113 -0.013 0 0 0
0.963 0.913 0.013 0 0 0
-2.163 7.638 6.288 0 0 0
0.812 1.263 0.013 0 0 0
-8.037 7.963 7.188 0 0 0
-3.312 0.513 0.088 0 0 0
-0.963 -0.213 -2.388 0 0 0
-0.513 -0.913 -0.312 0 0 0
4.312 6.688 2.263 0 0 0
-6.588 -2.513 -0.188 0 0 0
0.463 -1.213 -1.012 0 0 0
-2.188 -0.838 0.013 0 0 0
-2.337 -0.488 0.013 0 0 0
0.613 0.363 0.013 0 0 0
1.062 -0.138 -1.388 0 0 0
-0.663 0.188 0.213 0 0 0
0.038 0.588 0.763 0 0 0
-2.013 8.037 6.963 0 0 0
-2.113 -0.638 0.013 0 0 0
-2.388 0.038 0.113 0 0 0
-2.288 11.338 7.463 0 0 0
-0.938 1.263 -1.088 0 0 0
-13.938 13.562 7.188 0 0 0
0.537 0.913 0.013 0 0 0
-0.088 -0.288 -0.163 0 0 0
-5.738 7.363 7.562 0 0 0
-6.838 8.138 7.388 0 0 0
-7.713 -8.863 0.013 0 0 0
0.713 -0.638 -0.238 0 0 0
-1.388 -0.213 -2.388 0 0 0
-7.513 1.738 16.713 0 0 0
-10.913 5.588 7.713 0 0 0
0.113 0.463 0.263 0 0 0
4.237 4.112 3.888 0 0 0
-13.863 -9.363 0.013 0 0 0
-5.488 -17.938 0.013 0 0 0
-6.638 -2.113 0.338 0 0 0
-3.013 -0.913 -1.038 0 0 0
0.038 -0.888 -1.038 0 0 0
-16.588 -10.363 0.013 0 0 0
0.938 0.537 0.038 0 0 0
0.913 0.438 0.163 0 0 0
-2.312 2.562 0.013 0 0 0
4.062 4.562 6.088 0 0 0
0.537 1.663 0.013 0 0 0
-8.388 -7.438 1.413 0 0 0
3.838 -6.312 3.013 0 0 0
-3.438 -0.738 -0.038 0 0 0
0.088 -0.638 0.013 0 0 0
1.062 -0.088 -0.838 0 0 0
-7.763 -0.763 9.162 0 0 0
-2.913 0.613 0.013 0 0 0
-2.638 1.713 0.013 0 0 0
-2.388 0.088 0.663 0 0 0
0.913 0.312 0.312 0 0 0
-0.388 -0.888 -1.038 0 0 0
-16.863 8.638 7.588 0 0 0
-8.738 -10.788 0.013 0 0 0
3.963 -2.138 1.588 0 0 0
-2.838 0.812 0.013 0 0 0
-0.613 -1.288 -0.163 0 0 0
-2.413 1.562 0.013 0 0 0
2.488 8.013 6.938 0 0 0
0.113 1.663 0.013 0 0 0
-2.238 0.013 -0.238 0 0 0
-7.638 6.038 8.138 0 0 0
0.312 0.537 0.288 0 0 0
4.213 4.362 5.338 0 0 0
-3.413 1.038 0.763 0 0 0
-1.062 -7.663 5.213 0 0 0
0.062 0.713 -0.488 0 0 0
0.838 0.863 0.312 0 0 0
-3.288 -0.013 -0.537 0 0 0
0.638 -0.088 -0.838 0 0 0
-0.088 0.062 0.638 0 0 0
-1.288 -0.988 -1.088 0 0 0
-3.288 -0.613 -0.138 0 0 0
0.537 -0.963 -0.988 0 0 0
-3.062 1.713 0.013 0 0 0
-2.113 -0.213 -2.513 0 0 0
-3.312 0.888 0.363 0 0 0
-0.963 -0.312 -3.363 0 0 0
0.363 0.038 -0.338 0 0 0
0.588 -0.163 -1.488 0 0 0
-1.812 0.062 0.312 0 0 0
-5.963 6.138 7.463 0 0 0
-9.788 5.888 8.037 0 0 0
-1.863 -0.013 -0.338 0 0 0
-2.588 7.163 7.863 0 0 0
-17.788 1.038 8.213 0 0 0
-1.288 5.863 7.913 0 0 0
-2.738 -0.062 -0.988 0 0 0
-2.538 -0.213 -2.513 0 0 0
-3.388 -0.613 -0.513 0 0 0
-3.363 -0.188 0.013 0 0 0
-3.013 -1.863 -1.038 0 0 0
0.188 -0.763 -0.988 0 0 0
-1.338 0.113 -1.312 0 0 0
-2.863 1.738 -1.113 0 0 0
0.562 -0.338 -0.062 0 0 0
-11.613 1.763 16.438 0 0 0
0.913 -0.988 -1.088 0 0 0
3.913 -4.062 1.613 0 0 0
-2.337 2.062 -1.088 0 0 0
0.938 0.038 0.463 0 0 0
-3.288 0.013 0.013 0 0 0
0.838 0.763 0.688 0 0 0
0.213 0.588 0.537 0 0 0
-3.163 1.463 0.013 0 0 0
-1.688 -1.413 -0.188 0 0 0
-9.812 -7.113 5.363 0 0 0
3.788 6.088 8.162 0 0 0
-0.213 2.312 0.013 0 0 0
0.638 0.888 0.713 0 0 0
-2.562 -1.413 -1.113 0 0 0
0.913 0.388 0.338 0 0 0
-11.288 7.312 7.088 0 0 0
-2.763 -0.863 -0.988 0 0 0
0.513 -1.012 -0.988 0 0 0
-6.763 7.963 7.812 0 0 0
-1.738 0.113 -1.213 0 0 0
-3.263 -0.888 0.013 0 0 0
-0.488 0.088 0.812 0 0 0
-0.613 -0.963 -1.038 0 0 0
0.913 0.688 0.588 0 0 0
-5.812 7.963 5.838 0 0 0
-3.163 2.212 0.013 0 0 0
-1.062 1.562 0.013 0 0 0
-3.288 -0.537 -0.113 0 0 0
-8.638 -9.263 0.013 0 0 0
0.088 -1.012 -0.988 0 0 0
3.938 3.638 0.463 0 0 0
-1.438 -1.738 -0.938 0 0 0
0.062 -0.988 -1.088 0 0 0
-12.188 -8.863 0.013 0 0 0
2.488 6.413 8.638 0 0 0
0.738 0.913 -0.013 0 0 0
-3.338 2.038 0.788 0 0 0
-2.938 -1.312 -0.988 0 0 0
-3.213 -1.513 0.013 0 0 0
3.538 0.588 6.363 0 0 0
-10.738 6.788 7.913 0 0 0
-2.438 -1.263 -0.562 0 0 0
-1.663 -0.138 -1.562 0 0 0
-8.688 6.238 8.263 0 0 0
-2.363 -0.238 -2.613 0 0 0
-1.012 -0.138 -1.638 0 0 0
-0.338 -1.012 -0.988 0 0 0
-3.062 -0.562 -0.863 0 0 0
-6.663 -2.562 0.013 0 0 0
-6.788 7.038 7.963 0 0 0
-3.163 5.688 8.013 0 0 0
-11.863 1.088 9.537 0 0 0
-1.288 3.213 0.013 0 0 0
-3.363 -1.312 -0.988 0 0 0
-0.513 0.888 0.663 0 0 0
0.963 -1.738 -1.188 0 0 0
0.288 0.537 0.588 0 0 0
-0.938 -0.238 -2.413 0 0 0
0.888 0.763 0.363 0 0 0
-1.638 0.088 0.763 0 0 0
-0.638 0.038 0.413 0 0 0
-1.263 1.713 -1.012 0 0 0
0.062 0.562 0.738 0 0 0
4.237 6.838 2.588 0 0 0
-2.788 -0.763 -1.062 0 0 0
-0.788 9.988 8.912 0 0 0
-3.913 -0.863 -1.113 0 0 0
-1.288 -9.138 0.013 0 0 0
0.038 0.463 0.188 0 0 0
0.537 -1.738 -1.188 0 0 0
-9.113 1.062 9.688 0 0 0
0.588 -0.312 -0.263 0 0 0
-2.062 10.588 1.513 0 0 0
-0.388 0.113 -1.213 0 0 0
4.163 -6.388 0.013 0 0 0
-2.388 -0.838 -1.062 0 0 0
-26.562 1.113 8.013 0 0 0
3.913 3.588 5.013 0 0 0
3.812 6.438 7.938 0 0 0
0.338 0.513 0.338 0 0 0
-9.613 -11.062 0.013 0 0 0
-1.788 1.312 0.013 0 0 0
-0.363 8.088 7.513 0 0 0
-2.812 -0.838 -1.062 0 0 0
0.663 -0.088 -0.788 0 0 0
4.237 -5.438 0.013 0 0 0
-4.638 12.088 7.338 0 0 0
-1.738 -0.088 -1.137 0 0 0
-15.763 1.088 9.013 0 0 0
-2.163 -0.788 0.013 0 0 0
-7.312 -10.062 0.013 0 0 0
-1.638 1.713 0.013 0 0 0
-0.312 0.088 0.062 0 0 0
-13.038 -6.913 4.388 0 0 0
4.013 3.288 3.613 0 0 0
-0.062 0.062 0.613 0 0 0
-1.012 0.113 -1.213 0 0 0
2.538 5.388 7.688 0 0 0
0.288 -0.138 0.013 0 0 0
-1.888 -0.888 -1.012 0 0 0
-1.713 2.263 0.013 0 0 0
0.713 0.613 0.013 0 0 0
-2.138 1.513 0.013 0 0 0
-3.638 -7.438 3.513 0 0 0
3.863 -3.113 1.938 0 0 0
-2.713 8.062 7.438 0 0 0
0.788 0.812 0.013 0 0 0
-2.238 0.062 0.263 0 0 0
-0.363 -0.438 -0.413 0 0 0
0.438 0.088 -0.913 0 0 0
4.237 4.788 4.538 0 0 0
-0.988 1.863 -1.088 0 0 0
-1.038 -0.138 -1.613 0 0 0
-4.663 -7.312 4.913 0 0 0
-1.888 -2.038 -0.888 0 0 0
-2.888 -0.138 -1.812 0 0 0
0.588 3.263 0.013 0 0 0
-16.413 -10.663 0.013 0 0 0
-3.213 0.812 0.713 0 0 0
-1.588 0.088 0.663 0 0 0
0.513 1.312 -0.888 0 0 0
-1.438 -9.013 0.013 0 0 0
-2.312 -0.888 -1.012 0 0 0
-16.913 5.688 7.188 0 0 0
0.562 1.713 0.013 0 0 0
-1.238 -0.163 -1.763 0 0 0
-2.438 -0.388 0.013 0 0 0
3.788 -5.588 2.863 0 0 0
4.138 2.838 3.138 0 0 0
-1.062 7.488 7.888 0 0 0
3.938 -2.312 1.688 0 0 0
-3.138 4.487 0.488 0 0 0
0.913 0.537 0.537 0 0 0
-2.463 1.413 0.013 0 0 0
-1.463 -0.138 -1.613 0 0 0
0.062 1.513 0.013 0 0 0
-0.088 -0.788 -1.062 0 0 0
-16.562 -9.562 0.013 0 0 0
-2.738 -0.888 -1.012 0 0 0
0.288 1.363 0.013 0 0 0
-3.388 0.013 -0.413 0 0 0
3.938 -3.463 1.812 0 0 0
-1.663 -0.163 -1.763 0 0 0
-3.312 0.812 0.338 0 0 0
-3.288 0.638 0.113 0 0 0
-24.938 8.037 8.238 0 0 0
-14.588 7.413 7.288 0 0 0
-22.463 3.288 3.738 0 0 0
3.488 0.663 7.113 0 0 0
0.562 -0.288 -0.238 0 0 0
-16.562 -8.812 0.013 0 0 0
-14.363 1.688 15.263 0 0 0
-3.312 1.562 1.012 0 0 0
-5.238 -9.863 0.013 0 0 0
-0.438 0.038 0.363 0 0 0
3.913 -3.562 1.863 0 0 0
3.938 4.562 6.213 0 0 0
-2.188 -0.413 -0.488 0 0 0
-17.262 1.188 9.863 0 0 0
1.163 -7.513 4.388 0 0 0
0.213 0.062 0.763 0 0 0
-1.638 0.062 0.562 0 0 0
-2.312 0.088 0.537 0 0 0
-2.163 0.038 0.038 0 0 0
-3.263 0.913 0.388 0 0 0
0.088 -1.713 -1.163 0 0 0
-0.363 -0.363 -0.388 0 0 0
3.338 0.763 8.238 0 0 0
-2.388 -0.113 0.013 0 0 0
-3.388 0.062 0.138 0 0 0
0.363 -1.062 -0.988 0 0 0
-3.088 1.263 0.013 0 0 0
2.438 -7.713 5.513 0 0 0
0.038 1.463 0.013 0 0 0
-13.988 13.613 7.213 0 0 0
0.338 -0.163 -1.513 0 0 0
0.888 -0.738 -0.963 0 0 0
-3.388 1.963 0.013 0 0 0
-2.838 5.838 7.838 0 0 0
0.963 1.963 -0.338 0 0 0
-3.388 2.263 0.263 0 0 0
-8.113 5.788 7.763 0 0 0
-1.963 0.062 0.338 0 0 0
-1.938 0.062 0.438 0 0 0
-5.863 1.738 16.838 0 0 0
-3.088 -1.188 0.013 0 0 0
-2.738 -0.812 -0.988 0 0 0
-12.488 13.588 8.988 0 0 0
-3.338 1.513 1.012 0 0 0
-0.463 0.113 0.138 0 0 0
-3.388 2.138 0.413 0 0 0
-2.688 -0.113 -0.113 0 0 0
-1.613 8.013 7.788 0 0 0
-5.363 6.938 8.263 0 0 0
0.438 -1.438 -1.113 0 0 0
-1.438 -1.812 -0.963 0 0 0
-3.288 0.713 0.138 0 0 0
-10.963 -7.238 4.663 0 0 0
-2.812 2.238 -0.363 0 0 0
-0.513 0.062 0.638 0 0 0
-1.463 0.113 -1.188 0 0 0
2.013 -7.738 3.838 0 0 0
-8.812 -10.113 0.013 0 0 0
3.913 6.763 -0.663 0 0 0
-4.938 15.963 7.138 0 0 0
2.113 5.663 8.062 0 0 0
-3.163 -2.388 -0.888 0 0 0
0.913 0.613 -0.013 0 0 0
4.038 4.312 5.363 0 0 0
-2.488 0.062 0.038 0 0 0
-2.763 -1.613 -0.988 0 0 0
-0.188 -0.263 -0.238 0 0 0
-3.263 -0.038 0.388 0 0 0
-5.263 6.238 8.263 0 0 0
0.062 0.613 0.562 0 0 0
1.088 -0.062 -0.438 0 0 0
0.413 -0.038 -0.463 0 0 0
-0.363 1.312 0.013 0 0 0
-9.338 6.312 8.238 0 0 0
-10.938 1.062 9.412 0 0 0
-3.238 0.638 0.013 0 0 0
-0.263 -0.738 -1.012 0 0 0
3.413 0.738 8.013 0 0 0
-12.788 1.062 9.213 0 0 0
-1.463 5.938 7.788 0 0 0
3.913 -3.363 1.137 0 0 0
-3.463 1.238 -0.238 0 0 0
-3.113 -1.263 0.013 0 0 0
-3.312 0.312 0.163 0 0 0
-1.137 -1.613 -1.038 0 0 0
-2.738 5.763 7.988 0 0 0
-13.013 1.088 9.363 0 0 0
0.913 0.338 -0.062 0 0 0
-5.288 1.763 17.113 0 0 0
-3.312 -2.163 0.013 0 0 0
-11.638 -8.763 0.013 0 0 0
-1.012 1.463 0.013 0 0 0
4.338 7.738 0.888 0 0 0
-3.338 -0.363 0.013 0 0 0
0.388 0.613 -0.338 0 0 0
-0.688 -0.738 -1.012 0 0 0
-3.438 7.988 6.562 0 0 0
-3.463 0.138 1.038 0 0 0
-2.113 -1.413 -0.188 0 0 0
0.938 0.463 -0.013 0 0 0
-1.763 -0.213 -2.488 0 0 0
3.938 -4.663 1.513 0 0 0
-12.062 -8.763 0.013 0 0 0
0.938 -0.163 -1.463 0 0 0
-3.613 -1.613 -0.988 0 0 0
-11.838 -8.912 0.013 0 0 0
-2.838 -0.588 -0.338 0 0 0
-3.213 0.963 0.163 0 0 0
-1.113 -0.738 -1.012 0 0 0
0.938 0.338 0.113 0 0 0
-4.038 7.088 7.338 0 0 0
-2.312 4.213 -1.188 0 0 0
-6.488 -11.263 0.013 0 0 0
-10.088 5.763 7.812 0 0 0
-3.163 0.163 0.038 0 0 0
-1.113 1.213 0.013 0 0 0
-3.338 0.263 0.163 0 0 0
-5.188 9.812 2.513 0 0 0
-17.938 -10.788 0.013 0 0 0
-12.688 12.138 7.062 0 0 0
-3.463 -10.062 0.013 0 0 0
-6.713 -10.363 0.013 0 0 0
0.288 -0.138 -1.312 0 0 0
-2.138 -0.788 8.963 0 0 0
-3.338 0.562 0.413 0 0 0
-1.538 1.188 0.013 0 0 0
-1.713 10.812 1.538 0 0 0
-3.363 1.213 1.062 0 0 0
-0.238 -0.113 0.062 0 0 0
1.088 -0.163 -1.413 0 0 0
-0.312 0.013 0.038 0 0 0
0.562 -0.438 -0.288 0 0 0
-2.163 0.013 -0.163 0 0 0
0.763 0.888 -0.263 0 0 0
3.938 4.413 6.163 0 0 0
-3.338 0.438 0.562 0 0 0
-0.138 -0.213 0.062 0 0 0
-10.213 5.513 7.713 0 0 0
-9.312 6.788 7.863 0 0 0
-3.463 2.062 -0.213 0 0 0
0.588 6.613 7.438 0 0 0
0.638 0.938 0.488 0 0 0
-1.738 0.062 0.388 0 0 0
-1.588 -9.062 0.013 0 0 0
-3.263 0.038 -0.188 0 0 0
0.488 1.688 -0.913 0 0 0
0.913 0.588 0.363 0 0 0
-7.663 5.913 8.062 0 0 0
0.213 0.513 0.463 0 0 0
-7.638 7.288 7.062 0 0 0
0.888 -0.888 -1.012 0 0 0
-3.238 0.763 0.588 0 0 0
0.438 -0.263 -0.288 0 0 0
0.863 0.488 -0.288 0 0 0
-3.238 3.238 0.062 0 0 0
-3.363 3.113 0.338 0 0 0
-2.238 -0.763 -1.038 0 0 0
1.062 -0.513 -0.238 0 0 0
-11.163 9.963 1.513 0 0 0
4.213 3.588 4.538 0 0 0
-2.288 -0.238 -0.263 0 0 0
4.088 6.038 8.088 0 0 0
-15.088 1.663 14.938 0 0 0
3.938 3.238 4.612 0 0 0
0.913 0.463 0.513 0 0 0
-2.538 -1.088 -1.062 0 0 0
0.163 -1.638 -1.062 0 0 0
-3.263 0.213 0.213 0 0 0
-1.488 6.388 8.513 0 0 0
4.312 4.812 6.088 0 0 0
-11.763 1.788 16.663 0 0 0
4.112 2.538 3.388 0 0 0
0.888 0.788 0.663 0 0 0
0.388 0.113 -1.188 0 0 0
0.088 -1.088 -1.062 0 0 0
-2.438 -0.238 -2.588 0 0 0
-3.288 -0.463 0.062 0 0 0
3.788 -5.488 3.238 0 0 0
-1.312 -0.812 -0.988 0 0 0
4.163 3.838 5.288 0 0 0
-2.688 0.613 -0.312 0 0 0
-19.113 4.438 5.013 0 0 0
-5.488 5.938 7.963 0 0 0
-2.363 1.663 0.013 0 0 0
1.088 -0.788 9.263 0 0 0
0.413 -0.062 -0.663 0 0 0
-1.863 2.588 0.013 0 0 0
-3.713 2.588 -0.188 0 0 0
-5.488 6.812 7.812 0 0 0
-3.388 0.113 -0.038 0 0 0
-3.388 0.113 -0.013 0 0 0
-0.062 -0.263 0.113 0 0 0
-1.163 -0.138 -1.488 0 0 0
-5.688 5.913 7.812 0 0 0
-0.338 -1.088 -1.062 0 0 0
0.812 -0.413 -0.238 0 0 0
-15.088 1.713 15.488 0 0 0
0.763 1.263 0.013 0 0 0
-10.538 1.763 16.713 0 0 0
-5.088 6.413 7.838 0 0 0
-3.388 -0.062 -1.038 0 0 0
1.312 -7.613 5.288 0 0 0
3.888 -2.438 1.562 0 0 0
-3.388 1.438 0.238 0 0 0
-15.963 7.288 7.088 0 0 0
-2.163 -0.363 -0.488 0 0 0
-9.537 1.738 16.363 0 0 0
-1.938 0.113 0.938 0 0 0
4.163 4.413 4.288 0 0 0
0.113 0.812 -0.263 0 0 0
0.812 0.338 -0.238 0 0 0
0.312 -0.312 0.013 0 0 0
-3.363 2.163 0.338 0 0 0
-0.138 0.038 0.488 0 0 0
-1.988 -0.213 -2.538 0 0 0
-5.263 -10.312 0.013 0 0 0
-0.513 0.113 1.137 0 0 0
0.713 -0.163 -1.513 0 0 0
0.938 0.312 -0.088 0 0 0
-3.238 0.963 -0.138 0 0 0
0.463 -0.812 -0.988 0 0 0
0.513 1.338 0.013 0 0 0
0.062 -0.713 -1.038 0 0 0
-3.338 1.438 0.988 0 0 0
-1.438 -7.538 5.163 0 0 0
-1.188 -1.088 -1.062 0 0 0
-2.337 5.863 8.113 0 0 0
0.838 -0.163 -1.638 0 0 0
-2.613 -0.763 8.888 0 0 0
-2.688 0.062 -1.038 0 0 0
-0.863 5.913 7.812 0 0 0
-3.338 1.738 1.238 0 0 0
-15.888 1.638 14.688 0 0 0
0.113 -0.463 0.013 0 0 0
-0.537 0.438 0.613 0 0 0
1.963 8.088 7.538 0 0 0
3.763 -3.288 0.038 0 0 0
-0.038 5.838 8.088 0 0 0
0.062 0.088 0.788 0 0 0
0.938 0.488 0.312 0 0 0
0.088 1.338 0.013 0 0 0
-0.863 -1.338 -1.062 0 0 0
0.013 0.562 -0.263 0 0 0
-3.163 5.963 8.062 0 0 0
0.488 -0.363 -0.238 0 0 0
-4.362 5.963 8.263 0 0 0
-2.538 -0.138 -1.788 0 0 0
-2.238 -0.338 -0.213 0 0 0
-3.463 0.188 1.538 0 0 0
-6.988 -2.138 -0.312 0 0 0
3.763 6.788 0.438 0 0 0
-4.988 6.213 8.138 0 0 0
-5.588 -9.663 0.013 0 0 0
0.088 0.638 -0.113 0 0 0
-2.913 -6.562 0.013 0 0 0
-1.588 -1.663 -1.088 0 0 0
0.062 0.663 -0.213 0 0 0
3.988 3.438 0.438 0 0 0
-3.312 0.537 0.388 0 0 0
-4.788 5.963 8.263 0 0 0
-3.088 0.988 0.663 0 0 0
0.013 -0.713 0.013 0 0 0
3.963 -0.238 2.888 0 0 0
-2.838 -6.363 0.013 0 0 0
3.963 5.388 5.838 0 0 0
-1.588 -1.788 -0.938 0 0 0
-4.888 -7.263 4.163 0 0 0
-9.188 12.138 7.188 0 0 0
3.488 5.963 8.287 0 0 0
-3.263 3.238 -0.238 0 0 0
-17.463 1.588 14.013 0 0 0
-2.913 0.738 0.013 0 0 0
-2.013 -1.663 -1.088 0 0 0
3.388 6.113 8.162 0 0 0
-1.688 -0.038 -0.688 0 0 0
0.713 -0.263 -2.488 0 0 0
-3.538 1.838 -1.012 0 0 0
-1.538 -0.138 -1.588 0 0 0
-3.363 -1.562 0.013 0 0 0
0.363 -0.588 -0.338 0 0 0
-2.538 -0.013 -0.088 0 0 0
-4.863 8.213 5.988 0 0 0
-0.738 -0.163 -1.688 0 0 0
-4.237 2.663 -1.062 0 0 0
-1.963 -0.138 -1.588 0 0 0
-0.188 -0.888 -0.988 0 0 0
-3.363 2.538 0.013 0 0 0
3.938 -0.288 3.562 0 0 0
3.812 4.487 1.638 0 0 0
-19.163 4.963 5.588 0 0 0
0.713 -1.062 -0.963 0 0 0
-2.188 -0.513 -0.713 0 0 0
-22.338 -5.913 2.363 0 0 0
-3.263 -0.363 -0.113 0 0 0
-17.163 1.713 15.312 0 0 0
3.688 -5.013 4.312 0 0 0
0.963 1.988 -0.013 0 0 0
-12.988 -0.763 7.688 0 0 0
-1.388 -0.138 -1.538 0 0 0
-0.413 -1.438 -1.113 0 0 0
-1.238 -0.238 -2.438 0 0 0
-3.463 1.538 0.013 0 0 0
0.988 -0.088 -0.812 0 0 0
-3.263 -1.513 0.013 0 0 0
-2.263 -1.388 -0.163 0 0 0
-0.138 -0.288 0.038 0 0 0
3.038 1.012 10.562 0 0 0
-3.738 -0.763 -1.012 0 0 0
-2.588 -0.088 -0.188 0 0 0
-0.738 -0.062 0.013 0 0 0
-0.613 11.363 7.463 0 0 0
2.538 -7.838 3.913 0 0 0
0.263 -0.138 -1.488 0 0 0
-0.838 -1.438 -1.113 0 0 0
-0.413 -1.713 -1.137 0 0 0
-1.463 -0.163 -1.812 0 0 0
-0.513 0.088 0.938 0 0 0
-3.763 -1.963 0.388 0 0 0
-1.338 -0.888 -1.038 0 0 0
3.812 -1.763 0.613 0 0 0
0.213 -0.312 -0.163 0 0 0
-1.588 2.538 0.013 0 0 0
3.913 3.188 4.487 0 0 0
-0.863 -0.788 -0.988 0 0 0
-1.538 -0.763 -1.012 0 0 0
4.163 -8.513 0.013 0 0 0
-1.888 -0.163 -1.812 0 0 0
-19.163 4.988 4.463 0 0 0
4.237 7.888 0.913 0 0 0
0.613 -0.163 -1.688 0 0 0
-0.838 11.238 7.363 0 0 0
-19.738 0.863 6.338 0 0 0
-2.312 0.013 -0.138 0 0 0
-3.288 0.913 0.163 0 0 0
-1.463 6.113 7.588 0 0 0
0.138 9.988 8.938 0 0 0
-5.413 11.988 7.263 0 0 0
-18.713 -8.738 0.013 0 0 0
-1.763 -0.888 -1.038 0 0 0
-2.663 0.088 0.613 0 0 0
-1.263 2.288 0.013 0 0 0
-25.588 -0.812 9.713 0 0 0
4.237 6.088 7.963 0 0 0
-3.413 -2.013 -0.963 0 0 0
2.988 0.988 10.463 0 0 0
-0.713 5.713 8.013 0 0 0
0.238 0.838 -0.013 0 0 0
-0.913 -0.138 -1.638 0 0 0
-25.138 5.338 6.138 0 0 0
-2.113 1.538 0.013 0 0 0
3.738 -3.463 2.688 0 0 0
0.863 0.763 0.488 0 0 0
-0.537 -0.213 -2.363 0 0 0
-3.288 5.988 7.788 0 0 0
-3.338 0.163 1.213 0 0 0
0.938 0.938 0.013 0 0 0
3.638 -5.163 3.838 0 0 0
-2.913 1.863 -0.312 0 0 0
4.213 5.363 6.588 0 0 0
-2.163 -0.438 -0.513 0 0 0
-11.263 10.062 1.513 0 0 0
3.338 5.863 8.062 0 0 0
-15.213 1.663 15.062 0 0 0
-1.913 3.188 0.013 0 0 0
-2.763 3.138 -0.537 0 0 0
-2.388 0.038 0.213 0 0 0
-8.412 -7.213 4.088 0 0 0
-2.337 -0.038 -0.138 0 0 0
-13.513 1.088 9.388 0 0 0
-0.088 -0.288 -0.062 0 0 0
-0.113 -0.263 -0.163 0 0 0
3.688 -4.638 3.988 0 0 0
-3.463 0.013 -0.188 0 0 0
0.138 0.613 0.638 0 0 0
-3.388 1.538 0.613 0 0 0
-9.188 1.812 17.137 0 0 0
0.488 -0.038 -0.388 0 0 0
-6.013 1.788 17.288 0 0 0
-3.263 -0.113 -0.288 0 0 0
0.363 0.713 -0.263 0 0 0
-5.013 7.013 7.713 0 0 0
-2.538 2.288 0.013 0 0 0
-2.013 1.588 0.013 0 0 0
-0.963 -0.163 -1.738 0 0 0
-2.438 -9.062 0.013 0 0 0
-7.088 1.788 17.363 0 0 0
-24.688 -10.988 0.013 0 0 0
1.062 -0.088 -0.738 0 0 0
-2.188 0.088 0.513 0 0 0
0.913 0.312 0.413 0 0 0
-0.413 -0.263 -0.288 0 0 0
-2.238 -0.863 0.013 0 0 0
-2.863 -2.062 -0.163 0 0 0
-7.013 7.213 6.988 0 0 0
-6.113 -7.438 1.388 0 0 0
-1.038 7.113 8.013 0 0 0
4.163 2.463 3.263 0 0 0
-10.638 -10.288 0.013 0 0 0
0.312 0.537 0.388 0 0 0
-2.438 1.588 0.013 0 0 0
0.263 1.038 0.013 0 0 0
-5.163 -9.312 0.013 0 0 0
1.338 -7.663 5.312 0 0 0
-2.463 0.038 0.013 0 0 0
-1.638 -0.788 9.037 0 0 0
-6.538 -0.788 8.562 0 0 0
-2.238 -0.113 0.013 0 0 0
-17.113 1.613 14.238 0 0 0
0.188 1.588 0.013 0 0 0
-2.113 2.312 -1.113 0 0 0
-14.688 5.438 7.438 0 0 0
3.888 -0.438 5.163 0 0 0
-0.913 0.113 -1.213 0 0 0
-1.812 0.062 0.413 0 0 0
2.788 5.938 8.213 0 0 0
-1.363 5.663 8.013 0 0 0
-3.338 0.363 0.488 0 0 0
4.163 2.638 3.663 0 0 0
-6.363 15.312 8.812 0 0 0
2.438 5.963 7.812 0 0 0
-5.713 -7.488 1.388 0 0 0
-2.038 0.088 0.562 0 0 0
-3.388 -0.913 -0.663 0 0 0
4.112 3.188 4.438 0 0 0
-3.312 0.763 0.613 0 0 0
0.388 3.238 0.013 0 0 0
-5.863 5.863 7.838 0 0 0
-12.263 1.738 16.137 0 0 0
-2.888 -6.513 0.013 0 0 0
0.863 0.838 -0.088 0 0 0
0.038 -0.663 0.013 0 0 0
-12.562 7.988 7.013 0 0 0
-1.338 0.113 -1.213 0 0 0
-6.188 5.588 7.438 0 0 0
-2.963 0.588 0.013 0 0 0
-2.538 5.938 7.738 0 0 0
4.237 5.713 6.363 0 0 0
-0.013 -0.113 0.013 0 0 0
-0.038 -0.113 0.013 0 0 0
-5.613 -10.138 0.013 0 0 0
0.312 -0.763 -1.012 0 0 0
0.288 -0.163 -1.513 0 0 0
-3.038 -7.588 4.988 0 0 0
-2.788 2.838 -0.488 0 0 0
-2.763 2.238 0.013 0 0 0
-3.388 0.188 1.413 0 0 0
-20.088 -10.688 0.013 0 0 0
0.913 0.388 0.438 0 0 0
-3.038 7.513 7.838 0 0 0
-1.538 1.413 -1.088 0 0 0
-3.388 0.588 0.013 0 0 0
-0.488 0.088 0.913 0 0 0
0.713 -1.137 -0.988 0 0 0
-5.713 -7.338 4.913 0 0 0
3.888 -4.838 2.863 0 0 0
0.562 -0.788 -0.988 0 0 0
-0.113 -0.763 -1.012 0 0 0
-3.888 -1.238 -1.038 0 0 0
-1.838 -1.213 -1.088 0 0 0
4.213 3.238 4.438 0 0 0
-0.338 1.338 0.013 0 0 0
-3.338 0.138 1.012 0 0 0
0.788 -1.213 -1.088 0 0 0
-5.738 -9.938 0.013 0 0 0
0.738 0.913 0.062 0 0 0
-3.363 -2.062 -0.888 0 0 0
-0.537 -0.763 -1.012 0 0 0
-0.413 0.288 0.388 0 0 0
-13.788 5.763 7.238 0 0 0
-9.513 7.188 7.938 0 0 0
3.838 -1.613 0.988 0 0 0
-18.312 6.038 8.188 0 0 0
-11.388 -8.888 0.013 0 0 0
-7.763 1.113 10.213 0 0 0
0.113 0.713 -0.488 0 0 0
-3.213 -1.938 0.013 0 0 0
-0.763 1.338 0.013 0 0 0
0.838 -0.138 -1.338 0 0 0
-17.312 -0.812 9.488 0 0 0
-12.163 -16.738 0.013 0 0 0
3.588 -7.238 5.088 0 0 0
0.363 -1.213 -1.088 0 0 0
0.688 0.888 0.562 0 0 0
-3.312 -0.938 0.013 0 0 0
-5.738 -9.188 0.013 0 0 0
-4.638 7.938 6.888 0 0 0
-0.363 -0.062 0.013 0 0 0
-11.812 -8.888 0.013 0 0 0
-26.713 1.113 8.062 0 0 0
-0.088 0.588 -0.088 0 0 0
-1.188 1.338 0.013 0 0 0
0.213 -1.413 -0.213 0 0 0
-1.137 10.788 1.538 0 0 0
-10.013 5.838 8.062 0 0 0
-9.312 -10.338 0.013 0 0 0
-16.012 5.888 8.312 0 0 0
0.138 -0.263 0.062 0 0 0
-0.688 -0.913 0.013 0 0 0
-3.738 -10.838 0.013 0 0 0
-6.463 7.163 6.938 0 0 0
0.537 -0.138 -1.463 0 0 0
-2.988 5.913 7.888 0 0 0
-1.312 -0.138 -1.663 0 0 0
-1.413 2.238 0.013 0 0 0
0.038 0.463 0.288 0 0 0
0.138 0.038 0.312 0 0 0
3.513 -5.688 4.188 0 0 0
-2.538 -0.188 -0.188 0 0 0
-2.163 -1.263 -0.537 0 0 0
4.338 6.713 2.288 0 0 0
-0.488 -1.213 -1.088 0 0 0
4.163 3.988 5.488 0 0 0
-18.538 -9.037 0.013 0 0 0
3.613 0.488 5.363 0 0 0
0.113 -0.138 -1.463 0 0 0
-12.263 -11.038 0.013 0 0 0
3.888 -3.613 2.163 0 0 0
0.013 -0.238 0.062 0 0 0
-3.713 2.113 -0.738 0 0 0
-0.888 2.288 0.013 0 0 0
-3.338 0.038 0.038 0 0 0
0.388 1.012 -0.312 0 0 0
-1.363 -1.338 -1.038 0 0 0
-3.088 -0.763 -1.088 0 0 0
-3.013 -1.613 -1.113 0 0 0
-3.288 -1.788 -0.863 0 0 0
-3.663 6.413 8.513 0 0 0
-3.188 -0.038 -0.863 0 0 0
-3.338 0.338 0.288 0 0 0
-2.038 -0.138 -1.713 0 0 0
-0.213 0.663 0.062 0 0 0
-2.388 1.812 -1.088 0 0 0
-1.312 2.288 0.013 0 0 0
-0.913 1.463 0.013 0 0 0
-12.138 -8.838 0.013 0 0 0
-2.188 5.888 7.938 0 0 0
-0.613 -0.138 -1.513 0 0 0
-2.463 -0.138 -1.713 0 0 0
-0.062 0.062 0.713 0 0 0
-0.588 0.038 0.188 0 0 0
-0.312 -7.438 6.088 0 0 0
0.763 -0.488 -0.263 0 0 0
4.213 -4.663 0.013 0 0 0
0.363 0.638 -0.288 0 0 0
-14.113 5.738 8.013 0 0 0
4.138 4.938 5.788 0 0 0
-1.338 1.463 0.013 0 0 0
-1.312 -0.763 9.013 0 0 0
0.763 1.413 -0.388 0 0 0
0.913 0.363 0.238 0 0 0
0.062 -0.163 -1.562 0 0 0
0.713 1.938 0.388 0 0 0
-1.913 2.663 -1.038 0 0 0
-3.438 1.663 0.188 0 0 0
-1.038 -0.138 -1.513 0 0 0
4.213 2.913 3.988 0 0 0
-2.913 8.037 7.388 0 0 0
-3.288 -0.413 -0.013 0 0 0
-10.438 5.613 7.312 0 0 0
0.913 0.238 0.388 0 0 0
-1.838 1.288 0.013 0 0 0
0.188 -0.263 -0.013 0 0 0
0.188 -0.263 -0.038 0 0 0
-1.812 0.113 0.913 0 0 0
-12.138 -7.288 1.838 0 0 0
-10.388 -11.138 0.013 0 0 0
3.213 -5.138 1.388 0 0 0
0.763 1.588 0.013 0 0 0
0.913 0.537 0.638 0 0 0
-0.413 -0.038 -0.062 0 0 0
-1.438 -0.738 -1.012 0 0 0
-3.113 0.838 0.588 0 0 0
-3.463 1.438 -0.213 0 0 0
0.213 8.113 7.538 0 0 0
-0.338 0.113 -1.213 0 0 0
-4.388 -10.888 0.013 0 0 0
-3.338 0.413 0.312 0 0 0
-13.938 1.688 15.363 0 0 0
-2.087 -1.288 -0.537 0 0 0
-4.362 -2.013 0.413 0 0 0
-3.288 0.338 -0.038 0 0 0
-11.713 7.062 8.037 0 0 0
4.163 5.888 8.113 0 0 0
-0.888 5.812 7.888 0 0 0
4.188 3.988 3.863 0 0 0
0.588 0.388 0.013 0 0 0
-1.438 1.213 0.013 0 0 0
-1.338 -0.138 -1.638 0 0 0
-2.138 -0.613 0.013 0 0 0
-2.062 -0.438 0.013 0 0 0
0.663 0.588 0.013 0 0 0
-2.613 -0.888 -1.038 0 0 0
0.588 -0.812 -1.012 0 0 0
-8.113 6.463 7.838 0 0 0
-0.038 0.513 0.113 0 0 0
-1.738 -0.188 -2.013 0 0 0
0.138 -1.038 -0.138 0 0 0
-3.088 1.088 -0.288 0 0 0
4.213 4.463 5.812 0 0 0
-1.963 0.013 -0.113 0 0 0
-3.338 1.613 0.738 0 0 0
-10.363 1.113 9.913 0 0 0
-2.038 6.213 7.713 0 0 0
-5.238 -10.288 0.013 0 0 0
-1.763 -0.138 -1.638 0 0 0
3.888 -2.663 1.438 0 0 0
-1.863 1.213 0.013 0 0 0
0.763 -0.413 -0.238 0 0 0
4.038 2.588 3.238 0 0 0
-2.013 5.738 7.988 0 0 0
-9.488 5.838 7.638 0 0 0
-2.163 0.038 0.138 0 0 0
0.138 -0.288 -0.138 0 0 0
-0.038 0.688 0.513 0 0 0
-3.838 6.438 7.888 0 0 0
-0.062 1.288 0.013 0 0 0
-3.388 0.062 0.238 0 0 0
-0.613 0.888 0.588 0 0 0
-2.513 -0.088 -0.113 0 0 0
0.263 -0.913 -1.012 0 0 0
-2.363 -2.062 -0.888 0 0 0
-2.288 1.213 0.013 0 0 0
-2.888 -0.238 -2.688 0 0 0
0.138 -0.413 0.013 0 0 0
-8.438 5.763 7.562 0 0 0
0.562 0.338 0.013 0 0 0
-6.638 1.763 17.137 0 0 0
-12.312 15.013 6.763 0 0 0
0.963 1.963 -0.238 0 0 0
-0.488 1.288 0.013 0 0 0
-3.312 -0.013 -0.537 0 0 0
-1.963 0.062 0.438 0 0 0
-0.188 5.938 7.812 0 0 0
0.263 -0.213 -2.163 0 0 0
2.312 5.938 7.938 0 0 0
-13.338 -9.013 0.013 0 0 0
-0.163 -0.913 -1.012 0 0 0
-2.788 -2.062 -0.888 0 0 0
-2.163 0.088 0.688 0 0 0
0.713 -0.463 -0.338 0 0 0
0.062 0.438 0.263 0 0 0
0.963 0.238 0.288 0 0 0
-3.288 3.338 0.638 0 0 0
0.588 -0.738 -0.988 0 0 0
0.938 0.263 0.188 0 0 0
4.213 3.288 3.663 0 0 0
0.138 0.062 0.663 0 0 0
-8.613 -16.188 0.013 0 0 0
4.163 2.938 3.913 0 0 0
-1.663 -0.788 -1.088 0 0 0
0.913 0.613 0.062 0 0 0
0.238 -0.388 0.013 0 0 0
-0.963 2.087 -1.062 0 0 0
-14.513 1.638 14.888 0 0 0
-0.363 -1.062 -1.012 0 0 0
0.263 0.062 0.537 0 0 0
-8.412 6.088 7.988 0 0 0
0.413 -0.038 -0.363 0 0 0
4.237 4.062 5.588 0 0 0
4.213 4.663 5.088 0 0 0
0.312 -0.188 0.013 0 0 0
0.338 2.713 0.013 0 0 0
-2.938 -10.238 0.013 0 0 0
0.438 1.263 0.013 0 0 0
-3.463 1.238 -0.138 0 0 0
-2.062 -0.812 -0.988 0 0 0
0.588 1.338 -0.713 0 0 0
0.913 1.938 -0.338 0 0 0
-3.312 0.312 0.263 0 0 0
-15.938 1.688 15.238 0 0 0
-1.488 -2.163 -0.938 0 0 0
-0.163 0.062 0.537 0 0 0
-25.413 7.863 6.713 0 0 0
-16.788 -8.562 0.013 0 0 0
-2.513 -1.213 -1.113 0 0 0
-0.088 -0.488 0.013 0 0 0
3.388 10.113 3.263 0 0 0
-2.513 1.163 0.013 0 0 0
0.013 1.263 0.013 0 0 0
-3.463 1.988 -0.138 0 0 0
0.938 0.463 0.062 0 0 0
-25.538 5.438 6.562 0 0 0
0.488 -1.263 -0.338 0 0 0
0.788 -0.062 -0.463 0 0 0
3.513 -2.113 -0.213 0 0 0
-3.163 -2.038 0.013 0 0 0
-0.213 -1.188 0.013 0 0 0
0.562 -0.038 -0.312 0 0 0
-3.338 0.388 0.113 0 0 0
-1.688 0.088 0.588 0 0 0
0.938 0.338 0.213 0 0 0
-7.413 6.963 8.037 0 0 0
-3.363 0.413 0.013 0 0 0
-3.113 4.612 0.138 0 0 0
2.337 5.562 7.713 0 0 0
-3.038 -0.763 -0.988 0 0 0
-0.988 -0.738 -1.038 0 0 0
3.588 6.388 8.162 0 0 0
-3.338 0.263 0.263 0 0 0
-1.562 -0.138 -1.688 0 0 0
-0.013 0.488 -0.088 0 0 0
-0.038 0.488 -0.088 0 0 0
4.062 -0.263 -2.212 0 0 0
-3.263 -0.588 -0.238 0 0 0
-3.363 0.288 0.163 0 0 0
-0.288 -0.812 -0.988 0 0 0
4.062 3.163 4.562 0 0 0
-10.338 -7.413 4.312 0 0 0
-7.838 1.062 9.938 0 0 0
-3.363 1.163 0.013 0 0 0
-0.838 1.263 0.013 0 0 0
4.013 3.213 4.362 0 0 0
-1.763 -0.163 -1.838 0 0 0
-3.812 -11.038 0.013 0 0 0
0.413 -0.138 -1.338 0 0 0
-1.413 -0.738 -1.038 0 0 0
-2.312 11.113 9.062 0 0 0
-2.763 11.238 7.388 0 0 0
-2.838 -2.038 -0.963 0 0 0
0.763 0.888 -0.163 0 0 0
-0.738 1.163 0.013 0 0 0
-12.538 1.088 9.363 0 0 0
2.263 5.988 7.863 0 0 0
4.288 4.788 5.263 0 0 0
-17.637 -11.013 0.013 0 0 0
0.238 -0.763 -0.988 0 0 0
-0.812 -1.688 -1.137 0 0 0
-11.888 -8.963 0.013 0 0 0
-2.188 -0.163 -1.838 0 0 0
0.913 0.288 0.213 0 0 0
-1.738 0.062 0.488 0 0 0
-1.838 -0.738 -1.038 0 0 0
4.163 3.312 3.588 0 0 0
-6.812 -9.037 0.013 0 0 0
-1.163 1.163 0.013 0 0 0
4.263 5.163 6.562 0 0 0
-2.913 -0.213 -2.513 0 0 0
-3.488 7.562 7.363 0 0 0
0.213 0.513 0.562 0 0 0
0.788 -0.163 -1.438 0 0 0
-2.888 -0.738 -0.188 0 0 0
-1.738 -0.838 -1.038 0 0 0
-2.838 -0.988 -0.713 0 0 0
-2.738 -0.838 -1.088 0 0 0
0.788 -0.738 -1.038 0 0 0
-0.738 1.738 -0.988 0 0 0
-3.263 3.263 0.062 0 0 0
3.888 3.188 1.263 0 0 0
0.913 0.463 0.613 0 0 0
-2.263 2.613 -1.038 0 0 0
-1.663 9.537 8.488 0 0 0
-3.263 0.213 0.312 0 0 0
4.112 2.538 3.488 0 0 0
-1.888 -0.038 -0.537 0 0 0
0.363 -0.738 -1.038 0 0 0
3.988 -0.238 2.688 0 0 0
-7.138 -9.138 0.013 0 0 0
-3.812 8.037 6.963 0 0 0
0.588 -0.888 -1.038 0 0 0
-15.388 8.713 7.738 0 0 0
0.062 0.588 0.463 0 0 0
-3.312 1.888 -0.312 0 0 0
-3.388 0.113 0.062 0 0 0
-5.688 5.913 7.913 0 0 0
-3.588 1.963 -0.963 0 0 0
-9.388 -7.438 4.413 0 0 0
3.238 6.062 7.913 0 0 0
-3.613 -0.763 8.787 0 0 0
-7.488 -8.938 0.013 0 0 0
-2.763 -1.463 -0.688 0 0 0
-1.263 1.663 0.013 0 0 0
4.188 5.062 7.062 0 0 0
0.988 -0.062 -0.513 0 0 0
-2.363 4.263 -1.163 0 0 0
-3.312 0.738 -0.188 0 0 0
-5.312 16.038 7.163 0 0 0
0.938 -0.438 0.013 0 0 0
-24.888 5.138 7.188 0 0 0
-7.913 1.763 16.812 0 0 0
-1.788 -1.438 0.013 0 0 0
1.688 7.663 6.338 0 0 0
-1.763 1.463 0.013 0 0 0
-0.288 -1.413 -0.188 0 0 0
-3.388 2.188 0.338 0 0 0
-1.988 -0.213 -2.438 0 0 0
-9.938 5.963 7.988 0 0 0
0.963 0.288 0.113 0 0 0
0.638 -0.312 -0.263 0 0 0
0.562 -0.062 -0.513 0 0 0
-1.562 5.812 7.863 0 0 0
-8.412 1.062 9.613 0 0 0
0.888 0.562 0.537 0 0 0
0.938 0.312 0.013 0 0 0
-2.788 7.888 7.688 0 0 0
0.713 0.913 -0.238 0 0 0
-3.363 2.038 0.588 0 0 0
-3.713 -2.013 0.338 0 0 0
4.188 2.788 3.513 0 0 0
-1.012 -0.163 -1.738 0 0 0
0.688 -0.638 -0.238 0 0 0
0.913 0.663 -0.113 0 0 0
-1.863 -0.738 -1.012 0 0 0
-2.913 -2.087 -0.163 0 0 0
-16.588 -8.812 0.013 0 0 0
-1.213 -0.738 -1.088 0 0 0
-2.763 0.488 -0.263 0 0 0
0.913 -0.488 0.013 0 0 0
-24.988 -11.663 0.013 0 0 0
-0.888 -1.312 -1.062 0 0 0
-2.288 -2.638 -0.888 0 0 0
0.413 -0.163 -1.538 0 0 0
4.163 2.538 3.388 0 0 0
-0.763 2.312 -1.088 0 0 0
-1.688 -0.088 -1.137 0 0 0
-0.588 0.812 0.488 0 0 0
-9.488 12.062 7.138 0 0 0
0.388 -0.213 -0.263 0 0 0
-2.863 -0.513 -0.263 0 0 0
-8.037 -0.763 8.213 0 0 0
-1.788 -1.413 -1.113 0 0 0
-5.263 -9.088 0.013 0 0 0
-2.312 1.663 0.013 0 0 0
-2.188 5.812 7.863 0 0 0
3.138 -0.713 8.738 0 0 0
0.413 0.638 0.288 0 0 0
3.688 6.562 8.138 0 0 0
0.913 0.713 0.438 0 0 0
-3.663 8.062 6.638 0 0 0
-1.188 2.312 -1.088 0 0 0
-3.312 0.537 0.488 0 0 0
-3.288 0.938 -0.138 0 0 0
-2.438 0.088 0.163 0 0 0
0.613 0.963 0.013 0 0 0
-0.238 -7.688 4.213 0 0 0
3.763 4.513 6.338 0 0 0
-1.012 2.087 -1.062 0 0 0
-5.688 -9.088 0.013 0 0 0
-2.738 1.663 0.013 0 0 0
-3.338 0.888 0.363 0 0 0
-1.913 -0.763 -1.113 0 0 0
-14.312 5.788 7.963 0 0 0
-3.312 0.413 0.638 0 0 0
0.413 -0.113 -0.988 0 0 0
0.562 -0.163 -1.488 0 0 0
-2.138 -1.213 -1.113 0 0 0
-8.662 15.938 6.138 0 0 0
-0.038 -0.338 -0.113 0 0 0
-4.088 8.062 6.638 0 0 0
-1.688 -0.038 -0.588 0 0 0
-3.513 0.988 9.588 0 0 0
-1.388 -0.188 -1.988 0 0 0
-0.663 0.088 0.763 0 0 0
-0.038 0.537 -0.263 0 0 0
-2.538 -0.038 0.013 0 0 0
-4.438 5.663 7.913 0 0 0
-5.413 -10.613 0.013 0 0 0
0.363 1.312 -0.363 0 0 0
0.338 -0.263 -0.363 0 0 0
-2.838 0.663 0.013 0 0 0
1.288 -0.788 9.312 0 0 0
0.088 -0.038 0.013 0 0 0
-2.963 -0.088 -1.137 0 0 0
2.838 10.438 1.438 0 0 0
0.888 -0.388 -0.062 0 0 0
0.488 -1.338 -0.963 0 0 0
-3.388 2.562 0.013 0 0 0
0.938 0.438 0.588 0 0 0
-2.188 -0.513 -0.613 0 0 0
0.263 -0.263 0.038 0 0 0
-1.713 -2.013 -0.938 0 0 0
-2.113 -0.888 -0.963 0 0 0
-7.438 7.363 7.138 0 0 0
-3.288 -0.888 0.013 0 0 0
-5.713 -9.138 0.013 0 0 0
-0.338 -0.038 0.013 0 0 0
0.463 -0.388 -0.062 0 0 0
-0.812 -1.338 -1.062 0 0 0
0.062 -0.288 -0.113 0 0 0
-0.713 1.438 -1.038 0 0 0
-2.538 -0.763 -1.113 0 0 0
-2.438 0.163 0.188 0 0 0
0.738 1.137 -0.312 0 0 0
-17.387 -0.812 7.963 0 0 0
3.562 5.913 8.162 0 0 0
-2.588 -0.088 -0.088 0 0 0
-0.163 -0.263 0.038 0 0 0
0.388 -1.463 -1.113 0 0 0
-2.963 -0.238 -2.663 0 0 0
-4.413 6.288 8.312 0 0 0
3.488 -4.963 1.613 0 0 0
4.263 4.013 5.363 0 0 0
-10.488 9.863 2.138 0 0 0
-2.138 -2.013 -0.938 0 0 0
0.263 -0.138 -1.388 0 0 0
-7.588 1.763 16.913 0 0 0
-11.812 -11.013 0.013 0 0 0
1.062 -0.463 -0.312 0 0 0
0.413 -1.062 -0.988 0 0 0
-4.188 13.562 8.838 0 0 0
-12.488 1.763 16.438 0 0 0
0.888 1.513 -0.788 0 0 0
-3.413 2.212 -0.238 0 0 0
0.888 0.537 0.338 0 0 0
-3.263 0.263 0.138 0 0 0
0.863 -1.663 -1.088 0 0 0
-2.788 9.913 2.738 0 0 0
0.088 0.713 -0.588 0 0 0
-12.238 1.088 9.488 0 0 0
0.488 1.488 -0.688 0 0 0
0.213 -0.312 -0.062 0 0 0
-2.238 0.088 0.713 0 0 0
-2.363 5.863 7.913 0 0 0
-3.088 1.062 0.188 0 0 0
0.638 -0.463 -0.312 0 0 0
-3.338 1.137 0.788 0 0 0
-3.213 -2.413 0.013 0 0 0
-9.963 -0.788 9.213 0 0 0
3.763 -5.113 3.038 0 0 0
-9.713 1.062 9.638 0 0 0
0.263 0.537 0.588 0 0 0
-7.388 5.913 8.188 0 0 0
-0.988 0.113 -1.263 0 0 0
-0.738 -0.788 -1.012 0 0 0
0.913 0.513 -0.163 0 0 0
4.138 4.362 4.863 0 0 0
0.562 -0.238 -2.238 0 0 0
-2.188 0.013 -0.163 0 0 0
-0.838 -0.788 9.388 0 0 0
0.812 -0.363 -0.312 0 0 0
0.163 -0.963 -0.988 0 0 0
-10.513 7.038 7.038 0 0 0
0.188 0.062 0.562 0 0 0
3.863 -0.488 5.738 0 0 0
-4.013 1.312 0.013 0 0 0
-0.013 0.663 0.312 0 0 0
3.013 6.113 8.162 0 0 0
3.963 4.188 5.638 0 0 0
-16.188 1.613 14.463 0 0 0
-0.088 0.562 -0.338 0 0 0
-1.163 -0.788 -1.012 0 0 0
-6.538 8.013 7.863 0 0 0
-1.763 -1.588 -1.062 0 0 0
-16.062 1.613 14.338 0 0 0
-3.213 -0.913 0.013 0 0 0
-1.963 0.038 0.238 0 0 0
0.938 0.363 -0.163 0 0 0
-7.312 1.763 17.062 0 0 0
-0.513 8.062 6.963 0 0 0
-12.888 -15.913 0.013 0 0 0
-1.663 5.988 7.838 0 0 0
-1.088 1.363 0.013 0 0 0
-13.913 15.513 5.988 0 0 0
-0.463 0.963 0.562 0 0 0
-9.363 5.688 7.888 0 0 0
3.812 -4.988 2.562 0 0 0
-6.738 5.963 7.988 0 0 0
-2.062 -2.038 -0.938 0 0 0
-0.288 -0.163 0.062 0 0 0
0.488 -0.038 -0.288 0 0 0
-7.888 6.363 8.338 0 0 0
-1.738 1.513 0.013 0 0 0
-1.963 2.638 -1.038 0 0 0
-0.288 0.713 -0.088 0 0 0
2.163 -7.638 5.312 0 0 0
-0.163 -0.238 -2.363 0 0 0
-9.513 -10.213 0.013 0 0 0
-1.312 11.213 7.363 0 0 0
3.938 3.713 1.413 0 0 0
0.488 -1.188 -0.163 0 0 0
-3.488 -0.138 -1.863 0 0 0
3.988 -0.263 -2.188 0 0 0
-7.613 1.763 16.938 0 0 0
-19.613 0.688 4.463 0 0 0
-3.188 0.138 0.963 0 0 0
-10.263 -8.613 0.013 0 0 0
-3.263 -0.238 -0.013 0 0 0
-3.263 -0.238 -0.038 0 0 0
-2.038 0.038 0.113 0 0 0
-2.163 1.513 0.013 0 0 0
-22.863 14.062 8.688 0 0 0
1.263 -0.238 -2.163 0 0 0
-0.588 -0.238 -2.363 0 0 0
0.938 0.413 0.388 0 0 0
-7.213 -9.213 0.013 0 0 0
-1.613 -1.163 -0.988 0 0 0
-1.938 1.363 0.013 0 0 0
-12.562 12.688 9.663 0 0 0
-7.062 5.863 7.988 0 0 0
-3.312 0.288 0.062 0 0 0
-2.263 -0.838 0.013 0 0 0
-1.488 -0.738 -1.012 0 0 0
-7.163 1.738 16.713 0 0 0
-3.013 2.763 -0.938 0 0 0
-3.062 -0.088 -1.312 0 0 0
-2.062 -0.138 -1.663 0 0 0
0.913 0.763 0.263 0 0 0
-3.438 2.062 0.213 0 0 0
-1.638 -0.812 -1.113 0 0 0
0.888 0.788 0.163 0 0 0
-1.012 1.263 -1.088 0 0 0
-8.863 1.038 9.438 0 0 0
-1.638 1.562 0.013 0 0 0
-3.338 0.062 0.338 0 0 0
0.888 1.663 0.013 0 0 0
-1.263 -0.163 -1.763 0 0 0
-0.363 0.888 0.713 0 0 0
-2.263 -0.088 0.013 0 0 0
-1.812 0.062 0.513 0 0 0
-13.713 -8.912 0.013 0 0 0
-3.288 0.863 -0.163 0 0 0
0.863 -0.488 -0.263 0 0 0
-7.538 -9.312 0.013 0 0 0
0.338 -7.613 5.238 0 0 0
-3.388 -0.913 -0.562 0 0 0
-2.363 7.963 5.788 0 0 0
0.038 -0.138 -1.438 0 0 0
0.963 -0.913 -0.238 0 0 0
-11.413 1.788 16.788 0 0 0
2.938 9.963 3.188 0 0 0
-10.688 -11.062 0.013 0 0 0
-1.913 5.688 7.963 0 0 0
0.863 1.413 -0.388 0 0 0
-7.463 1.738 16.588 0 0 0
-2.163 -0.188 0.013 0 0 0
0.713 -0.738 -1.012 0 0 0
-7.338 7.138 8.513 0 0 0
-16.688 1.663 14.888 0 0 0
-17.863 1.188 9.812 0 0 0
0.863 0.838 0.013 0 0 0
-1.688 -0.163 -1.763 0 0 0
0.062 3.812 0.013 0 0 0
-24.938 -8.588 0.013 0 0 0
-10.463 -11.213 0.013 0 0 0
-0.713 -2.038 -0.938 0 0 0
-2.062 0.138 1.038 0 0 0
-3.013 -0.838 -0.812 0 0 0
-2.688 0.788 -0.413 0 0 0
0.812 1.963 0.388 0 0 0
0.938 -0.888 -1.012 0 0 0
-7.638 6.388 8.388 0 0 0
-1.113 -0.888 -0.963 0 0 0
-3.013 7.163 8.062 0 0 0
4.463 6.188 7.888 0 0 0
-16.338 -10.613 0.013 0 0 0
0.363 0.663 0.013 0 0 0
-2.438 -2.613 -0.863 0 0 0
0.288 -0.738 -1.012 0 0 0
3.763 -5.863 2.312 0 0 0
0.863 1.588 0.013 0 0 0
-3.562 4.562 -1.312 0 0 0
0.913 0.388 0.537 0 0 0
-25.288 5.663 6.562 0 0 0
-2.363 -0.338 0.013 0 0 0
-0.562 0.163 -0.163 0 0 0
-2.288 -0.163 0.013 0 0 0
-18.637 5.538 7.613 0 0 0
-2.038 -0.062 -0.863 0 0 0
-2.963 4.213 -1.137 0 0 0
-12.363 7.038 7.788 0 0 0
-3.138 0.863 0.638 0 0 0
0.263 -0.338 0.013 0 0 0
-0.013 0.062 0.513 0 0 0
-0.038 0.062 0.513 0 0 0
0.338 -0.163 0.013 0 0 0
-3.663 -1.388 -0.938 0 0 0
-0.938 1.513 -1.062 0 0 0
-1.763 0.038 0.188 0 0 0
-2.388 -1.163 0.013 0 0 0
0.688 -0.788 -1.012 0 0 0
-22.438 -5.188 0.013 0 0 0
0.938 0.488 -0.188 0 0 0
-0.463 -0.138 -1.562 0 0 0
-2.763 -1.838 -1.012 0 0 0
1.288 5.838 8.013 0 0 0
3.138 5.963 7.988 0 0 0
3.113 -7.338 5.138 0 0 0
1.638 -7.562 4.438 0 0 0
-2.188 0.038 0.188 0 0 0
3.163 -9.738 0.013 0 0 0
-2.812 2.188 0.013 0 0 0
3.938 -3.613 1.213 0 0 0
0.263 -0.788 -1.012 0 0 0
-1.238 -1.413 -1.088 0 0 0
-3.188 0.963 0.388 0 0 0
-3.988 -1.888 0.463 0 0 0
0.363 -1.213 -0.988 0 0 0
0.038 1.312 0.013 0 0 0
-25.388 -11.838 0.013 0 0 0
-12.538 1.113 9.713 0 0 0
0.963 -0.138 -1.363 0 0 0
-0.863 -0.738 -1.062 0 0 0
-0.888 -0.138 -1.562 0 0 0
0.663 0.913 0.562 0 0 0
-2.613 -0.163 -1.888 0 0 0
0.263 0.588 0.413 0 0 0
-12.588 1.038 9.062 0 0 0
-1.688 0.088 -1.338 0 0 0
-0.562 10.913 1.538 0 0 0
-16.988 -14.763 0.013 0 0 0
-2.413 4.737 -0.062 0 0 0
0.388 -0.038 -0.463 0 0 0
-0.388 1.312 0.013 0 0 0
-11.588 5.763 7.338 0 0 0
-1.137 -1.088 -1.062 0 0 0
-8.838 8.037 6.562 0 0 0
0.537 -0.138 -1.363 0 0 0
-12.812 1.062 9.213 0 0 0
-1.288 -0.738 -1.062 0 0 0
-1.312 -0.138 -1.562 0 0 0
-5.863 -10.163 0.013 0 0 0
-25.062 5.913 7.238 0 0 0
-3.213 -0.238 -2.688 0 0 0
-2.087 1.513 -1.113 0 0 0
3.913 3.863 5.238 0 0 0
1.012 -1.012 -0.188 0 0 0
-3.213 -0.763 -1.137 0 0 0
-3.312 0.713 0.288 0 0 0
-14.562 -9.113 0.013 0 0 0
0.688 -0.363 -3.538 0 0 0
0.963 -0.088 -0.812 0 0 0
0.113 -0.138 -1.363 0 0 0
-2.163 -0.388 -0.588 0 0 0
-3.788 7.138 7.838 0 0 0
-9.238 -11.013 0.013 0 0 0
-26.363 1.113 7.963 0 0 0
3.438 -0.438 5.562 0 0 0
-3.138 0.038 -0.113 0 0 0
3.888 -1.812 -0.838 0 0 0
-1.363 -1.338 -0.938 0 0 0
-3.913 -2.238 0.263 0 0 0
-1.913 -2.188 -0.938 0 0 0
0.913 -0.163 -1.463 0 0 0
-1.613 -0.138 -1.688 0 0 0
-2.337 0.013 -0.213 0 0 0
-3.113 1.738 -1.137 0 0 0
4.013 -0.263 -2.212 0 0 0
-3.438 16.262 6.963 0 0 0
-0.288 1.338 0.013 0 0 0
0.838 -2.087 -0.938 0 0 0
-0.288 -0.113 -0.113 0 0 0
-4.088 -1.012 -0.663 0 0 0
-3.438 -0.413 0.013 0 0 0
-0.537 0.113 0.938 0 0 0
-0.638 -9.113 0.013 0 0 0
-2.413 1.838 -1.088 0 0 0
3.588 -7.388 2.388 0 0 0
-0.088 -0.363 0.013 0 0 0
0.488 -0.163 -1.463 0 0 0
3.812 -2.388 -0.013 0 0 0
-1.913 0.062 0.338 0 0 0
0.638 -1.088 -1.062 0 0 0
-1.763 -0.038 -0.562 0 0 0
-2.038 -0.838 -1.062 0 0 0
0.138 0.537 0.713 0 0 0
-0.713 1.338 0.013 0 0 0
-12.288 -8.912 0.013 0 0 0
-1.238 -7.288 4.237 0 0 0
-1.812 -0.988 -1.062 0 0 0
0.713 -0.888 -1.062 0 0 0
0.413 -2.087 -0.938 0 0 0
0.938 1.438 -0.913 0 0 0
-3.812 1.863 -0.638 0 0 0
0.788 10.913 1.538 0 0 0
3.288 -7.838 2.513 0 0 0
0.163 0.638 0.062 0 0 0
-3.113 -0.838 -0.988 0 0 0
-6.738 -17.512 0.013 0 0 0
-10.188 5.713 7.812 0 0 0
4.213 -8.287 0.013 0 0 0
-1.638 -1.213 -1.038 0 0 0
-2.713 -0.062 -1.088 0 0 0
1.613 10.013 3.113 0 0 0
-1.137 1.338 0.013 0 0 0
-5.613 1.763 17.137 0 0 0
0.088 0.613 0.463 0 0 0
-18.463 -10.238 0.013 0 0 0
-0.913 -0.363 -3.688 0 0 0
-1.038 1.238 0.013 0 0 0
-7.238 1.763 16.938 0 0 0
-0.588 0.088 0.838 0 0 0
0.288 0.488 0.363 0 0 0
-13.062 7.688 7.688 0 0 0
-3.488 1.463 -0.213 0 0 0
-3.338 0.413 0.413 0 0 0
4.188 4.612 5.388 0 0 0
-2.663 -0.988 -1.062 0 0 0
-2.538 0.062 0.338 0 0 0
-1.338 -0.138 -1.538 0 0 0
-8.838 1.738 16.488 0 0 0
-0.688 -0.138 -1.613 0 0 0
-1.463 1.238 0.013 0 0 0
-3.088 0.213 -0.013 0 0 0
-8.438 16.637 7.138 0 0 0
4.288 -6.613 0.013 0 0 0
-4.538 1.012 9.638 0 0 0
-0.038 0.513 0.213 0 0 0
-1.388 1.438 0.013 0 0 0
-0.263 0.088 -0.062 0 0 0
-2.113 0.113 0.888 0 0 0
-12.338 6.763 8.138 0 0 0
-3.538 1.238 -0.713 0 0 0
-3.163 -0.863 -1.088 0 0 0
-1.812 7.613 6.288 0 0 0
-3.338 1.613 0.838 0 0 0
-10.062 -9.062 0.013 0 0 0
3.888 -0.388 4.487 0 0 0
0.588 -0.938 -0.763 0 0 0
0.738 -0.138 -1.413 0 0 0
-4.838 -9.513 0.013 0 0 0
0.963 0.338 0.013 0 0 0
-1.888 1.238 0.013 0 0 0
-5.538 7.963 6.913 0 0 0
-2.988 -1.088 -1.062 0 0 0
4.062 3.888 3.713 0 0 0
-4.963 1.012 9.638 0 0 0
0.388 -0.062 -0.663 0 0 0
4.188 4.663 5.938 0 0 0
-3.388 0.062 0.338 0 0 0
0.013 0.588 -0.413 0 0 0
-7.488 -10.312 0.013 0 0 0
-0.613 0.888 0.688 0 0 0
-3.363 1.938 0.312 0 0 0
-1.763 -1.863 -1.012 0 0 0
-3.413 0.113 -0.038 0 0 0
-3.413 0.113 -0.013 0 0 0
0.188 0.537 0.613 0 0 0
-3.163 0.812 0.588 0 0 0
-2.038 -0.188 -2.038 0 0 0
-3.363 1.363 0.713 0 0 0
0.537 0.338 0.013 0 0 0
-4.788 16.012 7.213 0 0 0
3.388 -3.013 0.537 0 0 0
-8.562 10.113 1.513 0 0 0
-5.388 1.012 9.638 0 0 0
-9.988 1.088 9.913 0 0 0
-2.188 -0.663 0.013 0 0 0
-2.588 -0.213 -2.588 0 0 0
3.863 -9.062 0.013 0 0 0
-13.763 5.788 7.938 0 0 0
-0.713 0.438 0.562 0 0 0
-15.038 1.763 15.988 0 0 0
0.113 -0.163 -1.562 0 0 0
0.537 -0.238 -0.263 0 0 0
-2.663 -0.913 -1.038 0 0 0
-3.738 0.988 9.688 0 0 0
0.913 0.438 -0.238 0 0 0
-0.788 -1.088 -1.062 0 0 0
-1.238 -0.788 -0.988 0 0 0
-1.463 5.913 7.763 0 0 0
0.537 0.113 1.137 0 0 0
3.812 -3.113 0.913 0 0 0
0.938 0.263 0.288 0 0 0
-3.263 11.238 7.413 0 0 0
4.263 4.913 6.838 0 0 0
-1.913 1.188 0.013 0 0 0
-5.738 -7.488 1.388 0 0 0
-7.312 6.488 7.863 0 0 0
-11.613 7.263 7.038 0 0 0
0.413 -7.488 4.362 0 0 0
2.513 -7.638 5.338 0 0 0
0.812 -0.562 -0.238 0 0 0
0.038 -0.713 -1.038 0 0 0
-1.663 -0.788 -0.988 0 0 0
-2.138 -0.413 -0.613 0 0 0
0.638 0.388 0.013 0 0 0
0.263 0.062 0.638 0 0 0
4.263 4.163 5.562 0 0 0
4.062 6.288 8.513 0 0 0
-3.312 0.013 0.113 0 0 0
-2.337 1.188 0.013 0 0 0
-2.288 -0.663 -0.888 0 0 0
-2.613 -6.463 0.013 0 0 0
-6.263 5.213 7.288 0 0 0
3.788 -2.337 0.812 0 0 0
1.812 -7.863 4.438 0 0 0
-2.913 0.788 0.013 0 0 0
-3.312 0.888 -0.038 0 0 0
-3.312 0.888 -0.013 0 0 0
0.038 0.088 0.788 0 0 0
-8.513 -7.438 4.487 0 0 0
-3.238 0.213 0.113 0 0 0
-0.537 0.838 0.738 0 0 0
-3.263 2.312 0.888 0 0 0
0.388 -0.562 -0.238 0 0 0
-1.088 -1.812 -0.963 0 0 0
-7.113 -2.038 -0.312 0 0 0
0.388 -0.263 0.013 0 0 0
-2.562 -0.138 -1.788 0 0 0
2.713 8.037 6.938 0 0 0
-3.312 0.763 0.113 0 0 0
-2.913 1.538 0.013 0 0 0
0.537 -0.788 -0.988 0 0 0
3.938 4.013 4.413 0 0 0
-0.663 1.263 -1.062 0 0 0
-2.438 4.538 -0.363 0 0 0
-3.363 1.312 0.888 0 0 0
-0.913 -0.163 -1.738 0 0 0
-2.413 -0.763 -1.137 0 0 0
-2.763 -0.163 -1.938 0 0 0
-0.888 -7.713 5.238 0 0 0
-1.788 -1.012 -1.088 0 0 0
3.963 5.088 7.113 0 0 0
-3.812 -1.038 -0.938 0 0 0
0.113 -0.613 0.013 0 0 0
-0.013 -0.263 0.013 0 0 0
-2.113 -1.588 -0.988 0 0 0
-2.988 -0.138 -1.788 0 0 0
-0.588 0.062 0.638 0 0 0
3.413 -1.963 -0.238 0 0 0
-4.638 16.312 6.238 0 0 0
-0.788 5.963 7.812 0 0 0
-1.688 0.088 0.688 0 0 0
-2.212 -1.438 -1.113 0 0 0
0.938 0.338 0.312 0 0 0
0.188 -0.413 0.013 0 0 0
-2.913 2.288 0.013 0 0 0
-1.913 0.113 0.838 0 0 0
-2.938 0.738 0.013 0 0 0
3.713 -3.713 2.863 0 0 0
-7.863 16.562 6.363 0 0 0
-2.038 -1.663 -1.088 0 0 0
-3.263 -1.463 0.013 0 0 0
-3.338 0.263 0.363 0 0 0
-0.013 0.488 0.013 0 0 0
-0.038 0.488 0.013 0 0 0
-2.363 -0.013 -0.338 0 0 0
0.838 0.062 0.838 0 0 0
4.013 2.913 4.213 0 0 0
0.113 0.588 0.438 0 0 0
-3.363 0.288 0.263 0 0 0
-8.263 8.088 6.588 0 0 0
-13.388 14.663 6.613 0 0 0
-3.338 1.588 0.638 0 0 0
-1.763 -0.163 -1.738 0 0 0
4.188 4.812 6.738 0 0 0
0.963 0.312 -0.188 0 0 0
-1.838 -1.488 -0.938 0 0 0
0.688 7.638 7.363 0 0 0
4.362 6.688 -0.788 0 0 0
-0.138 -0.513 0.013 0 0 0
-2.913 -7.438 5.038 0 0 0
4.263 5.763 7.938 0 0 0
0.763 1.913 -0.013 0 0 0
3.562 -2.013 -0.588 0 0 0
-1.812 2.288 -1.088 0 0 0
-0.913 2.087 -1.062 0 0 0
0.088 -0.663 0.013 0 0 0
-3.188 -0.513 0.013 0 0 0
0.688 -1.062 -0.963 0 0 0
0.013 0.463 0.288 0 0 0
3.988 5.238 7.013 0 0 0
-3.062 0.938 0.013 0 0 0
0.913 0.288 0.312 0 0 0
-3.413 0.138 0.913 0 0 0
-1.638 2.062 -1.062 0 0 0
-3.363 -1.713 0.013 0 0 0
-2.337 -1.363 -0.963 0 0 0
-2.863 -0.812 -1.137 0 0 0
-3.538 -0.788 -1.163 0 0 0
3.713 5.363 7.513 0 0 0
-2.062 -0.163 -1.863 0 0 0
-14.888 1.688 15.288 0 0 0
-2.263 -0.213 -2.488 0 0 0
-5.538 1.738 16.863 0 0 0
-2.663 0.088 -1.213 0 0 0
-3.238 3.238 0.263 0 0 0
0.763 -0.138 -1.438 0 0 0
0.163 -0.438 0.163 0 0 0
-2.212 -0.338 -0.312 0 0 0
3.838 -3.188 0.338 0 0 0
-14.238 1.713 15.688 0 0 0
-22.113 1.963 17.113 0 0 0
-3.963 -0.788 -1.163 0 0 0
3.263 -5.013 1.363 0 0 0
0.888 0.488 0.613 0 0 0
-0.213 5.688 7.988 0 0 0
-2.038 0.062 0.463 0 0 0
-2.138 -0.738 -1.062 0 0 0
3.988 -0.238 2.788 0 0 0
-3.338 1.663 0.663 0 0 0
-3.238 3.413 0.663 0 0 0
-3.263 0.088 0.562 0 0 0
-14.463 7.038 8.037 0 0 0
-3.463 -1.713 -0.888 0 0 0
-5.288 16.262 6.238 0 0 0
-15.088 -7.638 0.913 0 0 0
-4.663 1.763 17.188 0 0 0
1.438 3.863 5.513 0 0 0
-3.213 0.013 -0.238 0 0 0
-1.038 1.738 -1.012 0 0 0
-0.863 1.688 0.013 0 0 0
-2.738 5.888 8.162 0 0 0
3.888 -3.763 1.488 0 0 0
-3.363 -0.963 -0.588 0 0 0
-8.213 1.062 9.713 0 0 0
-0.463 -0.238 -2.388 0 0 0
-1.137 -0.213 -2.413 0 0 0
-1.838 -0.312 -3.463 0 0 0
-2.463 -0.838 -1.062 0 0 0
-0.388 -0.138 -1.488 0 0 0
0.513 -1.163 -0.163 0 0 0
-3.088 15.588 8.812 0 0 0
3.438 0.663 7.038 0 0 0
-2.212 -0.263 -0.288 0 0 0
0.213 -7.413 6.113 0 0 0
-2.812 7.062 8.388 0 0 0
-0.413 -7.763 5.312 0 0 0
-2.263 -0.663 -0.913 0 0 0
-2.238 -0.238 -0.388 0 0 0
3.988 -1.763 -0.763 0 0 0
0.888 0.562 0.638 0 0 0
0.713 0.038 0.013 0 0 0
0.438 -0.312 0.088 0 0 0
-2.163 -0.013 -0.388 0 0 0
-0.562 -0.888 -0.988 0 0 0
-4.463 -0.763 8.613 0 0 0
-1.538 -2.062 -0.888 0 0 0
-1.863 -0.213 -2.463 0 0 0
0.688 -0.062 -0.537 0 0 0
-2.888 -1.988 -0.938 0 0 0
-1.888 -2.613 -0.888 0 0 0
-1.938 2.588 0.013 0 0 0
-15.863 15.062 6.812 0 0 0
4.213 3.213 3.738 0 0 0
-2.488 -2.388 -0.913 0 0 0
0.363 0.812 -0.388 0 0 0
-2.863 -0.388 -0.312 0 0 0
-1.963 -2.062 -0.888 0 0 0
-3.312 0.363 0.188 0 0 0
3.288 -0.537 6.538 0 0 0
-5.863 5.463 7.413 0 0 0
3.588 -6.562 3.838 0 0 0
-8.713 -2.988 1.388 0 0 0
-2.038 1.588 0.013 0 0 0
0.488 1.688 0.013 0 0 0
0.062 0.537 0.738 0 0 0
3.388 0.638 6.938 0 0 0
3.963 -2.488 1.812 0 0 0
1.038 -0.088 -0.738 0 0 0
-2.212 0.088 0.513 0 0 0
0.638 -0.888 -1.038 0 0 0
4.138 -0.188 -1.488 0 0 0
-3.312 0.812 -0.062 0 0 0
4.038 5.613 6.963 0 0 0
-5.338 16.137 7.188 0 0 0
-2.438 3.138 0.013 0 0 0
0.588 -0.338 -0.263 0 0 0
-0.463 -1.263 -0.413 0 0 0
0.913 0.713 0.537 0 0 0
-2.463 1.588 0.013 0 0 0
-3.288 0.938 -0.038 0 0 0
-3.288 0.938 -0.013 0 0 0
0.812 0.863 0.413 0 0 0
-3.538 -1.388 -0.963 0 0 0
0.588 0.988 0.013 0 0 0
-3.288 0.988 1.113 0 0 0
3.913 -2.688 1.312 0 0 0
3.388 5.812 8.113 0 0 0
-3.438 10.513 1.513 0 0 0
-2.288 -0.163 -1.913 0 0 0
-1.913 -0.763 -1.012 0 0 0
0.588 0.413 -0.263 0 0 0
-19.413 0.713 4.763 0 0 0
0.537 -0.562 -0.763 0 0 0
4.338 6.963 1.613 0 0 0
-3.062 -0.113 -1.562 0 0 0
-0.988 -0.338 -3.663 0 0 0
-0.663 0.088 0.863 0 0 0
-7.938 -9.138 0.013 0 0 0
-3.312 3.188 0.463 0 0 0
-13.513 14.288 6.463 0 0 0
0.388 -0.788 -1.038 0 0 0
4.288 4.088 5.188 0 0 0
0.338 -0.263 -0.263 0 0 0
-3.613 7.188 7.913 0 0 0
-2.337 -0.763 -1.012 0 0 0
0.938 0.562 0.537 0 0 0
4.213 2.538 3.163 0 0 0
-2.913 5.812 7.838 0 0 0
-2.188 0.113 0.913 0 0 0
0.738 0.388 -0.213 0 0 0
0.263 1.338 -0.238 0 0 0
-0.713 -0.763 -1.062 0 0 0
0.338 0.488 -0.263 0 0 0
-1.688 -0.188 -2.013 0 0 0
-2.888 -0.413 -0.238 0 0 0
3.963 5.938 8.162 0 0 0
-3.463 -0.838 -0.913 0 0 0
-13.763 1.663 15.163 0 0 0
0.913 0.788 0.562 0 0 0
0.163 0.038 0.263 0 0 0
-2.538 -0.763 -1.012 0 0 0
0.688 -1.137 -0.988 0 0 0
4.163 2.788 3.913 0 0 0
-1.988 0.088 -1.363 0 0 0
-3.288 -0.438 -0.138 0 0 0
-18.538 5.513 7.663 0 0 0
0.013 5.863 7.838 0 0 0
-3.288 0.888 0.138 0 0 0
-1.438 -0.763 -1.113 0 0 0
-12.488 -7.812 3.562 0 0 0
3.938 3.738 5.062 0 0 0
0.263 -1.137 -0.988 0 0 0
3.713 5.263 1.863 0 0 0
-1.488 -0.138 -1.713 0 0 0
-1.338 -1.188 -1.088 0 0 0
3.763 -3.388 2.613 0 0 0
0.738 1.888 -0.213 0 0 0
-3.738 -7.588 3.963 0 0 0
-3.088 -0.263 0.013 0 0 0
-2.688 2.263 0.013 0 0 0
-0.188 0.088 0.763 0 0 0
-0.038 0.038 0.263 0 0 0
-0.013 0.038 0.263 0 0 0
0.088 0.713 -0.488 0 0 0
0.388 -0.363 -3.562 0 0 0
-5.338 1.012 9.537 0 0 0
-0.062 -1.438 -1.113 0 0 0
-2.288 -0.763 8.912 0 0 0
-4.138 -0.763 8.713 0 0 0
0.888 0.413 0.588 0 0 0
-3.263 3.488 0.388 0 0 0
0.562 -0.938 -0.988 0 0 0
-3.388 -0.763 -1.012 0 0 0
0.613 -0.163 -1.488 0 0 0
3.812 -3.488 0.588 0 0 0
-4.487 13.562 8.812 0 0 0
-3.113 2.263 0.013 0 0 0
3.963 -2.812 1.363 0 0 0
0.913 0.513 -0.062 0 0 0
0.062 -1.137 -0.988 0 0 0
-2.938 5.938 8.238 0 0 0
-5.838 -8.638 0.013 0 0 0
4.237 5.613 6.913 0 0 0
-3.588 -7.413 5.013 0 0 0
1.513 -0.738 8.688 0 0 0
-3.413 -0.363 0.013 0 0 0
0.188 0.062 0.663 0 0 0
-0.537 -0.913 -1.012 0 0 0
-2.988 -2.713 -0.888 0 0 0
-2.212 0.062 0.312 0 0 0
-2.188 -1.188 -1.088 0 0 0
3.513 0.613 6.613 0 0 0
-2.562 -0.188 -0.188 0 0 0
-0.288 -0.338 -0.238 0 0 0
-11.938 -17.038 0.013 0 0 0
0.363 -0.338 -0.312 0 0 0
-6.963 -2.138 0.113 0 0 0
4.013 2.763 3.438 0 0 0
-3.088 15.513 8.787 0 0 0
-1.663 -2.013 -0.938 0 0 0
-1.963 -1.463 -0.938 0 0 0
4.062 3.463 4.312 0 0 0
-2.388 6.238 7.763 0 0 0
-3.613 7.438 7.738 0 0 0
-3.638 1.263 0.013 0 0 0
-0.463 0.088 0.812 0 0 0
0.388 -0.488 -0.062 0 0 0
-12.238 8.062 7.062 0 0 0
-3.338 0.438 0.163 0 0 0
-3.062 -0.138 -1.763 0 0 0
-0.788 -0.812 -1.012 0 0 0
-3.088 -0.938 -0.562 0 0 0
0.238 -1.338 -1.088 0 0 0
-1.763 2.087 -1.062 0 0 0
-1.613 1.188 0.013 0 0 0
-6.413 8.138 7.088 0 0 0
-17.038 7.113 8.162 0 0 0
-1.012 -1.688 -1.113 0 0 0
-0.688 0.413 0.537 0 0 0
-12.163 -8.838 0.013 0 0 0
0.913 0.588 -0.013 0 0 0
-7.788 10.263 1.513 0 0 0
0.663 -0.688 -0.263 0 0 0
4.013 2.812 3.988 0 0 0
0.463 1.312 -0.688 0 0 0
-3.263 -0.238 0.062 0 0 0
3.963 4.213 4.612 0 0 0
0.938 0.413 0.488 0 0 0
4.013 3.113 4.237 0 0 0
-3.312 -1.213 -1.113 0 0 0
-6.562 0.988 9.287 0 0 0
4.112 -4.112 0.013 0 0 0
-0.188 0.038 0.338 0 0 0
-2.438 0.138 0.088 0 0 0
-2.288 0.113 0.738 0 0 0
0.363 -0.263 -0.288 0 0 0
0.663 1.388 0.013 0 0 0
0.163 -0.263 -0.013 0 0 0
0.163 -0.263 -0.038 0 0 0
-3.213 3.688 0.413 0 0 0
3.938 3.413 4.612 0 0 0
0.913 0.638 0.513 0 0 0
-3.688 -17.387 0.013 0 0 0
-1.562 1.312 0.013 0 0 0
-2.413 -1.363 -0.938 0 0 0
-15.562 1.562 13.888 0 0 0
0.038 0.488 0.088 0 0 0
-0.713 -0.888 -0.963 0 0 0
-0.363 5.788 8.037 0 0 0
-0.013 -0.288 -0.188 0 0 0
-0.038 -0.288 -0.188 0 0 0
0.312 0.088 -1.188 0 0 0
0.763 -0.288 -2.812 0 0 0
-2.713 -0.788 9.312 0 0 0
-0.688 7.062 6.863 0 0 0
4.138 3.288 4.513 0 0 0
0.838 1.438 -0.388 0 0 0
3.888 -3.463 1.137 0 0 0
0.713 7.838 7.562 0 0 0
3.463 -0.438 5.363 0 0 0
-0.263 0.613 -0.188 0 0 0
-2.013 -1.738 -0.913 0 0 0
-1.913 0.088 0.638 0 0 0
-2.838 -1.363 -0.938 0 0 0
3.438 -2.738 0.488 0 0 0
0.988 5.213 4.487 0 0 0
-1.463 -9.287 0.013 0 0 0
-1.562 -0.163 -1.788 0 0 0
4.213 -4.062 0.013 0 0 0
4.188 -8.988 0.013 0 0 0
-2.638 7.938 6.538 0 0 0
0.088 -2.062 -0.938 0 0 0
0.338 -0.338 -0.288 0 0 0
-3.013 5.713 8.037 0 0 0
-3.263 -0.163 0.088 0 0 0
-4.463 -7.288 4.888 0 0 0
3.812 -3.513 0.388 0 0 0
-7.013 1.113 10.288 0 0 0
-13.538 -9.838 0.013 0 0 0
0.763 1.438 0.013 0 0 0
-1.538 1.163 0.013 0 0 0
-6.863 1.012 9.388 0 0 0
3.688 -9.162 0.013 0 0 0
4.213 3.963 4.413 0 0 0
-0.438 1.713 -0.963 0 0 0
-1.988 -0.163 -1.788 0 0 0
-2.188 1.312 0.013 0 0 0
-3.363 0.438 0.463 0 0 0
-0.038 0.062 0.613 0 0 0
-10.938 5.713 7.812 0 0 0
-7.863 -10.438 0.013 0 0 0
-2.062 -0.238 -2.538 0 0 0
0.738 0.613 0.013 0 0 0
-1.763 0.038 0.288 0 0 0
-12.438 7.988 6.488 0 0 0
-3.013 1.113 -0.288 0 0 0
0.288 1.338 -0.638 0 0 0
-2.062 -0.763 -0.988 0 0 0
0.663 -0.763 -1.012 0 0 0
-1.238 5.838 7.888 0 0 0
-4.312 7.913 7.238 0 0 0
-1.812 -0.013 -0.363 0 0 0
0.513 1.513 0.013 0 0 0
-11.613 9.738 -0.138 0 0 0
3.913 7.113 7.763 0 0 0
-10.388 7.188 7.213 0 0 0
-2.288 -0.888 -1.012 0 0 0
-0.638 -0.213 -2.337 0 0 0
0.038 0.438 0.263 0 0 0
-2.863 -0.663 -0.263 0 0 0
-2.413 -0.388 0.013 0 0 0
-3.188 0.963 0.488 0 0 0
-3.738 -0.138 -1.988 0 0 0
-0.338 0.062 0.488 0 0 0
0.812 -0.038 -0.363 0 0 0
0.413 -0.388 -0.238 0 0 0
-5.238 8.113 5.913 0 0 0
1.263 -0.788 9.312 0 0 0
4.188 2.688 3.388 0 0 0
3.488 7.113 7.763 0 0 0
0.213 -0.388 0.013 0 0 0
0.312 1.363 0.013 0 0 0
0.488 -0.188 -0.238 0 0 0
-2.788 6.938 7.863 0 0 0
-1.713 0.113 -1.338 0 0 0
0.388 -0.038 -0.363 0 0 0
0.537 -0.138 -1.263 0 0 0
3.838 -1.763 -0.338 0 0 0
-1.663 1.513 -1.088 0 0 0
-7.812 5.663 7.863 0 0 0
-3.312 -0.613 0.113 0 0 0
-2.087 -0.812 -0.988 0 0 0
0.413 0.363 -0.238 0 0 0
0.038 0.038 0.388 0 0 0
3.938 -2.988 1.463 0 0 0
-1.738 -1.388 -0.188 0 0 0
-0.763 -0.838 -1.038 0 0 0
-9.537 11.238 9.338 0 0 0
3.913 -2.337 2.113 0 0 0
-2.413 8.037 6.963 0 0 0
-0.113 0.638 -0.513 0 0 0
0.013 -0.537 0.013 0 0 0
0.537 -0.213 0.038 0 0 0
-3.138 -2.288 0.013 0 0 0
-1.888 -7.738 5.188 0 0 0
-9.663 5.838 8.062 0 0 0
0.363 1.613 -0.613 0 0 0
-2.513 -0.788 9.263 0 0 0
-3.163 -0.488 0.013 0 0 0
-1.188 -0.838 -1.038 0 0 0
0.238 -0.138 -1.388 0 0 0
-3.638 -0.763 -1.038 0 0 0
-1.588 -0.738 -1.088 0 0 0
-5.138 7.788 7.638 0 0 0
0.213 0.537 0.413 0 0 0
-3.413 1.188 0.513 0 0 0
0.913 -0.738 -0.963 0 0 0
4.013 -0.263 -2.113 0 0 0
0.312 -0.338 0.013 0 0 0
-2.838 -0.488 -0.363 0 0 0
-14.413 -9.013 0.013 0 0 0
-0.788 -1.638 -1.038 0 0 0
-8.037 5.863 7.738 0 0 0
0.438 -0.963 -0.863 0 0 0
-0.438 1.263 0.013 0 0 0
-0.537 0.113 1.038 0 0 0
-19.863 -11.013 0.013 0 0 0
0.113 0.663 -0.113 0 0 0
3.812 -1.812 -0.338 0 0 0
-1.988 -0.763 -0.988 0 0 0
-1.613 -0.838 -1.038 0 0 0
-3.263 0.963 -0.238 0 0 0
-1.188 -1.113 -1.062 0 0 0
-5.838 1.738 16.838 0 0 0
-2.013 -0.738 -1.088 0 0 0
-7.013 -2.013 -0.312 0 0 0
-3.713 5.913 7.963 0 0 0
-5.088 -7.238 4.163 0 0 0
-0.537 -1.088 0.013 0 0 0
-3.438 0.038 -0.138 0 0 0
-3.388 -0.013 -0.488 0 0 0
-14.688 5.738 7.338 0 0 0
-0.788 -0.888 -1.038 0 0 0
-9.037 -9.037 0.013 0 0 0
-3.213 3.562 0.513 0 0 0
-3.263 -0.188 -0.113 0 0 0
-7.438 8.113 6.638 0 0 0
-0.338 -9.338 0.013 0 0 0
0.438 1.688 -0.988 0 0 0
0.263 0.788 -0.213 0 0 0
-12.788 12.463 9.488 0 0 0
-2.337 0.062 0.438 0 0 0
3.963 -4.413 1.738 0 0 0
0.838 0.038 0.588 0 0 0
-1.213 -0.888 -1.038 0 0 0
-0.838 -9.537 0.013 0 0 0
-3.288 -0.413 0.163 0 0 0
-6.388 -7.338 4.888 0 0 0
0.213 -0.763 -0.988 0 0 0
-6.463 1.713 16.688 0 0 0
-7.988 6.863 7.788 0 0 0
-3.438 0.088 0.413 0 0 0
-0.888 -0.188 -1.888 0 0 0
-2.463 -0.788 8.938 0 0 0
-0.638 -7.413 6.062 0 0 0
-0.588 0.088 0.938 0 0 0
0.288 0.488 0.463 0 0 0
-1.638 7.638 6.288 0 0 0
0.838 0.788 0.588 0 0 0
3.688 -5.038 1.638 0 0 0
-1.638 -0.888 -1.038 0 0 0
-1.438 -2.188 -0.938 0 0 0
-0.213 -0.763 -0.988 0 0 0
-17.012 1.713 15.188 0 0 0
-2.913 1.688 -1.113 0 0 0
-0.513 -1.088 -1.012 0 0 0
3.812 -3.188 0.238 0 0 0
-0.263 -0.213 -0.213 0 0 0
-1.562 7.138 6.913 0 0 0
-0.088 5.763 7.988 0 0 0
-13.088 1.738 16.038 0 0 0
-3.288 0.213 0.312 0 0 0
-22.488 -5.613 2.138 0 0 0
-0.638 -0.763 -0.988 0 0 0
-25.188 8.113 8.312 0 0 0
-1.838 -0.888 -1.038 0 0 0
-8.713 11.113 9.188 0 0 0
-12.338 15.613 6.713 0 0 0
-2.163 -1.463 -0.938 0 0 0
2.963 -7.738 4.438 0 0 0
-3.812 -2.562 0.288 0 0 0
-2.413 -1.263 -0.562 0 0 0
0.388 -0.062 -0.562 0 0 0
-9.013 7.838 7.763 0 0 0
-0.988 -0.138 -1.638 0 0 0
3.763 6.038 8.062 0 0 0
0.338 -0.413 -0.312 0 0 0
-0.312 -1.012 -0.988 0 0 0
-1.088 1.213 0.013 0 0 0
-3.413 0.113 0.062 0 0 0
0.188 0.537 0.713 0 0 0
-5.713 5.913 7.913 0 0 0
-0.638 0.913 0.688 0 0 0
-0.938 5.763 7.988 0 0 0
-3.413 0.163 1.213 0 0 0
-2.413 0.113 0.863 0 0 0
-12.213 -9.213 0.013 0 0 0
-2.588 -0.213 -2.488 0 0 0
-3.338 1.213 1.062 0 0 0
4.163 -3.488 0.013 0 0 0
0.438 -0.138 -1.438 0 0 0
0.913 -0.438 0.013 0 0 0
0.663 -0.363 -3.738 0 0 0
-1.513 1.213 0.013 0 0 0
3.663 -4.588 3.963 0 0 0
-1.413 -0.138 -1.638 0 0 0
-2.738 5.863 7.913 0 0 0
-15.688 1.562 14.013 0 0 0
-3.288 -1.088 -1.088 0 0 0
-1.812 -1.438 0.013 0 0 0
0.913 0.438 -0.138 0 0 0
-3.513 16.088 7.263 0 0 0
-2.812 1.938 -0.312 0 0 0
-3.438 1.738 -0.188 0 0 0
3.663 2.863 0.013 0 0 0
-0.312 -1.413 -0.188 0 0 0
-10.113 -9.113 0.013 0 0 0
-1.613 -0.163 -1.788 0 0 0
0.613 -0.312 -0.263 0 0 0
-19.213 3.963 4.487 0 0 0
-7.038 -2.138 0.138 0 0 0
-2.038 -0.537 0.013 0 0 0
-7.588 -15.538 0.013 0 0 0
0.113 -0.238 -0.163 0 0 0
3.513 -0.388 4.863 0 0 0
4.138 2.663 3.763 0 0 0
-1.838 -0.138 -1.638 0 0 0
-0.463 -0.788 -1.088 0 0 0
3.963 -2.138 1.288 0 0 0
-0.088 -0.238 0.088 0 0 0
-0.537 0.088 0.838 0 0 0
-16.363 1.638 14.613 0 0 0
4.237 -9.088 0.013 0 0 0
-3.363 5.863 8.162 0 0 0
-3.188 -0.763 -1.062 0 0 0
0.238 0.638 0.238 0 0 0
0.838 0.863 0.013 0 0 0
0.263 0.062 0.738 0 0 0
-2.263 0.088 0.513 0 0 0
-2.863 1.163 -0.413 0 0 0
-2.312 -0.888 0.013 0 0 0
-0.613 7.938 5.713 0 0 0
-15.062 1.663 14.938 0 0 0
4.163 -8.537 0.013 0 0 0
0.413 -0.463 -0.263 0 0 0
-1.038 -1.288 -0.463 0 0 0
-2.238 -0.688 0.013 0 0 0
4.237 -8.338 0.013 0 0 0
-3.312 -0.562 -0.062 0 0 0
-5.938 5.538 7.663 0 0 0
0.413 1.438 -0.388 0 0 0
0.388 -0.163 -1.538 0 0 0
0.413 0.863 0.013 0 0 0
-4.463 -10.513 0.013 0 0 0
-1.263 6.288 8.138 0 0 0
-1.288 -0.812 -0.988 0 0 0
-7.613 -15.613 0.013 0 0 0
-1.312 -0.788 -1.088 0 0 0
-3.363 1.312 0.988 0 0 0
-0.413 0.088 0.113 0 0 0
-0.388 0.963 0.738 0 0 0
-0.013 -0.163 -1.538 0 0 0
-22.288 3.812 5.388 0 0 0
-1.738 -1.213 -1.113 0 0 0
-3.288 0.013 -0.288 0 0 0
-3.363 0.113 -0.013 0 0 0
-3.363 0.113 -0.038 0 0 0
0.537 -0.913 -0.738 0 0 0
-1.713 -0.812 -0.988 0 0 0
-3.213 0.963 0.463 0 0 0
0.812 0.812 0.013 0 0 0
0.938 0.338 0.413 0 0 0
-9.513 1.738 16.363 0 0 0
-4.188 9.913 2.638 0 0 0
3.838 4.362 1.588 0 0 0
-3.438 -0.788 -0.163 0 0 0
0.537 1.288 -0.613 0 0 0
-1.638 2.312 -1.088 0 0 0
0.913 0.688 0.288 0 0 0
0.363 -0.488 -0.363 0 0 0
-3.213 0.838 0.613 0 0 0
-2.438 0.062 0.013 0 0 0
-14.213 -11.113 0.013 0 0 0
-2.138 -0.812 -0.988 0 0 0
3.838 -3.388 0.562 0 0 0
0.388 0.812 0.013 0 0 0
-2.513 -0.288 -0.513 0 0 0
-2.638 0.062 0.263 0 0 0
-2.438 4.588 0.288 0 0 0
-10.888 1.062 9.388 0 0 0
0.113 0.013 0.263 0 0 0
-3.238 -1.213 -1.038 0 0 0
0.913 0.562 0.438 0 0 0
3.562 -0.388 4.763 0 0 0
0.963 0.312 -0.088 0 0 0
-2.488 4.487 -0.363 0 0 0
-2.713 -0.888 -1.012 0 0 0
0.488 -0.812 -0.988 0 0 0
-2.963 1.513 0.013 0 0 0
3.812 -3.388 2.988 0 0 0
-12.113 11.013 9.213 0 0 0
-4.112 1.038 10.088 0 0 0
-4.013 2.038 -0.688 0 0 0
3.388 0.663 7.238 0 0 0
-7.062 -2.163 -0.312 0 0 0
-16.738 -10.463 0.013 0 0 0
0.763 1.913 0.062 0 0 0
-8.838 12.113 7.188 0 0 0
0.863 -0.163 -1.638 0 0 0
-2.062 0.013 -0.088 0 0 0
-5.363 5.863 8.113 0 0 0
0.062 -0.638 0.013 0 0 0
4.213 3.413 4.438 0 0 0
-3.688 -2.588 -0.013 0 0 0
-2.113 5.738 8.013 0 0 0
-2.263 0.113 -1.213 0 0 0
0.913 0.288 0.413 0 0 0
-2.738 7.963 5.788 0 0 0
-3.388 1.513 0.013 0 0 0
-8.037 8.113 7.088 0 0 0
-20.463 5.113 7.288 0 0 0
0.088 0.088 0.788 0 0 0
-3.663 -7.438 4.838 0 0 0
-11.062 -11.062 0.013 0 0 0
-3.463 -1.463 -0.913 0 0 0
0.038 -0.288 -0.113 0 0 0
-0.738 1.438 -1.038 0 0 0
0.263 1.012 0.013 0 0 0
-3.288 -0.488 0.138 0 0 0
-2.488 0.013 -0.088 0 0 0
-8.988 5.788 8.088 0 0 0
0.763 -0.138 -1.338 0 0 0
-1.913 5.938 7.888 0 0 0
-3.263 3.263 0.263 0 0 0
-2.212 -0.338 -0.213 0 0 0
-11.288 -10.163 0.013 0 0 0
4.263 5.038 6.913 0 0 0
0.388 -1.062 -0.988 0 0 0
-2.888 -0.288 -0.238 0 0 0
0.863 1.963 -0.213 0 0 0
-3.288 0.263 0.138 0 0 0
-7.288 5.988 8.037 0 0 0
-3.363 2.263 0.263 0 0 0
-1.338 -0.788 -1.062 0 0 0
-3.413 0.188 1.562 0 0 0
-3.088 0.138 0.038 0 0 0
0.613 -0.463 -0.312 0 0 0
-0.038 -1.062 -0.988 0 0 0
-0.013 -1.062 -0.988 0 0 0
-1.713 -0.163 -1.963 0 0 0
-0.713 -0.213 -2.312 0 0 0
-3.312 2.062 0.888 0 0 0
-3.388 -0.188 0.013 0 0 0
-7.138 5.812 7.688 0 0 0
4.263 2.938 3.688 0 0 0
-3.363 2.138 0.413 0 0 0
-5.638 -19.613 0.013 0 0 0
-1.088 -0.812 -1.038 0 0 0
-9.287 -11.062 0.013 0 0 0
0.188 0.588 0.537 0 0 0
-2.513 -0.013 -0.088 0 0 0
-2.062 2.087 -1.088 0 0 0
3.788 4.988 1.788 0 0 0
-9.438 6.888 7.963 0 0 0
0.163 0.062 0.562 0 0 0
-8.787 -10.113 0.013 0 0 0
0.463 -0.988 -1.088 0 0 0
-11.788 5.638 7.738 0 0 0
-2.788 2.062 -1.088 0 0 0
-9.088 -9.412 0.013 0 0 0
-10.788 7.213 7.013 0 0 0
-3.312 -0.213 -2.663 0 0 0
-4.963 1.763 17.163 0 0 0
-5.938 7.288 7.488 0 0 0
-3.788 -0.788 9.263 0 0 0
-3.613 1.463 0.013 0 0 0
-9.638 6.288 8.213 0 0 0
-2.488 -1.113 -1.088 0 0 0
-2.238 -0.238 -0.288 0 0 0
0.062 -1.012 -0.988 0 0 0
-3.663 -2.562 -0.238 0 0 0
3.213 -7.363 5.338 0 0 0
-21.138 8.537 0.913 0 0 0
-0.988 1.463 0.013 0 0 0
0.913 0.363 -0.163 0 0 0
3.513 -2.838 -0.413 0 0 0
-9.663 -7.013 5.288 0 0 0
-1.088 1.713 -1.012 0 0 0
-2.238 -1.388 -0.163 0 0 0
-4.038 1.463 0.013 0 0 0
-2.913 -1.113 -1.088 0 0 0
3.663 0.688 7.538 0 0 0
-12.163 -10.213 0.013 0 0 0
-0.363 -1.012 -0.988 0 0 0
0.312 0.013 0.213 0 0 0
4.388 6.888 -1.163 0 0 0
3.588 -7.263 5.088 0 0 0
-15.312 -11.963 0.013 0 0 0
-3.312 0.062 0.038 0 0 0
-1.413 1.463 0.013 0 0 0
-11.638 8.113 7.263 0 0 0
-3.188 5.688 8.013 0 0 0
3.938 -2.312 1.388 0 0 0
3.963 -2.788 1.663 0 0 0
0.913 0.537 0.238 0 0 0
-1.363 -1.838 -1.012 0 0 0
-3.438 1.838 0.188 0 0 0
-2.438 -0.088 -0.013 0 0 0
-1.088 -0.738 -1.012 0 0 0
-3.263 0.288 -0.062 0 0 0
-1.688 -2.413 -0.913 0 0 0
-2.288 4.213 -1.188 0 0 0
-4.812 6.863 7.812 0 0 0
0.888 -0.888 0.013 0 0 0
4.138 3.188 4.237 0 0 0
-15.488 10.338 1.588 0 0 0
-1.988 -1.713 -0.913 0 0 0
-2.212 0.088 0.613 0 0 0
3.588 0.488 5.513 0 0 0
0.913 0.413 0.388 0 0 0
-1.513 -2.638 -0.888 0 0 0
-2.863 -0.113 -1.463 0 0 0
-1.863 -0.163 -1.812 0 0 0
0.363 -0.613 -0.263 0 0 0
-1.613 1.312 0.013 0 0 0
0.312 -0.138 -1.312 0 0 0
-1.513 -0.738 -1.012 0 0 0
0.913 0.713 0.638 0 0 0
0.388 -0.338 0.088 0 0 0
-0.438 0.038 0.062 0 0 0
4.138 -6.388 0.013 0 0 0
-12.988 7.038 6.812 0 0 0
-3.388 0.188 -0.312 0 0 0
3.913 -4.538 2.688 0 0 0
-3.413 5.888 7.888 0 0 0
-2.263 1.463 0.013 0 0 0
-18.613 7.463 7.588 0 0 0
-1.938 -0.738 -1.012 0 0 0
-6.138 6.188 8.162 0 0 0
-3.363 0.038 -0.062 0 0 0
-5.338 5.838 8.088 0 0 0
3.913 8.688 1.188 0 0 0
0.363 1.463 0.013 0 0 0
-3.288 4.163 -0.463 0 0 0
3.688 6.413 2.188 0 0 0
-3.312 0.863 0.588 0 0 0
3.812 3.888 1.438 0 0 0
-6.963 1.763 17.113 0 0 0
-1.338 -1.688 -1.113 0 0 0
-1.938 1.213 0.013 0 0 0
-2.838 -0.838 -1.062 0 0 0
0.688 -0.738 -1.012 0 0 0
-2.013 5.913 7.988 0 0 0
0.537 1.788 -1.038 0 0 0
3.113 -7.263 6.138 0 0 0
-4.612 -9.062 0.013 0 0 0
4.088 4.688 6.562 0 0 0
-25.338 5.988 7.312 0 0 0
0.913 -0.888 -1.012 0 0 0
3.588 10.312 1.413 0 0 0
-8.388 -7.213 4.088 0 0 0
-3.213 1.012 -0.312 0 0 0
0.413 7.038 7.713 0 0 0
-10.113 16.438 6.338 0 0 0
3.763 -6.738 3.988 0 0 0
-2.363 1.213 0.013 0 0 0
4.013 3.138 4.538 0 0 0
-3.263 -0.838 -1.062 0 0 0
0.263 -0.738 -1.012 0 0 0
-3.363 1.538 0.613 0 0 0
0.513 -0.038 -0.388 0 0 0
-22.088 -7.163 0.013 0 0 0
-13.363 1.088 9.263 0 0 0
0.488 -0.888 -1.012 0 0 0
3.838 -3.113 1.938 0 0 0
0.163 0.038 0.363 0 0 0
3.688 -0.238 3.238 0 0 0
-3.438 0.238 1.888 0 0 0
-3.413 1.463 -0.013 0 0 0
-18.762 4.112 4.663 0 0 0
-3.488 -0.763 0.238 0 0 0
0.638 -0.938 -0.763 0 0 0
-9.213 1.738 16.488 0 0 0
0.463 1.513 0.013 0 0 0
-3.288 -0.438 -0.038 0 0 0
-1.438 7.513 7.888 0 0 0
-2.288 -1.062 0.013 0 0 0
-5.138 -10.062 0.013 0 0 0
-0.963 1.513 -1.062 0 0 0
0.062 -0.888 -1.012 0 0 0
-2.212 -0.288 -0.388 0 0 0
0.438 0.388 -0.238 0 0 0
-14.062 -12.213 0.013 0 0 0
4.338 4.988 6.488 0 0 0
-2.638 0.863 -0.513 0 0 0
-3.438 1.338 -0.663 0 0 0
-3.413 2.212 -0.038 0 0 0
-1.338 3.038 -0.963 0 0 0
-3.288 11.312 7.438 0 0 0
-2.488 -0.062 -0.113 0 0 0
-3.238 3.562 -0.388 0 0 0
3.738 -3.363 2.613 0 0 0
-5.562 -10.062 0.013 0 0 0
-2.288 0.088 -1.388 0 0 0
-12.113 7.988 7.013 0 0 0
-4.163 2.488 -0.838 0 0 0
-0.062 0.513 0.013 0 0 0
-10.263 5.538 7.738 0 0 0
3.963 4.013 5.438 0 0 0
0.338 -0.312 0.013 0 0 0
-2.413 0.013 0.038 0 0 0
-2.087 1.338 0.013 0 0 0
0.438 1.438 0.013 0 0 0
1.613 -7.763 3.038 0 0 0
1.588 -7.488 6.238 0 0 0
-3.363 1.613 0.638 0 0 0
-13.413 -7.163 2.087 0 0 0
-1.113 -0.163 -1.713 0 0 0
0.938 0.338 -0.188 0 0 0
-1.163 -1.088 -1.062 0 0 0
0.513 -0.138 -1.363 0 0 0
-9.013 -10.363 0.013 0 0 0
-0.013 0.663 0.513 0 0 0
-0.038 0.663 0.513 0 0 0
-1.188 -0.238 -2.463 0 0 0
0.338 0.438 0.013 0 0 0
-2.513 1.338 0.013 0 0 0
0.013 1.438 0.013 0 0 0
-3.138 4.638 -0.363 0 0 0
-16.238 10.463 1.613 0 0 0
-2.388 -0.213 -2.538 0 0 0
-0.288 -1.213 0.013 0 0 0
-5.388 5.888 8.013 0 0 0
0.338 -0.763 -1.012 0 0 0
-2.087 0.062 0.288 0 0 0
-1.588 -1.088 -1.062 0 0 0
-5.113 5.812 8.138 0 0 0
0.188 -0.238 -0.088 0 0 0
-3.163 0.038 -0.113 0 0 0
-5.888 -9.412 0.013 0 0 0
-0.463 0.088 0.913 0 0 0
-8.188 8.287 6.088 0 0 0
0.888 -0.438 -0.288 0 0 0
-9.037 -11.163 0.013 0 0 0
-2.812 -0.213 -2.538 0 0 0
0.738 -1.137 -0.988 0 0 0
-2.812 -2.638 -0.863 0 0 0
-0.088 -0.763 -1.012 0 0 0
3.812 -6.838 4.038 0 0 0
0.062 -7.788 4.288 0 0 0
-3.312 -0.812 -1.137 0 0 0
-0.488 0.113 0.138 0 0 0
-0.312 1.338 0.013 0 0 0
-3.263 -0.413 -0.238 0 0 0
-2.013 5.588 7.538 0 0 0
0.213 3.838 0.013 0 0 0
-2.013 -1.088 -1.062 0 0 0
-9.537 -11.363 0.013 0 0 0
-1.838 -0.163 -1.838 0 0 0
-9.088 8.238 7.188 0 0 0
-7.763 8.162 5.988 0 0 0
0.638 0.938 0.188 0 0 0
0.812 -1.213 -1.088 0 0 0
-3.238 -0.562 0.013 0 0 0
-11.213 5.863 8.013 0 0 0
1.213 9.888 3.038 0 0 0
3.988 -3.338 1.988 0 0 0
-0.188 -0.138 0.038 0 0 0
0.913 0.588 0.062 0 0 0
-0.738 1.338 0.013 0 0 0
0.238 0.038 0.438 0 0 0
-1.188 2.638 -1.038 0 0 0
-3.238 3.238 -0.238 0 0 0
-2.263 -0.163 -1.838 0 0 0
3.363 0.738 7.913 0 0 0
-2.738 -1.413 -1.088 0 0 0
-3.363 -11.013 0.013 0 0 0
0.388 -1.213 -1.088 0 0 0
-3.338 -1.562 0.013 0 0 0
0.913 0.463 0.213 0 0 0
0.038 0.062 0.688 0 0 0
-0.188 0.613 0.038 0 0 0
-4.713 1.012 9.588 0 0 0
3.513 -1.863 -0.188 0 0 0
3.913 -3.913 2.788 0 0 0
0.913 0.763 0.463 0 0 0
-0.188 0.038 0.438 0 0 0
3.088 5.963 8.287 0 0 0
-3.288 0.163 1.188 0 0 0
4.112 5.288 7.288 0 0 0
0.888 0.788 0.363 0 0 0
-26.613 -0.763 6.438 0 0 0
3.913 -3.513 1.388 0 0 0
-0.938 1.188 0.013 0 0 0
-3.288 0.562 -0.213 0 0 0
0.763 0.513 -0.288 0 0 0
0.163 -0.263 0.062 0 0 0
-9.838 -9.162 0.013 0 0 0
-6.913 -1.863 0.138 0 0 0
-2.638 -0.238 -2.638 0 0 0
0.913 0.638 0.613 0 0 0
0.062 0.588 0.062 0 0 0
-3.312 0.463 0.663 0 0 0
-3.713 -10.812 0.013 0 0 0
-7.288 -0.788 9.238 0 0 0
3.788 -2.062 -0.388 0 0 0
-20.338 5.888 7.463 0 0 0
-3.088 4.088 -0.062 0 0 0
0.062 0.463 0.213 0 0 0
-1.413 -2.388 -0.888 0 0 0
-0.288 6.413 7.888 0 0 0
0.888 -0.288 -2.838 0 0 0
-1.913 0.088 0.738 0 0 0
0.163 -0.138 -1.363 0 0 0
-1.137 1.188 0.013 0 0 0
-3.338 2.138 0.812 0 0 0
0.288 0.463 0.213 0 0 0
3.688 -6.138 4.338 0 0 0
3.088 0.963 10.113 0 0 0
-3.363 0.263 0.163 0 0 0
-2.038 11.013 8.963 0 0 0
-2.188 -0.312 -0.413 0 0 0
-6.738 -10.363 0.013 0 0 0
-10.088 -9.062 0.013 0 0 0
4.263 3.413 3.738 0 0 0
-18.387 -10.188 0.013 0 0 0
0.537 -0.463 -0.288 0 0 0
-1.638 -0.213 -2.438 0 0 0
0.013 -7.588 5.213 0 0 0
3.812 -3.062 0.238 0 0 0
1.288 5.812 7.988 0 0 0
3.812 -3.638 0.638 0 0 0
-3.062 -0.588 -0.688 0 0 0
-13.463 15.038 6.663 0 0 0
0.713 -0.688 -0.263 0 0 0
-3.363 1.463 0.588 0 0 0
-1.788 -1.263 0.013 0 0 0
-3.413 1.963 0.213 0 0 0
-5.013 16.113 6.913 0 0 0
-3.088 0.062 -0.038 0 0 0
0.888 1.263 -1.012 0 0 0
-13.538 5.713 7.338 0 0 0
-1.438 -1.588 -1.038 0 0 0
0.088 0.062 0.588 0 0 0
3.763 -3.288 -0.263 0 0 0
0.788 1.413 -0.388 0 0 0
-1.663 5.663 7.588 0 0 0
-2.013 -0.363 0.013 0 0 0
-12.713 8.088 7.088 0 0 0
-5.788 5.838 7.913 0 0 0
-1.263 -0.788 -0.988 0 0 0
0.463 1.263 -1.012 0 0 0
-0.738 1.713 -0.988 0 0 0
-13.363 6.963 7.963 0 0 0
-7.463 -8.912 0.013 0 0 0
-2.838 -0.562 -0.288 0 0 0
0.513 0.113 1.137 0 0 0
-3.413 0.338 3.038 0 0 0
-2.312 -0.238 -0.263 0 0 0
4.237 4.913 6.838 0 0 0
4.088 -3.562 0.013 0 0 0
-2.838 1.338 -0.413 0 0 0
3.938 -4.038 1.312 0 0 0
-11.113 12.238 7.188 0 0 0
0.938 1.238 0.013 0 0 0
4.138 3.488 3.888 0 0 0
-17.562 11.088 6.238 0 0 0
-1.888 7.013 7.338 0 0 0
3.938 -2.138 1.188 0 0 0
-0.088 0.588 0.213 0 0 0
-1.688 -0.788 -0.988 0 0 0
-2.488 0.163 0.113 0 0 0
0.163 5.913 7.812 0 0 0
0.613 0.388 0.013 0 0 0
-3.163 -0.138 -1.838 0 0 0
-13.963 7.938 7.938 0 0 0
-1.363 -1.363 -0.963 0 0 0
-2.113 -0.613 0.013 0 0 0
-4.588 -19.888 0.013 0 0 0
0.688 0.588 0.013 0 0 0
-3.338 0.888 -0.038 0 0 0
-3.338 0.888 -0.013 0 0 0
-0.562 0.838 0.738 0 0 0
-3.062 1.088 -0.288 0 0 0
-0.088 -0.263 -0.163 0 0 0
0.537 0.938 0.013 0 0 0
-3.438 5.788 8.162 0 0 0
0.038 0.038 0.488 0 0 0
0.713 -0.613 -0.238 0 0 0
0.562 -0.263 -0.238 0 0 0
-0.338 0.113 1.137 0 0 0
0.338 -0.363 -3.738 0 0 0
-4.988 14.113 7.588 0 0 0
0.788 -0.413 -0.238 0 0 0
4.062 2.588 3.238 0 0 0
-11.312 5.838 7.438 0 0 0
-3.238 -0.113 -0.288 0 0 0
-2.312 -0.812 -1.137 0 0 0
0.938 0.562 0.038 0 0 0
0.338 1.638 -0.888 0 0 0
-0.488 -0.763 -1.038 0 0 0
-2.013 0.113 -1.363 0 0 0
3.963 6.062 7.513 0 0 0
-20.188 5.238 7.688 0 0 0
0.088 -0.613 0.013 0 0 0
0.213 0.537 0.513 0 0 0
4.213 5.288 6.863 0 0 0
0.363 -0.413 -0.238 0 0 0
0.788 0.338 -0.238 0 0 0
-2.863 -0.238 -2.688 0 0 0
0.738 0.863 0.537 0 0 0
0.163 -0.413 0.013 0 0 0
4.288 4.737 6.338 0 0 0
3.663 -5.413 4.638 0 0 0
-0.537 0.113 1.137 0 0 0
-4.112 -0.963 -0.838 0 0 0
4.038 3.413 4.288 0 0 0
0.113 1.688 0.013 0 0 0
0.312 0.562 0.288 0 0 0
-18.213 5.663 7.788 0 0 0
-0.488 0.913 0.638 0 0 0
-0.812 -0.888 -1.038 0 0 0
-0.163 6.988 7.838 0 0 0
0.113 0.537 0.138 0 0 0
0.088 0.438 0.263 0 0 0
3.363 -7.312 5.312 0 0 0
-1.213 -0.763 -1.088 0 0 0
3.888 2.663 1.088 0 0 0
-5.038 6.963 7.888 0 0 0
-3.288 -0.713 0.013 0 0 0
-4.463 7.788 7.638 0 0 0
0.938 -1.312 -0.963 0 0 0
4.188 4.438 5.188 0 0 0
-0.213 1.588 0.013 0 0 0
-12.738 7.913 6.388 0 0 0
0.463 0.663 -0.213 0 0 0
-2.838 3.312 -1.113 0 0 0
-12.113 5.688 7.938 0 0 0
-2.312 -0.738 -1.113 0 0 0
0.888 0.838 0.188 0 0 0
0.062 -0.238 0.038 0 0 0
-6.838 -2.488 0.113 0 0 0
-14.588 7.688 7.713 0 0 0
-2.812 1.562 -0.488 0 0 0
0.613 1.338 -0.713 0 0 0
-3.188 -1.413 0.013 0 0 0
-0.363 -0.113 -0.113 0 0 0
4.088 4.388 3.663 0 0 0
-2.588 6.338 8.238 0 0 0
0.888 0.713 0.338 0 0 0
-0.638 1.588 0.013 0 0 0
-0.713 -0.838 -1.038 0 0 0
-3.113 -17.688 0.013 0 0 0
-0.138 0.638 0.138 0 0 0
0.788 -1.663 -1.088 0 0 0
-2.738 -0.738 -1.113 0 0 0
3.938 -4.763 2.263 0 0 0
-3.363 0.588 0.013 0 0 0
-3.038 3.038 -0.888 0 0 0
-0.138 0.062 0.537 0 0 0
0.588 -0.088 -0.938 0 0 0
-12.163 11.062 9.238 0 0 0
-6.638 -9.162 0.013 0 0 0
3.812 -3.188 0.338 0 0 0
3.938 3.338 4.688 0 0 0
-15.788 1.688 15.113 0 0 0
-1.863 0.038 0.213 0 0 0
-3.213 -2.238 0.013 0 0 0
-8.713 9.713 2.238 0 0 0
-1.062 1.588 0.013 0 0 0
-1.137 -0.838 -1.038 0 0 0
-0.562 -0.138 -1.538 0 0 0
-12.163 6.238 8.113 0 0 0
0.688 2.288 -0.713 0 0 0
3.588 -5.788 4.963 0 0 0
0.338 -0.288 -0.363 0 0 0
-3.638 -2.538 -0.238 0 0 0
-2.788 -0.062 -1.088 0 0 0
-2.488 4.513 -0.062 0 0 0
-3.312 0.513 -0.113 0 0 0
4.138 3.963 5.263 0 0 0
-0.513 -0.763 -1.012 0 0 0
-3.363 1.638 0.263 0 0 0
-3.338 2.062 0.788 0 0 0
-3.213 -1.488 0.013 0 0 0
-2.062 1.738 -1.062 0 0 0
-1.488 1.588 0.013 0 0 0
0.013 5.663 8.013 0 0 0
0.863 -0.138 -1.338 0 0 0
-0.988 -0.138 -1.538 0 0 0
0.988 3.988 5.363 0 0 0
-2.588 0.113 -1.213 0 0 0
-3.413 0.113 0.163 0 0 0
-0.738 -0.888 -1.038 0 0 0
-8.013 -7.113 5.463 0 0 0
-3.113 0.138 0.163 0 0 0
-0.938 -0.763 -1.012 0 0 0
-7.988 8.062 7.038 0 0 0
-2.413 -0.062 -0.013 0 0 0
0.438 -0.138 -1.338 0 0 0
4.263 -8.713 0.013 0 0 0
3.812 6.138 8.213 0 0 0
-1.163 -0.888 -1.038 0 0 0
-2.838 1.963 -0.312 0 0 0
-2.263 -1.588 -1.062 0 0 0
-1.188 2.538 0.013 0 0 0
-1.688 5.488 7.688 0 0 0
-0.838 5.663 8.013 0 0 0
-1.738 1.688 0.013 0 0 0
-1.838 -0.138 -1.538 0 0 0
0.013 -0.138 -1.338 0 0 0
-0.838 -0.188 -1.888 0 0 0
-12.763 -7.013 4.487 0 0 0
-3.188 -0.763 -0.963 0 0 0
4.112 -4.263 0.013 0 0 0
0.812 -0.163 -1.438 0 0 0
0.913 0.763 -0.138 0 0 0
-1.713 -0.138 -1.663 0 0 0
0.213 -0.338 -0.062 0 0 0
0.812 -0.738 -1.038 0 0 0
4.163 2.763 3.213 0 0 0
-2.838 1.263 -0.438 0 0 0
-2.688 2.062 -1.088 0 0 0
0.188 -0.312 -0.163 0 0 0
-2.863 1.163 -0.312 0 0 0
-2.463 7.113 6.913 0 0 0
0.913 10.138 1.413 0 0 0
0.238 0.513 0.488 0 0 0
0.588 -0.163 -1.688 0 0 0
-2.488 0.088 0.088 0 0 0
-3.312 0.463 0.062 0 0 0
4.237 4.038 4.388 0 0 0
3.088 7.138 7.788 0 0 0
-2.138 -0.138 -1.663 0 0 0
-2.188 -0.638 -0.913 0 0 0
3.888 -2.413 2.163 0 0 0
0.463 -0.238 -0.263 0 0 0
0.038 0.537 0.738 0 0 0
4.338 -10.213 0.013 0 0 0
-3.312 0.763 0.312 0 0 0
0.312 9.838 2.938 0 0 0
-19.163 5.288 5.138 0 0 0
0.613 -0.888 -1.038 0 0 0
-10.113 -11.238 0.013 0 0 0
-14.413 7.888 7.888 0 0 0
4.138 -7.763 0.013 0 0 0
-3.363 -7.288 5.838 0 0 0
-2.463 3.138 0.013 0 0 0
-2.638 8.113 7.038 0 0 0
-3.312 0.638 0.463 0 0 0
-3.288 0.013 -0.188 0 0 0
3.913 -0.213 -1.638 0 0 0
0.788 -0.488 -0.263 0 0 0
-0.288 -0.988 -1.088 0 0 0
3.913 -2.638 0.038 0 0 0
-10.238 -8.588 0.013 0 0 0
0.388 0.638 -0.288 0 0 0
-2.188 -0.463 -0.513 0 0 0
3.913 -10.213 0.013 0 0 0
1.888 5.713 8.013 0 0 0
-24.812 -11.038 0.013 0 0 0
-3.363 0.163 1.213 0 0 0
0.363 0.663 -0.388 0 0 0
0.988 0.288 -0.113 0 0 0
0.788 0.838 0.013 0 0 0
0.913 0.388 0.138 0 0 0
-3.013 -0.088 -1.213 0 0 0
0.562 0.413 -0.263 0 0 0
0.613 1.188 -0.763 0 0 0
3.838 -3.688 0.413 0 0 0
0.938 -0.713 -1.012 0 0 0
-1.838 -0.238 -2.513 0 0 0
-4.362 1.062 10.163 0 0 0
-1.613 -0.788 -1.113 0 0 0
-2.413 5.663 7.963 0 0 0
-3.263 3.638 0.088 0 0 0
-0.688 0.088 0.863 0 0 0
-14.463 1.638 14.863 0 0 0
4.062 2.688 3.613 0 0 0
-8.638 -7.188 5.488 0 0 0
0.363 1.413 -0.388 0 0 0
-2.638 0.062 0.363 0 0 0
2.638 -0.763 9.338 0 0 0
0.463 -0.038 -0.388 0 0 0
0.363 0.838 0.013 0 0 0
0.913 0.562 0.537 0 0 0
-0.312 -7.562 5.213 0 0 0
-0.113 0.613 0.113 0 0 0
-4.788 1.062 10.163 0 0 0
0.738 0.913 -0.238 0 0 0
-3.338 2.038 0.588 0 0 0
-3.688 -2.013 0.338 0 0 0
-22.113 -6.763 0.013 0 0 0
-3.363 0.213 1.763 0 0 0
-8.388 -7.213 5.513 0 0 0
1.638 5.812 8.013 0 0 0
-2.212 0.113 0.913 0 0 0
3.613 -5.113 4.388 0 0 0
-0.738 -0.763 -1.062 0 0 0
-16.588 5.588 7.713 0 0 0
-1.012 5.713 8.062 0 0 0
-3.263 -0.263 -0.038 0 0 0
0.613 -0.812 -1.012 0 0 0
0.363 1.588 0.013 0 0 0
-13.388 1.713 15.812 0 0 0
-0.738 0.113 -1.213 0 0 0
3.963 3.613 4.913 0 0 0
-1.838 6.963 7.888 0 0 0
-2.663 1.288 0.013 0 0 0
-3.263 -0.388 0.113 0 0 0
0.562 3.238 0.013 0 0 0
-2.863 -1.238 -1.038 0 0 0
-3.288 -0.488 0.238 0 0 0
0.288 0.537 0.388 0 0 0
-2.113 -0.488 -0.738 0 0 0
-0.863 -1.312 -1.062 0 0 0
-7.838 10.388 8.613 0 0 0
0.888 0.763 0.163 0 0 0
0.188 -0.812 -1.012 0 0 0
3.913 -0.388 4.663 0 0 0
-0.062 1.588 0.013 0 0 0
0.763 -0.138 -1.238 0 0 0
-9.037 16.338 7.312 0 0 0
0.338 0.763 0.013 0 0 0
-1.638 0.088 0.562 0 0 0
4.163 3.188 4.038 0 0 0
-3.263 0.938 0.388 0 0 0
4.112 2.812 3.138 0 0 0
-14.913 1.738 15.863 0 0 0
-3.363 0.062 0.238 0 0 0
-3.038 5.988 7.938 0 0 0
3.338 5.888 8.113 0 0 0
3.913 -3.812 1.838 0 0 0
-2.337 -2.062 -0.888 0 0 0
-3.013 -0.188 -2.188 0 0 0
-3.288 0.263 0.238 0 0 0
-14.013 1.062 9.013 0 0 0
0.138 0.038 0.013 0 0 0
3.963 -0.213 -1.738 0 0 0
-0.238 -0.812 -1.012 0 0 0
-0.213 0.088 0.763 0 0 0
-0.062 -0.863 0.013 0 0 0
-6.888 -2.363 -0.312 0 0 0
0.413 1.688 -0.463 0 0 0
0.838 0.838 -0.088 0 0 0
-10.088 -7.312 1.863 0 0 0
-2.363 14.413 7.763 0 0 0
-9.287 5.788 8.062 0 0 0
-16.688 6.088 8.388 0 0 0
-3.388 0.838 0.138 0 0 0
0.463 -0.138 -1.363 0 0 0
-0.138 -0.913 -1.012 0 0 0
3.888 -4.638 1.838 0 0 0
-7.238 10.263 1.513 0 0 0
-0.663 -0.812 -1.012 0 0 0
-0.638 0.088 0.763 0 0 0
-10.713 -7.413 4.288 0 0 0
0.963 0.263 0.188 0 0 0
3.788 11.562 7.513 0 0 0
-2.838 -0.638 -0.363 0 0 0
-3.413 1.188 0.013 0 0 0
-2.238 -0.413 -0.588 0 0 0
-1.788 -0.763 -1.062 0 0 0
-2.138 -0.163 -1.863 0 0 0
0.163 0.062 0.663 0 0 0
-9.113 1.113 10.038 0 0 0
-3.138 0.213 -0.113 0 0 0
-5.738 -7.363 4.913 0 0 0
-11.062 1.088 9.537 0 0 0
3.288 0.763 8.138 0 0 0
-5.863 9.788 2.463 0 0 0
0.812 1.938 -0.213 0 0 0
-8.588 -10.238 0.013 0 0 0
0.338 -0.188 0.013 0 0 0
-0.188 -0.238 -0.238 0 0 0
-2.938 -6.588 0.013 0 0 0
-2.788 0.038 -0.713 0 0 0
-0.713 -0.163 -1.663 0 0 0
-8.888 -9.537 0.013 0 0 0
-0.312 -0.338 -0.238 0 0 0
-2.163 -0.338 -0.438 0 0 0
-8.113 5.713 8.138 0 0 0
-2.863 -0.413 -0.338 0 0 0
-0.288 1.513 0.013 0 0 0
-3.538 1.213 0.013 0 0 0
-1.788 0.038 0.088 0 0 0
-3.438 -0.238 0.013 0 0 0
-19.638 1.062 8.238 0 0 0
-0.312 -0.013 0.013 0 0 0
-0.312 -0.038 0.013 0 0 0
0.738 1.913 0.188 0 0 0
0.562 -0.488 -0.312 0 0 0
-17.088 1.213 10.163 0 0 0
0.488 -0.388 -0.062 0 0 0
0.913 0.363 -0.062 0 0 0
-3.438 1.663 -0.113 0 0 0
3.812 -2.212 -0.013 0 0 0
-2.638 6.413 8.513 0 0 0
4.213 3.363 4.112 0 0 0
3.188 -0.788 9.287 0 0 0
-2.113 -2.013 -0.938 0 0 0
3.812 -1.763 -0.288 0 0 0
-0.312 -9.188 0.013 0 0 0
3.938 -4.638 1.513 0 0 0
-9.113 -11.238 0.013 0 0 0
-1.438 -0.163 -1.713 0 0 0
1.938 -7.488 6.263 0 0 0
0.013 0.088 -1.113 0 0 0
0.913 0.537 0.338 0 0 0
0.238 0.562 0.312 0 0 0
-2.263 -0.038 -0.562 0 0 0
1.038 4.888 4.713 0 0 0
4.237 4.963 4.737 0 0 0
-25.513 6.062 8.662 0 0 0
-3.338 0.413 0.013 0 0 0
-17.913 10.613 9.013 0 0 0
3.963 3.288 4.463 0 0 0
-1.312 -1.613 -1.012 0 0 0
-3.312 0.812 0.138 0 0 0
0.913 0.413 0.488 0 0 0
-3.288 0.638 -0.088 0 0 0
3.888 -4.388 2.263 0 0 0
3.363 0.688 7.513 0 0 0
0.013 0.013 0.188 0 0 0
-3.338 0.288 0.163 0 0 0
-1.463 -9.238 0.013 0 0 0
3.963 3.113 3.463 0 0 0
-2.613 -1.463 -0.938 0 0 0
-7.038 -9.338 0.013 0 0 0
-0.812 1.263 0.013 0 0 0
0.812 0.863 0.613 0 0 0
-2.463 0.138 0.088 0 0 0
-3.312 0.113 0.688 0 0 0
-5.513 7.913 6.888 0 0 0
3.838 -3.062 0.513 0 0 0
0.763 0.913 -0.263 0 0 0
4.088 2.838 3.988 0 0 0
-6.713 -9.588 0.013 0 0 0
-1.238 1.263 0.013 0 0 0
-0.413 0.312 0.438 0 0 0
-6.988 -7.488 4.638 0 0 0
-9.312 7.388 7.463 0 0 0
-5.663 12.688 7.388 0 0 0
-0.713 0.088 -1.238 0 0 0
0.338 -0.163 -1.713 0 0 0
-1.413 -1.863 -1.012 0 0 0
-16.512 1.663 14.738 0 0 0
-1.812 -0.738 -1.038 0 0 0
-7.488 1.738 16.688 0 0 0
-6.963 -14.938 0.013 0 0 0
-4.963 14.088 7.562 0 0 0
-5.138 6.038 8.062 0 0 0
3.413 -2.738 0.488 0 0 0
-10.812 1.838 17.188 0 0 0
-1.663 1.263 0.013 0 0 0
-13.913 14.312 8.588 0 0 0
-3.238 0.788 0.588 0 0 0
-24.913 5.738 7.713 0 0 0
0.863 0.513 -0.288 0 0 0
-9.863 -10.588 0.013 0 0 0
0.088 7.488 7.938 0 0 0
1.062 -0.488 -0.238 0 0 0
-4.538 -15.838 0.013 0 0 0
0.913 0.488 0.513 0 0 0
-14.488 -8.363 -0.838 0 0 0
-1.562 1.163 0.013 0 0 0
3.963 -2.588 1.038 0 0 0
0.888 0.513 0.413 0 0 0
-14.363 5.463 7.913 0 0 0
-3.263 0.238 0.213 0 0 0
-3.363 0.088 0.588 0 0 0
-0.812 -0.213 -2.388 0 0 0
-2.663 -0.213 -2.588 0 0 0
0.338 -0.312 -3.238 0 0 0
0.138 0.638 -0.013 0 0 0
-7.688 9.888 2.337 0 0 0
-3.288 -0.438 0.062 0 0 0
2.138 -7.588 4.438 0 0 0
-1.988 1.163 0.013 0 0 0
0.088 0.588 0.463 0 0 0
-24.688 5.763 8.113 0 0 0
-2.888 -1.738 -0.913 0 0 0
-3.088 -0.213 -2.588 0 0 0
0.488 1.763 -1.038 0 0 0
-3.238 3.562 -0.288 0 0 0
-2.963 -2.212 -0.938 0 0 0
-10.538 1.788 16.713 0 0 0
-11.038 -11.438 0.013 0 0 0
-5.163 -9.287 0.013 0 0 0
-0.988 1.263 -1.088 0 0 0
-6.062 -7.488 4.713 0 0 0
-7.588 5.888 8.113 0 0 0
-3.688 2.763 0.312 0 0 0
0.238 2.713 0.013 0 0 0
-3.288 0.188 0.213 0 0 0
-3.463 0.138 0.838 0 0 0
-0.062 0.513 0.113 0 0 0
0.388 -0.388 -0.238 0 0 0
3.538 1.663 0.013 0 0 0
0.613 -0.537 -0.238 0 0 0
-2.788 -0.088 -1.288 0 0 0
-13.438 7.312 7.238 0 0 0
-1.888 1.213 0.013 0 0 0
3.913 -2.738 1.088 0 0 0
-13.238 -15.763 0.013 0 0 0
3.338 -9.138 0.013 0 0 0
0.938 0.338 -0.088 0 0 0
-8.088 1.113 10.288 0 0 0
4.013 5.312 6.613 0 0 0
0.463 -0.788 -0.988 0 0 0
3.913 3.513 4.788 0 0 0
-2.337 -1.088 0.013 0 0 0
0.513 -0.138 -1.263 0 0 0
3.863 6.312 8.513 0 0 0
-11.763 5.838 7.938 0 0 0
0.738 1.213 0.013 0 0 0
-22.363 -5.562 0.013 0 0 0
0.363 -0.638 -0.363 0 0 0
3.588 6.388 7.863 0 0 0
-2.538 -0.088 -0.113 0 0 0
-2.087 0.062 0.388 0 0 0
-1.213 -0.138 -1.588 0 0 0
0.113 -0.438 0.013 0 0 0
-11.038 -9.938 0.013 0 0 0
3.913 7.913 1.088 0 0 0
-14.138 1.663 15.038 0 0 0
-3.538 4.562 -1.312 0 0 0
0.188 -0.238 0.013 0 0 0
0.938 0.513 0.312 0 0 0
3.838 -5.188 2.488 0 0 0
0.537 -0.888 -1.012 0 0 0
4.038 -0.188 -1.463 0 0 0
-20.062 -11.113 0.013 0 0 0
-1.513 -0.888 -0.963 0 0 0
-11.138 8.037 7.213 0 0 0
-0.138 8.013 6.938 0 0 0
0.488 -0.338 -0.238 0 0 0
3.562 0.537 5.938 0 0 0
-14.588 1.713 15.488 0 0 0
3.812 -7.312 2.888 0 0 0
-1.638 -0.138 -1.588 0 0 0
3.838 -0.213 -1.613 0 0 0
-3.338 0.438 0.363 0 0 0
-1.488 -0.238 -2.488 0 0 0
-7.013 -0.788 8.537 0 0 0
3.838 -4.438 3.163 0 0 0
0.938 0.388 0.463 0 0 0
-0.913 1.513 -1.062 0 0 0
1.038 5.888 7.888 0 0 0
0.113 -0.888 -1.012 0 0 0
0.013 -0.163 -1.538 0 0 0
-0.338 -0.088 -0.113 0 0 0
0.088 0.663 -0.113 0 0 0
3.963 -3.613 1.738 0 0 0
-18.562 12.413 5.338 0 0 0
0.062 -0.338 -0.238 0 0 0
4.088 4.188 5.213 0 0 0
-2.438 0.113 0.062 0 0 0
-0.312 0.188 0.238 0 0 0
-5.413 5.812 8.113 0 0 0
-2.038 -0.738 -1.088 0 0 0
-7.263 5.812 7.913 0 0 0
-1.062 -0.188 -1.938 0 0 0
-3.463 0.038 -0.138 0 0 0
0.238 0.038 0.537 0 0 0
-14.513 -9.062 0.013 0 0 0
-2.963 -0.638 -0.238 0 0 0
0.013 0.638 0.288 0 0 0
0.288 0.838 0.038 0 0 0
-3.163 0.963 0.388 0 0 0
0.663 -1.263 -0.338 0 0 0
-25.463 1.263 9.663 0 0 0
0.913 0.463 0.312 0 0 0
-1.638 -1.113 -1.062 0 0 0
0.363 -0.562 -0.338 0 0 0
-2.212 -0.013 -0.463 0 0 0
0.138 5.688 7.988 0 0 0
-3.338 -1.738 -0.888 0 0 0
4.138 3.113 4.312 0 0 0
-1.413 2.087 -1.062 0 0 0
3.963 2.588 3.688 0 0 0
3.888 -0.238 -1.863 0 0 0
-3.138 1.663 0.013 0 0 0
0.913 0.338 0.463 0 0 0
-0.812 -0.763 -1.038 0 0 0
-5.263 15.963 7.113 0 0 0
-3.288 0.562 -0.113 0 0 0
1.988 11.013 1.538 0 0 0
-2.863 -0.763 -0.988 0 0 0
-11.963 1.763 16.312 0 0 0
3.863 -2.588 0.863 0 0 0
-3.363 -0.788 0.013 0 0 0
3.888 -4.163 2.488 0 0 0
0.638 2.263 -0.713 0 0 0
-1.838 2.087 -1.062 0 0 0
-2.463 0.062 0.062 0 0 0
-2.638 -0.763 -0.988 0 0 0
0.938 -0.213 -2.087 0 0 0
-11.488 9.938 -0.738 0 0 0
-1.238 -0.763 -1.038 0 0 0
0.113 -0.812 -0.988 0 0 0
0.062 0.463 0.312 0 0 0
-0.388 0.812 0.788 0 0 0
3.713 -0.238 3.038 0 0 0
-1.538 -1.088 -1.062 0 0 0
-0.788 1.312 0.013 0 0 0
-12.088 -8.463 0.013 0 0 0
-2.588 -0.062 -0.188 0 0 0
0.113 0.562 0.438 0 0 0
-1.588 -0.138 -1.688 0 0 0
-1.538 5.463 7.688 0 0 0
4.038 -0.263 -2.212 0 0 0
4.362 6.338 8.062 0 0 0
-9.162 -9.162 0.013 0 0 0
-0.138 0.038 0.288 0 0 0
-1.963 -1.088 -1.062 0 0 0
-4.913 7.213 7.013 0 0 0
-11.513 7.188 6.988 0 0 0
-1.363 1.663 0.013 0 0 0
0.812 5.713 8.037 0 0 0
-1.788 -0.163 -1.838 0 0 0
0.963 0.288 -0.188 0 0 0
-1.838 6.188 7.688 0 0 0
-0.513 0.113 0.938 0 0 0
3.812 -3.062 0.338 0 0 0
-1.137 1.513 0.013 0 0 0
0.513 -0.163 -1.463 0 0 0
-2.013 -0.138 -1.688 0 0 0
-7.263 -7.413 1.388 0 0 0
0.163 0.537 0.713 0 0 0
-0.562 0.038 0.288 0 0 0
0.888 -0.238 -2.188 0 0 0
-17.788 -11.113 0.013 0 0 0
-2.238 -0.513 -0.812 0 0 0
-1.788 1.663 0.013 0 0 0
0.088 0.062 0.688 0 0 0
3.938 -0.438 5.238 0 0 0
3.838 -2.738 2.438 0 0 0
0.888 0.738 0.638 0 0 0
-1.288 2.613 0.013 0 0 0
3.738 -3.263 -0.263 0 0 0
0.463 -0.638 -0.788 0 0 0
-0.838 -1.812 -0.988 0 0 0
0.863 0.038 0.488 0 0 0
1.012 -0.913 -0.263 0 0 0
0.763 -0.738 -1.038 0 0 0
-6.663 -2.413 0.013 0 0 0
-2.013 0.138 1.012 0 0 0
3.263 -5.038 1.363 0 0 0
-2.963 6.288 8.188 0 0 0
0.088 -0.238 -0.163 0 0 0
-2.913 4.388 5.463 0 0 0
-3.312 1.738 1.213 0 0 0
-18.438 -10.213 0.013 0 0 0
4.088 -0.288 -2.538 0 0 0
0.488 -0.488 -0.288 0 0 0
-6.913 6.338 7.713 0 0 0
3.938 -2.138 1.288 0 0 0
-0.562 0.088 0.838 0 0 0
0.913 0.713 0.138 0 0 0
2.562 9.963 3.163 0 0 0
-2.488 0.163 0.213 0 0 0
-24.638 5.463 7.713 0 0 0
-26.613 -0.788 6.938 0 0 0
-3.238 1.938 1.213 0 0 0
3.538 -2.212 0.238 0 0 0
-1.838 -1.288 0.013 0 0 0
3.913 -2.688 0.913 0 0 0
4.237 -6.788 0.013 0 0 0
0.113 0.763 -0.288 0 0 0
-3.388 0.238 0.338 0 0 0
-16.762 5.562 7.688 0 0 0
-3.312 0.413 0.338 0 0 0
-0.088 -0.263 -0.062 0 0 0
-0.638 -0.363 -3.663 0 0 0
0.888 0.463 0.013 0 0 0
3.738 2.913 0.013 0 0 0
-3.312 0.713 0.588 0 0 0
-12.413 1.763 16.338 0 0 0
-18.562 6.688 8.113 0 0 0
-7.513 -8.963 0.013 0 0 0
0.963 -0.788 9.388 0 0 0
-17.387 7.588 7.663 0 0 0
-0.738 5.688 8.013 0 0 0
-0.288 -1.338 -1.062 0 0 0
-0.288 0.163 0.213 0 0 0
3.913 -4.362 2.588 0 0 0
3.838 -2.413 1.562 0 0 0
-17.762 -0.788 7.763 0 0 0
-1.638 8.037 6.963 0 0 0
0.938 -0.888 0.013 0 0 0
-13.463 1.062 8.988 0 0 0
-1.312 1.513 -1.088 0 0 0
3.788 -2.963 -0.338 0 0 0
0.913 0.913 0.013 0 0 0
-1.588 -1.163 -0.988 0 0 0
0.738 -7.738 5.388 0 0 0
0.938 0.438 0.288 0 0 0
-1.738 -0.812 -0.988 0 0 0
-2.388 0.113 0.763 0 0 0
-2.713 13.613 8.838 0 0 0
0.713 0.013 0.013 0 0 0
-3.088 -0.888 -0.537 0 0 0
0.562 0.363 0.013 0 0 0
1.938 5.913 7.913 0 0 0
-13.488 -16.062 0.013 0 0 0
1.012 -0.138 -1.388 0 0 0
-7.738 -10.663 0.013 0 0 0
-11.038 1.062 9.513 0 0 0
0.663 -0.638 -0.238 0 0 0
0.663 0.388 -0.213 0 0 0
-0.163 -0.263 -0.263 0 0 0
-1.613 -1.413 -1.113 0 0 0
-13.513 7.062 6.838 0 0 0
0.588 -0.138 -1.388 0 0 0
-1.638 1.413 -1.088 0 0 0
-0.188 -0.213 0.113 0 0 0
-14.913 12.013 6.913 0 0 0
-2.312 -0.213 -2.562 0 0 0
-3.263 0.263 -0.163 0 0 0
1.238 -7.688 3.788 0 0 0
-7.763 5.963 7.988 0 0 0
0.488 1.663 0.013 0 0 0
-1.338 1.438 -1.088 0 0 0
-3.312 0.788 0.613 0 0 0
-11.113 1.038 9.238 0 0 0
-2.888 -1.388 -0.113 0 0 0
-0.588 -0.263 -0.263 0 0 0
-2.312 -0.738 -1.012 0 0 0
0.288 0.763 0.013 0 0 0
4.237 4.413 6.088 0 0 0
1.012 -0.088 -0.838 0 0 0
-11.963 5.763 7.312 0 0 0
0.163 0.513 0.513 0 0 0
0.038 -0.638 0.013 0 0 0
3.463 -0.413 5.163 0 0 0
-2.238 10.113 9.013 0 0 0
0.713 0.938 0.413 0 0 0
-3.088 1.062 -0.113 0 0 0
-2.738 -0.213 -2.562 0 0 0
-1.588 -0.312 -3.413 0 0 0
0.062 1.663 0.013 0 0 0
0.263 0.537 0.288 0 0 0
-6.513 -2.488 -0.163 0 0 0
-3.188 -1.838 0.013 0 0 0
3.963 7.088 0.963 0 0 0
-24.688 5.513 7.638 0 0 0
-6.562 1.738 16.913 0 0 0
-0.163 0.663 0.138 0 0 0
-0.138 0.062 0.638 0 0 0
-4.062 -0.988 -1.062 0 0 0
-25.238 6.113 8.513 0 0 0
-0.838 -0.788 9.088 0 0 0
3.913 -1.913 -0.812 0 0 0
0.888 0.588 0.588 0 0 0
0.938 -1.263 -0.312 0 0 0
3.338 0.738 7.838 0 0 0
-5.613 -9.363 0.013 0 0 0
0.562 -0.763 -0.988 0 0 0
3.888 -2.963 1.588 0 0 0
-0.113 -0.738 -1.012 0 0 0
-0.062 -0.338 -0.113 0 0 0
-9.062 5.713 8.188 0 0 0
3.163 0.913 9.788 0 0 0
1.562 10.938 1.513 0 0 0
3.963 2.312 0.988 0 0 0
0.338 0.738 -0.238 0 0 0
0.888 -1.338 -0.963 0 0 0
4.188 4.362 5.988 0 0 0
-3.963 -0.788 9.213 0 0 0
-10.138 5.688 7.788 0 0 0
0.663 -0.388 -3.763 0 0 0
-2.363 -0.763 -1.113 0 0 0
-3.338 2.062 0.888 0 0 0
-1.488 10.688 7.038 0 0 0
-15.113 -0.763 7.562 0 0 0
0.938 -0.513 -0.312 0 0 0
-3.062 -0.838 -1.012 0 0 0
0.138 -0.763 -0.988 0 0 0
-1.388 0.113 -1.312 0 0 0
-3.863 -7.463 4.863 0 0 0
-0.537 -0.738 -1.012 0 0 0
0.113 0.738 -0.488 0 0 0
0.888 0.038 0.463 0 0 0
-12.413 -7.163 1.788 0 0 0
0.463 -1.338 -0.963 0 0 0
-2.438 5.888 7.888 0 0 0
-3.513 -1.238 -1.137 0 0 0
-3.312 -10.812 0.013 0 0 0
-5.738 -9.162 0.013 0 0 0
4.112 3.738 4.963 0 0 0
0.363 0.463 0.438 0 0 0
-3.062 6.013 7.988 0 0 0
3.463 -7.263 2.863 0 0 0
-7.238 8.188 6.013 0 0 0
-2.238 7.538 7.888 0 0 0
3.913 4.788 6.663 0 0 0
-3.588 10.988 8.988 0 0 0
-8.062 11.963 7.138 0 0 0
-2.888 -7.413 5.038 0 0 0
0.713 1.137 -0.312 0 0 0
-1.113 1.562 0.013 0 0 0
-1.263 -0.738 -1.062 0 0 0
-14.913 -0.788 9.238 0 0 0
-3.312 -0.163 0.013 0 0 0
-3.413 1.312 0.013 0 0 0
0.938 0.413 0.088 0 0 0
0.213 0.812 -0.088 0 0 0
-3.338 -1.713 0.013 0 0 0
3.963 -0.188 -1.438 0 0 0
-3.638 2.188 0.013 0 0 0
-0.613 -0.263 -0.238 0 0 0
-1.038 7.113 7.812 0 0 0
-3.113 -1.863 0.013 0 0 0
-9.138 7.312 7.088 0 0 0
0.913 0.763 -0.013 0 0 0
0.062 0.713 -0.588 0 0 0
0.938 0.288 0.238 0 0 0
3.688 6.038 8.062 0 0 0
-0.388 -1.012 -0.988 0 0 0
-2.688 -1.288 -0.988 0 0 0
-2.263 -0.388 -0.537 0 0 0
0.188 -0.312 -0.062 0 0 0
-1.888 1.713 -1.062 0 0 0
0.013 -0.213 0.062 0 0 0
-3.338 0.062 0.038 0 0 0
1.963 -0.788 9.388 0 0 0
0.238 0.513 0.588 0 0 0
-0.413 -0.088 -0.088 0 0 0
-1.888 6.363 7.812 0 0 0
-3.463 1.388 -0.238 0 0 0
-6.488 -9.263 0.013 0 0 0
-3.588 6.338 8.263 0 0 0
0.738 -1.638 -1.062 0 0 0
-1.788 3.338 -0.913 0 0 0
3.913 -1.888 1.413 0 0 0
-2.312 -1.638 -1.062 0 0 0
4.213 -5.388 0.013 0 0 0
4.112 -0.188 -1.388 0 0 0
-1.788 -1.312 -1.038 0 0 0
-6.138 1.713 16.713 0 0 0
0.588 -0.238 -0.288 0 0 0
3.588 -2.788 -0.413 0 0 0
-3.312 0.638 0.562 0 0 0
-1.188 -0.788 -1.012 0 0 0
-2.812 -0.062 -0.963 0 0 0
-6.838 -9.062 0.013 0 0 0
-1.788 0.062 0.388 0 0 0
-5.763 7.663 7.513 0 0 0
0.363 0.663 -0.288 0 0 0
-7.788 -0.788 9.213 0 0 0
0.763 1.438 -0.388 0 0 0
0.913 0.388 0.238 0 0 0
0.163 0.663 -0.013 0 0 0
0.763 0.863 0.013 0 0 0
4.062 2.388 3.463 0 0 0
3.963 -0.263 3.213 0 0 0
-25.238 -6.713 3.938 0 0 0
0.113 0.588 0.738 0 0 0
0.913 0.263 0.388 0 0 0
4.188 5.538 6.812 0 0 0
-4.612 -10.863 0.013 0 0 0
-1.763 1.488 0.013 0 0 0
3.763 -2.238 0.763 0 0 0
-3.263 0.013 0.088 0 0 0
-8.513 1.738 16.538 0 0 0
-2.212 -0.238 -0.388 0 0 0
-4.062 1.238 0.013 0 0 0
-1.538 1.338 0.013 0 0 0
0.913 0.562 0.638 0 0 0
-3.363 1.763 0.338 0 0 0
-3.188 0.213 0.088 0 0 0
-2.938 -2.188 -0.938 0 0 0
-0.113 0.613 0.213 0 0 0
-1.663 -0.138 -1.663 0 0 0
-12.713 -16.887 0.013 0 0 0
-1.763 2.238 0.013 0 0 0
-3.263 -0.263 0.062 0 0 0
-8.162 11.613 6.913 0 0 0
-10.288 -8.613 0.013 0 0 0
-2.062 -0.413 0.013 0 0 0
0.663 0.613 0.013 0 0 0
-1.963 1.338 0.013 0 0 0
0.763 2.363 0.013 0 0 0
-3.338 1.913 0.838 0 0 0
-0.613 5.763 8.013 0 0 0
-0.338 0.062 0.088 0 0 0
-11.663 8.287 6.138 0 0 0
-5.238 5.863 8.188 0 0 0
3.838 -3.588 2.212 0 0 0
-0.838 -1.213 -1.088 0 0 0
-3.088 -0.088 -1.312 0 0 0
-1.088 -0.138 -1.613 0 0 0
-0.613 -7.562 5.188 0 0 0
0.088 0.537 0.738 0 0 0
0.663 -0.138 -1.263 0 0 0
0.663 1.363 0.013 0 0 0
-3.288 -0.038 0.088 0 0 0
-2.513 0.113 0.888 0 0 0
-3.363 0.062 0.338 0 0 0
-1.288 -0.163 -1.763 0 0 0
-10.438 1.088 9.638 0 0 0
-2.013 0.163 1.312 0 0 0
4.188 5.163 7.088 0 0 0
-1.463 1.838 -1.088 0 0 0
-10.788 -7.438 1.438 0 0 0
-9.062 6.338 8.287 0 0 0
0.888 0.638 0.413 0 0 0
0.588 1.288 -0.738 0 0 0
-3.338 1.363 0.713 0 0 0
-13.738 -8.912 0.013 0 0 0
-10.888 -9.812 0.013 0 0 0
0.238 1.338 0.013 0 0 0
-0.138 -0.788 -1.062 0 0 0
0.413 -0.213 -0.238 0 0 0
-0.213 0.088 0.863 0 0 0
-22.163 -6.788 0.013 0 0 0
-2.212 1.438 0.013 0 0 0
-8.312 1.038 9.488 0 0 0
-1.713 -0.163 -1.763 0 0 0
3.713 6.988 2.363 0 0 0
-10.788 -7.263 1.838 0 0 0
-0.238 8.062 7.812 0 0 0
0.988 -0.312 -3.163 0 0 0
-0.088 -0.138 -1.413 0 0 0
-2.163 -1.838 -1.012 0 0 0
-0.562 -0.788 -1.062 0 0 0
-0.638 0.088 0.863 0 0 0
-10.538 14.738 7.863 0 0 0
-3.463 2.388 -0.413 0 0 0
0.963 0.263 0.288 0 0 0
-5.488 -10.763 0.013 0 0 0
3.363 -0.463 5.663 0 0 0
-3.338 1.988 0.863 0 0 0
-2.113 -9.162 0.013 0 0 0
-3.438 8.113 7.038 0 0 0
0.163 0.062 0.763 0 0 0
-2.763 0.588 -0.238 0 0 0
-2.363 0.088 0.537 0 0 0
-9.138 5.913 8.062 0 0 0
-22.312 4.088 4.638 0 0 0
-2.388 7.913 7.713 0 0 0
-1.663 -0.763 -1.088 0 0 0
-2.013 -0.163 -1.888 0 0 0
-22.588 -6.038 0.013 0 0 0
-2.463 5.713 7.988 0 0 0
0.138 0.537 0.413 0 0 0
0.738 0.588 0.013 0 0 0
-6.562 -7.562 4.713 0 0 0
-0.363 5.938 7.838 0 0 0
0.463 -0.088 -0.713 0 0 0
0.338 2.738 0.013 0 0 0
-2.863 -0.413 -0.238 0 0 0
-3.213 0.213 0.113 0 0 0
-1.788 0.038 0.188 0 0 0
-2.438 -0.163 -1.888 0 0 0
-3.338 -0.638 -0.138 0 0 0
-2.013 0.062 0.338 0 0 0
-10.038 5.688 8.162 0 0 0
-0.513 0.088 0.138 0 0 0
4.312 6.863 -0.788 0 0 0
0.312 0.588 0.013 0 0 0
-3.288 -0.413 -0.238 0 0 0
0.838 1.938 0.062 0 0 0
-5.788 -8.562 0.013 0 0 0
0.013 1.288 0.013 0 0 0
4.362 6.988 0.488 0 0 0
-2.488 -0.788 -0.988 0 0 0
-3.238 0.988 0.013 0 0 0
0.338 -0.913 -1.012 0 0 0
3.913 -4.612 1.513 0 0 0
-0.188 -0.812 -1.012 0 0 0
4.163 2.688 3.288 0 0 0
-2.888 -0.788 -0.213 0 0 0
-2.938 1.188 0.013 0 0 0
-0.413 1.288 0.013 0 0 0
-0.238 -0.263 -0.238 0 0 0
4.112 3.238 4.062 0 0 0
0.913 0.413 0.588 0 0 0
-0.888 6.263 8.113 0 0 0
-3.562 -10.363 0.013 0 0 0
-2.513 -1.588 -0.988 0 0 0
-3.338 0.288 0.263 0 0 0
-0.038 0.513 -0.088 0 0 0
3.863 -4.362 2.263 0 0 0
-2.188 5.963 7.763 0 0 0
-1.738 -2.038 -0.938 0 0 0
-6.288 -11.363 0.013 0 0 0
-4.237 -7.863 4.088 0 0 0
-6.738 1.062 9.888 0 0 0
3.812 -2.113 1.763 0 0 0
3.938 -2.562 1.888 0 0 0
-1.638 2.638 -1.038 0 0 0
-3.463 0.213 1.688 0 0 0
-2.463 0.138 0.188 0 0 0
-0.838 1.288 0.013 0 0 0
-1.188 6.388 7.838 0 0 0
0.938 -0.088 -0.812 0 0 0
-0.513 -0.913 -1.012 0 0 0
4.188 6.738 6.513 0 0 0
-3.312 0.562 0.537 0 0 0
-3.163 -0.513 0.013 0 0 0
-0.288 -1.062 -1.012 0 0 0
-0.013 0.688 0.312 0 0 0
-0.038 0.688 0.312 0 0 0
-3.388 0.062 0.038 0 0 0
-1.938 -2.188 -0.938 0 0 0
3.538 0.613 6.613 0 0 0
-7.663 7.088 8.037 0 0 0
-3.363 1.938 0.013 0 0 0
-3.562 2.013 -1.113 0 0 0
0.188 0.537 0.312 0 0 0
-25.463 6.163 8.287 0 0 0
4.112 4.788 5.888 0 0 0
-3.312 1.888 0.812 0 0 0
-1.513 -0.163 -1.812 0 0 0
-2.488 -1.288 -0.562 0 0 0
-0.938 -0.913 -1.012 0 0 0
-3.263 -2.013 -0.963 0 0 0
-16.863 1.738 15.588 0 0 0
3.363 5.988 8.037 0 0 0
-2.238 -0.213 -2.488 0 0 0
-1.088 -0.312 -3.338 0 0 0
0.113 0.513 0.713 0 0 0
-1.938 0.062 0.338 0 0 0
-2.663 -1.488 -0.938 0 0 0
3.812 -3.413 0.363 0 0 0
-2.212 -0.312 -0.413 0 0 0
-10.413 1.062 9.613 0 0 0
-2.312 0.138 0.988 0 0 0
-0.863 1.238 0.013 0 0 0
0.913 0.488 0.613 0 0 0
0.638 -0.363 -0.288 0 0 0
0.888 0.513 0.513 0 0 0
0.588 -0.388 -3.738 0 0 0
0.513 -0.463 -0.288 0 0 0
-1.588 1.188 0.013 0 0 0
-3.588 0.338 2.988 0 0 0
0.363 -0.138 -1.438 0 0 0
-3.488 -0.763 0.438 0 0 0
-1.513 -8.513 0.013 0 0 0
-3.238 0.088 0.562 0 0 0
3.963 3.488 3.838 0 0 0
4.138 2.963 3.613 0 0 0
-0.388 -1.413 -0.188 0 0 0
-1.863 -0.788 -1.038 0 0 0
3.113 -7.588 3.812 0 0 0
0.062 0.613 0.463 0 0 0
-3.312 0.013 -0.188 0 0 0
4.338 4.988 6.688 0 0 0
-2.087 -1.788 -0.913 0 0 0
-0.263 7.938 5.713 0 0 0
-0.062 -0.138 -1.438 0 0 0
-2.413 -0.163 -0.163 0 0 0
-8.287 -0.763 8.162 0 0 0
2.663 7.788 5.588 0 0 0
-4.213 -10.413 0.013 0 0 0
3.538 0.513 5.638 0 0 0
-7.488 -8.912 0.013 0 0 0
-7.888 -7.388 4.487 0 0 0
-2.337 -0.238 -0.263 0 0 0
-2.863 1.338 -0.413 0 0 0
-0.763 9.838 2.863 0 0 0
-3.713 2.788 0.312 0 0 0
-7.188 -8.888 0.013 0 0 0
-7.588 -11.263 0.013 0 0 0
0.913 1.238 0.013 0 0 0
0.338 -0.788 -1.038 0 0 0
0.413 -0.288 -0.263 0 0 0
-0.863 -0.238 -2.388 0 0 0
0.338 0.088 -1.188 0 0 0
-14.263 5.788 7.438 0 0 0
-2.788 -0.088 -1.188 0 0 0
-1.688 1.688 0.013 0 0 0
-0.213 -0.163 -0.163 0 0 0
4.237 6.638 7.238 0 0 0
0.938 0.338 0.013 0 0 0
-1.488 -0.788 9.037 0 0 0
-3.113 4.612 -0.062 0 0 0
0.537 1.288 -1.012 0 0 0
3.963 -0.363 4.263 0 0 0
-7.763 -7.213 4.763 0 0 0
0.913 0.688 -0.113 0 0 0
-1.788 5.838 7.613 0 0 0
-3.438 0.138 1.113 0 0 0
-1.213 -0.138 -1.488 0 0 0
-0.213 0.588 -0.163 0 0 0
-3.863 2.688 -0.713 0 0 0
-0.388 -1.088 -1.062 0 0 0
-2.863 -0.363 -0.413 0 0 0
3.738 -3.238 0.038 0 0 0
4.038 -0.188 -1.363 0 0 0
0.988 -0.562 -0.238 0 0 0
0.913 -0.463 0.013 0 0 0
0.913 0.562 0.038 0 0 0
-10.562 1.088 9.763 0 0 0
-2.337 2.588 0.013 0 0 0
0.438 -0.738 -1.038 0 0 0
-3.338 0.438 0.463 0 0 0
0.388 0.988 0.013 0 0 0
-0.438 -1.263 -0.413 0 0 0
-2.038 -0.213 -2.538 0 0 0
0.013 -0.738 -1.038 0 0 0
-3.263 0.038 -0.288 0 0 0
3.812 -2.288 0.038 0 0 0
-2.438 0.113 0.163 0 0 0
-5.863 5.663 7.713 0 0 0
-3.188 0.988 9.738 0 0 0
0.238 -0.888 -1.038 0 0 0
1.163 1.838 -0.338 0 0 0
0.638 -0.113 -1.137 0 0 0
-9.988 5.838 8.037 0 0 0
0.788 -0.163 -1.638 0 0 0
-1.888 5.888 7.863 0 0 0
-5.312 -9.588 0.013 0 0 0
-11.263 15.938 6.838 0 0 0
-3.238 3.238 -0.038 0 0 0
0.088 0.537 0.138 0 0 0
0.938 2.013 0.413 0 0 0
-2.938 -1.713 -0.888 0 0 0
-2.988 -6.413 0.013 0 0 0
-2.463 -0.562 0.013 0 0 0
-1.438 -1.688 -1.088 0 0 0
-2.238 -0.763 -1.137 0 0 0
0.062 -0.463 0.013 0 0 0
-3.312 0.438 0.638 0 0 0
-2.788 -0.188 -2.163 0 0 0
-0.312 0.062 0.488 0 0 0
-0.413 -0.738 -1.038 0 0 0
0.913 0.463 0.413 0 0 0
0.238 0.488 0.388 0 0 0
-0.038 -0.312 -0.113 0 0 0
-0.013 -0.312 -0.113 0 0 0
0.288 2.738 0.013 0 0 0
-3.263 0.213 0.113 0 0 0
0.363 -0.562 -0.238 0 0 0
-0.038 0.562 -0.263 0 0 0
0.263 1.188 0.013 0 0 0
-4.388 7.913 6.863 0 0 0
-7.463 -7.088 5.463 0 0 0
-19.562 1.088 8.613 0 0 0
-4.838 -7.588 3.888 0 0 0
-3.288 1.588 0.013 0 0 0
-11.113 1.812 16.963 0 0 0
0.713 -1.338 -1.113 0 0 0
-3.838 16.088 7.263 0 0 0
-3.213 0.013 -0.537 0 0 0
4.088 5.788 8.287 0 0 0
-3.538 2.663 0.238 0 0 0
-0.613 -0.363 -3.863 0 0 0
-3.238 -0.838 -1.163 0 0 0
-3.338 0.513 0.488 0 0 0
0.938 0.463 0.588 0 0 0
-0.738 -0.838 -1.038 0 0 0
-1.163 -0.138 -1.588 0 0 0
0.188 0.588 0.138 0 0 0
4.013 2.888 0.363 0 0 0
-0.413 0.812 0.788 0 0 0
3.713 -0.238 3.138 0 0 0
-1.538 -0.062 -0.938 0 0 0
-13.888 1.088 9.287 0 0 0
4.088 -0.188 -1.463 0 0 0
-2.738 -7.438 5.038 0 0 0
-7.038 6.312 8.312 0 0 0
-0.038 -0.888 -0.988 0 0 0
-0.013 -0.888 -0.988 0 0 0
-1.638 -1.788 -0.938 0 0 0
-0.763 0.113 -0.138 0 0 0
3.863 -2.463 -0.463 0 0 0
0.537 1.263 -0.613 0 0 0
-2.963 0.738 0.013 0 0 0
-1.038 -0.363 -3.863 0 0 0
3.338 -0.513 6.338 0 0 0
3.788 -2.188 -0.013 0 0 0
-0.488 -0.163 -1.638 0 0 0
-1.163 -0.838 -1.038 0 0 0
-2.588 -0.062 -0.088 0 0 0
-1.588 -0.138 -1.588 0 0 0
-9.287 6.263 8.213 0 0 0
-5.763 7.188 6.963 0 0 0
3.788 0.663 7.138 0 0 0
0.288 0.038 0.312 0 0 0
-4.588 1.062 10.213 0 0 0
-2.663 -1.438 -1.113 0 0 0
-3.288 -0.113 0.013 0 0 0
-2.138 2.087 -1.088 0 0 0
-2.163 -1.363 -0.963 0 0 0
-7.013 5.838 8.062 0 0 0
3.888 -1.688 1.463 0 0 0
-0.788 -0.163 -1.688 0 0 0
-0.513 0.113 1.038 0 0 0
-21.688 1.038 7.788 0 0 0
-13.513 12.488 7.263 0 0 0
-3.488 15.963 7.213 0 0 0
-15.988 5.788 8.062 0 0 0
0.863 -1.638 -1.088 0 0 0
-2.788 9.938 2.738 0 0 0
-0.488 0.113 1.062 0 0 0
-6.888 1.763 16.913 0 0 0
-4.463 -7.238 5.738 0 0 0
0.913 0.537 -0.163 0 0 0
-2.663 0.113 0.713 0 0 0
-19.913 -9.713 0.013 0 0 0
0.413 -7.738 3.038 0 0 0
-7.088 5.688 7.938 0 0 0
-12.138 -8.488 0.013 0 0 0
-6.763 -9.287 0.013 0 0 0
-0.763 1.488 0.013 0 0 0
3.913 -2.238 2.038 0 0 0
-2.863 0.938 -0.338 0 0 0
-3.213 1.562 0.013 0 0 0
-0.338 -0.413 -0.463 0 0 0
-2.013 0.138 1.113 0 0 0
-11.488 7.788 7.763 0 0 0
3.488 -0.413 5.238 0 0 0
-0.888 -1.438 -1.113 0 0 0
-3.388 1.088 0.812 0 0 0
4.088 -0.288 -2.438 0 0 0
-12.638 1.738 16.038 0 0 0
-0.562 0.088 0.938 0 0 0
0.338 -0.388 -3.763 0 0 0
4.013 3.513 3.863 0 0 0
0.913 0.713 0.238 0 0 0
-9.713 -9.388 0.013 0 0 0
-11.663 7.913 7.888 0 0 0
-8.812 1.088 10.062 0 0 0
-1.188 1.488 0.013 0 0 0
-0.588 9.812 2.888 0 0 0
-3.513 -0.763 0.263 0 0 0
-15.538 1.663 14.863 0 0 0
0.613 -0.488 -0.312 0 0 0
3.888 -3.688 0.613 0 0 0
-1.938 -0.163 -1.812 0 0 0
0.562 -0.163 -1.688 0 0 0
0.363 -0.438 -0.263 0 0 0
2.988 1.062 11.113 0 0 0
0.388 0.413 -0.312 0 0 0
-0.288 -0.138 0.062 0 0 0
-13.388 6.988 6.788 0 0 0
-2.013 -0.238 -2.562 0 0 0
-6.913 -10.638 0.013 0 0 0
3.338 0.812 8.688 0 0 0
-3.488 5.863 7.888 0 0 0
0.113 0.638 -0.013 0 0 0
0.713 -0.788 -1.038 0 0 0
-3.338 0.763 0.312 0 0 0
-0.463 0.863 0.713 0 0 0
-8.463 16.262 6.263 0 0 0
-12.038 5.812 7.363 0 0 0
-2.013 -0.763 -1.012 0 0 0
3.913 -1.488 1.438 0 0 0
-3.463 3.113 0.062 0 0 0
4.213 -6.013 0.013 0 0 0
4.237 6.238 6.038 0 0 0
-8.463 -3.088 1.888 0 0 0
-9.963 -9.287 0.013 0 0 0
0.888 -0.388 -0.263 0 0 0
-6.163 5.938 7.638 0 0 0
-18.438 -8.988 0.013 0 0 0
-6.913 -9.888 0.013 0 0 0
-0.312 -0.988 -1.088 0 0 0
-0.163 6.238 8.037 0 0 0
-3.913 -0.812 -0.713 0 0 0
0.788 -0.138 -1.288 0 0 0
1.863 5.713 8.013 0 0 0
-0.588 -0.213 -2.363 0 0 0
3.913 -0.463 5.413 0 0 0
0.938 0.438 0.388 0 0 0
-3.538 0.213 1.713 0 0 0
-2.388 0.113 0.863 0 0 0
-2.888 -2.013 -0.163 0 0 0
-9.713 -7.438 4.388 0 0 0
-1.388 -0.138 -1.638 0 0 0
-2.913 -2.013 -0.938 0 0 0
0.163 0.038 -0.038 0 0 0
0.913 0.788 0.263 0 0 0
-16.663 1.613 14.363 0 0 0
-2.488 13.913 9.363 0 0 0
-5.363 -7.413 4.713 0 0 0
-1.588 -7.513 5.138 0 0 0
-1.012 -0.213 -2.363 0 0 0
-12.138 -7.312 2.113 0 0 0
1.713 5.913 7.763 0 0 0
-7.562 1.738 16.812 0 0 0
-8.562 1.113 10.113 0 0 0
-0.013 0.463 0.238 0 0 0
2.288 -7.763 4.413 0 0 0
-1.763 -9.037 0.013 0 0 0
-16.438 -9.888 0.013 0 0 0
-0.513 0.238 0.338 0 0 0
-0.562 6.388 8.537 0 0 0
-3.312 0.788 0.713 0 0 0
0.863 1.438 -0.388 0 0 0
3.913 2.888 4.138 0 0 0
-3.238 0.113 0.863 0 0 0
-16.663 8.162 8.213 0 0 0
0.463 1.688 0.013 0 0 0
-3.338 0.838 0.338 0 0 0
3.963 2.638 3.613 0 0 0
-12.562 5.538 7.638 0 0 0
0.863 0.863 0.013 0 0 0
1.012 -0.088 -0.738 0 0 0
-2.238 0.088 0.513 0 0 0
-4.988 -10.238 0.013 0 0 0
-3.263 3.488 0.088 0 0 0
4.263 5.838 6.338 0 0 0
-1.538 -0.763 -1.113 0 0 0
0.438 -0.463 -0.263 0 0 0
-0.488 -1.263 -0.413 0 0 0
-3.388 -0.713 -0.163 0 0 0
0.363 0.688 0.013 0 0 0
-2.113 -0.138 -1.763 0 0 0
-0.463 0.038 -0.038 0 0 0
0.438 0.863 0.013 0 0 0
-11.538 5.812 7.963 0 0 0
0.788 0.863 0.413 0 0 0
-8.363 -11.088 0.013 0 0 0
-2.663 0.088 0.513 0 0 0
-1.538 -0.888 -0.963 0 0 0
3.688 -7.263 4.263 0 0 0
-2.363 0.088 -1.388 0 0 0
-1.963 -0.763 -1.113 0 0 0
4.312 6.913 0.463 0 0 0
0.238 0.838 -0.138 0 0 0
0.713 -0.088 -0.863 0 0 0
0.338 -0.138 0.013 0 0 0
-2.087 1.513 0.013 0 0 0
-0.238 -0.238 0.113 0 0 0
-0.388 0.113 0.113 0 0 0
-0.513 -0.238 -2.363 0 0 0
-2.238 0.138 1.062 0 0 0
3.888 -4.988 1.963 0 0 0
-1.538 -1.163 -0.988 0 0 0
0.312 1.338 -0.638 0 0 0
-3.638 -2.538 -0.013 0 0 0
0.562 -0.888 -0.738 0 0 0
-1.738 -0.163 -1.863 0 0 0
4.163 2.738 3.788 0 0 0
-2.588 1.312 0.013 0 0 0
-3.488 3.113 0.363 0 0 0
-2.363 -0.763 -1.012 0 0 0
-2.488 3.062 0.013 0 0 0
-4.062 -1.788 0.562 0 0 0
-0.438 0.062 0.613 0 0 0
-1.388 0.113 -1.213 0 0 0
-1.963 0.038 0.038 0 0 0
-1.562 -0.812 -1.113 0 0 0
-0.062 1.438 0.013 0 0 0
0.338 0.613 0.013 0 0 0
-2.513 1.513 0.013 0 0 0
0.888 0.038 0.562 0 0 0
-2.138 -0.463 -0.588 0 0 0
-15.163 13.288 7.038 0 0 0
0.338 0.038 0.413 0 0 0
0.638 -1.263 -0.338 0 0 0
0.938 -0.062 -0.463 0 0 0
0.263 -0.763 -1.012 0 0 0
0.163 0.588 0.638 0 0 0
0.713 0.388 -0.213 0 0 0
-9.763 1.038 9.338 0 0 0
-4.388 -0.788 9.312 0 0 0
1.088 -7.788 5.463 0 0 0
4.237 4.263 4.062 0 0 0
-2.163 -0.163 -1.863 0 0 0
3.913 4.913 6.613 0 0 0
-0.312 -0.163 -1.663 0 0 0
-0.288 -0.163 -0.138 0 0 0
-0.963 5.812 7.913 0 0 0
-1.812 0.113 -1.213 0 0 0
-0.238 -0.963 -1.012 0 0 0
-3.088 -0.062 -1.012 0 0 0
-2.513 2.263 0.013 0 0 0
0.338 1.363 0.013 0 0 0
-1.738 -0.312 -3.388 0 0 0
0.663 -1.137 -0.988 0 0 0
-5.988 1.763 17.213 0 0 0
-0.163 -0.763 -1.012 0 0 0
2.013 -6.562 0.013 0 0 0
3.863 9.938 1.363 0 0 0
-8.912 -9.537 0.013 0 0 0
-2.438 7.088 8.412 0 0 0
-11.288 1.062 9.388 0 0 0
-0.438 0.113 1.163 0 0 0
-5.413 6.113 7.863 0 0 0
-0.312 1.513 0.013 0 0 0
-3.738 6.788 8.062 0 0 0
-1.663 -0.062 -0.812 0 0 0
3.963 -0.188 -1.338 0 0 0
-0.088 1.363 0.013 0 0 0
1.012 -0.988 -0.188 0 0 0
4.163 2.463 3.163 0 0 0
-0.588 -0.763 -1.012 0 0 0
-2.013 0.013 -0.062 0 0 0
-5.013 15.388 8.787 0 0 0
-1.062 7.138 7.812 0 0 0
0.913 0.763 0.062 0 0 0
0.938 0.288 0.338 0 0 0
-3.438 2.062 0.013 0 0 0
-13.788 1.713 15.713 0 0 0
0.888 0.788 -0.013 0 0 0
-3.163 -3.388 0.013 0 0 0
-2.638 0.138 0.038 0 0 0
-3.338 0.062 0.138 0 0 0
-0.513 1.363 0.013 0 0 0
-14.788 -11.538 0.013 0 0 0
-2.863 -0.288 -0.238 0 0 0
-3.463 1.388 -0.138 0 0 0
0.913 0.638 0.213 0 0 0
0.062 0.588 -0.338 0 0 0
-1.012 -0.763 -1.012 0 0 0
0.213 0.562 0.312 0 0 0
-0.138 0.588 -0.088 0 0 0
-7.488 10.213 1.513 0 0 0
-12.062 -9.788 0.013 0 0 0
-1.012 1.188 0.013 0 0 0
-3.088 4.088 -0.463 0 0 0
-7.938 7.062 8.037 0 0 0
-2.713 -7.613 5.038 0 0 0
-2.263 -0.213 -0.013 0 0 0
-3.338 0.812 0.138 0 0 0
-3.463 1.263 0.013 0 0 0
-11.113 5.788 7.763 0 0 0
-6.312 -10.938 0.013 0 0 0
-3.238 -1.113 -1.113 0 0 0
-0.513 -1.088 0.013 0 0 0
-3.463 0.338 2.963 0 0 0
0.488 -0.138 -1.463 0 0 0
-3.238 -2.087 0.013 0 0 0
0.138 0.562 0.713 0 0 0
-1.137 -9.287 0.013 0 0 0
2.913 -7.238 6.088 0 0 0
-2.812 -0.062 -0.863 0 0 0
0.663 0.988 -0.163 0 0 0
-3.338 0.113 0.688 0 0 0
3.913 -2.588 1.388 0 0 0
3.938 3.463 4.863 0 0 0
-3.863 -2.413 0.288 0 0 0
0.062 -0.138 -1.463 0 0 0
-0.038 -0.238 0.062 0 0 0
-0.013 -0.238 0.062 0 0 0
-1.137 1.363 0.013 0 0 0
-1.413 -1.338 -1.038 0 0 0
-2.838 -0.213 -2.638 0 0 0
0.363 -0.488 -0.062 0 0 0
0.613 -1.863 -1.062 0 0 0
-1.263 1.263 0.013 0 0 0
0.938 0.363 0.363 0 0 0
-2.212 7.013 7.913 0 0 0
-21.138 -0.738 6.713 0 0 0
-2.163 -0.763 -1.062 0 0 0
-2.838 -0.738 -1.088 0 0 0
3.963 -1.838 -0.788 0 0 0
-9.263 -10.288 0.013 0 0 0
-2.212 -0.238 -0.288 0 0 0
0.312 0.488 0.463 0 0 0
-3.038 -1.763 -0.863 0 0 0
0.463 -0.463 -0.288 0 0 0
-17.062 7.113 8.162 0 0 0
0.537 -0.288 -0.288 0 0 0
2.238 5.713 8.013 0 0 0
-0.738 -0.238 -2.413 0 0 0
-2.013 6.312 8.213 0 0 0
-0.963 1.463 0.013 0 0 0
0.613 -1.113 -1.062 0 0 0
-3.388 -0.688 0.188 0 0 0
3.863 -2.838 -0.788 0 0 0
-8.713 7.863 7.788 0 0 0
-5.613 8.013 5.863 0 0 0
-3.312 -0.213 -0.312 0 0 0
-4.338 -9.287 0.013 0 0 0
-2.113 7.163 6.938 0 0 0
3.538 -6.763 3.938 0 0 0
-0.613 -0.763 -0.988 0 0 0
-7.138 -2.038 -0.113 0 0 0
-22.413 3.863 4.338 0 0 0
0.713 -0.062 -0.513 0 0 0
-9.238 -7.188 1.838 0 0 0
-2.513 -0.238 -0.413 0 0 0
4.237 5.788 6.288 0 0 0
-3.463 0.238 1.988 0 0 0
-1.163 1.312 0.013 0 0 0
4.213 3.688 3.488 0 0 0
-4.737 -17.637 0.013 0 0 0
-10.538 5.812 7.438 0 0 0
2.513 5.963 8.037 0 0 0
-3.513 0.163 1.338 0 0 0
0.138 -0.263 -0.013 0 0 0
0.138 -0.263 -0.038 0 0 0
-1.812 1.463 0.013 0 0 0
-1.038 -0.763 -0.988 0 0 0
-3.312 0.838 -0.062 0 0 0
3.538 0.638 6.913 0 0 0
-3.263 2.263 0.863 0 0 0
-7.488 -10.288 0.013 0 0 0
-0.613 0.913 0.688 0 0 0
3.713 7.213 0.663 0 0 0
-1.763 -1.838 -1.012 0 0 0
-4.963 -10.188 0.013 0 0 0
0.188 0.562 0.613 0 0 0
-3.613 -0.812 -1.188 0 0 0
0.338 -0.138 -1.312 0 0 0
0.363 0.038 0.388 0 0 0
3.938 -1.963 1.188 0 0 0
-16.788 1.163 9.588 0 0 0
-3.113 0.163 -0.038 0 0 0
-3.113 0.163 -0.013 0 0 0
-2.388 -1.713 -0.913 0 0 0
-3.413 8.088 7.013 0 0 0
-2.188 -0.638 0.013 0 0 0
-13.538 9.388 1.438 0 0 0
-10.713 -11.488 0.013 0 0 0
-0.663 -1.113 -1.062 0 0 0
0.537 -0.213 -0.263 0 0 0
4.312 6.888 1.588 0 0 0
4.088 -9.188 0.013 0 0 0
-2.013 1.312 0.013 0 0 0
-3.338 0.038 -0.062 0 0 0
-0.062 0.038 0.388 0 0 0
3.788 -3.363 0.562 0 0 0
-1.688 -0.888 -1.012 0 0 0
-1.913 1.213 0.013 0 0 0
-2.513 8.062 7.438 0 0 0
0.938 -0.588 -0.238 0 0 0
-1.663 -0.238 -2.538 0 0 0
-2.212 -1.438 0.013 0 0 0
-2.363 0.088 0.638 0 0 0
-2.538 -0.438 0.013 0 0 0
0.413 0.413 0.013 0 0 0
0.738 2.763 0.013 0 0 0
-1.763 5.763 7.988 0 0 0
-0.488 0.038 0.388 0 0 0
-1.663 -0.763 -0.988 0 0 0
-2.438 0.013 -0.113 0 0 0
3.888 -4.888 2.337 0 0 0
-1.788 -1.288 0.013 0 0 0
0.013 10.913 1.538 0 0 0
0.688 -0.312 -3.188 0 0 0
-2.562 -0.088 -0.113 0 0 0
-5.288 -9.537 0.013 0 0 0
0.088 -0.438 0.013 0 0 0
-2.613 -6.438 0.013 0 0 0
0.513 0.312 0.013 0 0 0
-2.238 -0.138 -1.638 0 0 0
3.113 0.913 9.613 0 0 0
-2.763 2.938 -0.513 0 0 0
-1.763 -7.562 5.163 0 0 0
-6.263 5.238 7.288 0 0 0
-1.938 0.138 1.188 0 0 0
-3.213 0.213 0.213 0 0 0
-2.212 -0.688 0.013 0 0 0
-5.738 12.113 7.312 0 0 0
1.088 -0.463 -0.338 0 0 0
-1.788 0.038 0.288 0 0 0
-13.338 1.088 9.263 0 0 0
0.513 -0.888 -1.012 0 0 0
-0.288 0.062 0.088 0 0 0
1.438 -0.788 9.312 0 0 0
-8.088 1.713 16.438 0 0 0
-3.338 -0.638 -0.013 0 0 0
-2.888 5.713 8.088 0 0 0
0.688 0.963 -0.113 0 0 0
-2.463 -9.238 0.013 0 0 0
1.113 1.838 -0.338 0 0 0
3.812 -0.213 -1.613 0 0 0
-2.363 0.138 1.188 0 0 0
-4.388 6.988 7.888 0 0 0
0.663 -0.463 -0.338 0 0 0
-2.288 -1.338 -1.012 0 0 0
-3.463 0.163 1.238 0 0 0
-1.488 -1.688 -1.088 0 0 0
-0.363 0.062 0.488 0 0 0
-9.188 1.738 16.413 0 0 0
4.088 -0.312 -2.638 0 0 0
-3.438 0.088 0.113 0 0 0
-6.288 -7.413 1.388 0 0 0
-3.113 6.013 7.812 0 0 0
-1.688 -0.812 -0.988 0 0 0
-3.338 -0.062 -1.038 0 0 0
4.188 3.113 3.913 0 0 0
-2.463 -0.013 -0.113 0 0 0
-2.463 -0.038 -0.113 0 0 0
-0.812 -0.988 -1.062 0 0 0
4.163 5.213 4.688 0 0 0
0.213 0.038 0.537 0 0 0
-3.288 0.338 -0.138 0 0 0
-7.963 6.713 7.738 0 0 0
0.188 -0.388 0.013 0 0 0
-7.913 -10.513 0.013 0 0 0
-2.812 -0.763 -1.038 0 0 0
-2.588 -1.788 -0.888 0 0 0
-8.037 9.988 2.363 0 0 0
-13.663 9.488 1.463 0 0 0
0.263 0.838 0.038 0 0 0
3.812 -3.188 -0.062 0 0 0
-8.013 -0.763 9.138 0 0 0
-3.338 0.288 0.363 0 0 0
-1.763 -1.413 -0.188 0 0 0
0.388 1.263 0.013 0 0 0
-3.363 0.312 0.263 0 0 0
-8.238 5.263 0.938 0 0 0
-5.713 -11.238 0.013 0 0 0
-3.188 -11.138 0.013 0 0 0
-7.913 -9.763 0.013 0 0 0
-3.312 0.688 0.488 0 0 0
-5.062 6.338 7.888 0 0 0
-3.338 1.613 0.638 0 0 0
-9.863 16.387 7.038 0 0 0
-3.312 1.137 0.913 0 0 0
0.638 -0.363 -3.538 0 0 0
-11.938 7.938 6.438 0 0 0
0.513 -0.812 -0.988 0 0 0
-10.613 -0.788 8.162 0 0 0
0.788 1.913 0.062 0 0 0
-2.188 -1.413 -0.188 0 0 0
-0.038 1.263 0.013 0 0 0
-0.013 1.263 0.013 0 0 0
-11.263 7.088 8.513 0 0 0
-3.312 0.562 0.638 0 0 0
-10.938 -7.338 3.388 0 0 0
3.888 -3.238 1.062 0 0 0
-3.338 1.488 0.788 0 0 0
-0.913 2.113 -1.062 0 0 0
-3.588 1.663 0.013 0 0 0
-0.963 -1.312 -1.038 0 0 0
-3.638 2.138 -1.038 0 0 0
-1.812 5.938 7.763 0 0 0
-0.263 -1.188 0.013 0 0 0
0.088 -0.812 -0.988 0 0 0
-1.888 0.138 1.088 0 0 0
-3.263 0.062 0.013 0 0 0
1.538 -7.713 3.812 0 0 0
-1.562 -1.088 -1.062 0 0 0
-2.488 4.688 -0.062 0 0 0
-2.863 -0.788 -1.137 0 0 0
4.013 2.363 3.338 0 0 0
0.913 -0.438 -0.288 0 0 0
-4.038 -7.363 4.237 0 0 0
-3.863 1.562 -0.888 0 0 0
-2.463 -2.038 -0.963 0 0 0
-2.913 5.963 7.738 0 0 0
-0.062 0.013 0.188 0 0 0
-2.212 -0.312 -0.312 0 0 0
-0.338 -0.812 -0.988 0 0 0
-3.688 -2.388 0.263 0 0 0
3.788 -3.388 0.363 0 0 0
0.738 -0.013 0.088 0 0 0
-0.888 1.263 0.013 0 0 0
0.363 -0.138 -1.338 0 0 0
-3.213 -10.463 0.013 0 0 0
-3.513 -7.238 5.788 0 0 0
2.688 5.613 7.488 0 0 0
-0.088 -0.238 -0.213 0 0 0
-0.788 1.163 0.013 0 0 0
-0.738 0.088 0.788 0 0 0
3.562 -5.288 3.913 0 0 0
-3.312 0.013 -0.088 0 0 0
-1.363 1.738 -1.038 0 0 0
0.638 -0.038 -0.288 0 0 0
-2.838 -0.338 -0.463 0 0 0
-6.062 8.013 6.963 0 0 0
-2.838 4.038 -0.438 0 0 0
-2.463 0.088 0.463 0 0 0
-3.363 13.788 9.287 0 0 0
3.788 10.238 1.413 0 0 0
-2.413 -0.163 -0.062 0 0 0
1.638 -7.763 4.362 0 0 0
-12.113 -10.163 0.013 0 0 0
-9.738 5.988 8.088 0 0 0
-1.213 1.163 0.013 0 0 0
-3.338 0.363 -0.213 0 0 0
-0.238 -0.763 -0.988 0 0 0
-17.887 -11.163 0.013 0 0 0
-0.812 -0.163 -1.638 0 0 0
-0.788 1.738 -0.988 0 0 0
-3.363 1.312 0.688 0 0 0
3.713 -2.038 0.988 0 0 0
-11.138 1.088 9.588 0 0 0
-1.638 1.163 0.013 0 0 0
4.112 2.613 3.463 0 0 0
-11.812 12.113 7.088 0 0 0
-12.738 -11.062 0.013 0 0 0
-2.438 7.588 7.938 0 0 0
0.213 -0.288 0.088 0 0 0
-0.663 -0.763 -0.988 0 0 0
3.812 -2.062 -0.388 0 0 0
4.237 -5.238 0.013 0 0 0
-1.463 7.588 7.963 0 0 0
-1.713 1.713 0.013 0 0 0
-2.312 0.038 0.113 0 0 0
3.938 2.013 0.013 0 0 0
-1.663 -1.588 -1.012 0 0 0
0.562 -0.613 -0.688 0 0 0
-3.213 -0.088 -1.363 0 0 0
-12.312 10.812 9.037 0 0 0
0.838 0.062 0.638 0 0 0
-0.363 -0.988 -1.088 0 0 0
-3.288 1.688 1.088 0 0 0
-14.812 1.688 15.213 0 0 0
3.763 -3.263 0.238 0 0 0
2.663 -0.788 9.312 0 0 0
-2.863 -0.363 -0.312 0 0 0
-0.312 0.163 0.213 0 0 0
0.113 0.013 -0.038 0 0 0
-3.238 0.288 -0.062 0 0 0
-1.288 3.038 -0.988 0 0 0
-15.888 1.488 13.213 0 0 0
-12.013 8.013 6.488 0 0 0
-3.863 2.562 -0.463 0 0 0
0.013 10.838 1.513 0 0 0
3.688 -9.138 0.013 0 0 0
0.713 -7.438 6.163 0 0 0
-8.988 -7.238 1.863 0 0 0
-1.838 -1.438 0.013 0 0 0
0.363 -0.312 -0.263 0 0 0
-5.713 7.088 8.438 0 0 0
-7.812 -9.312 0.013 0 0 0
-0.338 -1.413 -0.188 0 0 0
3.413 -7.113 6.013 0 0 0
0.013 0.463 0.088 0 0 0
-6.763 1.113 10.312 0 0 0
0.838 -0.088 -0.888 0 0 0
3.938 -0.413 5.038 0 0 0
-0.113 -0.238 0.088 0 0 0
-2.738 -0.113 -1.413 0 0 0
-7.913 8.113 7.338 0 0 0
-16.387 1.638 14.613 0 0 0
-9.338 7.013 8.412 0 0 0
-2.913 -0.213 -2.613 0 0 0
-10.338 -8.662 0.013 0 0 0
-3.288 -0.488 -0.163 0 0 0
-0.763 -1.413 -0.188 0 0 0
-1.763 -0.312 -3.463 0 0 0
-1.488 5.788 8.013 0 0 0
0.713 2.312 0.013 0 0 0
-1.913 -2.638 -0.888 0 0 0
-5.213 6.263 7.812 0 0 0
-2.238 1.463 0.013 0 0 0
0.488 1.263 -1.012 0 0 0
-14.763 -7.838 -0.812 0 0 0
0.013 0.638 0.488 0 0 0
-3.263 -0.088 -0.013 0 0 0
-1.913 -0.738 -1.012 0 0 0
-3.263 3.263 -0.038 0 0 0
3.062 7.413 2.562 0 0 0
-2.888 1.163 -0.413 0 0 0
0.413 -0.088 -0.888 0 0 0
0.638 2.238 -0.738 0 0 0
0.463 0.312 0.013 0 0 0
4.112 2.238 3.138 0 0 0
-3.062 4.038 0.113 0 0 0
-2.888 -0.863 -0.138 0 0 0
-1.863 -1.513 0.013 0 0 0
4.088 3.738 3.638 0 0 0
-3.088 0.713 0.013 0 0 0
-2.663 1.463 0.013 0 0 0
-3.288 1.763 1.113 0 0 0
4.237 4.938 6.062 0 0 0
0.288 2.312 0.013 0 0 0
0.363 -0.163 -1.538 0 0 0
-3.613 7.213 7.913 0 0 0
-5.013 -9.812 0.013 0 0 0
-1.713 -7.663 5.163 0 0 0
-2.337 -0.738 -1.012 0 0 0
4.163 5.438 4.913 0 0 0
0.838 -0.038 -0.338 0 0 0
-0.913 -0.213 -2.363 0 0 0
-2.763 -0.213 -2.562 0 0 0
-3.638 1.738 -0.963 0 0 0
0.738 -0.613 -0.238 0 0 0
-3.338 1.538 0.613 0 0 0
-3.338 0.513 0.588 0 0 0
-2.463 0.062 0.263 0 0 0
-3.562 2.688 0.238 0 0 0
-0.062 -0.163 -1.538 0 0 0
-6.213 -0.763 9.113 0 0 0
-5.438 -9.812 0.013 0 0 0
-5.013 -9.062 0.013 0 0 0
0.588 -1.012 -0.988 0 0 0
-2.488 4.438 -0.488 0 0 0
0.763 -0.013 0.062 0 0 0
-0.263 -0.113 -0.138 0 0 0
-2.663 4.413 0.138 0 0 0
-2.988 -1.738 -0.888 0 0 0
-16.663 -8.863 0.013 0 0 0
-3.263 -0.463 0.238 0 0 0
0.537 5.863 7.213 0 0 0
0.088 6.213 7.688 0 0 0
-1.137 -0.738 -1.062 0 0 0
-1.738 -0.038 -0.588 0 0 0
-14.488 5.638 7.562 0 0 0
-0.638 0.838 0.363 0 0 0
0.288 0.038 0.413 0 0 0
4.038 3.713 3.538 0 0 0
-4.413 10.312 1.488 0 0 0
-3.263 -2.087 -0.888 0 0 0
-2.738 -1.763 -0.863 0 0 0
-14.562 -8.763 0.013 0 0 0
0.913 -0.513 -0.312 0 0 0
0.888 0.562 0.438 0 0 0
-0.613 0.113 1.012 0 0 0
0.713 0.088 0.963 0 0 0
0.088 0.738 -0.488 0 0 0
4.213 3.538 4.713 0 0 0
3.838 -2.463 1.988 0 0 0
-3.388 2.062 0.388 0 0 0
-2.238 0.113 0.812 0 0 0
-2.713 -0.163 -0.238 0 0 0
-3.113 7.988 5.788 0 0 0
0.888 0.438 0.588 0 0 0
0.763 0.888 0.463 0 0 0
-11.038 1.788 16.838 0 0 0
-4.013 9.988 2.663 0 0 0
-1.463 -0.838 -1.062 0 0 0
-0.488 0.113 1.163 0 0 0
-5.913 16.137 6.188 0 0 0
-3.513 -0.838 -1.012 0 0 0
-3.238 -0.013 -0.513 0 0 0
-1.538 -2.188 -0.938 0 0 0
-1.238 -0.988 -1.062 0 0 0
-2.488 0.138 0.188 0 0 0
0.513 -0.238 0.038 0 0 0
-2.963 -0.163 -2.013 0 0 0
-0.763 1.438 -1.038 0 0 0
0.913 0.537 -0.062 0 0 0
1.038 9.938 3.038 0 0 0
-1.638 7.138 8.438 0 0 0
-0.588 -0.938 0.013 0 0 0
3.963 -3.363 1.763 0 0 0
-1.663 0.062 0.463 0 0 0
-2.838 1.038 -0.363 0 0 0
0.688 1.137 -0.312 0 0 0
-1.888 -0.838 -1.062 0 0 0
-2.638 -0.088 -0.088 0 0 0
-3.413 1.263 0.388 0 0 0
-7.463 -7.463 4.562 0 0 0
-3.338 -0.163 0.013 0 0 0
4.163 -0.213 -1.588 0 0 0
-3.238 1.588 0.013 0 0 0
0.188 -0.138 -1.488 0 0 0
-2.013 0.138 1.213 0 0 0
0.913 0.413 0.088 0 0 0
0.088 -0.238 0.038 0 0 0
-3.312 0.238 0.138 0 0 0
-0.363 0.238 0.288 0 0 0
4.088 -0.288 -2.337 0 0 0
-1.812 11.288 7.413 0 0 0
4.163 3.038 4.188 0 0 0
-0.062 0.088 -1.113 0 0 0
-8.388 7.138 7.238 0 0 0
3.213 6.038 7.888 0 0 0
4.138 3.062 4.088 0 0 0
-7.713 8.113 6.613 0 0 0
-0.613 1.588 0.013 0 0 0
-1.738 -0.138 -1.562 0 0 0
0.812 -1.663 -1.088 0 0 0
-4.062 16.188 6.938 0 0 0
-3.038 -1.413 -0.113 0 0 0
-8.138 5.812 8.138 0 0 0
-1.913 1.713 -1.062 0 0 0
-0.062 -1.062 -0.988 0 0 0
0.588 -0.463 -0.312 0 0 0
3.863 -3.663 0.613 0 0 0
0.413 0.513 0.338 0 0 0
0.013 -0.888 -0.988 0 0 0
-1.388 -1.312 -1.038 0 0 0
-1.812 7.913 5.738 0 0 0
3.812 5.988 8.312 0 0 0
1.938 -0.788 9.388 0 0 0
4.138 4.438 5.513 0 0 0
-3.312 0.413 0.537 0 0 0
0.413 -0.113 -1.088 0 0 0
0.988 -1.263 -0.312 0 0 0
-1.038 1.588 0.013 0 0 0
-1.363 7.038 6.812 0 0 0
-7.138 7.113 8.062 0 0 0
-19.363 4.863 4.062 0 0 0
-0.238 -0.213 -0.188 0 0 0
-4.188 -7.312 4.213 0 0 0
-3.312 0.863 0.288 0 0 0
0.338 -1.137 -0.988 0 0 0
-2.212 -1.213 -1.088 0 0 0
-0.688 0.438 0.537 0 0 0
-5.738 -7.388 4.913 0 0 0
-5.113 6.013 7.763 0 0 0
3.788 6.288 2.163 0 0 0
-2.963 4.038 -0.312 0 0 0
3.463 0.588 6.513 0 0 0
-3.338 0.638 0.562 0 0 0
4.138 5.013 4.513 0 0 0
-1.312 1.263 0.013 0 0 0
0.338 -0.388 -0.312 0 0 0
-1.238 1.438 0.013 0 0 0
-2.212 -1.338 -0.938 0 0 0
4.388 5.812 8.113 0 0 0
0.938 0.438 0.488 0 0 0
0.537 0.062 -0.812 0 0 0
0.562 0.113 1.113 0 0 0
-2.263 -0.238 -0.288 0 0 0
-0.913 -0.763 -1.012 0 0 0
-9.213 -7.163 1.838 0 0 0
-1.263 5.838 8.088 0 0 0
0.913 -0.138 -1.312 0 0 0
0.413 -0.788 -1.062 0 0 0
-2.013 0.038 0.238 0 0 0
-22.363 3.263 4.438 0 0 0
-7.513 1.812 17.562 0 0 0
0.288 -0.288 -0.038 0 0 0
-2.438 0.163 0.088 0 0 0
-0.388 5.688 8.013 0 0 0
-1.062 5.713 7.988 0 0 0
-1.113 1.713 -1.012 0 0 0
-0.913 1.188 0.013 0 0 0
-1.812 -1.713 -0.913 0 0 0
-4.688 -7.288 5.763 0 0 0
-3.088 0.013 -0.163 0 0 0
-10.338 5.888 7.562 0 0 0
-1.263 -0.138 -1.663 0 0 0
-3.312 -2.913 -0.588 0 0 0
0.288 0.013 0.213 0 0 0
0.088 0.588 0.062 0 0 0
3.213 -0.613 7.663 0 0 0
-9.688 -18.238 0.013 0 0 0
0.913 0.663 0.513 0 0 0
-3.263 -0.038 -0.213 0 0 0
-1.562 1.338 0.013 0 0 0
0.638 -0.238 -2.212 0 0 0
3.562 6.363 7.812 0 0 0
-1.738 3.738 -1.038 0 0 0
0.062 0.038 0.363 0 0 0
-0.688 7.088 6.863 0 0 0
4.013 -9.037 0.013 0 0 0
-2.838 -0.038 -0.812 0 0 0
1.012 1.513 -1.012 0 0 0
-6.913 -2.113 0.013 0 0 0
0.513 1.463 -0.688 0 0 0
-3.288 -0.263 0.062 0 0 0
-1.988 1.338 0.013 0 0 0
1.213 -0.238 -2.163 0 0 0
3.688 3.213 0.013 0 0 0
-2.438 2.638 -1.038 0 0 0
-1.463 -9.263 0.013 0 0 0
3.788 1.763 0.013 0 0 0
-3.163 4.688 0.312 0 0 0
-0.863 -1.213 -1.088 0 0 0
0.338 -0.312 -0.288 0 0 0
-4.513 -9.263 0.013 0 0 0
-8.863 1.113 10.088 0 0 0
-10.713 1.113 9.888 0 0 0
0.238 -0.338 -0.138 0 0 0
-4.237 1.038 9.913 0 0 0
4.163 3.913 5.438 0 0 0
-2.113 -0.138 -1.663 0 0 0
0.288 0.062 0.763 0 0 0
0.413 1.463 -0.388 0 0 0
-8.037 -7.388 1.388 0 0 0
3.913 -6.488 2.087 0 0 0
-2.188 0.013 -0.263 0 0 0
-0.938 -1.688 -1.113 0 0 0
-1.963 -0.763 -1.012 0 0 0
4.188 -8.213 0.013 0 0 0
0.738 -0.688 -0.263 0 0 0
0.713 -0.088 -0.763 0 0 0
-5.038 -17.562 0.013 0 0 0
-3.388 0.038 -0.062 0 0 0
-3.363 0.463 0.463 0 0 0
-4.663 1.038 9.913 0 0 0
-5.113 15.988 7.188 0 0 0
-1.388 7.062 6.838 0 0 0
0.812 -0.488 -0.263 0 0 0
-1.963 1.188 0.013 0 0 0
-4.013 -7.413 4.812 0 0 0
0.388 0.663 -0.388 0 0 0
0.812 1.413 -0.388 0 0 0
-4.938 -11.113 0.013 0 0 0
0.663 -0.738 -1.012 0 0 0
-2.312 -9.263 0.013 0 0 0
3.488 0.688 7.463 0 0 0
0.812 0.838 0.013 0 0 0
-3.488 3.113 0.463 0 0 0
3.788 -2.263 0.038 0 0 0
-3.038 8.113 7.038 0 0 0
-0.763 -2.038 -0.938 0 0 0
3.988 -4.388 1.438 0 0 0
-6.213 1.738 16.913 0 0 0
-1.963 0.038 0.138 0 0 0
3.988 -0.263 3.113 0 0 0
-3.388 1.812 -0.013 0 0 0
-14.113 15.213 5.888 0 0 0
0.963 -0.713 -1.012 0 0 0
4.213 5.863 8.162 0 0 0
-2.613 -0.113 -0.113 0 0 0
0.312 0.638 0.013 0 0 0
-2.188 0.062 0.288 0 0 0
-2.838 -0.537 -0.388 0 0 0
0.413 2.388 0.013 0 0 0
0.113 -0.263 0.013 0 0 0
-3.188 0.988 0.488 0 0 0
0.812 1.588 0.013 0 0 0
-5.338 -7.338 5.763 0 0 0
-9.088 -7.438 4.438 0 0 0
0.463 -0.888 -1.012 0 0 0
-6.562 -2.663 0.088 0 0 0
0.537 -0.713 -1.012 0 0 0
-0.088 0.613 0.113 0 0 0
0.638 -1.137 -0.988 0 0 0
-14.013 1.688 15.413 0 0 0
-2.212 1.288 0.013 0 0 0
0.312 1.388 0.013 0 0 0
4.312 4.638 5.088 0 0 0
3.988 -2.312 1.713 0 0 0
0.913 0.588 -0.238 0 0 0
-4.013 11.213 7.388 0 0 0
-6.513 1.738 16.788 0 0 0
-3.688 -2.863 -0.288 0 0 0
1.062 -7.438 6.188 0 0 0
0.388 1.588 0.013 0 0 0
-0.988 1.513 -1.062 0 0 0
-1.812 0.038 0.188 0 0 0
0.413 0.388 -0.238 0 0 0
3.413 -7.562 4.388 0 0 0
-8.537 5.263 0.913 0 0 0
0.913 0.463 -0.088 0 0 0
-9.138 -7.288 1.388 0 0 0
-3.312 0.288 -0.013 0 0 0
-2.638 1.288 0.013 0 0 0
-0.388 0.188 0.238 0 0 0
-8.537 -0.763 8.113 0 0 0
3.838 -3.713 1.088 0 0 0
0.013 -0.513 0.013 0 0 0
3.913 -2.538 -0.013 0 0 0
0.913 0.763 0.163 0 0 0
0.213 -0.812 -1.012 0 0 0
-11.913 15.938 6.163 0 0 0
0.588 -1.288 -0.338 0 0 0
-2.238 0.038 0.188 0 0 0
-1.288 -1.413 -1.088 0 0 0
4.163 3.838 4.688 0 0 0
-2.913 0.938 0.013 0 0 0
-3.062 1.288 0.013 0 0 0
0.913 0.638 0.312 0 0 0
-3.312 0.463 0.363 0 0 0
0.562 -7.688 3.013 0 0 0
-5.788 -9.613 0.013 0 0 0
0.363 -0.388 -0.338 0 0 0
-8.938 -0.763 8.213 0 0 0
-0.388 11.363 7.438 0 0 0
-3.188 -0.438 -0.763 0 0 0
-2.738 -10.213 0.013 0 0 0
-3.338 -0.062 0.388 0 0 0
-10.888 6.788 7.738 0 0 0
-19.088 4.538 3.763 0 0 0
-0.438 1.288 0.013 0 0 0
-0.888 -0.763 -1.038 0 0 0
-1.562 7.088 6.888 0 0 0
-0.263 -0.263 -0.238 0 0 0
-1.713 -1.413 -1.088 0 0 0
-3.312 0.338 0.513 0 0 0
-2.913 1.688 0.013 0 0 0
-3.363 0.838 0.138 0 0 0
0.488 -0.138 -1.363 0 0 0
-1.463 -7.363 5.988 0 0 0
3.913 -1.438 1.363 0 0 0
-0.488 0.938 0.537 0 0 0
-4.062 -7.213 5.738 0 0 0
-11.513 6.338 8.238 0 0 0
3.638 -5.613 4.812 0 0 0
-1.012 -1.312 -1.038 0 0 0
0.988 -2.087 -0.938 0 0 0
-0.863 1.288 0.013 0 0 0
-3.263 -0.163 -0.113 0 0 0
-3.363 0.713 0.288 0 0 0
-6.938 -2.238 -0.138 0 0 0
-2.212 -0.413 -0.588 0 0 0
0.913 -0.088 -0.812 0 0 0
-5.113 1.038 9.938 0 0 0
-1.613 -1.088 -1.062 0 0 0
-0.638 1.137 0.013 0 0 0
-0.312 7.062 7.713 0 0 0
4.213 6.188 6.013 0 0 0
-20.788 -7.988 0.013 0 0 0
4.188 2.963 3.812 0 0 0
-3.312 -1.713 -0.888 0 0 0
0.413 -0.388 -3.788 0 0 0
0.338 -0.463 -0.338 0 0 0
1.913 5.988 7.838 0 0 0
-0.312 -1.062 -1.012 0 0 0
-3.388 0.163 -0.088 0 0 0
-3.263 -0.288 0.038 0 0 0
-2.838 -0.213 -2.538 0 0 0
3.738 -6.213 3.163 0 0 0
0.938 0.363 0.463 0 0 0
-9.138 1.038 9.388 0 0 0
4.263 3.288 3.588 0 0 0
0.488 -0.088 -0.812 0 0 0
0.663 -1.638 -1.062 0 0 0
-2.388 -0.138 -0.062 0 0 0
-0.338 -0.113 -0.113 0 0 0
-9.062 -10.438 0.013 0 0 0
-6.338 -9.412 0.013 0 0 0
-3.088 4.588 -0.062 0 0 0
-2.312 5.688 8.037 0 0 0
-12.338 5.588 7.812 0 0 0
0.288 0.513 0.463 0 0 0
1.463 -7.812 3.062 0 0 0
-6.788 5.863 7.963 0 0 0
-3.263 -0.562 0.013 0 0 0
0.088 0.513 0.713 0 0 0
-4.938 5.888 8.162 0 0 0
-2.337 0.138 0.988 0 0 0
-13.088 12.113 7.038 0 0 0
-5.888 5.988 7.488 0 0 0
0.863 1.938 -0.013 0 0 0
0.888 1.438 -0.913 0 0 0
-3.213 0.988 -0.088 0 0 0
-2.087 -1.388 -0.188 0 0 0
-1.538 -1.588 -1.038 0 0 0
-3.288 0.238 0.312 0 0 0
-5.663 6.713 8.013 0 0 0
2.013 7.312 2.337 0 0 0
-2.963 6.288 7.788 0 0 0
-12.188 -8.537 0.013 0 0 0
-0.663 -0.138 -1.488 0 0 0
-2.062 0.038 -0.013 0 0 0
0.463 0.113 -1.188 0 0 0
-9.513 -7.138 5.413 0 0 0
3.613 -7.263 5.113 0 0 0
-0.413 -0.888 -0.988 0 0 0
-6.413 -7.363 4.888 0 0 0
-1.038 -0.238 -2.438 0 0 0
-1.938 -3.488 -0.812 0 0 0
4.013 2.113 0.263 0 0 0
-9.588 -11.438 0.013 0 0 0
3.688 -0.263 3.463 0 0 0
-0.238 8.037 7.788 0 0 0
-3.138 12.513 7.638 0 0 0
-2.562 5.788 8.037 0 0 0
-3.413 1.438 0.188 0 0 0
0.038 0.613 0.463 0 0 0
-12.138 12.688 9.688 0 0 0
0.413 -0.513 -0.288 0 0 0
-2.312 -0.062 -0.163 0 0 0
0.888 0.638 0.613 0 0 0
-2.488 0.038 -0.013 0 0 0
-4.812 7.338 7.562 0 0 0
-0.963 2.538 0.013 0 0 0
4.237 -7.363 0.013 0 0 0
-3.312 0.413 -0.062 0 0 0
-3.788 1.613 -0.988 0 0 0
-3.438 -0.888 -0.738 0 0 0
4.112 2.688 3.588 0 0 0
-3.113 0.163 0.062 0 0 0
4.263 -5.062 0.013 0 0 0
4.088 -0.213 -1.562 0 0 0
-8.838 14.513 7.763 0 0 0
-2.238 -0.188 -2.087 0 0 0
-1.513 1.238 0.013 0 0 0
-3.138 1.062 -0.188 0 0 0
-0.938 -7.538 5.163 0 0 0
-0.062 0.038 0.488 0 0 0
1.288 3.938 5.413 0 0 0
4.112 2.863 3.988 0 0 0
-6.763 -0.788 8.513 0 0 0
-1.812 -0.138 -1.538 0 0 0
-0.812 -0.188 -1.888 0 0 0
-0.688 0.113 -1.238 0 0 0
0.537 -0.088 -0.913 0 0 0
4.013 3.613 4.888 0 0 0
-6.288 1.763 17.137 0 0 0
-0.363 -1.338 -1.062 0 0 0
-4.188 13.388 7.738 0 0 0
-3.263 0.138 0.863 0 0 0
4.188 2.763 3.213 0 0 0
-2.863 -0.713 -0.288 0 0 0
-0.013 0.588 -0.413 0 0 0
-0.038 0.588 -0.413 0 0 0
3.812 -2.238 -0.638 0 0 0
-1.638 6.363 8.238 0 0 0
0.938 -0.713 0.013 0 0 0
-1.812 -1.863 -1.012 0 0 0
-2.212 -0.738 -1.038 0 0 0
-0.562 8.113 7.513 0 0 0
-2.913 4.013 0.113 0 0 0
0.488 0.338 0.013 0 0 0
-2.788 2.963 -0.513 0 0 0
-2.288 -2.087 -0.913 0 0 0
-3.238 0.238 0.213 0 0 0
-1.038 -1.263 -0.463 0 0 0
-1.888 -1.312 -1.012 0 0 0
4.237 -8.312 0.013 0 0 0
0.488 -0.238 -0.263 0 0 0
4.013 -0.213 -1.763 0 0 0
-3.438 1.812 -0.312 0 0 0
0.388 -1.738 -1.163 0 0 0
-11.488 14.888 7.938 0 0 0
-1.913 5.713 7.463 0 0 0
-1.288 -0.788 -0.988 0 0 0
1.488 -7.562 4.413 0 0 0
0.388 10.888 1.538 0 0 0
-2.238 0.088 0.013 0 0 0
-5.663 5.638 7.562 0 0 0
0.713 0.938 0.013 0 0 0
0.562 1.288 0.013 0 0 0
-0.088 0.713 0.488 0 0 0
-9.663 6.938 7.913 0 0 0
-12.562 5.838 7.388 0 0 0
0.688 2.738 0.013 0 0 0
0.288 0.488 0.263 0 0 0
0.213 -0.888 -1.038 0 0 0
0.213 0.613 0.238 0 0 0
0.913 2.013 0.413 0 0 0
-2.663 0.088 0.013 0 0 0
-2.738 -1.312 -1.012 0 0 0
3.812 -3.188 0.038 0 0 0
3.913 -3.288 1.312 0 0 0
-2.888 -0.338 -0.263 0 0 0
-3.288 0.788 -0.288 0 0 0
-2.538 1.538 0.013 0 0 0
-13.013 -7.312 4.038 0 0 0
-5.062 7.888 6.463 0 0 0
0.363 -0.463 -0.363 0 0 0
-22.288 4.013 5.788 0 0 0
-0.688 -0.788 9.338 0 0 0
0.838 0.088 0.938 0 0 0
-3.013 12.062 9.238 0 0 0
-0.588 0.838 0.738 0 0 0
-0.213 -0.888 -1.038 0 0 0
-3.363 0.312 0.363 0 0 0
0.388 0.838 0.013 0 0 0
-3.138 -1.338 -0.913 0 0 0
-2.763 -0.088 -1.288 0 0 0
-0.363 0.113 1.137 0 0 0
-3.438 12.588 7.688 0 0 0
0.113 0.038 0.263 0 0 0
-16.713 -8.888 0.013 0 0 0
-5.863 -7.588 3.838 0 0 0
-3.638 -1.088 -1.088 0 0 0
-14.013 -9.438 0.013 0 0 0
0.688 -1.338 -1.113 0 0 0
0.488 -0.788 -0.988 0 0 0
-3.363 1.638 -0.013 0 0 0
-9.213 5.938 7.938 0 0 0
0.713 -0.938 -0.988 0 0 0
-1.838 -1.012 -1.088 0 0 0
0.062 -0.613 0.013 0 0 0
-14.363 -0.788 9.238 0 0 0
-3.188 -0.088 -1.288 0 0 0
0.113 -0.713 -1.012 0 0 0
-4.288 -0.763 8.662 0 0 0
-1.538 -0.988 -1.088 0 0 0
3.688 -5.463 4.688 0 0 0
0.562 -0.138 -1.238 0 0 0
0.138 0.613 0.038 0 0 0
0.062 -0.788 -0.988 0 0 0
-4.538 1.062 10.088 0 0 0
0.588 1.713 -0.988 0 0 0
0.038 -0.263 -0.113 0 0 0
3.812 4.338 1.588 0 0 0
-0.038 -0.763 9.138 0 0 0
-0.062 -0.288 0.038 0 0 0
-2.988 0.738 0.013 0 0 0
-18.387 10.463 5.488 0 0 0
-0.038 1.588 0.013 0 0 0
0.812 1.888 -0.338 0 0 0
-0.062 0.588 -0.113 0 0 0
3.863 -3.863 2.763 0 0 0
0.088 0.562 0.537 0 0 0
0.788 0.062 0.838 0 0 0
-0.838 -0.888 -1.038 0 0 0
-2.463 -0.188 -2.138 0 0 0
3.863 -0.213 -1.613 0 0 0
4.038 3.713 4.963 0 0 0
-3.388 2.288 0.013 0 0 0
4.288 4.413 5.588 0 0 0
0.888 0.513 0.713 0 0 0
-3.488 -0.088 -1.413 0 0 0
-4.288 -2.163 0.338 0 0 0
0.062 0.013 0.163 0 0 0
3.988 -3.613 1.738 0 0 0
-2.188 0.138 1.062 0 0 0
-3.163 0.988 9.638 0 0 0
-1.038 -0.188 -1.938 0 0 0
-2.812 -6.338 0.013 0 0 0
-3.088 0.163 0.038 0 0 0
-0.738 0.088 0.888 0 0 0
3.788 -0.663 7.788 0 0 0
-6.163 1.738 16.812 0 0 0
-3.312 0.013 0.013 0 0 0
-1.562 2.312 -1.088 0 0 0
-2.763 12.113 9.287 0 0 0
0.038 0.663 0.288 0 0 0
-0.613 0.088 0.763 0 0 0
-1.763 -0.763 -1.062 0 0 0
-0.713 6.263 8.088 0 0 0
-0.188 0.638 0.038 0 0 0
3.812 6.588 2.263 0 0 0
-3.113 1.663 0.013 0 0 0
-0.463 -1.038 -0.988 0 0 0
-3.013 -6.488 0.013 0 0 0
-11.938 6.338 8.238 0 0 0
-4.688 15.413 8.812 0 0 0
-5.088 6.013 8.037 0 0 0
-2.188 -0.238 -2.613 0 0 0
-1.413 3.188 0.013 0 0 0
-6.388 9.488 2.337 0 0 0
-9.788 16.238 7.288 0 0 0
4.013 2.438 3.463 0 0 0
-3.338 0.238 0.038 0 0 0
-3.088 -1.588 -1.113 0 0 0
-2.538 -0.163 -1.863 0 0 0
-0.413 0.088 -0.088 0 0 0
-1.663 1.738 -1.062 0 0 0
0.088 7.913 5.713 0 0 0
-2.113 0.062 0.363 0 0 0
-2.788 0.062 -0.812 0 0 0
-4.237 -0.763 -1.012 0 0 0
-2.188 0.113 -1.213 0 0 0
-2.988 5.713 8.013 0 0 0
-1.938 -0.013 -0.438 0 0 0
3.413 -0.463 5.738 0 0 0
-0.213 -0.163 0.038 0 0 0
-2.738 -0.138 -0.188 0 0 0
-2.613 -0.238 -2.613 0 0 0
-11.463 1.088 9.537 0 0 0
0.513 -0.388 -0.062 0 0 0
-2.763 3.263 -0.562 0 0 0
-10.763 5.938 8.062 0 0 0
-2.638 4.413 -0.062 0 0 0
-10.188 1.788 16.812 0 0 0
-1.088 1.738 -1.012 0 0 0
3.788 -3.188 -0.263 0 0 0
-2.613 0.113 -1.213 0 0 0
3.113 0.963 10.213 0 0 0
3.013 5.838 8.162 0 0 0
0.838 0.062 0.738 0 0 0
0.113 0.588 0.338 0 0 0
-1.113 -9.113 0.013 0 0 0
-3.738 1.513 0.013 0 0 0
0.113 -0.288 -0.188 0 0 0
-1.888 0.088 0.763 0 0 0
-1.738 0.038 0.263 0 0 0
-1.188 -0.213 -2.413 0 0 0
-3.038 6.413 8.513 0 0 0
0.013 0.113 -1.213 0 0 0
0.113 0.013 0.062 0 0 0
0.913 0.562 0.238 0 0 0
-3.238 0.288 0.038 0 0 0
-9.863 -9.188 0.013 0 0 0
3.763 -3.438 -0.663 0 0 0
-2.438 -0.062 -0.013 0 0 0
0.613 -0.288 -2.863 0 0 0
0.888 -0.863 0.013 0 0 0
-9.988 5.663 7.838 0 0 0
-9.537 5.938 8.113 0 0 0
3.588 0.513 5.513 0 0 0
4.112 -5.463 0.013 0 0 0
0.013 0.463 0.188 0 0 0
0.913 0.438 0.388 0 0 0
3.938 5.488 7.438 0 0 0
-0.463 0.113 0.963 0 0 0
-5.038 -0.788 9.363 0 0 0
-3.463 6.413 8.513 0 0 0
-0.413 0.113 -1.213 0 0 0
-6.413 15.863 7.113 0 0 0
-3.038 -1.588 -0.963 0 0 0
0.913 0.738 0.638 0 0 0
-3.038 2.788 -0.938 0 0 0
-1.263 2.613 0.013 0 0 0
-8.912 8.113 5.963 0 0 0
-1.913 -0.213 -2.463 0 0 0
-2.713 -2.163 -0.938 0 0 0
0.888 0.763 -0.138 0 0 0
-12.488 8.138 7.263 0 0 0
-3.838 16.062 7.238 0 0 0
-2.663 0.088 -1.312 0 0 0
-1.338 3.163 0.013 0 0 0
0.113 0.062 0.613 0 0 0
-0.838 0.113 -1.213 0 0 0
-9.188 5.913 7.913 0 0 0
0.413 -0.088 -0.788 0 0 0
0.438 0.338 -0.263 0 0 0
-4.913 -9.238 0.013 0 0 0
-1.538 2.263 0.013 0 0 0
-0.663 0.113 0.963 0 0 0
-2.138 -1.613 -1.012 0 0 0
0.888 0.638 0.013 0 0 0
0.463 3.238 0.013 0 0 0
-7.113 -10.938 0.013 0 0 0
-18.562 -9.863 0.013 0 0 0
-2.038 0.062 0.363 0 0 0
-2.263 -1.113 0.013 0 0 0
-1.863 -0.088 -1.263 0 0 0
-2.363 -2.613 -0.888 0 0 0
-1.763 3.163 0.013 0 0 0
4.188 -6.988 0.013 0 0 0
-3.413 0.188 1.363 0 0 0
-4.612 -9.037 0.013 0 0 0
-3.363 0.238 0.338 0 0 0
-2.438 -2.062 -0.888 0 0 0
4.088 3.038 4.288 0 0 0
-9.888 1.788 16.988 0 0 0
-13.413 -9.738 0.013 0 0 0
0.888 0.812 0.413 0 0 0
-4.838 -18.038 0.013 0 0 0
-1.113 -7.562 5.188 0 0 0
-2.288 1.413 0.013 0 0 0
-13.363 6.163 7.988 0 0 0
-3.338 0.088 0.588 0 0 0
0.663 2.288 0.013 0 0 0
4.112 3.788 5.062 0 0 0
0.763 0.838 0.013 0 0 0
-3.238 3.163 0.863 0 0 0
0.213 0.838 -0.138 0 0 0
-2.087 -0.288 0.013 0 0 0
-0.163 -0.138 -1.413 0 0 0
-2.788 1.238 0.013 0 0 0
4.263 4.138 3.913 0 0 0
-0.113 6.338 7.812 0 0 0
-0.088 -0.938 -0.288 0 0 0
0.338 -0.188 -0.288 0 0 0
-1.913 -0.312 -3.438 0 0 0
-2.212 -0.263 -0.388 0 0 0
-11.763 7.988 7.938 0 0 0
0.738 0.013 0.013 0 0 0
-19.012 5.038 3.888 0 0 0
4.112 2.312 3.263 0 0 0
3.963 5.188 0.688 0 0 0
3.863 -1.513 1.062 0 0 0
-4.788 -7.438 4.763 0 0 0
0.388 1.062 -0.363 0 0 0
-3.312 -0.688 -0.163 0 0 0
-0.788 7.938 5.738 0 0 0
3.588 0.438 4.763 0 0 0
-1.988 0.038 0.038 0 0 0
-1.163 -0.788 9.062 0 0 0
3.938 -0.238 -1.888 0 0 0
-5.562 -10.038 0.013 0 0 0
-5.138 -9.287 0.013 0 0 0
-0.963 1.263 -1.088 0 0 0
-2.238 -0.363 -0.338 0 0 0
0.288 -1.288 -0.363 0 0 0
0.513 0.913 0.013 0 0 0
0.688 0.388 -0.213 0 0 0
-0.763 -0.763 -1.062 0 0 0
-7.113 1.738 16.637 0 0 0
-6.463 -7.338 1.363 0 0 0
-2.163 11.938 9.138 0 0 0
-1.438 7.138 8.013 0 0 0
0.513 0.338 -0.263 0 0 0
3.738 5.888 8.113 0 0 0
-0.113 -0.288 -0.238 0 0 0
-3.363 -0.888 -0.663 0 0 0
-4.237 10.413 1.513 0 0 0
1.012 -7.913 4.413 0 0 0
-8.013 -9.213 0.013 0 0 0
-11.088 1.038 9.238 0 0 0
0.513 1.663 0.013 0 0 0
-1.763 -0.363 -3.788 0 0 0
-1.188 -0.763 -1.062 0 0 0
-9.162 12.088 7.163 0 0 0
0.938 1.963 0.188 0 0 0
0.312 0.763 0.013 0 0 0
1.038 -0.088 -0.838 0 0 0
-24.888 -8.562 0.013 0 0 0
3.588 0.488 5.312 0 0 0
-14.238 1.663 15.163 0 0 0
-3.312 0.812 -0.163 0 0 0
-15.763 1.638 14.588 0 0 0
0.013 1.463 0.013 0 0 0
0.913 0.413 0.188 0 0 0
-1.688 -0.062 -0.812 0 0 0
3.938 -0.188 -1.338 0 0 0
-3.562 -10.938 0.013 0 0 0
0.238 1.312 0.013 0 0 0
-3.638 0.338 2.913 0 0 0
0.338 -0.738 -1.012 0 0 0
0.413 -0.238 -0.238 0 0 0
-1.163 -2.212 -0.938 0 0 0
-6.488 -2.488 -0.163 0 0 0
-3.163 -1.838 0.013 0 0 0
-5.588 -10.088 0.013 0 0 0
0.213 -0.238 0.013 0 0 0
0.812 0.863 0.312 0 0 0
-3.263 -0.163 -2.038 0 0 0
-2.938 1.363 0.013 0 0 0
-0.413 1.463 0.013 0 0 0
-16.713 6.088 8.388 0 0 0
0.963 -1.263 -0.312 0 0 0
1.288 9.062 2.788 0 0 0
-2.713 1.213 0.013 0 0 0
-0.188 1.312 0.013 0 0 0
-0.088 -0.738 -1.012 0 0 0
-12.413 5.713 7.812 0 0 0
0.363 -0.438 -0.062 0 0 0
0.038 0.588 -0.338 0 0 0
-13.863 13.062 8.662 0 0 0
-3.288 1.888 1.188 0 0 0
-5.588 9.688 2.463 0 0 0
-2.312 1.812 -1.088 0 0 0
4.163 2.312 3.163 0 0 0
-3.463 3.113 0.263 0 0 0
-0.588 -0.913 -1.012 0 0 0
-3.138 1.213 0.013 0 0 0
-3.038 -0.838 -1.012 0 0 0
1.213 9.913 3.038 0 0 0
0.413 1.663 -0.963 0 0 0
-0.513 -0.738 -1.012 0 0 0
-2.212 1.713 -1.088 0 0 0
0.913 0.038 0.463 0 0 0
-0.288 -0.888 -1.012 0 0 0
3.238 0.838 8.912 0 0 0
-2.113 -0.463 -0.688 0 0 0
3.963 3.663 0.488 0 0 0
3.913 -0.463 5.613 0 0 0
-24.763 5.688 7.663 0 0 0
0.913 0.488 0.213 0 0 0
-0.363 -0.312 -0.338 0 0 0
-1.012 -0.913 -1.012 0 0 0
-3.562 1.213 0.013 0 0 0
-2.438 -0.138 -0.062 0 0 0
3.963 -0.312 3.688 0 0 0
-2.663 -1.188 -1.088 0 0 0
0.613 -1.338 -1.088 0 0 0
-2.013 -1.463 -0.938 0 0 0
-3.288 -10.788 0.013 0 0 0
4.163 3.562 4.737 0 0 0
0.638 -0.938 -0.963 0 0 0
-1.913 -3.463 -0.812 0 0 0
0.537 -0.062 -0.562 0 0 0
-3.388 0.163 1.338 0 0 0
4.213 6.788 2.562 0 0 0
-0.163 -0.163 -1.613 0 0 0
-0.938 1.213 0.013 0 0 0
-3.413 0.013 -0.363 0 0 0
-3.288 -0.438 -0.238 0 0 0
4.213 3.338 4.213 0 0 0
-11.938 1.763 16.312 0 0 0
-2.038 -1.113 -1.062 0 0 0
-1.263 -0.138 -1.562 0 0 0
3.938 -1.838 -0.788 0 0 0
-12.513 8.062 6.538 0 0 0
-3.263 -0.038 -0.113 0 0 0
0.913 0.663 0.613 0 0 0
0.188 -1.338 -1.088 0 0 0
-14.913 -11.663 0.013 0 0 0
-2.438 -1.463 -0.938 0 0 0
-12.213 -8.863 0.013 0 0 0
3.988 -0.188 -1.438 0 0 0
0.062 0.038 0.463 0 0 0
-16.913 1.688 15.088 0 0 0
-2.013 -1.288 -0.537 0 0 0
-2.638 7.538 7.888 0 0 0
-1.363 1.213 0.013 0 0 0
-11.838 -0.763 9.162 0 0 0
-2.163 -1.663 -1.062 0 0 0
-4.213 -10.988 0.013 0 0 0
-2.463 -1.113 -1.062 0 0 0
-1.688 -0.138 -1.562 0 0 0
-12.263 7.763 7.738 0 0 0
0.188 0.038 0.338 0 0 0
0.537 -0.613 -0.688 0 0 0
4.388 -9.838 0.013 0 0 0
-9.213 5.738 8.013 0 0 0
-14.988 6.763 7.738 0 0 0
-3.363 -0.588 0.312 0 0 0
0.888 0.413 0.488 0 0 0
-14.638 -6.638 4.163 0 0 0
-1.338 -1.312 -1.038 0 0 0
-2.538 -1.588 -1.088 0 0 0
-2.163 -1.788 -0.913 0 0 0
2.838 6.038 7.888 0 0 0
-2.413 0.013 -0.163 0 0 0
-2.188 -0.288 -0.413 0 0 0
-0.238 0.613 -0.062 0 0 0
-7.888 1.763 16.788 0 0 0
-2.888 -1.113 -1.062 0 0 0
-0.113 7.088 7.763 0 0 0
-0.238 0.038 0.338 0 0 0
-10.038 5.838 7.963 0 0 0
0.537 -0.438 -0.288 0 0 0
4.112 2.913 3.213 0 0 0
3.838 -4.487 2.312 0 0 0
-2.988 -0.088 -1.338 0 0 0
0.613 -0.238 -0.288 0 0 0
-0.713 -0.812 -0.988 0 0 0
-0.088 -0.312 -0.188 0 0 0
0.163 0.562 0.613 0 0 0
-3.363 1.488 0.588 0 0 0
0.338 -1.638 -1.062 0 0 0
-0.488 -0.938 -0.312 0 0 0
-2.838 5.963 7.913 0 0 0
-1.137 -0.338 -3.688 0 0 0
-0.963 5.788 7.888 0 0 0
4.237 -7.988 0.013 0 0 0
0.312 -0.163 -1.713 0 0 0
2.363 -7.713 3.013 0 0 0
-4.237 -11.038 0.013 0 0 0
-1.338 -1.263 -0.488 0 0 0
4.062 4.188 3.988 0 0 0
3.388 -3.038 0.238 0 0 0
-2.413 -0.138 -1.688 0 0 0
0.788 1.438 -0.388 0 0 0
0.138 0.013 0.238 0 0 0
0.488 -0.638 -0.788 0 0 0
3.738 -3.238 -0.363 0 0 0
-1.137 -0.812 -0.988 0 0 0
3.963 -4.362 1.438 0 0 0
-4.362 14.138 7.588 0 0 0
-2.538 -0.213 -0.263 0 0 0
-3.263 0.788 0.588 0 0 0
3.562 -7.513 4.362 0 0 0
-2.188 0.062 0.388 0 0 0
-2.838 -0.537 -0.288 0 0 0
0.938 0.388 0.163 0 0 0
-2.913 -1.888 -0.163 0 0 0
-1.588 1.163 0.013 0 0 0
-9.513 8.062 6.588 0 0 0
-4.112 -1.838 0.438 0 0 0
-3.388 0.088 0.588 0 0 0
1.488 -7.613 5.288 0 0 0
0.863 0.812 0.388 0 0 0
-3.338 8.062 5.863 0 0 0
-0.088 0.613 0.213 0 0 0
4.112 4.812 6.438 0 0 0
4.138 5.213 7.238 0 0 0
-16.538 7.188 8.213 0 0 0
-3.363 1.388 0.963 0 0 0
-1.763 0.113 0.938 0 0 0
-1.263 6.963 7.863 0 0 0
-2.013 1.163 0.013 0 0 0
0.688 0.613 0.013 0 0 0
-2.488 0.062 0.263 0 0 0
3.763 5.138 1.812 0 0 0
-3.038 -0.988 -1.062 0 0 0
-0.312 0.062 0.088 0 0 0
-2.038 -0.388 0.013 0 0 0
-0.062 -0.738 -1.038 0 0 0
-0.562 -0.338 -0.288 0 0 0
-2.663 1.312 0.013 0 0 0
-5.638 -7.513 4.737 0 0 0
-4.013 -0.812 -0.688 0 0 0
0.688 -0.138 -1.263 0 0 0
-8.238 5.688 7.963 0 0 0
-1.838 -0.113 -1.488 0 0 0
0.913 0.338 0.163 0 0 0
3.913 -2.488 1.213 0 0 0
3.738 -6.238 4.388 0 0 0
0.688 1.363 0.013 0 0 0
-2.513 -1.812 -0.913 0 0 0
3.738 -6.812 4.788 0 0 0
-2.463 -0.388 0.013 0 0 0
-10.963 5.713 7.988 0 0 0
-0.388 0.062 0.488 0 0 0
-0.488 -0.738 -1.038 0 0 0
3.838 -3.013 0.038 0 0 0
3.988 3.938 4.913 0 0 0
4.038 2.413 0.312 0 0 0
0.913 0.638 0.413 0 0 0
4.138 2.988 4.163 0 0 0
-4.188 6.263 8.287 0 0 0
0.213 0.562 0.513 0 0 0
0.363 -0.388 -0.238 0 0 0
-1.613 0.088 0.588 0 0 0
3.913 -5.488 2.613 0 0 0
-19.137 4.513 5.562 0 0 0
-1.738 -0.788 -1.088 0 0 0
0.413 1.012 0.013 0 0 0
0.163 -0.388 0.013 0 0 0
-4.312 16.288 6.238 0 0 0
0.263 1.363 0.013 0 0 0
0.588 -0.537 -0.238 0 0 0
-0.688 -1.312 -1.062 0 0 0
-16.637 -10.812 0.013 0 0 0
3.388 0.788 8.363 0 0 0
4.038 3.438 4.288 0 0 0
0.913 0.513 0.562 0 0 0
3.312 -9.138 0.013 0 0 0
-1.913 0.088 0.537 0 0 0
-4.612 6.263 8.287 0 0 0
-11.288 -9.812 0.013 0 0 0
-0.488 0.938 0.638 0 0 0
-6.812 9.763 2.388 0 0 0
-2.188 -0.613 -0.863 0 0 0
-11.488 -10.713 0.013 0 0 0
4.088 3.638 3.513 0 0 0
3.513 0.562 6.088 0 0 0
0.663 0.988 0.038 0 0 0
0.963 0.863 -0.213 0 0 0
3.888 -3.588 1.188 0 0 0
-2.888 0.363 0.013 0 0 0
-0.488 0.812 0.788 0 0 0
-0.038 -0.537 0.013 0 0 0
-3.038 -0.913 -1.038 0 0 0
-2.337 0.088 0.537 0 0 0
-4.463 7.812 7.638 0 0 0
3.888 -2.263 1.463 0 0 0
-15.062 1.113 9.338 0 0 0
-2.562 -0.812 -0.988 0 0 0
-6.613 14.713 9.988 0 0 0
0.463 0.688 -0.213 0 0 0
-1.638 -0.738 -1.088 0 0 0
3.988 5.838 8.138 0 0 0
0.163 0.537 0.413 0 0 0
-2.212 -0.138 -1.738 0 0 0
-3.413 1.963 0.013 0 0 0
-0.363 -0.388 -0.363 0 0 0
3.988 3.963 3.788 0 0 0
1.038 3.888 5.463 0 0 0
-1.913 0.138 1.088 0 0 0
-25.388 5.688 6.588 0 0 0
0.562 5.763 7.113 0 0 0
-3.288 0.062 0.013 0 0 0
1.913 5.863 8.088 0 0 0
0.288 0.513 0.562 0 0 0
-0.363 -0.088 -0.113 0 0 0
-2.413 -0.163 -1.888 0 0 0
3.812 -2.838 2.263 0 0 0
-2.038 -0.763 -0.988 0 0 0
0.888 0.738 0.338 0 0 0
-3.388 0.913 0.013 0 0 0
-8.787 -9.763 0.013 0 0 0
3.913 -0.413 4.838 0 0 0
-0.138 0.663 0.138 0 0 0
-6.038 1.788 17.338 0 0 0
0.788 -1.638 -1.088 0 0 0
-1.863 5.663 7.638 0 0 0
-0.488 -9.238 0.013 0 0 0
-14.163 1.713 15.588 0 0 0
-2.988 -6.438 0.013 0 0 0
0.013 7.062 6.838 0 0 0
0.863 1.938 0.062 0 0 0
-9.287 -9.963 0.013 0 0 0
3.913 -3.838 2.013 0 0 0
-0.413 -0.763 -1.038 0 0 0
-0.163 8.062 7.488 0 0 0
-0.062 -0.312 -0.213 0 0 0
-3.312 1.738 0.913 0 0 0
-2.062 0.038 0.062 0 0 0
-2.613 5.688 8.013 0 0 0
-3.513 1.713 0.013 0 0 0
0.638 0.088 1.088 0 0 0
0.163 -0.763 -0.988 0 0 0
-2.688 0.163 0.163 0 0 0
-0.838 -0.763 -1.038 0 0 0
-10.663 16.312 7.013 0 0 0
4.188 5.263 5.738 0 0 0
-12.138 7.062 6.838 0 0 0
-1.263 -2.062 -0.913 0 0 0
-3.338 0.013 -0.088 0 0 0
-6.738 16.163 6.938 0 0 0
0.663 0.938 0.213 0 0 0
-2.863 -0.338 -0.463 0 0 0
-1.913 0.113 -1.188 0 0 0
-2.488 0.038 0.062 0 0 0
0.588 1.438 -0.938 0 0 0
-3.613 -0.812 -0.988 0 0 0
-3.188 -0.062 -0.988 0 0 0
0.038 0.038 0.288 0 0 0
-9.412 -9.763 0.013 0 0 0
0.537 -0.513 -0.312 0 0 0
-3.363 0.963 0.812 0 0 0
-3.713 1.562 0.013 0 0 0
-0.263 -0.763 -0.988 0 0 0
-2.238 -0.288 -0.163 0 0 0
0.013 0.488 -0.062 0 0 0
-2.588 -1.012 -1.088 0 0 0
0.188 -1.062 -0.312 0 0 0
-11.113 7.188 6.988 0 0 0
-5.738 16.288 6.988 0 0 0
0.812 1.913 -0.013 0 0 0
3.938 -3.113 1.513 0 0 0
-5.963 1.763 17.113 0 0 0
3.863 -0.188 -1.312 0 0 0
-1.863 13.788 8.938 0 0 0
-1.413 2.562 0.013 0 0 0
-5.763 7.163 6.963 0 0 0
-12.488 12.163 9.263 0 0 0
4.062 -0.338 -2.838 0 0 0
0.238 -0.138 -1.488 0 0 0
0.388 0.588 -0.312 0 0 0
4.338 -8.488 0.013 0 0 0
-2.113 0.013 -0.038 0 0 0
0.688 7.113 6.888 0 0 0
0.038 -0.988 -1.088 0 0 0
-2.212 -1.488 -0.938 0 0 0
-25.663 8.763 1.463 0 0 0
-3.513 -1.613 -1.113 0 0 0
-4.312 -7.413 3.463 0 0 0
-0.738 5.863 8.113 0 0 0
-11.788 7.388 7.363 0 0 0
-9.663 -0.788 9.263 0 0 0
-0.113 -0.188 0.088 0 0 0
3.113 5.812 8.287 0 0 0
-18.413 -10.613 0.013 0 0 0
-2.588 -7.488 5.088 0 0 0
-0.013 0.588 -0.312 0 0 0
-8.287 7.363 7.138 0 0 0
-3.163 -7.263 5.838 0 0 0
-0.388 -0.988 -1.088 0 0 0
-9.863 -10.562 0.013 0 0 0
-0.363 0.038 0.463 0 0 0
4.138 -5.288 0.013 0 0 0
3.838 1.963 0.013 0 0 0
-17.637 1.613 14.163 0 0 0
-2.038 6.338 8.438 0 0 0
-3.338 -1.113 -1.088 0 0 0
3.788 -1.863 0.763 0 0 0
-0.188 -0.213 -0.188 0 0 0
3.938 -1.888 1.413 0 0 0
3.288 6.038 8.062 0 0 0
4.263 5.088 5.938 0 0 0
-0.163 7.113 6.888 0 0 0
-8.162 -2.312 0.488 0 0 0
0.463 -0.213 -0.263 0 0 0
-1.963 -0.013 -0.388 0 0 0
-9.338 7.188 6.988 0 0 0
-12.988 15.288 6.562 0 0 0
3.388 0.613 6.638 0 0 0
-7.088 -2.163 0.138 0 0 0
-8.162 5.638 7.538 0 0 0
-0.338 0.013 -0.013 0 0 0
-0.338 0.013 -0.038 0 0 0
-8.188 1.738 16.663 0 0 0
0.812 -0.088 -0.888 0 0 0
-7.413 -9.162 0.013 0 0 0
-0.038 -0.138 -1.438 0 0 0
-0.013 -0.138 -1.438 0 0 0
-8.363 16.538 7.413 0 0 0
3.913 -10.188 0.013 0 0 0
-1.663 -1.288 -0.513 0 0 0
-2.663 -7.312 5.888 0 0 0
3.938 2.413 3.488 0 0 0
-2.163 3.213 0.013 0 0 0
-13.338 7.062 7.838 0 0 0
3.388 0.838 8.863 0 0 0
0.788 0.863 0.013 0 0 0
0.638 1.312 -0.888 0 0 0
0.388 -0.088 -0.888 0 0 0
-7.938 -10.913 0.013 0 0 0
-10.138 1.713 16.088 0 0 0
3.888 -5.688 2.713 0 0 0
0.188 0.062 -0.038 0 0 0
-3.312 0.388 0.438 0 0 0
-3.288 0.788 -0.188 0 0 0
-1.438 -9.113 0.013 0 0 0
0.888 0.588 0.288 0 0 0
0.363 -0.463 -0.263 0 0 0
-5.788 5.538 7.413 0 0 0
-2.138 -1.038 0.013 0 0 0
0.188 0.513 0.388 0 0 0
-3.288 0.213 0.213 0 0 0
-1.088 -1.288 -0.463 0 0 0
0.438 -0.288 -0.263 0 0 0
-16.588 1.113 9.113 0 0 0
1.038 -0.062 -0.488 0 0 0
-2.688 -0.163 -0.288 0 0 0
0.363 0.863 0.013 0 0 0
-3.163 0.213 0.088 0 0 0
0.113 0.038 0.363 0 0 0
-7.938 -10.163 0.013 0 0 0
3.963 4.213 0.562 0 0 0
-11.388 9.913 -0.138 0 0 0
-0.238 0.062 -0.038 0 0 0
-0.113 0.638 0.113 0 0 0
-2.838 5.688 7.963 0 0 0
-3.013 -1.338 -0.938 0 0 0
-3.338 1.488 0.988 0 0 0
-22.538 3.463 4.988 0 0 0
-0.738 -0.738 -1.062 0 0 0
-26.238 1.062 7.413 0 0 0
-6.413 10.163 1.488 0 0 0
-2.087 1.688 0.013 0 0 0
-2.713 0.613 -0.388 0 0 0
-2.413 0.113 0.763 0 0 0
-0.562 -0.963 -1.038 0 0 0
-0.812 -1.213 -1.088 0 0 0
-5.713 15.438 8.863 0 0 0
-2.588 1.488 0.013 0 0 0
0.288 0.562 0.388 0 0 0
-16.762 -9.663 0.013 0 0 0
-8.662 -3.562 1.788 0 0 0
0.463 -1.463 -1.113 0 0 0
0.088 5.738 7.963 0 0 0
-16.738 6.713 7.713 0 0 0
0.188 -0.788 -1.012 0 0 0
0.338 0.788 0.013 0 0 0
-2.513 1.688 0.013 0 0 0
4.062 3.062 4.413 0 0 0
2.913 7.188 7.838 0 0 0
-3.388 1.413 0.263 0 0 0
-3.463 -0.988 -1.062 0 0 0
0.263 0.038 0.413 0 0 0
-5.363 -10.513 0.013 0 0 0
-2.688 6.088 7.438 0 0 0
-1.238 -1.213 -1.088 0 0 0
-3.088 1.312 0.013 0 0 0
3.788 -2.988 -0.838 0 0 0
0.038 1.513 0.013 0 0 0
-8.138 1.738 16.562 0 0 0
-3.213 1.038 -0.163 0 0 0
-1.338 -0.238 -2.513 0 0 0
0.338 -0.363 0.138 0 0 0
0.438 -0.213 -0.238 0 0 0
4.138 2.663 3.663 0 0 0
-10.863 1.763 16.588 0 0 0
-0.238 -0.788 -1.012 0 0 0
-6.838 -1.838 -1.062 0 0 0
-0.163 0.038 0.413 0 0 0
-14.263 -10.363 0.013 0 0 0
-16.188 8.213 8.263 0 0 0
-3.188 -0.763 -1.163 0 0 0
-3.413 0.213 1.663 0 0 0
0.013 -0.663 0.013 0 0 0
-11.538 14.938 7.963 0 0 0
-19.288 4.513 4.388 0 0 0
0.812 -0.163 -1.638 0 0 0
0.838 0.863 -0.088 0 0 0
-1.663 -1.213 -1.088 0 0 0
-1.913 -0.138 -1.613 0 0 0
-2.163 13.788 9.287 0 0 0
-2.763 -2.038 -0.888 0 0 0
-1.763 -0.238 -2.513 0 0 0
-0.613 0.088 0.863 0 0 0
-2.463 0.088 0.663 0 0 0
-0.163 1.363 0.013 0 0 0
-0.663 -0.788 -1.012 0 0 0
3.938 -2.788 1.363 0 0 0
0.963 -1.213 -1.088 0 0 0
0.888 -0.363 -0.312 0 0 0
0.438 0.838 0.013 0 0 0
-5.363 -15.562 0.013 0 0 0
-1.137 -2.038 -0.938 0 0 0
-2.863 1.038 -0.363 0 0 0
-11.188 -7.263 1.838 0 0 0
-10.062 11.413 9.463 0 0 0
-3.288 0.913 0.388 0 0 0
3.913 3.488 4.963 0 0 0
-3.138 -1.663 0.013 0 0 0
-1.338 -0.188 -1.963 0 0 0
-3.188 -2.038 -0.888 0 0 0
-25.488 -11.888 0.013 0 0 0
-1.963 -0.788 -1.113 0 0 0
4.213 6.988 -0.812 0 0 0
0.013 0.537 -0.238 0 0 0
4.438 6.088 7.938 0 0 0
0.738 -1.338 -1.113 0 0 0
-1.713 8.037 7.413 0 0 0
-3.338 0.238 0.138 0 0 0
0.537 -1.213 -1.088 0 0 0
-3.288 1.663 1.062 0 0 0
3.113 -0.713 8.638 0 0 0
-19.062 5.013 5.213 0 0 0
-0.263 -0.838 -1.012 0 0 0
-1.913 -1.113 -1.088 0 0 0
-13.888 6.188 7.988 0 0 0
0.788 -0.038 -0.013 0 0 0
-1.388 -0.788 -1.062 0 0 0
3.812 5.013 7.013 0 0 0
0.088 -0.163 -1.763 0 0 0
-26.062 1.088 7.863 0 0 0
0.562 -0.463 -0.312 0 0 0
-0.763 -0.213 -2.312 0 0 0
0.913 0.388 -0.062 0 0 0
-3.312 0.513 0.413 0 0 0
-6.038 5.413 7.338 0 0 0
-3.213 -0.088 -1.163 0 0 0
3.988 2.488 3.413 0 0 0
-8.613 -11.013 0.013 0 0 0
-7.138 7.213 7.938 0 0 0
0.312 0.038 0.312 0 0 0
-6.388 -10.213 0.013 0 0 0
2.763 6.338 8.138 0 0 0
-3.438 0.537 0.013 0 0 0
-9.562 -7.363 1.413 0 0 0
-1.438 -0.138 -1.713 0 0 0
-1.788 5.713 8.062 0 0 0
0.238 0.588 0.312 0 0 0
0.913 0.562 0.338 0 0 0
-1.413 -2.038 -0.888 0 0 0
-2.812 -1.038 -0.738 0 0 0
4.062 2.562 3.562 0 0 0
-3.238 -1.163 0.013 0 0 0
-3.238 2.188 0.013 0 0 0
-0.713 2.288 0.013 0 0 0
-0.113 0.038 0.312 0 0 0
-2.788 13.488 7.763 0 0 0
-6.388 -9.463 0.013 0 0 0
3.838 -4.288 3.062 0 0 0
-2.538 2.087 -1.088 0 0 0
0.913 0.438 0.488 0 0 0
0.513 0.062 -0.812 0 0 0
-11.863 1.738 16.188 0 0 0
-0.463 0.113 1.062 0 0 0
0.788 10.838 1.513 0 0 0
-6.188 -7.388 4.913 0 0 0
-6.713 1.062 9.888 0 0 0
0.463 -0.288 -0.288 0 0 0
1.038 -2.087 -0.938 0 0 0
4.188 2.863 3.688 0 0 0
1.038 -0.238 -2.212 0 0 0
-0.812 1.288 0.013 0 0 0
2.638 -7.788 2.488 0 0 0
-3.263 -0.388 -0.088 0 0 0
-2.738 5.988 7.788 0 0 0
3.812 -3.638 3.188 0 0 0
3.788 -3.038 2.688 0 0 0
-2.337 0.113 -1.188 0 0 0
-3.263 0.938 0.188 0 0 0
-5.238 5.738 8.037 0 0 0
-1.363 3.188 0.013 0 0 0
0.663 -1.738 -1.188 0 0 0
-4.213 -15.713 0.013 0 0 0
-3.363 0.062 0.038 0 0 0
-0.038 -0.788 -1.062 0 0 0
-0.013 -0.788 -1.062 0 0 0
-3.338 0.488 0.562 0 0 0
-2.038 2.638 -1.038 0 0 0
4.088 2.863 3.988 0 0 0
-2.888 -0.288 -0.338 0 0 0
0.613 -2.087 -0.938 0 0 0
-1.238 1.288 0.013 0 0 0
0.238 0.062 0.588 0 0 0
-0.713 0.113 -1.238 0 0 0
-4.863 1.713 16.812 0 0 0
0.188 0.562 0.213 0 0 0
0.388 6.938 7.788 0 0 0
-3.388 0.138 1.088 0 0 0
-10.338 -0.788 9.238 0 0 0
-1.538 5.562 7.713 0 0 0
-12.638 -16.788 0.013 0 0 0
-0.913 -0.913 -1.012 0 0 0
-1.163 1.488 0.013 0 0 0
-1.738 -2.413 -0.913 0 0 0
3.863 -2.488 -0.388 0 0 0
-2.463 2.638 -1.038 0 0 0
-4.612 -9.463 0.013 0 0 0
0.438 -0.363 -0.288 0 0 0
-1.663 1.288 0.013 0 0 0
1.038 0.738 0.013 0 0 0
-6.738 -7.488 4.663 0 0 0
-2.638 -1.488 -0.938 0 0 0
3.613 0.537 6.013 0 0 0
0.288 -1.638 -1.062 0 0 0
-1.588 1.488 0.013 0 0 0
0.763 -0.088 -0.888 0 0 0
0.613 -0.388 -3.738 0 0 0
-0.263 -0.113 0.062 0 0 0
-0.963 -1.688 -1.113 0 0 0
-5.038 -9.463 0.013 0 0 0
-0.713 5.812 7.888 0 0 0
0.138 0.663 -0.013 0 0 0
-7.213 5.788 7.988 0 0 0
0.363 -0.363 0.113 0 0 0
-2.337 -0.163 -1.812 0 0 0
-18.688 5.562 6.938 0 0 0
-7.613 6.913 7.963 0 0 0
0.537 -0.038 -0.263 0 0 0
-9.838 1.713 16.213 0 0 0
0.838 0.588 0.013 0 0 0
4.038 2.838 3.888 0 0 0
0.938 -0.863 0.013 0 0 0
2.138 -7.562 4.438 0 0 0
-1.988 1.188 0.013 0 0 0
4.062 -10.562 0.013 0 0 0
0.537 1.288 0.013 0 0 0
-0.537 0.413 0.588 0 0 0
-3.888 -0.812 -0.713 0 0 0
0.763 -0.788 -1.012 0 0 0
0.138 0.537 0.113 0 0 0
-18.613 -9.888 0.013 0 0 0
1.963 8.062 7.513 0 0 0
0.062 0.638 0.363 0 0 0
-1.388 -1.688 -1.113 0 0 0
-0.863 1.838 -1.088 0 0 0
0.863 -0.913 -1.012 0 0 0
-1.763 -2.062 -0.888 0 0 0
-1.288 7.863 5.688 0 0 0
-3.388 1.763 0.338 0 0 0
-1.988 0.038 0.138 0 0 0
4.112 5.038 6.738 0 0 0
-1.838 5.763 7.988 0 0 0
-2.938 5.788 8.037 0 0 0
4.213 3.538 4.913 0 0 0
-2.413 1.188 0.013 0 0 0
-2.238 -0.363 -0.238 0 0 0
3.938 -3.488 1.188 0 0 0
4.038 4.463 3.738 0 0 0
-18.863 11.062 6.188 0 0 0
0.638 0.588 0.013 0 0 0
-25.088 6.062 8.463 0 0 0
-18.963 5.988 7.613 0 0 0
0.438 -0.913 -1.012 0 0 0
-1.562 0.088 0.688 0 0 0
-2.212 -0.513 0.013 0 0 0
-0.363 0.062 0.088 0 0 0
-15.338 1.638 14.688 0 0 0
0.312 2.938 0.013 0 0 0
0.812 -0.288 -2.812 0 0 0
-2.688 -0.788 -1.038 0 0 0
0.038 -0.788 -1.062 0 0 0
3.238 0.938 9.988 0 0 0
-9.363 5.963 8.062 0 0 0
-0.113 0.588 -0.288 0 0 0
0.638 1.338 0.013 0 0 0
-18.062 7.562 7.663 0 0 0
-13.138 -10.638 0.013 0 0 0
-6.763 -2.438 -0.188 0 0 0
-2.013 1.513 -1.113 0 0 0
0.913 0.413 0.288 0 0 0
-0.388 -0.788 -1.062 0 0 0
0.388 0.388 -0.238 0 0 0
-1.062 -0.763 -1.088 0 0 0
-1.488 1.838 -1.088 0 0 0
-14.312 5.913 8.088 0 0 0
-2.188 -1.588 -0.988 0 0 0
0.363 -0.613 -0.363 0 0 0
-7.838 1.738 16.688 0 0 0
-2.538 -0.062 -0.113 0 0 0
3.938 -1.988 1.188 0 0 0
-2.863 0.963 -0.388 0 0 0
-5.263 -9.513 0.013 0 0 0
-2.312 1.238 0.013 0 0 0
0.812 1.438 0.013 0 0 0
3.188 0.863 9.263 0 0 0
-0.013 0.562 0.763 0 0 0
-3.413 -1.088 -1.062 0 0 0
-0.888 -0.988 -1.062 0 0 0
-3.413 -0.062 -1.038 0 0 0
0.088 1.238 0.013 0 0 0
-2.312 -7.312 5.913 0 0 0
-10.438 -10.438 0.013 0 0 0
-7.888 -8.763 0.013 0 0 0
-3.938 -1.938 0.463 0 0 0
-16.288 5.963 8.638 0 0 0
-9.788 7.138 7.888 0 0 0
2.138 -0.788 9.338 0 0 0
-1.488 -0.763 -1.088 0 0 0
-2.188 -1.863 -1.012 0 0 0
0.488 -0.312 -0.238 0 0 0
-2.263 0.013 -0.213 0 0 0
0.738 -0.088 -0.863 0 0 0
0.838 0.838 0.438 0 0 0
-0.113 -0.138 -1.413 0 0 0
0.138 0.738 -0.613 0 0 0
-3.338 0.463 0.363 0 0 0
-2.463 0.013 0.038 0 0 0
0.388 1.438 0.013 0 0 0
-1.613 -2.188 -0.938 0 0 0
-1.312 -0.988 -1.062 0 0 0
3.838 4.863 1.738 0 0 0
4.138 4.888 5.463 0 0 0
0.688 -0.163 -1.513 0 0 0
3.938 -3.838 1.863 0 0 0
0.463 -1.438 -0.213 0 0 0
-0.113 1.238 0.013 0 0 0
3.513 -6.538 4.788 0 0 0
-1.838 0.062 0.338 0 0 0
-3.338 0.338 0.513 0 0 0
0.062 -0.312 -0.238 0 0 0
-0.537 -0.138 -1.413 0 0 0
-3.263 -0.513 0.013 0 0 0
-0.263 0.138 -0.113 0 0 0
3.938 -3.538 2.113 0 0 0
-0.013 1.438 0.013 0 0 0
4.038 3.263 4.713 0 0 0
-2.038 6.263 7.763 0 0 0
0.963 -0.062 -0.463 0 0 0
0.263 -0.163 -1.513 0 0 0
-7.113 9.838 2.388 0 0 0
0.913 0.488 0.312 0 0 0
-1.638 -1.088 -1.062 0 0 0
-11.363 -9.888 0.013 0 0 0
-3.263 0.238 0.013 0 0 0
-17.137 -10.288 0.013 0 0 0
-26.388 -0.763 6.388 0 0 0
-0.213 -0.963 -1.012 0 0 0
-0.463 1.438 0.013 0 0 0
3.312 6.413 8.662 0 0 0
3.938 3.088 3.413 0 0 0
-2.663 -1.613 -1.088 0 0 0
3.513 0.537 5.838 0 0 0
-0.138 -0.763 -1.012 0 0 0
-3.963 -1.038 -0.913 0 0 0
-0.812 -0.738 -1.038 0 0 0
-15.488 1.663 14.838 0 0 0
3.812 4.812 1.738 0 0 0
-2.863 -0.738 -0.988 0 0 0
-4.138 -0.913 -0.788 0 0 0
0.913 0.663 0.713 0 0 0
-3.363 -0.763 0.013 0 0 0
-3.713 5.938 8.213 0 0 0
1.838 5.913 7.938 0 0 0
-3.288 7.963 7.338 0 0 0
3.963 3.363 3.688 0 0 0
3.763 -3.288 0.963 0 0 0
-1.238 -0.738 -1.038 0 0 0
-2.938 5.913 8.013 0 0 0
-14.538 -9.088 0.013 0 0 0
3.938 4.638 0.613 0 0 0
-0.788 1.338 0.013 0 0 0
0.188 0.038 0.438 0 0 0
-5.438 6.213 8.138 0 0 0
-25.238 6.963 8.537 0 0 0
-2.663 4.438 -0.062 0 0 0
-0.463 -0.163 -1.638 0 0 0
-1.312 -2.062 -0.913 0 0 0
0.688 -0.263 -2.488 0 0 0
-2.538 -1.588 -0.988 0 0 0
-3.138 0.138 0.938 0 0 0
-0.537 -0.238 -2.388 0 0 0
-1.213 1.338 0.013 0 0 0
-0.238 0.038 0.438 0 0 0
-0.513 5.888 7.863 0 0 0
-3.038 -0.888 -0.738 0 0 0
2.113 -0.788 9.363 0 0 0
-3.488 0.213 1.688 0 0 0
-15.038 7.113 6.938 0 0 0
-2.337 0.113 0.838 0 0 0
-0.888 -0.163 -1.638 0 0 0
-0.988 1.188 0.013 0 0 0
0.438 1.888 -0.338 0 0 0
-1.562 -0.838 -1.038 0 0 0
-3.312 0.938 -0.088 0 0 0
-3.263 -1.763 -0.838 0 0 0
4.038 1.913 0.888 0 0 0
0.513 -0.138 -1.463 0 0 0
-3.338 -0.013 -0.488 0 0 0
-12.488 7.088 7.863 0 0 0
-7.463 1.812 17.438 0 0 0
-4.338 1.062 10.138 0 0 0
0.163 0.562 0.713 0 0 0
-3.363 1.488 0.688 0 0 0
-3.238 -0.163 -0.213 0 0 0
-1.413 1.188 0.013 0 0 0
-3.538 0.988 9.638 0 0 0
-2.388 -0.738 -1.088 0 0 0
4.237 -5.062 0.013 0 0 0
-15.188 1.613 14.538 0 0 0
0.463 -0.613 -0.788 0 0 0
0.913 -0.463 -0.288 0 0 0
-12.113 -8.488 0.013 0 0 0
-1.638 7.988 6.938 0 0 0
-7.263 12.188 7.312 0 0 0
-2.812 -0.213 -2.638 0 0 0
-5.788 14.363 9.713 0 0 0
-3.188 0.113 0.838 0 0 0
-0.638 7.988 7.738 0 0 0
0.938 0.388 0.263 0 0 0
-1.988 -1.113 -1.062 0 0 0
-10.763 7.288 8.062 0 0 0
-9.913 -9.238 0.013 0 0 0
-1.312 -9.412 0.013 0 0 0
-3.388 1.688 0.312 0 0 0
0.338 0.488 0.463 0 0 0
0.888 -0.562 -0.238 0 0 0
-3.438 -0.763 8.787 0 0 0
0.488 -0.463 -0.288 0 0 0
-3.988 7.113 7.838 0 0 0
-3.263 0.038 -0.588 0 0 0
-8.287 7.312 7.413 0 0 0
0.763 0.812 0.638 0 0 0
-7.888 8.088 7.312 0 0 0
3.538 -2.188 0.238 0 0 0
0.113 0.488 0.213 0 0 0
4.237 -6.763 0.013 0 0 0
3.338 -3.088 0.238 0 0 0
0.513 -0.788 -1.038 0 0 0
-3.312 -0.588 0.312 0 0 0
-3.312 0.438 0.338 0 0 0
-1.388 -1.288 -0.488 0 0 0
3.763 -1.888 0.663 0 0 0
-3.088 0.888 0.613 0 0 0
-1.913 -1.312 -1.012 0 0 0
-1.988 -0.238 -2.562 0 0 0
-0.638 -0.138 -1.588 0 0 0
-3.263 0.213 -0.188 0 0 0
-1.988 -2.663 -0.888 0 0 0
-0.188 0.613 -0.062 0 0 0
0.738 -0.788 -1.038 0 0 0
-12.312 7.788 7.763 0 0 0
-3.438 3.088 0.338 0 0 0
3.513 0.513 5.638 0 0 0
-1.838 -0.113 -1.388 0 0 0
0.913 0.338 0.263 0 0 0
-2.337 -1.312 -1.012 0 0 0
-0.388 0.062 0.588 0 0 0
4.237 5.688 6.338 0 0 0
-14.113 14.713 6.513 0 0 0
0.812 -0.138 -1.288 0 0 0
-2.463 2.538 0.013 0 0 0
0.312 -0.788 -1.038 0 0 0
0.213 0.562 0.613 0 0 0
-1.613 0.088 0.688 0 0 0
-2.263 -0.513 0.013 0 0 0
3.913 -3.638 1.438 0 0 0
0.938 0.463 0.288 0 0 0
-2.188 6.188 7.688 0 0 0
-3.288 0.438 -0.163 0 0 0
-1.738 -0.788 -0.988 0 0 0
3.713 2.138 0.013 0 0 0
-0.238 -0.163 -0.163 0 0 0
0.562 0.388 0.013 0 0 0
0.913 0.513 0.663 0 0 0
-2.163 -0.613 0.013 0 0 0
-14.963 8.763 7.788 0 0 0
-7.738 -10.638 0.013 0 0 0
-13.538 1.088 9.388 0 0 0
0.463 1.238 0.013 0 0 0
-3.413 7.138 8.037 0 0 0
0.388 -0.138 -1.288 0 0 0
-9.213 8.188 7.388 0 0 0
-4.812 -0.738 8.213 0 0 0
0.812 0.088 0.938 0 0 0
0.562 -0.188 -0.263 0 0 0
-2.488 -0.213 -0.263 0 0 0
-2.638 4.213 -1.163 0 0 0
0.113 7.588 6.288 0 0 0
-2.163 -0.788 -0.988 0 0 0
-2.138 1.688 0.013 0 0 0
-0.238 0.588 -0.163 0 0 0
-0.388 0.113 1.137 0 0 0
-2.738 4.388 0.138 0 0 0
-11.113 -11.488 0.013 0 0 0
-0.062 -0.513 0.013 0 0 0
-5.213 -9.788 0.013 0 0 0
4.013 -0.188 -1.363 0 0 0
-3.213 0.113 0.863 0 0 0
-4.988 -9.788 0.013 0 0 0
0.288 0.788 0.013 0 0 0
-3.338 0.988 9.588 0 0 0
-9.913 6.263 8.162 0 0 0
0.537 -0.588 -0.238 0 0 0
0.537 0.438 -0.213 0 0 0
-1.713 5.613 7.763 0 0 0
-2.663 4.463 0.288 0 0 0
-1.913 0.138 1.188 0 0 0
-3.288 0.062 0.113 0 0 0
-5.588 5.863 7.963 0 0 0
0.062 1.688 0.013 0 0 0
4.263 4.663 5.213 0 0 0
3.213 -7.188 5.038 0 0 0
-5.888 1.738 16.938 0 0 0
-2.638 0.088 0.513 0 0 0
-14.738 6.338 8.188 0 0 0
-0.163 0.688 0.138 0 0 0
-3.013 -6.438 0.013 0 0 0
3.938 2.212 0.963 0 0 0
-1.263 -0.788 -1.088 0 0 0
-11.113 -9.988 0.013 0 0 0
-2.337 0.138 1.188 0 0 0
0.913 0.588 0.688 0 0 0
-2.863 -0.788 9.238 0 0 0
-3.312 -1.088 -0.537 0 0 0
0.688 -0.463 -0.338 0 0 0
0.888 0.613 0.588 0 0 0
-5.638 -7.438 4.263 0 0 0
0.738 0.938 -0.088 0 0 0
0.562 -0.738 -0.988 0 0 0
-2.513 -0.138 -1.763 0 0 0
-2.788 -6.562 0.013 0 0 0
-0.562 -0.838 -1.038 0 0 0
-2.212 0.138 1.062 0 0 0
-2.062 0.038 0.163 0 0 0
1.562 10.963 1.513 0 0 0
-2.713 -0.113 -0.088 0 0 0
3.888 -2.488 1.338 0 0 0
0.913 0.713 -0.062 0 0 0
0.238 -0.288 -0.113 0 0 0
-3.588 13.588 8.838 0 0 0
-3.438 0.163 1.163 0 0 0
-2.288 0.062 0.312 0 0 0
-3.138 0.013 -0.238 0 0 0
3.913 -5.413 2.138 0 0 0
3.938 -4.163 1.363 0 0 0
0.938 -0.488 -0.312 0 0 0
-3.338 0.013 0.013 0 0 0
0.663 0.938 0.312 0 0 0
-2.863 -0.338 -0.363 0 0 0
-3.588 5.838 7.812 0 0 0
-14.138 -9.537 0.013 0 0 0
0.562 -1.438 -1.113 0 0 0
-1.763 5.863 7.913 0 0 0
0.363 -0.888 -0.988 0 0 0
-2.488 0.038 0.163 0 0 0
-3.088 1.438 0.013 0 0 0
-3.312 0.413 0.138 0 0 0
-3.513 4.312 -1.163 0 0 0
4.138 3.812 3.688 0 0 0
-2.438 5.913 7.888 0 0 0
0.062 0.588 0.688 0 0 0
3.713 -3.213 2.513 0 0 0
0.013 0.488 0.038 0 0 0
0.363 0.488 0.438 0 0 0
-10.263 -0.763 8.188 0 0 0
3.963 5.763 7.163 0 0 0
0.913 -1.288 -0.312 0 0 0
0.138 -1.438 -1.113 0 0 0
0.812 1.913 0.062 0 0 0
-0.062 -0.888 -0.988 0 0 0
3.988 2.263 3.288 0 0 0
-0.688 -0.238 -2.438 0 0 0
-1.562 -7.713 5.213 0 0 0
4.088 3.188 4.588 0 0 0
-2.513 -0.812 -0.988 0 0 0
-1.363 -0.213 -2.463 0 0 0
-3.438 0.013 -0.363 0 0 0
-3.113 0.613 0.013 0 0 0
-4.788 -0.788 9.312 0 0 0
-11.312 7.312 7.113 0 0 0
-1.113 1.588 0.013 0 0 0
-13.013 5.688 7.938 0 0 0
-7.913 10.138 0.713 0 0 0
-2.388 -0.812 -1.113 0 0 0
-2.038 9.913 2.788 0 0 0
-0.888 1.438 0.013 0 0 0
-2.138 0.038 -0.013 0 0 0
-3.838 -2.488 0.263 0 0 0
4.288 4.838 4.588 0 0 0
-3.438 2.212 -0.238 0 0 0
-14.413 1.688 15.312 0 0 0
0.738 -0.238 -2.238 0 0 0
2.788 -7.788 2.488 0 0 0
-1.788 -0.213 -2.463 0 0 0
-0.562 -0.763 -1.012 0 0 0
0.338 0.537 0.288 0 0 0
0.763 -0.062 -0.537 0 0 0
-0.638 -0.312 -3.312 0 0 0
-3.438 0.188 0.038 0 0 0
-3.413 0.238 1.963 0 0 0
-3.838 1.312 0.013 0 0 0
4.263 4.338 6.038 0 0 0
0.913 0.788 -0.013 0 0 0
-13.763 1.713 15.713 0 0 0
-4.838 10.288 1.488 0 0 0
-6.312 -11.388 0.013 0 0 0
-2.838 1.288 -0.338 0 0 0
-1.312 1.438 0.013 0 0 0
0.463 1.513 -0.688 0 0 0
-6.713 -9.238 0.013 0 0 0
0.113 -0.788 9.188 0 0 0
-9.763 5.738 8.238 0 0 0
-0.988 -0.763 -1.012 0 0 0
-0.413 -0.062 -0.088 0 0 0
3.438 0.688 7.388 0 0 0
0.088 0.013 0.062 0 0 0
-12.113 1.062 9.388 0 0 0
-2.463 -0.062 -0.038 0 0 0
-3.438 1.812 -0.113 0 0 0
3.888 6.988 -0.812 0 0 0
0.938 0.488 0.638 0 0 0
-2.513 -0.213 -2.513 0 0 0
-9.863 -10.238 0.013 0 0 0
-3.288 1.238 0.938 0 0 0
-9.188 8.162 7.363 0 0 0
-1.413 -0.763 -1.012 0 0 0
0.588 -0.213 -0.288 0 0 0
-17.213 1.663 14.812 0 0 0
-2.562 4.463 -0.062 0 0 0
-0.038 -0.138 -1.338 0 0 0
-0.013 -0.138 -1.338 0 0 0
-3.312 0.663 0.562 0 0 0
0.638 1.438 -0.938 0 0 0
0.888 -0.788 -1.038 0 0 0
-6.988 1.088 10.263 0 0 0
-11.513 5.788 7.763 0 0 0
2.337 -7.613 5.312 0 0 0
-3.138 1.012 0.188 0 0 0
0.088 -0.138 -1.463 0 0 0
-1.838 -0.763 -1.012 0 0 0
-2.138 13.638 8.838 0 0 0
-4.788 9.863 2.562 0 0 0
3.388 10.238 1.413 0 0 0
-6.438 19.062 6.863 0 0 0
0.888 0.588 0.388 0 0 0
-3.338 1.312 0.688 0 0 0
-11.113 1.088 9.588 0 0 0
-11.663 12.388 7.263 0 0 0
-2.988 -7.288 5.838 0 0 0
3.788 1.938 0.013 0 0 0
-20.688 -6.863 1.588 0 0 0
2.038 5.713 8.013 0 0 0
-1.113 -1.263 -0.463 0 0 0
-5.538 5.812 8.037 0 0 0
-0.263 0.688 -0.013 0 0 0
0.088 -0.988 -1.088 0 0 0
3.838 -3.788 0.663 0 0 0
-3.438 -0.062 -1.113 0 0 0
-2.713 -0.138 -0.288 0 0 0
0.113 0.038 0.463 0 0 0
0.888 0.463 0.537 0 0 0
-3.363 0.763 0.312 0 0 0
-0.488 0.863 0.713 0 0 0
0.562 -0.888 -1.038 0 0 0
-0.113 0.638 0.213 0 0 0
-3.363 -0.688 0.188 0 0 0
-3.312 0.088 -0.312 0 0 0
-1.463 1.562 0.013 0 0 0
-3.388 -0.663 0.088 0 0 0
-10.263 8.062 7.062 0 0 0
-12.363 5.788 7.763 0 0 0
-3.413 1.713 -0.312 0 0 0
-0.763 -0.138 -1.463 0 0 0
-2.713 -0.163 -1.963 0 0 0
-3.238 0.013 -0.413 0 0 0
0.513 -7.588 5.238 0 0 0
-2.038 -7.663 5.138 0 0 0
-4.737 6.088 8.113 0 0 0
-2.188 2.263 0.013 0 0 0
0.888 -0.713 -1.012 0 0 0
-0.188 -0.188 -1.812 0 0 0
0.088 0.562 0.738 0 0 0
-0.763 -0.988 -1.088 0 0 0
4.237 4.612 5.163 0 0 0
0.263 0.038 0.513 0 0 0
-3.138 -0.163 -1.963 0 0 0
-12.038 5.838 8.013 0 0 0
0.738 1.562 0.013 0 0 0
-8.188 -7.538 1.413 0 0 0
1.588 -0.763 9.287 0 0 0
-3.388 2.288 0.213 0 0 0
-3.213 0.163 0.088 0 0 0
4.163 5.888 5.688 0 0 0
-7.788 -9.287 0.013 0 0 0
-2.963 -1.663 -1.062 0 0 0
-0.288 0.013 -0.013 0 0 0
0.863 -0.088 -0.888 0 0 0
-3.488 6.013 7.788 0 0 0
0.938 0.413 -0.113 0 0 0
-2.613 2.263 0.013 0 0 0
0.463 -0.713 -1.012 0 0 0
4.263 4.013 5.588 0 0 0
0.413 -0.188 -0.238 0 0 0
0.838 0.562 -0.238 0 0 0
-1.188 -0.988 -1.088 0 0 0
0.688 0.088 1.062 0 0 0
-7.863 -8.738 0.013 0 0 0
-0.537 0.238 0.338 0 0 0
-22.163 -6.763 0.013 0 0 0
0.738 2.312 0.013 0 0 0
3.863 -1.688 1.588 0 0 0
-8.463 -2.938 1.788 0 0 0
-0.788 -0.763 -1.062 0 0 0
-2.212 0.013 -0.113 0 0 0
-2.087 -0.438 0.013 0 0 0
-8.662 1.113 10.238 0 0 0
0.562 -0.812 -1.012 0 0 0
-2.488 -0.838 -1.012 0 0 0
-1.438 7.088 8.388 0 0 0
-2.163 5.738 8.113 0 0 0
-1.137 -0.888 -0.963 0 0 0
-0.788 0.113 -1.213 0 0 0
-0.188 1.363 0.013 0 0 0
4.088 2.438 3.263 0 0 0
-11.463 5.663 7.812 0 0 0
0.513 3.213 0.013 0 0 0
-0.288 7.163 8.463 0 0 0
-2.913 0.363 0.013 0 0 0
-3.312 0.463 -0.038 0 0 0
-3.312 0.463 -0.013 0 0 0
-2.212 2.212 0.013 0 0 0
0.312 2.312 0.013 0 0 0
-2.638 1.463 0.013 0 0 0
-2.113 -9.138 0.013 0 0 0
4.112 3.763 3.638 0 0 0
-2.513 -0.438 0.013 0 0 0
0.138 -0.812 -1.012 0 0 0
0.388 0.913 -0.363 0 0 0
1.463 5.838 8.013 0 0 0
-1.213 0.113 -1.213 0 0 0
0.562 -0.638 -0.613 0 0 0
3.863 -2.238 1.463 0 0 0
-2.263 -0.213 -0.338 0 0 0
-25.388 6.013 8.613 0 0 0
-2.938 -0.763 8.863 0 0 0
-3.312 0.338 0.113 0 0 0
-3.413 0.062 0.238 0 0 0
-8.863 1.738 16.538 0 0 0
-2.638 2.212 0.013 0 0 0
-10.238 6.238 8.138 0 0 0
0.213 1.312 0.013 0 0 0
0.388 -0.238 -0.238 0 0 0
4.112 3.062 4.188 0 0 0
0.312 -0.138 0.013 0 0 0
-3.138 0.113 0.138 0 0 0
-1.088 1.438 -1.062 0 0 0
0.163 -0.213 -0.088 0 0 0
-7.413 8.088 6.613 0 0 0
-13.312 9.162 1.713 0 0 0
-2.812 7.938 7.713 0 0 0
-0.763 -2.062 -0.938 0 0 0
-0.213 1.312 0.013 0 0 0
4.013 4.888 7.013 0 0 0
-1.137 -0.138 -1.562 0 0 0
0.312 0.613 0.013 0 0 0
0.238 -0.788 -1.012 0 0 0
-3.863 1.963 -0.663 0 0 0
-0.613 0.838 0.363 0 0 0
-2.212 -0.537 -0.838 0 0 0
-0.688 0.088 0.763 0 0 0
0.312 0.038 0.413 0 0 0
0.938 0.363 0.062 0 0 0
3.738 -0.238 3.163 0 0 0
0.913 -1.238 -1.088 0 0 0
0.113 -0.288 0.013 0 0 0
-2.488 -0.763 -0.988 0 0 0
-11.663 -7.463 1.438 0 0 0
-13.638 5.738 8.013 0 0 0
-3.413 0.113 0.788 0 0 0
-1.788 11.238 7.388 0 0 0
-3.263 0.013 -0.113 0 0 0
0.088 1.513 0.013 0 0 0
-3.163 1.213 0.013 0 0 0
-0.638 1.312 0.013 0 0 0
-0.188 -0.788 -1.012 0 0 0
-0.388 -1.062 -1.012 0 0 0
-0.113 0.038 0.413 0 0 0
-0.312 -0.888 -1.012 0 0 0
-3.263 -0.113 0.038 0 0 0
3.588 0.513 5.713 0 0 0
-8.363 1.038 9.537 0 0 0
3.812 8.088 1.113 0 0 0
-0.763 -0.163 -1.663 0 0 0
0.913 0.438 0.588 0 0 0
-3.562 -10.338 0.013 0 0 0
3.788 -1.988 -0.312 0 0 0
-13.238 -7.163 3.913 0 0 0
-1.838 0.038 0.088 0 0 0
-3.213 -0.013 -0.513 0 0 0
-6.288 -11.338 0.013 0 0 0
-2.113 -0.788 -1.088 0 0 0
-4.062 10.488 1.513 0 0 0
-1.062 6.238 8.062 0 0 0
-3.488 -10.138 0.013 0 0 0
-5.513 5.788 8.013 0 0 0
0.688 1.913 0.188 0 0 0
-0.113 1.363 0.013 0 0 0
-3.263 -0.388 0.013 0 0 0
-2.463 0.163 0.188 0 0 0
-3.413 -9.938 0.013 0 0 0
0.438 0.038 -0.312 0 0 0
-10.438 7.588 7.538 0 0 0
3.562 6.013 8.037 0 0 0
4.138 3.538 4.338 0 0 0
-3.438 -1.638 -1.137 0 0 0
-3.238 0.913 0.388 0 0 0
-3.213 3.188 -0.363 0 0 0
4.188 -0.213 -1.588 0 0 0
-0.763 1.513 0.013 0 0 0
-6.613 -2.138 0.263 0 0 0
3.913 -3.088 1.513 0 0 0
-3.338 13.713 9.263 0 0 0
-25.738 1.188 8.763 0 0 0
-3.312 0.588 0.537 0 0 0
-3.288 -0.038 -0.113 0 0 0
0.163 -1.338 -1.088 0 0 0
-3.363 0.062 0.138 0 0 0
-16.038 8.138 8.188 0 0 0
-0.537 1.363 0.013 0 0 0
-4.788 7.288 7.538 0 0 0
0.588 -2.062 -0.938 0 0 0
0.562 -7.713 3.013 0 0 0
-3.562 2.038 -1.113 0 0 0
0.188 0.562 0.312 0 0 0
-3.312 1.913 0.812 0 0 0
-0.213 -0.838 -1.012 0 0 0
0.888 0.062 0.613 0 0 0
-0.163 0.588 -0.088 0 0 0
-8.963 -9.613 0.013 0 0 0
-3.288 -0.163 0.038 0 0 0
-2.288 -0.213 -0.312 0 0 0
-6.263 7.988 7.838 0 0 0
-3.488 1.263 0.013 0 0 0
0.588 1.163 -0.788 0 0 0
-3.238 5.988 8.013 0 0 0
-2.438 13.688 9.213 0 0 0
0.463 -0.138 -1.463 0 0 0
4.062 2.638 3.688 0 0 0
0.138 -7.713 3.013 0 0 0
-2.288 0.138 1.088 0 0 0
0.638 3.913 5.363 0 0 0
-14.713 14.113 8.488 0 0 0
-0.863 1.263 0.013 0 0 0
0.513 -0.438 -0.288 0 0 0
3.588 0.413 4.737 0 0 0
-2.788 7.863 7.663 0 0 0
-3.338 1.413 1.062 0 0 0
-3.013 -0.138 -1.738 0 0 0
-2.713 0.138 1.088 0 0 0
-0.062 -0.238 0.062 0 0 0
-2.212 -0.163 -1.838 0 0 0
-0.763 0.088 -1.238 0 0 0
-3.238 -1.088 -0.463 0 0 0
-3.312 -0.988 -0.213 0 0 0
4.038 -10.538 0.013 0 0 0
-2.163 -0.338 -0.537 0 0 0
0.463 -0.088 -0.913 0 0 0
-11.838 14.788 7.888 0 0 0
-3.213 0.213 -0.088 0 0 0
-2.863 -0.413 -0.438 0 0 0
2.663 7.812 5.588 0 0 0
-15.562 -10.913 0.013 0 0 0
-6.913 1.763 16.988 0 0 0
-1.988 0.038 0.238 0 0 0
-14.913 1.638 14.788 0 0 0
-1.562 2.638 -1.038 0 0 0
-1.163 -0.788 9.263 0 0 0
1.988 9.963 3.113 0 0 0
-1.713 1.263 0.013 0 0 0
-2.288 -0.763 -1.038 0 0 0
0.738 0.913 0.388 0 0 0
3.963 -3.963 1.562 0 0 0
-3.312 0.788 -0.188 0 0 0
-2.863 1.363 -0.413 0 0 0
3.763 -3.488 3.062 0 0 0
-2.938 -1.888 -0.163 0 0 0
-24.812 5.688 7.963 0 0 0
-7.188 -8.863 0.013 0 0 0
0.913 1.263 0.013 0 0 0
-3.238 0.988 -0.188 0 0 0
-1.988 2.638 -1.038 0 0 0
-0.863 -0.213 -2.388 0 0 0
-2.863 -1.688 -0.163 0 0 0
-0.113 -0.288 -0.013 0 0 0
-0.113 -0.288 -0.038 0 0 0
0.388 5.688 7.038 0 0 0
-3.488 0.238 1.988 0 0 0
4.038 -9.037 0.013 0 0 0
-9.088 11.988 7.113 0 0 0
-12.338 1.763 16.213 0 0 0
2.163 -7.663 5.338 0 0 0
-3.263 -0.138 -0.163 0 0 0
0.013 -0.288 -0.163 0 0 0
-8.013 6.213 8.188 0 0 0
-1.788 2.562 0.013 0 0 0
-2.038 1.163 0.013 0 0 0
0.663 -0.288 -0.238 0 0 0
-1.062 -0.763 -0.988 0 0 0
-8.062 -7.463 1.938 0 0 0
-2.238 0.263 0.013 0 0 0
-4.812 7.312 7.562 0 0 0
0.863 0.062 0.638 0 0 0
-3.338 0.288 0.062 0 0 0
4.188 2.988 3.763 0 0 0
3.763 5.538 1.938 0 0 0
-0.213 0.613 -0.163 0 0 0
2.963 10.013 3.213 0 0 0
-2.888 0.988 -0.388 0 0 0
4.088 3.738 4.663 0 0 0
-3.938 -1.938 0.562 0 0 0
2.688 -7.613 5.338 0 0 0
-1.488 -0.763 -0.988 0 0 0
-0.562 0.113 0.988 0 0 0
0.188 2.713 0.013 0 0 0
-2.263 0.013 -0.113 0 0 0
0.738 -0.088 -0.763 0 0 0
3.188 5.938 8.238 0 0 0
0.838 0.838 0.537 0 0 0
-12.113 7.938 7.913 0 0 0
-2.538 1.713 0.013 0 0 0
0.763 0.088 0.938 0 0 0
-2.963 0.963 0.013 0 0 0
0.138 0.738 -0.513 0 0 0
-3.338 0.463 0.463 0 0 0
-4.038 -7.538 3.538 0 0 0
-2.212 -2.388 -0.888 0 0 0
0.263 2.913 0.013 0 0 0
-11.913 13.963 9.213 0 0 0
3.713 0.713 7.613 0 0 0
-10.763 1.088 9.613 0 0 0
-0.913 -1.812 -0.963 0 0 0
3.838 -3.538 3.113 0 0 0
-0.238 -0.213 0.113 0 0 0
0.562 -0.537 -0.238 0 0 0
-2.363 -9.438 0.013 0 0 0
-2.988 0.288 -0.138 0 0 0
-0.088 5.812 7.938 0 0 0
0.588 1.312 0.013 0 0 0
-8.213 7.812 7.062 0 0 0
-2.388 -0.138 -1.788 0 0 0
0.013 0.062 0.638 0 0 0
4.112 5.863 6.863 0 0 0
-7.538 -10.363 0.013 0 0 0
0.562 -0.238 0.013 0 0 0
-5.013 -10.263 0.013 0 0 0
-0.738 -1.413 -0.188 0 0 0
-2.963 1.713 0.013 0 0 0
0.513 1.263 -1.012 0 0 0
-5.763 5.863 7.812 0 0 0
0.113 0.513 0.513 0 0 0
-12.913 12.588 9.588 0 0 0
0.713 -0.763 -0.988 0 0 0
-3.338 3.113 0.338 0 0 0
0.438 -0.088 -0.888 0 0 0
-2.463 -0.537 0.013 0 0 0
-0.413 -0.138 -1.438 0 0 0
0.062 -0.438 0.013 0 0 0
-7.938 -8.812 0.013 0 0 0
-2.263 -0.138 -1.638 0 0 0
4.112 3.463 4.812 0 0 0
-5.113 6.913 8.238 0 0 0
0.913 0.488 0.413 0 0 0
-16.812 -9.713 0.013 0 0 0
-10.788 1.812 17.113 0 0 0
-2.688 -6.363 0.013 0 0 0
-3.513 0.188 1.388 0 0 0
0.138 -0.238 0.013 0 0 0
-3.312 5.938 8.213 0 0 0
-2.888 -0.838 -0.238 0 0 0
-7.062 14.488 7.763 0 0 0
-3.413 1.213 0.863 0 0 0
0.238 -7.788 5.388 0 0 0
3.888 3.088 1.213 0 0 0
0.288 -0.763 -0.988 0 0 0
-2.562 1.663 0.013 0 0 0
-3.163 0.863 0.638 0 0 0
4.338 4.638 5.088 0 0 0
-11.413 -11.413 0.013 0 0 0
1.913 7.988 7.688 0 0 0
-2.562 0.062 0.388 0 0 0
-14.513 -8.713 0.013 0 0 0
-3.988 9.913 2.638 0 0 0
-0.838 -0.138 -1.438 0 0 0
-0.562 0.138 -0.138 0 0 0
-11.238 7.113 7.863 0 0 0
-2.188 -0.013 -0.338 0 0 0
-3.363 4.288 -1.163 0 0 0
-5.013 6.213 8.238 0 0 0
-3.288 -0.863 -0.138 0 0 0
-1.588 -1.413 -0.188 0 0 0
2.838 6.013 7.863 0 0 0
0.938 3.963 5.312 0 0 0
0.263 0.513 0.562 0 0 0
-0.388 -0.088 -0.113 0 0 0
-3.288 -0.562 0.113 0 0 0
-3.413 0.913 0.013 0 0 0
-2.988 1.663 0.013 0 0 0
-20.312 -11.263 0.013 0 0 0
-9.412 5.988 8.088 0 0 0
3.788 -3.113 2.763 0 0 0
-0.263 -0.138 -1.388 0 0 0
-1.113 -0.188 -1.938 0 0 0
-2.963 -1.188 -1.012 0 0 0
-0.513 -0.963 -1.038 0 0 0
-3.363 -0.062 -1.038 0 0 0
-3.163 -0.213 -2.562 0 0 0
-3.113 -2.263 0.013 0 0 0
0.038 -0.488 0.013 0 0 0
0.388 -0.113 -0.988 0 0 0
-0.438 -0.763 -1.038 0 0 0
-9.613 1.088 9.863 0 0 0
-8.213 5.713 7.863 0 0 0
-19.312 4.763 5.338 0 0 0
-3.238 0.138 0.913 0 0 0
-1.338 -1.738 -0.938 0 0 0
-3.388 -1.188 -1.012 0 0 0
3.888 -2.538 1.613 0 0 0
-4.763 1.012 9.688 0 0 0
-2.138 -0.363 -0.562 0 0 0
-0.488 -0.663 -0.088 0 0 0
0.613 0.088 1.088 0 0 0
-3.188 -1.688 0.013 0 0 0
3.888 -1.663 1.463 0 0 0
-2.688 2.588 0.013 0 0 0
-0.863 -0.763 -1.038 0 0 0
-1.538 -0.738 -1.062 0 0 0
0.663 0.888 0.588 0 0 0
2.713 -7.663 6.438 0 0 0
-2.288 0.013 -0.088 0 0 0
-2.263 -0.238 -2.613 0 0 0
-4.588 6.838 7.788 0 0 0
-10.312 1.812 17.012 0 0 0
-9.688 6.263 8.312 0 0 0
-1.763 -1.738 -0.938 0 0 0
-1.888 2.062 -1.062 0 0 0
-3.038 -1.012 -0.488 0 0 0
-3.088 -1.413 -1.113 0 0 0
0.888 -0.213 -2.087 0 0 0
-3.438 0.138 0.913 0 0 0
-3.763 1.988 -0.663 0 0 0
-15.713 14.738 6.513 0 0 0
-1.288 -0.763 -1.038 0 0 0
0.062 -0.812 -0.988 0 0 0
-4.538 1.038 10.088 0 0 0
-8.513 7.038 8.013 0 0 0
3.763 -3.263 -0.062 0 0 0
-3.312 1.688 0.013 0 0 0
-16.463 6.638 8.938 0 0 0
-2.663 -0.788 -0.963 0 0 0
0.913 0.562 -0.163 0 0 0
-12.312 1.738 16.188 0 0 0
-10.062 7.062 7.812 0 0 0
-17.863 10.562 8.988 0 0 0
-0.738 -7.688 5.263 0 0 0
-1.638 -0.138 -1.688 0 0 0
-16.163 5.938 8.412 0 0 0
-2.163 -0.413 -0.562 0 0 0
0.938 0.388 0.363 0 0 0
-0.363 -0.812 -0.988 0 0 0
-3.363 -0.163 -2.013 0 0 0
0.713 -0.013 0.088 0 0 0
-0.312 -0.113 -0.113 0 0 0
-2.062 0.062 0.463 0 0 0
0.088 0.663 -0.213 0 0 0
0.463 -0.438 -0.288 0 0 0
-2.288 1.488 -1.088 0 0 0
0.913 0.738 0.238 0 0 0
-2.363 0.013 -0.288 0 0 0
-1.188 1.513 0.013 0 0 0
-0.113 -0.238 -0.213 0 0 0
0.763 0.812 0.738 0 0 0
-2.263 -0.413 -0.263 0 0 0
4.138 -3.738 0.013 0 0 0
-10.538 1.088 9.738 0 0 0
0.438 0.513 0.338 0 0 0
2.463 5.613 7.738 0 0 0
4.062 5.163 6.413 0 0 0
-3.788 -0.163 -2.013 0 0 0
-3.163 4.163 -0.463 0 0 0
3.963 -3.738 1.788 0 0 0
-2.788 3.062 -0.537 0 0 0
-3.438 1.463 -0.088 0 0 0
4.112 -5.288 0.013 0 0 0
-9.013 1.088 9.913 0 0 0
-0.413 -0.163 -1.638 0 0 0
3.413 0.688 7.288 0 0 0
-1.613 1.513 0.013 0 0 0
-22.463 -5.588 2.138 0 0 0
-4.088 -17.762 0.013 0 0 0
-3.588 6.312 7.863 0 0 0
-0.638 -0.138 -1.488 0 0 0
-0.238 -7.738 5.312 0 0 0
0.488 0.113 -1.188 0 0 0
-0.888 -1.812 -0.988 0 0 0
3.413 5.988 8.312 0 0 0
0.863 -0.062 -0.537 0 0 0
3.863 -2.888 0.513 0 0 0
3.963 -2.988 1.788 0 0 0
-8.463 16.288 6.263 0 0 0
0.913 0.338 0.363 0 0 0
-1.838 -0.113 -1.288 0 0 0
0.163 -0.163 -1.588 0 0 0
-1.413 3.163 0.013 0 0 0
-0.838 -0.163 -1.638 0 0 0
-1.438 1.588 0.013 0 0 0
-5.738 5.838 7.788 0 0 0
0.688 0.938 0.113 0 0 0
3.938 -4.538 1.788 0 0 0
-2.212 13.363 7.688 0 0 0
0.663 0.963 0.013 0 0 0
-0.413 0.062 -0.088 0 0 0
2.388 6.338 8.138 0 0 0
-17.988 5.812 8.013 0 0 0
-2.463 0.062 -0.013 0 0 0
0.188 -0.288 0.088 0 0 0
0.438 -0.062 -0.537 0 0 0
-2.788 -0.138 -1.812 0 0 0
-1.838 3.163 0.013 0 0 0
4.112 3.788 4.663 0 0 0
0.038 0.513 -0.163 0 0 0
-3.138 0.838 0.613 0 0 0
-3.338 0.388 0.438 0 0 0
0.537 -0.188 -0.263 0 0 0
-1.137 -0.163 -1.763 0 0 0
0.812 0.088 1.038 0 0 0
-4.638 -10.413 0.013 0 0 0
-4.388 -9.013 0.013 0 0 0
3.913 -2.888 1.538 0 0 0
3.838 -3.263 0.537 0 0 0
-2.087 0.013 -0.138 0 0 0
3.138 0.863 9.088 0 0 0
0.013 -0.788 -1.062 0 0 0
-0.812 -1.438 -1.113 0 0 0
3.438 0.713 7.688 0 0 0
-0.013 -0.537 0.213 0 0 0
0.088 0.038 0.363 0 0 0
3.488 2.013 0.013 0 0 0
-7.638 -7.413 4.513 0 0 0
-2.062 1.438 0.013 0 0 0
0.938 -0.562 -0.238 0 0 0
-2.812 -0.038 -0.812 0 0 0
-3.413 1.663 -0.038 0 0 0
-3.413 1.663 -0.013 0 0 0
-0.113 0.013 0.213 0 0 0
-3.288 -0.238 -0.013 0 0 0
-3.288 -0.238 -0.038 0 0 0
-0.413 -0.788 -1.062 0 0 0
-4.988 -10.213 0.013 0 0 0
-5.038 7.838 6.438 0 0 0
-1.763 1.638 0.013 0 0 0
-3.438 0.113 0.713 0 0 0
-3.238 -0.038 -0.812 0 0 0
0.312 0.062 0.763 0 0 0
-24.638 -8.488 0.013 0 0 0
-2.938 -0.188 -2.212 0 0 0
-8.338 7.338 7.438 0 0 0
0.513 -0.238 -0.263 0 0 0
0.713 0.838 0.663 0 0 0
-8.312 9.938 2.312 0 0 0
-2.288 -0.113 0.013 0 0 0
-2.188 1.638 0.013 0 0 0
0.463 -1.062 -0.988 0 0 0
-18.588 11.062 8.388 0 0 0
3.463 1.938 0.013 0 0 0
-1.863 0.062 0.413 0 0 0
0.888 0.613 0.688 0 0 0
-0.288 7.513 7.938 0 0 0
-1.263 -1.213 -1.088 0 0 0
-2.062 -0.263 0.013 0 0 0
-0.213 5.812 8.062 0 0 0
0.738 0.938 0.013 0 0 0
-0.113 0.062 0.763 0 0 0
0.913 -0.613 -0.238 0 0 0
0.913 0.413 -0.213 0 0 0
-3.338 5.938 8.037 0 0 0
-3.738 1.963 -0.688 0 0 0
-2.938 -1.413 -0.113 0 0 0
-5.913 -7.312 4.863 0 0 0
-2.363 -2.638 -0.888 0 0 0
-1.388 1.438 -1.088 0 0 0
-2.613 1.638 0.013 0 0 0
-3.288 0.113 0.763 0 0 0
-4.188 -7.488 3.513 0 0 0
3.963 -4.062 1.338 0 0 0
3.888 5.413 7.338 0 0 0
0.812 0.863 -0.088 0 0 0
-25.263 -11.238 0.013 0 0 0
0.413 -7.513 4.388 0 0 0
-3.338 0.013 0.113 0 0 0
-8.162 8.263 6.062 0 0 0
0.663 0.938 0.413 0 0 0
-2.863 -0.338 -0.263 0 0 0
3.863 -4.013 2.863 0 0 0
0.338 0.638 0.013 0 0 0
0.238 -0.413 0.138 0 0 0
4.138 2.938 3.938 0 0 0
-1.137 6.188 7.663 0 0 0
-5.388 -0.763 8.513 0 0 0
-2.138 -0.438 -0.588 0 0 0
-16.887 -10.538 0.013 0 0 0
-1.163 -2.038 -0.938 0 0 0
-0.288 -0.138 -0.138 0 0 0
-2.438 4.338 -0.738 0 0 0
-2.788 -0.738 -1.012 0 0 0
0.213 -0.062 0.013 0 0 0
-25.312 5.088 6.963 0 0 0
-4.487 0.988 9.562 0 0 0
3.812 5.863 8.162 0 0 0
-2.788 -1.312 -0.613 0 0 0
-13.638 5.638 7.738 0 0 0
0.188 -0.013 -0.088 0 0 0
-8.537 16.113 7.213 0 0 0
-2.263 5.688 8.013 0 0 0
-0.488 1.463 0.013 0 0 0
0.888 1.938 -0.312 0 0 0
-1.363 -0.213 -2.363 0 0 0
0.888 -1.263 -0.312 0 0 0
0.138 0.513 0.688 0 0 0
-3.238 -1.113 0.013 0 0 0
-6.088 -10.113 0.013 0 0 0
-0.163 -0.738 -1.012 0 0 0
0.738 -0.938 -0.988 0 0 0
3.963 5.188 6.988 0 0 0
-3.338 0.638 0.263 0 0 0
-1.988 -0.913 -0.963 0 0 0
-7.213 5.638 8.037 0 0 0
-10.388 1.062 9.588 0 0 0
4.013 3.713 3.538 0 0 0
0.238 -1.137 -0.988 0 0 0
-0.788 -0.213 -2.312 0 0 0
-1.513 -0.788 9.338 0 0 0
0.888 -0.513 -0.312 0 0 0
-8.787 -3.788 1.938 0 0 0
-2.463 -0.238 -0.338 0 0 0
-0.588 -0.738 -1.012 0 0 0
0.312 -0.938 -0.988 0 0 0
4.237 3.312 4.588 0 0 0
-2.488 4.463 0.163 0 0 0
-3.263 -0.338 -0.088 0 0 0
-3.938 13.688 9.238 0 0 0
0.913 0.788 0.062 0 0 0
-1.388 1.513 -1.062 0 0 0
0.938 0.312 0.338 0 0 0
-0.988 -0.238 -2.463 0 0 0
-1.663 -0.213 -2.488 0 0 0
-2.212 6.963 7.888 0 0 0
-3.463 0.537 0.013 0 0 0
-3.038 1.288 0.013 0 0 0
0.938 0.613 0.588 0 0 0
-3.438 1.513 -0.263 0 0 0
-3.463 -0.088 -1.413 0 0 0
-2.963 4.088 -0.062 0 0 0
0.913 0.663 0.213 0 0 0
4.213 7.088 2.413 0 0 0
-3.263 -0.013 -0.513 0 0 0
-0.013 0.463 0.038 0 0 0
0.062 0.613 -0.338 0 0 0
-1.012 -0.738 -1.012 0 0 0
0.088 0.013 0.163 0 0 0
-3.238 0.388 0.013 0 0 0
-1.613 -2.413 -0.913 0 0 0
-9.088 7.013 7.963 0 0 0
0.438 -0.238 -2.263 0 0 0
-0.738 2.288 0.013 0 0 0
-3.213 3.588 0.263 0 0 0
-1.012 1.213 0.013 0 0 0
0.663 1.137 -0.312 0 0 0
-7.938 7.088 8.037 0 0 0
-0.663 5.638 7.963 0 0 0
-1.213 -1.312 -1.038 0 0 0
-2.238 -7.488 5.088 0 0 0
-2.913 -7.463 5.062 0 0 0
-3.213 5.863 7.838 0 0 0
0.463 -0.338 0.088 0 0 0
-3.562 -10.963 0.013 0 0 0
-1.163 2.288 0.013 0 0 0
-6.913 -2.238 -0.138 0 0 0
-2.113 -1.413 -1.088 0 0 0
-2.087 -0.163 -1.863 0 0 0
-1.738 -0.738 -1.062 0 0 0
-1.312 6.238 7.713 0 0 0
-3.288 0.938 0.188 0 0 0
-7.113 7.288 7.062 0 0 0
-14.688 1.663 15.062 0 0 0
-1.938 -1.638 -1.062 0 0 0
3.963 -0.788 9.338 0 0 0
-0.038 -0.213 0.062 0 0 0
-0.013 -0.213 0.062 0 0 0
-2.413 6.263 7.763 0 0 0
-22.163 4.438 6.238 0 0 0
-6.312 -2.288 0.288 0 0 0
0.363 -0.463 -0.062 0 0 0
-17.588 1.163 9.663 0 0 0
-1.062 0.088 -1.263 0 0 0
0.013 0.613 0.713 0 0 0
-19.638 0.713 4.812 0 0 0
0.513 -0.088 -0.812 0 0 0
-0.838 1.438 0.013 0 0 0
-6.238 -9.238 0.013 0 0 0
-3.163 -1.288 -0.988 0 0 0
3.863 5.663 0.763 0 0 0
-3.438 7.062 8.013 0 0 0
0.888 0.463 0.638 0 0 0
-3.338 0.312 0.413 0 0 0
0.537 -0.263 -0.288 0 0 0
3.888 -3.088 1.638 0 0 0
-19.713 1.062 8.287 0 0 0
-1.838 -1.312 -1.038 0 0 0
-14.562 14.663 6.488 0 0 0
-1.688 1.288 0.013 0 0 0
3.138 -7.263 3.663 0 0 0
-4.863 5.788 8.088 0 0 0
-12.438 5.888 8.113 0 0 0
-2.438 -1.088 -1.062 0 0 0
-3.113 13.988 9.438 0 0 0
-2.188 -0.388 -0.438 0 0 0
-4.663 7.963 6.538 0 0 0
0.713 -0.488 -0.263 0 0 0
0.263 -1.638 -1.062 0 0 0
0.913 1.438 -0.913 0 0 0
-3.238 0.013 -0.312 0 0 0
-1.163 -0.213 -2.413 0 0 0
0.188 -1.088 -1.062 0 0 0
-0.038 0.713 0.463 0 0 0
-1.163 1.338 0.013 0 0 0
-18.887 7.088 6.788 0 0 0
-3.363 1.388 0.562 0 0 0
-17.363 1.638 14.438 0 0 0
-3.413 1.888 0.188 0 0 0
-1.137 1.263 -1.113 0 0 0
-1.263 -1.613 -1.012 0 0 0
-0.288 -0.288 -0.188 0 0 0
-2.263 0.062 0.388 0 0 0
4.088 4.237 5.663 0 0 0
0.438 -0.513 -0.288 0 0 0
2.913 6.763 7.938 0 0 0
-1.363 -0.763 -1.012 0 0 0
-3.438 1.312 -0.188 0 0 0
-0.238 -1.088 -1.062 0 0 0
-0.438 0.113 0.963 0 0 0
3.438 6.062 7.938 0 0 0
-0.537 0.812 0.713 0 0 0
0.888 0.663 0.513 0 0 0
-4.963 -10.163 0.013 0 0 0
0.263 0.488 0.363 0 0 0
0.513 -0.312 -0.288 0 0 0
-1.588 1.338 0.013 0 0 0
-8.812 -7.288 1.388 0 0 0
-25.588 6.038 7.038 0 0 0
-1.688 -1.613 -1.012 0 0 0
-1.938 -9.113 0.013 0 0 0
-0.463 -1.213 -1.088 0 0 0
-2.013 0.013 -0.263 0 0 0
0.888 0.537 0.663 0 0 0
0.713 -1.012 0.013 0 0 0
-1.812 2.238 0.013 0 0 0
4.188 4.438 5.913 0 0 0
-3.113 1.062 -0.188 0 0 0
0.938 0.288 0.138 0 0 0
0.713 2.337 0.013 0 0 0
-7.312 7.963 7.838 0 0 0
3.663 3.188 0.013 0 0 0
-24.913 -11.088 0.013 0 0 0
-6.863 -0.788 8.638 0 0 0
-0.038 0.038 0.488 0 0 0
-3.438 -0.163 -1.988 0 0 0
-3.338 0.062 -0.062 0 0 0
3.913 -1.613 0.663 0 0 0
3.738 -9.713 0.013 0 0 0
4.163 -8.963 0.013 0 0 0
0.913 0.638 0.013 0 0 0
0.838 -0.763 -1.012 0 0 0
-0.888 -1.213 -1.088 0 0 0
0.562 -0.938 -0.763 0 0 0
-2.163 -0.488 -0.638 0 0 0
-0.288 -0.138 -1.463 0 0 0
-1.913 1.238 0.013 0 0 0
-0.138 0.588 -0.288 0 0 0
-2.513 8.088 7.438 0 0 0
-25.463 5.138 6.138 0 0 0
-2.238 2.238 0.013 0 0 0
-14.713 1.663 15.088 0 0 0
-3.188 -7.538 4.963 0 0 0
4.237 5.113 5.562 0 0 0
0.263 1.363 -0.388 0 0 0
0.413 0.438 0.013 0 0 0
-2.938 -0.312 -0.013 0 0 0
3.888 -2.838 2.062 0 0 0
4.112 -0.188 -1.488 0 0 0
-3.238 3.588 -0.038 0 0 0
-2.312 -0.562 0.013 0 0 0
-3.288 2.238 0.863 0 0 0
-3.338 0.238 0.338 0 0 0
-1.163 -0.312 -3.388 0 0 0
-3.588 2.013 -0.812 0 0 0
-2.413 -2.062 -0.888 0 0 0
1.713 7.963 6.888 0 0 0
0.713 0.338 -0.238 0 0 0
-2.463 -6.763 0.013 0 0 0
-1.312 -1.213 -1.088 0 0 0
0.013 10.938 1.538 0 0 0
0.138 0.562 0.513 0 0 0
-1.713 -0.088 -1.113 0 0 0
-2.337 1.238 0.013 0 0 0
-7.913 -8.787 0.013 0 0 0
0.188 1.338 0.013 0 0 0
0.363 -0.213 -0.238 0 0 0
-1.338 -1.288 -0.488 0 0 0
-1.788 0.062 0.288 0 0 0
0.163 -0.213 0.013 0 0 0
-0.288 0.088 0.088 0 0 0
0.588 -0.363 -0.238 0 0 0
0.088 -0.163 -1.562 0 0 0
-19.438 0.713 4.763 0 0 0
0.363 -0.338 -0.088 0 0 0
-13.213 7.763 7.763 0 0 0
-13.263 5.763 7.238 0 0 0
-3.363 0.138 -0.288 0 0 0
-13.988 -9.088 0.013 0 0 0
-0.138 -0.138 -1.413 0 0 0
-2.763 1.238 0.013 0 0 0
-3.088 13.913 9.388 0 0 0
-16.538 -10.738 0.013 0 0 0
0.938 0.363 0.163 0 0 0
-5.088 14.263 9.663 0 0 0
0.238 -1.213 -1.012 0 0 0
-0.688 7.163 8.062 0 0 0
-1.488 -1.663 -1.088 0 0 0
0.738 2.212 -0.863 0 0 0
-0.038 -0.363 0.013 0 0 0
-0.013 -0.363 0.013 0 0 0
-3.438 0.113 0.113 0 0 0
0.312 0.488 0.263 0 0 0
0.238 0.588 0.513 0 0 0
-9.188 14.463 7.713 0 0 0
-13.812 -8.988 0.013 0 0 0
-7.913 -10.488 0.013 0 0 0
-5.388 16.213 6.963 0 0 0
-11.163 -10.788 0.013 0 0 0
0.163 1.288 0.013 0 0 0
-5.013 5.988 8.113 0 0 0
0.938 0.537 0.562 0 0 0
-2.463 15.562 8.787 0 0 0
4.038 -0.163 -1.213 0 0 0
0.788 0.888 0.562 0 0 0
0.863 0.088 0.938 0 0 0
1.088 -0.138 -1.363 0 0 0
0.013 0.038 0.388 0 0 0
-6.838 -1.713 -0.288 0 0 0
-9.162 -7.312 1.388 0 0 0
-1.838 0.038 0.188 0 0 0
-2.113 -0.788 -0.988 0 0 0
-3.288 0.238 0.013 0 0 0
4.088 4.963 6.738 0 0 0
4.237 4.913 6.238 0 0 0
-11.588 -10.788 0.013 0 0 0
4.338 6.638 0.613 0 0 0
-8.787 14.413 7.713 0 0 0
-7.788 9.988 2.388 0 0 0
-0.263 1.288 0.013 0 0 0
3.812 8.838 1.213 0 0 0
-3.288 -0.338 -0.263 0 0 0
-3.538 5.913 7.963 0 0 0
-3.213 7.238 7.938 0 0 0
-9.088 -0.763 8.062 0 0 0
0.663 -0.138 -1.363 0 0 0
-0.413 0.038 0.388 0 0 0
-0.363 -1.062 0.013 0 0 0
-0.038 1.288 0.013 0 0 0
-0.013 1.288 0.013 0 0 0
-3.312 0.588 0.638 0 0 0
4.188 4.688 5.738 0 0 0
-1.062 -0.163 -1.688 0 0 0
0.613 2.288 -0.713 0 0 0
-3.288 0.413 0.413 0 0 0
-3.163 -0.088 -1.288 0 0 0
0.888 0.638 0.312 0 0 0
0.238 0.062 0.788 0 0 0
-10.288 16.413 7.038 0 0 0
-3.388 -1.363 0.013 0 0 0
3.938 -3.812 2.263 0 0 0
-1.137 -0.238 -2.438 0 0 0
-12.363 7.963 6.438 0 0 0
-4.612 -0.763 8.537 0 0 0
-11.838 1.088 9.513 0 0 0
-8.812 7.038 7.988 0 0 0
-2.288 -0.213 -0.213 0 0 0
0.038 0.488 0.312 0 0 0
-3.238 -0.163 -2.038 0 0 0
-1.838 0.088 0.738 0 0 0
-1.038 1.438 -1.062 0 0 0
-5.562 5.888 7.863 0 0 0
-0.463 1.288 0.013 0 0 0
-2.963 -0.788 -0.988 0 0 0
-1.863 1.812 -1.088 0 0 0
4.038 2.363 3.438 0 0 0
-0.488 7.113 7.988 0 0 0
-12.138 -11.338 0.013 0 0 0
0.812 0.062 0.838 0 0 0
-16.663 8.963 7.238 0 0 0
-3.188 -1.788 -0.863 0 0 0
-1.438 -0.238 -2.488 0 0 0
-3.062 11.038 9.013 0 0 0
4.138 3.588 4.988 0 0 0
0.738 -0.463 -0.338 0 0 0
-8.287 6.213 8.138 0 0 0
-12.263 1.088 9.513 0 0 0
-2.713 -0.213 -0.213 0 0 0
-0.263 0.038 0.438 0 0 0
-3.513 0.213 1.688 0 0 0
-3.188 0.163 0.163 0 0 0
-0.463 -7.388 6.062 0 0 0
-1.312 -9.363 0.013 0 0 0
-0.888 1.288 0.013 0 0 0
4.163 4.312 5.763 0 0 0
-3.338 1.988 0.763 0 0 0
0.888 -0.088 -0.812 0 0 0
3.812 -3.513 0.613 0 0 0
-7.138 8.162 7.413 0 0 0
-2.013 7.138 8.037 0 0 0
-1.238 -0.888 -1.038 0 0 0
-11.913 -10.738 0.013 0 0 0
-4.938 15.988 7.138 0 0 0
-2.562 0.088 0.688 0 0 0
-0.338 -1.062 -1.012 0 0 0
4.038 2.838 4.088 0 0 0
-1.312 1.288 0.013 0 0 0
-2.738 0.562 -0.312 0 0 0
-12.213 1.038 9.113 0 0 0
-1.363 -1.588 -1.038 0 0 0
-4.088 -1.963 0.388 0 0 0
-3.088 -1.012 -1.088 0 0 0
4.112 5.562 5.388 0 0 0
-0.013 0.638 0.438 0 0 0
3.963 -3.263 1.113 0 0 0
1.913 5.838 8.088 0 0 0
0.463 -0.088 -0.812 0 0 0
-10.038 1.062 9.613 0 0 0
-0.988 -0.913 -1.012 0 0 0
-1.663 -0.888 -1.038 0 0 0
-3.312 0.913 -0.238 0 0 0
-2.413 -0.138 -0.062 0 0 0
-15.913 1.688 15.238 0 0 0
4.213 5.963 8.238 0 0 0
-2.388 -7.438 5.062 0 0 0
-4.112 -0.788 -1.038 0 0 0
1.113 -0.062 -0.413 0 0 0
-2.488 4.487 0.463 0 0 0
-3.188 -1.588 -0.988 0 0 0
-1.038 5.713 8.088 0 0 0
-9.088 -9.088 0.013 0 0 0
-0.913 1.213 0.013 0 0 0
-2.838 1.463 -0.438 0 0 0
4.138 -5.113 0.013 0 0 0
-3.238 0.988 -0.088 0 0 0
0.213 -1.338 -1.088 0 0 0
-26.163 1.088 7.888 0 0 0
-12.988 1.738 15.913 0 0 0
3.838 2.138 0.013 0 0 0
4.188 4.312 4.737 0 0 0
-0.113 -0.288 0.062 0 0 0
-3.488 0.238 2.087 0 0 0
3.963 2.988 4.213 0 0 0
-3.288 0.088 0.562 0 0 0
4.237 -5.213 0.013 0 0 0
-8.062 1.713 16.413 0 0 0
-0.812 -9.388 0.013 0 0 0
4.013 -9.013 0.013 0 0 0
-3.263 -0.138 -0.062 0 0 0
0.013 -0.288 -0.062 0 0 0
0.438 1.738 -0.938 0 0 0
-3.338 -0.588 0.312 0 0 0
-3.363 0.013 -0.188 0 0 0
3.812 -3.188 -0.263 0 0 0
0.863 0.062 0.738 0 0 0
-2.463 -7.263 5.863 0 0 0
2.888 -7.463 5.363 0 0 0
3.238 -5.413 1.488 0 0 0
-0.213 0.613 -0.062 0 0 0
-6.888 8.188 7.463 0 0 0
-11.488 5.913 8.037 0 0 0
-0.213 0.038 0.338 0 0 0
-10.588 1.788 16.812 0 0 0
-3.463 0.213 1.588 0 0 0
-2.337 -0.788 -1.038 0 0 0
-3.138 0.163 0.062 0 0 0
1.012 5.238 4.513 0 0 0
-12.463 9.663 1.463 0 0 0
-3.288 2.163 0.838 0 0 0
-4.788 -8.988 0.013 0 0 0
-3.388 1.363 -0.688 0 0 0
-1.288 3.062 -0.988 0 0 0
-14.438 5.513 7.788 0 0 0
-7.438 7.213 7.963 0 0 0
-10.463 -10.838 0.013 0 0 0
3.838 -9.463 0.013 0 0 0
1.388 -7.438 6.188 0 0 0
-3.338 1.488 0.588 0 0 0
0.363 -0.288 -0.263 0 0 0
-0.713 -0.788 -1.088 0 0 0
-2.138 -0.863 0.013 0 0 0
-1.663 -9.388 0.013 0 0 0
4.062 2.888 3.613 0 0 0
-9.888 1.088 9.812 0 0 0
-3.538 3.062 0.062 0 0 0
-0.263 -0.163 -0.163 0 0 0
0.312 1.513 -1.038 0 0 0
0.013 0.062 0.738 0 0 0
-9.037 8.188 7.138 0 0 0
4.288 5.938 8.238 0 0 0
-0.113 -0.213 0.088 0 0 0
0.363 0.463 -0.263 0 0 0
-10.513 16.413 6.312 0 0 0
-2.638 0.088 -1.312 0 0 0
1.663 -7.663 5.312 0 0 0
-2.888 -0.713 -0.288 0 0 0
-0.812 0.113 -1.213 0 0 0
-0.062 0.588 -0.413 0 0 0
-1.713 0.062 0.413 0 0 0
-1.812 6.263 8.138 0 0 0
0.438 -0.088 -0.788 0 0 0
-3.263 -0.062 -0.013 0 0 0
-3.263 -0.062 -0.038 0 0 0
-2.163 1.688 0.013 0 0 0
4.213 -0.213 -1.513 0 0 0
0.338 1.663 -0.537 0 0 0
3.938 -5.263 2.087 0 0 0
0.463 0.338 0.013 0 0 0
3.588 7.763 2.588 0 0 0
3.888 -2.163 1.438 0 0 0
-2.263 -0.663 0.013 0 0 0
0.338 -0.363 -0.263 0 0 0
4.138 2.663 3.263 0 0 0
0.388 -0.738 -1.038 0 0 0
-0.288 0.062 0.613 0 0 0
-1.238 0.113 -1.213 0 0 0
-0.338 -0.463 0.213 0 0 0
0.788 0.812 0.537 0 0 0
-4.812 16.538 7.088 0 0 0
-3.288 0.588 0.088 0 0 0
0.888 0.388 0.562 0 0 0
0.062 3.238 0.013 0 0 0
-2.388 -0.038 0.013 0 0 0
-1.738 3.013 -0.988 0 0 0
-5.038 6.238 8.238 0 0 0
-3.312 0.013 -0.288 0 0 0
-1.238 2.312 -1.088 0 0 0
-2.663 2.238 0.013 0 0 0
0.038 1.688 0.013 0 0 0
-0.038 -0.738 -1.038 0 0 0
-0.013 -0.738 -1.038 0 0 0
3.363 -2.087 -0.238 0 0 0
-1.663 0.113 -1.213 0 0 0
0.638 0.838 -0.638 0 0 0
-5.013 -9.037 0.013 0 0 0
-14.763 6.338 8.188 0 0 0
0.188 -0.888 -1.038 0 0 0
-2.513 -0.588 0.013 0 0 0
0.288 1.312 -0.613 0 0 0
-24.788 5.788 8.138 0 0 0
0.663 -0.788 -0.988 0 0 0
-2.663 4.438 0.138 0 0 0
0.238 -0.638 0.013 0 0 0
-0.388 1.688 0.013 0 0 0
-0.463 -0.738 -1.038 0 0 0
0.038 2.438 0.013 0 0 0
-0.613 -1.238 -0.413 0 0 0
-3.562 7.038 7.938 0 0 0
-1.838 -0.013 -0.438 0 0 0
-5.438 -9.037 0.013 0 0 0
-1.263 1.513 -1.088 0 0 0
-9.088 5.738 8.188 0 0 0
-2.087 0.038 0.163 0 0 0
-0.238 -0.888 -1.038 0 0 0
-15.863 1.588 14.163 0 0 0
-19.113 4.513 5.562 0 0 0
-5.513 7.163 6.938 0 0 0
-2.388 -0.763 -1.113 0 0 0
-11.538 14.013 9.238 0 0 0
3.812 -2.062 -0.588 0 0 0
4.163 4.988 7.013 0 0 0
-14.562 -8.738 0.013 0 0 0
-22.638 -6.062 0.013 0 0 0
0.938 -0.138 -1.338 0 0 0
0.663 -1.338 -1.113 0 0 0
-5.863 -9.037 0.013 0 0 0
-1.688 1.513 -1.088 0 0 0
-2.513 0.038 0.163 0 0 0
-2.363 5.763 8.013 0 0 0
-0.663 -0.888 -1.038 0 0 0
-1.963 -0.213 -2.513 0 0 0
-3.388 2.087 0.388 0 0 0
-1.562 -1.413 -1.113 0 0 0
-14.363 -10.438 0.013 0 0 0
-5.463 -9.838 0.013 0 0 0
-2.062 3.038 -0.988 0 0 0
3.888 -3.812 1.988 0 0 0
1.088 -0.363 -3.513 0 0 0
-0.463 0.812 0.788 0 0 0
3.838 -4.163 2.513 0 0 0
-0.163 5.888 7.863 0 0 0
0.913 0.562 -0.062 0 0 0
1.038 9.963 3.038 0 0 0
-1.163 -0.763 -1.062 0 0 0
-0.588 -0.913 0.013 0 0 0
-1.988 -1.413 -1.113 0 0 0
-1.238 -0.312 -3.363 0 0 0
-5.463 -9.088 0.013 0 0 0
-3.238 3.213 -0.363 0 0 0
-2.163 -0.413 -0.463 0 0 0
-2.188 2.062 -1.088 0 0 0
3.863 -3.038 1.888 0 0 0
-14.463 -8.688 0.013 0 0 0
0.788 0.888 -0.013 0 0 0
0.913 0.438 0.088 0 0 0
-3.312 0.263 0.138 0 0 0
-3.013 1.463 0.013 0 0 0
-1.588 -0.763 -1.062 0 0 0
0.888 -0.163 -1.438 0 0 0
-0.513 0.013 0.013 0 0 0
-2.863 -0.613 -0.213 0 0 0
0.638 -0.988 -1.088 0 0 0
-0.213 -0.138 -1.388 0 0 0
0.812 -1.638 -1.088 0 0 0
3.938 3.088 4.338 0 0 0
0.038 0.738 -0.588 0 0 0
-3.238 -0.988 0.013 0 0 0
-3.388 1.562 0.663 0 0 0
-9.287 7.788 7.713 0 0 0
-2.863 1.288 -0.338 0 0 0
0.438 0.513 0.438 0 0 0
3.863 -2.288 1.888 0 0 0
-22.163 4.038 5.713 0 0 0
-3.438 1.463 0.013 0 0 0
0.913 0.613 0.488 0 0 0
-17.038 6.562 8.412 0 0 0
-0.088 0.062 0.562 0 0 0
0.713 6.488 7.263 0 0 0
-3.338 -1.988 0.013 0 0 0
-5.288 10.288 1.488 0 0 0
-3.338 1.363 0.013 0 0 0
-0.812 1.463 0.013 0 0 0
-0.238 -0.188 -0.188 0 0 0
-4.062 12.013 7.312 0 0 0
-3.263 -0.213 -0.088 0 0 0
-2.638 9.988 2.763 0 0 0
-3.763 -2.438 0.263 0 0 0
-0.513 -0.138 -1.513 0 0 0
-2.363 -0.138 -1.713 0 0 0
2.038 -7.763 3.863 0 0 0
-25.513 9.713 1.613 0 0 0
-3.663 12.838 8.363 0 0 0
-3.363 -0.638 0.188 0 0 0
0.688 0.938 0.213 0 0 0
0.663 0.963 0.113 0 0 0
-2.738 -0.062 -1.062 0 0 0
3.913 -4.513 1.788 0 0 0
-3.338 0.663 0.562 0 0 0
0.513 -1.338 -0.963 0 0 0
3.812 -2.963 -0.038 0 0 0
-1.913 -2.013 -0.938 0 0 0
3.738 5.488 1.913 0 0 0
0.613 1.438 -0.938 0 0 0
-1.238 1.463 0.013 0 0 0
-4.312 2.513 -0.663 0 0 0
0.938 0.463 0.488 0 0 0
-3.163 1.012 0.188 0 0 0
-1.713 -1.263 -0.513 0 0 0
-5.163 12.062 7.288 0 0 0
-0.913 -0.738 -1.012 0 0 0
-1.163 1.663 0.013 0 0 0
-12.388 6.338 8.238 0 0 0
-0.938 -0.138 -1.513 0 0 0
3.688 -0.213 -1.688 0 0 0
0.188 0.113 -1.213 0 0 0
-26.413 1.062 7.463 0 0 0
-12.038 1.763 16.438 0 0 0
-3.312 1.363 0.938 0 0 0
3.838 -3.562 0.388 0 0 0
-2.163 -1.088 -1.038 0 0 0
-4.138 1.012 9.663 0 0 0
-3.338 0.388 0.537 0 0 0
-5.938 1.763 17.113 0 0 0
-3.188 -0.562 -0.213 0 0 0
-1.137 -0.163 -1.663 0 0 0
-14.513 6.863 8.287 0 0 0
-2.613 7.213 7.913 0 0 0
-1.338 -0.738 -1.012 0 0 0
-1.363 -0.138 -1.513 0 0 0
-2.087 0.013 -0.038 0 0 0
0.088 0.038 0.463 0 0 0
-0.263 0.062 0.062 0 0 0
-2.562 5.863 7.913 0 0 0
-1.338 1.213 0.013 0 0 0
-1.413 -2.062 -0.888 0 0 0
1.713 5.812 8.013 0 0 0
-0.288 0.113 1.113 0 0 0
-2.538 -2.013 -0.938 0 0 0
0.513 1.488 -0.688 0 0 0
0.963 0.312 0.138 0 0 0
-1.638 -0.188 -2.013 0 0 0
0.863 -7.763 3.038 0 0 0
-25.413 5.413 6.538 0 0 0
-19.288 4.562 3.812 0 0 0
3.388 -2.913 0.513 0 0 0
-2.812 3.188 -0.562 0 0 0
-0.488 0.113 0.963 0 0 0
-1.838 -2.062 -0.888 0 0 0
1.913 6.013 7.888 0 0 0
-2.388 0.013 -0.163 0 0 0
0.863 -0.738 -1.012 0 0 0
-4.513 -15.788 0.013 0 0 0
0.263 0.562 0.488 0 0 0
-0.788 -0.988 -1.088 0 0 0
0.638 -0.163 -1.663 0 0 0
0.288 1.363 -0.788 0 0 0
-1.388 -0.763 -1.113 0 0 0
4.013 4.312 6.188 0 0 0
-2.263 -2.062 -0.888 0 0 0
-13.788 5.788 7.963 0 0 0
-3.312 -0.638 0.088 0 0 0
3.163 -0.613 7.562 0 0 0
0.413 0.338 -0.263 0 0 0
-7.888 -10.088 0.013 0 0 0
-1.288 -1.188 -1.088 0 0 0
-3.613 10.463 1.513 0 0 0
3.663 5.863 8.213 0 0 0
3.913 -4.263 2.212 0 0 0
0.913 0.413 -0.113 0 0 0
-6.988 1.763 17.113 0 0 0
0.838 -0.938 0.013 0 0 0
-0.562 0.238 0.338 0 0 0
0.638 1.513 0.013 0 0 0
0.812 0.863 0.013 0 0 0
-2.513 -1.863 -1.038 0 0 0
0.713 1.713 0.013 0 0 0
0.638 -0.312 -3.188 0 0 0
0.238 0.613 0.263 0 0 0
0.388 -0.463 -0.263 0 0 0
-6.488 -2.613 -0.312 0 0 0
-2.113 -1.038 0.013 0 0 0
-0.537 5.838 7.938 0 0 0
-2.163 -0.138 -1.763 0 0 0
0.388 0.863 0.013 0 0 0
3.038 7.138 6.913 0 0 0
2.087 -7.663 5.463 0 0 0
-1.588 -0.888 -0.963 0 0 0
-5.038 -9.488 0.013 0 0 0
3.938 -1.513 1.438 0 0 0
-2.013 -0.763 -1.113 0 0 0
-3.463 3.113 -0.038 0 0 0
-2.363 -0.163 -1.913 0 0 0
-2.113 -0.288 0.013 0 0 0
0.663 -0.088 -0.863 0 0 0
-3.688 -2.838 -0.288 0 0 0
-3.062 6.488 7.938 0 0 0
0.913 -1.463 -1.113 0 0 0
-0.738 -0.138 -1.562 0 0 0
-15.213 1.738 15.613 0 0 0
-1.613 -1.388 -0.188 0 0 0
0.263 1.338 -0.638 0 0 0
-2.013 -0.888 -0.963 0 0 0
-5.812 5.513 7.838 0 0 0
-13.863 -9.013 0.013 0 0 0
0.913 0.488 -0.088 0 0 0
-0.938 -0.163 -1.713 0 0 0
-5.838 5.838 7.713 0 0 0
-2.013 0.038 0.038 0 0 0
-2.188 -0.488 -0.588 0 0 0
-3.263 -0.338 0.013 0 0 0
0.238 -1.713 -1.163 0 0 0
-2.013 7.988 7.763 0 0 0
-6.088 -0.788 8.588 0 0 0
0.913 0.788 0.163 0 0 0
0.113 1.263 0.013 0 0 0
0.213 -0.788 -1.012 0 0 0
0.938 0.312 0.438 0 0 0
0.738 0.888 0.288 0 0 0
-3.913 -1.913 0.463 0 0 0
0.588 -1.263 -0.338 0 0 0
0.888 -0.062 -0.463 0 0 0
0.713 0.913 0.188 0 0 0
0.088 -0.288 0.013 0 0 0
-18.863 5.288 4.062 0 0 0
-1.263 5.713 8.037 0 0 0
-20.838 5.413 7.438 0 0 0
0.062 -0.263 -0.088 0 0 0
-3.438 1.513 -0.163 0 0 0
-3.062 1.312 0.013 0 0 0
-10.213 7.338 7.363 0 0 0
0.163 3.263 0.013 0 0 0
-3.312 0.488 0.363 0 0 0
-3.488 -1.913 -0.138 0 0 0
-11.463 -11.463 0.013 0 0 0
4.413 6.413 8.162 0 0 0
-2.038 -0.812 -1.113 0 0 0
-3.263 0.413 0.013 0 0 0
3.988 2.763 3.788 0 0 0
-0.213 -0.788 -1.012 0 0 0
4.213 3.213 4.062 0 0 0
-17.562 1.062 8.488 0 0 0
-3.288 -1.137 0.013 0 0 0
-0.888 -0.738 -1.038 0 0 0
0.013 -0.938 -1.012 0 0 0
0.688 -0.963 -0.988 0 0 0
-9.888 6.938 8.312 0 0 0
4.188 3.538 3.938 0 0 0
0.062 0.488 -0.088 0 0 0
-3.238 3.613 0.263 0 0 0
-3.088 -10.738 0.013 0 0 0
-3.062 -1.288 0.013 0 0 0
-8.088 5.988 8.013 0 0 0
3.938 -2.013 1.863 0 0 0
-14.263 1.663 15.163 0 0 0
-3.363 -0.588 0.013 0 0 0
3.913 -0.188 -1.338 0 0 0
-2.988 2.263 0.013 0 0 0
-0.138 1.363 0.013 0 0 0
-5.613 -10.113 0.013 0 0 0
-3.288 -0.388 0.013 0 0 0
-2.863 0.363 0.013 0 0 0
-7.438 9.913 2.388 0 0 0
-1.312 -0.738 -1.038 0 0 0
-16.463 6.013 8.287 0 0 0
-2.688 0.688 -0.363 0 0 0
-3.213 5.738 8.088 0 0 0
4.163 3.288 3.812 0 0 0
-0.638 1.163 0.013 0 0 0
-0.788 0.062 -0.113 0 0 0
0.338 -0.438 -0.338 0 0 0
-9.488 5.688 7.963 0 0 0
-3.588 -0.888 -1.012 0 0 0
-0.562 1.363 0.013 0 0 0
-1.638 0.062 0.488 0 0 0
0.163 0.562 0.312 0 0 0
3.138 0.913 9.688 0 0 0
-3.113 -10.812 0.013 0 0 0
0.812 0.188 2.113 0 0 0
-1.062 1.163 0.013 0 0 0
-6.338 -9.388 0.013 0 0 0
3.812 -2.913 -0.812 0 0 0
4.038 6.088 7.938 0 0 0
-11.888 -9.963 0.013 0 0 0
0.138 0.013 -0.062 0 0 0
-0.113 7.138 8.013 0 0 0
-3.213 -1.913 0.013 0 0 0
-3.388 1.238 0.163 0 0 0
-2.138 -0.463 -0.688 0 0 0
-1.488 1.163 0.013 0 0 0
-12.312 -9.963 0.013 0 0 0
-1.363 0.088 -1.288 0 0 0
0.938 0.388 -0.138 0 0 0
0.413 -0.312 -3.238 0 0 0
-2.388 0.062 0.338 0 0 0
-1.113 -9.088 0.013 0 0 0
-0.013 0.713 0.562 0 0 0
-0.963 -0.363 -3.838 0 0 0
-2.812 -0.688 -0.338 0 0 0
4.188 3.738 3.213 0 0 0
-10.613 14.838 7.938 0 0 0
0.562 -1.863 -1.062 0 0 0
-1.137 10.812 1.538 0 0 0
-0.738 -0.363 -3.838 0 0 0
-3.388 1.413 0.562 0 0 0
-9.588 -11.413 0.013 0 0 0
3.488 0.738 7.812 0 0 0
3.738 -2.138 0.738 0 0 0
3.913 3.888 0.513 0 0 0
1.012 -0.363 -3.488 0 0 0
-2.963 4.062 0.438 0 0 0
0.413 -0.488 -0.288 0 0 0
-0.438 0.113 1.062 0 0 0
0.888 0.663 0.613 0 0 0
-2.488 0.062 -0.013 0 0 0
-1.663 -2.388 -0.888 0 0 0
4.237 -7.338 0.013 0 0 0
-16.413 9.062 7.938 0 0 0
-2.038 8.138 7.038 0 0 0
4.138 3.688 3.988 0 0 0
0.488 -0.288 -0.288 0 0 0
3.788 -1.913 0.638 0 0 0
-1.613 1.363 0.013 0 0 0
3.113 -7.788 2.513 0 0 0
-1.463 -0.213 -2.438 0 0 0
-0.788 -0.238 -2.413 0 0 0
-2.212 -0.288 -0.163 0 0 0
4.312 4.812 5.288 0 0 0
0.188 -7.562 5.213 0 0 0
4.263 -8.388 0.013 0 0 0
3.812 -3.038 2.688 0 0 0
-5.388 6.988 8.312 0 0 0
-14.288 1.663 15.188 0 0 0
-0.312 -0.062 -0.062 0 0 0
-6.988 -10.363 0.013 0 0 0
0.913 0.338 -0.138 0 0 0
-3.213 10.038 2.738 0 0 0
-7.113 6.963 7.988 0 0 0
-7.288 -9.663 0.013 0 0 0
-0.663 5.888 7.888 0 0 0
-5.688 6.238 8.188 0 0 0
0.663 -0.062 -0.513 0 0 0
-3.288 0.613 0.438 0 0 0
3.488 0.588 6.288 0 0 0
3.812 7.713 1.038 0 0 0
-1.213 1.312 0.013 0 0 0
2.363 10.013 3.163 0 0 0
-0.363 0.913 0.738 0 0 0
4.538 -9.738 0.013 0 0 0
-8.662 1.763 16.887 0 0 0
-10.513 1.763 16.688 0 0 0
4.237 -5.838 0.013 0 0 0
0.913 0.513 0.263 0 0 0
-8.863 8.162 7.388 0 0 0
-7.188 8.088 7.062 0 0 0
-1.088 -0.763 -0.988 0 0 0
0.363 -0.513 -0.388 0 0 0
-0.188 0.663 0.088 0 0 0
-0.013 0.613 -0.413 0 0 0
-0.038 0.613 -0.413 0 0 0
0.938 -0.688 0.013 0 0 0
-1.812 -1.838 -1.012 0 0 0
-1.638 1.312 0.013 0 0 0
0.938 6.238 7.713 0 0 0
0.913 0.812 0.513 0 0 0
0.138 0.562 0.613 0 0 0
0.963 1.438 -0.913 0 0 0
-1.513 -0.238 -2.538 0 0 0
4.038 3.312 4.138 0 0 0
3.863 1.963 0.013 0 0 0
-4.038 15.438 8.787 0 0 0
3.713 2.312 0.013 0 0 0
-7.363 7.062 7.988 0 0 0
0.238 -1.088 -1.062 0 0 0
0.488 -0.213 -0.263 0 0 0
-1.988 7.138 7.838 0 0 0
3.863 -1.663 0.663 0 0 0
-6.638 16.238 6.238 0 0 0
-2.238 -1.838 -1.012 0 0 0
0.788 0.413 0.013 0 0 0
0.938 8.013 7.738 0 0 0
-11.013 -7.163 2.062 0 0 0
-0.088 -0.238 -2.337 0 0 0
-3.263 -0.288 -0.163 0 0 0
4.237 7.213 1.463 0 0 0
0.938 0.363 0.263 0 0 0
3.713 0.663 7.312 0 0 0
-11.038 10.213 1.538 0 0 0
-4.112 -0.888 -0.588 0 0 0
-1.613 -1.213 -1.113 0 0 0
0.713 0.963 0.013 0 0 0
0.562 1.312 0.013 0 0 0
-0.088 0.738 0.488 0 0 0
0.888 -0.588 -0.238 0 0 0
-1.713 -0.238 -2.538 0 0 0
-10.538 -10.913 0.013 0 0 0
0.537 1.312 -0.763 0 0 0
0.363 0.413 0.013 0 0 0
3.388 -2.038 -0.238 0 0 0
-1.788 0.113 0.938 0 0 0
0.638 0.938 0.413 0 0 0
-3.888 -7.438 4.288 0 0 0
-0.438 -0.138 -1.438 0 0 0
0.288 0.963 0.013 0 0 0
-0.338 -0.238 -0.163 0 0 0
0.038 -0.438 0.013 0 0 0
0.138 1.312 0.013 0 0 0
3.562 -6.038 5.138 0 0 0
3.763 -1.913 0.663 0 0 0
-2.812 5.812 7.812 0 0 0
-2.138 -0.763 -0.988 0 0 0
-3.463 0.238 1.888 0 0 0
0.613 -0.938 -0.763 0 0 0
3.763 6.013 2.087 0 0 0
-13.488 1.738 15.938 0 0 0
-5.438 -11.163 0.013 0 0 0
-13.638 -9.913 0.013 0 0 0
-1.562 11.463 8.787 0 0 0
-5.363 -17.512 0.013 0 0 0
-3.363 -1.863 -1.038 0 0 0
4.138 3.413 4.688 0 0 0
-2.688 0.613 -0.388 0 0 0
-2.513 -0.062 -0.113 0 0 0
-2.438 -0.763 -1.113 0 0 0
-0.863 -0.988 -1.062 0 0 0
3.913 3.438 4.838 0 0 0
0.138 -0.388 0.013 0 0 0
-3.238 -0.163 -1.938 0 0 0
-2.363 0.062 0.312 0 0 0
-3.263 3.738 0.537 0 0 0
-7.812 1.738 16.613 0 0 0
-4.713 1.038 10.038 0 0 0
-1.713 0.088 0.713 0 0 0
0.863 0.838 0.438 0 0 0
0.138 -0.513 0.163 0 0 0
0.163 0.738 -0.613 0 0 0
-2.163 -0.812 -0.988 0 0 0
-0.062 0.038 0.288 0 0 0
3.963 2.238 0.963 0 0 0
-3.088 1.038 0.413 0 0 0
-2.163 -0.363 -0.562 0 0 0
-3.213 -0.838 -0.138 0 0 0
-3.513 0.213 1.788 0 0 0
-8.588 -11.413 0.013 0 0 0
-1.812 -0.138 -1.738 0 0 0
-0.062 0.488 0.038 0 0 0
-5.463 -11.213 0.013 0 0 0
-3.488 -1.663 -1.038 0 0 0
-0.488 0.038 0.288 0 0 0
4.263 4.338 5.638 0 0 0
-10.438 9.812 2.113 0 0 0
-2.238 -0.138 -1.738 0 0 0
-15.663 1.613 14.463 0 0 0
0.038 -0.812 -0.988 0 0 0
-0.013 5.963 7.863 0 0 0
-4.913 7.812 7.638 0 0 0
-3.288 2.087 0.913 0 0 0
0.663 -0.238 -2.238 0 0 0
-2.688 0.062 -1.113 0 0 0
-2.913 -0.638 -0.213 0 0 0
0.263 -0.963 -0.988 0 0 0
3.913 2.788 1.137 0 0 0
-0.113 0.562 -0.213 0 0 0
-2.062 -1.213 -1.088 0 0 0
-3.388 1.338 0.537 0 0 0
3.988 3.238 4.438 0 0 0
-9.412 1.113 10.013 0 0 0
-1.113 2.513 0.013 0 0 0
-7.938 7.513 7.638 0 0 0
-7.938 -0.537 6.363 0 0 0
-0.812 -0.138 -1.538 0 0 0
-1.913 -3.438 -0.812 0 0 0
-8.838 -11.312 0.013 0 0 0
-7.413 7.113 8.062 0 0 0
-0.388 -0.812 -0.988 0 0 0
-3.913 -0.913 -1.038 0 0 0
-4.112 -0.913 -0.788 0 0 0
-9.463 1.038 9.363 0 0 0
-0.938 5.738 7.963 0 0 0
4.088 -0.312 -2.738 0 0 0
-3.438 0.088 0.013 0 0 0
-1.288 7.613 6.288 0 0 0
-0.213 -0.138 0.038 0 0 0
-1.938 -0.238 -2.588 0 0 0
-3.312 1.538 0.013 0 0 0
3.938 -4.188 1.363 0 0 0
0.213 0.038 0.438 0 0 0
-3.238 3.338 -0.363 0 0 0
0.013 -0.288 0.038 0 0 0
0.788 0.863 -0.288 0 0 0
-7.763 5.713 7.688 0 0 0
-0.438 -0.163 -1.638 0 0 0
-2.413 11.838 9.062 0 0 0
-4.138 -1.988 0.388 0 0 0
3.788 -1.812 1.012 0 0 0
0.588 -0.038 -0.288 0 0 0
0.863 0.062 0.838 0 0 0
-14.738 -0.763 9.138 0 0 0
3.938 -3.438 2.038 0 0 0
-3.312 0.838 0.562 0 0 0
-6.688 -9.213 0.013 0 0 0
-0.213 0.613 0.038 0 0 0
-6.688 -15.763 0.013 0 0 0
-18.963 4.737 3.713 0 0 0
-0.213 0.038 0.438 0 0 0
-2.288 -1.288 -0.562 0 0 0
4.312 -9.238 0.013 0 0 0
3.938 -2.988 1.788 0 0 0
-0.863 -0.163 -1.638 0 0 0
-6.713 16.113 7.213 0 0 0
-2.613 -1.012 -1.088 0 0 0
-1.538 -0.138 -1.663 0 0 0
4.263 4.088 4.487 0 0 0
-2.588 6.963 7.888 0 0 0
-0.088 0.038 0.312 0 0 0
-10.062 -10.062 0.013 0 0 0
-3.338 1.488 0.688 0 0 0
-17.213 1.113 9.062 0 0 0
-2.788 1.888 -0.562 0 0 0
-1.288 -0.363 -3.713 0 0 0
-2.038 9.888 2.788 0 0 0
3.963 3.062 0.388 0 0 0
-2.138 0.013 -0.038 0 0 0
3.913 0.213 0.013 0 0 0
3.188 6.388 8.188 0 0 0
3.613 -0.163 -1.163 0 0 0
-7.038 -9.013 0.013 0 0 0
-8.863 5.788 8.287 0 0 0
-7.013 -9.312 0.013 0 0 0
-3.188 0.988 -0.312 0 0 0
-1.538 1.538 0.013 0 0 0
0.562 -0.138 -1.438 0 0 0
-0.513 0.038 0.312 0 0 0
-1.388 5.688 7.963 0 0 0
4.112 3.738 4.362 0 0 0
0.488 -0.613 -0.788 0 0 0
-0.062 -0.288 -0.163 0 0 0
-6.812 7.138 8.513 0 0 0
-2.038 -2.163 -0.913 0 0 0
3.812 -3.263 0.537 0 0 0
4.188 -7.863 0.013 0 0 0
-1.713 0.062 0.513 0 0 0
3.913 -0.363 4.362 0 0 0
0.338 -0.238 -0.312 0 0 0
-1.338 3.188 0.013 0 0 0
0.688 -1.738 -1.188 0 0 0
1.638 3.888 5.413 0 0 0
-3.263 -0.062 0.062 0 0 0
-19.163 5.663 4.362 0 0 0
0.988 -0.088 -0.888 0 0 0
-4.913 -9.213 0.013 0 0 0
-1.938 0.088 0.663 0 0 0
-1.963 1.538 0.013 0 0 0
-3.363 1.688 0.312 0 0 0
-16.238 -11.363 0.013 0 0 0
-3.288 -0.588 0.088 0 0 0
0.312 1.688 -0.537 0 0 0
0.963 0.838 0.013 0 0 0
-2.188 -0.338 -0.388 0 0 0
4.213 3.488 4.788 0 0 0
0.738 0.413 -0.263 0 0 0
-1.763 3.188 0.013 0 0 0
-5.062 6.413 7.812 0 0 0
0.788 0.812 0.638 0 0 0
-1.263 -1.438 -1.113 0 0 0
-16.688 6.688 7.688 0 0 0
0.663 1.562 0.013 0 0 0
-0.438 0.088 -1.213 0 0 0
-22.288 6.113 0.113 0 0 0
-13.438 -9.412 0.013 0 0 0
-2.138 -0.838 -1.012 0 0 0
4.263 5.863 7.863 0 0 0
-7.363 1.788 17.213 0 0 0
-0.363 0.013 -0.013 0 0 0
0.788 -0.088 -0.888 0 0 0
-2.838 1.713 -0.513 0 0 0
-8.588 7.213 7.938 0 0 0
-0.463 0.163 -0.163 0 0 0
-2.188 -0.163 0.013 0 0 0
4.188 -6.213 0.013 0 0 0
-2.788 -0.113 -1.413 0 0 0
3.788 8.787 1.188 0 0 0
-3.388 -0.288 -0.013 0 0 0
-4.588 -7.413 4.763 0 0 0
-2.062 1.288 0.013 0 0 0
0.663 2.312 0.013 0 0 0
0.062 0.062 0.513 0 0 0
0.213 0.863 -0.138 0 0 0
-2.087 -0.263 0.013 0 0 0
-1.988 1.488 0.013 0 0 0
1.812 5.838 8.013 0 0 0
-17.762 10.513 8.938 0 0 0
-14.113 -0.763 9.088 0 0 0
-1.838 -0.013 -0.338 0 0 0
0.413 0.738 -0.238 0 0 0
-0.088 -0.913 -0.288 0 0 0
-0.013 5.688 7.963 0 0 0
1.012 -0.062 -0.488 0 0 0
-3.312 0.638 -0.013 0 0 0
-2.988 4.763 0.513 0 0 0
2.463 -7.463 6.263 0 0 0
3.938 -1.738 1.312 0 0 0
0.738 0.038 0.013 0 0 0
3.238 -5.163 1.413 0 0 0
0.788 -0.038 -0.338 0 0 0
-2.988 -2.413 -0.913 0 0 0
0.938 -0.138 -1.238 0 0 0
-16.887 -8.988 0.013 0 0 0
-3.213 -7.488 4.312 0 0 0
-3.038 -1.888 -0.138 0 0 0
-0.663 0.763 0.513 0 0 0
-0.963 -0.213 -2.363 0 0 0
-2.188 1.488 0.013 0 0 0
0.463 -1.213 -0.988 0 0 0
3.538 0.788 8.338 0 0 0
1.688 -7.663 3.788 0 0 0
0.288 -1.263 -0.363 0 0 0
3.812 -2.188 -0.338 0 0 0
-0.488 0.088 0.113 0 0 0
-2.913 1.288 0.013 0 0 0
1.062 -0.138 -1.363 0 0 0
-0.763 -0.738 -1.062 0 0 0
3.838 -1.788 -0.213 0 0 0
-2.738 0.613 -0.388 0 0 0
-5.688 -10.713 0.013 0 0 0
0.738 5.013 4.663 0 0 0
-0.588 -0.963 -1.038 0 0 0
-3.138 2.188 0.013 0 0 0
3.863 -2.913 1.838 0 0 0
-0.113 -0.263 -0.238 0 0 0
4.213 2.812 3.538 0 0 0
3.788 -3.663 2.238 0 0 0
-7.513 1.738 16.738 0 0 0
-6.312 13.413 7.812 0 0 0
-11.663 9.913 2.038 0 0 0
0.513 1.688 0.013 0 0 0
-3.663 2.013 -0.688 0 0 0
0.113 0.463 0.288 0 0 0
0.638 -0.138 -1.363 0 0 0
-1.188 -0.738 -1.062 0 0 0
-3.062 -10.713 0.013 0 0 0
-0.688 0.838 0.363 0 0 0
0.938 1.988 0.188 0 0 0
0.312 0.788 0.013 0 0 0
4.163 -0.188 -1.488 0 0 0
-8.738 -9.363 0.013 0 0 0
0.363 0.713 -0.338 0 0 0
-1.413 -1.738 -0.938 0 0 0
0.788 0.888 0.062 0 0 0
0.163 -0.312 -0.113 0 0 0
0.913 0.438 0.188 0 0 0
0.113 3.238 0.013 0 0 0
-3.312 0.263 0.238 0 0 0
-4.838 8.188 5.963 0 0 0
3.988 2.538 3.663 0 0 0
0.763 5.838 8.013 0 0 0
0.088 1.688 0.013 0 0 0
0.688 -1.438 -0.213 0 0 0
-1.613 -0.738 -1.062 0 0 0
-3.062 -3.413 0.013 0 0 0
2.763 5.938 7.963 0 0 0
0.738 0.838 0.562 0 0 0
-2.638 -9.213 0.013 0 0 0
-14.588 6.913 8.338 0 0 0
-3.288 0.537 -0.238 0 0 0
-3.088 -0.913 -0.613 0 0 0
-1.888 1.838 -1.088 0 0 0
3.788 -3.038 2.388 0 0 0
-18.713 5.562 7.663 0 0 0
-2.888 0.288 -0.363 0 0 0
1.012 -0.163 -1.463 0 0 0
-1.513 -0.838 -1.062 0 0 0
0.913 0.613 0.588 0 0 0
-3.463 1.513 -0.263 0 0 0
-0.188 1.338 0.013 0 0 0
-0.338 1.688 0.013 0 0 0
0.088 2.438 0.013 0 0 0
-10.238 16.338 7.013 0 0 0
-0.088 0.062 0.663 0 0 0
-1.588 -2.188 -0.938 0 0 0
-1.288 -0.988 -1.062 0 0 0
0.938 -2.087 -0.938 0 0 0
4.163 6.538 7.663 0 0 0
-4.088 -7.238 5.763 0 0 0
-5.588 -9.312 0.013 0 0 0
3.913 -2.788 1.363 0 0 0
3.963 3.363 4.713 0 0 0
-3.312 0.888 0.388 0 0 0
-14.312 -11.188 0.013 0 0 0
-3.263 -0.213 0.013 0 0 0
3.113 -9.613 0.013 0 0 0
0.588 -0.163 -1.463 0 0 0
-0.513 -0.138 -1.413 0 0 0
0.963 -0.488 -0.312 0 0 0
-1.363 -0.188 -1.963 0 0 0
-1.713 -0.988 -1.062 0 0 0
3.363 -0.788 9.287 0 0 0
-26.038 -0.713 8.363 0 0 0
0.038 -0.238 0.038 0 0 0
-3.363 0.238 0.138 0 0 0
-3.363 -1.213 0.013 0 0 0
2.113 -7.488 6.263 0 0 0
0.363 -0.238 -0.338 0 0 0
-3.138 0.088 0.138 0 0 0
-2.363 -0.838 -1.062 0 0 0
-11.613 1.763 16.463 0 0 0
1.137 -0.363 -3.513 0 0 0
-3.913 0.988 9.613 0 0 0
0.537 -0.488 -0.312 0 0 0
0.763 -0.013 -0.013 0 0 0
0.763 -0.038 -0.013 0 0 0
4.237 4.688 6.263 0 0 0
0.338 -0.488 -0.062 0 0 0
3.938 -2.763 2.013 0 0 0
-16.238 1.638 14.488 0 0 0
0.363 0.513 0.338 0 0 0
0.163 -1.438 -1.113 0 0 0
4.138 4.763 4.588 0 0 0
-3.213 7.013 7.963 0 0 0
-14.638 1.713 15.562 0 0 0
-12.663 1.062 9.113 0 0 0
-0.938 1.238 0.013 0 0 0
-3.312 1.812 0.788 0 0 0
-3.438 3.388 -1.137 0 0 0
-0.863 1.438 0.013 0 0 0
0.913 0.688 0.613 0 0 0
-4.913 -7.288 4.188 0 0 0
3.838 3.438 4.863 0 0 0
3.863 7.513 1.012 0 0 0
-1.613 7.588 6.263 0 0 0
0.513 -0.263 -0.288 0 0 0
-6.213 5.638 7.488 0 0 0
-1.363 1.238 0.013 0 0 0
3.938 3.638 0.488 0 0 0
-3.338 0.138 0.938 0 0 0
-9.363 -7.413 4.388 0 0 0
-1.288 1.438 0.013 0 0 0
3.963 -3.963 1.163 0 0 0
-7.538 10.312 1.513 0 0 0
0.888 0.438 0.488 0 0 0
-5.713 7.913 7.763 0 0 0
-0.963 -0.763 -1.012 0 0 0
-16.688 6.163 7.913 0 0 0
0.463 0.088 -0.913 0 0 0
0.113 0.713 -0.562 0 0 0
-25.163 5.062 5.738 0 0 0
0.838 -0.138 -1.413 0 0 0
-1.012 -0.138 -1.613 0 0 0
-1.788 1.238 0.013 0 0 0
-2.488 0.138 0.088 0 0 0
-0.288 0.238 -0.213 0 0 0
-0.963 1.188 0.013 0 0 0
-3.188 -1.413 -1.088 0 0 0
-2.438 0.113 0.888 0 0 0
4.237 4.138 5.538 0 0 0
0.288 0.537 0.613 0 0 0
-1.388 -0.763 -1.012 0 0 0
-3.288 0.388 0.312 0 0 0
-1.638 0.088 0.788 0 0 0
-0.062 -0.788 -1.062 0 0 0
-2.488 -0.213 -2.588 0 0 0
-0.188 0.562 -0.188 0 0 0
-1.388 1.188 0.013 0 0 0
4.237 -7.963 0.013 0 0 0
-10.938 -7.263 1.388 0 0 0
0.863 1.963 0.113 0 0 0
-9.988 6.538 7.613 0 0 0
-2.038 0.013 -0.263 0 0 0
0.038 0.463 0.213 0 0 0
1.788 9.988 3.113 0 0 0
-2.788 0.113 -1.188 0 0 0
0.537 -1.738 -1.163 0 0 0
-1.738 -0.138 -1.663 0 0 0
0.588 -0.312 -0.238 0 0 0
-2.488 -0.738 -1.038 0 0 0
-1.137 -0.788 -0.988 0 0 0
-2.863 1.263 -0.438 0 0 0
-5.588 1.012 9.588 0 0 0
-2.538 -0.188 -0.263 0 0 0
0.413 -0.363 -0.288 0 0 0
-3.163 0.113 0.838 0 0 0
1.688 7.613 6.312 0 0 0
-4.663 7.988 6.938 0 0 0
1.012 0.738 0.013 0 0 0
-1.812 1.188 0.013 0 0 0
-1.438 -9.088 0.013 0 0 0
-3.312 0.562 -0.062 0 0 0
4.112 3.288 4.013 0 0 0
0.938 1.288 0.013 0 0 0
0.338 0.513 0.363 0 0 0
-3.388 0.113 0.588 0 0 0
4.163 -6.663 0.013 0 0 0
0.588 0.738 0.013 0 0 0
-2.038 -0.138 -1.788 0 0 0
3.812 -2.263 -0.363 0 0 0
3.863 -0.537 6.438 0 0 0
3.863 -1.838 1.688 0 0 0
0.688 -0.688 -0.263 0 0 0
3.788 -3.263 -0.488 0 0 0
-2.388 -1.113 -1.062 0 0 0
0.763 0.838 0.537 0 0 0
-2.138 -0.263 0.013 0 0 0
-1.812 -1.263 0.013 0 0 0
0.663 -0.088 -0.763 0 0 0
-1.738 -0.088 -1.113 0 0 0
-3.338 0.638 0.463 0 0 0
-12.513 1.788 16.463 0 0 0
0.788 -0.963 0.013 0 0 0
-1.963 0.113 0.788 0 0 0
-14.562 5.713 7.288 0 0 0
4.188 6.388 7.863 0 0 0
-6.013 7.938 6.513 0 0 0
-0.312 0.088 0.088 0 0 0
0.562 -0.363 -0.238 0 0 0
-2.038 -0.363 0.013 0 0 0
-0.888 1.838 -1.088 0 0 0
-2.463 -0.138 -1.788 0 0 0
0.838 -0.913 -1.012 0 0 0
-0.062 0.062 0.638 0 0 0
-5.838 5.838 7.812 0 0 0
-1.188 -0.812 -1.088 0 0 0
-8.312 5.663 7.463 0 0 0
0.913 -0.138 -1.413 0 0 0
-7.388 -10.538 0.013 0 0 0
-2.863 -1.438 -0.138 0 0 0
-0.562 -0.312 -0.288 0 0 0
-2.013 0.038 0.138 0 0 0
-3.263 -0.338 0.113 0 0 0
1.088 1.863 -0.338 0 0 0
0.913 -0.713 -1.012 0 0 0
-2.863 -0.562 -0.288 0 0 0
0.738 0.888 0.388 0 0 0
-2.438 1.188 0.013 0 0 0
-2.663 -0.163 -1.938 0 0 0
-3.388 0.163 1.137 0 0 0
0.688 1.388 0.013 0 0 0
0.913 0.363 0.163 0 0 0
4.188 3.363 3.638 0 0 0
-1.312 1.838 -1.088 0 0 0
0.062 -0.263 0.013 0 0 0
0.413 -0.913 -1.012 0 0 0
-0.488 0.062 0.638 0 0 0
0.913 0.663 0.413 0 0 0
3.763 0.713 7.713 0 0 0
-3.213 0.812 0.738 0 0 0
-1.588 0.088 0.688 0 0 0
-2.863 -1.713 -0.163 0 0 0
-1.638 -0.913 -0.963 0 0 0
0.288 -0.413 0.013 0 0 0
0.888 0.688 0.312 0 0 0
0.488 -0.713 -1.012 0 0 0
0.863 0.562 -0.238 0 0 0
-2.738 -0.763 -1.137 0 0 0
-1.812 0.113 0.838 0 0 0
0.413 -0.213 -2.163 0 0 0
0.963 1.888 -0.338 0 0 0
-0.613 -1.113 -1.062 0 0 0
0.913 0.537 0.562 0 0 0
0.062 0.488 0.013 0 0 0
0.488 1.238 0.013 0 0 0
-3.088 -1.263 0.013 0 0 0
-2.013 0.088 0.688 0 0 0
3.938 -3.463 1.838 0 0 0
-2.888 -0.938 -0.263 0 0 0
-4.362 15.438 8.787 0 0 0
3.763 -4.338 3.763 0 0 0
-13.913 -9.037 0.013 0 0 0
-3.312 0.812 0.363 0 0 0
4.163 2.988 3.663 0 0 0
-1.413 3.038 -0.963 0 0 0
-8.763 6.312 8.338 0 0 0
3.888 2.988 1.188 0 0 0
-3.288 0.638 0.138 0 0 0
-11.088 -11.488 0.013 0 0 0
4.263 4.838 6.638 0 0 0
0.988 -1.188 -0.988 0 0 0
0.062 1.238 0.013 0 0 0
-2.613 7.538 7.863 0 0 0
-2.713 0.713 -0.363 0 0 0
0.163 -0.812 -1.012 0 0 0
0.888 0.288 0.438 0 0 0
-2.388 1.312 0.013 0 0 0
-0.913 -0.338 -3.638 0 0 0
-11.713 5.913 8.088 0 0 0
-2.438 0.088 0.688 0 0 0
-0.438 0.038 0.388 0 0 0
0.788 -1.062 -0.963 0 0 0
-1.963 0.013 -0.188 0 0 0
0.038 -0.312 0.013 0 0 0
-2.562 -0.788 -0.988 0 0 0
-3.288 -0.513 0.263 0 0 0
-2.188 -0.413 -0.463 0 0 0
0.213 0.062 0.788 0 0 0
4.163 3.163 4.062 0 0 0
4.288 4.213 5.463 0 0 0
-11.638 -7.263 4.112 0 0 0
-2.763 -0.812 -1.137 0 0 0
-0.263 -0.812 -1.012 0 0 0
0.312 5.688 7.988 0 0 0
4.163 4.713 6.488 0 0 0
-12.138 5.913 8.088 0 0 0
-3.038 5.963 7.963 0 0 0
-1.238 2.087 -1.062 0 0 0
-1.012 -0.312 -3.338 0 0 0
-0.513 6.938 7.812 0 0 0
-4.163 14.463 7.788 0 0 0
3.988 -0.263 3.013 0 0 0
-0.488 -9.213 0.013 0 0 0
3.888 -2.638 1.588 0 0 0
-2.463 -0.213 -2.538 0 0 0
-7.988 6.938 8.287 0 0 0
-8.863 -9.188 0.013 0 0 0
-1.663 2.087 -1.062 0 0 0
-3.213 -2.337 0.013 0 0 0
0.938 0.388 -0.013 0 0 0
-19.113 5.838 4.062 0 0 0
-0.613 5.938 7.812 0 0 0
-1.788 -0.013 -0.438 0 0 0
-6.338 -9.062 0.013 0 0 0
-2.863 -1.062 -0.463 0 0 0
-3.988 2.763 -0.913 0 0 0
-13.463 11.413 9.562 0 0 0
-12.238 -7.238 1.413 0 0 0
-3.513 5.888 7.312 0 0 0
-1.038 -0.213 -2.337 0 0 0
-0.763 1.688 0.013 0 0 0
-0.838 -0.738 -1.038 0 0 0
0.138 0.062 0.588 0 0 0
-3.263 -0.138 -1.888 0 0 0
3.938 -3.263 1.113 0 0 0
-12.163 -9.838 0.013 0 0 0
-10.213 1.113 10.113 0 0 0
-1.812 0.038 0.088 0 0 0
-2.488 0.062 0.062 0 0 0
-3.312 -0.588 0.013 0 0 0
3.088 7.113 7.763 0 0 0
-1.663 0.088 -1.312 0 0 0
0.913 0.463 -0.188 0 0 0
-2.538 5.788 8.162 0 0 0
0.413 -0.038 -0.438 0 0 0
0.888 0.488 -0.288 0 0 0
-2.238 -0.263 -0.163 0 0 0
-1.188 1.688 0.013 0 0 0
-2.062 1.513 -1.088 0 0 0
-3.963 -10.338 0.013 0 0 0
-3.288 1.188 0.812 0 0 0
-2.738 5.763 8.013 0 0 0
-10.213 8.037 7.038 0 0 0
-5.288 1.763 17.137 0 0 0
-6.863 -2.363 0.113 0 0 0
-3.312 0.613 0.438 0 0 0
-2.713 -1.688 -1.088 0 0 0
-15.613 -10.138 0.013 0 0 0
-13.663 1.713 15.588 0 0 0
2.588 7.638 6.338 0 0 0
0.388 0.613 -0.312 0 0 0
-1.613 1.688 0.013 0 0 0
-0.588 9.738 2.863 0 0 0
-2.113 0.038 -0.013 0 0 0
-7.013 -8.988 0.013 0 0 0
3.963 2.087 0.263 0 0 0
-3.463 1.988 -0.213 0 0 0
-3.113 8.013 7.363 0 0 0
-0.463 -0.888 -0.988 0 0 0
4.288 7.013 -1.163 0 0 0
-1.088 -0.238 -2.438 0 0 0
-4.312 -7.388 3.463 0 0 0
0.938 -0.163 -1.438 0 0 0
-4.538 -0.788 9.238 0 0 0
0.913 0.513 0.363 0 0 0
-3.163 4.513 -0.062 0 0 0
0.938 -0.738 -1.038 0 0 0
4.213 -5.812 0.013 0 0 0
-2.838 -0.588 -0.312 0 0 0
0.363 -0.513 -0.288 0 0 0
-1.913 -7.488 5.113 0 0 0
-3.363 -0.013 -0.488 0 0 0
0.713 -0.138 -1.288 0 0 0
-6.438 9.562 2.363 0 0 0
-13.838 5.812 7.788 0 0 0
4.088 3.688 5.138 0 0 0
-4.062 -10.588 0.013 0 0 0
-0.888 -0.888 -0.988 0 0 0
-3.988 -10.388 0.013 0 0 0
-2.013 -0.838 -1.038 0 0 0
-4.413 -17.688 0.013 0 0 0
-25.263 5.838 7.788 0 0 0
-2.913 1.388 -0.938 0 0 0
-2.013 7.163 7.838 0 0 0
-2.138 -0.788 8.988 0 0 0
-3.338 0.562 0.438 0 0 0
-10.338 10.263 1.538 0 0 0
-16.963 5.812 7.913 0 0 0
0.537 -0.888 -0.788 0 0 0
-3.263 -0.288 -0.062 0 0 0
-2.337 -0.788 9.238 0 0 0
3.788 -2.013 -0.238 0 0 0
-9.488 8.138 7.338 0 0 0
4.088 4.487 6.288 0 0 0
-0.738 0.088 -1.238 0 0 0
0.163 0.537 0.213 0 0 0
-4.413 -10.388 0.013 0 0 0
4.112 4.312 6.062 0 0 0
-1.188 5.638 7.988 0 0 0
3.688 3.088 0.013 0 0 0
-26.488 1.113 7.988 0 0 0
0.763 0.888 -0.238 0 0 0
-14.538 11.062 9.312 0 0 0
-1.288 5.788 7.863 0 0 0
-3.263 -0.413 0.088 0 0 0
-13.088 -10.988 0.013 0 0 0
0.913 -0.788 -1.038 0 0 0
-1.663 -1.263 -0.513 0 0 0
-3.488 -0.838 -0.188 0 0 0
1.812 -0.788 9.412 0 0 0
1.938 5.713 8.138 0 0 0
0.888 -0.713 0.013 0 0 0
-3.113 5.913 8.162 0 0 0
-1.312 -1.438 -1.113 0 0 0
0.913 0.588 0.388 0 0 0
0.062 0.537 -0.163 0 0 0
0.888 0.613 0.288 0 0 0
-3.263 0.338 0.088 0 0 0
-11.788 9.888 0.838 0 0 0
-0.663 7.163 8.438 0 0 0
-1.088 -1.263 -0.463 0 0 0
0.913 -7.713 5.388 0 0 0
-0.663 -0.138 -1.588 0 0 0
-15.088 1.663 14.963 0 0 0
-5.088 7.963 6.938 0 0 0
-3.088 0.113 0.113 0 0 0
-3.288 0.688 -0.013 0 0 0
-2.263 1.638 0.013 0 0 0
-0.812 1.263 -1.088 0 0 0
2.838 5.663 7.413 0 0 0
4.237 4.788 6.588 0 0 0
-1.488 6.388 8.537 0 0 0
-11.513 1.088 9.588 0 0 0
3.013 -0.788 9.363 0 0 0
0.838 -0.638 -0.238 0 0 0
3.263 0.938 10.013 0 0 0
-1.263 -0.213 -2.388 0 0 0
-2.363 -1.312 -1.012 0 0 0
-2.738 -0.088 -1.163 0 0 0
-8.388 1.788 17.062 0 0 0
-3.338 0.013 -0.288 0 0 0
-7.438 -9.188 0.013 0 0 0
-9.238 1.738 16.512 0 0 0
-2.738 6.013 7.838 0 0 0
-3.288 -0.463 0.088 0 0 0
-13.438 1.012 8.638 0 0 0
-1.463 1.413 -1.088 0 0 0
3.863 -3.613 1.062 0 0 0
0.163 -0.888 -1.038 0 0 0
0.863 1.988 0.413 0 0 0
-2.438 -0.763 -1.012 0 0 0
0.413 -0.062 -0.638 0 0 0
-1.863 1.562 0.013 0 0 0
-0.088 -7.788 5.363 0 0 0
-2.363 0.062 0.413 0 0 0
3.913 -4.663 1.838 0 0 0
4.062 5.062 7.113 0 0 0
-3.312 1.788 1.263 0 0 0
-0.738 7.538 6.238 0 0 0
3.963 -1.988 1.213 0 0 0
-0.738 -0.988 -1.088 0 0 0
0.088 5.763 7.963 0 0 0
0.463 -1.438 -1.113 0 0 0
-5.638 1.763 17.213 0 0 0
0.863 0.838 0.537 0 0 0
-5.988 5.588 7.812 0 0 0
0.338 0.812 0.013 0 0 0
0.788 0.088 0.938 0 0 0
-0.263 -0.888 -1.038 0 0 0
-3.838 8.062 7.013 0 0 0
-15.888 1.588 14.163 0 0 0
3.838 -2.013 -0.338 0 0 0
-2.163 -0.363 -0.463 0 0 0
-1.938 0.113 0.963 0 0 0
0.238 1.663 0.013 0 0 0
-2.588 2.263 0.013 0 0 0
-1.163 -0.988 -1.088 0 0 0
-11.538 -9.338 0.013 0 0 0
0.338 1.562 0.013 0 0 0
-2.638 6.388 8.488 0 0 0
0.388 0.463 -0.363 0 0 0
-0.688 -0.888 -1.038 0 0 0
0.663 -0.938 -0.988 0 0 0
-3.238 -0.938 0.013 0 0 0
-2.713 1.562 0.013 0 0 0
0.738 -0.763 -0.988 0 0 0
-16.762 6.062 7.488 0 0 0
0.713 -0.163 -1.488 0 0 0
0.938 0.312 -0.062 0 0 0
-1.663 -1.188 -1.088 0 0 0
3.963 -2.238 1.338 0 0 0
-1.588 -0.988 -1.088 0 0 0
4.213 2.763 3.812 0 0 0
-8.838 -9.138 0.013 0 0 0
-3.588 1.012 9.738 0 0 0
-2.838 -0.738 -0.363 0 0 0
-2.812 0.163 1.413 0 0 0
0.338 2.312 0.013 0 0 0
-4.263 6.963 8.287 0 0 0
-11.738 -9.488 0.013 0 0 0
-2.863 1.062 -0.363 0 0 0
-14.488 -8.713 0.013 0 0 0
-0.812 -0.138 -1.438 0 0 0
-2.238 -0.213 -0.338 0 0 0
0.062 0.088 0.812 0 0 0
-2.312 -0.113 -0.088 0 0 0
4.213 6.413 8.188 0 0 0
-3.538 -1.963 -0.138 0 0 0
0.638 -1.338 -0.963 0 0 0
-0.113 -0.588 0.013 0 0 0
-10.713 5.562 7.238 0 0 0
0.713 0.938 -0.088 0 0 0
3.938 -0.213 -1.738 0 0 0
-17.137 -9.513 0.013 0 0 0
-3.238 0.562 0.013 0 0 0
-3.113 0.113 0.138 0 0 0
-3.312 0.663 0.263 0 0 0
-1.963 -0.888 -0.963 0 0 0
-2.463 0.113 0.062 0 0 0
-3.138 0.138 0.038 0 0 0
0.613 -0.988 -1.088 0 0 0
-2.913 -0.062 -1.113 0 0 0
0.363 -0.238 -2.263 0 0 0
-1.312 -0.888 -1.038 0 0 0
-2.738 -0.113 -0.088 0 0 0
3.788 6.413 8.188 0 0 0
-1.488 -1.812 -0.938 0 0 0
-3.138 1.012 -0.113 0 0 0
-2.312 0.062 0.312 0 0 0
-3.238 3.338 -0.263 0 0 0
3.663 -5.188 4.438 0 0 0
-2.713 -7.413 5.038 0 0 0
-18.938 5.288 4.188 0 0 0
-3.038 2.212 0.013 0 0 0
-11.113 1.738 16.338 0 0 0
-3.263 3.363 -0.363 0 0 0
0.537 -1.463 -1.113 0 0 0
-2.438 4.263 -1.213 0 0 0
4.288 6.038 8.062 0 0 0
0.213 -1.012 -0.988 0 0 0
-0.363 0.838 0.812 0 0 0
-2.113 -0.363 -0.562 0 0 0
-10.213 10.138 1.513 0 0 0
-3.288 -0.213 -0.088 0 0 0
-3.163 -1.688 0.013 0 0 0
4.163 4.562 6.388 0 0 0
3.913 -3.413 1.363 0 0 0
-16.463 1.562 13.688 0 0 0
-3.288 0.663 -0.238 0 0 0
0.888 0.463 0.238 0 0 0
-2.988 6.363 8.263 0 0 0
-5.138 6.013 8.037 0 0 0
-1.113 -0.812 -1.012 0 0 0
-0.213 -1.012 -0.988 0 0 0
0.988 -0.138 -1.338 0 0 0
-0.088 0.038 0.413 0 0 0
4.163 3.513 4.863 0 0 0
-4.737 1.012 9.613 0 0 0
-0.738 -0.163 -1.663 0 0 0
-3.338 0.613 0.263 0 0 0
-1.713 1.738 -1.062 0 0 0
-4.288 -7.263 5.763 0 0 0
0.013 -1.012 -0.988 0 0 0
-5.963 5.812 7.738 0 0 0
-3.363 -0.863 -1.113 0 0 0
-3.238 -1.312 -0.988 0 0 0
-2.212 7.213 7.913 0 0 0
-1.488 2.613 -1.038 0 0 0
-3.538 3.062 0.263 0 0 0
0.163 0.113 -1.213 0 0 0
-3.038 4.988 -0.863 0 0 0
0.463 -0.263 -0.288 0 0 0
-2.363 0.038 0.213 0 0 0
-0.062 -0.288 -0.062 0 0 0
-2.663 -0.763 -1.062 0 0 0
3.788 -2.087 -0.263 0 0 0
-3.663 -1.312 -0.988 0 0 0
-0.738 1.513 0.013 0 0 0
0.088 0.562 0.438 0 0 0
-0.188 -1.163 -0.988 0 0 0
0.062 -0.288 -0.188 0 0 0
-2.463 15.613 8.812 0 0 0
-0.312 0.238 0.288 0 0 0
-5.663 5.888 7.888 0 0 0
-1.137 -7.388 6.038 0 0 0
-14.388 5.613 7.513 0 0 0
-1.213 5.913 7.838 0 0 0
0.062 0.013 0.062 0 0 0
-3.688 1.413 0.013 0 0 0
-1.163 1.513 0.013 0 0 0
0.263 -0.138 -1.463 0 0 0
-1.738 -2.388 -0.913 0 0 0
-12.562 5.663 7.613 0 0 0
-2.838 1.838 -0.562 0 0 0
0.888 1.988 0.388 0 0 0
0.613 1.163 -0.788 0 0 0
-0.963 6.413 1.838 0 0 0
4.112 3.013 3.338 0 0 0
0.438 -0.338 -0.288 0 0 0
-1.663 1.312 0.013 0 0 0
-2.438 4.513 -0.788 0 0 0
3.812 -2.738 2.438 0 0 0
-12.812 5.588 7.213 0 0 0
4.062 5.863 8.213 0 0 0
-1.163 2.263 0.013 0 0 0
-2.163 -2.388 -0.913 0 0 0
-7.688 -10.988 0.013 0 0 0
-1.888 -1.137 0.013 0 0 0
0.663 0.863 0.663 0 0 0
-16.512 5.888 7.538 0 0 0
0.263 1.363 -0.788 0 0 0
0.363 -7.438 6.138 0 0 0
0.062 0.062 0.613 0 0 0
-0.888 0.113 -1.213 0 0 0
-8.113 9.963 -0.788 0 0 0
-6.738 -2.038 0.312 0 0 0
-12.312 6.988 8.388 0 0 0
-1.763 -0.888 -1.012 0 0 0
-1.588 2.263 0.013 0 0 0
-18.688 -0.763 9.013 0 0 0
0.838 0.613 0.013 0 0 0
-5.238 -7.263 4.863 0 0 0
-2.013 1.513 0.013 0 0 0
-0.638 0.863 0.562 0 0 0
-3.238 3.638 0.713 0 0 0
0.763 -0.763 -1.012 0 0 0
0.812 -0.938 0.013 0 0 0
0.913 0.812 0.013 0 0 0
0.138 0.562 0.113 0 0 0
-2.788 0.062 -0.913 0 0 0
3.963 3.113 4.388 0 0 0
-2.113 0.062 0.263 0 0 0
-10.138 5.812 7.863 0 0 0
-3.438 7.038 8.013 0 0 0
0.488 0.113 1.163 0 0 0
0.613 1.513 0.013 0 0 0
-1.763 -2.038 -0.888 0 0 0
-1.812 3.163 0.013 0 0 0
-3.513 3.138 0.463 0 0 0
0.113 -1.038 -0.288 0 0 0
-13.863 5.713 8.062 0 0 0
3.788 4.312 1.562 0 0 0
-13.088 1.088 9.412 0 0 0
-1.688 1.263 0.013 0 0 0
-2.188 -0.888 -1.012 0 0 0
0.413 0.613 0.013 0 0 0
0.838 1.363 0.013 0 0 0
0.138 -0.238 -2.312 0 0 0
3.238 -7.538 4.338 0 0 0
-3.312 0.513 0.213 0 0 0
3.938 4.388 5.938 0 0 0
-7.338 5.863 7.988 0 0 0
1.062 -0.138 -1.263 0 0 0
-3.413 2.138 0.213 0 0 0
0.938 0.363 -0.238 0 0 0
0.213 -7.838 4.338 0 0 0
-6.288 9.688 2.413 0 0 0
-10.213 -8.863 0.013 0 0 0
-2.788 11.288 7.438 0 0 0
-2.113 1.263 0.013 0 0 0
0.413 1.363 0.013 0 0 0
-0.088 -0.288 -0.013 0 0 0
-0.088 -0.288 -0.038 0 0 0
-3.263 0.013 -0.413 0 0 0
-0.113 -0.263 -0.138 0 0 0
-1.538 -0.163 -1.763 0 0 0
-1.738 -8.988 0.013 0 0 0
4.138 2.913 3.888 0 0 0
0.388 -0.188 0.013 0 0 0
0.638 -0.138 -1.263 0 0 0
-13.663 -9.913 0.013 0 0 0
0.913 -0.888 0.013 0 0 0
0.363 0.713 -0.238 0 0 0
-2.388 2.638 -1.038 0 0 0
0.288 0.812 0.013 0 0 0
0.413 8.013 6.938 0 0 0
0.938 0.537 0.163 0 0 0
0.913 0.438 0.288 0 0 0
-0.963 -0.163 -1.713 0 0 0
-3.213 -0.038 -0.812 0 0 0
-3.438 -0.738 0.088 0 0 0
4.088 2.688 3.388 0 0 0
0.312 -0.838 -1.012 0 0 0
1.062 -0.088 -0.713 0 0 0
-3.188 0.138 0.888 0 0 0
-1.288 -1.738 -0.963 0 0 0
-2.188 0.088 0.537 0 0 0
-2.038 0.038 0.038 0 0 0
-9.562 8.138 6.613 0 0 0
-2.863 0.413 0.013 0 0 0
0.738 -7.763 5.413 0 0 0
0.738 0.838 0.663 0 0 0
0.663 -1.413 -0.213 0 0 0
0.663 0.088 1.062 0 0 0
0.913 0.312 0.438 0 0 0
-11.138 -9.037 0.013 0 0 0
4.237 3.713 4.812 0 0 0
3.538 -2.038 0.138 0 0 0
-2.963 1.263 0.013 0 0 0
0.163 1.463 0.013 0 0 0
0.963 -0.312 -3.163 0 0 0
-2.238 0.013 -0.113 0 0 0
3.963 -0.438 5.062 0 0 0
2.263 5.738 8.062 0 0 0
4.188 2.738 3.638 0 0 0
3.863 4.413 6.213 0 0 0
-3.312 0.588 0.238 0 0 0
-0.088 0.062 0.763 0 0 0
4.163 2.763 3.538 0 0 0
-3.338 0.488 0.363 0 0 0
-2.463 0.038 0.038 0 0 0
-25.413 -11.312 0.013 0 0 0
-3.288 0.413 0.013 0 0 0
-3.062 -0.812 -1.163 0 0 0
-2.863 1.163 0.013 0 0 0
-3.488 2.413 -0.413 0 0 0
0.938 -1.213 -0.988 0 0 0
-2.963 -1.238 -1.137 0 0 0
-12.812 1.113 9.562 0 0 0
-2.438 2.288 -1.113 0 0 0
-3.388 0.138 0.888 0 0 0
-1.812 0.062 0.438 0 0 0
-2.613 -0.812 -0.988 0 0 0
0.888 1.963 0.188 0 0 0
-3.338 0.363 0.513 0 0 0
-0.338 0.113 0.138 0 0 0
2.438 5.963 7.838 0 0 0
0.038 -0.138 -1.513 0 0 0
3.688 5.763 8.263 0 0 0
-2.212 -1.613 -0.988 0 0 0
-0.013 1.463 0.013 0 0 0
-2.463 -6.788 0.013 0 0 0
-3.312 0.763 0.638 0 0 0
3.888 -0.163 -0.188 0 0 0
-11.238 -7.113 5.288 0 0 0
-7.963 16.812 6.463 0 0 0
0.188 1.312 0.013 0 0 0
0.888 0.812 0.312 0 0 0
0.363 -0.238 -0.238 0 0 0
-1.338 0.113 -1.188 0 0 0
0.163 -0.238 0.013 0 0 0
-13.013 8.013 7.013 0 0 0
-2.188 5.763 7.988 0 0 0
-3.038 -2.388 -0.888 0 0 0
-1.938 1.812 -1.088 0 0 0
-17.312 9.088 6.163 0 0 0
-1.038 2.638 -1.038 0 0 0
3.788 -0.213 2.763 0 0 0
-2.638 -1.613 -0.988 0 0 0
-0.463 1.463 0.013 0 0 0
-3.463 -0.763 0.238 0 0 0
0.363 -0.363 -0.088 0 0 0
-2.238 -0.838 -1.088 0 0 0
-8.263 7.338 7.113 0 0 0
-22.038 3.438 5.188 0 0 0
-9.238 5.888 7.713 0 0 0
-3.363 1.438 0.663 0 0 0
-3.388 0.188 1.438 0 0 0
-0.238 1.312 0.013 0 0 0
-0.138 -0.738 -1.012 0 0 0
-0.163 -0.138 -1.513 0 0 0
-1.763 0.113 -1.188 0 0 0
1.713 -7.738 3.838 0 0 0
-2.238 -0.537 -0.838 0 0 0
-2.888 -0.113 -1.488 0 0 0
-1.562 -1.413 -0.188 0 0 0
0.088 -0.888 -1.012 0 0 0
3.938 2.312 0.988 0 0 0
-10.738 -7.263 2.087 0 0 0
-9.263 16.713 7.188 0 0 0
-6.163 -0.788 9.388 0 0 0
-0.888 1.463 0.013 0 0 0
-3.288 7.988 7.338 0 0 0
-11.812 -11.413 0.013 0 0 0
-8.863 -10.562 0.013 0 0 0
-3.188 1.213 0.013 0 0 0
-0.663 1.312 0.013 0 0 0
-0.588 -0.138 -1.513 0 0 0
0.713 -0.388 -0.288 0 0 0
-3.413 1.238 0.163 0 0 0
-0.338 -0.888 -1.012 0 0 0
-11.638 -16.012 0.013 0 0 0
-2.163 -0.463 -0.688 0 0 0
-2.238 -0.363 -0.438 0 0 0
0.738 0.913 0.088 0 0 0
1.062 -0.163 -1.463 0 0 0
-3.488 -1.613 -0.988 0 0 0
3.963 6.013 8.037 0 0 0
-1.388 0.088 -1.288 0 0 0
-0.413 0.288 0.413 0 0 0
-2.062 -1.488 -0.938 0 0 0
-14.738 5.562 7.088 0 0 0
-12.062 7.113 7.863 0 0 0
-3.213 0.388 0.013 0 0 0
0.562 -1.338 -1.088 0 0 0
3.963 5.888 8.188 0 0 0
0.138 0.588 0.463 0 0 0
-4.188 16.213 7.312 0 0 0
0.488 -0.062 -0.562 0 0 0
0.413 0.038 -0.312 0 0 0
-9.963 -6.988 5.263 0 0 0
-0.988 1.213 0.013 0 0 0
0.663 0.913 0.488 0 0 0
-6.638 -2.138 0.263 0 0 0
3.913 5.738 0.763 0 0 0
-3.338 -1.038 -0.513 0 0 0
0.888 0.763 0.488 0 0 0
0.138 -1.338 -1.088 0 0 0
-22.438 4.013 4.438 0 0 0
-3.113 -10.213 0.013 0 0 0
4.163 5.463 7.312 0 0 0
3.938 -2.863 1.137 0 0 0
-2.488 -0.213 -2.488 0 0 0
-2.087 -1.413 -1.088 0 0 0
3.913 2.788 3.988 0 0 0
0.688 -0.438 -0.288 0 0 0
0.038 0.463 0.312 0 0 0
4.237 -5.038 0.013 0 0 0
-12.238 -9.913 0.013 0 0 0
0.138 0.038 0.338 0 0 0
-2.588 -1.613 -1.088 0 0 0
-5.513 7.088 7.788 0 0 0
-0.638 0.788 0.537 0 0 0
-3.338 1.663 1.188 0 0 0
-1.688 -0.763 -1.038 0 0 0
-0.088 7.938 5.713 0 0 0
-12.788 7.938 6.438 0 0 0
-11.763 -7.338 4.163 0 0 0
0.113 -1.113 -0.312 0 0 0
0.488 -0.438 -0.288 0 0 0
-6.913 -11.062 0.013 0 0 0
-2.337 0.013 -0.288 0 0 0
-3.062 8.037 6.613 0 0 0
0.788 1.213 0.013 0 0 0
3.738 2.062 0.013 0 0 0
-0.588 0.888 0.588 0 0 0
0.562 -0.238 -0.288 0 0 0
-3.263 -0.513 -0.188 0 0 0
-0.763 -0.812 -0.988 0 0 0
-7.088 -9.062 0.013 0 0 0
3.913 -3.763 2.713 0 0 0
-1.738 -0.088 -1.012 0 0 0
-7.388 7.188 8.588 0 0 0
-1.188 -0.338 -3.688 0 0 0
-2.688 5.688 8.037 0 0 0
-2.738 -0.038 0.088 0 0 0
-5.363 6.062 7.812 0 0 0
0.812 1.938 0.113 0 0 0
-1.388 -1.263 -0.488 0 0 0
-0.613 -0.138 -1.488 0 0 0
0.913 0.488 0.113 0 0 0
-0.062 0.062 0.738 0 0 0
0.513 0.113 -1.188 0 0 0
0.213 -1.088 -1.062 0 0 0
3.738 2.812 0.013 0 0 0
-2.312 -0.238 -2.588 0 0 0
-1.188 -0.812 -0.988 0 0 0
-7.363 -19.163 0.013 0 0 0
-6.938 1.763 16.988 0 0 0
-12.763 12.638 7.363 0 0 0
-2.863 -0.562 -0.188 0 0 0
-2.312 -0.763 -1.038 0 0 0
-1.338 -9.463 0.013 0 0 0
3.363 10.213 1.413 0 0 0
-7.038 5.863 8.113 0 0 0
0.913 0.363 0.263 0 0 0
-2.238 0.062 0.388 0 0 0
0.713 0.913 0.388 0 0 0
-3.438 1.663 0.213 0 0 0
-6.312 -0.763 8.938 0 0 0
-1.038 -0.138 -1.488 0 0 0
-1.888 -0.188 -2.038 0 0 0
-0.213 -1.088 -1.062 0 0 0
0.888 1.263 0.013 0 0 0
-1.613 -0.812 -0.988 0 0 0
-3.263 0.988 -0.188 0 0 0
-2.913 8.037 7.413 0 0 0
0.263 0.513 0.263 0 0 0
3.963 -2.838 0.938 0 0 0
-2.663 1.663 0.013 0 0 0
-6.588 7.163 7.888 0 0 0
-7.713 -7.388 1.938 0 0 0
0.088 0.463 0.213 0 0 0
-0.238 -0.138 -0.163 0 0 0
-2.062 1.137 0.013 0 0 0
0.913 0.537 0.663 0 0 0
-8.588 -0.537 6.413 0 0 0
0.062 0.488 0.113 0 0 0
-17.913 1.137 9.438 0 0 0
0.463 1.263 0.013 0 0 0
3.163 -9.188 0.013 0 0 0
-2.538 0.062 0.263 0 0 0
-1.312 -0.213 -2.388 0 0 0
-10.463 -11.613 0.013 0 0 0
4.138 4.213 4.688 0 0 0
0.488 9.788 2.963 0 0 0
-2.288 -1.312 0.013 0 0 0
-9.238 16.688 7.163 0 0 0
-0.238 0.613 -0.163 0 0 0
0.588 -0.812 -0.988 0 0 0
3.988 -9.863 0.013 0 0 0
-3.013 0.988 9.738 0 0 0
3.763 -5.538 2.838 0 0 0
0.963 -0.562 -0.238 0 0 0
-0.062 -0.488 0.013 0 0 0
-4.788 -9.013 0.013 0 0 0
-1.312 5.812 7.913 0 0 0
-4.812 9.913 2.588 0 0 0
-0.588 0.113 0.988 0 0 0
-2.288 -0.562 0.013 0 0 0
-3.088 2.413 0.013 0 0 0
-2.663 3.163 0.013 0 0 0
-0.713 -0.812 -1.088 0 0 0
-2.312 0.088 0.663 0 0 0
0.188 0.088 0.788 0 0 0
0.537 -0.562 -0.238 0 0 0
0.138 -0.288 -0.113 0 0 0
4.138 3.812 4.812 0 0 0
-5.638 -9.763 0.013 0 0 0
0.363 1.012 0.013 0 0 0
3.838 -1.788 -0.713 0 0 0
0.688 -0.213 -2.138 0 0 0
-3.062 5.988 7.963 0 0 0
-2.788 2.613 0.013 0 0 0
-4.812 -7.488 4.788 0 0 0
-3.363 1.363 0.638 0 0 0
-14.838 -7.888 0.113 0 0 0
-1.137 -0.812 -1.088 0 0 0
-3.213 6.363 8.438 0 0 0
-2.663 -2.388 -0.888 0 0 0
3.812 6.613 0.438 0 0 0
1.137 1.863 -0.338 0 0 0
-1.538 6.413 7.888 0 0 0
-2.588 -9.013 0.013 0 0 0
-2.688 10.688 1.538 0 0 0
-5.738 -10.763 0.013 0 0 0
-5.312 -10.013 0.013 0 0 0
-5.638 -9.013 0.013 0 0 0
3.838 -3.863 2.363 0 0 0
-14.713 5.588 7.688 0 0 0
-0.088 -0.562 0.013 0 0 0
-2.138 3.038 -0.988 0 0 0
0.938 0.388 0.062 0 0 0
-8.613 -11.413 0.013 0 0 0
-2.838 -0.138 -1.788 0 0 0
-3.338 1.513 1.137 0 0 0
-2.713 -6.363 0.013 0 0 0
-8.763 8.238 7.188 0 0 0
0.062 0.438 0.288 0 0 0
0.963 0.238 0.312 0 0 0
-2.838 -0.663 -0.238 0 0 0
-1.913 7.088 6.863 0 0 0
0.238 -0.263 -0.113 0 0 0
0.938 0.263 0.213 0 0 0
-3.062 -1.088 -0.513 0 0 0
-1.812 -7.363 5.963 0 0 0
-1.888 -1.663 -1.088 0 0 0
-1.562 -0.038 -0.688 0 0 0
-0.588 0.138 -0.138 0 0 0
-2.263 2.062 -1.088 0 0 0
-2.888 5.938 7.713 0 0 0
3.538 -7.288 4.288 0 0 0
-2.812 2.538 0.013 0 0 0
-3.513 -0.913 -1.038 0 0 0
-14.513 1.638 14.913 0 0 0
-2.087 -0.788 -0.988 0 0 0
-2.688 0.062 0.413 0 0 0
-0.613 -0.163 -1.688 0 0 0
-3.263 -0.038 0.513 0 0 0
3.963 -2.413 1.763 0 0 0
0.413 -0.038 -0.338 0 0 0
-0.312 0.113 1.137 0 0 0
-2.238 -0.263 -0.062 0 0 0
-12.388 12.713 7.438 0 0 0
3.938 -2.513 1.213 0 0 0
-3.312 0.312 0.288 0 0 0
-5.988 -11.263 0.013 0 0 0
0.913 0.338 0.062 0 0 0
-5.663 -7.463 4.263 0 0 0
0.838 -1.062 -0.963 0 0 0
-6.388 -9.113 0.013 0 0 0
-3.263 0.088 -0.238 0 0 0
-1.038 -0.163 -1.688 0 0 0
-9.113 -10.113 0.013 0 0 0
-1.363 -1.738 -0.938 0 0 0
-2.113 0.038 0.062 0 0 0
-2.988 4.112 -0.338 0 0 0
-2.588 4.463 0.288 0 0 0
-9.412 -9.412 0.013 0 0 0
-0.288 -1.438 -1.113 0 0 0
2.788 -7.763 2.488 0 0 0
0.338 -0.938 -0.988 0 0 0
0.913 0.513 0.463 0 0 0
-2.212 -1.012 -1.088 0 0 0
4.038 3.013 4.088 0 0 0
-1.688 0.088 0.613 0 0 0
4.188 4.588 5.113 0 0 0
-1.312 1.463 0.013 0 0 0
3.513 7.312 2.513 0 0 0
-7.163 8.088 7.963 0 0 0
-3.163 0.163 0.163 0 0 0
-0.988 -0.738 -1.012 0 0 0
-3.338 0.263 0.288 0 0 0
-0.013 0.488 -0.062 0 0 0
-0.038 0.488 -0.062 0 0 0
-10.312 8.162 6.013 0 0 0
4.088 2.638 3.713 0 0 0
-6.538 -10.463 0.013 0 0 0
-22.238 3.738 5.088 0 0 0
-6.562 7.138 7.863 0 0 0
-3.338 0.562 0.537 0 0 0
-3.213 0.113 0.663 0 0 0
0.938 0.513 0.638 0 0 0
-1.763 -0.163 -1.812 0 0 0
-0.713 1.688 0.013 0 0 0
-1.413 -0.738 -1.012 0 0 0
-2.163 0.013 -0.038 0 0 0
-3.338 1.888 0.812 0 0 0
-4.038 2.488 -0.863 0 0 0
-4.163 8.113 5.888 0 0 0
0.763 0.888 -0.138 0 0 0
-4.688 1.338 0.013 0 0 0
-3.263 0.163 -0.213 0 0 0
3.988 2.513 3.562 0 0 0
-14.562 11.088 9.312 0 0 0
-15.312 1.638 14.663 0 0 0
-10.413 5.613 7.538 0 0 0
4.213 -7.938 0.013 0 0 0
3.838 5.163 7.188 0 0 0
-1.838 -2.638 -0.888 0 0 0
0.613 -0.088 -0.938 0 0 0
-2.588 5.938 8.037 0 0 0
-1.137 1.688 0.013 0 0 0
-1.738 0.062 0.513 0 0 0
-14.663 1.663 15.062 0 0 0
-1.838 -0.738 -1.012 0 0 0
4.288 5.138 6.688 0 0 0
-9.688 -10.738 0.013 0 0 0
-1.963 -0.163 -1.812 0 0 0
0.913 0.588 0.488 0 0 0
-1.012 5.863 7.863 0 0 0
4.062 4.713 6.413 0 0 0
0.213 0.513 0.588 0 0 0
3.663 -4.763 4.088 0 0 0
0.888 0.613 0.388 0 0 0
-5.288 13.213 7.688 0 0 0
-11.163 1.012 8.938 0 0 0
-4.963 5.788 8.213 0 0 0
-2.263 -0.738 -1.012 0 0 0
0.913 0.463 0.638 0 0 0
-1.438 -0.812 -1.012 0 0 0
3.913 -3.963 2.062 0 0 0
-3.263 0.213 0.338 0 0 0
0.838 -0.062 -0.537 0 0 0
3.688 -5.213 3.088 0 0 0
-1.888 -0.038 -0.513 0 0 0
-3.388 -0.638 0.088 0 0 0
-3.338 0.013 -0.188 0 0 0
0.663 0.938 0.113 0 0 0
2.212 7.638 6.338 0 0 0
3.888 -3.188 1.688 0 0 0
4.088 -3.812 0.013 0 0 0
-0.088 -7.838 4.312 0 0 0
-2.988 -0.213 -2.613 0 0 0
-3.413 -0.288 -0.013 0 0 0
0.413 -0.062 -0.537 0 0 0
-12.538 7.038 6.838 0 0 0
-3.438 -2.763 -0.288 0 0 0
-2.638 5.913 7.938 0 0 0
-5.263 5.788 8.088 0 0 0
-1.888 1.588 0.013 0 0 0
-2.388 -0.062 -0.013 0 0 0
-3.388 0.113 0.088 0 0 0
0.588 1.312 -0.888 0 0 0
-2.188 -1.062 0.013 0 0 0
-1.663 1.438 0.013 0 0 0
-4.763 -8.963 0.013 0 0 0
-13.888 5.838 7.812 0 0 0
-3.613 -0.763 8.812 0 0 0
0.388 -0.288 -0.263 0 0 0
3.812 -2.363 0.788 0 0 0
-2.113 -0.863 0.013 0 0 0
-1.562 -0.213 -2.413 0 0 0
-1.338 -0.763 -1.012 0 0 0
0.988 -0.062 -0.488 0 0 0
0.038 -1.863 -1.038 0 0 0
4.062 -0.338 -2.938 0 0 0
4.312 7.738 0.713 0 0 0
-3.213 0.188 0.088 0 0 0
-0.513 0.812 0.713 0 0 0
-0.388 -0.138 -1.562 0 0 0
-3.938 11.488 8.812 0 0 0
3.763 2.638 0.013 0 0 0
0.938 0.438 -0.113 0 0 0
-5.988 16.338 6.263 0 0 0
4.213 7.263 -0.838 0 0 0
-24.863 -9.537 0.013 0 0 0
0.388 0.463 -0.263 0 0 0
-3.963 -0.863 -0.713 0 0 0
-16.838 7.638 7.688 0 0 0
4.237 3.312 4.288 0 0 0
-1.988 2.312 -1.113 0 0 0
0.963 0.288 0.138 0 0 0
-3.263 -0.338 -0.388 0 0 0
0.312 1.588 0.013 0 0 0
-24.888 -11.088 0.013 0 0 0
-0.788 -0.738 -1.062 0 0 0
-1.688 0.062 0.413 0 0 0
0.537 1.438 0.013 0 0 0
-2.913 -0.113 -1.562 0 0 0
-0.163 -0.513 0.238 0 0 0
-12.188 5.913 7.913 0 0 0
-11.288 5.588 7.688 0 0 0
2.588 1.088 11.263 0 0 0
0.863 -0.763 -1.012 0 0 0
0.513 3.238 0.013 0 0 0
-2.763 -6.513 0.013 0 0 0
-1.012 -0.163 -1.713 0 0 0
0.913 0.663 -0.088 0 0 0
-1.213 -0.738 -1.062 0 0 0
-8.013 9.938 2.337 0 0 0
-5.413 6.188 8.113 0 0 0
-22.263 -5.138 0.013 0 0 0
-2.413 1.338 0.013 0 0 0
0.113 1.438 0.013 0 0 0
0.938 0.488 0.438 0 0 0
0.638 0.738 0.013 0 0 0
-25.988 -0.738 8.838 0 0 0
-2.038 0.163 1.312 0 0 0
0.438 -0.763 -1.012 0 0 0
-7.613 7.113 8.513 0 0 0
0.413 -0.163 -1.513 0 0 0
-1.288 -1.213 -1.088 0 0 0
-5.188 -10.663 0.013 0 0 0
-3.062 1.488 0.013 0 0 0
3.938 -0.213 -1.638 0 0 0
0.213 1.338 0.013 0 0 0
-2.963 -6.663 0.013 0 0 0
-16.688 -10.838 0.013 0 0 0
-4.388 5.988 8.287 0 0 0
-2.238 -0.338 -0.088 0 0 0
-2.788 0.988 9.663 0 0 0
-2.463 0.113 0.163 0 0 0
-3.138 0.138 0.138 0 0 0
-1.788 -1.413 -1.088 0 0 0
3.713 -0.188 -1.488 0 0 0
-2.188 5.812 7.888 0 0 0
0.838 -1.137 -0.988 0 0 0
3.988 3.812 3.638 0 0 0
3.863 -3.538 0.588 0 0 0
-2.812 -2.062 -0.888 0 0 0
0.013 -0.763 -1.012 0 0 0
-12.312 5.688 7.812 0 0 0
-1.713 -1.213 -1.088 0 0 0
3.888 -1.663 0.562 0 0 0
-3.312 0.537 0.513 0 0 0
-3.062 2.238 0.013 0 0 0
-0.213 1.338 0.013 0 0 0
3.988 4.788 6.463 0 0 0
0.213 0.488 0.388 0 0 0
0.363 0.562 -0.338 0 0 0
0.913 -1.213 -1.088 0 0 0
0.013 0.613 0.413 0 0 0
-3.338 0.888 0.388 0 0 0
-1.888 0.113 0.963 0 0 0
-3.288 -0.213 0.013 0 0 0
-3.238 -2.062 -0.888 0 0 0
-1.188 -2.038 -0.938 0 0 0
-20.013 1.038 7.988 0 0 0
-2.138 -1.213 -1.088 0 0 0
3.963 4.237 6.088 0 0 0
0.188 -0.062 0.013 0 0 0
3.938 3.663 4.963 0 0 0
-1.388 -0.188 -1.963 0 0 0
-0.638 1.338 0.013 0 0 0
-2.788 -0.888 -0.088 0 0 0
-19.663 0.788 5.562 0 0 0
-6.763 5.838 7.938 0 0 0
-0.013 0.537 -0.238 0 0 0
-0.038 0.537 -0.238 0 0 0
-0.062 0.562 -0.338 0 0 0
-5.488 16.088 7.238 0 0 0
0.338 -1.288 -0.363 0 0 0
0.338 -0.263 -0.338 0 0 0
-3.263 -1.113 0.013 0 0 0
0.488 -1.213 -1.088 0 0 0
1.288 -0.788 9.338 0 0 0
0.812 0.888 0.562 0 0 0
-1.613 -2.038 -0.938 0 0 0
-3.363 0.638 0.263 0 0 0
-8.562 1.062 9.788 0 0 0
-3.588 1.238 0.013 0 0 0
-3.438 -0.713 0.388 0 0 0
0.338 -1.413 -0.213 0 0 0
-2.188 0.113 0.838 0 0 0
-6.763 -0.788 9.238 0 0 0
0.038 -0.163 -1.763 0 0 0
4.237 7.088 0.488 0 0 0
0.338 -0.537 -0.363 0 0 0
0.738 1.838 -0.838 0 0 0
-2.538 -0.238 -2.638 0 0 0
-5.763 6.013 7.713 0 0 0
-3.238 0.938 0.388 0 0 0
-6.788 7.963 7.838 0 0 0
-3.338 1.812 0.788 0 0 0
0.138 0.488 0.188 0 0 0
-1.062 7.988 6.938 0 0 0
0.263 0.038 0.312 0 0 0
-0.763 0.088 -0.113 0 0 0
-2.613 0.113 0.838 0 0 0
-2.588 -0.088 -0.062 0 0 0
-0.163 -0.263 0.062 0 0 0
-3.163 4.062 0.288 0 0 0
-3.312 6.088 8.113 0 0 0
-25.562 6.062 8.662 0 0 0
1.763 4.013 5.263 0 0 0
-0.213 -0.812 -1.012 0 0 0
0.263 -0.138 -1.363 0 0 0
-17.062 6.038 8.537 0 0 0
-4.288 2.613 -1.038 0 0 0
-8.463 -7.513 4.288 0 0 0
1.062 -0.463 -0.288 0 0 0
0.413 -0.238 -2.263 0 0 0
-3.338 -7.388 4.263 0 0 0
-8.138 8.037 7.263 0 0 0
-3.363 1.562 0.663 0 0 0
-0.163 0.038 0.312 0 0 0
-10.238 5.763 7.963 0 0 0
-2.963 -0.763 -1.088 0 0 0
-9.488 -9.488 0.013 0 0 0
0.888 0.537 0.363 0 0 0
3.888 3.538 1.363 0 0 0
-1.913 -0.138 -1.713 0 0 0
0.138 -7.688 3.013 0 0 0
0.413 -0.312 -0.288 0 0 0
-3.388 2.038 0.312 0 0 0
0.988 -0.238 -2.212 0 0 0
-2.713 -0.188 -0.312 0 0 0
3.863 -1.713 -0.288 0 0 0
-0.788 1.488 0.013 0 0 0
-2.337 -0.138 -1.713 0 0 0
0.062 0.062 0.713 0 0 0
-15.613 8.588 6.413 0 0 0
0.913 0.513 -0.138 0 0 0
3.938 -2.913 1.413 0 0 0
-0.062 -0.213 0.062 0 0 0
-3.213 -0.113 -1.488 0 0 0
3.863 2.863 1.137 0 0 0
-3.312 0.338 -0.088 0 0 0
-1.288 1.288 0.013 0 0 0
-2.713 0.562 -0.312 0 0 0
-3.188 6.988 7.913 0 0 0
-1.963 -1.788 -0.913 0 0 0
0.188 0.062 0.588 0 0 0
-0.763 0.113 -1.238 0 0 0
0.888 1.413 -0.388 0 0 0
-0.638 0.438 0.562 0 0 0
-3.113 0.088 0.038 0 0 0
-12.812 9.812 1.938 0 0 0
-9.738 -9.388 0.013 0 0 0
-0.963 -0.913 -1.012 0 0 0
-0.913 -0.138 -1.513 0 0 0
-8.062 10.263 1.513 0 0 0
-1.713 -0.013 -0.263 0 0 0
4.263 -4.112 0.013 0 0 0
-3.288 -2.013 -0.963 0 0 0
0.213 0.113 -1.213 0 0 0
-2.663 0.788 -0.413 0 0 0
-4.763 5.938 8.213 0 0 0
-1.488 -0.812 -1.012 0 0 0
-2.888 -1.238 -1.062 0 0 0
-12.188 -7.638 2.212 0 0 0
-1.562 2.663 -1.038 0 0 0
1.588 5.688 8.113 0 0 0
-3.338 0.163 1.338 0 0 0
0.388 -0.363 -0.288 0 0 0
-1.713 1.288 0.013 0 0 0
-0.113 7.113 8.013 0 0 0
-0.238 0.062 0.588 0 0 0
-4.513 13.613 8.863 0 0 0
3.213 -7.513 4.338 0 0 0
-3.363 1.638 0.688 0 0 0
-1.638 1.488 0.013 0 0 0
-2.062 -0.888 -1.038 0 0 0
-3.713 2.688 0.312 0 0 0
0.938 0.363 -0.138 0 0 0
-8.113 10.013 -0.138 0 0 0
-0.513 8.062 6.988 0 0 0
4.263 -6.562 0.013 0 0 0
-3.413 0.113 0.588 0 0 0
-3.263 0.013 -0.312 0 0 0
-0.088 -0.288 0.062 0 0 0
-0.013 -0.363 -0.288 0 0 0
-0.062 0.713 0.463 0 0 0
-2.138 1.288 0.013 0 0 0
-4.663 -15.263 0.013 0 0 0
-0.113 -0.263 -0.038 0 0 0
-3.062 -0.138 -1.838 0 0 0
-1.463 5.738 7.988 0 0 0
0.488 -0.038 -0.263 0 0 0
0.788 0.588 0.013 0 0 0
-2.963 1.088 -0.288 0 0 0
-1.938 -0.413 0.013 0 0 0
-4.988 16.387 6.288 0 0 0
-6.312 -7.188 5.588 0 0 0
-2.863 -0.913 -0.163 0 0 0
-2.238 0.288 0.013 0 0 0
0.888 -0.413 -0.238 0 0 0
-2.888 -0.888 -0.263 0 0 0
-2.413 6.288 7.812 0 0 0
-1.913 10.838 1.538 0 0 0
-2.438 -0.613 0.013 0 0 0
-5.213 6.988 7.688 0 0 0
-2.038 0.038 0.138 0 0 0
-1.738 1.238 0.013 0 0 0
-7.913 -7.413 4.487 0 0 0
3.413 -2.463 0.263 0 0 0
-3.312 -7.488 3.538 0 0 0
3.888 -1.663 -0.763 0 0 0
-7.163 1.738 16.738 0 0 0
-7.812 -8.988 0.013 0 0 0
0.388 -0.913 -1.012 0 0 0
0.888 0.338 -0.238 0 0 0
-2.913 -0.188 -2.188 0 0 0
4.088 5.763 8.263 0 0 0
-12.613 1.088 9.412 0 0 0
-2.613 0.088 0.638 0 0 0
0.263 -0.413 0.013 0 0 0
0.863 -0.938 0.013 0 0 0
-0.363 0.888 0.738 0 0 0
0.588 1.338 0.013 0 0 0
-0.812 1.863 -1.088 0 0 0
0.038 0.488 0.013 0 0 0
0.562 -0.213 0.013 0 0 0
3.888 6.062 8.088 0 0 0
-1.113 -0.763 -1.088 0 0 0
-6.713 8.162 7.113 0 0 0
0.713 -0.738 -0.988 0 0 0
-0.188 0.062 0.488 0 0 0
-0.062 0.613 -0.513 0 0 0
4.112 2.562 3.138 0 0 0
-3.463 -1.113 -1.062 0 0 0
-3.013 5.838 7.812 0 0 0
0.263 0.638 0.263 0 0 0
0.413 1.562 -0.613 0 0 0
-1.538 -0.788 -1.088 0 0 0
-5.438 -10.238 0.013 0 0 0
-7.588 -0.788 9.287 0 0 0
-2.812 7.488 7.812 0 0 0
0.238 -7.763 5.388 0 0 0
0.812 0.812 0.537 0 0 0
0.537 -0.038 -0.363 0 0 0
0.688 -0.088 -0.863 0 0 0
-3.363 1.438 0.763 0 0 0
0.913 0.388 0.562 0 0 0
-14.138 -9.188 0.013 0 0 0
-13.863 7.863 7.863 0 0 0
-2.838 -1.638 -1.038 0 0 0
-1.263 2.087 -1.062 0 0 0
-8.062 6.238 8.238 0 0 0
-0.062 -0.363 0.013 0 0 0
-3.312 1.688 1.137 0 0 0
0.588 8.037 7.488 0 0 0
-11.238 7.888 7.863 0 0 0
-2.388 1.163 0.013 0 0 0
0.688 -0.788 -0.988 0 0 0
-3.738 6.263 7.788 0 0 0
-2.163 -0.463 -0.588 0 0 0
-5.963 -11.238 0.013 0 0 0
0.038 -0.463 0.013 0 0 0
0.613 -1.263 -0.338 0 0 0
0.913 -0.062 -0.463 0 0 0
-2.013 -1.388 -0.188 0 0 0
0.138 1.288 0.013 0 0 0
-0.438 -0.738 -1.038 0 0 0
-0.463 -0.138 -1.538 0 0 0
-11.312 1.012 8.763 0 0 0
3.963 -2.062 1.238 0 0 0
0.688 -0.038 -0.312 0 0 0
3.963 2.688 3.663 0 0 0
-10.938 1.788 16.713 0 0 0
-5.763 -9.588 0.013 0 0 0
-16.288 1.163 9.688 0 0 0
-6.638 15.163 8.738 0 0 0
-3.188 0.963 0.413 0 0 0
3.738 -7.338 4.312 0 0 0
-7.188 1.738 16.762 0 0 0
0.963 -0.138 -1.338 0 0 0
-0.863 -0.738 -1.038 0 0 0
-0.888 -0.138 -1.538 0 0 0
-2.713 -0.713 -0.088 0 0 0
3.913 5.812 8.312 0 0 0
-1.012 1.238 0.013 0 0 0
-3.312 0.963 0.013 0 0 0
-3.038 -1.288 0.013 0 0 0
-5.413 6.213 7.738 0 0 0
0.888 0.763 0.588 0 0 0
-1.263 -0.238 -2.488 0 0 0
-0.488 -9.363 0.013 0 0 0
-3.338 -0.588 0.013 0 0 0
-11.363 1.788 16.713 0 0 0
-3.113 -0.788 -1.137 0 0 0
-11.062 7.238 8.013 0 0 0
-0.438 0.812 0.788 0 0 0
0.537 -0.138 -1.338 0 0 0
-1.288 -0.738 -1.038 0 0 0
-9.213 -9.888 0.013 0 0 0
4.062 -0.188 -1.463 0 0 0
0.138 0.038 0.438 0 0 0
-0.613 1.163 0.013 0 0 0
-1.488 9.888 8.838 0 0 0
-20.038 -11.113 0.013 0 0 0
-1.488 1.713 -1.038 0 0 0
-7.138 -7.738 3.838 0 0 0
-5.763 16.312 6.988 0 0 0
-6.888 -2.363 0.113 0 0 0
-10.062 7.088 7.812 0 0 0
-7.812 6.838 7.888 0 0 0
0.113 -0.138 -1.338 0 0 0
-4.963 1.062 10.088 0 0 0
-3.963 1.012 9.738 0 0 0
-0.312 -0.088 -0.113 0 0 0
-3.388 1.137 0.812 0 0 0
0.913 -0.163 -1.438 0 0 0
0.463 -0.363 -3.763 0 0 0
0.088 0.688 -0.213 0 0 0
-2.413 0.113 0.062 0 0 0
-2.613 -0.838 -1.088 0 0 0
0.913 -0.738 -1.038 0 0 0
-3.188 -0.038 -0.738 0 0 0
-3.338 0.338 0.413 0 0 0
4.013 -0.263 -2.188 0 0 0
-2.588 2.062 -1.088 0 0 0
-0.588 0.888 0.688 0 0 0
-3.638 1.613 0.013 0 0 0
1.738 5.863 7.838 0 0 0
-7.438 5.938 7.938 0 0 0
4.188 5.413 5.238 0 0 0
-3.312 0.738 0.537 0 0 0
-3.863 6.388 8.488 0 0 0
-1.338 0.088 -1.288 0 0 0
-1.763 -0.038 -0.537 0 0 0
0.238 -0.988 -1.088 0 0 0
-24.888 5.588 7.663 0 0 0
-0.113 0.537 -0.213 0 0 0
0.713 -0.888 -1.038 0 0 0
-0.688 0.763 0.537 0 0 0
-2.838 -0.062 -0.938 0 0 0
-3.263 -0.188 -0.188 0 0 0
-8.963 5.963 7.988 0 0 0
-3.288 -0.288 -0.062 0 0 0
0.913 0.363 0.363 0 0 0
3.763 -2.138 0.738 0 0 0
-7.038 -11.288 0.013 0 0 0
-13.988 11.438 9.588 0 0 0
0.438 -0.488 -0.288 0 0 0
0.288 0.613 0.238 0 0 0
2.838 -0.788 9.312 0 0 0
-5.238 6.812 7.788 0 0 0
-13.113 -10.988 0.013 0 0 0
-2.688 0.663 -0.288 0 0 0
3.938 5.288 7.562 0 0 0
-5.238 6.238 8.188 0 0 0
-2.613 4.513 0.488 0 0 0
0.188 -0.263 0.088 0 0 0
0.663 0.413 -0.263 0 0 0
-1.838 3.188 0.013 0 0 0
-1.513 5.763 7.713 0 0 0
4.213 -5.213 0.013 0 0 0
4.288 -8.388 0.013 0 0 0
-15.713 1.088 8.988 0 0 0
-2.738 15.438 8.713 0 0 0
0.038 0.537 -0.163 0 0 0
-10.213 6.213 8.113 0 0 0
-3.388 0.013 -0.188 0 0 0
-1.562 1.663 0.013 0 0 0
-13.188 1.062 9.138 0 0 0
-0.688 -0.138 -1.588 0 0 0
-26.163 1.062 7.388 0 0 0
4.188 -9.388 0.013 0 0 0
-14.288 1.088 9.188 0 0 0
-6.562 13.263 7.738 0 0 0
-0.038 -0.513 0.213 0 0 0
-0.013 -0.513 0.213 0 0 0
-0.038 0.513 0.238 0 0 0
-4.288 7.888 7.213 0 0 0
-1.438 -0.363 -3.963 0 0 0
-0.763 7.913 5.713 0 0 0
-0.888 -0.163 -1.738 0 0 0
-7.338 -9.088 0.013 0 0 0
0.812 -0.638 -0.238 0 0 0
-3.013 7.213 7.913 0 0 0
0.838 1.213 0.013 0 0 0
3.863 -3.088 1.038 0 0 0
1.838 -7.663 5.312 0 0 0
0.738 -0.138 -1.388 0 0 0
0.963 -0.688 0.013 0 0 0
3.413 -2.913 0.513 0 0 0
-12.562 5.738 7.888 0 0 0
-1.913 -1.338 0.013 0 0 0
0.388 -0.062 -0.638 0 0 0
-2.062 2.212 0.013 0 0 0
0.537 -0.163 -1.538 0 0 0
-1.312 -0.163 -1.738 0 0 0
3.938 3.812 5.163 0 0 0
-0.537 0.038 0.213 0 0 0
-3.388 1.963 0.238 0 0 0
0.513 -0.213 -0.263 0 0 0
-4.213 10.388 1.488 0 0 0
-12.463 5.638 7.888 0 0 0
-3.988 11.163 7.363 0 0 0
-3.288 3.163 0.363 0 0 0
3.438 -7.312 5.138 0 0 0
-3.263 -3.038 -0.663 0 0 0
3.788 4.788 1.713 0 0 0
-9.287 -7.038 4.588 0 0 0
-2.588 -0.213 -2.562 0 0 0
-2.188 1.663 0.013 0 0 0
-22.438 -6.013 0.013 0 0 0
-1.438 -0.312 -3.413 0 0 0
0.113 -0.163 -1.538 0 0 0
-2.212 0.113 0.013 0 0 0
-1.062 2.312 -1.088 0 0 0
0.738 0.963 0.013 0 0 0
3.388 0.713 7.588 0 0 0
-0.113 0.088 0.763 0 0 0
3.413 -2.038 -0.238 0 0 0
-12.513 7.312 7.263 0 0 0
0.938 0.263 0.312 0 0 0
-8.213 6.388 8.363 0 0 0
-5.338 -9.238 0.013 0 0 0
3.812 0.763 8.138 0 0 0
-0.312 -0.238 -0.163 0 0 0
-0.537 0.088 0.763 0 0 0
0.488 0.438 -0.213 0 0 0
0.113 0.062 0.013 0 0 0
0.913 0.613 0.188 0 0 0
-2.413 -6.588 0.013 0 0 0
-6.013 7.088 7.812 0 0 0
0.688 -0.713 8.488 0 0 0
3.562 -2.212 0.163 0 0 0
0.263 0.062 0.663 0 0 0
0.238 1.513 0.013 0 0 0
-0.263 5.938 7.812 0 0 0
-3.713 2.613 0.238 0 0 0
-1.562 -0.888 -0.963 0 0 0
0.638 -0.812 -0.988 0 0 0
-0.513 7.988 6.913 0 0 0
-3.263 -0.213 -0.388 0 0 0
0.913 1.938 -0.213 0 0 0
3.863 -2.888 0.312 0 0 0
-9.162 16.538 7.413 0 0 0
-0.188 1.513 0.013 0 0 0
1.562 5.838 8.062 0 0 0
-26.188 1.062 7.413 0 0 0
-7.113 -7.238 5.613 0 0 0
-1.588 -2.013 -0.938 0 0 0
-11.238 -9.438 0.013 0 0 0
3.812 -2.963 -0.338 0 0 0
0.812 -0.138 -1.388 0 0 0
-2.913 0.513 0.013 0 0 0
-8.162 6.488 7.888 0 0 0
-11.538 8.188 6.062 0 0 0
0.588 -0.388 -0.062 0 0 0
0.188 -0.288 -0.113 0 0 0
-0.913 -0.163 -1.713 0 0 0
-3.163 1.012 -0.113 0 0 0
2.888 5.963 8.263 0 0 0
-3.363 -1.788 0.013 0 0 0
-0.413 -0.938 0.013 0 0 0
0.938 6.963 7.788 0 0 0
4.138 3.888 4.338 0 0 0
-0.038 -0.263 0.038 0 0 0
-0.013 -0.263 0.038 0 0 0
-3.163 4.513 0.138 0 0 0
-2.663 7.988 6.588 0 0 0
-2.838 -0.238 -2.663 0 0 0
-14.388 -10.463 0.013 0 0 0
-15.188 13.288 7.038 0 0 0
-1.688 0.088 0.713 0 0 0
0.388 -0.138 -1.388 0 0 0
0.938 0.338 0.338 0 0 0
0.537 -1.062 -0.988 0 0 0
-9.938 1.088 9.838 0 0 0
-1.338 -0.163 -1.713 0 0 0
0.938 0.638 0.588 0 0 0
-3.312 1.238 0.788 0 0 0
-3.338 0.263 0.388 0 0 0
-0.013 0.488 0.038 0 0 0
-0.038 0.488 0.038 0 0 0
0.288 -1.413 -0.213 0 0 0
0.438 -0.613 -0.863 0 0 0
-1.613 -2.388 -0.913 0 0 0
4.138 4.062 4.737 0 0 0
-14.888 1.638 14.763 0 0 0
-6.538 -10.888 0.013 0 0 0
-1.413 -0.213 -2.463 0 0 0
0.113 0.438 0.288 0 0 0
-14.838 -12.013 0.013 0 0 0
-7.513 10.013 2.388 0 0 0
-1.638 7.938 5.738 0 0 0
-10.562 5.663 7.388 0 0 0
-0.713 1.263 0.013 0 0 0
0.463 -0.312 0.088 0 0 0
-0.613 -0.788 -1.012 0 0 0
-0.537 -0.288 -0.238 0 0 0
-12.938 15.513 5.988 0 0 0
-0.913 2.087 -1.038 0 0 0
0.688 -0.238 -2.238 0 0 0
-0.537 0.013 0.013 0 0 0
-3.363 1.338 0.537 0 0 0
0.913 0.288 0.338 0 0 0
-2.888 -0.613 -0.213 0 0 0
-6.638 -9.138 0.013 0 0 0
-3.263 0.038 0.038 0 0 0
-1.137 1.263 0.013 0 0 0
0.638 1.338 -0.688 0 0 0
-1.038 -0.788 -1.012 0 0 0
0.338 7.088 6.863 0 0 0
0.888 0.613 0.488 0 0 0
4.112 3.238 3.062 0 0 0
-0.113 0.062 0.562 0 0 0
-1.062 0.113 -1.263 0 0 0
-0.688 8.037 6.963 0 0 0
4.138 4.263 4.612 0 0 0
3.988 4.638 5.763 0 0 0
3.788 4.638 1.663 0 0 0
-0.838 1.463 0.013 0 0 0
-3.338 -0.288 -0.338 0 0 0
-9.037 1.763 16.863 0 0 0
-2.963 4.763 0.312 0 0 0
-0.213 5.688 8.013 0 0 0
0.812 0.863 -0.288 0 0 0
-16.938 5.363 7.263 0 0 0
-3.388 -0.638 0.188 0 0 0
-0.113 -7.538 3.663 0 0 0
0.613 -0.038 -0.288 0 0 0
-4.388 7.338 7.588 0 0 0
4.138 3.863 5.413 0 0 0
-0.513 7.088 6.863 0 0 0
-4.163 13.338 7.713 0 0 0
-0.013 5.913 7.788 0 0 0
0.463 -1.738 -1.163 0 0 0
-0.938 -0.738 -1.012 0 0 0
4.163 4.288 5.263 0 0 0
-3.312 0.863 -0.213 0 0 0
3.913 -0.788 9.238 0 0 0
-3.288 2.188 0.838 0 0 0
-2.513 -0.038 -0.163 0 0 0
4.163 -7.238 0.013 0 0 0
2.538 -7.738 3.038 0 0 0
-2.788 -1.738 -0.913 0 0 0
-3.363 1.413 0.562 0 0 0
-0.463 -0.238 -2.363 0 0 0
0.138 0.513 0.488 0 0 0
-0.288 -0.263 -0.188 0 0 0
3.938 -3.538 1.413 0 0 0
4.237 -7.038 0.013 0 0 0
0.788 0.488 -0.263 0 0 0
-8.013 5.988 7.913 0 0 0
-3.213 0.188 0.188 0 0 0
-1.363 -0.738 -1.012 0 0 0
-7.288 -7.163 5.538 0 0 0
3.438 0.663 7.062 0 0 0
-4.438 -10.988 0.013 0 0 0
1.863 10.338 1.438 0 0 0
4.013 -3.938 0.663 0 0 0
-3.338 1.562 1.062 0 0 0
-0.888 1.263 -1.088 0 0 0
-1.513 1.562 0.013 0 0 0
-21.213 1.988 17.637 0 0 0
-1.938 -9.088 0.013 0 0 0
-3.413 0.238 1.863 0 0 0
-20.513 5.562 7.763 0 0 0
0.963 0.288 0.238 0 0 0
-3.263 -0.338 -0.288 0 0 0
0.713 -0.988 0.013 0 0 0
-1.688 0.062 0.513 0 0 0
-1.788 -0.738 -1.012 0 0 0
0.938 0.312 0.138 0 0 0
3.988 3.513 4.763 0 0 0
-2.062 -0.062 -0.913 0 0 0
-2.013 1.363 0.013 0 0 0
3.913 4.963 0.663 0 0 0
-11.513 9.938 1.513 0 0 0
-3.113 5.988 7.788 0 0 0
0.838 -0.163 -1.413 0 0 0
-0.562 -7.588 3.663 0 0 0
-1.788 1.213 0.013 0 0 0
0.913 0.663 0.013 0 0 0
-1.938 1.562 0.013 0 0 0
0.838 -0.738 -1.012 0 0 0
-18.012 1.088 8.688 0 0 0
-14.188 1.713 15.613 0 0 0
-2.238 -1.088 0.013 0 0 0
0.613 -0.138 -1.263 0 0 0
-5.963 7.338 7.538 0 0 0
-7.613 -0.763 8.338 0 0 0
0.263 1.388 -0.388 0 0 0
0.938 0.488 0.537 0 0 0
-2.438 1.363 0.013 0 0 0
-0.988 -0.888 -0.963 0 0 0
-2.163 -0.888 0.013 0 0 0
0.688 1.562 0.013 0 0 0
-3.463 2.312 -0.163 0 0 0
-3.238 3.613 -0.038 0 0 0
-2.438 -0.088 -0.113 0 0 0
-2.863 1.513 -0.413 0 0 0
-3.988 6.338 8.263 0 0 0
-2.312 -0.537 0.013 0 0 0
-2.113 -0.838 -1.012 0 0 0
0.413 -0.738 -1.012 0 0 0
3.838 -2.038 1.713 0 0 0
3.963 -2.488 1.838 0 0 0
3.113 6.013 8.338 0 0 0
-3.463 -0.738 0.088 0 0 0
-8.412 1.113 10.288 0 0 0
-18.512 7.138 7.238 0 0 0
3.513 -2.363 0.163 0 0 0
0.638 -0.888 -1.012 0 0 0
-11.088 5.663 7.812 0 0 0
-2.763 -0.113 -1.413 0 0 0
-1.413 -0.888 -0.963 0 0 0
-1.838 -0.763 -1.113 0 0 0
-0.263 5.738 7.938 0 0 0
0.913 0.713 0.562 0 0 0
-2.038 1.312 0.013 0 0 0
-9.738 8.062 7.263 0 0 0
-0.088 -1.638 -1.062 0 0 0
-1.188 -0.888 -0.963 0 0 0
4.163 3.338 4.663 0 0 0
-0.013 -0.213 -0.138 0 0 0
-1.913 -0.238 -2.538 0 0 0
-0.738 6.388 8.562 0 0 0
-3.388 0.188 -0.388 0 0 0
-13.588 -9.863 0.013 0 0 0
-5.812 -8.638 0.013 0 0 0
-8.488 1.738 16.538 0 0 0
-14.213 -11.513 0.013 0 0 0
0.537 -0.562 -0.738 0 0 0
-0.338 -0.138 -1.562 0 0 0
-15.613 1.613 14.438 0 0 0
-1.688 -0.013 -0.463 0 0 0
-0.038 -0.338 0.013 0 0 0
-2.888 0.562 0.013 0 0 0
-10.213 1.713 16.213 0 0 0
-0.013 -0.338 0.013 0 0 0
0.388 0.413 0.013 0 0 0
-2.463 1.312 0.013 0 0 0
-0.663 0.088 0.888 0 0 0
-1.613 -0.888 -0.963 0 0 0
-3.338 0.312 0.213 0 0 0
-3.188 -2.087 0.013 0 0 0
-6.588 1.012 9.338 0 0 0
0.713 5.888 7.888 0 0 0
0.388 -0.788 -1.012 0 0 0
-12.288 1.738 16.163 0 0 0
-4.763 13.388 7.763 0 0 0
-5.538 5.688 8.088 0 0 0
0.488 -1.213 -0.988 0 0 0
0.163 1.312 0.013 0 0 0
-8.363 10.013 2.337 0 0 0
-3.312 1.163 0.763 0 0 0
-0.763 -0.138 -1.562 0 0 0
0.562 -1.012 -0.988 0 0 0
-12.312 15.888 6.138 0 0 0
-1.312 2.087 -1.062 0 0 0
4.312 6.463 7.038 0 0 0
0.788 0.788 0.713 0 0 0
-2.838 -0.088 -1.137 0 0 0
-0.263 1.312 0.013 0 0 0
0.863 0.812 -0.213 0 0 0
-1.163 -0.738 -1.062 0 0 0
-1.188 -0.138 -1.562 0 0 0
-2.788 2.212 -0.363 0 0 0
0.062 -0.288 0.013 0 0 0
-2.613 0.113 0.938 0 0 0
-0.388 -0.163 -1.663 0 0 0
0.488 -0.588 -0.838 0 0 0
4.362 6.013 8.037 0 0 0
-1.988 0.088 -1.338 0 0 0
-7.963 5.788 8.263 0 0 0
-19.213 4.737 5.312 0 0 0
0.888 0.663 0.312 0 0 0
0.812 -0.363 -3.538 0 0 0
-3.363 1.263 0.513 0 0 0
-3.388 1.863 0.013 0 0 0
-0.438 -1.088 -1.012 0 0 0
-0.688 1.312 0.013 0 0 0
-9.138 8.037 6.562 0 0 0
-3.888 1.488 -0.913 0 0 0
-2.212 -0.288 -0.463 0 0 0
-1.838 -0.788 9.312 0 0 0
-5.688 6.363 7.738 0 0 0
-1.438 -0.763 -1.088 0 0 0
-2.038 0.113 0.988 0 0 0
1.038 -0.163 -1.463 0 0 0
3.838 3.713 5.238 0 0 0
-3.038 7.062 8.363 0 0 0
-8.763 -9.713 0.013 0 0 0
4.237 4.362 5.363 0 0 0
-0.663 -9.488 0.013 0 0 0
-0.038 0.038 0.288 0 0 0
-0.013 0.038 0.288 0 0 0
-21.788 1.863 16.262 0 0 0
-0.438 5.763 7.988 0 0 0
-3.312 -0.413 0.013 0 0 0
3.963 -1.663 1.263 0 0 0
-3.338 1.137 0.913 0 0 0
-2.087 -0.213 -2.488 0 0 0
-15.288 14.838 6.562 0 0 0
-3.188 0.188 0.163 0 0 0
-1.863 -0.763 -1.088 0 0 0
0.388 0.038 -0.312 0 0 0
0.613 -0.163 -1.463 0 0 0
-2.312 0.013 0.088 0 0 0
-3.388 -0.713 0.163 0 0 0
-0.663 1.163 0.013 0 0 0
-3.113 -2.113 0.013 0 0 0
-3.812 5.488 7.588 0 0 0
-0.463 0.038 0.288 0 0 0
-19.088 5.213 5.838 0 0 0
-11.913 -10.713 0.013 0 0 0
0.913 0.513 -0.013 0 0 0
-1.988 -2.188 -0.938 0 0 0
-1.688 -0.988 -1.062 0 0 0
-3.312 0.338 0.013 0 0 0
-3.388 1.488 0.288 0 0 0
0.388 0.788 -0.312 0 0 0
-2.212 0.062 0.338 0 0 0
3.312 0.763 8.162 0 0 0
-3.312 0.213 0.163 0 0 0
-0.088 0.562 -0.213 0 0 0
-2.113 -0.988 -1.062 0 0 0
-1.012 1.363 0.013 0 0 0
-0.663 1.738 -0.988 0 0 0
-4.237 -1.713 0.537 0 0 0
4.112 3.562 4.988 0 0 0
0.363 -0.338 -0.288 0 0 0
-5.713 7.062 8.412 0 0 0
-13.638 1.113 9.463 0 0 0
-0.913 1.238 0.013 0 0 0
-9.988 10.263 1.538 0 0 0
-0.288 -0.038 0.038 0 0 0
-0.463 0.088 0.838 0 0 0
-3.413 -0.812 -0.988 0 0 0
0.938 0.363 -0.038 0 0 0
0.938 0.363 -0.013 0 0 0
3.738 -0.238 3.062 0 0 0
4.138 -5.088 0.013 0 0 0
-1.488 -0.763 8.988 0 0 0
-2.337 -0.038 0.088 0 0 0
-2.413 0.062 0.338 0 0 0
-1.988 -1.263 -0.537 0 0 0
-3.438 0.113 -0.088 0 0 0
-0.113 -0.263 0.062 0 0 0
-6.988 -8.963 0.013 0 0 0
3.688 7.263 2.438 0 0 0
4.188 6.038 8.088 0 0 0
-0.788 -0.812 -0.988 0 0 0
-1.338 1.238 0.013 0 0 0
-8.562 -0.763 8.162 0 0 0
-3.438 1.438 0.188 0 0 0
4.013 -8.988 0.013 0 0 0
-3.263 -0.113 -0.062 0 0 0
3.788 -1.838 -0.238 0 0 0
4.088 2.388 3.338 0 0 0
-3.038 -0.863 -1.088 0 0 0
2.713 -7.838 3.913 0 0 0
-6.863 -7.363 4.888 0 0 0
-2.337 -0.238 -2.588 0 0 0
2.888 -7.438 5.363 0 0 0
-1.213 -1.838 -1.012 0 0 0
-1.213 -0.812 -0.988 0 0 0
-4.138 -1.663 0.537 0 0 0
-3.263 -0.238 0.088 0 0 0
0.588 10.963 1.538 0 0 0
0.938 0.413 0.513 0 0 0
-4.963 -7.413 4.737 0 0 0
0.263 -0.288 -0.038 0 0 0
4.138 -3.588 0.013 0 0 0
-3.963 -10.363 0.013 0 0 0
0.688 0.913 0.388 0 0 0
0.888 -0.537 0.013 0 0 0
-0.338 -0.062 -0.062 0 0 0
-8.562 -7.562 3.663 0 0 0
0.713 1.888 0.113 0 0 0
-1.913 -0.188 -2.038 0 0 0
-7.513 -9.963 0.013 0 0 0
3.938 -2.663 1.938 0 0 0
-1.638 -1.838 -1.012 0 0 0
-3.312 0.588 0.438 0 0 0
-1.638 -0.812 -0.988 0 0 0
3.812 2.113 0.013 0 0 0
0.363 -0.263 -0.263 0 0 0
3.638 -0.163 -1.163 0 0 0
-19.538 0.812 5.888 0 0 0
-6.738 1.788 17.387 0 0 0
3.913 -3.213 1.562 0 0 0
-2.488 0.088 0.613 0 0 0
-19.963 0.988 7.562 0 0 0
-2.538 -0.913 -1.038 0 0 0
-3.288 -0.163 -0.062 0 0 0
-3.312 0.463 0.588 0 0 0
0.513 -0.613 -0.788 0 0 0
-0.013 -0.288 -0.163 0 0 0
-6.288 -7.513 4.688 0 0 0
0.763 -0.638 -0.238 0 0 0
-1.137 -0.763 -1.088 0 0 0
-0.488 7.113 7.788 0 0 0
3.588 -0.013 0.263 0 0 0
0.988 -7.613 5.288 0 0 0
4.388 7.688 2.613 0 0 0
-1.113 -0.763 -0.988 0 0 0
0.812 0.062 0.638 0 0 0
-0.188 0.062 0.588 0 0 0
-0.038 0.013 0.088 0 0 0
-1.938 5.713 7.988 0 0 0
-3.263 3.163 -0.038 0 0 0
-0.013 0.013 0.088 0 0 0
-5.963 6.013 7.938 0 0 0
3.888 -3.463 1.163 0 0 0
4.138 3.588 4.788 0 0 0
-2.688 0.788 -0.288 0 0 0
-0.263 0.613 -0.163 0 0 0
0.163 -0.138 -1.438 0 0 0
3.812 6.088 0.163 0 0 0
-5.238 -0.763 8.588 0 0 0
0.812 0.812 0.638 0 0 0
-0.338 -0.438 0.213 0 0 0
-8.988 1.763 16.762 0 0 0
0.688 -0.088 -0.763 0 0 0
0.788 0.838 0.537 0 0 0
3.663 -4.963 4.263 0 0 0
-0.513 -0.788 9.338 0 0 0
0.438 2.738 0.013 0 0 0
-0.413 0.838 0.738 0 0 0
-3.663 -2.087 0.338 0 0 0
0.513 -0.562 -0.238 0 0 0
3.463 -6.812 5.788 0 0 0
-0.963 -1.812 -0.963 0 0 0
-3.363 0.438 0.488 0 0 0
-0.013 0.062 0.638 0 0 0
-0.038 0.062 0.638 0 0 0
0.588 -0.963 -0.988 0 0 0
-0.788 -1.413 -0.188 0 0 0
-3.413 1.812 -0.038 0 0 0
-3.413 1.812 -0.013 0 0 0
-3.388 1.338 0.238 0 0 0
-3.363 1.763 0.763 0 0 0
-5.613 -7.488 4.737 0 0 0
0.663 -0.763 -0.988 0 0 0
-2.863 -0.537 -0.388 0 0 0
0.488 1.663 -0.888 0 0 0
-1.663 -1.012 -1.088 0 0 0
-14.613 13.263 7.038 0 0 0
0.238 -0.613 0.013 0 0 0
-1.238 5.838 7.913 0 0 0
-0.688 7.138 6.913 0 0 0
-2.863 -0.138 -1.788 0 0 0
-0.363 0.213 0.263 0 0 0
3.838 -3.463 2.488 0 0 0
0.438 0.738 -0.238 0 0 0
-1.638 6.988 7.888 0 0 0
-2.863 -0.663 -0.238 0 0 0
4.213 4.487 6.238 0 0 0
0.438 1.038 0.013 0 0 0
0.138 0.588 0.663 0 0 0
-3.388 1.513 0.638 0 0 0
-3.188 6.288 7.838 0 0 0
0.963 -0.138 -1.238 0 0 0
-6.688 1.788 17.288 0 0 0
-2.288 0.038 0.013 0 0 0
-2.337 5.763 8.113 0 0 0
3.088 1.038 10.812 0 0 0
0.888 0.763 0.688 0 0 0
-1.988 0.088 0.688 0 0 0
0.312 -1.263 -0.363 0 0 0
-1.638 -1.413 -0.188 0 0 0
3.538 -0.338 4.413 0 0 0
3.788 -1.812 0.713 0 0 0
3.763 -3.738 3.263 0 0 0
-3.312 0.388 -0.163 0 0 0
-2.062 3.062 -0.988 0 0 0
-1.863 0.088 0.562 0 0 0
-6.088 -11.463 0.013 0 0 0
-10.113 1.088 9.688 0 0 0
3.888 -2.913 1.838 0 0 0
-1.688 2.288 -1.088 0 0 0
0.562 -1.288 -0.338 0 0 0
-0.763 8.162 7.562 0 0 0
0.213 -0.663 0.013 0 0 0
-6.312 1.763 17.188 0 0 0
-3.213 -0.763 -1.012 0 0 0
-6.988 1.788 17.163 0 0 0
-7.863 12.138 7.238 0 0 0
-9.013 -10.013 0.013 0 0 0
0.138 -1.012 -0.988 0 0 0
-1.388 -1.738 -0.938 0 0 0
-11.062 -7.238 5.413 0 0 0
-3.238 -1.713 0.013 0 0 0
-2.288 0.088 0.562 0 0 0
3.863 -3.013 1.888 0 0 0
0.562 0.088 1.088 0 0 0
-3.988 7.963 6.913 0 0 0
-2.513 -0.788 9.287 0 0 0
-2.113 2.288 -1.088 0 0 0
-1.588 -0.738 -1.062 0 0 0
0.938 -1.663 -1.088 0 0 0
-2.337 0.013 -0.088 0 0 0
-1.613 -0.138 -1.562 0 0 0
3.963 4.413 5.988 0 0 0
-5.888 -9.062 0.013 0 0 0
0.363 -0.413 -0.312 0 0 0
-1.812 -1.738 -0.938 0 0 0
-2.713 0.088 0.562 0 0 0
-2.613 2.087 -1.088 0 0 0
-6.613 1.763 17.062 0 0 0
0.113 0.663 -0.088 0 0 0
4.062 4.312 5.988 0 0 0
-13.688 5.863 8.013 0 0 0
-1.988 -0.763 -0.963 0 0 0
1.012 -1.738 -1.188 0 0 0
-0.788 6.213 7.688 0 0 0
3.438 -6.413 4.688 0 0 0
-0.238 0.113 -0.088 0 0 0
-2.963 4.062 -0.463 0 0 0
-6.312 -15.613 0.013 0 0 0
-3.288 -0.588 -0.213 0 0 0
-0.588 0.038 0.413 0 0 0
-0.438 0.113 0.163 0 0 0
-20.663 -8.338 0.013 0 0 0
-3.463 1.838 -0.113 0 0 0
-1.463 7.562 7.938 0 0 0
-3.263 -0.188 -0.088 0 0 0
-17.012 1.663 14.663 0 0 0
-3.288 -0.288 0.038 0 0 0
-0.913 1.738 -1.012 0 0 0
0.913 0.363 0.463 0 0 0
-19.663 1.088 8.662 0 0 0
-3.138 -0.812 -0.963 0 0 0
0.838 0.038 0.613 0 0 0
-3.688 -2.212 0.263 0 0 0
-9.588 7.238 7.988 0 0 0
4.062 -0.288 -2.337 0 0 0
3.913 -4.487 1.788 0 0 0
4.138 4.038 4.487 0 0 0
-3.263 0.562 -0.088 0 0 0
-2.463 0.088 0.062 0 0 0
-7.238 -9.263 0.013 0 0 0
-3.488 0.188 1.463 0 0 0
4.038 2.888 0.363 0 0 0
-2.938 1.713 -1.113 0 0 0
-3.138 -0.062 -0.963 0 0 0
0.388 0.513 0.338 0 0 0
0.288 0.488 0.488 0 0 0
0.838 0.788 0.613 0 0 0
-3.338 0.413 0.537 0 0 0
0.388 -0.113 -1.088 0 0 0
-3.288 0.338 0.188 0 0 0
4.138 2.713 3.613 0 0 0
-3.788 8.162 5.938 0 0 0
-3.163 -0.738 -1.113 0 0 0
-5.913 10.163 1.488 0 0 0
-0.688 -0.138 -1.488 0 0 0
-2.087 0.038 -0.013 0 0 0
-3.312 1.263 1.088 0 0 0
0.138 -1.088 -1.062 0 0 0
-3.788 -0.763 8.763 0 0 0
-4.913 15.838 7.062 0 0 0
-0.438 -0.888 -0.988 0 0 0
4.138 4.088 5.038 0 0 0
0.812 -0.062 -0.537 0 0 0
0.963 -0.163 -1.438 0 0 0
-1.438 -7.513 5.138 0 0 0
-2.513 -0.263 -0.288 0 0 0
-15.213 -0.763 7.613 0 0 0
0.638 0.888 -0.288 0 0 0
-5.988 5.513 7.388 0 0 0
-1.838 -0.888 -1.012 0 0 0
-9.788 -9.438 0.013 0 0 0
0.738 -0.138 -1.288 0 0 0
-1.263 1.438 0.013 0 0 0
3.838 -3.062 1.038 0 0 0
-3.312 0.513 -0.188 0 0 0
0.863 -7.738 3.038 0 0 0
0.938 -0.663 0.013 0 0 0
-11.763 1.088 9.438 0 0 0
-1.738 -1.288 -0.513 0 0 0
-0.863 -0.888 -0.988 0 0 0
3.863 5.888 8.213 0 0 0
-1.888 3.138 0.013 0 0 0
0.138 -0.288 0.088 0 0 0
0.388 -0.062 -0.537 0 0 0
-13.213 -8.912 0.013 0 0 0
-0.988 -0.138 -1.613 0 0 0
0.188 0.537 0.738 0 0 0
-10.288 -9.613 0.013 0 0 0
-5.713 5.913 7.938 0 0 0
-0.488 -0.013 -0.013 0 0 0
-0.488 -0.038 -0.038 0 0 0
-3.288 3.163 0.463 0 0 0
-1.188 -0.163 -1.763 0 0 0
-24.788 -8.537 0.013 0 0 0
-12.438 13.613 8.138 0 0 0
3.413 -7.413 5.363 0 0 0
-5.213 8.088 5.913 0 0 0
-3.413 15.538 8.812 0 0 0
0.113 -0.988 -0.138 0 0 0
0.663 -0.363 -3.713 0 0 0
-1.413 -0.138 -1.613 0 0 0
-0.938 -7.562 5.188 0 0 0
-3.688 6.562 8.013 0 0 0
-0.312 0.038 -0.038 0 0 0
0.938 0.537 -0.238 0 0 0
-0.863 -1.438 -1.113 0 0 0
0.913 0.438 -0.113 0 0 0
-9.213 8.113 6.613 0 0 0
0.938 0.838 0.013 0 0 0
-2.863 -0.038 -0.812 0 0 0
-3.438 0.188 1.363 0 0 0
0.713 0.413 -0.263 0 0 0
1.088 -0.312 -3.163 0 0 0
0.913 -0.713 0.013 0 0 0
-1.838 -0.138 -1.613 0 0 0
-1.438 8.037 6.963 0 0 0
-12.088 1.763 16.488 0 0 0
-2.763 3.038 -0.537 0 0 0
-2.688 -1.738 -0.913 0 0 0
0.663 -7.638 5.263 0 0 0
-0.537 0.088 0.863 0 0 0
-3.788 -0.163 -2.113 0 0 0
-0.238 7.588 6.263 0 0 0
0.913 0.613 0.288 0 0 0
0.238 0.638 0.263 0 0 0
0.688 -7.838 4.362 0 0 0
-4.288 16.238 6.213 0 0 0
0.263 0.062 0.763 0 0 0
-2.562 -6.663 0.013 0 0 0
-0.613 7.938 5.738 0 0 0
-8.338 6.263 8.213 0 0 0
-22.288 -5.138 0.013 0 0 0
3.863 3.413 1.312 0 0 0
-13.038 1.738 15.963 0 0 0
2.212 -7.738 3.038 0 0 0
-3.562 -1.413 -0.163 0 0 0
-3.312 0.312 0.488 0 0 0
0.613 0.738 0.013 0 0 0
-3.263 3.188 0.863 0 0 0
-2.113 -0.263 0.013 0 0 0
-2.188 -0.638 -0.988 0 0 0
-1.863 -0.038 -0.613 0 0 0
-2.713 -0.088 -1.163 0 0 0
-1.562 -0.188 -2.013 0 0 0
-2.138 -7.338 5.938 0 0 0
-14.788 8.062 7.163 0 0 0
-5.238 6.938 7.863 0 0 0
-9.463 5.913 8.062 0 0 0
3.838 -1.838 -0.338 0 0 0
0.812 -0.963 0.013 0 0 0
-2.863 1.338 0.013 0 0 0
-3.613 12.238 9.363 0 0 0
0.888 0.812 -0.088 0 0 0
-2.413 -0.763 -1.012 0 0 0
0.438 -0.062 -0.638 0 0 0
-12.513 6.213 8.037 0 0 0
-3.488 0.163 1.263 0 0 0
0.812 -1.137 -0.988 0 0 0
3.938 4.062 5.688 0 0 0
-6.388 1.788 17.413 0 0 0
0.263 0.938 0.013 0 0 0
0.363 1.088 -0.363 0 0 0
-11.738 7.338 7.312 0 0 0
3.888 -3.738 1.213 0 0 0
0.213 0.588 0.263 0 0 0
-1.388 -1.812 -0.963 0 0 0
0.113 1.288 0.013 0 0 0
-3.363 0.163 1.137 0 0 0
0.938 0.338 0.438 0 0 0
0.388 2.388 0.013 0 0 0
-0.988 -0.213 -2.363 0 0 0
0.088 -0.263 0.013 0 0 0
-1.913 0.113 0.963 0 0 0
-10.163 1.113 10.088 0 0 0
0.913 0.688 0.312 0 0 0
0.163 -0.062 0.013 0 0 0
0.513 -0.363 -3.562 0 0 0
0.513 -0.713 -1.012 0 0 0
0.088 0.038 0.263 0 0 0
0.163 3.288 0.013 0 0 0
-4.013 6.363 8.312 0 0 0
-0.138 3.838 0.013 0 0 0
-2.038 -0.788 -1.113 0 0 0
3.963 2.363 3.263 0 0 0
-2.513 -0.288 -0.488 0 0 0
-2.588 -0.188 -0.238 0 0 0
1.238 -7.663 3.788 0 0 0
0.763 3.963 5.438 0 0 0
4.163 5.363 5.213 0 0 0
-14.238 -10.338 0.013 0 0 0
0.688 -0.938 -0.988 0 0 0
0.013 -0.913 -1.012 0 0 0
-2.938 3.338 -1.137 0 0 0
0.062 0.513 -0.088 0 0 0
0.963 0.312 -0.062 0 0 0
4.213 4.562 4.338 0 0 0
-0.113 -0.413 0.013 0 0 0
-0.263 -0.062 0.013 0 0 0
0.088 -0.713 -1.012 0 0 0
-1.413 -2.188 -0.938 0 0 0
-2.463 -0.788 -1.113 0 0 0
-3.138 -0.763 -1.137 0 0 0
-3.263 1.188 0.013 0 0 0
0.188 -1.137 -0.988 0 0 0
-6.213 -9.562 0.013 0 0 0
3.838 -0.663 7.913 0 0 0
-6.038 -17.538 0.013 0 0 0
-1.713 -1.488 -0.938 0 0 0
-5.263 -0.788 9.412 0 0 0
-11.312 1.062 9.412 0 0 0
0.263 -0.938 -0.988 0 0 0
-0.663 1.488 0.013 0 0 0
-0.513 0.438 0.638 0 0 0
0.913 0.288 0.438 0 0 0
-3.088 -3.413 0.013 0 0 0
-10.638 16.262 6.988 0 0 0
-3.413 0.138 1.038 0 0 0
-14.438 -10.488 0.013 0 0 0
3.288 0.863 9.037 0 0 0
0.038 -0.288 -0.088 0 0 0
3.763 -7.062 4.163 0 0 0
-0.513 0.888 0.388 0 0 0
-1.413 -0.163 -1.812 0 0 0
-2.488 0.013 -0.062 0 0 0
-2.138 -1.488 -0.938 0 0 0
-3.513 -0.088 -1.413 0 0 0
-5.613 -9.338 0.013 0 0 0
-0.113 0.062 0.663 0 0 0
0.038 0.013 0.163 0 0 0
-0.838 -0.913 -1.012 0 0 0
3.863 -7.088 2.788 0 0 0
-5.613 -0.763 8.488 0 0 0
-1.538 -2.013 -0.938 0 0 0
-11.913 7.188 6.963 0 0 0
-0.788 2.288 0.013 0 0 0
0.863 1.963 -0.188 0 0 0
-8.688 -3.663 2.588 0 0 0
-3.062 4.038 0.438 0 0 0
-3.038 13.413 7.713 0 0 0
3.088 -0.638 7.763 0 0 0
-1.888 -0.013 -0.312 0 0 0
-2.938 -0.138 -1.763 0 0 0
3.988 -0.238 2.913 0 0 0
-1.188 3.838 0.013 0 0 0
-3.288 0.562 0.413 0 0 0
0.788 -7.713 3.788 0 0 0
3.988 2.013 0.238 0 0 0
-1.488 1.188 0.013 0 0 0
0.838 0.838 -0.163 0 0 0
-1.213 2.288 0.013 0 0 0
4.163 4.913 6.788 0 0 0
-3.938 1.288 0.013 0 0 0
3.913 -3.638 2.163 0 0 0
3.688 7.438 1.513 0 0 0
-0.713 0.763 0.537 0 0 0
-3.312 0.863 -0.113 0 0 0
-3.413 0.163 -0.088 0 0 0
0.188 0.588 0.562 0 0 0
3.163 0.988 10.338 0 0 0
-2.562 -0.163 -1.863 0 0 0
-2.312 -0.163 -0.163 0 0 0
3.888 4.263 6.013 0 0 0
-10.363 5.488 7.562 0 0 0
-12.338 -10.738 0.013 0 0 0
0.488 -0.263 -0.288 0 0 0
-3.213 -0.388 0.013 0 0 0
4.213 3.663 4.888 0 0 0
-3.263 -0.338 -0.188 0 0 0
4.263 -8.363 0.013 0 0 0
-1.513 1.137 0.013 0 0 0
-3.363 0.138 0.938 0 0 0
0.938 0.312 0.238 0 0 0
0.913 0.363 -0.138 0 0 0
0.088 -0.288 -0.188 0 0 0
-1.788 -1.163 -1.012 0 0 0
-12.963 11.388 9.513 0 0 0
4.213 4.362 3.738 0 0 0
-11.138 7.013 8.438 0 0 0
-1.213 -0.213 -2.413 0 0 0
4.062 3.288 4.763 0 0 0
-1.638 -9.312 0.013 0 0 0
-3.238 0.838 0.338 0 0 0
-13.538 5.713 7.963 0 0 0
-7.562 1.763 16.838 0 0 0
-2.663 0.638 -0.413 0 0 0
-3.312 0.062 0.062 0 0 0
-2.713 -1.363 -0.938 0 0 0
-7.088 -11.338 0.013 0 0 0
2.038 7.663 6.363 0 0 0
0.463 -0.062 -0.663 0 0 0
-0.913 1.363 0.013 0 0 0
-1.438 -0.163 -1.788 0 0 0
-6.263 -7.488 4.688 0 0 0
-3.288 -0.163 -1.988 0 0 0
4.237 -5.812 0.013 0 0 0
0.463 0.388 -0.238 0 0 0
0.913 0.537 0.263 0 0 0
-2.888 -0.363 -0.288 0 0 0
-3.312 0.363 0.312 0 0 0
1.863 7.613 6.312 0 0 0
-3.263 0.288 -0.013 0 0 0
-0.188 0.688 0.088 0 0 0
-7.312 -10.438 0.013 0 0 0
-2.488 6.488 7.938 0 0 0
-1.638 1.338 0.013 0 0 0
-0.263 5.863 7.888 0 0 0
0.688 0.988 -0.163 0 0 0
-2.888 -0.938 -0.562 0 0 0
-2.212 0.088 0.638 0 0 0
-22.463 3.463 4.463 0 0 0
-2.087 5.688 7.938 0 0 0
-1.738 -1.613 -1.012 0 0 0
-1.863 -0.163 -1.788 0 0 0
-1.788 3.688 -1.012 0 0 0
-0.188 -0.463 0.213 0 0 0
-10.438 -7.113 4.612 0 0 0
-12.913 7.088 7.863 0 0 0
0.913 0.713 0.663 0 0 0
-8.363 5.638 7.812 0 0 0
-1.838 3.613 -0.988 0 0 0
-0.562 -0.537 -0.062 0 0 0
-18.988 4.463 3.488 0 0 0
-6.638 16.262 6.238 0 0 0
0.463 1.438 0.013 0 0 0
-3.288 -0.513 -0.013 0 0 0
-3.288 -0.513 -0.038 0 0 0
-4.688 -11.038 0.013 0 0 0
-16.413 1.638 14.638 0 0 0
3.913 -2.688 1.438 0 0 0
-1.838 1.188 0.013 0 0 0
3.838 -3.413 2.988 0 0 0
2.988 5.913 8.188 0 0 0
0.788 -0.763 -1.012 0 0 0
0.113 -0.738 -1.038 0 0 0
0.163 0.562 0.113 0 0 0
0.513 -0.088 -0.913 0 0 0
-0.388 0.888 0.738 0 0 0
-17.262 -0.838 9.863 0 0 0
-12.613 7.088 6.863 0 0 0
-1.688 -0.013 -0.363 0 0 0
0.312 0.513 0.363 0 0 0
-1.963 -9.287 0.013 0 0 0
-8.162 -10.438 0.013 0 0 0
0.363 0.438 0.013 0 0 0
-1.113 5.863 7.888 0 0 0
4.062 4.188 3.488 0 0 0
-3.338 0.312 0.312 0 0 0
-13.062 1.088 9.412 0 0 0
0.863 1.363 0.013 0 0 0
3.913 4.312 5.812 0 0 0
-2.363 -0.213 -2.538 0 0 0
4.088 3.138 4.163 0 0 0
0.288 0.988 0.013 0 0 0
0.138 1.338 0.013 0 0 0
-3.363 1.663 0.488 0 0 0
-17.062 5.513 6.938 0 0 0
-24.888 5.562 8.238 0 0 0
0.537 -0.388 -0.238 0 0 0
-1.012 -1.812 -0.963 0 0 0
-7.463 7.263 8.013 0 0 0
0.738 -0.062 -0.513 0 0 0
-2.087 1.263 0.013 0 0 0
-25.188 5.388 7.713 0 0 0
-3.413 1.588 -0.163 0 0 0
-12.463 8.238 6.113 0 0 0
0.513 -0.038 -0.363 0 0 0
-16.562 -9.188 0.013 0 0 0
3.713 -0.263 3.363 0 0 0
0.863 -0.638 -0.238 0 0 0
-22.363 3.263 4.763 0 0 0
4.062 3.213 4.013 0 0 0
0.188 -1.213 -1.012 0 0 0
0.338 0.363 0.013 0 0 0
0.688 2.212 -0.863 0 0 0
-1.988 -9.338 0.013 0 0 0
-16.188 11.363 6.463 0 0 0
0.113 0.537 0.763 0 0 0
0.263 0.488 0.263 0 0 0
-3.338 1.688 1.137 0 0 0
-3.163 0.138 0.888 0 0 0
-3.088 0.888 0.013 0 0 0
4.263 5.038 5.613 0 0 0
-3.263 -0.013 0.113 0 0 0
-2.212 -0.288 -0.363 0 0 0
-1.838 0.113 0.838 0 0 0
-1.438 -0.763 -0.988 0 0 0
0.938 1.888 -0.338 0 0 0
-1.062 -0.838 -1.038 0 0 0
-3.188 4.538 0.138 0 0 0
-1.463 -0.738 -1.088 0 0 0
0.588 -0.363 -3.688 0 0 0
-1.488 -0.138 -1.588 0 0 0
1.388 -7.738 3.812 0 0 0
-15.338 11.312 8.588 0 0 0
3.938 -2.062 1.238 0 0 0
-0.013 0.038 0.388 0 0 0
-0.038 0.038 0.388 0 0 0
-3.088 1.638 0.013 0 0 0
-1.038 8.013 7.788 0 0 0
-6.238 5.788 7.413 0 0 0
-0.688 -0.163 -1.688 0 0 0
-3.713 1.713 -1.038 0 0 0
-3.288 0.613 0.238 0 0 0
-3.263 3.488 0.513 0 0 0
-6.888 8.113 6.638 0 0 0
4.213 3.812 5.088 0 0 0
-8.588 -11.388 0.013 0 0 0
-0.062 0.513 0.038 0 0 0
-1.888 -0.738 -1.088 0 0 0
-5.463 -11.188 0.013 0 0 0
-6.988 16.238 6.238 0 0 0
-3.988 7.038 7.938 0 0 0
0.013 -0.338 0.013 0 0 0
0.438 0.413 0.013 0 0 0
-3.312 -0.537 0.263 0 0 0
-0.463 0.038 0.388 0 0 0
-0.463 -7.538 5.163 0 0 0
0.763 -1.062 -0.963 0 0 0
0.913 0.513 0.062 0 0 0
1.012 -7.938 4.438 0 0 0
0.738 -0.163 -1.488 0 0 0
-1.113 -0.163 -1.688 0 0 0
3.513 -5.463 4.038 0 0 0
0.188 0.062 0.788 0 0 0
3.163 -0.638 7.888 0 0 0
4.138 -0.213 -1.562 0 0 0
-1.188 -0.238 -2.438 0 0 0
3.938 3.163 4.312 0 0 0
-3.338 1.713 0.013 0 0 0
-3.138 0.263 -0.363 0 0 0
-1.088 -0.888 -1.038 0 0 0
-3.288 2.113 0.913 0 0 0
1.463 -0.788 9.312 0 0 0
-0.088 0.562 -0.113 0 0 0
0.338 -0.763 -0.988 0 0 0
-2.087 0.062 0.312 0 0 0
0.312 -0.163 -1.488 0 0 0
2.188 -7.763 3.863 0 0 0
-3.388 1.363 0.537 0 0 0
-5.288 7.913 6.863 0 0 0
-13.413 5.863 8.037 0 0 0
-2.513 0.188 0.163 0 0 0
3.713 -3.988 3.038 0 0 0
-11.538 -10.738 0.013 0 0 0
-24.988 8.963 7.138 0 0 0
3.812 -5.038 1.638 0 0 0
-3.238 -2.337 0.013 0 0 0
3.788 -3.463 -0.663 0 0 0
4.213 2.963 4.112 0 0 0
-14.363 1.062 8.888 0 0 0
0.713 -1.113 -1.062 0 0 0
4.263 3.338 4.338 0 0 0
0.738 0.812 0.738 0 0 0
-3.438 0.113 0.013 0 0 0
-0.488 0.988 0.688 0 0 0
-2.188 -0.562 -0.812 0 0 0
-12.488 -16.588 0.013 0 0 0
-6.738 -7.413 4.237 0 0 0
0.638 0.938 0.213 0 0 0
0.013 -0.263 0.038 0 0 0
-4.562 -7.388 4.737 0 0 0
-1.413 -1.588 -1.038 0 0 0
-9.338 -10.738 0.013 0 0 0
-6.463 -2.212 0.288 0 0 0
0.213 -0.988 -1.088 0 0 0
-3.438 0.863 0.013 0 0 0
-1.713 -0.888 -1.038 0 0 0
4.288 6.812 -0.788 0 0 0
-10.113 11.938 7.038 0 0 0
-0.213 0.638 0.038 0 0 0
-2.038 -1.463 -0.938 0 0 0
-6.688 -9.188 0.013 0 0 0
-10.413 5.788 7.538 0 0 0
-5.013 5.863 8.162 0 0 0
4.138 3.688 4.513 0 0 0
3.938 -2.963 1.788 0 0 0
-9.638 6.988 8.363 0 0 0
-3.263 4.138 -0.463 0 0 0
-3.312 0.288 0.288 0 0 0
3.888 6.038 8.062 0 0 0
-0.963 1.213 0.013 0 0 0
-2.188 5.863 7.913 0 0 0
-19.238 5.013 4.463 0 0 0
-7.062 -11.288 0.013 0 0 0
0.913 0.763 0.488 0 0 0
-2.438 0.138 0.213 0 0 0
4.213 -7.013 0.013 0 0 0
-9.838 -10.188 0.013 0 0 0
4.312 -8.463 0.013 0 0 0
-2.638 -0.238 -2.613 0 0 0
-3.213 3.688 0.537 0 0 0
-1.288 -0.138 -1.638 0 0 0
-3.488 0.138 1.062 0 0 0
-3.812 -2.663 0.038 0 0 0
-3.312 0.463 0.688 0 0 0
-11.113 5.913 8.037 0 0 0
-3.188 1.012 -0.312 0 0 0
-0.038 -0.288 -0.062 0 0 0
-2.638 -0.763 -1.062 0 0 0
-1.137 -0.763 -0.988 0 0 0
-1.488 -0.163 -1.788 0 0 0
4.213 -6.263 0.013 0 0 0
3.188 10.288 1.413 0 0 0
0.812 0.062 0.738 0 0 0
0.338 -0.213 -0.312 0 0 0
-0.312 -0.812 -0.988 0 0 0
3.638 0.488 5.388 0 0 0
-3.963 -1.863 0.537 0 0 0
-0.688 -0.188 -1.888 0 0 0
-0.263 0.038 0.338 0 0 0
3.938 -0.688 8.088 0 0 0
-11.613 8.013 6.513 0 0 0
-3.062 -0.763 -1.062 0 0 0
-6.213 10.238 1.488 0 0 0
-3.363 0.263 0.188 0 0 0
-1.888 -1.588 0.013 0 0 0
-3.163 -0.038 -0.838 0 0 0
4.062 2.963 4.263 0 0 0
-20.312 -7.288 1.488 0 0 0
-2.188 -0.888 0.013 0 0 0
-0.738 -0.812 -0.988 0 0 0
-0.763 -0.788 -1.088 0 0 0
0.763 0.863 0.537 0 0 0
-7.113 1.713 16.613 0 0 0
4.312 5.312 5.938 0 0 0
-1.638 -0.213 -2.413 0 0 0
-0.913 -1.288 -0.463 0 0 0
0.513 -0.163 -1.538 0 0 0
-0.588 -1.263 -0.163 0 0 0
-1.562 1.513 0.013 0 0 0
-3.463 8.037 6.613 0 0 0
0.537 0.863 0.013 0 0 0
3.638 -6.463 5.513 0 0 0
3.613 -5.863 5.013 0 0 0
-4.763 -7.763 3.988 0 0 0
-0.038 0.062 0.738 0 0 0
-0.013 0.062 0.738 0 0 0
-8.562 1.812 17.413 0 0 0
-2.838 5.938 7.938 0 0 0
-0.562 0.038 0.213 0 0 0
-1.163 -0.812 -0.988 0 0 0
-12.763 1.088 9.537 0 0 0
-0.163 -0.213 0.088 0 0 0
4.013 4.863 6.062 0 0 0
4.263 6.888 2.337 0 0 0
0.088 0.062 0.613 0 0 0
-3.413 1.388 -0.013 0 0 0
-3.413 1.388 -0.038 0 0 0
0.938 -0.537 0.013 0 0 0
0.938 0.488 0.038 0 0 0
-10.312 -0.788 8.238 0 0 0
-21.938 -6.713 0.013 0 0 0
-1.988 1.513 0.013 0 0 0
4.213 6.413 7.888 0 0 0
3.513 -6.863 5.013 0 0 0
-9.738 5.888 8.138 0 0 0
-5.788 5.838 7.938 0 0 0
0.338 0.588 0.238 0 0 0
-1.588 -0.812 -0.988 0 0 0
0.413 -0.263 -0.263 0 0 0
-0.438 5.812 7.913 0 0 0
-2.488 1.312 0.013 0 0 0
-2.212 -0.938 0.013 0 0 0
-0.338 0.062 0.613 0 0 0
0.638 -0.413 -0.263 0 0 0
-1.288 0.113 -1.213 0 0 0
-2.688 0.288 0.238 0 0 0
-1.463 -0.812 -1.113 0 0 0
-2.562 5.913 8.213 0 0 0
4.213 3.863 4.913 0 0 0
-7.213 1.763 16.863 0 0 0
-2.413 1.513 0.013 0 0 0
3.788 6.413 7.888 0 0 0
-19.562 0.788 5.538 0 0 0
-0.088 0.588 0.238 0 0 0
0.363 -0.763 -1.012 0 0 0
-22.288 3.713 5.138 0 0 0
-2.513 0.062 0.263 0 0 0
-12.062 15.838 6.788 0 0 0
-4.763 -9.738 0.013 0 0 0
4.112 2.812 3.763 0 0 0
3.538 -2.212 0.163 0 0 0
0.213 1.513 0.013 0 0 0
-10.913 -7.113 2.062 0 0 0
-1.713 0.113 -1.213 0 0 0
-3.013 -0.238 -2.713 0 0 0
-3.312 0.838 0.363 0 0 0
-1.888 -0.812 -1.113 0 0 0
-2.588 -0.888 -1.012 0 0 0
0.138 -0.888 -1.038 0 0 0
-2.413 2.263 0.013 0 0 0
-4.812 6.312 7.863 0 0 0
0.388 0.838 -0.388 0 0 0
-18.838 7.588 6.613 0 0 0
3.938 -2.413 1.188 0 0 0
-0.088 -0.263 -0.138 0 0 0
3.838 -6.613 3.138 0 0 0
-15.288 8.513 6.888 0 0 0
0.763 -1.137 -0.988 0 0 0
-3.013 -0.763 -1.163 0 0 0
-0.062 -0.763 -1.012 0 0 0
-6.838 1.738 16.762 0 0 0
3.913 -1.513 0.938 0 0 0
-3.312 0.713 0.513 0 0 0
-10.688 6.913 7.863 0 0 0
0.338 -0.363 -3.713 0 0 0
-3.588 -0.138 -1.812 0 0 0
-2.588 -0.188 -2.163 0 0 0
-0.113 3.263 0.013 0 0 0
4.163 3.513 4.562 0 0 0
0.388 -0.312 -0.263 0 0 0
0.312 0.812 0.013 0 0 0
0.363 0.738 -0.338 0 0 0
3.863 3.188 4.538 0 0 0
0.163 -0.288 -0.113 0 0 0
-0.488 -0.763 -1.012 0 0 0
-1.688 3.038 -0.988 0 0 0
3.863 -1.788 -0.713 0 0 0
0.413 0.537 0.288 0 0 0
-3.388 1.288 0.513 0 0 0
0.188 0.113 0.013 0 0 0
0.213 0.537 0.537 0 0 0
-4.988 5.838 8.138 0 0 0
-7.738 9.938 2.363 0 0 0
0.688 -1.413 -0.213 0 0 0
-2.863 -0.238 -2.663 0 0 0
0.738 0.863 0.562 0 0 0
0.638 -0.963 -0.988 0 0 0
-14.413 -10.463 0.013 0 0 0
-1.738 1.513 -1.088 0 0 0
-2.938 1.263 0.013 0 0 0
-25.163 5.638 7.738 0 0 0
-3.312 1.763 0.763 0 0 0
-3.263 -0.938 0.013 0 0 0
0.263 -1.413 -0.213 0 0 0
-3.288 -0.588 -0.113 0 0 0
-6.338 -9.037 0.013 0 0 0
-2.163 1.513 -1.088 0 0 0
-2.713 0.062 -1.012 0 0 0
-14.413 -9.713 0.013 0 0 0
0.088 -1.062 -0.988 0 0 0
0.088 0.438 0.288 0 0 0
-2.438 -0.213 -2.513 0 0 0
0.338 -0.363 -0.363 0 0 0
-1.288 -0.312 -3.363 0 0 0
4.312 4.988 5.488 0 0 0
-0.163 6.263 8.088 0 0 0
-0.288 0.062 0.513 0 0 0
0.588 -0.138 -1.463 0 0 0
-2.888 1.062 -0.363 0 0 0
0.863 -0.038 -0.338 0 0 0
-2.763 1.738 -1.113 0 0 0
0.663 -0.338 -0.062 0 0 0
-0.763 1.713 0.013 0 0 0
4.213 2.438 3.062 0 0 0
-1.288 5.888 7.938 0 0 0
-3.238 -0.788 9.263 0 0 0
3.788 -3.062 -0.038 0 0 0
-0.113 2.312 0.013 0 0 0
-5.938 -9.113 0.013 0 0 0
-1.638 -0.763 -1.062 0 0 0
-5.988 15.263 8.763 0 0 0
-4.913 1.038 9.963 0 0 0
0.613 -1.012 -0.988 0 0 0
0.438 -0.038 -0.338 0 0 0
0.588 -0.988 -1.088 0 0 0
0.413 -0.888 -0.963 0 0 0
-17.538 1.213 10.013 0 0 0
4.213 4.288 5.738 0 0 0
3.863 -1.713 -0.688 0 0 0
-1.312 -1.338 -1.038 0 0 0
-0.438 1.463 0.013 0 0 0
0.888 0.713 0.363 0 0 0
-3.312 0.963 0.938 0 0 0
0.838 3.988 5.338 0 0 0
-13.588 8.062 5.988 0 0 0
-0.138 0.062 0.562 0 0 0
0.188 -1.012 -0.988 0 0 0
-3.163 -0.738 -1.012 0 0 0
-1.812 3.438 -0.938 0 0 0
-3.312 1.838 0.788 0 0 0
-2.938 -1.763 -0.863 0 0 0
-1.838 -0.038 -0.537 0 0 0
-0.388 0.238 -0.213 0 0 0
4.263 4.938 5.388 0 0 0
-14.763 -11.963 0.013 0 0 0
-0.638 -0.238 -2.413 0 0 0
-0.863 1.463 0.013 0 0 0
-9.688 5.963 8.062 0 0 0
4.038 2.288 3.312 0 0 0
-1.713 -0.038 -0.663 0 0 0
4.263 5.913 8.213 0 0 0
-1.913 -0.013 -0.413 0 0 0
-7.863 1.113 10.363 0 0 0
0.338 -0.288 -0.338 0 0 0
-2.788 -0.062 -1.062 0 0 0
-2.212 -0.363 -0.438 0 0 0
-12.188 -9.863 0.013 0 0 0
-3.763 2.713 -0.888 0 0 0
-22.138 3.788 5.363 0 0 0
0.562 1.438 -0.938 0 0 0
-2.263 -0.763 -1.062 0 0 0
-9.013 5.938 8.013 0 0 0
4.163 4.812 5.238 0 0 0
0.513 -0.513 -0.312 0 0 0
-1.062 1.312 0.013 0 0 0
0.863 -0.138 -1.312 0 0 0
-0.963 -0.738 -1.012 0 0 0
-1.213 1.663 0.013 0 0 0
-0.988 -0.138 -1.513 0 0 0
-1.838 -0.188 -2.062 0 0 0
-0.838 -0.238 -2.413 0 0 0
-2.388 -2.038 -0.938 0 0 0
0.562 6.963 7.788 0 0 0
3.888 -1.913 1.763 0 0 0
-0.288 0.263 -0.213 0 0 0
-1.163 1.713 -1.012 0 0 0
-3.938 -15.788 0.013 0 0 0
-1.863 -1.713 -0.913 0 0 0
0.513 -0.062 -0.562 0 0 0
-15.963 1.213 10.263 0 0 0
4.288 5.163 7.188 0 0 0
-0.312 -0.263 -0.188 0 0 0
3.888 -3.938 2.038 0 0 0
-3.413 4.737 -1.363 0 0 0
-1.388 -0.738 -1.012 0 0 0
-1.413 -0.138 -1.513 0 0 0
-0.062 0.588 0.213 0 0 0
0.788 0.888 -0.138 0 0 0
-4.638 -7.263 4.863 0 0 0
-3.613 1.812 -1.088 0 0 0
-2.613 -0.088 -0.163 0 0 0
-0.188 0.588 -0.188 0 0 0
-1.388 1.213 0.013 0 0 0
-2.288 -0.838 -1.062 0 0 0
-9.988 6.562 7.613 0 0 0
3.588 -5.338 3.963 0 0 0
-2.388 0.088 0.488 0 0 0
-3.613 2.113 -0.838 0 0 0
0.113 -0.238 -0.013 0 0 0
0.113 -0.238 -0.038 0 0 0
0.913 0.312 0.138 0 0 0
-7.038 -0.738 7.988 0 0 0
-8.088 8.188 6.013 0 0 0
-13.263 -8.963 0.013 0 0 0
-0.388 0.038 0.463 0 0 0
0.413 -0.338 -0.288 0 0 0
0.913 0.613 0.388 0 0 0
-1.812 1.213 0.013 0 0 0
-1.438 -9.062 0.013 0 0 0
-2.138 2.212 0.013 0 0 0
-12.238 7.388 7.363 0 0 0
0.713 1.312 0.013 0 0 0
-3.312 0.588 -0.062 0 0 0
-2.713 -0.838 -1.062 0 0 0
0.812 -0.738 -1.012 0 0 0
-7.388 -8.812 0.013 0 0 0
0.188 -0.312 -0.138 0 0 0
3.838 -2.588 -0.238 0 0 0
-6.163 5.363 7.138 0 0 0
-1.113 7.888 5.688 0 0 0
-3.238 0.213 0.338 0 0 0
4.213 4.538 5.562 0 0 0
-1.863 -0.038 -0.513 0 0 0
0.463 -0.238 -0.238 0 0 0
-2.888 -0.988 -0.288 0 0 0
-3.312 0.763 0.338 0 0 0
-9.463 5.913 8.162 0 0 0
-2.463 0.213 0.138 0 0 0
-3.188 6.388 8.312 0 0 0
0.613 -0.888 -1.012 0 0 0
0.888 0.812 0.013 0 0 0
3.062 -0.663 8.062 0 0 0
3.663 -4.263 3.213 0 0 0
-0.938 -0.138 -1.613 0 0 0
0.588 1.513 0.013 0 0 0
-13.062 13.238 8.763 0 0 0
3.863 -3.588 0.388 0 0 0
3.463 7.088 7.713 0 0 0
-16.713 -8.513 0.013 0 0 0
0.613 1.312 -0.888 0 0 0
-4.612 -7.413 4.263 0 0 0
0.213 0.588 0.363 0 0 0
-14.213 -9.963 0.013 0 0 0
-11.388 5.613 8.062 0 0 0
-1.363 -0.138 -1.613 0 0 0
0.913 0.688 0.413 0 0 0
-1.613 -0.788 -1.088 0 0 0
0.288 -0.388 0.013 0 0 0
-2.438 0.062 0.138 0 0 0
-9.938 8.113 5.988 0 0 0
-1.738 8.113 7.488 0 0 0
0.138 -0.038 0.013 0 0 0
-3.312 1.688 0.738 0 0 0
0.363 -0.188 0.013 0 0 0
0.463 -0.038 -0.363 0 0 0
4.062 5.888 8.263 0 0 0
0.913 0.562 0.562 0 0 0
4.038 4.263 5.963 0 0 0
0.963 0.312 0.038 0 0 0
-2.013 -0.812 -0.988 0 0 0
3.713 3.213 0.013 0 0 0
-13.588 9.688 1.838 0 0 0
-3.088 -1.238 0.013 0 0 0
3.863 -1.638 0.812 0 0 0
-3.363 0.213 1.788 0 0 0
0.562 1.463 0.013 0 0 0
-2.212 0.113 0.938 0 0 0
3.938 -1.588 0.562 0 0 0
0.888 5.238 4.538 0 0 0
-7.863 5.863 8.113 0 0 0
-0.988 -0.163 -1.713 0 0 0
-1.663 -0.138 -1.738 0 0 0
-2.388 0.013 -0.263 0 0 0
0.463 0.088 -1.113 0 0 0
-7.888 5.888 8.013 0 0 0
0.638 -1.438 -0.213 0 0 0
-9.138 14.413 7.688 0 0 0
-1.413 5.812 8.037 0 0 0
-3.438 0.363 3.188 0 0 0
-1.038 -1.088 -1.062 0 0 0
-2.888 0.413 0.013 0 0 0
0.188 -1.713 -1.163 0 0 0
-2.438 -0.812 -0.988 0 0 0
-2.388 1.338 0.013 0 0 0
