-888.841 501.933 782.191
-895.752 505.836 788.273
-917.591 500.303 779.833
-923.22 503.372 784.617
-928.85 506.441 789.402
-950.804 500.541 780.393
-957.964 504.31 786.269
-962.26 506.572 789.795
-987.225 501.78 782.521
-994.505 505.48 788.292
-998.873 507.701 791.754
-1022.535 501.752 782.681
-1031.414 506.109 789.478
-1038.813 509.74 795.141
-1062.653 503.341 785.373
-1070.168 506.901 790.928
-1077.684 510.461 796.481
-1101.659 503.622 786.033
-1109.289 507.11 791.476
-1118.443 511.295 798.008
-1144.103 504.681 787.916
-1154.94 509.461 795.379
-1164.229 513.559 801.776
-1190.089 506.421 790.874
-1201.079 511.097 798.178
-1210.5 515.106 804.438
-1236.535 507.44 792.719
-1247.674 512.011 799.861
-1258.814 516.583 807.003
-1285.019 508.367 794.434
-1296.305 512.832 801.411
-1325.774 505.414 790.098
-1335.571 509.149 795.936
-1350.265 514.751 804.693
-1383.257 507.911 794.294
-1396.478 512.765 801.885
-1409.699 517.62 809.478
-1441.301 509.467 797.037
-1456.35 514.787 805.359
-1466.382 518.333 810.907
-1501.555 510.65 799.216
-1518.464 516.4 808.215
-1530.301 520.426 814.515
-1564.03 511.4 800.736
-1579.414 516.43 808.613
-1594.798 521.46 816.489
-1630.462 512.203 802.363
-1647.733 517.629 810.863
-1659.824 521.427 816.812
-1699.162 512.425 803.103
-1721.84 519.265 813.822
-1739.286 524.526 822.067
-1780.698 515.063 807.656
-1801.834 521.177 817.243
-1817.686 525.762 824.433
-1859.36 515.322 808.509
-1887.801 523.205 820.878
-1916.243 531.087 833.245
-1958.302 519.475 815.509
-1983.408 526.135 825.965
-2008.515 532.795 836.42
-2058.069 521.904 819.844
-2090.622 530.159 832.812
-2143.995 519.064 815.942
-2176.812 527.009 828.431
-2205.981 534.071 839.532
-2256.08 520.687 819.101
-2281.8 526.623 828.439
-2318.544 535.103 841.779
-2376.314 521.964 821.77
-2413.328 530.095 834.571
-2454.045 539.038 848.65
-2512.217 524.227 826.056
-2564.399 535.116 843.215
-2616.582 546.005 860.374
-2682.744 530.748 837.133
-2720.265 538.171 848.842
-2772.794 548.563 865.233
-2846.886 532.775 841.217
-2884.644 539.841 852.373
-2922.401 546.907 863.53
-2966.381 523.798 828.008
-2954.986 521.786 824.827
-2947.389 520.444 822.706
-2963.93 492.411 779.401
-2960.111 491.776 778.397
-2948.652 489.872 775.384
-2956.53 460.637 730.168
-2952.69 460.039 729.22
-2951.852 429.722 682.281
-2944.135 428.599 680.496
-2947.993 429.161 681.388
-2953.844 400.093 636.42
-2942.216 398.517 633.914
-2934.462 397.467 632.244
-2943.155 369.097 588.372
-2935.369 368.12 586.815
-2927.583 367.144 585.259
-2935.285 338.883 541.55
-2931.377 338.431 540.829
-2927.468 337.98 540.108
-2930.295 309.35 495.8
-2930.295 309.35 495.8
-2926.373 308.936 495.137
-2932.175 280.774 451.572
-2932.175 280.774 451.572
-2917.321 250.904 405.242
-2897.583 249.206 402.499
-2885.74 248.188 400.855
-2885.611 220.198 357.522
-2881.652 219.896 357.031
-2888.529 192.556 314.744
-2884.562 192.291 314.311
-2888.529 192.556 314.744
-2894.527 165.157 272.361
-2890.551 164.93 271.986
-2886.576 164.703 271.612
-2891.677 137.329 229.263
-2887.694 137.14 228.947
-2887.694 137.14 228.947
-2891.909 109.762 186.586
-2887.92 109.611 186.328
-2887.92 109.611 186.328
-2891.25 82.237 143.969
-2887.257 82.124 143.771
-2889.702 54.763 101.426
-2885.706 54.687 101.285
-2881.708 54.612 101.145
-2883.27 27.31 58.886
-2887.268 27.348 58.968
-2883.27 27.31 58.886
-2891.885 0.0 25.742
-2887.886 0.0 25.706
-2891.885 0.0 25.742
-2915.807 -29.913 -15.219
-2931.805 -30.077 -15.302
-2927.806 -30.036 -15.281
-2930.835 -60.145 -56.698
-2930.835 -60.145 -56.698
-2928.971 -90.195 -98.076
-2928.971 -90.195 -98.076
-2928.971 -90.195 -98.076
-2926.215 -120.217 -139.424
-2930.207 -120.381 -139.615
-2930.207 -120.381 -139.615
-2926.555 -150.408 -180.977
-2926.555 -150.408 -180.977
-2930.541 -150.613 -181.223
-2929.972 -180.88 -222.889
-2929.972 -180.88 -222.889
-2929.972 -180.88 -222.889
-2928.497 -211.174 -264.6
-2928.497 -211.174 -264.6
-2928.497 -211.174 -264.6
-2922.149 -241.158 -305.927
-2926.114 -241.485 -306.343
-2922.821 -271.804 -348.104
-2922.821 -271.804 -348.104
-2926.776 -272.172 -348.574
-2922.561 -302.529 -390.398
-2922.561 -302.529 -390.398
-2926.505 -302.937 -390.923
-2917.432 -332.875 -432.212
-2921.364 -333.324 -432.795
-2925.295 -333.772 -433.377
-2915.307 -363.689 -474.644
-2919.226 -364.178 -475.283
-2923.144 -364.667 -475.921
-2912.239 -394.553 -517.154
-2916.143 -395.082 -517.848
-2920.046 -395.611 -518.541
-2912.11 -426.026 -560.475
-2915.998 -426.594 -561.224
-2907.125 -456.999 -603.152
-2914.867 -458.216 -604.759
-2922.609 -459.433 -606.365
-2908.889 -489.287 -647.579
-2901.184 -487.991 -645.864
-2894.284 -518.992 -688.597
-2277.092 -408.32 -541.757
-2268.721 -432.293 -574.829
-2268.721 -432.293 -574.829
-2255.825 -455.447 -606.814
-2259.616 -456.212 -607.833
-2270.991 -458.509 -610.893
-2261.084 -482.483 -643.979
-2583.703 -581.376 -777.228
-2602.425 -585.589 -782.861
-2908.554 -688.749 -922.128
-2912.274 -689.63 -923.308
-2912.274 -689.63 -923.308
-2899.106 -721.151 -966.813
-2902.799 -722.07 -968.044
-2902.799 -722.07 -968.044
-2888.613 -753.561 -1011.515
-2903.276 -757.386 -1016.65
-2914.274 -760.255 -1020.501
-2895.26 -790.934 -1062.898
-2913.446 -795.902 -1069.575
-2935.27 -801.864 -1077.586
-2918.598 -833.814 -1121.712
-2925.813 -835.875 -1124.486
-2933.028 -837.937 -1127.259
-2911.647 -868.86 -1170.013
-2915.224 -869.927 -1171.45
-2903.497 -904.007 -1218.463
-2910.587 -906.215 -1221.439
-2917.677 -908.422 -1224.414
-2897.652 -940.381 -1268.581
-2904.676 -942.661 -1271.657
-2911.701 -944.94 -1274.732
-2897.48 -979.25 -1322.084
-2904.436 -981.601 -1325.258
-2911.393 -983.953 -1328.432
-2875.213 -1011.124 -1366.155
-2851.109 -1002.648 -1354.702
-2820.119 -991.749 -1339.977
-2759.931 -1009.191 -1364.52
-2742.894 -1002.962 -1356.097
-2729.265 -997.978 -1349.359
-2679.338 -1018.016 -1377.385
-2645.637 -1005.211 -1360.059
-2589.062 -1021.554 -1383.058
-2575.733 -1016.295 -1375.938
-2555.74 -1008.407 -1365.258
-2505.973 -1026.253 -1390.266
-2482.922 -1016.814 -1377.478
-2459.871 -1007.374 -1364.69
-2410.377 -1024.037 -1388.066
-2394.113 -1017.127 -1378.699
-2377.849 -1010.217 -1369.334
-2328.519 -1025.84 -1391.277
-2309.249 -1017.35 -1379.763
-2289.978 -1008.861 -1368.249
-2240.944 -1023.387 -1388.68
-2221.926 -1014.702 -1376.895
-2172.979 -1028.337 -1396.097
-2160.472 -1022.418 -1388.062
-2141.713 -1013.54 -1376.01
-2099.231 -1029.185 -1397.921
-2086.901 -1023.139 -1389.71
-2077.653 -1018.606 -1383.551
-2032.165 -1031.924 -1402.289
-2010.902 -1021.127 -1387.616
-1995.714 -1013.414 -1377.136
-1953.603 -1027.313 -1396.641
-1941.636 -1021.02 -1388.086
-1932.661 -1016.3 -1381.669
-1890.653 -1029.431 -1400.117
-1875.929 -1021.413 -1389.212
-1831.065 -1032.208 -1404.469
-1813.681 -1022.408 -1391.135
-1807.887 -1019.142 -1386.691
-1769.032 -1032.417 -1405.31
-1760.486 -1027.43 -1398.521
-1749.091 -1020.78 -1389.469
-1704.74 -1029.983 -1402.532
-1690.744 -1021.527 -1391.017
-1682.346 -1016.453 -1384.107
-1643.873 -1028.27 -1400.716
-1635.626 -1023.112 -1393.689
-1630.128 -1019.673 -1389.004
-1589.018 -1029.123 -1402.379
-1572.831 -1018.64 -1388.093
-1534.605 -1029.169 -1402.925
-1526.667 -1023.845 -1395.668
-1518.731 -1018.522 -1388.412
-1480.668 -1028.416 -1402.369
-1472.888 -1023.013 -1395.001
-1465.109 -1017.609 -1387.633
-1432.316 -1030.529 -1405.709
-1422.158 -1023.221 -1395.739
-1414.539 -1017.739 -1388.262
-1376.827 -1026.409 -1400.531
-1366.885 -1018.998 -1390.419
-1361.915 -1015.293 -1385.363
-1326.872 -1025.227 -1399.349
-1319.582 -1019.594 -1391.659
-1284.524 -1029.043 -1404.978
-1279.775 -1025.239 -1399.784
-1272.653 -1019.533 -1391.993
-1235.393 -1026.527 -1401.952
-1230.757 -1022.675 -1396.692
-1223.803 -1016.897 -1388.801
-1189.056 -1025.271 -1400.636
-1186.795 -1023.322 -1397.974
-1182.275 -1019.423 -1392.648
-1145.366 -1025.353 -1401.138
-1140.961 -1021.409 -1395.749
-1136.556 -1017.466 -1390.36
-1102.027 -1024.855 -1400.837
-1097.739 -1020.867 -1395.387
-1063.228 -1027.814 -1405.256
-1060.1 -1024.791 -1401.123
-1055.931 -1020.76 -1395.612
-1022.557 -1028.255 -1406.225
-1019.52 -1025.2 -1402.048
-1014.458 -1020.11 -1395.087
-980.213 -1026.121 -1403.665
-978.249 -1024.064 -1400.852
-974.32 -1019.952 -1395.226
-940.203 -1025.512 -1403.183
-936.396 -1021.36 -1397.501
-933.541 -1018.246 -1393.241
-900.52 -1024.397 -1402.002
-896.837 -1020.208 -1396.268
-893.155 -1016.018 -1390.533
-860.294 -1021.728 -1398.686
-858.514 -1019.615 -1395.794
-826.501 -1026.008 -1404.878
-823.068 -1021.746 -1399.042
-821.351 -1019.615 -1396.124
-787.748 -1023.462 -1401.719
-785.269 -1020.24 -1397.306
-784.441 -1019.166 -1395.835
-751.775 -1023.684 -1402.344
-749.391 -1020.438 -1397.897
-747.802 -1018.273 -1394.932
-715.26 -1022.392 -1400.891
-712.972 -1019.122 -1396.41
-711.447 -1016.942 -1393.424
-680.503 -1022.86 -1401.844
-678.313 -1019.568 -1397.333
-646.626 -1024.034 -1403.761
-645.231 -1021.824 -1400.733
-643.138 -1018.51 -1396.19
-612.215 -1023.713 -1403.627
-611.549 -1022.602 -1402.103
-609.556 -1019.267 -1397.531
-578.643 -1024.119 -1404.484
-577.38 -1021.883 -1401.417
-576.117 -1019.647 -1398.351
-544.031 -1021.901 -1401.739
-542.833 -1019.653 -1398.656
-542.235 -1018.529 -1397.113
-511.413 -1022.678 -1403.098
-510.283 -1020.418 -1399.998
-509.153 -1018.158 -1396.897
-477.845 -1020.827 -1400.85
-477.313 -1019.691 -1399.292
-446.028 -1022.023 -1402.779
-445.53 -1020.883 -1401.214
-445.032 -1019.742 -1399.648
-413.351 -1020.588 -1401.094
-412.887 -1019.442 -1399.522
-412.423 -1018.297 -1397.949
-381.746 -1021.095 -1402.074
-381.746 -1021.095 -1402.074
-381.746 -1021.095 -1402.074
-350.627 -1022.419 -1404.174
-349.834 -1020.111 -1401.005
-349.043 -1017.803 -1397.835
-318.451 -1019.943 -1401.053
-318.09 -1018.786 -1399.462
-317.728 -1017.628 -1397.872
-287.832 -1021.766 -1403.834
-287.178 -1019.443 -1400.642
-256.9 -1022.106 -1404.577
-256.608 -1020.942 -1402.977
-256.315 -1019.778 -1401.378
-225.771 -1020.957 -1403.273
-225.255 -1018.623 -1400.065
-225.255 -1018.623 -1400.065
-194.781 -1019.482 -1401.518
-194.557 -1018.313 -1399.911
-194.334 -1017.144 -1398.304
-164.505 -1021.197 -1404.148
-164.505 -1021.197 -1404.148
-163.939 -1017.683 -1399.317
-133.717 -1019.082 -1401.511
-133.563 -1017.91 -1399.899
-133.563 -1017.91 -1399.899
-103.335 -1018.997 -1401.665
-103.335 -1018.997 -1401.665
-72.993 -1018.599 -1401.387
-73.077 -1019.774 -1403.003
-73.161 -1020.948 -1404.619
-42.746 -1019.064 -1402.297
-42.697 -1017.889 -1400.679
-42.697 -1017.889 -1400.679
-12.472 -1018.044 -1401.161
-12.472 -1018.044 -1401.161
-12.472 -1018.044 -1401.161
17.776 -1019.064 -1402.836
17.736 -1016.714 -1399.599
17.776 -1019.064 -1402.836
48.034 -1018.599 -1402.464
47.979 -1017.424 -1400.847
47.979 -1017.424 -1400.847
78.278 -1017.823 -1401.665
78.278 -1017.823 -1401.665
108.497 -1016.737 -1400.439
108.622 -1017.91 -1402.054
108.622 -1017.91 -1402.054
139.003 -1017.683 -1402.014
139.163 -1018.854 -1403.627
139.163 -1018.854 -1403.627
169.606 -1018.313 -1403.152
169.801 -1019.482 -1404.763
169.996 -1020.651 -1406.375
200.526 -1019.79 -1405.462
200.526 -1019.79 -1405.462
200.984 -1022.124 -1408.678
232.12 -1023.27 -1410.533
231.856 -1022.106 -1408.928
231.856 -1022.106 -1408.928
262.497 -1020.605 -1407.134
262.199 -1019.443 -1405.533
262.796 -1021.766 -1408.735
293.793 -1021.101 -1408.096
293.793 -1021.101 -1408.096
294.127 -1022.259 -1409.692
324.839 -1020.111 -1407.01
324.839 -1020.111 -1407.01
355.924 -1018.795 -1405.475
355.924 -1018.795 -1405.475
356.325 -1019.945 -1407.061
387.036 -1017.151 -1403.49
387.472 -1018.297 -1405.07
387.908 -1019.442 -1406.651
419.577 -1018.601 -1405.775
420.516 -1020.883 -1408.923
420.516 -1020.883 -1408.923
452.328 -1019.691 -1407.567
454.343 -1024.234 -1413.837
454.846 -1025.369 -1415.404
486.355 -1022.678 -1411.98
487.429 -1024.938 -1415.101
487.967 -1026.068 -1416.662
518.991 -1021.901 -1411.201
519.563 -1023.025 -1412.755
550.528 -1018.529 -1406.841
552.341 -1021.883 -1411.473
554.154 -1025.237 -1416.107
585.856 -1021.49 -1411.232
585.856 -1021.49 -1411.232
585.856 -1021.49 -1411.232
618.182 -1018.51 -1407.417
620.864 -1022.929 -1413.523
621.534 -1024.034 -1415.049
654.033 -1020.665 -1410.702
654.737 -1021.763 -1412.22
655.44 -1022.86 -1413.736
689.473 -1021.302 -1411.894
690.209 -1022.392 -1413.402
693.152 -1026.752 -1419.429
727.461 -1024.766 -1417.001
728.997 -1026.93 -1419.993
729.765 -1028.012 -1421.49
761.871 -1022.388 -1414.034
763.471 -1024.536 -1417.005
796.367 -1019.615 -1410.524
798.032 -1021.746 -1413.472
799.696 -1023.877 -1416.42
834.395 -1020.672 -1412.317
837.85 -1024.898 -1418.165
840.441 -1028.068 -1422.551
875.42 -1024.397 -1417.81
878.105 -1027.54 -1422.159
880.79 -1030.682 -1426.508
912.297 -1022.398 -1415.386
914.149 -1024.474 -1418.26
916.002 -1026.55 -1421.134
950.286 -1020.98 -1413.773
954.113 -1025.093 -1419.468
959.855 -1031.262 -1428.01
994.4 -1025.2 -1419.974
999.338 -1030.291 -1427.026
1003.287 -1034.363 -1432.666
1034.991 -1024.791 -1419.773
1039.062 -1028.821 -1425.356
1070.63 -1018.873 -1411.944
1072.725 -1020.867 -1414.707
1081.105 -1028.842 -1425.759
1118.089 -1023.381 -1418.571
1122.397 -1027.325 -1424.038
1128.859 -1033.24 -1432.238
1163.935 -1025.271 -1421.581
1170.573 -1031.118 -1429.689
1174.999 -1035.017 -1435.094
1210.24 -1026.527 -1423.722
1214.782 -1030.379 -1429.064
1221.593 -1036.157 -1437.077
1259.31 -1029.043 -1427.622
1263.966 -1032.847 -1432.899
1268.621 -1036.652 -1438.178
1308.904 -1030.86 -1430.564
1316.057 -1036.493 -1438.381
1320.825 -1040.248 -1443.593
1358.997 -1031.967 -1432.534
1363.876 -1035.673 -1437.679
1371.196 -1041.231 -1445.394
1409.56 -1032.357 -1433.52
1422.034 -1041.492 -1446.206
1460.567 -1032.018 -1433.508
1468.215 -1037.421 -1441.014
1473.312 -1041.023 -1446.017
1509.388 -1029.169 -1430.021
1519.798 -1036.266 -1439.883
1532.81 -1045.138 -1452.211
1574.421 -1036.112 -1440.157
1582.386 -1041.354 -1447.443
1587.696 -1044.848 -1452.301
1621.385 -1029.99 -1432.148
1632.212 -1036.868 -1441.712
1645.746 -1045.466 -1453.666
1687.776 -1035.057 -1439.713
1696.049 -1040.131 -1446.771
1704.322 -1045.204 -1453.828
1743.735 -1032.417 -1436.579
1754.967 -1039.067 -1445.832
1769.007 -1047.38 -1457.399
1808.63 -1033.841 -1439.116
1822.916 -1042.007 -1450.483
1837.203 -1050.173 -1461.85
1882.864 -1039.051 -1446.948
1894.486 -1045.465 -1455.88
1940.245 -1033.606 -1439.963
1952.057 -1039.899 -1448.731
1963.87 -1046.192 -1457.497
2006.881 -1031.924 -1438.242
2027.88 -1042.721 -1453.291
2048.878 -1053.519 -1468.339
2092.287 -1038.252 -1447.713
2135.42 -1022.418 -1426.302
2278.552 -1052.338 -1468.758
2328.8 -1037.16 -1448.314
2347.863 -1045.65 -1460.169
2366.925 -1054.139 -1472.024
2417.476 -1037.856 -1450.063
2436.789 -1046.148 -1461.648
2484.087 -1027.602 -1436.541
2506.907 -1037.042 -1449.738
2536.246 -1049.179 -1466.704
2583.831 -1029.442 -1439.962
2600.33 -1036.016 -1449.157
2626.73 -1046.534 -1463.87
2687.783 -1030.821 -1442.785
2717.833 -1042.346 -1458.915
2747.883 -1053.871 -1475.046
2812.869 -1037.847 -1453.569
2839.884 -1047.814 -1467.529
170.528 -62.919 -88.121
2873.652 -1060.274 -1484.978
2928.953 -1038.975 -1456.155
2949.435 -1046.241 -1466.338
2986.986 -1059.561 -1485.007
3059.762 -1042.731 -1462.489
3101.156 -1056.838 -1482.275
3181.235 -1040.688 -1460.759
1623.509 384.449 514.717
1627.228 385.329 515.896
1613.897 401.456 538.213
1608.357 400.078 536.365
1604.664 399.159 535.134
1585.438 413.598 555.178
1583.606 413.12 554.536
1573.115 429.747 577.516
1574.934 430.244 578.184
1578.571 431.238 579.52
1571.136 448.858 603.839
1572.94 449.373 604.532
1574.744 449.888 605.225
1568.497 468.053 630.284
1575.651 470.188 633.158
1577.441 470.721 633.877
1568.739 488.429 658.328
1575.83 490.636 661.303
1579.375 491.74 662.79
1568.244 508.946 686.572
1573.513 510.655 688.878
1578.781 512.365 691.185
1572.222 531.358 717.385
1554.681 546.734 738.705
1546.072 543.706 734.615
1512.851 553.186 747.96
1495.814 546.957 739.536
1478.777 540.727 731.113
1449.202 550.625 745.0
1434.036 544.863 737.204
1420.555 539.741 730.273
1391.163 548.905 743.149
1376.168 542.988 735.139
1364.506 538.387 728.909
1336.958 547.515 741.719
1325.433 542.795 735.324
1297.895 551.404 747.42
1284.884 545.877 739.927
1275.126 541.731 734.307
1247.765 549.709 745.532
1236.524 544.757 738.816
1225.283 539.804 732.1
1199.713 547.881 743.445
1190.204 543.539 737.552
1179.111 538.473 730.678
1153.711 545.98 741.237
1145.894 542.281 736.215
1138.078 538.582 731.194
1114.349 546.329 742.069
1105.102 541.795 735.91
1078.354 547.583 744.114
1070.76 543.727 738.874
1063.165 539.871 733.634
1039.628 546.694 743.236
1033.644 543.548 738.958
1027.661 540.401 734.68
1005.698 547.586 744.766
1001.281 545.181 741.495
992.446 540.371 734.952
969.132 546.319 743.346
961.888 542.236 737.79
942.914 550.29 749.046
937.217 546.965 744.52
930.095 542.809 738.862
906.955 547.971 746.175
902.756 545.434 742.72
897.158 542.052 738.114
876.916 548.526 747.205
871.418 545.086 742.52
867.294 542.507 739.006
847.116 548.633 747.617
841.721 545.138 742.856
836.325 541.644 738.094
816.251 547.411 746.211
810.959 543.862 741.373
789.603 548.428 747.848
788.307 547.528 746.62
783.12 543.926 741.709
761.87 548.154 747.717
758.061 545.413 743.979
755.521 543.586 741.486
735.633 548.406 748.299
730.663 544.701 743.243
726.935 541.922 739.45
709.609 548.29 748.369
705.964 545.473 744.525
686.188 549.711 750.534
682.626 546.857 746.638
680.252 544.955 744.042
661.734 549.856 750.952
658.258 546.968 747.006
655.941 545.042 744.376
636.348 548.695 749.58
634.087 546.746 746.918
632.958 545.772 745.586
613.432 549.155 750.418
610.128 546.198 746.376
607.925 544.226 743.681
589.605 548.317 749.476
587.462 546.323 746.751
585.318 544.329 744.025
567.055 548.167 749.47
564.97 546.152 746.715
546.714 549.76 751.843
543.677 546.706 747.666
542.664 545.688 746.274
525.465 550.075 752.466
524.483 549.047 751.059
521.536 545.962 746.839
503.408 549.085 751.299
501.505 547.009 748.459
499.602 544.933 745.619
482.487 548.859 751.175
481.567 547.812 749.741
479.725 545.717 746.875
462.619 549.43 752.137
460.84 547.317 749.245
443.718 550.827 754.228
442.86 549.761 752.769
441.144 547.63 749.852
424.045 550.93 754.545
422.392 548.782 751.603
421.565 547.708 750.132
404.496 550.798 754.538
402.907 548.634 751.573
402.113 547.552 750.091
385.082 550.435 754.211
384.318 549.345 752.717
383.556 548.255 751.224
366.536 550.94 755.071
365.077 548.745 752.062
347.378 550.128 754.124
346.681 549.023 752.61
345.286 546.814 749.581
329.04 550.204 754.392
328.375 549.093 752.868
328.375 549.093 752.868
311.432 551.191 755.907
310.8 550.073 754.373
310.168 548.955 752.84
293.261 550.86 755.613
292.065 548.611 752.529
291.466 547.487 750.986
275.203 550.325 755.037
274.638 549.195 753.487
274.072 548.065 751.937
257.791 550.724 755.742
257.26 549.589 754.184
240.437 550.934 756.186
239.939 549.794 754.62
239.441 548.653 753.055
223.144 550.957 756.371
222.68 549.812 754.799
222.216 548.666 753.226
205.49 549.643 754.72
205.49 549.643 754.72
205.06 548.493 753.141
188.372 549.291 754.387
188.372 549.291 754.387
188.372 549.291 754.387
171.334 548.755 753.801
171.334 548.755 753.801
171.697 549.913 755.392
154.71 549.199 754.561
154.71 549.199 754.561
138.105 549.469 755.081
138.105 549.469 755.081
138.105 549.469 755.081
121.529 549.567 755.361
121.529 549.567 755.361
121.529 549.567 755.361
105.208 550.661 757.013
104.985 549.491 755.405
104.985 549.491 755.405
88.666 550.416 756.823
88.289 548.073 753.602
88.289 548.073 753.602
72.013 548.827 754.784
72.013 548.827 754.784
72.013 548.827 754.784
55.715 549.413 755.736
55.834 550.587 757.351
55.834 550.587 757.351
39.401 549.832 756.458
39.401 549.832 756.458
23.074 550.083 756.95
23.025 548.908 755.332
23.074 550.083 756.95
6.74 550.167 757.21
6.726 548.991 755.592
6.726 548.991 755.592
-9.595 550.083 757.24
-9.616 551.259 758.858
-9.576 548.908 755.622
-25.873 548.657 755.422
-25.984 551.007 758.657
-25.984 551.007 758.657
-42.253 549.413 756.608
-42.344 550.587 758.225
-42.253 549.413 756.608
-58.691 550.0 757.561
-58.691 550.0 757.561
-58.691 550.0 757.561
-75.179 550.416 758.281
-75.179 550.416 758.281
-91.521 549.491 757.155
-91.716 550.661 758.765
-91.716 550.661 758.765
-108.293 550.733 759.013
-108.293 550.733 759.013
-108.522 551.9 760.621
-124.907 550.633 759.024
-124.907 550.633 759.024
-125.171 551.798 760.628
-141.552 550.36 758.796
-141.85 551.521 760.397
-141.85 551.521 760.397
-158.555 551.07 759.924
-158.888 552.228 761.521
-158.888 552.228 761.521
-175.648 551.599 760.804
-175.281 550.445 759.212
-175.648 551.599 760.804
-192.825 551.943 761.432
-192.825 551.943 761.432
-193.227 553.093 763.017
-209.645 550.957 760.223
-210.08 552.102 761.804
-226.938 550.934 760.346
-227.407 552.075 761.92
-227.877 553.216 763.495
-244.801 551.86 761.779
-245.305 552.995 763.347
-245.305 552.995 763.347
-261.718 550.325 759.817
-262.255 551.455 761.378
-262.792 552.585 762.937
-280.335 551.984 762.266
-280.906 553.108 763.819
-281.478 554.232 765.371
-298.53 552.309 762.875
-298.53 552.309 762.875
-299.135 553.427 764.42
-316.834 552.427 763.201
-318.109 554.65 766.273
-318.109 554.65 766.273
-335.24 552.337 763.241
-335.91 553.442 764.768
-353.037 550.94 761.477
-354.444 553.135 764.51
-355.148 554.232 766.027
-372.33 551.525 762.453
-373.066 552.615 763.96
-374.538 554.795 766.973
-391.769 551.88 763.115
-393.305 554.045 766.108
-393.305 554.045 766.108
-410.546 550.93 761.974
-412.147 553.078 764.945
-413.747 555.225 767.915
-431.054 551.892 763.481
-432.718 554.023 766.429
-433.55 555.088 767.903
-451.748 552.6 764.639
-451.748 552.6 764.639
-453.476 554.713 767.564
-472.619 553.049 765.443
-474.41 555.144 768.343
-475.305 556.191 769.792
-493.659 553.236 765.889
-494.586 554.274 767.326
-497.363 557.388 771.637
-516.771 555.216 768.819
-517.729 556.244 770.243
-536.206 552.814 765.686
-537.193 553.832 767.097
-539.168 555.868 769.917
-558.712 553.206 766.425
-559.73 554.213 767.822
-561.765 556.229 770.614
-581.408 553.302 766.761
-583.504 555.296 769.523
-585.599 557.29 772.286
-605.362 554.085 768.052
-608.593 557.043 772.152
-611.825 560.001 776.252
-630.649 555.518 770.248
-632.862 557.467 772.951
-635.074 559.416 775.654
-653.938 554.671 769.291
-657.345 557.56 773.298
-660.75 560.449 777.304
-680.866 556.368 771.866
-684.356 559.221 775.824
-686.685 561.123 778.463
-705.712 555.801 771.306
-709.288 558.617 775.215
-712.864 561.434 779.123
-733.175 556.744 772.849
-738.054 560.449 777.992
-757.171 554.549 770.041
-760.913 557.29 773.848
-767.15 561.858 780.19
-788.91 557.434 774.295
-791.459 559.235 776.797
-795.283 561.936 780.549
-815.85 556.283 772.951
-821.055 559.832 777.882
-826.26 563.381 782.814
-848.276 558.243 775.936
-852.259 560.863 779.579
-854.913 562.611 782.008
-875.656 556.263 773.456
-883.777 561.422 780.628
-890.544 565.721 786.606
-911.454 558.965 777.493
-918.349 563.193 783.373
-922.485 565.73 786.902
-946.278 560.265 779.593
-953.298 564.421 785.375
-957.51 566.915 788.846
-981.461 561.018 780.942
-990.032 565.918 787.763
-994.318 568.367 791.173
-1016.979 561.216 781.531
-1025.696 566.026 788.23
-1032.96 570.035 793.812
-1057.241 563.213 784.638
-1064.624 567.146 790.117
-1072.007 571.079 795.597
-1096.434 563.779 785.766
-1103.935 567.635 791.141
-1129.896 560.686 781.807
-1139.032 565.22 788.129
-1148.169 569.754 794.45
-1171.236 560.776 782.298
-1180.507 565.215 788.491
-1189.779 569.654 794.684
-1217.631 562.356 784.886
-1230.167 568.146 792.968
-1239.57 572.489 799.029
-1266.067 563.858 787.385
-1278.775 569.518 795.289
-1291.483 575.178 803.192
-1318.184 565.915 790.68
-1329.451 570.752 797.438
-1345.545 577.662 807.092
-1374.071 568.418 794.622
-1383.852 572.463 800.277
-1400.151 579.206 809.704
-1430.512 569.94 797.221
-1443.712 575.199 804.576
-1460.211 581.773 813.772
-1494.14 573.034 802.045
-1507.496 578.156 809.214
-1520.852 583.278 816.384
-1555.014 573.744 803.564
-1570.209 579.35 811.416
-1599.318 567.319 795.115
-1616.386 573.374 803.601
-1636.868 580.64 813.784
-1671.313 569.564 798.845
-1690.286 576.03 807.914
-1705.808 581.32 815.334
-1742.187 569.928 799.977
-1763.094 576.767 809.577
-1784.0 583.606 819.177
-1822.39 571.765 803.22
-1847.017 579.492 814.075
-1871.643 587.218 824.929
-1913.885 575.326 808.937
-1942.292 583.865 820.943
-1967.147 591.337 831.449
-2009.73 578.207 813.755
-2041.971 587.483 826.809
-2070.631 595.729 838.414
-2117.167 582.27 820.304
-2146.071 590.219 831.502
-2171.362 597.175 841.301
-2221.816 583.34 822.708
-2261.882 593.859 837.543
-2294.663 602.466 849.682
-2341.854 586.108 827.586
-2378.561 595.294 840.557
-2418.938 605.4 854.826
-2477.525 590.104 834.295
-2518.201 599.793 847.992
-2558.876 609.481 861.69
-2625.315 594.014 840.992
-2681.173 606.653 858.885
-2725.859 616.764 873.201
-2796.583 599.887 850.599
-2845.317 610.34 865.423
-2882.226 584.809 830.608
-2916.178 591.698 840.392
-2946.359 597.822 849.09
-2960.236 566.703 806.381
-2964.032 567.43 807.415
-2952.646 565.25 804.314
-2954.084 532.053 758.633
-2954.084 532.053 758.633
-2950.267 531.366 757.653
-2962.129 500.304 715.004
-2958.292 499.656 714.078
-2939.108 496.416 709.447
-2942.201 464.301 665.27
-2946.056 464.909 666.142
-2949.913 465.518 667.014
-2952.034 433.42 622.852
-2932.664 430.576 618.765
-2941.48 399.842 576.54
-2933.698 398.784 575.016
-2929.808 398.255 574.253
-2933.741 367.111 531.419
-2933.741 367.111 531.419
-2929.835 366.622 530.712
-2936.722 336.016 488.645
-2928.88 335.118 487.34
-2928.88 335.118 487.34
-2934.818 304.57 445.346
-2911.214 302.121 441.764
-2895.478 300.488 439.376
-2896.431 269.965 397.372
-2880.646 268.494 395.206
-2880.646 268.494 395.206
-2880.628 238.213 353.527
-2880.628 238.213 353.527
-2880.628 238.213 353.527
-2891.591 208.882 313.252
-2887.624 208.595 312.822
-2887.624 208.595 312.822
-2889.767 178.668 271.649
-2889.767 178.668 271.649
-2889.767 178.668 271.649
-2887.03 148.564 230.187
-2887.03 148.564 230.187
-2883.048 148.359 229.869
-2887.376 118.741 189.141
-2887.376 118.741 189.141
-2886.833 88.965 148.151
-2886.833 88.965 148.151
-2886.833 88.965 148.151
-2893.394 59.407 107.525
-2885.401 59.243 107.228
-2881.404 59.161 107.08
-2891.082 29.667 66.569
-2895.08 29.708 66.661
-2887.083 29.626 66.478
-2883.895 0.0 -24.664
-2879.895 0.0 -24.63
-2887.894 0.0 -24.698
-2915.109 -31.757 -64.699
-2935.103 -31.975 -65.143
-2931.104 -31.931 -65.054
-2925.426 -63.766 -104.871
-2929.423 -63.853 -105.014
-2933.419 -63.94 -105.157
-2930.842 -95.885 -145.14
-2930.842 -95.885 -145.14
-2930.842 -95.885 -145.14
-2923.384 -127.627 -184.827
-2923.384 -127.627 -184.827
-2927.372 -127.802 -185.079
-2923.011 -159.679 -224.961
-2923.011 -159.679 -224.961
-2921.733 -191.769 -265.134
-2925.708 -192.03 -265.495
-2925.708 -192.03 -265.495
-2923.518 -224.191 -305.751
-2919.552 -223.887 -305.336
-2923.518 -224.191 -305.751
-2920.419 -256.37 -346.022
-2924.376 -256.717 -346.491
-2928.333 -257.065 -346.96
-2916.41 -288.558 -386.296
-2920.356 -288.948 -386.819
-2924.302 -289.339 -387.341
-2915.424 -321.177 -427.135
-2915.424 -321.177 -427.135
-2919.358 -321.61 -427.712
-2913.5 -353.87 -468.059
-2917.42 -354.346 -468.69
-2906.726 -386.107 -508.372
-2906.726 -386.107 -508.372
-2910.633 -386.626 -509.055
-2902.928 -418.873 -549.372
-2906.82 -419.435 -550.108
-2910.711 -419.996 -550.845
-2898.182 -451.682 -590.416
-2902.056 -452.286 -591.206
-2913.68 -454.097 -593.574
-2900.196 -485.814 -633.177
-2900.196 -485.814 -633.177
-2889.666 -518.07 -673.48
-2256.003 -431.299 -559.4
-2259.821 -432.029 -560.346
-2259.821 -432.029 -560.346
-2243.334 -455.854 -590.041
-2250.925 -457.396 -592.038
-2266.109 -460.482 -596.031
-2279.033 -490.834 -634.151
-2328.085 -501.398 -647.799
-2909.605 -662.474 -854.484
-2886.569 -693.245 -892.821
-2890.294 -694.139 -893.973
-2901.468 -696.823 -897.428
-2884.898 -729.333 -937.998
-2884.898 -729.333 -937.998
-2888.596 -730.268 -939.201
-2882.08 -765.603 -983.395
-2893.095 -768.528 -987.152
-2904.109 -771.454 -990.91
-2889.038 -805.086 -1032.898
-2896.325 -807.116 -1035.502
-2872.973 -838.631 -1074.768
-2891.041 -843.906 -1081.528
-2905.497 -848.125 -1086.936
-2873.828 -877.55 -1123.513
-2888.161 -881.927 -1129.117
-2902.495 -886.304 -1134.72
-2884.029 -920.15 -1176.946
-2891.133 -922.416 -1179.845
-2898.236 -924.682 -1182.744
-2882.152 -959.73 -1226.495
-2892.71 -963.245 -1230.988
-2903.267 -966.761 -1235.481
-2875.448 -998.346 -1274.795
-2878.934 -999.556 -1276.341
-2885.904 -1001.976 -1279.431
-2870.908 -1038.363 -1324.869
-2881.259 -1042.107 -1329.646
-2891.611 -1045.851 -1334.424
-2868.412 -1079.877 -1376.836
-2871.827 -1081.163 -1378.474
-2827.305 -1107.11 -1410.588
-2810.415 -1100.497 -1402.161
-2783.393 -1089.915 -1388.678
-2725.441 -1109.314 -1412.477
-2708.741 -1102.517 -1403.822
-2682.021 -1091.641 -1389.973
-2634.263 -1113.833 -1417.356
-2614.457 -1105.459 -1406.699
-2584.747 -1092.897 -1390.714
-2530.657 -1110.986 -1412.905
-2514.352 -1103.828 -1403.801
-2491.524 -1093.806 -1391.055
-2440.941 -1112.099 -1413.531
-2428.059 -1106.231 -1406.071
-2374.219 -1122.12 -1425.508
-2345.614 -1108.601 -1408.334
-2332.901 -1102.592 -1400.701
-2288.893 -1121.813 -1424.395
-2266.945 -1111.056 -1410.737
-2251.268 -1103.372 -1400.98
-2204.345 -1119.997 -1421.398
-2188.886 -1112.143 -1411.43
-2173.428 -1104.289 -1401.462
-2126.725 -1119.898 -1420.61
-2108.443 -1110.272 -1408.399
-2096.256 -1103.854 -1400.257
-2052.814 -1120.095 -1420.224
-2037.809 -1111.907 -1409.842
-1994.344 -1127.38 -1428.847
-1982.526 -1120.699 -1420.38
-1970.707 -1114.019 -1411.913
-1924.486 -1126.93 -1427.686
-1909.95 -1118.419 -1416.903
-1898.322 -1111.609 -1408.277
-1855.287 -1125.309 -1425.064
-1846.711 -1120.107 -1418.477
-1838.135 -1114.905 -1411.889
-1789.602 -1124.295 -1423.233
-1772.746 -1113.705 -1409.827
-1764.317 -1108.41 -1403.124
-1721.805 -1120.403 -1417.78
-1713.527 -1115.017 -1410.964
-1705.249 -1109.63 -1404.147
-1665.632 -1122.686 -1420.157
-1654.798 -1115.384 -1410.92
-1609.876 -1124.092 -1421.442
-1601.906 -1118.527 -1414.404
-1591.279 -1111.107 -1405.022
-1554.568 -1124.631 -1421.643
-1546.756 -1118.979 -1414.499
-1533.736 -1109.56 -1402.593
-1494.64 -1120.488 -1415.943
-1486.988 -1114.752 -1408.694
-1479.336 -1109.016 -1401.446
-1442.929 -1121.208 -1416.402
-1435.439 -1115.388 -1409.05
-1425.454 -1107.629 -1399.249
-1389.209 -1119.18 -1413.403
-1381.885 -1113.28 -1405.951
-1343.219 -1122.31 -1416.929
-1338.447 -1118.323 -1411.895
-1331.29 -1112.342 -1404.346
-1292.833 -1120.744 -1414.537
-1288.175 -1116.705 -1409.44
-1281.187 -1110.647 -1401.794
-1240.69 -1116.382 -1408.629
-1236.145 -1112.293 -1403.469
-1233.873 -1110.248 -1400.889
-1200.275 -1121.577 -1414.789
-1195.846 -1117.439 -1409.568
-1186.988 -1109.161 -1399.127
-1151.335 -1117.862 -1409.719
-1147.023 -1113.676 -1404.439
-1109.276 -1119.778 -1411.757
-1105.083 -1115.544 -1406.42
-1102.985 -1113.427 -1403.751
-1069.511 -1123.261 -1415.779
-1065.437 -1118.982 -1410.386
-1059.325 -1112.563 -1402.296
-1023.971 -1119.737 -1410.978
-1020.017 -1115.414 -1405.53
-1016.064 -1111.091 -1400.082
-982.799 -1119.934 -1410.872
-980.884 -1117.751 -1408.121
-978.01 -1114.476 -1403.995
-942.869 -1120.68 -1411.464
-939.16 -1116.272 -1405.913
-935.452 -1111.864 -1400.361
-901.416 -1118.677 -1408.601
-898.727 -1115.341 -1404.4
-864.697 -1121.724 -1412.103
-862.103 -1118.359 -1407.866
-858.645 -1113.872 -1402.218
-824.761 -1119.79 -1409.34
-821.429 -1115.266 -1403.645
-818.93 -1111.872 -1399.375
-785.209 -1117.331 -1405.923
-782.805 -1113.911 -1401.619
-781.202 -1111.631 -1398.749
-748.365 -1117.801 -1406.195
-746.057 -1114.355 -1401.861
-743.75 -1110.908 -1397.525
-711.743 -1117.812 -1405.896
-709.532 -1114.34 -1401.529
-705.848 -1108.555 -1394.252
-672.542 -1112.707 -1399.168
-672.542 -1112.707 -1399.168
-639.897 -1117.646 -1405.074
-638.554 -1115.301 -1402.125
-636.54 -1111.783 -1397.703
-603.998 -1116.315 -1403.101
-602.721 -1113.955 -1400.134
-602.083 -1112.775 -1398.651
-570.193 -1118.106 -1405.054
-568.982 -1115.732 -1402.07
-566.561 -1110.984 -1396.104
-534.192 -1114.728 -1400.516
-534.192 -1114.728 -1400.516
-532.477 -1111.147 -1396.017
-500.18 -1114.508 -1399.949
-499.642 -1113.308 -1398.442
-499.104 -1112.108 -1396.934
-466.352 -1113.888 -1398.883
-465.342 -1111.477 -1395.856
-433.66 -1115.294 -1400.365
-433.66 -1115.294 -1400.365
-432.248 -1111.661 -1395.804
-400.166 -1113.897 -1398.329
-399.729 -1112.681 -1396.803
-399.293 -1111.465 -1395.276
-368.1 -1115.774 -1400.405
-368.1 -1115.774 -1400.405
-367.294 -1113.333 -1397.341
-335.32 -1114.843 -1398.959
-334.952 -1113.618 -1397.422
-334.952 -1113.618 -1397.422
-303.382 -1115.997 -1400.131
-303.716 -1117.226 -1401.673
-303.382 -1115.997 -1400.131
-271.189 -1115.563 -1399.312
-270.59 -1113.098 -1396.22
-238.856 -1113.533 -1396.494
-239.121 -1114.769 -1398.044
-238.856 -1113.533 -1396.494
-207.418 -1114.856 -1397.882
-207.187 -1113.618 -1396.329
-207.187 -1113.618 -1396.329
-175.79 -1114.593 -1397.281
-175.79 -1114.593 -1397.281
-175.398 -1112.111 -1394.17
-144.248 -1113.981 -1396.246
-144.408 -1115.225 -1397.804
-144.248 -1113.981 -1396.246
-113.053 -1115.513 -1397.897
-112.801 -1113.023 -1394.776
-112.801 -1113.023 -1394.776
-81.641 -1114.212 -1395.998
-81.55 -1112.965 -1394.436
-50.401 -1113.814 -1395.233
-50.401 -1113.814 -1395.233
-50.344 -1112.566 -1393.671
-19.214 -1113.075 -1394.041
-19.214 -1113.075 -1394.041
-19.235 -1114.323 -1395.605
11.949 -1115.741 -1397.113
11.935 -1114.493 -1395.55
11.935 -1114.493 -1395.55
43.054 -1113.075 -1393.509
42.957 -1110.579 -1390.384
43.054 -1113.075 -1393.509
74.257 -1113.814 -1394.167
74.257 -1113.814 -1394.167
74.173 -1112.566 -1392.606
105.387 -1112.965 -1392.838
105.623 -1115.458 -1395.958
105.506 -1114.212 -1394.398
136.792 -1114.268 -1394.2
136.792 -1114.268 -1394.2
168.107 -1113.981 -1393.574
168.294 -1115.225 -1395.13
168.294 -1115.225 -1395.13
199.44 -1113.352 -1392.518
199.218 -1112.111 -1390.966
199.885 -1115.834 -1395.623
231.553 -1116.095 -1395.679
231.553 -1116.095 -1395.679
231.553 -1116.095 -1395.679
262.706 -1113.533 -1392.204
263.289 -1116.005 -1395.294
263.58 -1117.241 -1396.84
294.431 -1113.098 -1391.388
294.757 -1114.331 -1392.928
296.061 -1119.261 -1399.092
326.925 -1114.768 -1393.201
326.925 -1114.768 -1393.201
358.804 -1113.618 -1391.488
358.409 -1112.393 -1389.958
359.593 -1116.068 -1394.55
391.569 -1114.553 -1392.379
391.569 -1114.553 -1392.379
391.998 -1115.774 -1393.905
423.561 -1112.681 -1389.762
424.024 -1113.897 -1391.281
424.95 -1116.329 -1394.318
457.051 -1114.083 -1391.231
458.044 -1116.505 -1394.255
459.038 -1118.927 -1397.279
491.27 -1116.299 -1393.713
491.801 -1117.504 -1395.218
492.862 -1119.915 -1398.228
525.179 -1116.907 -1394.185
525.179 -1116.907 -1394.185
526.872 -1120.506 -1398.676
559.263 -1117.115 -1394.153
561.056 -1120.695 -1398.622
593.51 -1116.919 -1393.614
594.141 -1118.106 -1395.096
595.402 -1120.48 -1398.057
627.907 -1116.315 -1392.565
628.571 -1117.495 -1394.036
629.898 -1119.856 -1396.981
661.746 -1114.128 -1389.537
663.835 -1117.646 -1393.924
665.926 -1121.165 -1398.312
697.832 -1115.037 -1390.366
700.019 -1118.533 -1394.724
701.478 -1120.863 -1397.63
734.923 -1116.655 -1392.075
736.446 -1118.969 -1394.96
739.492 -1123.598 -1400.73
773.893 -1120.099 -1396.055
776.274 -1123.545 -1400.35
778.655 -1126.992 -1404.645
811.617 -1120.752 -1396.549
812.443 -1121.892 -1397.97
814.095 -1124.172 -1400.811
847.888 -1118.659 -1393.618
849.602 -1120.921 -1396.436
883.391 -1114.993 -1388.724
886.057 -1118.359 -1392.915
891.39 -1125.089 -1401.298
927.215 -1120.901 -1395.747
931.815 -1126.461 -1402.67
934.574 -1129.797 -1406.824
966.872 -1120.68 -1395.131
969.724 -1123.986 -1399.247
971.625 -1126.19 -1401.991
1006.786 -1119.934 -1393.856
1008.749 -1122.117 -1396.572
1010.712 -1124.3 -1399.29
1047.953 -1119.737 -1393.258
1056.046 -1128.384 -1404.016
1060.092 -1132.707 -1409.396
1095.652 -1125.4 -1399.941
1097.735 -1127.54 -1402.602
1103.985 -1133.959 -1410.587
1139.687 -1126.128 -1400.477
1143.972 -1130.362 -1405.741
1177.479 -1119.956 -1392.423
1181.881 -1124.143 -1397.629
1190.684 -1132.516 -1408.04
1228.815 -1125.716 -1399.197
1233.332 -1129.855 -1404.342
1240.109 -1136.063 -1412.058
1278.497 -1128.65 -1402.448
1283.129 -1132.739 -1407.528
1287.762 -1136.829 -1412.61
1323.956 -1126.802 -1399.744
1331.074 -1132.86 -1407.269
1340.565 -1140.937 -1417.303
1379.4 -1132.277 -1406.126
1386.685 -1138.257 -1413.553
1393.97 -1144.238 -1420.98
1430.565 -1132.949 -1406.53
1435.532 -1136.883 -1411.414
1440.5 -1140.817 -1416.298
1479.632 -1130.907 -1403.553
1487.246 -1136.726 -1410.776
1497.398 -1144.486 -1420.405
1539.37 -1135.785 -1409.151
1547.146 -1141.521 -1416.268
1586.589 -1130.282 -1401.856
1591.877 -1134.05 -1406.529
1599.81 -1139.701 -1413.538
1644.737 -1131.512 -1402.898
1652.825 -1137.076 -1409.798
1663.61 -1144.496 -1418.997
1703.415 -1131.813 -1402.775
1708.91 -1135.464 -1407.3
1719.9 -1142.767 -1416.35
1762.589 -1131.176 -1401.471
1776.577 -1140.154 -1412.593
1784.971 -1145.541 -1419.267
1825.071 -1131.355 -1401.159
1839.307 -1140.18 -1412.089
1850.697 -1147.239 -1420.833
1893.868 -1133.978 -1403.857
1908.347 -1142.648 -1414.59
1919.93 -1149.583 -1423.176
1966.283 -1137.144 -1407.202
1978.058 -1143.953 -1415.628
1992.775 -1152.465 -1426.161
2039.423 -1139.071 -1408.99
2054.375 -1147.422 -1419.32
2066.336 -1154.103 -1427.584
2104.132 -1134.833 -1403.129
2119.313 -1143.021 -1413.252
2169.198 -1129.525 -1395.925
2196.93 -1143.965 -1413.771
2218.498 -1155.196 -1427.651
2259.586 -1135.706 -1402.892
2456.042 -1149.159 -1418.06
2513.535 -1134.107 -1398.717
2549.302 -1150.245 -1418.622
2575.316 -1161.982 -1433.097
2620.289 -1139.62 -1404.709
2640.04 -1148.21 -1415.297
2666.375 -1159.664 -1429.415
2728.07 -1143.145 -1408.201
2754.717 -1154.311 -1421.957
2778.034 -1164.082 -1433.993
2836.797 -1144.66 -1409.169
2863.75 -1155.536 -1422.558
2925.954 -1136.21 -1397.824
2949.798 -1145.469 -1409.216
2980.454 -1157.373 -1423.861
3043.003 -1136.442 -1397.114
3080.868 -1150.583 -1414.499
171.255 -63.957 -78.627
157.111 -39.506 -48.128
159.11 -38.017 -46.247
162.014 -36.709 -44.584
1629.515 391.348 504.012
1614.433 408.146 524.918
1607.036 406.276 522.513
1593.405 423.276 543.686
1591.569 422.788 543.059
1587.898 421.813 541.807
1572.03 438.076 562.037
1568.387 437.061 560.734
1570.208 437.569 561.386
1561.162 455.709 584.025
1562.969 456.237 584.701
1568.39 457.819 586.729
1560.539 476.525 610.087
1562.331 477.072 610.787
1564.122 477.619 611.488
1557.446 496.904 635.581
1564.55 499.17 638.479
1569.879 500.87 640.653
1560.726 519.707 664.165
1566.005 521.465 666.411
1569.524 522.637 667.908
1559.712 541.527 691.48
1564.941 543.342 693.798
1557.95 563.486 718.965
1566.577 566.607 722.946
1570.027 567.855 724.538
1557.138 586.219 747.425
1535.257 601.173 765.965
1530.19 599.189 763.436
1514.989 593.236 755.853
1482.961 603.598 768.553
1469.6 598.16 761.63
1452.901 591.362 752.975
1421.116 600.884 764.626
1407.911 595.301 757.521
1377.839 604.886 769.268
1368.055 600.591 763.806
1358.271 596.296 758.344
1326.738 604.466 768.304
1315.467 599.331 761.778
1304.197 594.196 755.251
1276.103 603.121 766.187
1266.568 598.614 760.463
1257.032 594.108 754.738
1227.537 601.63 763.905
1214.995 595.483 756.1
1208.724 592.41 752.198
1182.555 600.84 762.531
1171.734 595.342 755.553
1145.628 603.269 765.257
1138.011 599.258 760.169
1127.347 593.642 753.046
1102.938 601.805 763.059
1096.935 598.53 758.906
1089.432 594.436 753.715
1063.651 601.269 762.052
1056.264 597.094 756.76
1048.878 592.918 751.467
1024.745 600.065 760.21
1017.477 595.809 754.819
994.823 603.401 764.133
989.105 599.933 759.742
980.529 594.732 753.154
959.418 602.742 763.005
953.799 599.212 758.536
945.371 593.917 751.833
922.987 600.601 760.011
918.848 597.908 756.604
914.709 595.214 753.195
892.4 601.504 760.882
886.983 597.853 756.263
881.566 594.202 751.645
860.725 601.0 759.979
856.74 598.217 756.461
834.572 603.759 763.21
829.363 599.991 758.447
824.156 596.224 753.685
803.432 602.31 761.13
798.331 598.486 756.297
794.505 595.618 752.673
773.889 601.34 759.662
770.144 598.43 755.986
765.152 594.551 751.085
745.875 600.896 758.866
743.435 598.929 756.383
738.551 594.995 751.414
718.133 600.027 757.541
714.554 597.037 753.766
694.17 601.769 759.517
691.841 599.749 756.968
688.346 596.72 753.145
669.2 602.151 759.783
666.928 600.107 757.202
663.519 597.04 753.333
643.321 601.141 758.295
641.106 599.071 755.685
638.892 597.002 753.075
619.867 601.845 758.978
617.71 599.752 756.338
614.476 596.612 752.378
595.528 601.166 757.919
593.432 599.049 755.251
574.48 603.352 760.476
571.425 600.142 756.43
570.406 599.072 755.083
551.521 603.102 759.966
548.556 599.859 755.881
546.579 597.698 753.157
528.758 602.537 759.066
526.842 600.354 756.315
524.926 598.171 753.565
506.201 601.663 757.777
504.347 599.459 755.002
503.419 598.357 753.614
484.758 601.595 757.508
482.965 599.37 754.708
482.069 598.258 753.307
463.478 601.244 756.887
462.613 600.122 755.475
444.871 604.008 760.189
443.205 601.746 757.342
442.373 600.615 755.919
424.654 604.271 760.345
423.052 601.991 757.477
422.25 600.851 756.042
404.563 604.279 760.184
403.024 601.981 757.293
401.486 599.684 754.403
383.869 602.878 758.253
383.133 601.721 756.797
382.396 600.563 755.342
364.792 603.542 758.92
364.088 602.376 757.455
346.472 605.147 760.775
345.129 602.802 757.826
343.786 600.456 754.878
326.261 602.999 757.912
325.623 601.819 756.428
326.261 602.999 757.912
308.703 605.344 760.698
308.098 604.157 759.207
307.492 602.97 757.714
289.974 605.104 760.237
289.402 603.91 758.738
289.402 603.91 758.738
271.896 605.841 761.005
270.28 602.242 756.485
253.364 605.164 760.0
252.86 603.959 758.485
252.355 602.753 756.972
235.429 605.48 760.241
234.958 604.269 758.721
234.487 603.058 757.201
217.121 604.374 758.701
216.684 603.158 757.174
216.684 603.158 757.174
199.756 605.497 759.957
198.951 603.055 756.893
198.951 603.055 756.893
182.031 605.2 759.435
181.663 603.975 757.897
181.294 602.75 756.36
164.388 604.703 758.662
164.054 603.474 757.119
164.388 604.703 758.662
146.832 604.007 757.638
146.532 602.774 756.093
129.9 605.584 759.47
129.634 604.348 757.919
129.104 601.877 754.82
112.236 603.261 756.41
112.466 604.5 757.963
112.006 602.022 754.856
95.53 605.703 759.325
95.53 605.703 759.325
95.138 603.221 756.212
78.241 604.235 757.339
78.241 604.235 757.339
78.08 602.992 755.78
61.195 603.821 756.674
61.195 603.821 756.674
61.195 603.821 756.674
44.291 604.466 757.336
44.199 603.22 755.776
27.317 603.68 756.207
27.374 604.927 757.769
27.317 603.68 756.207
10.426 603.955 756.408
10.426 603.955 756.408
10.426 603.955 756.408
-6.469 604.047 756.378
-6.469 604.047 756.378
-6.469 604.047 756.378
-23.361 603.955 756.119
-23.361 603.955 756.119
-23.361 603.955 756.119
-40.33 604.927 757.19
-40.247 603.68 755.629
-40.247 603.68 755.629
-57.237 604.466 756.468
-57.119 603.22 754.909
-57.237 604.466 756.468
-74.28 605.066 757.074
-74.28 605.066 757.074
-91.183 604.235 755.89
-91.183 604.235 755.89
-91.183 604.235 755.89
-108.058 603.221 754.474
-108.281 604.462 756.028
-108.503 605.703 757.58
-125.157 603.261 754.379
-125.157 603.261 754.379
-125.671 605.739 757.477
-142.578 604.348 755.591
-142.578 604.348 755.591
-142.87 605.584 757.137
-159.769 604.007 755.016
-160.095 605.239 756.558
-160.421 606.472 758.098
-177.34 604.703 755.739
-177.7 605.932 757.275
-178.06 607.161 758.811
-194.993 605.2 756.21
-194.993 605.2 756.21
-195.388 606.426 757.741
-212.725 605.497 756.429
-212.725 605.497 756.429
-230.065 604.374 754.876
-230.528 605.59 756.395
-230.991 606.806 757.913
-248.397 605.48 756.103
-248.894 606.691 757.616
-249.391 607.902 759.128
-266.325 605.164 755.555
-266.856 606.37 757.06
-266.856 606.37 757.06
-284.307 604.641 754.746
-284.872 605.841 756.243
-285.999 608.24 759.239
-302.934 605.104 755.166
-304.129 607.491 758.145
-304.727 608.684 759.635
-321.668 605.344 755.307
-322.299 606.531 756.787
-322.93 607.718 758.269
-341.831 607.719 758.108
-342.494 608.899 759.581
-341.831 607.719 758.108
-360.129 606.32 756.2
-360.826 607.493 757.663
-378.448 604.707 754.023
-379.906 607.037 756.929
-380.636 608.202 758.382
-398.305 605.192 754.461
-399.067 606.349 755.904
-399.828 607.506 757.346
-418.3 605.428 754.585
-419.093 606.577 756.018
-419.887 607.726 757.449
-438.422 605.411 754.392
-439.248 606.551 755.813
-440.899 608.832 758.654
-458.666 605.139 753.878
-460.38 607.401 756.696
-462.094 609.663 759.515
-479.911 605.731 754.437
-481.687 607.974 757.232
-484.354 611.339 761.424
-503.162 608.267 757.415
-504.082 609.379 758.799
-505.002 610.491 760.184
-523.841 607.173 755.868
-525.743 609.377 758.612
-527.643 611.58 761.354
-546.569 607.995 756.703
-548.532 610.178 759.421
-550.494 612.361 762.137
-569.496 608.506 757.146
-571.519 610.667 759.836
-590.527 606.561 754.531
-593.652 609.77 758.524
-595.735 611.91 761.185
-614.831 607.517 755.52
-616.973 609.633 758.152
-619.116 611.75 760.785
-639.36 608.126 756.073
-641.561 610.219 758.675
-643.762 612.312 761.278
-664.102 608.383 756.184
-666.361 610.453 758.756
-669.749 613.557 762.614
-690.203 609.307 757.118
-693.678 612.374 760.929
-694.836 613.397 762.2
-716.55 609.846 757.568
-720.108 612.875 761.33
-723.668 615.904 765.093
-743.128 609.994 757.525
-747.984 613.981 762.477
-752.842 617.968 767.428
-772.406 611.714 759.428
-774.89 613.681 761.87
-779.857 617.615 766.754
-801.996 612.979 760.759
-804.534 614.919 763.167
-826.699 609.959 756.766
-831.882 613.783 761.511
-835.769 616.651 765.069
-856.758 610.352 757.002
-860.724 613.178 760.507
-866.012 616.946 765.18
-888.427 611.202 757.795
-895.168 615.839 763.544
-900.56 619.549 768.144
-923.141 613.37 760.213
-928.636 617.021 764.738
-934.131 620.672 769.263
-955.435 613.169 759.686
-961.031 616.76 764.135
-969.424 622.147 770.809
-992.258 615.097 761.785
-997.953 618.627 766.157
-1006.494 623.922 772.715
-1030.913 617.273 764.179
-1036.705 620.74 768.472
-1041.049 623.341 771.692
-1067.033 617.088 763.639
-1074.391 621.344 768.905
-1080.278 624.748 773.119
-1104.937 617.136 763.375
-1113.908 622.147 769.573
-1122.879 627.157 775.77
-1147.708 619.0 765.343
-1155.299 623.094 770.405
-1183.199 616.105 761.414
-1190.903 620.116 766.37
-1200.146 624.929 772.32
-1226.677 616.548 761.597
-1237.616 622.046 768.389
-1248.554 627.544 775.181
-1275.275 618.534 763.669
-1287.948 624.681 771.258
-1297.454 629.291 776.95
-1324.337 619.645 764.64
-1337.179 625.653 772.055
-1348.415 630.911 778.543
-1378.705 622.071 767.214
-1393.337 628.674 775.357
-1406.343 634.542 782.595
-1436.879 624.93 770.296
-1448.401 629.941 776.473
-1459.923 634.952 782.648
-1492.277 625.31 770.298
-1505.601 630.893 777.176
-1522.257 637.872 785.773
-1556.532 628.068 773.202
-1570.009 633.506 779.897
-1583.486 638.943 786.591
-1614.554 626.966 771.326
-1631.586 633.579 779.462
-1650.32 640.854 788.412
-1685.012 629.286 773.628
-1700.502 635.071 780.74
-1721.156 642.784 790.223
-1757.795 630.88 775.003
-1773.444 636.496 781.902
-1801.263 646.481 794.167
-1839.927 634.101 778.333
-1860.995 641.361 787.246
-1903.241 629.273 771.747
-1924.506 636.304 780.369
-1949.316 644.507 790.429
-1995.426 632.32 774.773
-2024.034 641.385 785.881
-2052.642 650.451 796.989
-2099.136 636.826 779.529
-2127.99 645.579 790.244
-2153.237 653.239 799.62
-2196.383 637.149 779.102
-2236.383 648.753 793.29
-2265.474 657.192 803.61
-2308.9 639.602 781.211
-2345.549 649.754 793.612
-2385.863 660.922 807.252
-2440.63 644.667 786.427
-2477.553 654.42 798.325
-2518.168 665.148 811.412
-2573.28 647.049 788.276
-2621.622 659.205 803.085
-2669.964 671.36 817.893
-2732.948 652.992 794.353
-2789.105 666.409 810.675
-2841.517 678.933 825.91
-2901.187 657.352 798.374
-2946.401 667.597 810.817
-2961.472 671.011 814.964
-2968.07 636.296 771.434
-2960.489 634.671 769.464
-2973.63 601.634 727.981
-2977.444 602.406 728.915
-2966.006 600.092 726.114
-2966.661 564.849 681.974
-2966.661 564.849 681.974
-2962.827 564.119 681.093
-2973.956 531.143 639.703
-2970.103 530.455 638.874
-2962.399 529.079 637.217
-2964.788 494.858 594.343
-2960.917 494.212 593.567
-2968.658 495.504 595.119
-2966.169 460.739 551.605
-2946.731 457.72 547.991
-2947.03 423.927 505.669
-2935.32 422.242 503.66
-2935.32 422.242 503.66
-2946.34 390.259 463.514
-2938.504 389.221 462.281
-2938.504 389.221 462.281
-2944.668 356.727 421.538
-2936.805 355.775 420.412
-2936.805 355.775 420.412
-2926.246 321.61 377.719
-2906.528 319.443 375.173
-2902.584 319.01 374.664
-2898.861 286.215 333.628
-2886.997 285.043 332.263
-2886.997 285.043 332.263
-2886.264 252.896 292.011
-2886.264 252.896 292.011
-2892.56 221.453 252.582
-2892.56 221.453 252.582
-2892.56 221.453 252.582
-2897.976 189.942 213.075
-2893.996 189.681 212.783
-2893.996 189.681 212.783
-2894.535 157.939 173.027
-2890.548 157.721 172.789
-2890.548 157.721 172.789
-2890.189 126.06 133.145
-2890.189 126.06 133.145
-2890.189 126.06 133.145
-2888.943 94.448 93.568
-2892.938 94.579 93.698
-2892.938 94.579 93.698
-2890.807 62.982 54.147
-2886.809 62.894 54.072
-2886.809 62.894 54.072
-2887.791 31.452 14.689
-2883.792 31.408 14.669
-2883.989 0.0 8.054
-2883.989 0.0 8.054
-2887.989 0.0 8.065
-2919.652 -33.036 -30.65
-2935.651 -33.217 -30.818
-2931.65 -33.171 -30.775
-2930.42 -66.333 -69.73
-2930.42 -66.333 -69.73
-2926.422 -66.242 -69.635
-2924.301 -99.338 -108.515
-2928.297 -99.474 -108.663
-2932.291 -99.609 -108.811
-2925.281 -132.585 -147.563
-2925.281 -132.585 -147.563
-2929.272 -132.765 -147.765
-2925.361 -165.881 -186.673
-2925.361 -165.881 -186.673
-2924.536 -199.217 -225.83
-2928.515 -199.488 -226.138
-2928.515 -199.488 -226.138
-2926.779 -232.898 -265.386
-2926.779 -232.898 -265.386
-2926.779 -232.898 -265.386
-2924.133 -266.328 -304.658
-2924.133 -266.328 -304.658
-2928.095 -266.688 -305.071
-2920.579 -299.765 -343.944
-2924.53 -300.171 -344.41
-2924.53 -300.171 -344.41
-2916.113 -333.201 -383.229
-2920.053 -333.651 -383.747
-2923.993 -334.102 -384.265
-2914.662 -367.119 -423.073
-2918.59 -367.614 -423.643
-2922.518 -368.109 -424.213
-2912.271 -401.103 -462.997
-2916.186 -401.642 -463.619
-2908.936 -435.142 -502.989
-2908.936 -435.142 -502.989
-2912.836 -435.726 -503.663
-2916.302 -471.107 -545.211
-2920.186 -471.734 -545.937
-2916.302 -471.107 -545.211
-2907.149 -504.683 -584.675
-2266.105 -420.976 -488.145
-2266.105 -420.976 -488.145
-2258.337 -447.293 -519.077
-2258.337 -447.293 -519.077
-2265.993 -448.809 -520.836
-2261.262 -475.963 -552.745
-2339.024 -521.717 -606.269
-2320.1 -517.496 -601.363
-2328.471 -548.968 -638.307
-2900.188 -721.1 -838.894
-2900.188 -721.1 -838.894
-2911.4 -723.887 -842.137
-2895.288 -757.66 -881.851
-2895.288 -757.66 -881.851
-2902.711 -759.603 -884.113
-2889.297 -794.325 -924.934
-2900.353 -797.365 -928.473
-2911.409 -800.404 -932.013
-2896.841 -835.301 -973.042
-2904.155 -837.41 -975.5
-2907.814 -838.465 -976.728
-2881.277 -870.108 -1013.97
-2899.421 -875.587 -1020.355
-2900.706 -916.181 -1068.033
-2911.503 -919.591 -1072.008
-2918.7 -921.865 -1074.658
-2900.681 -957.066 -1116.055
-2904.249 -958.243 -1117.427
-2911.384 -960.597 -1120.173
-2895.795 -997.006 -1162.981
-2902.867 -999.44 -1165.821
-2913.474 -1003.092 -1170.082
-2886.133 -1035.864 -1208.651
-2893.139 -1038.378 -1211.585
-2903.646 -1042.15 -1215.985
-2885.66 -1078.693 -1258.958
-2896.065 -1082.582 -1263.498
-2906.469 -1086.472 -1268.038
-2883.75 -1121.82 -1309.62
-2887.184 -1123.155 -1311.179
-2894.049 -1125.826 -1314.296
-2873.597 -1162.477 -1357.404
-2863.406 -1158.355 -1352.59
-2818.453 -1184.882 -1383.874
-2805.017 -1179.233 -1377.276
-2781.502 -1169.347 -1365.731
-2719.812 -1187.545 -1387.277
-2693.245 -1175.945 -1373.726
-2673.319 -1167.245 -1363.563
-2628.46 -1191.319 -1391.966
-2608.772 -1182.396 -1381.539
-2589.083 -1173.472 -1371.112
-2537.746 -1193.397 -1394.66
-2511.818 -1181.204 -1380.41
-2485.889 -1169.011 -1366.16
-2434.932 -1187.55 -1388.08
-2415.734 -1178.187 -1377.135
-2374.264 -1200.506 -1403.466
-2355.321 -1190.927 -1392.268
-2326.906 -1176.559 -1375.471
-2282.506 -1196.135 -1398.589
-2273.164 -1191.239 -1392.865
-2254.481 -1181.448 -1381.416
-2200.926 -1195.064 -1397.558
-2188.648 -1188.397 -1389.762
-2179.439 -1183.396 -1383.913
-2132.207 -1199.324 -1402.753
-2120.109 -1192.519 -1394.795
-2101.963 -1182.312 -1382.857
-2057.977 -1198.929 -1402.497
-2046.064 -1191.988 -1394.378
-1996.149 -1204.3 -1408.979
-1984.425 -1197.227 -1400.703
-1972.7 -1190.153 -1392.428
-1928.898 -1205.041 -1410.037
-1917.365 -1197.836 -1401.606
-1905.832 -1190.631 -1393.175
-1862.221 -1204.633 -1409.744
-1848.048 -1195.465 -1399.015
-1839.545 -1189.965 -1392.578
-1801.727 -1206.821 -1412.482
-1790.588 -1199.36 -1403.75
-1771.095 -1186.303 -1388.468
-1728.017 -1198.53 -1402.95
-1719.814 -1192.841 -1396.291
-1708.877 -1185.255 -1387.411
-1668.722 -1198.583 -1403.179
-1660.673 -1192.802 -1396.411
-1617.846 -1203.537 -1409.139
-1607.324 -1195.709 -1399.974
-1596.801 -1187.881 -1390.808
-1556.904 -1199.763 -1404.876
-1549.171 -1193.803 -1397.897
-1544.016 -1189.831 -1393.246
-1504.234 -1201.028 -1406.51
-1494.138 -1192.968 -1397.07
-1484.043 -1184.907 -1387.63
-1447.032 -1197.386 -1402.391
-1442.093 -1193.299 -1397.604
-1434.685 -1187.169 -1390.425
-1397.731 -1199.034 -1404.464
-1388.075 -1190.751 -1394.762
-1378.419 -1182.467 -1385.059
-1344.067 -1195.74 -1400.745
-1339.351 -1191.545 -1395.83
-1302.515 -1202.224 -1408.477
-1295.611 -1195.852 -1401.011
-1288.708 -1189.479 -1393.546
-1252.049 -1199.535 -1405.459
-1245.317 -1193.086 -1397.903
-1238.585 -1186.636 -1390.347
-1202.125 -1196.075 -1401.536
-1199.938 -1193.901 -1398.987
-1193.382 -1187.376 -1391.342
-1157.023 -1196.255 -1401.872
-1150.643 -1189.658 -1394.141
-1148.516 -1187.459 -1391.564
-1110.213 -1193.56 -1398.838
-1106.077 -1189.115 -1393.628
-1071.929 -1199.158 -1405.519
-1067.914 -1194.666 -1400.255
-1063.9 -1190.175 -1394.991
-1029.788 -1199.718 -1406.296
-1023.948 -1192.915 -1398.321
-1022.001 -1190.647 -1395.662
-987.943 -1199.694 -1406.385
-984.173 -1195.115 -1401.016
-978.517 -1188.247 -1392.965
-944.59 -1196.782 -1403.085
-942.766 -1194.472 -1400.376
-937.296 -1187.54 -1392.25
-901.694 -1193.259 -1399.065
-900.814 -1192.093 -1397.7
-866.069 -1198.534 -1405.362
-861.824 -1192.659 -1398.473
-860.126 -1190.309 -1395.717
-826.345 -1197.445 -1404.194
-824.712 -1195.077 -1401.416
-821.442 -1190.339 -1395.861
-788.515 -1198.213 -1405.202
-785.373 -1193.44 -1399.603
-783.018 -1189.859 -1395.405
-750.14 -1197.291 -1404.225
-747.127 -1192.482 -1398.586
-744.116 -1187.674 -1392.946
-710.614 -1193.447 -1399.82
-709.172 -1191.026 -1396.981
-706.289 -1186.184 -1391.302
-671.521 -1189.077 -1394.797
-670.833 -1187.859 -1393.368
-670.145 -1186.641 -1391.939
-637.466 -1192.772 -1399.231
-636.155 -1190.32 -1396.356
-602.792 -1194.826 -1401.741
-600.304 -1189.893 -1395.955
-599.059 -1187.427 -1393.062
-566.433 -1192.74 -1399.393
-566.433 -1192.74 -1399.393
-565.256 -1190.26 -1396.484
-532.035 -1193.937 -1400.896
-531.48 -1192.691 -1399.433
-528.704 -1186.46 -1392.122
-495.135 -1188.46 -1394.565
-494.613 -1187.207 -1393.095
-493.57 -1184.703 -1390.156
-461.618 -1190.062 -1396.54
-461.13 -1188.804 -1395.064
-429.071 -1193.796 -1401.017
-428.618 -1192.533 -1399.535
-428.164 -1191.27 -1398.052
-395.203 -1193.352 -1400.59
-394.783 -1192.083 -1399.101
-394.783 -1192.083 -1399.101
-362.257 -1195.051 -1402.678
-362.257 -1195.051 -1402.678
-361.486 -1192.506 -1399.69
-328.988 -1195.093 -1402.82
-328.637 -1193.816 -1401.321
-328.285 -1192.539 -1399.823
-295.825 -1194.747 -1402.506
-296.142 -1196.028 -1404.009
-295.507 -1193.467 -1401.003
-263.06 -1195.3 -1403.247
-262.777 -1194.016 -1401.74
-262.212 -1191.448 -1398.725
-229.858 -1192.902 -1400.524
-229.858 -1192.902 -1400.524
-197.716 -1195.277 -1403.402
-197.929 -1196.566 -1404.916
-197.503 -1193.987 -1401.888
-165.156 -1194.704 -1402.82
-164.978 -1193.413 -1401.304
-164.62 -1190.829 -1398.271
-132.542 -1192.466 -1400.283
-132.398 -1191.173 -1398.765
-132.398 -1191.173 -1398.765
-100.314 -1192.445 -1400.348
-100.314 -1192.445 -1400.348
-100.423 -1193.74 -1401.869
-68.125 -1192.059 -1399.984
-68.051 -1190.763 -1398.462
-68.199 -1193.354 -1401.506
-36.141 -1196.492 -1405.282
-36.063 -1193.9 -1402.237
-3.908 -1191.489 -1399.494
-3.917 -1194.082 -1402.54
-3.917 -1194.082 -1402.54
28.231 -1193.9 -1402.416
28.262 -1195.196 -1403.938
28.292 -1196.492 -1405.461
60.436 -1194.65 -1403.387
60.37 -1193.354 -1401.865
60.37 -1193.354 -1401.865
92.391 -1191.15 -1399.365
92.592 -1193.74 -1402.408
92.692 -1195.035 -1403.929
124.854 -1193.76 -1402.521
124.854 -1193.76 -1402.521
124.854 -1193.76 -1402.521
157.319 -1194.704 -1403.721
157.149 -1193.413 -1402.203
157.149 -1193.413 -1402.203
190.079 -1196.566 -1405.999
190.079 -1196.566 -1405.999
221.793 -1191.615 -1400.273
221.793 -1191.615 -1400.273
222.032 -1192.902 -1401.785
254.396 -1191.448 -1400.168
254.671 -1192.732 -1401.677
255.493 -1196.584 -1406.203
288.296 -1196.028 -1405.642
288.604 -1197.308 -1407.146
288.604 -1197.308 -1407.146
320.805 -1193.816 -1403.134
321.492 -1196.37 -1406.136
321.834 -1197.647 -1407.637
354.041 -1193.779 -1403.183
355.173 -1197.597 -1407.671
355.55 -1198.869 -1409.167
386.962 -1192.083 -1401.284
387.374 -1193.352 -1402.775
388.609 -1197.156 -1407.247
420.795 -1192.533 -1401.907
421.685 -1195.059 -1404.877
421.685 -1195.059 -1404.877
454.771 -1192.578 -1402.054
455.25 -1193.836 -1403.534
488.879 -1192.216 -1401.725
489.906 -1194.721 -1404.67
490.933 -1197.226 -1407.614
525.298 -1196.43 -1406.775
526.391 -1198.922 -1409.706
526.939 -1200.169 -1411.172
560.931 -1197.699 -1408.367
561.512 -1198.939 -1409.825
562.093 -1200.179 -1411.282
596.181 -1197.292 -1407.986
597.409 -1199.758 -1410.886
599.251 -1203.457 -1415.236
632.229 -1197.675 -1408.537
632.876 -1198.901 -1409.979
634.818 -1202.579 -1414.304
668.481 -1197.605 -1408.556
669.841 -1200.042 -1411.422
704.923 -1197.078 -1408.039
707.061 -1200.709 -1412.31
707.774 -1201.92 -1413.733
741.541 -1196.089 -1406.978
743.032 -1198.493 -1409.806
745.267 -1202.099 -1414.049
779.878 -1197.02 -1408.18
782.987 -1201.794 -1413.796
786.097 -1206.568 -1419.412
821.729 -1202.183 -1414.361
823.348 -1204.552 -1417.148
825.777 -1208.105 -1421.329
859.048 -1199.709 -1411.559
859.89 -1200.884 -1412.942
862.413 -1204.409 -1417.089
899.105 -1200.25 -1412.307
902.596 -1204.911 -1417.792
906.088 -1209.573 -1423.277
943.972 -1206.024 -1419.214
943.972 -1206.024 -1419.214
947.589 -1210.644 -1424.651
983.814 -1204.273 -1417.269
987.555 -1208.852 -1422.657
1021.918 -1199.718 -1412.025
1025.782 -1204.254 -1417.364
1029.645 -1208.79 -1422.702
1066.055 -1201.403 -1414.127
1070.04 -1205.894 -1419.414
1076.018 -1212.631 -1427.343
1112.647 -1204.673 -1418.099
1118.805 -1211.341 -1425.948
1122.911 -1215.787 -1431.18
1161.85 -1209.449 -1423.845
1166.076 -1213.847 -1429.023
1170.301 -1218.245 -1434.201
1207.306 -1209.123 -1423.59
1209.478 -1211.298 -1426.15
1213.821 -1215.647 -1431.271
1253.098 -1208.133 -1422.555
1264.247 -1218.882 -1435.211
1270.936 -1225.331 -1442.805
1310.64 -1217.092 -1433.239
1315.215 -1221.341 -1438.241
1317.502 -1223.465 -1440.743
1357.322 -1214.62 -1430.466
1362.01 -1218.816 -1435.407
1399.467 -1207.318 -1422.006
1409.069 -1215.601 -1431.762
1421.071 -1225.956 -1443.958
1461.28 -1215.776 -1432.113
1468.648 -1221.906 -1439.334
1473.561 -1225.992 -1444.148
1511.419 -1213.119 -1429.132
1518.95 -1219.165 -1436.254
1528.993 -1227.225 -1445.75
1572.115 -1217.64 -1434.612
1579.809 -1223.599 -1441.633
1587.503 -1229.558 -1448.654
1628.276 -1217.236 -1434.294
1633.511 -1221.15 -1438.906
1641.365 -1227.02 -1445.823
1687.561 -1217.853 -1435.185
1698.241 -1225.561 -1444.268
1708.922 -1233.269 -1453.352
1750.094 -1219.391 -1437.166
1758.259 -1225.08 -1443.871
1771.868 -1234.562 -1455.046
1813.218 -1219.878 -1437.914
1824.308 -1227.339 -1446.708
1871.252 -1215.634 -1433.091
1882.542 -1222.968 -1441.738
1896.654 -1232.136 -1452.545
1941.093 -1217.65 -1435.654
1949.708 -1223.053 -1442.025
1964.065 -1232.06 -1452.644
2008.686 -1216.679 -1434.703
2020.365 -1223.753 -1443.045
2034.963 -1232.595 -1453.471
2079.78 -1216.279 -1434.431
2100.549 -1228.425 -1448.755
2121.317 -1240.57 -1463.08
2166.525 -1223.14 -1442.733
2172.55 -1226.542 -1446.746
2190.63 -1236.749 -1458.785
2232.85 -1216.732 -1435.39
2245.084 -1223.399 -1443.255
2272.613 -1238.399 -1460.952
2330.517 -1225.508 -1445.972
2349.137 -1235.299 -1457.524
2394.711 -1214.873 -1433.66
2601.0 -1226.928 -1448.394
2626.848 -1239.121 -1462.788
2682.808 -1219.578 -1439.99
2702.438 -1228.502 -1450.526
2728.612 -1240.4 -1464.575
2788.184 -1220.895 -1441.831
2814.674 -1232.494 -1455.53
2844.476 -1245.544 -1470.941
2907.832 -1225.837 -1447.971
2934.633 -1237.135 -1461.316
2961.433 -1248.434 -1474.662
3021.804 -1225.685 -1448.11
3055.681 -1239.426 -1464.345
3096.332 -1255.915 -1483.826
168.667 -63.205 -74.71
156.559 -41.04 -48.642
156.559 -41.04 -48.642
156.559 -41.04 -48.642
158.579 -39.493 -46.831
160.444 -39.958 -47.382
1622.013 403.295 469.175
1625.75 404.225 470.256
1614.68 422.541 491.802
1612.824 422.056 491.236
1603.544 419.627 488.41
1588.376 436.676 508.478
1586.533 436.17 507.889
1584.691 435.663 507.299
1570.951 452.982 527.679
1572.779 453.509 528.293
1576.437 454.564 529.522
1569.46 473.957 552.319
1574.904 475.601 554.235
1574.904 475.601 554.235
1565.518 494.465 576.42
1572.715 496.738 579.069
1562.728 515.615 601.269
1566.296 516.792 602.642
1573.433 519.146 605.388
1564.578 538.675 628.35
1571.65 541.11 631.191
1573.418 541.719 631.901
1562.155 560.674 654.197
1563.906 561.303 654.93
1567.408 562.56 656.398
1564.222 584.724 682.441
1571.158 587.317 685.466
1574.627 588.614 686.979
1563.748 608.32 710.157
1568.898 610.323 712.496
1572.33 611.659 714.055
1560.777 631.393 737.266
1572.666 636.202 742.882
1572.666 636.202 742.882
1536.88 646.107 754.615
1521.763 639.752 747.193
1491.081 651.047 760.546
1479.458 645.972 754.618
1466.174 640.172 747.843
1435.645 650.689 760.281
1422.519 644.74 753.33
1409.393 638.791 746.379
1377.448 647.757 756.999
1366.105 642.422 750.765
1356.381 637.85 745.421
1326.254 646.833 756.056
1311.855 639.81 747.849
1286.587 650.54 760.522
1273.957 644.154 753.056
1262.907 638.567 746.524
1239.341 649.47 759.397
1230.0 644.575 753.673
1220.658 639.679 747.949
1195.622 649.201 759.203
1184.879 643.368 752.381
1177.204 639.201 747.509
1152.298 648.145 758.084
1141.713 642.191 751.12
1132.64 637.088 745.151
1109.402 646.311 756.049
1101.955 641.973 750.975
1093.021 636.768 744.887
1069.889 645.477 755.179
1064.027 641.94 751.042
1037.972 648.453 758.764
1030.764 643.949 753.495
1024.997 640.347 749.28
999.137 646.321 756.37
992.05 641.738 751.005
987.799 638.987 747.786
963.52 645.379 755.361
956.559 640.715 749.904
952.382 637.918 746.629
932.363 646.675 756.971
928.262 643.831 753.642
902.773 648.43 759.115
898.749 645.539 755.731
893.383 641.685 751.219
872.058 648.736 759.56
868.113 645.8 756.123
862.851 641.886 751.54
840.316 647.554 758.26
835.161 643.581 753.609
831.294 640.602 750.12
810.166 646.863 757.533
805.118 642.832 752.813
801.332 639.81 749.273
781.545 646.711 757.434
776.607 642.624 752.648
754.389 647.147 758.022
751.975 645.076 755.597
748.354 641.97 751.958
727.447 647.168 758.123
725.089 645.07 755.665
720.373 640.875 750.75
700.735 646.779 757.741
698.434 644.655 755.253
696.132 642.531 752.764
674.266 645.986 756.883
672.022 643.836 754.364
669.778 641.687 751.846
650.24 646.968 758.103
646.962 643.706 754.281
643.683 640.444 750.458
624.24 645.406 756.341
623.176 644.306 755.053
603.69 649.012 760.634
601.623 646.79 758.029
598.522 643.456 754.122
579.123 647.86 759.349
577.115 645.614 756.717
576.112 644.491 755.401
556.747 648.619 760.303
553.827 645.217 756.316
552.854 644.083 754.987
533.565 647.927 759.555
532.622 646.782 758.213
529.794 643.348 754.187
510.589 646.909 758.424
509.677 645.754 757.07
490.472 649.067 761.015
488.711 646.737 758.283
487.831 645.572 756.917
468.697 648.618 760.548
466.998 646.268 757.793
466.998 646.268 757.793
448.728 650.245 762.515
447.093 647.876 759.737
446.275 646.692 758.348
427.243 649.231 761.384
426.458 648.038 759.985
425.673 646.844 758.585
407.456 650.336 762.737
405.95 647.931 759.917
387.738 651.191 763.796
386.296 648.77 760.957
386.296 648.77 760.957
368.099 651.799 764.566
366.722 649.363 761.708
366.034 648.145 760.279
347.232 649.711 762.171
346.577 648.485 760.733
346.577 648.485 760.733
328.456 651.05 763.797
327.834 649.817 762.35
327.834 649.817 762.35
309.124 650.924 763.702
309.124 650.924 763.702
308.536 649.684 762.247
289.898 650.559 763.327
289.343 649.312 761.865
271.828 652.463 765.614
271.307 651.211 764.144
270.785 649.958 762.675
252.767 651.641 764.702
252.767 651.641 764.702
252.279 650.383 763.225
233.833 650.587 763.517
233.833 650.587 763.517
233.833 650.587 763.517
215.45 650.573 763.552
215.45 650.573 763.552
215.031 649.305 762.063
197.139 650.342 763.331
197.139 650.342 763.331
179.256 651.172 764.357
179.256 651.172 764.357
179.256 651.172 764.357
161.705 653.077 766.643
161.387 651.797 765.14
161.07 650.516 763.637
143.257 650.931 764.174
143.257 650.931 764.174
142.973 649.647 762.667
125.467 651.142 764.472
125.467 651.142 764.472
125.219 649.855 762.96
107.709 651.149 764.529
107.709 651.149 764.529
107.496 649.859 763.015
89.81 649.661 762.831
89.81 649.661 762.831
89.81 649.661 762.831
72.309 650.554 763.929
72.309 650.554 763.929
54.786 651.249 764.794
54.677 649.954 763.273
54.568 648.659 761.753
37.098 649.154 762.382
37.247 651.745 765.426
37.172 650.449 763.904
19.656 650.747 764.302
19.656 650.747 764.302
19.656 650.747 764.302
2.135 650.846 764.468
2.135 650.846 764.468
2.135 650.846 764.468
-15.387 650.747 764.4
-15.387 650.747 764.4
-15.387 650.747 764.4
-32.905 650.449 764.1
-32.905 650.449 764.1
-32.905 650.449 764.1
-50.514 651.249 765.088
-50.514 651.249 765.088
-68.041 650.554 764.321
-68.041 650.554 764.321
-68.177 651.847 765.84
-85.718 650.952 764.838
-85.718 650.952 764.838
-85.887 652.244 766.356
-103.438 651.149 765.119
-103.438 651.149 765.119
-103.438 651.149 765.119
-121.196 651.142 765.16
-121.436 652.429 766.672
-121.674 653.716 768.185
-139.26 652.215 766.471
-139.26 652.215 766.471
-139.534 653.499 767.98
-157.111 651.797 766.03
-157.42 653.077 767.535
-157.42 653.077 767.535
-175.327 652.449 766.847
-175.671 653.726 768.348
-193.25 651.615 765.917
-193.25 651.615 765.917
-194.006 654.16 768.909
-212.006 653.11 767.725
-212.006 653.11 767.725
-212.418 654.378 769.215
-230.456 653.114 767.782
-230.456 653.114 767.782
-230.902 654.377 769.267
-249.452 654.157 769.06
-249.452 654.157 769.06
-249.932 655.415 770.539
-268.062 653.715 768.593
-267.548 652.463 767.12
-268.062 653.715 768.593
-286.725 653.051 767.865
-287.819 655.544 770.796
-287.819 655.544 770.796
-306.016 653.403 768.333
-306.597 654.643 769.79
-307.757 657.123 772.706
-325.413 653.517 768.52
-326.027 654.75 769.969
-326.641 655.983 771.42
-344.912 653.389 768.424
-346.205 655.841 771.308
-347.499 658.292 774.19
-365.863 655.454 770.909
-366.543 656.673 772.342
-384.892 653.612 768.798
-386.318 656.033 771.645
-387.031 657.243 773.069
-405.425 653.942 769.242
-406.916 656.346 772.07
-407.662 657.548 773.484
-426.094 654.005 769.375
-426.872 655.198 770.778
-427.649 656.392 772.182
-446.891 653.798 769.19
-448.51 656.167 771.976
-449.32 657.351 773.37
-469.49 655.668 771.449
-470.331 656.844 772.832
-471.172 658.019 774.215
-490.579 654.894 770.599
-492.325 657.224 773.341
-494.071 659.555 776.084
-512.675 654.996 770.78
-514.483 657.306 773.499
-516.291 659.616 776.218
-535.86 655.94 771.953
-537.731 658.229 774.648
-539.601 660.519 777.343
-559.254 656.557 772.744
-561.186 658.825 775.413
-581.847 655.719 771.823
-582.843 656.842 773.145
-585.832 660.21 777.109
-605.592 655.68 771.843
-607.645 657.903 774.46
-609.697 660.125 777.076
-629.512 655.301 771.465
-631.624 657.5 774.054
-634.793 660.799 777.938
-655.767 656.754 773.245
-659.025 660.016 777.085
-661.195 662.191 779.645
-681.177 656.734 773.293
-684.522 659.959 777.09
-688.981 664.258 782.152
-709.072 658.462 775.4
-711.359 660.586 777.901
-713.646 662.71 780.402
-736.095 658.706 775.762
-740.784 662.902 780.703
-743.128 664.999 783.173
-765.746 660.608 778.078
-769.347 663.714 781.737
-772.948 666.82 785.396
-794.495 661.014 778.637
-799.406 665.101 783.45
-804.319 669.188 788.264
-826.008 662.984 781.038
-831.029 667.014 785.786
-852.738 660.465 778.154
-857.867 664.438 782.835
-862.996 668.411 787.515
-884.819 661.456 779.407
-890.054 665.37 784.02
-896.599 670.262 789.784
-919.881 663.846 782.312
-927.892 669.627 789.124
-931.896 672.517 792.53
-953.978 664.691 783.4
-960.782 669.432 788.988
-964.865 672.277 792.34
-989.784 665.896 784.916
-995.329 669.627 789.314
-1002.26 674.29 794.81
-1025.943 666.49 785.715
-1032.999 671.074 791.119
-1038.644 674.741 795.442
-1062.433 666.465 785.787
-1071.047 671.869 792.158
-1078.225 676.372 797.467
-1103.61 668.466 788.253
-1112.369 673.772 794.508
-1121.127 679.077 800.765
-1145.215 669.734 789.858
-1152.632 674.072 794.974
-1160.049 678.41 800.09
-1188.726 671.111 791.597
-1199.273 677.065 798.619
-1223.479 666.702 786.515
-1235.714 673.369 794.38
-1247.95 680.036 802.245
-1272.32 669.052 789.412
-1284.733 675.58 797.114
-1295.594 681.291 803.852
-1323.227 671.293 792.186
-1335.814 677.679 799.722
-1346.828 683.267 806.316
-1377.825 674.142 795.685
-1388.988 679.603 802.131
-1401.746 685.846 809.499
-1431.358 675.191 797.067
-1444.282 681.288 804.263
-1457.207 687.384 811.46
-1486.995 675.973 798.141
-1504.99 684.153 807.799
-1518.077 690.103 814.823
-1548.071 677.872 800.541
-1564.628 685.122 809.103
-1581.185 692.372 817.666
-1611.368 679.295 802.389
-1629.793 687.062 811.564
-1646.543 694.123 819.905
-1678.591 680.86 804.416
-1695.53 687.73 812.533
-1717.55 696.662 823.086
-1753.229 683.776 808.049
-1777.199 693.124 819.096
-1794.321 699.802 826.988
-1830.253 685.851 810.702
-1854.471 694.927 821.43
-1893.934 681.357 805.601
-1918.394 690.157 816.005
-1942.854 698.957 826.41
-1986.142 685.365 810.567
-2014.364 695.104 822.084
-2042.587 704.843 833.602
-2089.808 691.018 817.495
-2118.29 700.435 828.637
-2143.211 708.676 838.385
-2197.958 695.661 823.251
-2223.097 703.618 832.667
-2251.828 712.712 843.429
-2299.731 695.867 823.777
-2325.081 703.538 832.858
-2364.92 715.593 847.128
-2420.42 699.248 828.085
-2456.926 709.795 840.575
-2504.386 723.505 856.812
-2556.683 704.153 834.228
-2593.471 714.285 846.231
-2637.615 726.443 860.635
-2697.629 707.149 838.14
-2734.685 716.863 849.653
-2790.268 731.433 866.922
-2865.607 713.666 846.264
-2884.264 718.312 851.773
-2910.382 724.817 859.487
-2940.828 694.413 823.86
-2940.828 694.413 823.86
-2948.34 696.187 825.964
-2959.184 661.01 784.677
-2951.626 659.322 782.672
-2965.234 625.002 742.398
-2965.234 625.002 742.398
-2957.632 623.399 740.495
-2962.606 587.545 698.395
-2958.784 586.787 697.494
-2954.96 586.029 696.593
-2966.555 551.772 656.388
-2962.712 551.057 655.537
-2947.341 548.198 652.136
-2950.176 512.736 610.491
-2950.176 512.736 610.491
-2954.037 513.407 611.29
-2955.882 478.007 569.715
-2940.366 475.498 566.724
-2941.142 440.392 525.491
-2937.246 439.809 524.795
-2933.351 439.225 524.099
-2940.927 405.416 484.408
-2933.105 404.338 483.121
-2933.105 404.338 483.121
-2939.728 370.583 443.49
-2931.878 369.593 442.306
-2912.253 367.119 439.345
-2906.051 332.3 398.431
-2902.113 331.85 397.891
-2894.238 330.95 396.811
-2894.915 297.331 357.326
-2883.067 296.115 355.862
-2883.067 296.115 355.862
-2882.788 262.719 316.635
-2882.788 262.719 316.635
-2882.788 262.719 316.635
-2889.528 230.054 278.287
-2893.498 230.37 278.669
-2899.367 197.591 240.183
-2895.389 197.32 239.854
-2895.389 197.32 239.854
-2900.368 164.525 201.348
-2896.384 164.299 201.071
-2888.416 163.847 200.518
-2888.504 130.957 161.886
-2888.504 130.957 161.886
-2888.504 130.957 161.886
-2891.697 98.252 123.481
-2891.697 98.252 123.481
-2887.704 98.117 123.31
-2890.012 65.428 84.921
-2902.004 65.699 85.273
-2898.006 65.609 85.156
-2883.443 32.628 46.377
-2887.442 32.674 46.441
-2887.808 0.0 -33.267
-2883.809 0.0 -33.221
-2887.808 0.0 -33.267
-2918.934 -34.95 -70.716
-2934.929 -35.142 -71.103
-2930.93 -35.094 -71.006
-2929.162 -70.177 -108.218
-2929.162 -70.177 -108.218
-2929.162 -70.177 -108.218
-2922.508 -105.095 -145.198
-2926.501 -105.238 -145.396
-2930.493 -105.382 -145.594
-2922.949 -140.268 -182.529
-2922.949 -140.268 -182.529
-2926.937 -140.459 -182.779
-2922.489 -175.494 -219.907
-2922.489 -175.494 -219.907
-2921.124 -210.761 -257.32
-2921.124 -210.761 -257.32
-2925.098 -211.048 -257.67
-2918.854 -246.06 -294.755
-2922.82 -246.395 -295.155
-2922.82 -246.395 -295.155
-2915.677 -281.379 -332.199
-2919.633 -281.761 -332.65
-2923.589 -282.143 -333.102
-2915.537 -317.136 -370.145
-2915.537 -317.136 -370.145
-2919.481 -317.565 -370.646
-2914.462 -352.986 -408.179
-2914.462 -352.986 -408.179
-2918.395 -353.462 -408.729
-2904.609 -387.87 -445.085
-2912.448 -388.917 -446.287
-2916.368 -389.44 -446.887
-2905.587 -424.347 -483.807
-2909.493 -424.917 -484.457
-2901.7 -460.358 -521.979
-2416.635 -414.123 -467.324
-2211.376 -378.949 -427.632
-2197.218 -404.707 -454.804
-2216.491 -408.257 -458.793
-2247.33 -413.937 -465.177
-2255.303 -444.615 -497.826
-2259.139 -445.372 -498.673
-2250.945 -473.213 -528.124
-2434.073 -511.711 -571.091
-2393.769 -534.91 -595.246
-2336.864 -522.194 -581.096
-2340.658 -523.042 -582.039
-2353.045 -557.308 -618.547
-2356.816 -558.202 -619.538
-2900.218 -726.209 -804.095
-2903.965 -727.147 -805.134
-2907.713 -728.086 -806.173
-2884.594 -761.903 -841.795
-2888.317 -762.887 -842.882
-2895.76 -764.853 -845.054
-2882.824 -801.566 -883.867
-2882.824 -801.566 -883.867
-2890.215 -803.621 -886.133
-2876.239 -840.356 -924.957
-2883.577 -842.5 -927.316
-2898.251 -846.787 -932.036
-2879.478 -882.59 -969.814
-2875.838 -881.474 -968.588
-2879.478 -882.59 -969.814
-2874.212 -922.849 -1012.478
-2892.266 -928.645 -1018.837
-2871.351 -964.463 -1056.608
-2882.092 -968.07 -1060.56
-2899.993 -974.083 -1067.148
-2884.984 -1012.527 -1107.772
-2888.533 -1013.772 -1109.135
-2899.178 -1017.508 -1113.222
-2879.451 -1054.781 -1152.551
-2886.483 -1057.357 -1155.366
-2893.514 -1059.933 -1158.18
-2869.16 -1095.891 -1196.061
-2872.642 -1097.221 -1197.512
-2883.087 -1101.211 -1201.867
-2867.992 -1141.202 -1244.133
-2878.333 -1145.317 -1248.619
-2885.227 -1148.06 -1251.61
-2861.972 -1185.415 -1290.984
-2879.029 -1192.479 -1298.677
-2885.851 -1195.305 -1301.755
-2854.572 -1229.842 -1338.046
-2864.694 -1234.203 -1342.791
-2842.439 -1272.968 -1383.675
-2842.439 -1272.968 -1383.675
-2829.095 -1266.992 -1377.178
-2776.225 -1291.644 -1402.731
-2759.739 -1283.974 -1394.402
-2746.55 -1277.838 -1387.738
-2690.412 -1299.692 -1410.284
-2667.612 -1288.678 -1398.333
-2644.812 -1277.663 -1386.38
-2588.996 -1298.027 -1407.349
-2569.698 -1288.352 -1396.859
-2553.618 -1280.29 -1388.118
-2507.578 -1304.245 -1413.009
-2482.185 -1291.038 -1398.701
-2459.966 -1279.481 -1386.18
-2411.016 -1300.474 -1407.896
-2395.36 -1292.03 -1398.754
-2346.329 -1312.062 -1419.448
-2330.893 -1303.43 -1410.11
-2309.282 -1291.346 -1397.036
-2260.518 -1310.163 -1416.444
-2239.221 -1297.82 -1403.099
-2220.967 -1287.24 -1391.661
-2178.556 -1308.418 -1413.647
-2169.566 -1303.018 -1407.814
-2151.587 -1292.22 -1396.148
-2103.31 -1308.789 -1413.175
-2088.56 -1299.611 -1403.264
-2079.71 -1294.104 -1397.319
-2034.549 -1311.506 -1415.267
-2020.037 -1302.152 -1405.172
-1977.735 -1320.607 -1424.27
-1963.466 -1311.079 -1413.994
-1949.196 -1301.551 -1403.718
-1904.275 -1317.116 -1419.718
-1895.861 -1311.296 -1413.446
-1887.447 -1305.477 -1407.173
-1842.645 -1320.168 -1422.249
-1826.119 -1308.328 -1409.492
-1809.593 -1296.488 -1396.737
-1767.951 -1312.122 -1412.849
-1762.544 -1308.11 -1408.528
-1754.434 -1302.091 -1402.047
-1710.169 -1314.929 -1415.162
-1699.564 -1306.774 -1406.385
-1688.958 -1298.62 -1397.61
-1639.814 -1306.406 -1405.307
-1629.419 -1298.125 -1396.399
-1590.808 -1313.418 -1412.184
-1585.717 -1309.215 -1407.665
-1578.081 -1302.911 -1400.887
-1534.489 -1313.265 -1411.372
-1524.525 -1304.737 -1402.208
-1517.052 -1298.342 -1395.334
-1476.251 -1310.008 -1407.244
-1468.943 -1303.523 -1400.279
-1461.636 -1297.037 -1393.312
-1421.051 -1307.953 -1404.428
-1413.91 -1301.38 -1397.37
-1406.769 -1294.807 -1390.313
-1368.751 -1307.2 -1403.027
-1366.428 -1304.981 -1400.645
-1328.277 -1316.835 -1412.785
-1319.211 -1307.846 -1403.141
-1312.411 -1301.104 -1395.909
-1274.491 -1312.258 -1407.308
-1267.865 -1305.435 -1399.991
-1263.447 -1300.886 -1395.113
-1223.514 -1309.1 -1403.37
-1219.213 -1304.498 -1398.437
-1214.913 -1299.897 -1393.504
-1177.289 -1309.779 -1403.558
-1173.107 -1305.126 -1398.572
-1166.834 -1298.147 -1391.093
-1129.388 -1307.403 -1400.484
-1127.357 -1305.052 -1397.966
-1121.262 -1297.997 -1390.409
-1083.955 -1306.659 -1399.172
-1080.013 -1301.908 -1394.084
-1042.741 -1310.029 -1402.273
-1038.921 -1305.231 -1397.137
-1037.011 -1302.831 -1394.569
-999.851 -1310.392 -1402.164
-994.307 -1303.126 -1394.389
-990.611 -1298.281 -1389.206
-955.491 -1307.687 -1398.783
-951.919 -1302.798 -1393.554
-950.133 -1300.354 -1390.939
-916.758 -1311.719 -1402.616
-911.588 -1304.322 -1394.706
-908.141 -1299.391 -1389.433
-873.144 -1307.768 -1397.919
-869.824 -1302.795 -1392.605
-866.504 -1297.823 -1387.289
-831.623 -1305.681 -1395.227
-826.834 -1298.162 -1387.192
-792.02 -1305.527 -1394.607
-790.488 -1303.001 -1391.909
-779.765 -1285.325 -1373.027
-737.286 -1278.118 -1364.889
-735.086 -1274.303 -1360.815
-732.884 -1270.488 -1356.741
-697.53 -1274.131 -1360.199
-694.026 -1267.728 -1353.364
-690.52 -1261.325 -1346.529
-656.212 -1265.716 -1350.794
-653.538 -1260.561 -1345.292
-650.865 -1255.405 -1339.789
-617.453 -1260.595 -1344.912
-616.818 -1259.298 -1343.528
-582.18 -1261.455 -1345.419
-580.976 -1258.846 -1342.636
-579.17 -1254.933 -1338.462
-544.787 -1256.611 -1339.847
-545.355 -1257.923 -1341.246
-545.355 -1257.923 -1341.246
-511.041 -1259.169 -1342.174
-510.506 -1257.851 -1340.768
-509.436 -1255.214 -1337.957
-475.837 -1257.329 -1339.816
-475.336 -1256.005 -1338.404
-474.333 -1253.355 -1335.58
-442.296 -1259.025 -1341.229
-441.828 -1257.694 -1339.811
-440.426 -1253.701 -1335.558
-407.957 -1257.629 -1339.352
-407.524 -1256.293 -1337.929
-375.033 -1259.822 -1341.299
-375.432 -1261.163 -1342.728
-374.234 -1257.138 -1338.443
-341.035 -1257.571 -1338.519
-341.035 -1257.571 -1338.519
-340.305 -1254.878 -1335.653
-307.609 -1256.243 -1336.724
-307.609 -1256.243 -1336.724
-306.947 -1253.541 -1333.849
-274.659 -1255.853 -1335.931
-274.659 -1255.853 -1335.931
-274.363 -1254.498 -1334.49
-242.357 -1257.775 -1337.598
-242.095 -1256.416 -1336.154
-242.357 -1257.775 -1337.598
-210.504 -1262.03 -1341.747
-210.277 -1260.668 -1340.3
-210.504 -1262.03 -1341.747
-177.749 -1260.449 -1339.692
-176.979 -1254.993 -1333.893
-145.305 -1259.837 -1338.669
-145.147 -1258.47 -1337.217
-144.517 -1253.005 -1331.409
-112.587 -1254.727 -1332.869
-112.833 -1257.464 -1335.776
-112.833 -1257.464 -1335.776
-80.799 -1258.807 -1336.832
-80.799 -1258.807 -1336.832
-80.624 -1256.067 -1333.923
-48.636 -1257.025 -1334.571
-48.742 -1259.766 -1337.481
-48.689 -1258.395 -1336.026
-16.634 -1257.599 -1334.812
-16.634 -1257.599 -1334.812
-16.615 -1256.228 -1333.357
15.375 -1257.791 -1334.646
15.425 -1261.906 -1339.013
47.43 -1258.971 -1335.529
47.326 -1256.228 -1332.62
47.43 -1258.971 -1335.529
79.453 -1258.395 -1334.55
79.54 -1259.766 -1336.003
79.54 -1259.766 -1336.003
111.453 -1257.437 -1333.165
111.574 -1258.807 -1334.616
111.695 -1260.176 -1336.069
143.574 -1257.464 -1332.823
143.731 -1258.832 -1334.273
143.731 -1258.832 -1334.273
175.34 -1254.371 -1329.174
175.723 -1257.104 -1332.07
175.913 -1258.47 -1333.518
207.885 -1256.357 -1330.908
208.563 -1260.449 -1335.242
209.015 -1263.178 -1338.133
240.836 -1259.307 -1333.658
241.097 -1260.668 -1335.1
273.401 -1259.133 -1333.098
273.696 -1260.491 -1334.537
273.696 -1260.491 -1334.537
305.69 -1257.208 -1330.683
306.02 -1258.562 -1332.117
306.02 -1258.562 -1332.117
338.32 -1256.243 -1329.283
339.047 -1258.944 -1332.142
338.684 -1257.593 -1330.713
372.974 -1261.61 -1334.58
372.974 -1261.61 -1334.58
372.178 -1258.918 -1331.732
412.315 -1279.947 -1353.586
419.663 -1302.755 -1377.707
421.391 -1308.122 -1383.383
454.088 -1301.733 -1376.227
454.554 -1303.07 -1377.639
455.952 -1307.079 -1381.879
490.078 -1304.275 -1378.509
490.078 -1304.275 -1378.509
491.578 -1308.268 -1382.729
526.86 -1307.676 -1381.695
527.393 -1309.001 -1383.095
561.114 -1303.998 -1377.397
563.384 -1309.272 -1382.968
564.518 -1311.909 -1385.753
598.936 -1307.768 -1380.962
599.537 -1309.079 -1382.347
600.738 -1311.703 -1385.117
634.573 -1305.809 -1378.472
635.84 -1308.418 -1381.226
637.742 -1312.331 -1385.358
672.281 -1307.283 -1379.603
674.283 -1311.174 -1383.709
676.283 -1315.065 -1387.815
710.246 -1308.251 -1380.192
713.045 -1313.406 -1385.631
713.745 -1314.695 -1386.991
748.452 -1308.705 -1380.234
749.918 -1311.266 -1382.936
751.382 -1313.827 -1385.636
786.121 -1307.369 -1378.382
790.709 -1314.999 -1386.427
793.768 -1320.086 -1391.791
828.718 -1313.102 -1383.976
831.905 -1318.153 -1389.3
868.515 -1313.199 -1383.62
870.173 -1315.705 -1386.261
871.83 -1318.211 -1388.902
906.836 -1310.254 -1380.054
910.277 -1315.226 -1385.29
911.999 -1317.713 -1387.91
948.826 -1311.719 -1381.125
954.176 -1319.116 -1388.913
957.743 -1324.048 -1394.105
992.997 -1315.02 -1384.119
996.688 -1319.908 -1389.264
1002.225 -1327.241 -1396.982
1037.609 -1317.659 -1386.405
1041.424 -1322.503 -1391.502
1043.331 -1324.925 -1394.05
1080.673 -1317.227 -1385.452
1086.578 -1324.425 -1393.022
1088.546 -1326.825 -1395.546
1126.044 -1318.538 -1386.32
1132.13 -1325.665 -1393.814
1136.188 -1330.417 -1398.809
1173.883 -1321.512 -1388.924
1182.237 -1330.917 -1398.81
1222.197 -1323.737 -1390.73
1228.641 -1330.717 -1398.062
1232.937 -1335.37 -1402.951
1270.963 -1325.205 -1391.725
1273.17 -1327.505 -1394.142
1279.79 -1334.408 -1401.39
1317.894 -1323.629 -1389.512
1324.687 -1330.452 -1396.675
1333.745 -1339.549 -1406.225
1374.4 -1330.318 -1395.96
1383.686 -1339.306 -1405.392
1388.33 -1343.8 -1410.107
1426.868 -1331.613 -1396.73
1429.246 -1333.832 -1399.057
1436.38 -1340.49 -1406.042
1479.799 -1332.052 -1396.587
1487.101 -1338.625 -1403.477
1494.403 -1345.198 -1410.369
1535.656 -1333.787 -1397.784
1545.611 -1342.434 -1406.846
1550.588 -1346.757 -1411.377
1589.484 -1332.452 -1395.747
1597.114 -1338.848 -1402.447
1638.497 -1326.027 -1388.364
1648.884 -1334.433 -1397.165
1659.27 -1342.839 -1405.966
1700.896 -1329.181 -1390.992
1711.493 -1337.462 -1399.658
1719.44 -1343.673 -1406.158
1763.926 -1331.238 -1392.45
1774.731 -1339.393 -1400.979
1777.432 -1341.431 -1403.111
1827.552 -1332.185 -1392.722
1844.066 -1344.223 -1405.307
1855.075 -1352.248 -1413.696
1897.34 -1335.955 -1395.918
1905.748 -1341.875 -1402.104
1916.958 -1349.768 -1410.352
1962.142 -1334.574 -1393.706
1979.253 -1346.212 -1405.86
1993.514 -1355.911 -1415.989
2039.025 -1339.663 -1398.221
2050.627 -1347.286 -1406.177
2062.228 -1354.909 -1414.133
2113.78 -1341.441 -1399.247
2128.52 -1350.796 -1409.004
2171.244 -1330.816 -1387.31
2186.219 -1339.994 -1396.877
2201.193 -1349.172 -1406.445
2253.112 -1333.614 -1389.336
2274.397 -1346.212 -1402.46
2292.641 -1357.011 -1413.71
2341.916 -1338.377 -1393.367
2351.173 -1343.667 -1398.874
2366.6 -1352.483 -1408.054
2415.959 -1332.779 -1386.574
2444.124 -1348.317 -1402.738
2472.289 -1363.854 -1418.903
2522.12 -1342.698 -1395.877
2537.982 -1351.142 -1404.655
2811.168 -1342.176 -1391.993
2847.419 -1359.484 -1409.944
2907.842 -1337.665 -1386.092
2924.516 -1345.335 -1394.039
2954.528 -1359.141 -1408.345
3025.332 -1340.202 -1387.431
3055.687 -1353.649 -1401.352
3113.09 -1327.24 -1372.665
166.201 -65.496 -67.592
3655.084 -1383.164 -1425.77
3745.948 -1360.011 -1400.152
3851.018 -1340.072 -1377.782
157.032 -45.555 -46.536
157.032 -45.555 -46.536
157.032 -45.555 -46.536
159.074 -43.932 -44.79
160.936 -44.446 -45.314
1617.234 427.158 471.949
1615.373 426.666 471.406
1609.789 425.191 469.776
1592.945 442.916 488.392
1592.945 442.916 488.392
1575.695 460.373 506.72
1570.192 458.766 504.95
1568.357 458.23 504.361
1561.689 478.674 525.98
1567.149 480.348 527.819
1565.329 479.79 527.206
1554.458 499.103 547.578
1561.679 501.422 550.121
1565.29 502.581 551.393
1553.823 521.916 571.78
1557.404 523.119 573.098
1564.564 525.524 575.732
1556.046 546.117 597.489
1561.369 547.985 599.532
1566.692 549.853 601.577
1557.505 570.535 623.419
1559.263 571.179 624.122
1564.537 573.111 626.233
1552.968 593.165 647.382
1558.19 595.159 649.56
1551.198 617.237 672.908
1556.368 619.294 675.151
1564.986 622.723 678.89
1553.789 643.572 700.885
1555.494 644.278 701.655
1558.905 645.691 703.194
1547.069 666.528 725.171
1550.443 667.981 726.753
1558.879 671.616 730.706
1547.996 693.26 753.55
1546.327 692.512 752.738
1549.663 694.007 754.362
1529.891 711.785 773.002
1511.757 703.348 763.838
1496.919 696.445 756.342
1468.978 709.638 770.022
1457.578 704.131 764.046
1429.575 716.737 777.101
1416.711 710.287 770.108
1402.239 703.031 762.241
1371.232 713.207 772.683
1360.123 707.429 766.424
1349.013 701.651 760.164
1319.796 711.883 770.686
1310.403 706.816 765.2
1299.444 700.905 758.801
1270.413 710.413 768.557
1262.696 706.097 763.888
1253.434 700.918 758.285
1223.052 708.864 766.367
1213.926 703.574 760.648
1188.167 713.601 770.993
1180.675 709.101 766.131
1168.689 701.902 758.353
1143.103 711.298 768.029
1135.729 706.709 763.075
1126.878 701.202 757.129
1101.442 710.01 766.182
1092.736 704.397 760.126
1086.931 700.655 756.087
1064.495 710.803 766.599
1058.787 706.992 762.488
1033.468 714.812 770.496
1026.457 709.962 765.268
1020.848 706.083 761.087
994.313 712.378 767.461
987.426 707.444 762.147
983.295 704.484 758.958
961.019 713.241 767.994
955.613 709.228 763.673
947.503 703.209 757.192
925.347 711.489 765.723
922.696 709.45 763.529
914.741 703.334 756.947
888.774 708.068 761.672
886.176 705.998 759.445
866.672 715.55 769.358
860.309 710.297 763.708
855.219 706.094 759.19
833.258 713.129 766.403
827.03 707.799 760.675
824.539 705.667 758.383
802.681 712.29 765.16
799.027 709.047 761.677
794.155 704.724 757.033
772.414 710.939 763.378
767.653 706.557 758.673
765.273 704.366 756.321
744.796 711.303 763.447
740.148 706.865 758.682
718.539 712.349 764.253
716.273 710.102 761.843
714.006 707.855 759.432
692.466 712.986 764.629
688.048 708.437 759.751
686.944 707.3 758.532
666.589 713.218 764.577
664.439 710.917 762.111
661.214 707.466 758.412
638.83 710.724 761.611
637.786 709.56 760.364
636.74 708.397 759.118
615.475 712.488 763.213
611.413 707.785 758.176
591.248 712.723 763.185
591.248 712.723 763.185
588.292 709.16 759.369
568.16 713.798 764.059
566.25 711.399 761.491
564.34 708.999 758.923
544.282 713.328 763.285
543.358 712.117 761.989
541.509 709.695 759.398
521.502 713.728 763.448
520.609 712.506 762.14
518.823 710.062 759.526
498.875 713.802 763.265
498.013 712.569 761.947
496.29 710.104 759.311
476.412 713.554 762.743
475.582 712.311 761.415
455.716 715.493 764.563
454.12 712.987 761.885
453.322 711.734 760.546
434.309 715.893 764.741
433.543 714.631 763.393
432.011 712.105 760.695
412.294 714.729 763.252
411.56 713.457 761.893
410.826 712.185 760.536
391.879 715.818 764.173
391.178 714.538 762.806
390.477 713.257 761.438
371.541 716.638 764.808
370.873 715.349 763.433
351.287 717.19 765.161
350.652 715.893 763.777
350.017 714.596 762.393
331.126 717.477 765.233
330.524 716.173 763.842
329.922 714.868 762.451
312.2 720.125 767.825
312.2 720.125 767.825
310.494 716.19 763.629
291.641 718.583 765.952
291.106 717.265 764.547
290.571 715.946 763.142
271.764 718.095 765.205
271.262 716.771 763.793
270.761 715.446 762.381
252.006 717.351 764.189
252.006 717.351 764.189
252.006 717.351 764.189
233.242 719.027 765.75
232.808 717.691 764.327
214.076 719.131 765.641
213.677 717.79 764.212
213.278 716.448 762.783
194.616 717.65 763.844
194.616 717.65 763.844
194.252 716.304 762.411
175.966 718.625 764.664
175.634 717.274 763.227
175.634 717.274 763.227
157.033 718.017 763.801
156.737 716.663 762.36
157.033 718.017 763.801
138.191 717.176 762.691
137.667 714.46 759.802
137.928 715.818 761.246
119.671 717.465 762.784
119.445 716.103 761.336
101.186 717.529 762.639
101.186 717.529 762.639
100.994 716.164 761.189
82.581 716.003 760.806
82.739 717.369 762.258
82.739 717.369 762.258
64.458 718.355 763.093
64.336 716.987 761.64
64.336 716.987 761.64
46.071 717.753 762.242
45.983 716.383 760.787
46.071 717.753 762.242
27.792 718.3 762.612
27.792 718.3 762.612
27.739 716.929 761.157
9.486 717.257 761.294
9.486 717.257 761.294
9.468 715.885 759.838
-8.769 717.366 761.199
-8.769 717.366 761.199
-27.021 717.257 760.873
-27.125 720.0 763.783
-27.073 718.628 762.329
-45.266 716.929 760.316
-45.353 718.3 761.769
-45.266 716.929 760.316
-63.618 717.753 760.979
-63.74 719.122 762.43
-63.74 719.122 762.43
-82.02 718.355 761.406
-82.02 718.355 761.406
-82.177 719.723 762.856
-100.467 718.735 761.597
-100.467 718.735 761.597
-100.467 718.735 761.597
-118.953 718.893 761.55
-118.953 718.893 761.55
-119.179 720.257 762.996
-137.733 720.187 762.708
-137.733 720.187 762.708
-156.018 718.534 760.743
-156.018 718.534 760.743
-156.313 719.893 762.182
-174.915 719.372 761.415
-174.915 719.372 761.415
-175.245 720.727 762.849
-193.534 718.625 760.407
-193.897 719.976 761.837
-194.261 721.326 763.266
-212.958 720.343 762.008
-213.355 721.69 763.431
-213.753 723.036 764.856
-232.521 721.815 763.343
-232.954 723.156 764.762
-232.954 723.156 764.762
-251.753 721.7 763.001
-252.219 723.037 764.413
-252.219 723.037 764.413
-271.543 722.675 763.807
-271.543 722.675 763.807
-271.543 722.675 763.807
-290.386 720.745 761.542
-291.454 723.395 764.341
-310.343 721.22 761.817
-310.911 722.539 763.209
-311.478 723.858 764.602
-330.406 721.436 761.815
-331.007 722.748 763.2
-332.208 725.372 765.97
-350.568 721.391 761.533
-351.202 722.695 762.911
-351.836 724.0 764.288
-371.489 722.378 762.34
-371.489 722.378 762.34
-372.156 723.675 763.709
-391.86 721.793 761.486
-392.56 723.082 762.845
-393.96 725.66 765.565
-413.773 723.501 763.045
-414.506 724.782 764.396
-415.97 727.343 767.096
-434.355 722.359 761.596
-436.649 726.175 765.619
-437.414 727.446 766.959
-455.794 722.206 761.187
-456.592 723.469 762.517
-477.352 721.758 760.463
-478.181 723.011 761.783
-480.667 726.77 765.744
-500.739 723.499 762.041
-501.599 724.742 763.35
-502.459 725.985 764.66
-522.568 722.432 760.657
-524.351 724.898 763.254
-526.135 727.363 765.849
-545.41 722.283 760.236
-549.102 727.172 765.382
-550.948 729.616 767.955
-569.35 723.017 760.739
-571.257 725.439 763.287
-573.165 727.861 765.836
-594.468 724.595 762.124
-596.436 726.994 764.648
-598.405 729.394 767.172
-618.817 724.602 761.851
-621.86 728.166 765.599
-623.889 730.541 768.096
-644.382 725.421 762.426
-647.515 728.948 766.133
-649.604 731.299 768.604
-671.242 727.009 763.802
-673.39 729.335 766.246
-696.161 725.872 762.308
-698.368 728.172 764.724
-700.575 730.473 767.14
-722.351 725.494 761.606
-725.747 728.906 765.187
-729.144 732.317 768.768
-752.205 728.079 764.005
-754.527 730.326 766.364
-758.01 733.697 769.9
-781.21 729.058 764.71
-785.966 733.497 769.366
-789.534 736.826 772.858
-811.699 730.657 766.055
-816.567 735.039 770.649
-820.218 738.325 774.095
-842.495 731.745 766.855
-846.229 734.988 770.253
-851.206 739.311 774.784
-872.309 731.25 765.987
-877.395 735.514 770.452
-883.753 740.844 776.036
-908.834 735.514 770.091
-916.623 741.819 776.692
-921.816 746.022 781.092
-944.5 738.089 772.413
-949.799 742.229 776.746
-975.157 735.952 769.792
-981.91 741.049 775.123
-985.962 744.107 778.321
-1008.732 735.31 768.724
-1015.613 740.326 773.968
-1023.87 746.345 780.26
-1048.161 738.031 771.157
-1053.766 741.978 775.281
-1060.773 746.911 780.436
-1086.593 739.059 771.805
-1090.871 741.969 774.844
-1098.001 746.818 779.908
-1125.379 739.387 771.707
-1132.631 744.152 776.679
-1141.332 749.868 782.646
-1167.443 740.88 772.806
-1174.814 745.557 777.685
-1183.658 751.17 783.54
-1212.902 743.421 774.98
-1223.384 749.846 781.677
-1229.374 753.517 785.504
-1257.304 744.196 775.291
-1267.946 750.495 781.853
-1277.068 755.895 787.478
-1306.721 746.775 777.459
-1317.521 752.947 783.884
-1347.241 743.214 773.213
-1359.76 750.12 780.397
-1372.277 757.025 787.581
-1402.236 746.506 776.072
-1413.339 752.417 782.218
-1426.029 759.173 789.241
-1459.388 749.528 778.621
-1470.639 755.306 784.624
-1480.282 760.259 789.769
-1510.582 748.179 776.6
-1521.976 753.823 782.458
-1541.509 763.498 792.5
-1575.309 752.122 780.038
-1585.196 756.842 784.934
-1601.674 764.71 793.093
-1638.996 753.97 781.266
-1655.67 761.64 789.214
-1670.675 768.544 796.367
-1706.598 756.011 782.654
-1721.775 762.735 789.614
-1742.011 771.699 798.895
-1776.473 757.385 783.306
-1793.521 764.653 790.823
-1813.98 773.376 799.844
-1850.347 758.722 783.874
-1874.467 768.612 794.093
-1902.033 779.915 805.77
-1938.716 764.002 788.459
-1963.08 773.603 798.368
-1990.925 784.576 809.692
-2034.897 770.05 793.77
-2063.014 780.69 804.738
-2110.642 766.294 788.911
-2139.022 776.597 799.519
-2163.852 785.612 808.799
-2211.83 769.67 791.329
-2236.883 778.388 800.292
-2261.936 787.105 809.255
-2317.387 772.051 792.64
-2349.874 782.874 803.751
-2382.36 793.697 814.863
-2438.239 776.769 796.255
-2474.63 788.363 808.14
-2507.382 798.797 818.835
-2563.637 779.937 798.172
-2611.315 794.442 813.016
-2651.659 806.716 825.577
-2712.04 786.762 803.705
-2760.074 800.696 817.939
-2804.412 813.559 831.078
-2868.93 792.317 807.793
-2913.583 804.649 820.365
-2958.236 816.98 832.939
-2985.634 783.532 797.126
-2959.412 776.65 790.124
-2948.173 773.701 787.123
-2959.442 736.53 747.547
-2959.442 736.53 747.547
-2973.508 700.208 708.838
-2969.716 699.315 707.934
-2962.13 697.529 706.125
-2975.182 661.22 667.443
-2975.182 661.22 667.443
-2963.739 658.677 664.876
-2971.946 621.593 625.427
-2968.112 620.791 624.619
-2964.276 619.989 623.812
-2975.315 583.747 585.223
-2971.461 582.991 584.466
-2967.607 582.234 583.707
-2969.92 544.579 543.719
-2958.304 542.449 541.592
-2963.446 505.707 502.542
-2947.891 503.053 499.904
-2944.001 502.389 499.243
-2952.002 466.529 461.096
-2940.288 464.678 459.266
-2940.288 464.678 459.266
-2943.396 428.339 420.666
-2939.477 427.769 420.105
-2935.557 427.199 419.545
-2921.956 388.917 379.076
-2906.226 386.823 377.035
-2906.226 386.823 377.035
-2911.256 351.557 339.551
-2903.367 350.604 338.631
-2899.423 350.128 338.171
-2899.555 314.561 300.425
-2887.688 313.274 299.195
-2887.688 313.274 299.195
-2890.833 278.325 262.069
-2886.867 277.943 261.71
-2893.077 243.386 224.965
-2893.077 243.386 224.965
-2893.077 243.386 224.965
-2898.408 208.754 188.15
-2898.408 208.754 188.15
-2894.426 208.467 187.892
-2898.867 173.82 151.071
-2894.879 173.581 150.863
-2890.892 173.342 150.656
-2894.44 138.737 113.891
-2890.447 138.545 113.734
-2890.447 138.545 113.734
-2893.11 103.946 76.985
-2893.11 103.946 76.985
-2893.11 103.946 76.985
-2890.892 69.219 40.157
-2886.894 69.123 40.101
-2882.896 69.028 40.045
-2883.792 34.519 3.413
-2883.792 34.519 3.413
-2887.977 0.0 -11.593
-2887.977 0.0 -11.593
-2907.977 0.0 -11.673
-2931.387 -36.84 -47.282
-2935.387 -36.89 -47.346
-2931.387 -36.84 -47.282
-2929.905 -73.669 -82.779
-2929.905 -73.669 -82.779
-2929.905 -73.669 -82.779
-2927.531 -110.475 -118.251
-2923.537 -110.324 -118.09
-2927.531 -110.475 -118.251
-2924.265 -147.248 -153.687
-2928.254 -147.448 -153.897
-2928.254 -147.448 -153.897
-2924.092 -184.226 -189.335
-2924.092 -184.226 -189.335
-2923.014 -221.249 -225.021
-2926.991 -221.55 -225.326
-2926.991 -221.55 -225.326
-2921.033 -258.305 -260.735
-2921.033 -258.305 -260.735
-2921.033 -258.305 -260.735
-2918.143 -295.381 -296.465
-2922.103 -295.782 -296.867
-2926.062 -296.183 -297.269
-2918.295 -332.918 -332.651
-2922.243 -333.368 -333.101
-2922.243 -333.368 -333.101
-2917.513 -370.551 -368.928
-2917.513 -370.551 -368.928
-2921.45 -371.051 -369.425
-2915.793 -408.27 -405.282
-2919.716 -408.819 -405.827
-2905.31 -444.864 -440.517
-2909.22 -445.463 -441.11
-2414.864 -401.642 -396.882
-2266.857 -377.026 -372.557
-2226.234 -399.896 -394.441
-2206.841 -396.412 -391.005
-2206.841 -396.412 -391.005
-2200.649 -424.845 -418.389
-2200.649 -424.845 -418.389
-2220.644 -458.802 -451.205
-2438.392 -537.175 -527.632
-2364.068 -553.519 -543.088
-2375.47 -556.189 -545.708
-2898.045 -719.113 -704.866
-2905.602 -720.988 -706.704
-2916.937 -723.801 -709.462
-2906.314 -762.346 -746.578
-2910.07 -763.331 -747.542
-2913.825 -764.316 -748.507
-2890.981 -799.817 -782.638
-2894.712 -800.849 -783.647
-2902.172 -802.913 -785.667
-2889.534 -841.453 -822.77
-2889.534 -841.453 -822.77
-2896.943 -843.61 -824.88
-2883.266 -882.173 -861.999
-2890.621 -884.424 -864.199
-2901.654 -887.799 -867.497
-2886.849 -926.509 -904.754
-2894.148 -928.851 -907.041
-2874.671 -966.337 -943.099
-2889.152 -971.205 -947.85
-2903.634 -976.073 -952.602
-2879.39 -1012.456 -987.578
-2886.571 -1014.981 -990.04
-2908.113 -1022.555 -997.429
-2889.858 -1061.604 -1034.999
-2896.975 -1064.219 -1037.549
-2904.093 -1066.834 -1040.098
-2884.702 -1105.917 -1077.697
-2891.755 -1108.62 -1080.331
-2898.808 -1111.324 -1082.966
-2874.778 -1149.029 -1119.217
-2881.764 -1151.821 -1121.937
-2892.243 -1156.009 -1126.016
-2874.014 -1196.55 -1165.024
-2884.391 -1200.869 -1169.231
-2894.766 -1205.189 -1173.437
-2875.238 -1245.886 -1212.591
-2882.083 -1248.853 -1215.478
-2858.003 -1287.988 -1253.108
-2864.776 -1291.04 -1256.078
-2874.934 -1295.619 -1260.532
-2852.995 -1336.313 -1299.673
-2866.389 -1342.587 -1305.775
-2876.435 -1347.292 -1310.351
-2856.437 -1389.736 -1351.187
-2859.747 -1391.346 -1352.754
-2843.197 -1383.294 -1344.925
-2789.472 -1408.965 -1369.456
-2769.851 -1399.054 -1359.823
-2756.77 -1392.447 -1353.401
-2709.543 -1420.17 -1379.937
-2690.167 -1410.014 -1370.069
-2667.56 -1398.165 -1358.555
-2604.441 -1415.94 -1375.437
-2578.938 -1402.075 -1361.969
-2528.706 -1425.469 -1384.319
-2512.98 -1416.604 -1375.711
-2497.254 -1407.739 -1367.102
-2450.221 -1431.722 -1390.032
-2428.51 -1419.036 -1377.716
-2400.596 -1402.725 -1361.88
-2350.825 -1423.487 -1381.695
-2338.597 -1416.083 -1374.508
-2323.312 -1406.827 -1365.524
-2276.696 -1428.317 -1386.052
-2270.673 -1424.538 -1382.386
-2252.604 -1413.202 -1371.386
-2197.138 -1427.871 -1385.304
-2179.348 -1416.309 -1374.087
-2135.823 -1437.653 -1394.488
-2127.069 -1431.761 -1388.773
-2109.563 -1419.977 -1377.342
-2060.369 -1436.334 -1392.913
-2051.76 -1430.333 -1387.093
-2040.281 -1422.331 -1379.333
-1991.291 -1437.638 -1393.893
-1982.828 -1431.529 -1387.97
-1971.547 -1423.384 -1380.072
-1920.022 -1435.579 -1391.622
-1911.71 -1429.364 -1385.598
-1900.628 -1421.078 -1377.566
-1854.919 -1436.387 -1392.14
-1844.039 -1427.963 -1383.976
-1801.048 -1444.565 -1399.807
-1790.376 -1436.004 -1391.511
-1779.702 -1427.444 -1383.216
-1736.894 -1443.137 -1398.174
-1723.816 -1432.27 -1387.645
-1715.968 -1425.75 -1381.328
-1673.373 -1440.545 -1395.42
-1663.123 -1431.721 -1386.871
-1652.872 -1422.897 -1378.324
-1613.03 -1439.042 -1393.727
-1605.504 -1432.327 -1387.225
-1595.47 -1423.375 -1378.555
-1550.829 -1434.198 -1388.809
-1541.015 -1425.12 -1380.018
-1533.653 -1418.312 -1373.426
-1496.564 -1435.136 -1389.495
-1489.37 -1428.236 -1382.815
-1445.08 -1437.482 -1391.55
-1440.396 -1432.823 -1387.04
-1433.369 -1425.834 -1380.274
-1391.661 -1436.619 -1390.504
-1387.092 -1431.901 -1385.937
-1380.236 -1424.824 -1379.088
-1336.509 -1432.469 -1386.281
-1329.827 -1425.307 -1379.35
-1327.599 -1422.919 -1377.039
-1288.5 -1434.622 -1388.165
-1281.993 -1427.377 -1381.154
-1277.655 -1422.546 -1376.48
-1236.583 -1431.126 -1384.586
-1234.472 -1428.684 -1382.223
-1232.362 -1426.242 -1379.86
-1193.44 -1436.641 -1389.73
-1080.751 -1354.223 -1309.825
-1086.722 -1361.705 -1317.062
-1094.683 -1371.681 -1326.71
-1057.353 -1380.256 -1334.827
-1049.635 -1370.181 -1325.083
-1045.776 -1365.143 -1320.212
-1008.737 -1373.057 -1327.692
-1005.001 -1367.971 -1322.774
-1001.265 -1362.886 -1317.857
-966.22 -1372.759 -1327.234
-962.608 -1367.628 -1322.273
-958.996 -1362.496 -1317.311
-920.544 -1366.639 -1321.151
-913.57 -1356.286 -1311.143
-877.148 -1362.404 -1316.895
-873.787 -1357.184 -1311.849
-870.426 -1351.964 -1306.804
-835.861 -1360.13 -1314.536
-834.244 -1357.499 -1311.993
-831.011 -1352.238 -1306.908
-793.406 -1354.586 -1309.021
-791.854 -1351.936 -1306.46
-787.196 -1343.983 -1298.775
-752.226 -1349.73 -1304.174
-748.505 -1343.054 -1297.724
-747.017 -1340.384 -1295.144
-715.086 -1350.976 -1305.227
-712.951 -1346.943 -1301.33
-712.24 -1345.599 -1300.032
-678.12 -1351.702 -1305.779
-676.083 -1347.643 -1301.857
-640.695 -1350.553 -1304.52
-636.82 -1342.384 -1296.63
-634.883 -1338.3 -1292.685
-601.087 -1343.399 -1297.465
-598.637 -1337.922 -1292.174
-597.411 -1335.183 -1289.53
-563.766 -1339.797 -1293.843
-562.607 -1337.043 -1291.183
-562.028 -1335.666 -1289.854
-528.445 -1339.821 -1293.724
-527.899 -1338.437 -1292.388
-526.261 -1334.284 -1288.378
-493.298 -1339.368 -1293.146
-492.274 -1336.586 -1290.461
-490.737 -1332.414 -1286.432
-457.861 -1337.044 -1290.764
-456.904 -1334.25 -1288.067
-454.99 -1328.662 -1282.672
-420.912 -1328.629 -1282.503
-420.912 -1328.629 -1282.503
-388.21 -1332.371 -1285.98
-387.389 -1329.555 -1283.26
-386.978 -1328.146 -1281.902
-353.953 -1330.044 -1283.598
-353.2 -1327.217 -1280.87
-352.448 -1324.39 -1278.142
-319.589 -1325.845 -1279.413
-319.589 -1325.845 -1279.413
-319.247 -1324.427 -1278.045
-286.155 -1324.035 -1277.533
-285.232 -1319.768 -1273.416
-284.925 -1318.346 -1272.044
-253.182 -1323.215 -1276.611
-252.637 -1320.364 -1273.859
-220.34 -1321.972 -1275.281
-220.103 -1320.543 -1273.902
-219.15 -1314.826 -1268.387
-187.029 -1316.011 -1269.401
-187.232 -1317.443 -1270.782
-187.232 -1317.443 -1270.782
-154.921 -1316.79 -1270.023
-154.583 -1313.922 -1267.256
-154.415 -1312.487 -1265.873
-122.567 -1314.291 -1267.484
-122.567 -1314.291 -1267.484
-122.166 -1309.982 -1263.329
-90.286 -1309.943 -1263.163
-90.286 -1309.943 -1263.163
-90.286 -1309.943 -1263.163
-58.385 -1308.064 -1261.224
-58.32 -1306.625 -1259.835
-58.32 -1306.625 -1259.835
-26.576 -1304.343 -1257.508
-26.576 -1304.343 -1257.508
5.043 -1303.102 -1256.185
5.037 -1301.662 -1254.797
5.043 -1303.102 -1256.185
36.59 -1301.464 -1254.479
36.348 -1292.826 -1246.153
36.104 -1284.188 -1237.827
67.453 -1287.918 -1241.297
68.056 -1299.43 -1252.392
68.056 -1299.43 -1252.392
99.432 -1297.002 -1249.926
99.543 -1298.44 -1251.311
99.652 -1299.878 -1252.697
131.144 -1298.491 -1251.234
130.998 -1297.055 -1249.85
130.998 -1297.055 -1249.85
162.414 -1295.274 -1248.007
162.414 -1295.274 -1248.007
162.595 -1296.709 -1249.389
193.995 -1294.531 -1247.164
193.78 -1293.099 -1245.784
225.587 -1293.389 -1245.935
225.836 -1294.818 -1247.312
225.587 -1293.389 -1245.935
256.895 -1290.42 -1242.949
257.179 -1291.846 -1244.322
257.179 -1291.846 -1244.322
288.761 -1289.903 -1242.322
289.08 -1291.325 -1243.692
289.398 -1292.747 -1245.061
321.031 -1290.395 -1242.666
321.031 -1290.395 -1242.666
322.089 -1294.649 -1246.763
354.182 -1293.294 -1245.329
349.925 -1277.747 -1230.358
345.667 -1262.199 -1215.386
423.798 -1416.877 -1364.185
428.011 -1430.961 -1377.745
462.613 -1425.435 -1372.279
463.523 -1428.241 -1374.98
499.032 -1425.063 -1371.774
500.009 -1427.857 -1374.464
501.967 -1433.446 -1379.843
501.967 -1433.446 -1379.843
537.661 -1429.772 -1376.158
538.706 -1432.553 -1378.836
573.325 -1425.636 -1372.028
574.439 -1428.404 -1374.692
575.552 -1431.172 -1377.356
612.49 -1429.3 -1375.403
612.49 -1429.3 -1375.403
613.67 -1432.054 -1378.053
650.754 -1429.673 -1375.609
652.002 -1432.411 -1378.244
653.248 -1435.15 -1380.879
689.219 -1429.516 -1375.303
691.845 -1434.962 -1380.543
691.845 -1434.962 -1380.543
727.87 -1428.826 -1374.483
729.249 -1431.533 -1377.087
730.627 -1434.239 -1379.689
768.136 -1430.287 -1375.73
771.023 -1435.664 -1380.901
807.179 -1428.497 -1373.848
811.705 -1436.507 -1381.552
813.215 -1439.178 -1384.12
851.085 -1434.112 -1379.084
852.658 -1436.763 -1381.633
855.805 -1442.065 -1386.732
892.227 -1433.793 -1378.611
893.864 -1436.424 -1381.141
897.139 -1441.685 -1386.2
935.307 -1435.483 -1380.068
938.709 -1440.703 -1385.086
940.41 -1443.313 -1387.595
980.498 -1439.112 -1383.385
982.262 -1441.701 -1385.873
985.789 -1446.877 -1390.849
1024.317 -1439.473 -1383.556
1027.969 -1444.605 -1388.489
1033.446 -1452.302 -1395.888
1074.107 -1446.795 -1390.415
1079.771 -1454.423 -1397.746
1081.658 -1456.966 -1400.189
1120.657 -1448.261 -1391.642
1124.556 -1453.298 -1396.482
1161.569 -1441.512 -1384.971
1165.588 -1446.5 -1389.763
1167.598 -1448.994 -1392.159
1208.698 -1441.578 -1384.846
1214.906 -1448.984 -1391.96
1223.186 -1458.857 -1401.445
1266.821 -1453.106 -1395.725
1271.079 -1457.99 -1400.417
1275.338 -1462.874 -1405.108
1314.919 -1451.529 -1394.012
1321.482 -1458.774 -1400.971
1325.858 -1463.605 -1405.609
1365.563 -1451.569 -1393.847
1374.547 -1461.118 -1403.018
1381.286 -1468.281 -1409.895
1418.904 -1453.132 -1395.139
1425.814 -1460.209 -1401.935
1432.725 -1467.286 -1408.729
1475.086 -1456.121 -1397.796
1484.527 -1465.44 -1406.742
1486.887 -1467.77 -1408.979
1529.417 -1455.835 -1397.302
1539.082 -1465.034 -1406.132
1581.701 -1452.352 -1393.735
1591.587 -1461.429 -1402.445
1599.001 -1468.237 -1408.979
1636.797 -1450.232 -1391.47
1644.375 -1456.946 -1397.911
1651.953 -1463.66 -1404.353
1694.841 -1449.369 -1390.405
1707.74 -1460.4 -1400.987
1720.637 -1471.43 -1411.568
1766.491 -1458.351 -1398.776
1774.389 -1464.871 -1405.03
1782.288 -1471.392 -1411.284
1831.021 -1459.545 -1399.668
1844.446 -1470.246 -1409.929
1847.13 -1472.386 -1411.982
1890.66 -1455.343 -1395.378
1901.604 -1463.767 -1403.455
1915.285 -1474.298 -1413.552
1961.786 -1458.366 -1398.006
1972.933 -1466.652 -1405.949
1986.866 -1477.01 -1415.879
2039.288 -1464.11 -1403.232
2050.634 -1472.255 -1411.039
2094.566 -1452.338 -1391.662
2108.992 -1462.34 -1401.246
2126.302 -1474.343 -1412.748
2176.28 -1457.293 -1396.111
2190.945 -1467.113 -1405.519
2205.61 -1476.933 -1414.927
2252.889 -1456.775 -1395.304
2264.809 -1464.483 -1402.687
2279.709 -1474.117 -1411.915
2324.064 -1450.988 -1389.44
2339.195 -1460.435 -1398.486
2366.43 -1477.439 -1414.768
2426.339 -1462.36 -1399.992
2444.768 -1473.467 -1410.624
2460.124 -1482.722 -1419.486
2511.151 -1460.719 -1398.069
2532.96 -1473.405 -1410.211
2551.653 -1484.279 -1420.618
2609.234 -1464.474 -1401.296
2634.505 -1478.658 -1414.868
2653.458 -1489.296 -1425.047
2714.637 -1469.666 -1405.877
3049.922 -1478.305 -1412.86
3079.823 -1492.798 -1426.711
3138.917 -1464.925 -1399.604
3728.1 -1485.5 -1417.073
3777.154 -1505.046 -1435.719
163.805 -65.27 -62.263
3819.2 -1521.8 -1451.701
3904.841 -1492.582 -1423.19
165.354 -63.205 -60.267
3975.581 -1519.621 -1448.974
4090.139 -1498.274 -1427.934
156.409 -50.074 -47.644
156.409 -50.074 -47.644
156.409 -50.074 -47.644
158.513 -48.384 -46.007
161.51 -46.927 -44.59
1629.639 427.466 418.623
1613.354 446.349 436.763
1609.624 445.317 435.753
1607.759 444.801 435.247
1594.801 464.417 454.106
1591.096 463.338 453.051
1572.189 481.032 470.032
1568.511 479.907 468.932
1570.35 480.469 469.482
1563.862 501.908 490.123
1567.512 503.079 491.266
1572.986 504.836 492.982
1564.053 525.765 513.123
1565.862 526.374 513.716
1569.484 527.591 514.903
1558.173 547.888 534.425
1561.764 549.15 535.657
1567.149 551.044 537.503
1560.594 573.292 558.925
1565.932 575.253 560.837
1571.272 577.214 562.749
1558.726 597.573 582.325
1560.489 598.249 582.984
1567.543 600.953 585.618
1557.9 622.681 606.526
1563.139 624.776 608.566
1568.379 626.87 610.606
1552.868 646.511 629.478
1561.514 650.111 632.982
1553.998 673.372 655.376
1559.132 675.597 657.542
1564.266 677.821 659.707
1550.907 698.932 680.004
1554.293 700.458 681.489
1559.373 702.747 683.716
1548.721 725.405 705.516
1560.441 730.894 710.855
1568.813 734.815 714.668
1552.339 755.256 734.307
1545.719 752.035 731.176
1553.995 756.061 735.09
1536.989 776.335 754.565
1520.638 768.076 746.538
1509.193 762.294 740.919
1477.492 774.407 752.469
1462.96 766.79 745.068
1453.272 761.712 740.133
1421.763 772.961 750.85
1409.012 766.029 744.117
1380.724 778.334 755.866
1368.143 771.243 748.979
1357.136 765.037 742.953
1330.563 777.479 754.84
1321.259 772.042 749.562
1308.852 764.793 742.523
1280.878 775.606 752.835
1271.708 770.053 747.445
1259.48 762.649 740.258
1233.21 773.671 750.778
1228.693 770.837 748.028
1200.865 780.415 757.15
1189.004 772.707 749.672
1180.11 766.926 744.063
1153.987 776.765 753.442
1146.692 771.855 748.68
1140.856 767.927 744.87
1113.402 776.181 752.717
1106.229 771.179 747.867
1097.62 765.178 742.046
1073.21 774.817 751.241
1068.979 771.763 748.279
1060.518 765.654 742.356
1036.203 774.757 751.035
1032.047 771.65 748.022
1025.12 766.471 743.002
999.535 774.006 750.163
995.455 770.847 747.102
972.565 780.065 755.895
965.895 774.715 750.711
960.559 770.434 746.564
933.842 775.904 751.729
931.226 773.73 749.623
927.303 770.47 746.464
900.751 775.424 751.133
896.908 772.115 747.927
894.345 769.909 745.791
870.485 776.59 752.136
864.212 770.995 746.717
861.704 768.757 744.55
837.988 774.966 750.44
834.308 771.562 747.144
810.639 777.365 752.643
807.042 773.915 749.303
803.444 770.465 745.963
781.093 776.986 752.159
778.75 774.656 749.904
774.066 769.997 745.393
751.818 776.104 751.192
749.532 773.745 748.909
746.104 770.207 745.483
723.943 775.921 750.902
720.601 772.34 747.437
719.487 771.146 746.281
697.396 776.483 751.339
694.142 772.861 747.832
673.157 779.06 753.725
669.991 775.397 750.181
668.937 774.176 748.999
646.959 778.798 753.367
643.883 775.095 749.786
641.833 772.627 747.397
620.984 778.117 752.607
617.998 774.376 748.989
617.003 773.129 747.782
596.208 778.283 752.667
594.278 775.764 750.232
592.349 773.245 747.796
571.617 778.065 752.359
568.815 774.251 748.67
567.881 772.98 747.442
548.126 778.752 752.926
546.321 776.186 750.446
525.652 780.382 754.407
523.908 777.794 751.905
523.036 776.5 750.654
503.268 781.686 755.574
501.587 779.076 753.052
500.747 777.771 751.79
480.175 781.351 755.16
478.559 778.721 752.616
476.942 776.09 750.074
456.48 779.351 753.135
455.704 778.026 751.855
455.704 778.026 751.855
435.264 781.001 754.641
434.52 779.666 753.351
414.109 782.356 755.862
413.398 781.012 754.564
412.687 779.668 753.265
393.024 783.419 756.803
392.345 782.066 755.496
391.667 780.713 754.188
371.371 782.83 756.148
371.371 782.83 756.148
370.079 780.107 753.519
350.481 783.307 756.524
349.868 781.938 755.202
349.256 780.568 753.879
329.105 782.122 755.295
329.105 782.122 755.295
329.684 783.499 756.626
310.079 786.176 759.127
309.534 784.792 757.791
308.441 782.024 755.118
289.423 785.818 758.699
288.91 784.427 757.357
268.879 785.182 758.003
268.401 783.785 756.655
267.923 782.387 755.306
248.903 785.673 758.396
248.903 785.673 758.396
248.458 784.27 757.042
228.986 785.902 758.537
228.576 784.493 757.179
228.576 784.493 757.179
209.513 787.284 759.792
209.137 785.871 758.428
208.761 784.457 757.064
189.36 785.581 758.069
189.019 784.163 756.701
188.677 782.745 755.332
169.665 785.035 757.463
169.357 783.612 756.091
150.327 785.659 757.988
150.327 785.659 757.988
150.054 784.233 756.612
131.013 786.037 758.275
130.776 784.608 756.896
130.776 784.608 756.896
111.729 786.17 758.326
111.729 786.17 758.326
111.525 784.738 756.944
92.48 786.058 758.14
92.48 786.058 758.14
92.48 786.058 758.14
73.406 787.138 759.105
73.273 785.702 757.72
73.273 785.702 757.72
54.112 785.103 757.066
54.112 785.103 757.066
54.112 785.103 757.066
35.069 785.702 757.566
35.069 785.702 757.566
35.069 785.702 757.566
16.016 786.061 757.836
16.045 787.501 759.225
-3.042 786.181 757.875
-3.042 786.181 757.875
-3.042 786.181 757.875
-22.1 786.061 757.683
-22.14 787.501 759.071
-22.14 787.501 759.071
-41.075 784.263 755.873
-41.15 785.702 757.26
-41.226 787.141 758.648
-60.409 787.979 759.379
-60.409 787.979 759.379
-60.409 787.979 759.379
-79.498 787.138 758.491
-79.498 787.138 758.491
-79.789 790.011 761.26
-98.923 788.927 760.137
-98.923 788.927 760.137
-98.923 788.927 760.137
-118.242 789.034 760.163
-118.242 789.034 760.163
-137.346 787.466 758.576
-137.346 787.466 758.576
-137.596 788.896 759.952
-156.692 787.085 758.13
-156.692 787.085 758.13
-156.975 788.511 759.503
-176.376 787.879 758.816
-176.695 789.301 760.186
-177.013 790.723 761.556
-196.499 789.835 760.621
-196.499 789.835 760.621
-196.851 791.253 761.987
-216.38 790.111 760.808
-216.767 791.524 762.169
-217.155 792.938 763.529
-236.333 790.127 760.743
-236.754 791.536 762.099
-237.176 792.944 763.455
-256.35 789.882 760.426
-256.35 789.882 760.426
-256.805 791.285 761.776
-276.424 789.373 759.855
-276.914 790.77 761.2
-277.402 792.167 762.545
-297.073 789.991 760.368
-298.119 792.772 763.044
-317.834 790.328 760.609
-318.39 791.712 761.942
-318.947 793.096 763.274
-338.699 790.384 760.58
-339.288 791.761 761.904
-339.879 793.138 763.23
-360.284 791.524 761.592
-360.907 792.893 762.909
-362.154 795.632 765.544
-382.024 792.36 762.311
-382.024 792.36 762.311
-383.338 795.083 764.93
-403.224 791.537 761.432
-403.913 792.89 762.734
-404.602 794.244 764.036
-425.218 791.766 761.564
-425.94 793.11 762.857
-427.384 795.799 765.444
-447.343 791.681 761.394
-448.098 793.016 762.678
-449.607 795.686 765.246
-470.377 792.605 762.193
-471.165 793.931 763.467
-491.952 790.559 760.133
-493.589 793.19 762.663
-495.227 795.821 765.192
-516.12 792.126 761.546
-517.82 794.736 764.055
-518.67 796.041 765.31
-538.746 790.735 760.115
-540.509 793.324 762.603
-543.154 797.206 766.336
-564.196 792.865 762.066
-566.022 795.431 764.532
-567.847 797.997 766.999
-588.966 793.322 762.407
-591.797 797.136 766.073
-594.629 800.95 769.737
-614.9 794.655 763.588
-617.824 798.433 767.218
-619.773 800.951 769.638
-641.074 795.575 764.37
-643.083 798.069 766.766
-646.098 801.81 770.361
-668.509 797.311 765.934
-671.613 801.014 769.49
-673.684 803.482 771.862
-696.219 798.598 767.062
-699.413 802.261 770.581
-722.002 797.012 765.431
-725.283 800.635 768.91
-729.659 805.466 773.549
-751.284 798.601 766.845
-753.531 800.989 769.137
-758.022 805.764 773.722
-782.01 800.874 768.912
-785.465 804.412 772.309
-788.92 807.951 775.706
-810.707 800.284 768.229
-815.427 804.944 772.702
-820.148 809.603 777.174
-843.233 802.664 770.392
-846.858 806.114 773.704
-852.898 811.864 779.223
-877.349 805.601 773.087
-881.057 809.005 776.353
-886.0 813.544 780.709
-911.858 807.922 775.186
-919.435 814.636 781.627
-923.224 817.993 784.849
-948.028 810.72 777.738
-953.187 815.132 781.971
-959.636 820.648 787.261
-984.602 812.852 779.646
-991.184 818.285 784.857
-996.448 822.632 789.026
-1020.218 813.236 779.874
-1024.244 816.447 782.953
-1050.67 808.758 775.434
-1058.879 815.076 781.492
-1062.983 818.235 784.521
-1089.572 809.973 776.449
-1097.932 816.188 782.407
-1106.291 822.402 788.364
-1133.096 813.507 779.682
-1140.187 818.598 784.561
-1148.695 824.707 790.416
-1175.669 815.19 781.133
-1182.881 820.191 785.925
-1190.095 825.192 790.717
-1218.658 816.045 781.784
-1230.39 823.901 789.311
-1237.722 828.811 794.015
-1265.015 817.991 783.474
-1275.445 824.735 789.934
-1285.875 831.479 796.394
-1313.338 819.959 785.178
-1323.93 826.572 791.511
-1334.521 833.185 797.842
-1365.2 822.809 787.717
-1377.486 830.213 794.806
-1388.235 836.692 801.008
-1419.143 825.505 790.1
-1433.164 833.661 797.905
-1444.068 840.004 803.977
-1473.617 827.091 791.41
-1484.673 833.297 797.348
-1497.308 840.388 804.134
-1531.785 829.287 793.292
-1544.591 836.219 799.924
-1582.385 826.035 789.954
-1595.355 832.805 796.43
-1609.947 840.423 803.714
-1644.77 827.54 791.155
-1659.543 834.973 798.262
-1675.958 843.231 806.157
-1711.013 829.332 792.618
-1730.947 838.995 801.852
-1747.559 847.046 809.547
-1784.545 832.843 795.707
-1801.349 840.685 803.198
-1818.152 848.527 810.691
-1862.142 836.277 798.705
-1885.929 846.959 808.908
-1906.318 856.115 817.652
-1950.728 842.456 804.307
-1974.769 852.839 814.219
-1998.809 863.221 824.131
-2043.621 848.096 809.371
-2067.909 858.175 818.99
-2092.196 868.255 828.609
-2140.855 853.045 813.752
-2165.381 862.819 823.074
-2186.405 871.195 831.066
-2235.381 854.449 814.725
-2267.213 866.617 826.328
-2316.318 848.499 808.664
-2352.008 861.573 821.124
-2384.129 873.339 832.338
-2437.222 854.654 814.113
-2466.023 864.753 823.733
-2494.822 874.853 833.353
-2559.088 858.019 816.868
-2602.647 872.624 830.772
-2635.316 883.577 841.2
-2696.451 863.258 821.366
-2736.696 876.142 833.625
-2784.259 891.369 848.113
-2853.23 870.921 828.124
-2893.78 883.298 839.893
-2926.957 893.425 849.522
-2977.73 865.186 822.096
-2988.869 868.422 825.171
-2974.017 864.107 821.071
-2986.89 824.585 782.919
-2971.937 820.457 779.0
-2956.983 816.329 775.081
-2968.653 777.121 737.236
-2961.128 775.151 735.367
-2949.84 772.196 732.565
-2960.395 733.176 694.907
-2956.61 732.239 694.018
-2969.958 694.123 657.221
-2969.958 694.123 657.221
-2962.343 692.344 655.536
-2967.046 652.524 617.131
-2967.046 652.524 617.131
-2963.218 651.682 616.334
-2970.723 612.795 578.816
-2966.875 612.001 578.066
-2963.027 611.207 577.316
-2965.648 571.678 539.2
-2957.916 570.187 537.794
-2965.648 571.678 539.2
-2963.376 531.569 500.542
-2947.841 528.782 497.919
-2948.366 489.745 460.284
-2936.667 487.801 458.457
-2932.767 487.153 457.849
-2943.987 450.253 422.231
-2936.157 449.055 421.108
-2912.667 445.463 417.739
-2907.166 406.621 380.318
-2903.238 406.072 379.804
-2899.309 405.523 379.29
-2904.616 368.551 343.627
-2900.675 368.051 343.161
-2892.793 367.051 342.228
-2897.157 330.215 306.701
-2889.252 329.314 305.863
-2889.252 329.314 305.863
-2888.729 292.175 270.063
-2888.729 292.175 270.063
-2895.232 255.848 235.018
-2891.259 255.497 234.696
-2891.259 255.497 234.696
-2896.873 219.142 199.627
-2896.873 219.142 199.627
-2892.894 218.841 199.353
-2893.631 182.218 164.045
-2889.646 181.967 163.819
-2885.66 181.716 163.593
-2893.476 145.641 128.784
-2893.476 145.641 128.784
-2889.485 145.44 128.606
-2892.43 109.119 93.581
-2892.43 109.119 93.581
-2888.435 108.968 93.451
-2890.496 72.664 58.445
-2886.499 72.563 58.364
-2887.677 36.287 23.389
-2887.677 36.287 23.389
-2883.678 36.237 23.356
-2888.0 0.0 -0.504
-2892.0 0.0 -0.505
-2908.0 0.0 -0.508
-2931.553 51.165 0.211
-2939.552 51.305 0.212
-2931.553 51.165 0.211
-2926.216 102.176 0.934
-2930.214 102.315 0.936
-2926.216 102.176 0.934
-2923.987 153.224 1.656
-2927.982 153.434 1.658
-2931.976 153.643 1.66
-2924.858 204.506 2.381
-2924.858 204.506 2.381
-2928.848 204.785 2.384
-2924.829 255.864 3.107
-2924.829 255.864 3.107
-2928.813 256.212 3.111
-2923.895 307.283 3.834
-2911.961 306.029 3.819
-2906.176 356.798 4.537
-2922.057 358.747 4.562
-2926.027 359.235 4.568
-2919.311 410.241 5.29
-2919.311 410.241 5.29
-2923.272 410.798 5.298
-2919.608 462.374 6.027
-2923.558 463.0 6.036
-2927.509 463.625 6.044
-2915.032 513.947 6.757
-2918.971 514.642 6.767
-2922.91 515.336 6.776
-2913.47 566.265 7.498
-2917.397 567.028 7.508
-2917.397 567.028 7.508
-2421.894 514.738 6.854
-2260.54 521.834 6.983
-2244.95 518.235 6.935
-2216.156 552.494 7.424
-2208.394 550.559 7.399
-2208.394 550.559 7.399
-2202.312 590.048 7.958
-2202.312 590.048 7.958
-2372.396 680.205 9.203
-2341.635 671.386 9.083
-2907.168 888.721 12.058
-2895.018 940.554 12.793
-2902.626 943.026 12.826
-2921.648 949.205 12.91
-2908.417 1001.348 13.649
-2897.071 997.441 13.596
-2886.739 1050.581 14.349
-2909.291 1058.789 14.461
-2916.809 1061.524 14.499
-2894.102 1110.83 15.2
-2897.837 1112.263 15.219
-2905.305 1115.13 15.259
-2892.817 1168.656 16.018
-2892.817 1168.656 16.018
-2896.525 1170.154 16.038
-2886.706 1225.21 16.818
-2890.388 1226.773 16.84
-2894.07 1228.336 16.861
-2875.844 1280.279 17.599
-2879.498 1281.906 17.621
-2894.115 1288.413 17.711
-2885.687 1345.482 18.519
-2900.188 1352.243 18.612
-2903.813 1353.934 18.635
-2890.525 1409.661 19.426
-2897.715 1413.167 19.474
-2865.481 1459.888 20.14
-2883.301 1468.966 20.265
-2904.685 1479.861 20.415
-2885.477 1534.08 21.185
-2896.072 1539.713 21.264
-2899.604 1541.591 21.289
-2879.252 1595.834 22.059
-2882.751 1597.773 22.086
-2896.744 1605.529 22.193
-2868.28 1655.835 22.909
-2878.672 1661.834 22.993
-2899.457 1673.833 23.159
-2880.086 1730.355 23.961
-2893.801 1738.595 24.075
-2900.658 1742.715 24.133
-2869.799 1793.068 24.85
-2879.975 1799.426 24.937
-2893.544 1807.904 25.055
-2878.322 1869.014 25.922
-2878.322 1869.014 25.922
-2851.894 1923.431 26.696
-2871.791 1936.851 26.882
-2871.791 1936.851 26.882
-2840.824 1988.964 27.624
-2870.314 2009.611 27.911
-2886.697 2021.081 28.07
-2828.328 2054.692 28.555
-2792.732 2028.832 28.197
-2773.315 2014.726 28.0
-2724.949 2053.188 28.552
-2705.782 2038.746 28.352
-2686.615 2024.303 28.151
-2638.265 2061.029 28.679
-2619.353 2046.254 28.473
-2594.136 2026.555 28.199
-2533.501 2051.379 28.561
-2517.958 2038.794 28.386
-2469.732 2072.14 28.865
-2454.411 2059.286 28.686
-2442.155 2049.002 28.543
-2393.944 2080.811 29.001
-2381.868 2070.315 28.854
-2363.755 2054.572 28.635
-2303.754 2074.098 28.922
-2288.891 2060.716 28.736
-2277.001 2050.011 28.586
-2232.096 2081.251 29.035
-2220.395 2070.34 28.883
-2211.619 2062.157 28.769
-2160.902 2086.545 29.123
-2149.392 2075.432 28.968
-2093.041 2092.827 29.224
-2078.899 2078.686 29.026
-2067.585 2067.374 28.868
-2017.293 2088.754 29.179
-2003.4 2074.369 28.978
-1995.064 2065.737 28.858
-1950.52 2091.463 29.229
-1939.608 2079.762 29.065
-1931.424 2070.987 28.943
-1881.6 2089.514 29.214
-1868.218 2074.653 29.006
-1857.512 2062.764 28.84
-1813.352 2085.809 29.173
-1802.855 2073.735 29.004
-1792.358 2061.661 28.835
-1745.816 2080.369 29.107
-1738.103 2071.177 28.98
-1694.135 2091.868 29.279
-1681.549 2076.327 29.062
-1673.997 2067.002 28.931
-1632.739 2089.596 29.258
-1622.889 2076.989 29.082
-1613.038 2064.382 28.904
-1473.248 1954.864 27.381
-1466.026 1945.282 27.247
-1434.201 1973.804 27.656
-1447.712 2067.333 28.975
-1443.123 2060.781 28.884
-1400.224 2075.703 29.103
-1397.987 2072.387 29.056
-1395.75 2069.071 29.009
-1350.71 2079.695 29.167
-1344.174 2069.632 29.026
-1303.606 2085.99 29.264
-1083.644 1803.3 25.306
-1102.186 1834.155 25.739
-1060.005 1835.79 25.77
-1054.004 1825.399 25.624
-1046.004 1811.544 25.429
-1012.286 1826.023 25.64
-1008.408 1819.027 25.542
-972.749 1829.285 25.693
-967.115 1818.69 25.544
-963.36 1811.627 25.445
-927.961 1821.035 25.584
-924.329 1813.908 25.484
-923.421 1812.126 25.459
-888.144 1820.775 25.587
-883.76 1811.788 25.461
-880.253 1804.598 25.36
-846.086 1814.247 25.502
-844.395 1810.622 25.452
-841.014 1803.372 25.349
-804.529 1806.812 25.405
-801.275 1799.505 25.302
-798.835 1794.024 25.225
-764.274 1800.328 25.32
-763.493 1798.487 25.294
-730.487 1807.828 25.432
-726.741 1798.557 25.301
-722.995 1789.286 25.171
-690.937 1799.763 25.324
-691.654 1801.63 25.351
-688.787 1794.162 25.246
-654.631 1798.392 25.312
-652.578 1792.754 25.232
-651.21 1788.996 25.179
-618.583 1796.306 25.288
-615.328 1786.852 25.156
-614.026 1783.07 25.102
-581.574 1789.71 25.201
-580.338 1785.906 25.148
-548.493 1793.848 25.266
-547.324 1790.024 25.212
-544.985 1782.374 25.104
-512.689 1787.768 25.187
-512.138 1785.846 25.159
-509.933 1778.156 25.051
-477.784 1782.921 25.124
-477.266 1780.989 25.097
-475.713 1775.194 25.015
-444.173 1781.285 25.106
-443.205 1777.404 25.052
-442.721 1775.464 25.025
-410.765 1779.022 25.08
-410.315 1777.073 25.052
-409.865 1775.125 25.025
-378.403 1780.051 25.101
-377.156 1774.182 25.018
-375.493 1766.358 24.907
-344.605 1772.642 25.002
-343.842 1768.715 24.946
-312.918 1774.446 25.032
-312.918 1774.446 25.032
-312.223 1770.507 24.978
-280.647 1771.736 25.0
-280.022 1767.785 24.944
-279.709 1765.81 24.916
-248.567 1768.442 24.959
-248.289 1766.462 24.931
-247.732 1762.501 24.875
-216.2 1760.601 24.854
-215.469 1754.646 24.769
-215.225 1752.661 24.741
-184.392 1754.161 24.769
-184.392 1754.161 24.769
-184.392 1754.161 24.769
-153.572 1755.12 24.787
-153.224 1751.135 24.731
-122.496 1751.547 24.743
-122.357 1749.552 24.714
-122.217 1747.558 24.686
-91.592 1747.427 24.689
-91.592 1747.427 24.689
-91.487 1745.43 24.661
-61.078 1748.759 24.713
-61.078 1748.759 24.713
-61.008 1746.761 24.685
-30.511 1747.559 24.702
-30.476 1745.56 24.674
-30.476 1745.56 24.674
-0.004 1743.826 24.654
-0.004 1743.826 24.654
-0.004 1743.826 24.654
30.398 1741.561 24.627
30.398 1741.561 24.627
30.433 1743.56 24.656
60.861 1742.763 24.65
60.791 1740.765 24.622
91.061 1737.442 24.58
91.165 1739.439 24.608
91.165 1739.439 24.608
121.651 1739.578 24.615
121.651 1739.578 24.615
121.372 1735.588 24.559
151.647 1733.206 24.53
151.821 1735.198 24.558
151.821 1735.198 24.558
182.085 1732.284 24.523
182.294 1734.273 24.551
182.503 1736.262 24.579
212.536 1730.828 24.508
212.78 1732.812 24.536
212.78 1732.812 24.536
242.992 1728.835 24.484
242.992 1728.835 24.484
242.992 1728.835 24.484
273.443 1726.307 24.455
274.069 1730.257 24.511
304.228 1725.211 24.444
304.575 1727.18 24.472
304.575 1727.18 24.472
335.057 1723.565 24.426
335.82 1727.491 24.482
332.385 1709.824 24.232
358.02 1684.202 23.873
480.49 2081.046 29.506
482.29 2088.841 29.616
518.676 2080.106 29.5
519.643 2083.987 29.555
519.643 2083.987 29.555
556.974 2078.465 29.483
560.079 2090.055 29.647
560.079 2090.055 29.647
596.474 2079.962 29.511
598.679 2087.652 29.619
598.679 2087.652 29.619
636.196 2080.711 29.528
637.365 2084.536 29.582
638.535 2088.361 29.636
676.124 2080.704 29.535
678.596 2088.311 29.643
679.832 2092.115 29.698
717.547 2083.715 29.585
720.152 2091.278 29.693
760.648 2089.668 29.677
762.016 2093.426 29.73
764.752 2100.943 29.836
802.739 2091.011 29.703
805.606 2098.479 29.81
805.606 2098.479 29.81
845.107 2091.518 29.717
848.104 2098.934 29.823
851.101 2106.351 29.929
889.299 2094.86 29.772
892.425 2102.223 29.877
897.114 2113.268 30.035
935.489 2100.945 29.866
938.743 2108.252 29.971
941.997 2115.56 30.074
980.469 2102.424 29.895
983.85 2109.674 29.999
985.541 2113.299 30.05
1025.783 2102.968 29.911
1032.797 2117.347 30.115
1038.058 2128.132 30.269
1078.676 2116.82 30.116
1082.308 2123.947 30.218
1122.971 2111.8 30.053
1124.849 2115.331 30.103
1128.605 2122.394 30.204
1169.356 2109.372 30.027
1173.234 2116.368 30.126
1179.052 2126.863 30.276
1219.995 2112.891 30.085
1225.995 2123.282 30.233
1229.995 2130.21 30.332
1271.109 2115.278 30.128
1277.289 2125.562 30.274
1285.53 2139.276 30.469
1331.152 2130.084 30.347
1333.272 2133.476 30.396
1337.511 2140.26 30.492
1381.2 2126.656 30.308
1385.557 2133.365 30.404
1392.092 2143.428 30.547
1438.239 2132.072 30.394
1444.949 2142.019 30.536
1447.186 2145.335 30.584
1491.294 2129.582 30.368
1498.177 2139.411 30.508
1537.641 2116.177 30.187
1544.695 2125.884 30.326
1554.099 2138.827 30.51
1600.823 2124.158 30.311
1608.045 2133.741 30.448
1617.674 2146.518 30.63
1662.281 2127.416 30.368
1667.206 2133.72 30.458
1672.132 2140.023 30.548
1716.781 2119.842 30.271
1729.367 2135.384 30.492
1739.437 2147.817 30.67
1789.516 2132.455 30.461
1797.229 2141.646 30.593
1807.514 2153.902 30.767
1855.33 2134.105 30.496
1863.203 2143.161 30.625
1873.7 2155.235 30.798
1921.738 2134.099 30.507
1932.444 2145.988 30.677
1943.15 2157.877 30.847
1994.158 2138.265 30.579
2010.526 2155.815 30.83
2056.184 2129.033 30.46
2067.298 2140.541 30.624
2083.97 2157.804 30.871
2135.457 2135.249 30.561
2146.771 2146.562 30.723
2158.085 2157.874 30.885
2206.93 2130.999 30.513
2224.194 2147.669 30.752
2238.58 2161.561 30.951
2290.595 2135.805 30.596
2311.073 2154.899 30.869
2322.774 2165.81 31.025
2372.113 2135.651 30.608
2392.921 2154.385 30.877
2413.729 2173.119 31.145
2469.405 2146.411 30.777
2487.518 2162.154 31.003
2514.687 2185.77 31.342
2573.904 2159.551 30.981
2586.161 2169.834 31.128
2604.546 2185.259 31.35
2660.943 2154.578 30.926
2679.594 2169.68 31.143
2745.424 2144.75 30.802
2764.337 2159.525 31.014
2786.401 2176.761 31.261
2846.332 2144.654 30.818
2871.888 2163.911 31.095
2900.639 2185.574 31.406
2964.233 2153.43 30.962
2986.886 2169.886 31.199
3047.241 2133.491 30.696
3675.527 2208.263 31.863
3723.529 2237.102 32.278
3810.507 2199.78 31.766
3859.003 2227.777 32.171
3946.279 2187.242 31.612
3995.257 2214.389 32.004
4075.681 2166.864 31.346
160.381 81.71 1.183
160.884 78.461 1.137
159.985 78.022 1.131
161.323 75.219 1.091
1633.187 -594.372 -8.118
1631.307 -593.688 -8.109
1623.79 -590.952 -8.072
1605.759 -616.331 -8.434
1605.759 -616.331 -8.434
1591.049 -642.761 -8.809
1583.632 -639.764 -8.769
1579.923 -638.266 -8.748
1566.701 -664.958 -9.128
1570.383 -666.521 -9.149
1572.224 -667.302 -9.16
1563.992 -696.264 -9.571
1569.473 -698.704 -9.604
1574.954 -701.144 -9.638
1567.914 -731.057 -10.062
1569.727 -731.902 -10.074
1569.727 -731.902 -10.074
1563.904 -762.69 -10.51
1571.094 -766.196 -10.559
1572.892 -767.073 -10.57
1561.045 -795.312 -10.972
1566.391 -798.036 -11.01
1573.52 -801.667 -11.059
1564.585 -831.82 -11.487
1571.649 -835.576 -11.539
1558.574 -863.844 -11.941
1558.574 -863.844 -11.941
1565.571 -867.723 -11.995
1555.384 -897.91 -12.424
1555.384 -897.91 -12.424
1562.312 -901.91 -12.478
1556.618 -935.216 -12.95
1563.475 -939.336 -13.007
1566.904 -941.396 -13.037
1555.322 -971.775 -13.468
1557.018 -972.835 -13.482
1562.107 -976.014 -13.526
1554.897 -1009.66 -14.004
1564.961 -1016.195 -14.094
1573.348 -1021.641 -14.169
1558.594 -1051.178 -14.59
1561.91 -1053.414 -14.62
1546.562 -1082.804 -15.039
1551.477 -1086.245 -15.086
1559.668 -1091.98 -15.167
1538.753 -1117.856 -15.535
1545.225 -1122.558 -15.601
1550.08 -1126.084 -15.65
1514.216 -1140.927 -15.867
1496.646 -1127.689 -15.682
1483.868 -1118.061 -15.548
1456.247 -1137.629 -15.83
1443.639 -1127.779 -15.693
1431.031 -1117.93 -15.555
1403.529 -1136.439 -15.822
1395.757 -1130.146 -15.734
1384.877 -1121.337 -15.612
1352.837 -1135.049 -15.811
1342.113 -1126.051 -15.686
1314.707 -1142.741 -15.927
1305.651 -1134.869 -15.817
1296.594 -1126.997 -15.708
1267.808 -1141.423 -15.917
1255.918 -1130.718 -15.767
1249.973 -1125.365 -15.693
1224.289 -1141.551 -15.925
1214.05 -1132.004 -15.792
1203.811 -1122.457 -15.659
1176.843 -1136.348 -15.861
1172.527 -1132.18 -15.802
1165.333 -1125.234 -15.706
1137.031 -1136.914 -15.876
1131.374 -1131.258 -15.797
1104.51 -1143.636 -15.976
1097.563 -1136.443 -15.875
1090.617 -1129.251 -15.775
1063.92 -1140.798 -15.943
1059.828 -1136.41 -15.882
1053.008 -1129.097 -15.779
1027.788 -1141.356 -15.958
1022.435 -1135.412 -15.875
1017.082 -1129.467 -15.791
991.964 -1141.007 -15.959
986.716 -1134.97 -15.874
980.155 -1127.423 -15.769
953.9 -1136.696 -15.905
950.043 -1132.101 -15.84
925.104 -1142.29 -15.989
921.328 -1137.628 -15.923
918.811 -1134.52 -15.88
893.943 -1144.077 -16.019
889.018 -1137.774 -15.931
884.093 -1131.47 -15.843
860.598 -1141.935 -15.995
855.784 -1135.546 -15.905
850.969 -1129.158 -15.815
828.78 -1140.6 -15.981
826.429 -1137.364 -15.936
822.902 -1132.511 -15.868
799.569 -1141.784 -16.003
796.127 -1136.869 -15.934
791.538 -1130.317 -15.843
767.216 -1137.326 -15.946
763.861 -1132.352 -15.876
741.801 -1142.155 -16.019
739.623 -1138.801 -15.971
736.355 -1133.769 -15.9
713.274 -1141.359 -16.013
711.155 -1137.967 -15.965
709.035 -1134.575 -15.917
687.064 -1143.347 -16.045
685.004 -1139.919 -15.996
682.943 -1136.49 -15.949
659.003 -1141.307 -16.021
657.003 -1137.844 -15.972
655.003 -1134.38 -15.924
633.164 -1142.139 -16.037
631.225 -1138.641 -15.988
628.316 -1133.394 -15.914
606.56 -1140.654 -16.021
604.682 -1137.123 -15.971
583.835 -1145.72 -16.096
584.743 -1147.502 -16.122
582.019 -1142.156 -16.046
558.488 -1144.949 -16.09
556.734 -1141.354 -16.04
556.734 -1141.354 -16.04
535.038 -1147.271 -16.127
533.347 -1143.646 -16.076
532.502 -1141.834 -16.05
510.864 -1147.298 -16.132
509.237 -1143.645 -16.08
507.61 -1139.991 -16.028
486.073 -1144.994 -16.103
486.073 -1144.994 -16.103
466.014 -1153.301 -16.225
465.264 -1151.447 -16.198
463.017 -1145.885 -16.12
441.512 -1150.056 -16.183
440.079 -1146.322 -16.13
440.796 -1148.189 -16.156
419.32 -1151.948 -16.213
417.952 -1148.19 -16.16
417.268 -1146.31 -16.134
396.545 -1151.527 -16.211
396.545 -1151.527 -16.211
395.894 -1149.636 -16.185
375.15 -1154.467 -16.257
374.532 -1152.565 -16.23
373.296 -1148.761 -16.176
352.603 -1153.188 -16.242
352.019 -1151.276 -16.216
330.768 -1153.399 -16.249
329.665 -1149.554 -16.195
329.114 -1147.632 -16.168
310.068 -1157.064 -16.305
310.068 -1157.064 -16.305
308.515 -1151.269 -16.223
288.374 -1156.477 -16.3
288.858 -1158.417 -16.328
287.89 -1154.537 -16.273
267.245 -1157.436 -16.317
266.795 -1155.487 -16.289
265.895 -1151.59 -16.235
245.339 -1154.099 -16.274
245.339 -1154.099 -16.274
245.755 -1156.055 -16.301
225.158 -1158.204 -16.336
224.394 -1154.278 -16.28
204.213 -1158.018 -16.336
203.866 -1156.049 -16.308
203.866 -1156.049 -16.308
183.344 -1157.455 -16.332
183.344 -1157.455 -16.332
183.031 -1155.48 -16.304
162.557 -1156.518 -16.323
162.557 -1156.518 -16.323
162.557 -1156.518 -16.323
142.346 -1159.178 -16.364
142.103 -1157.193 -16.336
141.859 -1155.208 -16.307
121.465 -1155.519 -16.316
121.465 -1155.519 -16.316
121.465 -1155.519 -16.316
101.104 -1155.47 -16.318
101.104 -1155.47 -16.318
81.06 -1159.054 -16.373
80.921 -1157.059 -16.345
80.921 -1157.059 -16.345
60.713 -1158.295 -16.365
60.713 -1158.295 -16.365
60.713 -1158.295 -16.365
40.486 -1159.178 -16.382
40.417 -1157.179 -16.353
40.417 -1157.179 -16.353
20.248 -1159.707 -16.392
20.213 -1157.708 -16.364
20.213 -1157.708 -16.364
0.003 -1159.884 -16.399
0.003 -1159.884 -16.399
0.003 -1159.884 -16.399
-20.242 -1159.707 -16.4
-20.242 -1159.707 -16.4
-20.242 -1159.707 -16.4
-40.55 -1161.176 -16.424
-40.55 -1161.176 -16.424
-60.707 -1158.295 -16.387
-60.811 -1160.292 -16.415
-60.916 -1162.289 -16.444
-81.194 -1161.049 -16.429
-81.054 -1159.054 -16.401
-81.194 -1161.049 -16.429
-101.446 -1159.455 -16.41
-101.621 -1161.447 -16.439
-101.795 -1163.439 -16.467
-122.086 -1161.485 -16.442
-122.295 -1163.474 -16.47
-122.295 -1163.474 -16.47
-142.584 -1161.163 -16.442
-142.828 -1163.148 -16.47
-142.828 -1163.148 -16.47
-163.665 -1164.439 -16.492
-163.665 -1164.439 -16.492
-163.665 -1164.439 -16.492
-184.277 -1163.381 -16.48
-184.59 -1165.356 -16.508
-184.59 -1165.356 -16.508
-205.249 -1163.926 -16.492
-205.596 -1165.896 -16.52
-205.944 -1167.865 -16.547
-226.678 -1166.057 -16.526
-227.06 -1168.02 -16.554
-247.828 -1165.835 -16.526
-247.828 -1165.835 -16.526
-248.244 -1167.792 -16.553
-269.038 -1165.23 -16.521
-269.038 -1165.23 -16.521
-268.589 -1163.282 -16.494
-289.819 -1162.298 -16.484
-290.303 -1164.239 -16.511
-290.787 -1166.179 -16.539
-312.133 -1164.79 -16.522
-312.65 -1166.722 -16.55
-313.168 -1168.653 -16.578
-334.621 -1166.855 -16.555
-335.172 -1168.777 -16.582
-335.723 -1170.7 -16.61
-356.69 -1166.575 -16.555
-357.86 -1170.4 -16.609
-359.029 -1174.225 -16.664
-379.47 -1167.781 -16.576
-380.088 -1169.683 -16.603
-380.706 -1171.585 -16.63
-401.748 -1166.653 -16.564
-403.05 -1170.435 -16.618
-403.702 -1172.326 -16.644
-424.786 -1166.982 -16.573
-426.154 -1170.74 -16.626
-447.957 -1166.859 -16.575
-449.39 -1170.593 -16.628
-450.824 -1174.327 -16.682
-471.252 -1166.281 -16.571
-472.001 -1168.135 -16.597
-474.249 -1173.697 -16.677
-495.444 -1167.084 -16.586
-497.007 -1170.765 -16.639
-497.788 -1172.606 -16.665
-519.806 -1167.394 -16.596
-522.247 -1172.875 -16.673
-523.874 -1176.529 -16.725
-546.02 -1170.833 -16.648
-546.865 -1172.645 -16.674
-549.401 -1178.082 -16.752
-571.633 -1171.91 -16.669
-572.51 -1173.708 -16.694
-574.263 -1177.303 -16.745
-596.541 -1170.666 -16.655
-599.264 -1176.011 -16.732
-601.08 -1179.575 -16.782
-624.394 -1174.203 -16.71
-627.211 -1179.5 -16.785
-649.642 -1171.873 -16.681
-651.581 -1175.371 -16.732
-654.49 -1180.619 -16.806
-677.997 -1174.213 -16.719
-679.997 -1177.677 -16.769
-682.997 -1182.872 -16.843
-705.599 -1174.202 -16.724
-708.689 -1179.344 -16.798
-712.81 -1186.201 -16.895
-736.585 -1178.669 -16.793
-739.764 -1183.757 -16.865
-741.884 -1187.149 -16.913
-766.849 -1180.73 -16.827
-771.206 -1187.439 -16.923
-774.474 -1192.47 -16.994
-798.524 -1183.747 -16.875
-801.88 -1188.721 -16.946
-806.353 -1195.353 -17.041
-831.683 -1187.652 -16.936
-835.124 -1192.566 -17.007
-838.566 -1197.481 -17.076
-864.041 -1189.136 -16.963
-867.568 -1193.99 -17.032
-869.919 -1197.226 -17.079
-896.701 -1189.848 -16.979
-906.33 -1202.625 -17.161
-933.34 -1194.505 -17.051
-937.034 -1199.233 -17.119
-941.959 -1205.536 -17.208
-969.15 -1196.685 -17.088
-974.185 -1202.902 -17.177
-976.702 -1206.01 -17.221
-1002.746 -1194.91 -17.069
-1009.174 -1202.57 -17.178
-1016.887 -1211.761 -17.309
-1044.443 -1201.378 -17.167
-1048.379 -1205.905 -17.232
-1053.628 -1211.942 -17.319
-1081.312 -1200.802 -17.166
-1088.003 -1208.233 -17.272
-1094.695 -1215.663 -17.378
-1121.202 -1202.225 -17.193
-1130.75 -1212.463 -17.339
-1140.298 -1222.701 -17.486
-1165.634 -1206.932 -17.267
-1171.191 -1212.686 -17.349
-1182.306 -1224.194 -17.514
-1210.564 -1210.446 -17.324
-1216.221 -1216.102 -17.405
-1247.332 -1204.417 -17.246
-1255.964 -1212.752 -17.365
-1266.035 -1222.477 -17.505
-1295.956 -1208.38 -17.31
-1306.195 -1217.927 -17.447
-1314.971 -1226.111 -17.565
-1345.089 -1211.005 -17.356
-1354.007 -1219.034 -17.471
-1367.383 -1231.077 -17.644
-1399.229 -1216.212 -17.439
-1408.285 -1224.084 -17.552
-1420.36 -1234.58 -17.703
-1452.417 -1218.604 -17.482
-1463.142 -1227.602 -17.611
-1472.334 -1235.314 -17.722
-1504.552 -1218.243 -17.487
-1520.095 -1230.828 -17.667
-1535.637 -1243.413 -17.848
-1569.714 -1226.275 -17.611
-1583.899 -1237.356 -17.77
-1598.083 -1248.437 -17.93
-1632.408 -1229.987 -17.675
-1649.978 -1243.226 -17.865
-1661.159 -1251.65 -17.986
-1698.933 -1234.226 -17.747
-1715.113 -1245.98 -17.915
-1731.293 -1257.735 -18.084
-1769.365 -1238.801 -17.823
-1785.748 -1250.272 -17.988
-1830.512 -1234.575 -17.774
-1847.093 -1245.757 -17.935
-1863.673 -1256.94 -18.096
-1908.811 -1239.475 -17.857
-1928.939 -1252.545 -18.046
-1945.713 -1263.436 -18.203
-1991.214 -1244.126 -17.938
-2014.959 -1258.962 -18.151
-2035.312 -1271.679 -18.334
-2081.199 -1250.387 -18.041
-2101.771 -1262.747 -18.22
-2125.772 -1277.167 -18.428
-2171.989 -1253.875 -18.106
-2199.702 -1269.873 -18.338
-2234.343 -1289.871 -18.626
-2277.507 -1262.318 -18.245
-2301.996 -1275.891 -18.441
-2333.482 -1293.343 -18.692
-2383.956 -1267.447 -18.335
-2419.273 -1286.224 -18.607
-2447.528 -1301.245 -18.824
-2498.379 -1272.862 -18.432
-2537.584 -1292.836 -18.721
-2573.224 -1310.994 -18.984
-2635.261 -1285.176 -18.63
-2671.213 -1302.709 -18.884
-2729.796 -1272.799 -18.471
-2766.048 -1289.702 -18.717
-2820.427 -1315.057 -19.084
-2890.455 -1286.786 -18.697
-2926.997 -1303.054 -18.934
-2956.23 -1316.068 -19.123
-2997.161 -1272.093 -18.508
-2986.115 -1267.405 -18.44
-2978.751 -1264.28 -18.395
-2985.529 -1206.113 -17.573
-2966.985 -1198.621 -17.464
-2963.277 -1197.123 -17.442
-2979.986 -1143.796 -16.691
-2968.783 -1139.496 -16.628
-2953.845 -1133.763 -16.545
-2965.667 -1079.308 -15.777
-2958.149 -1076.572 -15.737
-2946.873 -1072.468 -15.677
-2957.579 -1018.275 -14.912
-2957.579 -1018.275 -14.912
-2953.797 -1016.973 -14.894
-2967.294 -964.037 -14.148
-2959.686 -961.565 -14.112
-2964.543 -906.262 -13.33
-2964.543 -906.262 -13.33
-2960.718 -905.092 -13.313
-2964.529 -849.981 -12.534
-2960.684 -848.878 -12.519
-2956.839 -847.776 -12.502
-2963.458 -793.977 -11.742
-2955.731 -791.907 -11.712
-2955.731 -791.907 -11.712
-2957.459 -737.304 -10.94
-2918.648 -727.628 -10.796
-2895.36 -721.823 -10.71
-2919.211 -673.886 -10.036
-2930.903 -676.585 -10.078
-2926.616 -622.01 -9.305
-2907.053 -617.852 -9.242
-2899.227 -616.189 -9.218
-2905.615 -564.738 -8.491
-2901.689 -563.975 -8.48
-2897.762 -563.212 -8.469
-2903.212 -511.864 -7.744
-2899.273 -511.169 -7.733
-2895.334 -510.475 -7.722
-2899.852 -459.246 -6.999
-2891.95 -457.994 -6.98
-2891.95 -457.994 -6.98
-2903.465 -408.015 -6.276
-2899.504 -407.458 -6.267
-2899.504 -407.458 -6.267
-2902.204 -356.31 -5.545
-2890.293 -354.848 -5.521
-2896.047 -304.356 -4.808
-2896.047 -304.356 -4.808
-2896.047 -304.356 -4.808
-2896.933 -253.424 -4.089
-2892.948 -253.075 -4.083
-2888.964 -252.726 -4.077
-2892.935 -202.274 -3.365
-2892.935 -202.274 -3.365
-2888.944 -201.995 -3.36
-2892.031 -151.55 -2.648
-2896.026 -151.759 -2.651
-2888.037 -151.34 -2.644
-2890.238 -100.919 -1.931
-2902.231 -101.338 -1.94
-2898.233 -101.198 -1.937
-2887.56 -50.398 -1.217
-2887.56 -50.398 -1.217
-2891.982 0.0 -10.095
-2919.982 0.0 -10.193
-2943.424 -40.455 -41.95
-2935.425 -40.345 -41.836
-2931.425 -40.29 -41.779
-2929.976 -80.567 -73.31
-2929.976 -80.567 -73.31
-2925.978 -80.458 -73.21
-2923.639 -120.656 -104.676
-2927.634 -120.82 -104.819
-2927.634 -120.82 -104.819
-2924.4 -161.037 -136.296
-2920.411 -160.817 -136.11
-2928.389 -161.256 -136.482
-2924.26 -201.478 -167.961
-2920.275 -201.204 -167.732
-2924.26 -201.478 -167.961
-2923.215 -241.968 -199.66
-2911.284 -240.981 -198.844
-2909.358 -281.342 -230.44
-2925.235 -282.877 -231.698
-2925.235 -282.877 -231.698
-2918.409 -323.042 -263.122
-2918.409 -323.042 -263.122
-2922.369 -323.48 -263.48
-2918.594 -364.094 -295.266
-2918.594 -364.094 -295.266
-2922.543 -364.587 -295.665
-2913.907 -404.705 -327.046
-2917.845 -405.252 -327.488
-2921.782 -405.799 -327.931
-2912.233 -445.902 -359.297
-2912.233 -445.902 -359.297
-2260.429 -378.48 -304.232
-2247.715 -408.79 -327.92
-2247.715 -408.79 -327.92
-2243.82 -408.082 -327.351
-2226.59 -437.344 -350.203
-2218.832 -435.82 -348.983
-2218.832 -435.82 -348.983
-2220.334 -468.706 -374.737
-2336.178 -493.16 -394.288
-2886.122 -695.214 -554.412
-2886.122 -695.214 -554.412
-2905.236 -699.818 -558.084
-2904.379 -743.553 -592.325
-2904.379 -743.553 -592.325
-2908.18 -744.527 -593.1
-2902.463 -787.48 -626.711
-2906.242 -788.505 -627.528
-2913.801 -790.556 -629.159
-2906.992 -833.737 -662.945
-2910.748 -834.814 -663.801
-2891.691 -874.716 -694.978
-2895.423 -875.845 -695.874
-2902.884 -878.102 -697.668
-2886.575 -919.072 -729.689
-2890.281 -920.251 -730.625
-2897.692 -922.611 -732.499
-2884.049 -964.785 -765.473
-2891.406 -967.246 -767.426
-2898.763 -969.707 -769.378
-2880.369 -1010.71 -801.418
-2876.719 -1009.429 -800.402
-2887.671 -1013.272 -803.45
-2882.771 -1059.492 -839.622
-2893.636 -1063.485 -842.787
-2900.878 -1066.147 -844.896
-2883.878 -1108.649 -878.114
-2894.653 -1112.791 -881.395
-2862.318 -1149.58 -910.088
-2880.118 -1156.729 -915.747
-2901.478 -1165.308 -922.539
-2882.154 -1208.002 -955.9
-2889.209 -1210.96 -958.24
-2896.265 -1213.917 -960.58
-2872.302 -1255.103 -992.745
-2879.291 -1258.157 -995.161
-2889.773 -1262.738 -998.783
-2871.614 -1307.027 -1033.397
-2868.155 -1305.452 -1032.152
-2878.535 -1310.176 -1035.887
-2872.916 -1360.936 -1075.612
-2879.765 -1364.18 -1078.176
-2890.038 -1369.047 -1082.022
-2865.919 -1411.941 -1115.523
-2876.081 -1416.948 -1119.478
-2857.528 -1463.168 -1155.604
-2874.277 -1471.745 -1162.377
-2874.277 -1471.745 -1162.377
-2844.421 -1512.834 -1194.445
-2867.6 -1525.162 -1204.178
-2867.6 -1525.162 -1204.178
-2839.793 -1568.005 -1237.626
-2865.967 -1582.457 -1249.034
-2885.596 -1593.295 -1257.588
-2856.194 -1636.467 -1291.289
-2865.887 -1642.021 -1295.671
-2872.349 -1645.724 -1298.592
-2841.704 -1688.796 -1332.21
-2835.325 -1685.005 -1329.219
-2825.757 -1679.319 -1324.734
-2769.118 -1706.322 -1345.679
-2743.944 -1690.81 -1333.446
-2684.223 -1714.448 -1351.745
-2662.501 -1700.574 -1340.806
-2640.779 -1686.7 -1329.867
-2587.597 -1712.672 -1350.018
-2578.422 -1706.599 -1345.231
-2569.246 -1700.526 -1340.443
-2512.986 -1723.239 -1358.03
-2494.907 -1710.841 -1348.26
-2479.841 -1700.51 -1340.118
-2420.91 -1719.64 -1354.891
-2400.143 -1704.888 -1343.268
-2391.242 -1698.566 -1338.287
-2341.461 -1722.638 -1356.961
-2326.863 -1711.899 -1348.501
-2318.104 -1705.455 -1343.426
-2268.376 -1728.362 -1361.188
-2251.148 -1715.236 -1350.85
-2201.412 -1737.065 -1367.769
-2187.301 -1725.93 -1359.0
-2170.366 -1712.568 -1348.479
-2123.677 -1735.399 -1366.192
-2109.815 -1724.071 -1357.275
-2098.726 -1715.009 -1350.14
-2052.148 -1736.742 -1366.995
-2041.261 -1727.528 -1359.743
-2027.653 -1716.011 -1350.677
-1975.881 -1731.975 -1362.995
-1679.499 -1472.179 -1158.547
-1633.459 -1483.204 -1167.018
-1620.371 -1471.319 -1157.667
-1587.451 -1493.417 -1174.854
-1574.628 -1481.354 -1165.365
-1556.676 -1464.465 -1152.078
-1513.878 -1475.898 -1160.88
-1503.836 -1466.108 -1153.179
-1501.325 -1463.66 -1151.255
-1466.142 -1481.641 -1165.21
-1473.509 -1489.086 -1171.066
-1490.7 -1506.459 -1184.728
-1409.018 -1476.465 -1160.958
-1399.417 -1466.404 -1153.047
-1361.959 -1480.37 -1163.851
-1359.615 -1477.822 -1161.848
-1324.312 -1493.755 -1174.201
-1315.164 -1483.436 -1166.089
-1303.727 -1470.536 -1155.949
-1264.196 -1480.45 -1163.573
-1257.507 -1472.617 -1157.417
-1255.277 -1470.006 -1155.364
-1231.14 -1497.652 -1176.927
-1083.643 -1370.169 -1076.595
-1115.328 -1410.233 -1108.075
-1071.542 -1409.2 -1107.113
-1065.383 -1401.101 -1100.751
-1032.132 -1412.852 -1109.836
-1030.14 -1410.125 -1107.693
-1026.155 -1404.67 -1103.408
-992.893 -1415.855 -1112.05
-989.029 -1410.346 -1107.722
-983.234 -1402.082 -1101.232
-950.099 -1412.652 -1109.392
-946.359 -1407.09 -1105.024
-944.489 -1404.309 -1102.841
-910.47 -1412.917 -1109.462
-907.757 -1408.708 -1106.156
-907.757 -1408.708 -1106.156
-874.615 -1418.19 -1113.465
-872.868 -1415.359 -1111.243
-871.123 -1412.528 -1109.02
-836.283 -1418.628 -1113.674
-833.758 -1414.346 -1110.313
-799.012 -1419.887 -1114.53
-795.774 -1414.133 -1110.013
-792.536 -1408.378 -1105.496
-761.169 -1419.107 -1113.787
-760.391 -1417.658 -1112.649
-755.726 -1408.96 -1105.824
-717.645 -1406.043 -1103.406
-713.174 -1397.283 -1096.531
-712.429 -1395.822 -1095.386
-684.917 -1412.803 -1108.585
-687.768 -1418.683 -1113.199
-686.343 -1415.743 -1110.892
-651.433 -1417.613 -1112.234
-648.712 -1411.694 -1107.59
-646.672 -1407.255 -1104.107
-614.062 -1413.002 -1108.493
-612.769 -1410.024 -1106.157
-580.17 -1415.287 -1110.164
-578.943 -1412.292 -1107.815
-578.943 -1412.292 -1107.815
-546.368 -1417.073 -1111.445
-545.206 -1414.062 -1109.083
-544.625 -1412.556 -1107.902
-513.212 -1419.878 -1113.524
-511.024 -1413.823 -1108.777
-510.476 -1412.309 -1107.589
-478.048 -1416.119 -1110.459
-475.994 -1410.035 -1105.688
-475.48 -1408.514 -1104.495
-444.169 -1414.886 -1109.375
-442.731 -1410.302 -1105.781
-441.291 -1405.719 -1102.187
-409.604 -1410.087 -1105.498
-408.266 -1405.484 -1101.888
-370.45 -1386.288 -1086.726
-366.334 -1370.884 -1074.651
-368.804 -1380.126 -1081.896
-338.519 -1386.582 -1086.845
-338.142 -1385.036 -1085.633
-337.765 -1383.49 -1084.422
-306.692 -1386.422 -1086.609
-306.349 -1384.871 -1085.393
-306.349 -1384.871 -1085.393
-275.286 -1387.367 -1087.239
-275.286 -1387.367 -1087.239
-275.594 -1388.922 -1088.458
-244.482 -1390.99 -1089.968
-243.933 -1387.871 -1087.524
-242.289 -1378.515 -1080.193
-211.687 -1381.686 -1082.57
-218.631 -1427.013 -1118.083
-185.732 -1420.457 -1112.835
-185.732 -1420.457 -1112.835
-153.701 -1418.14 -1110.909
-153.701 -1418.14 -1110.909
-153.871 -1419.709 -1112.138
-122.373 -1421.66 -1113.556
-122.238 -1420.089 -1112.325
-122.102 -1418.518 -1111.095
-90.637 -1420.034 -1112.171
-90.537 -1418.461 -1110.94
-90.537 -1418.461 -1110.94
-59.079 -1419.542 -1111.677
-59.013 -1417.969 -1110.445
-59.013 -1417.969 -1110.445
-27.633 -1421.766 -1113.308
-27.664 -1423.34 -1114.541
-27.633 -1421.766 -1113.308
3.886 -1421.982 -1113.367
3.895 -1425.132 -1115.833
35.444 -1423.34 -1114.321
35.365 -1420.191 -1111.855
35.405 -1421.766 -1113.088
66.912 -1421.116 -1112.469
66.764 -1417.969 -1110.006
66.912 -1421.116 -1112.469
98.508 -1421.606 -1112.743
98.508 -1421.606 -1112.743
98.726 -1424.751 -1115.204
130.288 -1423.231 -1113.904
130.288 -1423.231 -1113.904
130.0 -1420.089 -1111.445
161.453 -1418.14 -1109.809
161.81 -1421.277 -1112.264
161.989 -1422.846 -1113.492
193.283 -1418.891 -1110.286
193.07 -1417.325 -1109.061
193.07 -1417.325 -1109.061
224.696 -1416.072 -1107.969
224.944 -1417.635 -1109.193
256.606 -1415.941 -1107.755
256.89 -1417.5 -1108.975
257.454 -1420.619 -1111.415
288.578 -1415.363 -1107.19
288.578 -1415.363 -1107.19
289.211 -1418.473 -1109.624
320.598 -1414.336 -1106.276
320.95 -1415.887 -1107.488
320.95 -1415.887 -1107.488
352.658 -1412.86 -1105.008
349.045 -1280.006 -1000.998
514.941 -1739.977 -1360.566
553.411 -1732.701 -1354.735
554.388 -1735.757 -1357.124
554.388 -1735.757 -1357.124
593.799 -1730.982 -1353.248
594.843 -1734.024 -1355.627
596.93 -1740.108 -1360.383
636.498 -1734.733 -1356.036
637.609 -1737.761 -1358.403
637.609 -1737.761 -1358.403
679.54 -1737.835 -1358.315
681.895 -1743.859 -1363.023
720.419 -1734.288 -1355.396
721.663 -1737.284 -1357.736
722.907 -1740.279 -1360.077
763.965 -1736.101 -1356.663
766.586 -1742.057 -1361.316
767.897 -1745.035 -1363.644
807.806 -1737.242 -1357.403
810.558 -1743.161 -1362.028
811.935 -1746.121 -1364.34
853.367 -1740.644 -1359.907
854.809 -1743.584 -1362.204
857.692 -1749.464 -1366.798
900.826 -1746.238 -1364.122
905.345 -1754.999 -1370.965
906.852 -1757.919 -1373.247
947.215 -1748.155 -1365.461
948.786 -1751.054 -1367.724
951.928 -1756.852 -1372.254
993.959 -1749.324 -1366.213
998.863 -1757.955 -1372.954
1041.036 -1749.736 -1366.371
1042.734 -1752.591 -1368.601
1049.527 -1764.008 -1377.517
1093.712 -1757.876 -1372.561
1095.473 -1760.707 -1374.771
1095.473 -1760.707 -1374.771
1137.939 -1751.064 -1367.072
1141.586 -1756.676 -1371.454
1148.881 -1767.901 -1380.217
1193.506 -1760.253 -1374.073
1197.277 -1765.815 -1378.415
1202.933 -1774.157 -1384.927
1245.924 -1762.932 -1375.988
1249.817 -1768.442 -1380.289
1255.657 -1776.705 -1386.738
1300.823 -1767.429 -1379.318
1308.852 -1778.339 -1387.833
1312.867 -1783.794 -1392.09
1358.359 -1773.648 -1383.986
1364.562 -1781.747 -1390.305
1368.697 -1787.146 -1394.519
1412.304 -1773.475 -1383.663
1416.558 -1778.816 -1387.83
1462.275 -1767.071 -1378.473
1468.832 -1774.995 -1384.655
1473.204 -1780.278 -1388.776
1516.873 -1765.051 -1376.702
1521.36 -1770.273 -1380.775
1528.091 -1778.106 -1386.884
1574.118 -1764.644 -1376.183
1583.324 -1774.963 -1384.231
1590.228 -1782.703 -1390.267
1636.515 -1768.29 -1378.82
1650.664 -1783.578 -1390.741
1657.737 -1791.222 -1396.701
1704.369 -1775.782 -1384.449
1709.197 -1780.813 -1388.371
1714.025 -1785.843 -1392.293
1760.693 -1769.531 -1379.358
1773.039 -1781.94 -1389.03
1780.448 -1789.385 -1394.835
1832.391 -1776.952 -1384.918
1842.488 -1786.742 -1392.549
1845.012 -1789.19 -1394.456
1897.209 -1775.694 -1383.707
1904.941 -1782.932 -1389.348
1954.622 -1766.059 -1375.962
1967.776 -1777.943 -1385.222
1978.299 -1787.451 -1392.63
2028.275 -1769.423 -1378.339
2039.006 -1778.785 -1385.632
2055.103 -1792.828 -1396.572
2105.39 -1773.596 -1381.337
2113.592 -1780.506 -1386.72
2129.998 -1794.326 -1397.483
2188.86 -1780.709 -1386.616
2205.569 -1794.303 -1397.201
2213.923 -1801.099 -1402.494
2264.762 -1779.378 -1385.309
2276.101 -1788.286 -1392.243
2287.439 -1797.194 -1399.179
2349.907 -1783.057 -1387.893
2370.09 -1798.372 -1399.812
2381.624 -1807.123 -1406.624
2438.814 -1787.076 -1390.728
2459.333 -1802.112 -1402.43
2473.99 -1812.851 -1410.787
2531.572 -1791.291 -1393.706
2549.443 -1803.936 -1403.543
2607.091 -1781.093 -1385.457
2625.238 -1793.49 -1395.1
2649.433 -1810.02 -1407.958
2710.538 -1787.576 -1390.172
2725.887 -1797.699 -1398.043
2747.374 -1811.87 -1409.064
2805.698 -1785.801 -1388.45
2821.268 -1795.711 -1396.154
2839.951 -1807.603 -1405.4
2892.108 -1776.126 -1380.573
2917.367 -1791.638 -1392.63
2939.468 -1805.211 -1403.181
2998.122 -1775.984 -1380.091
3026.919 -1793.043 -1393.348
3046.117 -1804.415 -1402.185
3092.017 -1766.052 -1371.987
3092.017 -1766.052 -1371.987
3095.258 -1767.903 -1373.425
3143.702 -1730.586 -1344.038
3179.798 -1750.457 -1359.471
3209.332 -1766.715 -1372.097
3277.771 -1738.262 -1349.58
3304.339 -1752.351 -1360.518
3366.069 -1718.751 -1333.994
3392.943 -1732.473 -1344.646
3423.177 -1747.911 -1356.627
3491.842 -1715.692 -1331.16
3512.222 -1725.705 -1338.93
3539.395 -1739.057 -1349.289
3611.602 -1706.442 -1323.5
3632.2 -1716.174 -1331.048
3673.397 -1735.64 -1346.146
3759.729 -1707.009 -1323.426
3794.412 -1722.756 -1335.635
4498.659 -1725.792 -1335.554
1631.897 468.035 372.158
1626.263 466.419 370.872
1618.751 464.264 369.16
1602.556 484.762 385.152
1598.825 483.634 384.255
1589.497 480.812 382.014
1571.127 500.239 397.161
1571.127 500.239 397.161
1574.833 501.419 398.098
1565.258 523.617 415.444
1567.098 524.233 415.933
1574.455 526.694 417.885
1567.958 550.19 436.26
1571.608 551.471 437.276
1562.708 574.335 455.147
1564.519 575.001 455.674
1569.951 576.997 457.257
1558.659 599.195 474.598
1562.251 600.576 475.691
1565.842 601.956 476.785
1553.982 624.119 494.096
1562.882 627.694 496.926
1568.222 629.838 498.624
1557.491 652.794 516.561
1561.019 654.273 517.73
1564.547 655.752 518.9
1554.956 679.466 537.435
1560.198 681.756 539.246
1563.692 683.283 540.455
1549.98 705.48 557.786
1558.63 709.416 560.898
1570.738 714.928 565.256
1559.73 738.863 583.958
1563.154 740.485 585.24
1566.578 742.108 586.523
1554.913 766.053 605.23
1558.3 767.722 606.549
1549.363 793.336 626.573
1556.063 796.766 629.283
1562.762 800.197 631.992
1551.351 825.102 651.452
1556.319 827.744 653.538
1559.63 829.505 654.928
1542.584 851.745 672.282
1549.127 855.358 675.134
1557.305 859.874 678.698
1547.644 886.728 699.692
1555.721 891.356 703.343
1558.952 893.208 704.804
1545.237 918.318 724.417
1524.588 939.447 740.888
1523.015 938.477 740.124
1512.001 931.691 734.771
1481.753 946.415 746.195
1470.892 939.478 740.725
1436.025 950.472 749.212
1425.32 943.387 743.627
1416.144 937.314 738.84
1387.566 951.5 749.848
1377.02 944.269 744.148
1364.967 936.004 737.635
1336.544 949.384 748.013
1327.643 943.062 743.032
1318.743 936.74 738.051
1287.511 947.236 746.16
1278.753 940.793 741.084
1271.454 935.423 736.854
1241.864 946.224 745.207
1234.685 940.754 740.9
1206.544 952.045 749.642
1196.665 944.251 743.505
1191.02 939.797 739.998
1165.804 952.657 749.979
1157.487 945.86 744.628
1149.17 939.064 739.278
1119.972 947.837 746.045
1114.528 943.23 742.419
1111.807 940.927 740.606
1084.064 950.246 747.806
1074.719 942.054 741.359
1068.044 936.203 736.755
1043.163 947.206 745.283
1039.237 943.641 742.478
1034.001 938.887 738.738
1007.864 948.163 745.909
1002.736 943.338 742.113
976.615 952.113 748.893
972.849 948.442 746.005
967.827 943.547 742.155
940.589 950.533 747.53
933.222 943.088 741.675
931.994 941.847 740.699
907.34 950.773 747.602
903.739 947.0 744.635
900.14 943.227 741.669
873.201 949.118 746.187
869.684 945.296 743.182
867.34 942.748 741.179
841.705 949.399 746.297
838.274 945.529 743.255
835.987 942.949 741.227
810.467 949.107 745.959
808.238 946.496 743.907
783.848 953.531 749.331
778.419 946.928 744.142
776.248 944.287 742.065
753.058 952.174 748.16
750.945 949.503 746.062
746.721 944.162 741.864
723.599 951.615 747.619
721.546 948.915 745.498
718.466 944.866 742.317
695.394 951.903 747.746
693.402 949.175 745.604
691.409 946.448 743.461
667.402 951.708 747.496
664.504 947.576 744.251
640.569 952.428 747.966
639.634 951.037 746.874
637.763 948.256 744.69
615.72 955.508 750.292
613.911 952.702 748.088
613.007 951.299 746.986
588.313 953.952 748.977
586.568 951.121 746.755
584.822 948.291 744.532
562.85 954.791 749.545
562.009 953.364 748.424
561.168 951.936 747.304
538.342 956.661 750.924
536.723 953.784 748.666
535.104 950.907 746.407
512.37 955.252 749.73
511.592 953.802 748.592
488.118 956.343 750.499
487.372 954.883 749.354
487.372 954.883 749.354
464.689 958.53 752.131
462.551 954.12 748.669
461.838 952.65 747.516
441.315 960.366 753.486
439.955 957.407 751.164
439.275 955.927 750.004
417.356 960.365 753.401
416.709 958.876 752.233
415.415 955.898 749.898
393.534 959.999 753.032
392.92 958.501 751.857
392.306 957.004 750.682
371.019 962.285 754.743
370.438 960.779 753.562
347.978 962.732 755.012
347.43 961.218 753.825
346.336 958.19 751.452
324.518 961.318 753.824
324.005 959.797 752.632
323.491 958.276 751.439
302.189 962.612 754.758
302.189 962.612 754.758
301.709 961.084 753.561
279.904 963.585 755.443
279.904 963.585 755.443
279.458 962.051 754.24
257.257 962.7 754.671
256.845 961.159 753.463
256.845 961.159 753.463
234.737 961.487 753.643
234.737 961.487 753.643
234.36 959.941 752.431
213.38 964.602 756.007
213.38 964.602 756.007
213.038 963.051 754.792
191.651 965.868 756.923
191.342 964.313 755.704
169.657 965.272 756.38
169.657 965.272 756.38
169.657 965.272 756.38
147.99 965.93 756.818
147.99 965.93 756.818
147.511 962.804 754.37
126.346 966.287 757.023
126.346 966.287 757.023
126.551 967.853 758.249
104.904 967.912 758.22
104.565 964.774 755.763
104.565 964.774 755.763
83.159 966.101 756.726
83.024 964.53 755.495
83.024 964.53 755.495
61.729 967.132 757.459
61.63 965.56 756.228
40.216 966.296 756.729
40.28 967.87 757.961
40.216 966.296 756.729
18.819 968.312 758.233
18.79 966.738 757.0
18.79 966.738 757.0
-2.643 966.885 757.04
-2.647 968.46 758.273
-2.643 966.885 757.04
-24.074 966.738 756.851
-24.074 966.738 756.851
-24.074 966.738 756.851
-45.571 967.87 757.662
-45.571 967.87 757.662
-45.498 966.296 756.43
-67.125 968.705 758.24
-67.234 970.278 759.472
-67.234 970.278 759.472
-88.584 967.671 757.356
-88.584 967.671 757.356
-88.872 970.813 759.815
-110.552 971.049 759.925
-110.731 972.618 761.152
-132.268 970.985 759.798
-132.268 970.985 759.798
-132.481 972.551 761.024
-154.014 970.619 759.436
-154.261 972.182 760.659
-154.261 972.182 760.659
-175.499 968.391 757.617
-175.781 969.951 758.837
-176.346 973.069 761.276
-198.199 972.09 760.433
-198.199 972.09 760.433
-198.516 973.645 761.65
-220.762 973.907 761.777
-221.114 975.458 762.991
-221.114 975.458 762.991
-242.308 970.762 759.24
-243.079 973.853 761.657
-243.852 976.945 764.075
-265.879 975.022 762.494
-265.879 975.022 762.494
-286.987 969.722 758.27
-286.532 968.188 757.07
-287.441 971.257 759.469
-309.891 970.251 758.604
-310.866 973.307 760.994
-311.354 974.835 762.188
-333.425 971.966 759.865
-333.947 973.487 761.053
-334.991 976.529 763.431
-357.128 973.328 760.848
-358.238 976.355 763.214
-358.793 977.869 764.397
-380.401 972.826 760.374
-380.99 974.332 761.551
-382.167 977.344 763.905
-404.38 973.478 760.8
-405.624 976.473 763.142
-406.246 977.971 764.312
-429.157 975.254 762.105
-429.812 976.743 763.268
-431.123 979.721 765.595
-453.445 975.164 761.95
-454.822 978.124 764.262
-477.857 974.702 761.502
-478.578 976.172 762.651
-480.019 979.112 764.948
-503.137 975.324 761.9
-503.891 976.784 763.042
-505.397 979.704 765.322
-527.802 974.096 760.853
-529.373 976.995 763.118
-530.158 978.445 764.25
-554.197 975.363 761.753
-556.649 979.679 765.124
-557.467 981.117 766.248
-581.655 977.626 763.429
-582.504 979.053 764.544
-583.353 980.48 765.658
-608.498 978.013 763.639
-611.14 982.259 766.954
-612.902 985.09 769.164
-637.356 980.764 765.692
-638.267 982.167 766.788
-640.091 984.973 768.978
-665.573 981.626 766.268
-669.344 987.188 770.61
-693.045 980.631 765.393
-695.965 984.763 768.618
-696.938 986.14 769.694
-720.672 979.178 764.159
-724.687 984.633 768.416
-729.705 991.452 773.738
-753.611 984.01 767.828
-755.678 986.71 769.934
-759.813 992.109 774.147
-784.85 985.56 768.933
-789.103 990.902 773.1
-792.294 994.909 776.226
-817.475 987.869 770.626
-820.754 991.831 773.717
-826.218 998.435 778.869
-851.558 990.883 772.867
-853.802 993.494 774.903
-859.412 1000.022 779.995
-886.017 993.257 774.606
-890.619 998.417 778.63
-896.373 1004.867 783.66
-925.551 1000.078 779.808
-931.446 1006.448 784.775
-937.341 1012.818 789.742
-963.234 1003.594 782.429
-966.855 1007.367 785.371
-974.097 1014.912 791.254
-1002.582 1007.615 785.441
-1006.286 1011.338 788.343
-1032.298 1001.065 780.208
-1038.607 1007.184 784.977
-1044.918 1013.303 789.746
-1073.624 1004.86 783.035
-1080.068 1010.891 787.736
-1085.223 1015.716 791.496
-1114.108 1006.63 784.28
-1119.369 1011.383 787.983
-1125.947 1017.326 792.614
-1154.99 1007.588 784.888
-1161.697 1013.439 789.446
-1171.087 1021.631 795.827
-1198.978 1010.028 786.645
-1205.814 1015.787 791.13
-1214.017 1022.697 796.511
-1248.986 1016.092 791.218
-1254.556 1020.623 794.747
-1260.126 1025.154 798.274
-1291.114 1014.401 789.747
-1298.2 1019.969 794.082
-1305.286 1025.536 798.417
-1334.977 1012.952 788.459
-1345.069 1020.609 794.42
-1377.696 1009.526 785.628
-1386.489 1015.97 790.643
-1396.749 1023.488 796.493
-1407.008 1031.006 802.344
-1441.507 1019.982 793.592
-1448.953 1025.251 797.691
-1478.964 1010.388 785.949
-1495.599 1021.752 794.789
-1512.233 1033.117 803.629
-1545.59 1019.303 792.697
-1559.403 1028.413 799.782
-1571.682 1036.511 806.08
-1609.929 1024.705 796.702
-1625.499 1034.615 804.407
-1641.069 1044.525 812.112
-1676.539 1029.61 800.311
-1692.325 1039.305 807.847
-1704.954 1047.061 813.875
-1743.838 1032.99 802.721
-1759.836 1042.467 810.086
-1772.635 1050.048 815.977
-1815.02 1036.676 805.359
-1834.467 1047.783 813.988
-1853.914 1058.891 822.617
-1893.44 1042.326 809.51
-1909.848 1051.358 816.524
-1932.818 1064.003 826.344
-1975.961 1047.888 813.577
-1995.887 1058.455 821.78
-2039.125 1041.199 808.118
-2059.281 1051.491 816.107
-2079.437 1061.783 824.094
-2106.313 1075.506 834.745
-2156.925 1059.79 822.263
-2180.703 1071.473 831.328
-2228.07 1052.738 816.494
-2255.535 1065.715 826.559
-2282.999 1078.692 836.623
-2323.817 1055.07 817.985
-2348.096 1066.093 826.532
-2379.312 1080.266 837.519
-2430.825 1059.661 821.207
-2458.847 1071.877 830.673
-2493.873 1087.145 842.506
-2552.855 1067.537 826.947
-2577.605 1077.887 834.965
-2609.427 1091.194 845.273
-2672.367 1070.94 829.194
-2711.613 1086.668 841.372
-2750.86 1102.396 853.55
-2821.559 1082.417 837.659
-2868.345 1100.365 851.549
-2904.334 1114.171 862.233
-2953.881 1083.451 838.007
-2968.397 1088.775 842.125
-2975.655 1091.437 844.184
-2991.967 1047.859 810.007
-2984.651 1045.297 808.027
-2980.993 1044.016 807.036
-2988.827 998.011 770.988
-2981.457 995.55 769.086
-2988.11 949.747 733.2
-2969.55 943.848 728.647
-2965.838 942.668 727.736
-2986.17 901.804 695.67
-2974.957 898.418 693.058
-2960.008 893.904 689.575
-2967.975 849.895 655.089
-2960.451 847.74 653.428
-2949.166 844.509 650.937
-2963.54 802.861 618.277
-2963.54 802.861 618.277
-2959.755 801.835 617.488
-2969.353 759.125 584.014
-2961.739 757.179 582.516
-2954.125 755.232 581.019
-2970.305 714.551 549.11
-2966.477 713.631 548.402
-2970.19 670.181 514.369
-2962.495 668.444 513.036
-2962.495 668.444 513.036
-2965.151 625.213 479.178
-2930.358 617.877 473.555
-2899.43 611.356 468.557
-2908.548 570.681 436.678
-2904.665 569.919 436.094
-2900.782 569.157 435.512
-2908.947 528.522 403.667
-2920.646 530.648 405.291
-2936.243 533.482 407.455
-2927.939 489.798 373.281
-2900.537 485.214 369.787
-2902.886 444.099 337.587
-2902.886 444.099 337.587
-2902.886 444.099 337.587
-2908.237 403.611 305.867
-2908.237 403.611 305.867
-2908.237 403.611 305.867
-2908.727 362.616 273.767
-2900.824 361.63 273.023
-2904.776 362.123 273.395
-2904.326 321.289 241.424
-2896.402 320.412 240.765
-2888.478 319.536 240.107
-2895.012 279.807 208.977
-2895.012 279.807 208.977
-2891.04 279.423 208.691
-2896.685 239.664 177.54
-2896.685 239.664 177.54
-2897.462 199.557 146.135
-2893.476 199.282 145.934
-2889.491 199.008 145.733
-2893.354 159.279 114.612
-2893.354 159.279 114.612
-2893.354 159.279 114.612
-2896.335 119.502 83.457
-2896.335 119.502 83.457
-2888.345 119.172 83.227
-2890.438 79.468 52.133
-2898.433 79.688 52.277
-2898.433 79.688 52.277
-2891.651 39.74 21.022
-2887.651 39.685 20.992
-2887.651 39.685 20.992
-2891.919 0.0 21.704
-2919.918 0.0 21.914
-2939.917 0.0 22.064
-2935.704 -40.701 -9.097
-2931.704 -40.645 -9.085
-2930.598 -81.278 -40.171
-2930.598 -81.278 -40.171
-2926.599 -81.167 -40.116
-2924.603 -121.72 -71.148
-2924.603 -121.72 -71.148
-2928.599 -121.886 -71.246
-2925.708 -162.457 -102.298
-2925.708 -162.457 -102.298
-2929.699 -162.678 -102.438
-2929.898 -203.532 -133.683
-2929.898 -203.532 -133.683
-2929.898 -203.532 -133.683
-2925.213 -244.102 -164.749
-2929.193 -244.434 -164.974
-2929.193 -244.434 -164.974
-2927.582 -285.372 -196.296
-2927.582 -285.372 -196.296
-2917.135 -325.449 -227.028
-2921.098 -325.891 -227.336
-2925.062 -326.333 -227.645
-2917.679 -366.807 -258.658
-2921.633 -367.304 -259.008
-2925.586 -367.801 -259.358
-2917.292 -408.274 -290.376
-2921.234 -408.825 -290.769
-2915.969 -449.834 -322.173
-2263.605 -381.818 -275.047
-2251.15 -412.395 -298.528
-2247.249 -411.68 -298.01
-2251.15 -412.395 -298.528
-2249.696 -445.044 -323.51
-2265.238 -448.119 -325.746
-2324.857 -494.22 -360.558
-2309.384 -490.93 -358.159
-2895.174 -658.575 -481.987
-2880.494 -698.558 -512.678
-2895.816 -702.274 -515.405
-2911.136 -705.989 -518.132
-2910.653 -750.11 -551.882
-2910.653 -750.11 -551.882
-2918.272 -752.074 -553.326
-2912.899 -795.458 -586.55
-2912.899 -795.458 -586.55
-2920.475 -797.527 -588.075
-2914.034 -841.089 -621.442
-2917.799 -842.176 -622.245
-2914.034 -841.089 -621.442
-2895.342 -881.291 -652.331
-2910.305 -885.846 -655.702
-2901.776 -929.556 -689.199
-2905.492 -930.747 -690.081
-2909.208 -931.937 -690.963
-2888.519 -972.051 -721.8
-2895.897 -974.534 -723.644
-2899.586 -975.775 -724.565
-2881.598 -1017.038 -756.261
-2881.598 -1017.038 -756.261
-2892.583 -1020.915 -759.144
-2888.105 -1067.492 -794.803
-2902.637 -1072.863 -798.801
-2909.902 -1075.549 -800.8
-2893.264 -1118.425 -833.72
-2904.074 -1122.603 -836.834
-2900.471 -1121.21 -835.796
-2889.914 -1166.929 -870.844
-2904.203 -1172.699 -875.149
-2888.846 -1217.163 -909.273
-2899.467 -1221.638 -912.616
-2899.467 -1221.638 -912.616
-2868.908 -1260.009 -942.194
-2882.937 -1266.171 -946.802
-2903.979 -1275.413 -953.713
-2875.745 -1315.375 -984.49
-2868.799 -1312.198 -982.112
-2886.164 -1320.141 -988.057
-2884.453 -1372.937 -1028.451
-2887.891 -1374.573 -1029.677
-2894.766 -1377.846 -1032.128
-2877.89 -1424.391 -1067.855
-2888.095 -1429.442 -1071.642
-2901.702 -1436.177 -1076.691
-2880.03 -1481.262 -1111.337
-2883.394 -1482.992 -1112.635
-2893.488 -1488.183 -1116.53
-2877.211 -1536.834 -1153.863
-2883.863 -1540.388 -1156.531
-2856.383 -1583.654 -1189.83
-2866.243 -1589.121 -1193.937
-2882.678 -1598.233 -1200.784
-2863.586 -1647.163 -1238.351
-2866.833 -1649.03 -1239.755
-2879.819 -1656.5 -1245.37
-2859.241 -1705.6 -1283.079
-2865.653 -1709.424 -1285.956
-2878.474 -1717.072 -1291.71
-2853.191 -1764.403 -1328.101
-2865.843 -1772.227 -1333.99
-2869.006 -1774.183 -1335.462
-2820.456 -1807.547 -1361.345
-2798.616 -1793.55 -1350.804
-2789.256 -1787.552 -1346.286
-2740.55 -1819.678 -1371.223
-2722.095 -1807.424 -1361.989
-2703.64 -1795.17 -1352.756
-2651.879 -1823.897 -1375.116
-2633.694 -1811.39 -1365.686
-2572.81 -1832.599 -1382.365
-2554.902 -1819.843 -1372.743
-2536.993 -1807.087 -1363.121
-2482.416 -1831.004 -1381.824
-2473.602 -1824.503 -1376.918
-2461.852 -1815.836 -1370.377
-2404.436 -1836.301 -1386.46
-2389.986 -1825.265 -1378.128
-2381.316 -1818.644 -1373.129
-2332.661 -1844.495 -1393.266
-2312.772 -1828.768 -1381.387
-2295.724 -1815.288 -1371.205
-2247.298 -1839.836 -1390.344
-2238.922 -1832.98 -1385.162
-2187.521 -1854.298 -1401.853
-2176.556 -1845.004 -1394.827
-2168.332 -1838.033 -1389.556
-2114.34 -1855.86 -1403.598
-2095.51 -1839.332 -1391.097
-2084.75 -1829.888 -1383.954
-2031.203 -1846.375 -1396.966
-2023.289 -1839.181 -1391.524
-2015.375 -1831.987 -1386.081
-1967.221 -1852.2 -1401.902
-1959.467 -1844.898 -1396.376
-1908.663 -1861.758 -1409.651
-1647.171 -1664.957 -1261.09
-1642.216 -1659.95 -1257.298
-1559.081 -1693.918 -1283.901
-1591.025 -1793.218 -1359.612
-1602.571 -1806.231 -1369.479
-1122.537 -1313.072 -995.887
-1097.991 -1333.659 -1011.816
-1390.737 -1824.692 -1385.189
-1081.453 -1418.903 -1077.139
-1044.152 -1425.311 -1082.321
-1036.089 -1414.305 -1073.964
-1034.073 -1411.553 -1071.874
-998.096 -1418.614 -1077.545
-996.141 -1415.835 -1075.433
-964.96 -1429.316 -1085.979
-959.278 -1420.9 -1079.584
-955.491 -1415.29 -1075.321
-924.325 -1428.208 -1085.436
-924.325 -1428.208 -1085.436
-916.996 -1416.884 -1076.829
-876.064 -1413.561 -1074.596
-870.754 -1404.994 -1068.083
-863.675 -1393.572 -1059.399
-825.313 -1392.264 -1058.687
-820.191 -1383.625 -1052.118
-817.631 -1379.306 -1048.833
-785.622 -1387.418 -1055.279
-778.226 -1374.357 -1045.344
-740.074 -1370.203 -1042.453
-739.285 -1368.741 -1041.341
-735.335 -1361.429 -1035.779
-702.339 -1365.416 -1039.075
-705.369 -1371.307 -1043.559
-709.158 -1378.672 -1049.163
-686.066 -1403.014 -1067.955
-693.319 -1417.845 -1079.244
-696.945 -1425.261 -1084.888
-670.427 -1445.042 -1100.218
-678.737 -1462.956 -1113.857
-677.352 -1459.97 -1111.583
-634.01 -1443.486 -1099.301
-628.732 -1431.47 -1090.149
-627.413 -1428.466 -1087.862
-591.594 -1426.256 -1086.441
-587.208 -1415.68 -1078.384
-553.093 -1415.896 -1078.806
-522.233 -1336.898 -1018.614
-500.102 -1363.68 -1039.265
-507.382 -1383.532 -1054.394
-509.622 -1389.64 -1059.049
-482.737 -1407.124 -1072.624
-485.896 -1416.331 -1079.643
-488.528 -1424.003 -1085.491
-461.64 -1444.318 -1101.23
-467.552 -1462.816 -1115.335
-439.047 -1481.341 -1129.718
-366.543 -1341.018 -1022.934
-375.462 -1373.649 -1047.826
-380.984 -1393.85 -1063.235
-347.597 -1387.893 -1058.929
-344.863 -1376.977 -1050.6
-313.871 -1378.309 -1051.852
-313.158 -1375.18 -1049.464
-313.158 -1375.18 -1049.464
-282.921 -1379.203 -1052.767
-282.277 -1376.064 -1050.372
-281.955 -1374.495 -1049.175
-251.447 -1376.512 -1050.947
-251.447 -1376.512 -1050.947
-255.183 -1396.963 -1066.56
-230.032 -1434.866 -1095.74
-233.571 -1456.941 -1112.596
-235.088 -1466.402 -1119.821
-201.979 -1463.001 -1117.469
-198.271 -1436.142 -1096.954
-195.871 -1418.763 -1083.68
-164.501 -1419.567 -1084.53
-165.418 -1427.48 -1090.575
-134.488 -1434.196 -1095.945
-134.34 -1432.612 -1094.734
-133.596 -1424.688 -1088.678
-102.057 -1423.037 -1087.652
-102.057 -1423.037 -1087.652
-101.942 -1421.45 -1086.44
-70.545 -1419.359 -1085.075
-70.467 -1417.771 -1083.862
-70.704 -1422.534 -1087.503
-39.487 -1424.773 -1089.449
-39.311 -1418.419 -1084.592
-39.311 -1418.419 -1084.592
-8.179 -1424.99 -1089.85
-8.225 -1432.933 -1095.925
-8.189 -1426.578 -1091.065
23.105 -1423.184 -1088.704
23.234 -1431.126 -1094.779
23.157 -1426.361 -1091.135
85.434 -1418.277 -1085.419
85.147 -1413.518 -1081.776
85.528 -1419.864 -1086.633
116.98 -1421.518 -1088.135
117.111 -1423.103 -1089.348
116.198 -1412.01 -1080.856
146.883 -1406.907 -1077.183
148.204 -1419.567 -1086.877
148.535 -1422.732 -1089.299
179.584 -1418.763 -1086.497
178.584 -1410.864 -1080.448
178.584 -1410.864 -1080.448
210.04 -1411.214 -1080.952
209.805 -1409.638 -1079.744
240.762 -1406.402 -1077.502
242.108 -1414.268 -1083.528
274.38 -1416.86 -1085.753
275.595 -1423.136 -1090.562
327.819 -1515.984 -1161.969
365.796 -1396.958 -1071.216
355.008 -1246.06 -955.721
564.279 -1831.217 -1404.852
564.279 -1831.217 -1404.852
565.229 -1834.3 -1407.218
605.49 -1826.039 -1401.201
606.509 -1829.108 -1403.555
607.526 -1832.177 -1405.911
647.738 -1823.33 -1399.446
647.738 -1823.33 -1399.446
641.228 -1805.005 -1385.381
678.536 -1789.62 -1373.894
686.6 -1810.889 -1390.222
687.752 -1813.927 -1392.555
731.213 -1813.038 -1392.2
743.4 -1843.255 -1415.404
755.587 -1873.472 -1438.607
797.98 -1865.567 -1432.879
799.266 -1868.571 -1435.187
844.315 -1866.015 -1433.569
847.018 -1871.986 -1438.156
849.719 -1877.957 -1442.744
893.752 -1871.675 -1438.269
898.001 -1880.573 -1445.107
902.251 -1889.472 -1451.945
946.662 -1882.418 -1446.883
949.625 -1888.309 -1451.412
952.588 -1894.201 -1455.94
997.23 -1886.406 -1450.313
998.776 -1889.33 -1452.562
1001.868 -1895.179 -1457.058
1048.266 -1889.559 -1453.107
1054.707 -1901.169 -1462.036
1057.928 -1906.974 -1466.5
1103.098 -1897.625 -1459.689
1106.446 -1903.384 -1464.118
1099.75 -1891.866 -1455.258
1137.763 -1870.47 -1439.179
1139.501 -1873.326 -1441.376
1184.177 -1862.756 -1433.627
1191.376 -1874.08 -1442.343
1196.775 -1882.573 -1448.878
1245.498 -1876.767 -1444.804
1249.222 -1882.377 -1449.123
1251.084 -1885.183 -1451.282
1294.335 -1870.181 -1440.132
1296.259 -1872.96 -1442.273
1300.105 -1878.517 -1446.553
1343.269 -1862.81 -1434.862
1345.254 -1865.562 -1436.982
1349.222 -1871.065 -1441.22
1394.323 -1857.373 -1431.087
1396.367 -1860.097 -1433.186
1398.412 -1862.82 -1435.284
1445.552 -1851.085 -1426.663
1453.969 -1861.863 -1434.969
1460.281 -1869.947 -1441.199
1507.751 -1857.263 -1431.855
1518.566 -1870.586 -1442.126
1518.566 -1870.586 -1442.126
1561.777 -1851.735 -1428.031
1550.67 -1838.565 -1417.874
1577.277 -1801.026 -1389.362
1565.88 -1788.012 -1379.324
1552.205 -1772.397 -1367.278
1591.034 -1750.467 -1350.797
1598.043 -1758.179 -1356.746
1612.061 -1773.601 -1368.648
1679.625 -1781.291 -1375.037
1691.588 -1793.979 -1384.831
1696.372 -1799.054 -1388.748
1735.778 -1775.12 -1370.737
1730.882 -1770.112 -1366.871
1748.019 -1787.638 -1380.404
1797.181 -1772.868 -1369.476
1797.181 -1772.868 -1369.476
1804.69 -1780.275 -1375.198
1859.017 -1769.447 -1367.324
1879.474 -1788.919 -1382.37
1897.374 -1805.956 -1395.536
1942.137 -1784.03 -1379.101
1952.578 -1793.621 -1386.516
1963.02 -1803.213 -1393.93
2007.822 -1780.304 -1376.744
2015.81 -1787.387 -1382.222
2065.794 -1768.322 -1368.015
2087.511 -1786.912 -1382.396
2101.084 -1798.53 -1391.384
2137.683 -1766.7 -1367.314
2148.744 -1775.842 -1374.39
2165.337 -1789.555 -1385.003
2210.129 -1763.616 -1365.499
2218.576 -1770.355 -1370.718
2232.654 -1781.589 -1379.415
2285.959 -1761.26 -1364.266
2311.74 -1781.124 -1379.652
2326.063 -1792.159 -1388.201
2382.748 -1772.499 -1373.589
2403.138 -1787.667 -1385.343
2420.616 -1800.668 -1395.419
2474.804 -1777.323 -1377.97
2483.685 -1783.701 -1382.915
2498.487 -1794.331 -1391.156
2552.764 -1769.701 -1372.725
2564.791 -1778.039 -1379.192
2567.798 -1780.123 -1380.809
2628.089 -1758.409 -1364.654
2661.666 -1780.874 -1382.088
2700.601 -1743.563 -1353.843
2722.28 -1757.559 -1364.711
2756.348 -1779.554 -1381.789
2801.527 -1744.842 -1355.578
2810.95 -1750.71 -1360.137
2829.795 -1762.447 -1369.256
2893.781 -1738.106 -1351.118
2922.432 -1755.315 -1364.496
2947.899 -1770.611 -1376.386
3018.841 -1748.01 -1359.632
3041.418 -1761.082 -1369.8
3051.093 -1766.685 -1374.158
3096.221 -1727.623 -1344.62
3096.221 -1727.623 -1344.62
3092.955 -1725.8 -1343.201
3147.177 -1691.406 -1317.301
3183.542 -1710.95 -1332.523
3219.906 -1730.493 -1347.743
3284.451 -1699.298 -1324.368
3311.208 -1713.141 -1335.157
3337.966 -1726.985 -1345.946
3406.11 -1695.463 -1322.349
3443.317 -1713.984 -1336.793
3470.375 -1727.453 -1347.299
3542.27 -1695.307 -1323.25
3613.81 -1661.694 -1298.078
4171.385 -1766.08 -1382.103
4252.553 -1725.151 -1351.408
4288.109 -1739.576 -1362.707
4316.555 -1751.115 -1371.747
4397.76 -1707.582 -1339.06
121.777 -33.36 -26.43
4616.43 -192.224 -181.67
1634.481 446.346 329.124
1632.085 471.075 348.055
1622.673 468.358 346.048
1613.26 465.642 344.041
1597.301 486.19 359.878
1593.56 485.052 359.035
1587.95 483.344 357.771
1575.356 504.65 374.162
1575.356 504.65 374.162
1579.072 505.841 375.044
1567.842 527.614 391.782
1571.531 528.855 392.704
1578.909 531.338 394.548
1572.613 555.042 412.724
1572.613 555.042 412.724
1576.274 556.334 413.685
1569.385 580.071 431.892
1571.201 580.743 432.393
1563.732 604.479 450.603
1570.939 607.264 452.68
1570.939 607.264 452.68
1559.267 629.623 469.868
1566.412 632.507 472.021
1573.556 635.392 474.174
1563.021 658.551 491.966
1566.562 660.042 493.08
1570.102 661.534 494.195
1560.714 685.457 512.563
1565.975 687.768 514.291
1569.482 689.308 515.443
1555.959 711.701 532.671
1561.169 714.083 534.455
1568.115 717.261 536.833
1560.837 742.924 556.516
1565.993 745.379 558.354
1569.431 747.015 559.58
1558.006 771.124 578.106
1561.408 772.808 579.368
1566.511 775.334 581.262
1559.455 802.062 601.757
1569.549 807.253 605.653
1555.024 830.601 623.619
1560.013 833.266 625.621
1565.003 835.931 627.622
1549.81 859.255 645.575
1556.383 862.9 648.314
1564.6 867.456 651.736
1551.92 892.68 671.124
1560.038 897.349 674.634
1566.531 901.084 677.443
1553.03 926.416 696.919
1561.043 931.196 700.515
1569.056 935.977 704.111
1557.867 963.38 725.155
1564.193 967.292 728.099
1572.101 972.182 731.78
1553.747 995.75 749.944
1553.747 995.75 749.944
1550.627 993.751 748.439
1519.452 1008.89 760.251
1510.224 1002.763 755.634
1499.46 995.615 750.248
1462.321 1005.749 758.278
1450.198 997.411 751.992
1420.717 1011.969 763.347
1413.255 1006.654 759.338
1402.808 999.213 753.725
1371.939 1011.928 763.682
1363.125 1005.427 758.776
1354.312 998.926 753.87
1323.596 1010.848 763.22
1313.481 1003.124 757.387
1306.256 997.606 753.221
1277.139 1009.866 762.818
1270.036 1004.25 758.575
1260.091 996.387 752.635
1232.524 1009.053 762.531
1225.545 1003.339 758.212
1196.557 1014.287 766.804
1189.704 1008.478 762.412
1182.851 1002.669 758.02
1154.01 1012.931 766.086
1147.285 1007.028 761.621
1140.56 1001.126 757.157
1111.886 1010.71 764.703
1107.929 1007.113 761.982
1102.653 1002.318 758.353
1076.673 1013.72 767.269
1067.625 1005.202 760.822
1059.87 997.9 755.295
1035.336 1009.893 764.651
1032.805 1007.423 762.782
1005.641 1016.5 769.929
998.21 1008.989 764.239
992.018 1002.73 759.498
966.281 1012.443 767.121
965.07 1011.175 766.16
959.016 1004.831 761.353
930.954 1011.467 766.64
928.588 1008.896 764.692
925.039 1005.041 761.769
899.426 1013.728 768.606
897.117 1011.125 766.632
893.652 1007.221 763.672
868.079 1015.425 770.139
864.702 1011.474 767.142
838.027 1017.897 772.255
834.737 1013.9 769.223
831.447 1009.903 766.191
808.129 1019.848 773.972
804.926 1015.807 770.905
801.724 1011.765 767.838
776.322 1018.56 773.225
774.246 1015.836 771.157
772.171 1013.113 769.09
745.823 1018.079 773.086
741.791 1012.576 768.908
738.768 1008.449 765.773
714.602 1015.678 771.484
714.602 1015.678 771.484
711.669 1011.509 768.318
687.499 1018.335 773.72
684.658 1014.127 770.522
659.577 1019.137 774.543
658.661 1017.722 773.467
655.913 1013.475 770.24
631.828 1019.478 775.011
630.943 1018.05 773.926
629.174 1015.194 771.755
605.115 1020.801 776.225
604.261 1019.362 775.13
601.702 1015.042 771.845
577.712 1020.246 776.005
576.068 1017.343 773.797
575.246 1015.892 772.694
551.304 1020.706 776.555
550.514 1019.244 775.443
549.725 1017.782 774.33
526.564 1023.693 779.026
525.049 1020.748 776.784
501.134 1024.823 780.081
500.408 1023.34 778.952
499.683 1021.857 777.823
475.117 1024.069 779.699
474.424 1022.576 778.562
473.732 1021.083 777.427
449.943 1024.41 780.149
449.283 1022.908 779.005
449.283 1022.908 779.005
426.148 1027.388 782.606
425.522 1025.877 781.455
424.895 1024.366 780.304
401.171 1026.981 782.481
400.577 1025.461 781.324
399.39 1022.423 779.009
375.776 1024.669 780.904
375.216 1023.142 779.74
352.71 1028.106 783.706
352.71 1028.106 783.706
352.183 1026.571 782.536
328.616 1028.133 783.907
328.124 1026.591 782.732
327.631 1025.05 781.556
305.085 1029.354 785.017
305.544 1030.902 786.198
305.085 1029.354 785.017
281.597 1030.237 785.87
281.172 1028.683 784.684
280.747 1027.129 783.499
258.159 1030.783 786.463
257.769 1029.224 785.274
257.378 1027.664 784.084
234.779 1030.994 786.8
234.779 1030.994 786.8
234.423 1029.43 785.606
211.466 1030.872 786.881
211.466 1030.872 786.881
188.8 1033.564 789.11
188.513 1031.991 787.909
188.513 1031.991 787.909
165.826 1034.365 789.896
165.573 1032.788 788.692
165.573 1032.788 788.692
142.65 1033.264 789.228
142.432 1031.684 788.021
142.432 1031.684 788.021
119.938 1035.002 790.727
119.754 1033.42 789.519
119.754 1033.42 789.519
96.89 1033.255 789.564
96.89 1033.255 789.564
97.039 1034.84 790.775
74.295 1035.945 791.792
74.181 1034.359 790.579
74.181 1034.359 790.579
51.449 1035.147 791.352
51.529 1036.735 792.567
28.702 1035.621 791.885
28.702 1035.621 791.885
28.702 1035.621 791.885
5.954 1037.367 793.392
5.945 1035.778 792.177
5.936 1034.19 790.962
-16.839 1037.209 793.442
-16.865 1038.797 794.657
-16.839 1037.209 793.442
-39.627 1036.735 793.251
-39.627 1036.735 793.251
-39.688 1038.323 794.465
-62.498 1037.532 794.031
-62.498 1037.532 794.031
-62.498 1037.532 794.031
-85.42 1038.01 794.568
-85.55 1039.594 795.781
-85.681 1041.179 796.994
-108.386 1038.167 794.862
-108.552 1039.75 796.073
-131.388 1038.004 794.909
-131.588 1039.584 796.119
-131.989 1042.744 798.539
-154.89 1040.672 797.127
-155.124 1042.249 798.335
-155.124 1042.249 798.335
-178.282 1041.43 797.881
-178.552 1043.003 799.088
-178.282 1041.43 797.881
-201.759 1041.855 798.383
-202.063 1043.424 799.586
-202.367 1044.993 800.788
-225.312 1041.945 798.629
-225.312 1041.945 798.629
-225.651 1043.51 799.828
-249.307 1043.259 799.814
-249.68 1044.818 801.009
-249.68 1044.818 801.009
-272.618 1041.114 798.348
-272.618 1041.114 798.348
-295.473 1037.094 795.445
-296.355 1040.19 797.82
-297.237 1043.285 800.193
-320.614 1040.464 798.212
-321.563 1043.547 800.577
-322.513 1046.63 802.942
-345.486 1041.916 799.508
-346.504 1044.985 801.864
-347.521 1048.054 804.219
-370.524 1042.993 800.52
-370.524 1042.993 800.52
-371.066 1044.521 801.692
-395.141 1042.173 800.077
-395.717 1043.692 801.243
-396.292 1045.211 802.41
-419.838 1040.986 799.355
-421.667 1045.518 802.835
-423.495 1050.051 806.316
-447.177 1045.439 802.966
-447.177 1045.439 802.966
-448.462 1048.443 805.273
-473.492 1046.461 803.945
-473.492 1046.461 803.945
-497.866 1042.621 801.191
-499.992 1047.07 804.61
-500.699 1048.553 805.749
-524.442 1042.842 801.559
-524.442 1042.842 801.559
-525.923 1045.788 803.824
-550.409 1041.179 800.482
-553.501 1047.028 804.98
-555.048 1049.953 807.228
-580.491 1046.369 804.678
-582.102 1049.271 806.91
-583.712 1052.174 809.142
-610.135 1049.597 807.37
-612.646 1053.916 810.692
-613.483 1055.356 811.799
-639.232 1050.89 808.577
-641.838 1055.174 811.873
-643.575 1058.029 814.07
-670.374 1054.524 811.59
-673.074 1058.77 814.858
-675.773 1063.017 818.127
-700.011 1054.805 812.027
-702.803 1059.013 815.266
-729.867 1054.582 812.08
-730.829 1055.971 813.151
-734.675 1061.529 817.431
-761.914 1056.601 813.866
-765.882 1062.104 818.105
-768.858 1066.232 821.284
-793.251 1056.688 814.167
-796.318 1060.773 817.314
-799.385 1064.858 820.462
-827.984 1060.265 817.164
-831.139 1064.307 820.279
-832.192 1065.654 821.318
-862.035 1061.864 818.642
-868.524 1069.858 824.805
-871.769 1073.855 827.887
-898.633 1065.472 821.676
-904.187 1072.057 826.755
-909.741 1078.642 831.834
-937.933 1070.986 826.189
-942.491 1076.191 830.205
-947.05 1081.396 834.22
-976.582 1074.443 829.123
-982.423 1080.869 834.081
-984.759 1083.439 836.065
-1015.67 1077.148 831.486
-1022.849 1084.761 837.362
-1026.438 1088.567 840.3
-1056.401 1080.344 834.236
-1062.521 1086.604 839.07
-1091.325 1076.56 831.604
-1096.33 1081.499 835.418
-1102.589 1087.672 840.187
-1135.356 1080.653 835.064
-1141.749 1086.738 839.766
-1148.142 1092.822 844.468
-1177.289 1081.448 835.988
-1183.816 1087.443 840.622
-1191.647 1094.636 846.183
-1223.6 1084.946 839.011
-1231.589 1092.03 844.489
-1235.582 1095.571 847.228
-1264.994 1082.836 837.707
-1273.138 1089.807 843.1
-1283.996 1099.102 850.291
-1317.731 1089.046 842.853
-1323.261 1093.617 846.391
-1332.94 1101.616 852.582
-1369.718 1092.992 846.261
-1379.571 1100.856 852.349
-1388.018 1107.595 857.568
-1422.279 1095.821 848.82
-1432.305 1103.546 854.803
-1442.331 1111.271 860.787
-1476.837 1098.602 851.356
-1485.577 1105.103 856.394
-1494.315 1111.604 861.432
-1530.471 1099.134 852.166
-1545.272 1109.764 860.407
-1584.578 1098.507 852.092
-1596.605 1106.845 858.559
-1608.632 1115.183 865.027
-1645.227 1100.793 854.295
-1660.489 1111.004 862.22
-1678.803 1123.258 871.73
-1715.748 1107.722 860.125
-1725.04 1113.721 864.783
-1740.525 1123.718 872.545
-1787.073 1113.021 864.713
-1805.918 1124.758 873.832
-1815.34 1130.626 878.391
-1855.967 1114.759 866.559
-1878.251 1128.143 876.964
-1897.352 1139.616 885.881
-1935.155 1120.519 871.559
-1951.281 1129.857 878.822
-1973.858 1142.929 888.991
-2018.422 1126.235 876.556
-2044.551 1140.814 887.903
-2067.413 1153.571 897.832
-2109.138 1133.526 882.814
-2132.279 1145.963 892.5
-2180.715 1128.251 879.316
-2204.128 1140.364 888.756
-2227.54 1152.477 898.197
-2272.994 1131.431 882.441
-2300.054 1144.901 892.946
-2330.497 1160.054 904.764
-2376.33 1137.296 887.702
-2403.683 1150.387 897.92
-2437.875 1166.751 910.693
-2490.972 1145.393 894.756
-2518.611 1158.102 904.683
-2546.251 1170.811 914.611
-2610.175 1152.185 900.844
-2645.07 1167.588 912.889
-2676.476 1181.451 923.728
-2733.948 1157.498 905.837
-2772.703 1173.906 918.679
-2814.981 1191.805 932.686
-2880.073 1168.372 915.251
-2922.741 1185.681 928.81
-2954.742 1198.663 938.979
-2980.863 1157.423 907.633
-2966.516 1151.852 903.265
-2959.341 1149.067 901.081
-2977.138 1105.089 867.577
-2973.521 1103.746 866.523
-2986.616 1058.392 831.932
-2975.675 1054.515 828.884
-2972.029 1053.223 827.869
-2994.954 1011.777 796.341
-2983.93 1008.053 793.409
-2972.905 1004.329 790.478
-2994.756 962.882 758.942
-2976.246 956.931 754.252
-2968.843 954.551 752.375
-2974.69 908.618 717.287
-2956.051 902.925 712.793
-2952.323 901.786 711.894
-2956.912 856.302 677.139
-2953.16 855.216 676.28
-2941.903 851.956 673.702
-2952.856 808.906 640.858
-2949.08 807.871 640.038
-2962.817 765.819 607.978
-2959.018 764.837 607.198
-2955.22 763.856 606.419
-2964.149 720.852 573.595
-2964.149 720.852 573.595
-2960.329 719.923 572.855
-2964.412 676.09 539.36
-2933.693 669.084 533.77
-2895.293 660.326 526.784
-2898.014 617.569 494.101
-2894.155 616.747 493.443
-2894.155 616.747 493.443
-2903.62 575.713 462.129
-2899.743 574.945 461.512
-2891.989 573.407 460.279
-2904.378 533.183 429.605
-2900.485 532.468 429.03
-2927.607 494.778 400.406
-2947.151 498.08 403.078
-2919.79 493.456 399.336
-2899.037 448.015 364.424
-2899.037 448.015 364.424
-2895.113 447.409 363.932
-2896.862 406.067 332.324
-2896.862 406.067 332.324
-2892.926 405.515 331.872
-2897.677 364.819 300.781
-2893.729 364.322 300.371
-2889.781 363.825 299.962
-2913.399 325.449 270.786
-2897.565 323.68 269.314
-2889.649 322.795 268.579
-2896.531 282.661 237.934
-2892.563 282.274 237.608
-2888.595 281.887 237.282
-2894.579 241.777 206.648
-2894.579 241.777 206.648
-2890.603 241.445 206.364
-2891.714 201.04 175.469
-2887.731 200.763 175.227
-2891.932 160.684 144.604
-2895.921 160.905 144.804
-2895.921 160.905 144.804
-2891.259 120.389 113.78
-2887.266 120.223 113.623
-2891.259 120.389 113.78
-2893.694 80.28 83.12
-2885.7 80.058 82.89
-2881.703 79.947 82.775
-2891.248 40.091 52.363
-2895.247 40.146 52.435
-2887.249 40.035 52.29
-2891.955 0.0 16.152
-2907.955 0.0 16.241
-2931.954 0.0 16.375
-2935.664 -42.915 -11.601
-2931.663 -42.857 -11.586
-2931.663 -42.857 -11.586
-2930.481 -85.7 -39.544
-2930.481 -85.7 -39.544
-2926.482 -85.583 -39.49
-2924.409 -128.343 -67.397
-2924.409 -128.343 -67.397
-2928.405 -128.518 -67.49
-2929.427 -171.53 -95.545
-2925.437 -171.296 -95.415
-2929.427 -171.53 -95.545
-2925.563 -214.314 -123.479
-2925.563 -214.314 -123.479
-2929.548 -214.606 -123.647
-2924.786 -257.384 -151.581
-2928.765 -257.734 -151.788
-2927.077 -300.899 -179.959
-2923.105 -300.491 -179.714
-2923.105 -300.491 -179.714
-2916.554 -343.157 -207.586
-2920.516 -343.623 -207.868
-2924.479 -344.089 -208.15
-2917.02 -386.766 -236.034
-2920.973 -387.29 -236.354
-2924.924 -387.814 -236.674
-2916.554 -430.488 -264.561
-2920.495 -431.07 -264.918
-2282.484 -406.076 -252.175
-2262.909 -402.593 -250.012
-2250.395 -434.834 -271.117
-2250.395 -434.834 -271.117
-2258.196 -436.341 -272.056
-2349.866 -490.332 -306.768
-2890.112 -693.485 -436.288
-2897.808 -695.332 -437.449
-2897.808 -695.332 -437.449
-2883.032 -737.547 -465.073
-2894.519 -740.485 -466.926
-2909.833 -744.403 -469.397
-2905.457 -789.889 -499.096
-2920.689 -794.03 -501.713
-2928.305 -796.101 -503.021
-2907.64 -837.65 -530.243
-2911.426 -838.74 -530.933
-2918.998 -840.922 -532.314
-2912.474 -886.854 -562.317
-2912.474 -886.854 -562.317
-2897.444 -930.444 -590.839
-2901.183 -931.645 -591.601
-2908.66 -934.046 -593.125
-2892.622 -977.625 -621.646
-2896.336 -978.88 -622.445
-2900.048 -980.135 -623.242
-2886.711 -1024.942 -652.549
-2890.397 -1026.251 -653.382
-2894.084 -1027.56 -654.216
-2876.045 -1071.014 -682.666
-2879.703 -1072.377 -683.534
-2890.681 -1076.465 -686.14
-2882.485 -1124.16 -717.302
-2897.006 -1129.823 -720.916
-2900.637 -1131.239 -721.819
-2887.578 -1177.811 -752.276
-2898.379 -1182.217 -755.09
-2873.457 -1224.34 -782.71
-2887.735 -1230.424 -786.599
-2902.013 -1236.507 -790.489
-2886.572 -1283.39 -821.161
-2893.648 -1286.536 -823.174
-2900.722 -1289.682 -825.186
-2877.065 -1333.441 -853.868
-2884.073 -1336.689 -855.948
-2894.587 -1341.562 -859.067
-2866.345 -1383.596 -886.648
-2862.875 -1381.921 -885.576
-2887.166 -1393.647 -893.089
-2878.449 -1445.915 -927.237
-2881.883 -1447.64 -928.344
-2892.187 -1452.817 -931.664
-2875.223 -1501.894 -963.777
-2885.418 -1507.22 -967.194
-2863.809 -1554.561 -998.2
-2877.254 -1561.859 -1002.886
-2890.699 -1569.158 -1007.573
-2867.684 -1616.709 -1038.724
-2874.33 -1620.455 -1041.131
-2880.975 -1624.202 -1043.538
-2853.413 -1669.823 -1073.455
-2863.263 -1675.588 -1077.16
-2879.68 -1685.195 -1083.337
-2866.982 -1740.726 -1119.636
-2873.468 -1744.664 -1122.169
-2883.198 -1750.571 -1125.969
-2852.838 -1796.388 -1156.029
-2862.444 -1802.436 -1159.921
-2875.251 -1810.501 -1165.111
-2853.037 -1862.469 -1199.139
-2868.834 -1872.782 -1205.779
-2884.631 -1883.094 -1212.419
-2860.687 -1935.414 -1246.685
-2876.269 -1945.955 -1253.476
-2847.722 -1996.212 -1286.422
-2863.082 -2006.979 -1293.361
-2856.938 -2002.672 -1290.586
-2787.682 -2024.239 -1305.043
-2778.602 -2017.646 -1300.793
-2763.467 -2006.657 -1293.707
-2700.515 -2030.946 -1309.906
-2691.573 -2024.221 -1305.568
-2679.65 -2015.255 -1299.785
-2619.788 -2040.301 -1316.459
-2610.987 -2033.446 -1312.037
-2593.386 -2019.738 -1303.191
-2530.841 -2040.94 -1317.373
-2516.412 -2029.304 -1309.862
-2459.691 -2053.825 -1326.177
-2448.344 -2044.35 -1320.059
-2439.832 -2037.243 -1315.469
-2380.415 -2058.028 -1329.362
-2360.903 -2041.159 -1318.465
-2352.541 -2033.929 -1313.795
-2304.451 -2062.998 -1333.028
-2296.24 -2055.648 -1328.279
-2285.294 -2045.848 -1321.946
-2231.693 -2068.873 -1337.268
-2218.266 -2056.425 -1329.222
-2210.209 -2048.956 -1324.394
-1659.047 -1592.868 -1029.92
-1612.788 -1603.959 -1037.415
-1597.305 -1588.561 -1027.455
-1581.822 -1573.163 -1017.496
-1533.724 -1580.34 -1022.447
-1521.091 -1567.323 -1014.025
-1513.511 -1559.512 -1008.972
-1483.336 -1583.955 -1025.087
-1490.752 -1591.874 -1030.212
-1488.28 -1589.234 -1028.504
-1445.349 -1599.96 -1035.741
-1683.268 -2004.676 -1298.448
-1102.083 -1362.299 -882.609
-1492.734 -1916.175 -1241.774
-1431.357 -1909.19 -1237.56
-1371.717 -1829.64 -1185.995
-1074.633 -1490.364 -966.31
-1089.127 -1510.465 -979.343
-1071.618 -1546.383 -1002.875
-1073.628 -1549.285 -1004.756
-1081.67 -1560.89 -1012.283
-1047.088 -1573.45 -1020.67
-1039.288 -1561.73 -1013.067
-1037.339 -1558.799 -1011.166
-995.31 -1558.852 -1011.435
-925.431 -1449.407 -940.424
-893.31 -1459.651 -947.287
-893.31 -1459.651 -947.287
-892.396 -1458.159 -946.318
-860.159 -1467.892 -952.848
-856.63 -1461.87 -948.938
-855.748 -1460.365 -947.961
-822.68 -1468.019 -953.14
-817.575 -1458.91 -947.226
-784.636 -1465.97 -952.016
-782.18 -1461.379 -949.034
-781.361 -1459.849 -948.041
-751.65 -1472.512 -956.468
-750.863 -1470.97 -955.466
-750.863 -1470.97 -955.466
-724.666 -1490.962 -968.655
-726.176 -1494.068 -970.673
-726.176 -1494.068 -970.673
-698.583 -1512.194 -982.653
-703.64 -1523.141 -989.767
-699.305 -1513.758 -983.67
-654.587 -1493.762 -970.873
-612.885 -1477.682 -960.616
-572.157 -1379.487 -896.78
-495.944 -1266.493 -823.49
-494.696 -1263.307 -821.418
-492.825 -1258.528 -818.31
-465.37 -1262.269 -820.905
-465.37 -1262.269 -820.905
-464.779 -1260.667 -819.863
-437.35 -1263.981 -822.178
-436.235 -1260.761 -820.083
-434.563 -1255.93 -816.942
-407.302 -1258.788 -818.958
-406.255 -1255.552 -816.853
-379.563 -1259.607 -819.647
-379.563 -1259.607 -819.647
-378.583 -1256.357 -817.532
-351.455 -1258.368 -818.996
-350.087 -1253.472 -815.808
-349.631 -1251.839 -814.747
-323.511 -1256.693 -818.059
-322.667 -1253.416 -815.926
-321.823 -1250.139 -813.792
-295.354 -1252.942 -815.769
-294.579 -1249.653 -813.627
-294.579 -1249.653 -813.627
-268.156 -1252.053 -815.341
-267.803 -1250.403 -814.267
-241.721 -1254.06 -816.799
-241.402 -1252.406 -815.72
-241.083 -1250.752 -814.643
-214.996 -1254.018 -816.92
-214.711 -1252.36 -815.84
-214.711 -1252.36 -815.84
-188.094 -1251.916 -815.698
-187.844 -1250.253 -814.616
-187.595 -1248.59 -813.532
-161.558 -1251.076 -815.299
-161.558 -1251.076 -815.299
-160.913 -1246.078 -812.042
-134.751 -1246.505 -812.467
-134.931 -1248.174 -813.554
-135.111 -1249.843 -814.642
-108.762 -1248.219 -813.73
-108.617 -1246.548 -812.641
-82.631 -1247.879 -813.654
-82.52 -1246.207 -812.564
-82.52 -1246.207 -812.564
-56.543 -1247.157 -813.329
-56.543 -1247.157 -813.329
-56.543 -1247.157 -813.329
-30.55 -1247.727 -813.846
-30.55 -1247.727 -813.846
-30.509 -1246.052 -812.753
-4.541 -1246.242 -813.022
-4.553 -1249.592 -815.207
-4.553 -1249.592 -815.207
21.515 -1251.076 -816.322
21.515 -1251.076 -816.322
21.544 -1252.751 -817.414
47.647 -1252.179 -817.187
47.519 -1248.831 -815.002
47.519 -1248.831 -815.002
73.735 -1251.225 -816.711
73.932 -1254.57 -818.894
99.933 -1251.561 -817.076
100.067 -1253.232 -818.167
100.067 -1253.232 -818.167
126.172 -1251.511 -817.19
126.508 -1254.849 -819.369
126.845 -1258.186 -821.548
153.05 -1256.073 -820.317
153.253 -1257.739 -821.405
153.456 -1259.405 -822.493
179.683 -1256.903 -821.006
179.921 -1258.566 -822.093
179.921 -1258.566 -822.093
206.401 -1257.336 -821.439
206.401 -1257.336 -821.439
206.674 -1258.995 -822.522
232.889 -1255.715 -820.528
233.195 -1257.369 -821.609
233.809 -1260.678 -823.772
260.056 -1257.001 -821.519
261.08 -1261.95 -824.754
288.101 -1261.163 -824.391
288.477 -1262.807 -825.466
289.228 -1266.096 -827.616
316.402 -1264.885 -826.977
316.811 -1266.523 -828.048
317.221 -1268.162 -829.12
344.504 -1266.529 -828.207
344.948 -1268.161 -829.274
346.28 -1273.057 -832.476
616.509 -2096.637 -1371.288
660.138 -2087.194 -1365.371
661.161 -2090.43 -1367.488
664.231 -2100.138 -1373.839
709.019 -2093.217 -1369.574
711.2 -2099.658 -1373.788
703.565 -2077.116 -1359.039
679.626 -1880.588 -1230.691
712.624 -1854.337 -1213.749
715.073 -1860.709 -1217.92
718.746 -1870.268 -1224.176
792.496 -1944.902 -1273.279
793.788 -1948.07 -1275.353
835.659 -1939.215 -1269.81
837.016 -1942.363 -1271.872
837.016 -1942.363 -1271.872
877.407 -1929.729 -1263.854
880.251 -1935.984 -1267.951
885.94 -1948.494 -1276.145
929.428 -1941.356 -1271.731
930.916 -1944.462 -1273.765
930.916 -1944.462 -1273.765
972.894 -1933.539 -1266.873
974.445 -1936.623 -1268.894
980.651 -1948.958 -1276.976
1024.398 -1940.344 -1271.601
1024.398 -1940.344 -1271.601
1066.408 -1928.008 -1263.788
1068.088 -1931.044 -1265.777
1069.767 -1934.08 -1267.767
1111.706 -1921.057 -1259.506
1115.191 -1927.079 -1263.454
1116.934 -1930.09 -1265.428
1164.262 -1925.307 -1262.572
1167.872 -1931.277 -1266.486
1169.677 -1934.262 -1268.444
1211.734 -1919.725 -1259.195
1215.469 -1925.641 -1263.075
1217.336 -1928.599 -1265.016
1261.26 -1916.268 -1257.217
1263.188 -1919.199 -1259.14
1268.974 -1927.989 -1264.906
1311.013 -1911.945 -1254.674
1314.992 -1917.748 -1258.482
1322.949 -1929.353 -1266.097
1367.122 -1915.362 -1257.216
1373.27 -1923.976 -1262.871
1417.444 -1909.19 -1253.471
1419.554 -1912.031 -1255.337
1425.882 -1920.554 -1260.932
1470.097 -1904.936 -1250.99
1467.929 -1902.127 -1249.145
1470.097 -1904.936 -1250.99
1520.779 -1896.943 -1246.058
1523.006 -1899.72 -1247.882
1518.553 -1894.166 -1244.234
1553.304 -1866.091 -1226.112
1555.588 -1868.835 -1227.915
1548.735 -1860.602 -1222.506
1577.988 -1826.741 -1200.578
1573.306 -1821.32 -1197.016
1577.988 -1826.741 -1200.578
1620.693 -1808.651 -1189.014
1627.885 -1816.677 -1194.291
1642.27 -1832.73 -1204.845
1690.109 -1818.908 -1196.094
1697.468 -1826.828 -1201.302
1707.281 -1837.387 -1208.246
1747.906 -1814.658 -1193.644
1755.429 -1822.468 -1198.782
1806.04 -1809.266 -1190.451
1808.602 -1811.832 -1192.14
1813.726 -1816.965 -1195.517
1867.098 -1805.25 -1188.172
1888.017 -1825.477 -1201.485
1908.937 -1845.704 -1214.798
1963.214 -1832.359 -1206.395
1965.881 -1834.849 -1208.034
1968.549 -1837.338 -1209.673
2017.515 -1817.987 -1197.322
2031.111 -1830.237 -1205.39
2041.987 -1840.038 -1211.844
2088.437 -1817.041 -1197.101
2102.286 -1829.091 -1205.039
2116.134 -1841.14 -1212.978
2174.028 -1826.412 -1203.693
2185.308 -1835.887 -1209.937
2188.127 -1838.256 -1211.499
2229.085 -1808.222 -1192.132
2243.429 -1819.857 -1199.804
2266.38 -1838.475 -1212.078
2327.801 -1823.247 -1202.487
2342.387 -1834.671 -1210.021
2395.207 -1811.263 -1195.045
2415.958 -1826.955 -1205.398
2436.708 -1842.647 -1215.751
2489.917 -1817.64 -1199.734
2495.939 -1822.035 -1202.635
2507.982 -1830.827 -1208.438
2561.166 -1804.558 -1191.597
2579.503 -1817.479 -1200.129
2591.729 -1826.092 -1205.817
2641.927 -1796.266 -1186.639
2654.331 -1804.7 -1192.21
2660.532 -1808.916 -1194.996
2729.407 -1790.28 -1183.222
2770.286 -1817.093 -1200.943
2786.008 -1827.406 -1207.759
2842.934 -1798.404 -1189.155
2865.244 -1812.517 -1198.488
2881.18 -1822.598 -1205.153
2941.476 -1793.892 -1186.763
2973.765 -1813.584 -1199.79
2999.595 -1829.337 -1210.212
3053.765 -1794.723 -1187.932
3066.843 -1802.41 -1193.02
3117.335 -1764.704 -1168.703
3117.335 -1764.704 -1168.703
3110.716 -1760.957 -1166.222
3173.887 -1729.723 -1146.197
3217.411 -1753.442 -1161.914
3254.238 -1773.513 -1175.214
3321.344 -1741.558 -1154.742
3334.885 -1748.66 -1159.451
3408.64 -1718.534 -1140.208
3778.892 -1757.348 -1167.598
3850.397 -1717.478 -1141.987
3871.553 -1726.915 -1148.262
4220.297 -1803.81 -1200.375
4293.364 -1756.437 -1169.878
4343.62 -1776.997 -1183.572
4372.339 -1788.746 -1191.397
5775.059 -253.529 -197.657
5555.934 -162.515 -137.055
5494.785 -80.334 -83.099
1639.333 472.269 298.952
1619.923 493.269 312.762
1608.634 489.832 310.582
1602.99 488.113 309.492
1587.052 509.643 323.627
1581.444 507.842 322.484
1581.444 507.842 322.484
1572.561 531.482 337.955
1574.418 532.109 338.354
1576.275 532.737 338.754
1566.861 556.322 354.194
1570.547 557.631 355.027
1566.091 583.199 371.731
1571.579 585.242 373.035
1575.238 586.605 373.903
1566.489 610.926 389.818
1568.304 611.634 390.27
1571.934 613.049 391.174
1562.604 637.369 407.092
1566.205 638.838 408.03
1571.605 641.041 409.437
1565.231 666.923 426.358
1567.015 667.683 426.845
1572.37 669.965 428.303
1563.56 695.17 444.795
1565.328 695.956 445.299
1570.635 698.315 446.808
1561.184 723.566 463.335
1562.937 724.378 463.855
1568.193 726.815 465.415
1559.833 752.938 482.505
1565.038 755.45 484.115
1571.978 758.8 486.261
1562.88 785.073 503.452
1566.315 786.799 504.559
1554.863 812.195 521.191
1558.262 813.97 522.33
1563.359 816.633 524.04
1549.55 841.141 540.106
1556.272 844.791 542.449
1568.036 851.177 546.55
1558.451 878.605 564.498
1561.775 880.479 565.701
1563.436 881.415 566.303
1549.84 906.969 583.05
1554.765 909.852 584.904
1561.332 913.695 587.374
1553.49 943.221 606.68
1561.597 948.144 609.847
1564.84 950.113 611.114
1548.089 974.807 627.318
1552.892 977.832 629.264
1562.498 983.88 633.156
1554.478 1014.767 653.351
1560.797 1018.892 656.007
1545.644 1045.714 673.59
1551.876 1049.93 676.306
1559.666 1055.201 679.702
1546.74 1084.242 698.72
1554.42 1089.626 702.189
1560.564 1093.933 704.965
1537.614 1116.519 719.829
1552.748 1127.508 726.913
1555.775 1129.706 728.33
1515.687 1139.885 735.195
1509.724 1135.402 732.304
1499.292 1127.556 727.244
1460.98 1137.816 734.151
1452.178 1130.962 729.728
1444.845 1125.25 726.043
1414.039 1140.32 736.047
1403.938 1132.175 730.789
1370.278 1144.172 738.804
1361.767 1137.066 734.216
1353.256 1129.959 729.626
1322.608 1143.483 738.621
1315.639 1137.458 734.73
1305.883 1129.024 729.281
1272.648 1139.304 736.174
1267.175 1134.404 733.007
1261.701 1129.504 729.841
1231.326 1141.49 737.831
1224.611 1135.266 733.807
1216.555 1127.797 728.98
1186.35 1139.027 736.475
1182.4 1135.234 734.023
1177.134 1130.178 730.753
1145.725 1139.453 736.98
1137.983 1131.754 732.0
1109.234 1142.948 739.463
1104.18 1137.741 736.095
1096.6 1129.93 731.041
1068.002 1140.447 738.063
1065.529 1137.807 736.353
1060.585 1132.528 732.937
1032.047 1142.446 739.568
1027.213 1137.095 736.103
1024.795 1134.42 734.371
996.334 1143.746 740.614
990.431 1136.97 736.227
986.89 1132.904 733.595
958.576 1141.609 739.431
953.968 1136.12 735.877
948.207 1129.259 731.433
921.211 1138.721 737.757
920.088 1137.333 736.857
894.108 1147.738 743.79
889.731 1142.119 740.148
885.353 1136.5 736.507
859.454 1146.366 743.089
855.193 1140.684 739.405
850.933 1135.002 735.722
824.092 1142.899 741.024
823.057 1141.464 740.094
820.986 1138.592 738.231
792.153 1143.105 741.337
789.137 1138.753 738.514
788.132 1137.303 737.574
763.38 1147.124 744.119
761.43 1144.194 742.219
733.735 1149.173 745.622
729.957 1143.257 741.783
729.013 1141.778 740.824
702.408 1147.722 744.85
698.754 1141.752 740.976
696.928 1138.767 739.038
670.483 1144.203 742.733
668.719 1141.192 740.779
667.836 1139.687 739.801
642.32 1146.178 744.178
641.469 1144.66 743.193
639.768 1141.624 741.221
613.458 1146.15 744.321
611.82 1143.089 742.334
610.182 1140.029 740.347
584.791 1145.63 744.143
584.005 1144.088 743.141
559.352 1150.836 747.681
557.842 1147.73 745.663
557.087 1146.177 744.653
532.425 1152.52 748.93
530.981 1149.393 746.898
528.814 1144.701 743.849
504.218 1150.622 747.849
504.218 1150.622 747.849
503.528 1149.048 746.825
478.877 1154.588 750.578
477.564 1151.42 748.518
476.25 1148.253 746.46
451.653 1153.385 749.945
450.405 1150.199 747.873
425.802 1154.944 751.107
424.621 1151.74 749.023
424.03 1150.138 747.981
399.464 1154.49 750.958
398.907 1152.88 749.91
398.35 1151.27 748.863
374.32 1156.856 752.641
373.274 1153.62 750.536
372.75 1152.002 749.484
349.198 1158.839 754.075
348.218 1155.588 751.96
346.748 1150.712 748.787
322.28 1153.912 751.012
321.825 1152.28 749.949
322.28 1153.912 751.012
298.625 1160.024 755.131
297.359 1155.109 751.932
296.516 1151.832 749.799
272.485 1155.929 752.606
272.485 1155.929 752.606
247.665 1156.375 753.036
247.311 1154.726 751.961
247.311 1154.726 751.961
222.905 1156.449 753.222
222.905 1156.449 753.222
222.905 1156.449 753.222
198.502 1157.811 754.246
198.502 1157.811 754.246
198.502 1157.811 754.246
174.356 1160.474 756.119
174.356 1160.474 756.119
174.356 1160.474 756.119
149.941 1161.118 756.675
149.726 1159.452 755.59
149.726 1159.452 755.59
125.551 1161.403 756.998
125.551 1161.403 756.998
125.37 1159.734 755.91
101.046 1159.657 755.995
101.191 1161.328 757.085
76.982 1162.569 758.029
76.982 1162.569 758.029
76.982 1162.569 758.029
52.748 1163.455 758.742
52.748 1163.455 758.742
52.748 1163.455 758.742
28.5 1163.987 759.225
28.5 1163.987 759.225
28.541 1165.661 760.317
4.248 1165.839 760.569
4.236 1162.489 758.383
4.236 1162.489 758.383
-20.046 1165.661 760.589
-20.046 1165.661 760.589
-20.046 1165.661 760.589
-44.334 1165.129 760.377
-44.27 1163.455 759.284
-44.27 1163.455 759.284
-68.609 1164.241 759.934
-68.707 1165.914 761.026
-92.996 1164.67 760.349
-92.996 1164.67 760.349
-93.129 1166.341 761.44
-117.423 1164.74 760.532
-117.423 1164.74 760.532
-117.423 1164.74 760.532
-141.886 1164.45 760.479
-141.886 1164.45 760.479
-142.089 1166.116 761.567
-166.612 1165.462 761.277
-166.612 1165.462 761.277
-166.85 1167.124 762.364
-190.881 1162.787 759.668
-191.425 1166.104 761.835
-191.698 1167.763 762.919
-216.013 1164.721 761.07
-216.32 1166.376 762.151
-216.626 1168.03 763.232
-241.968 1169.572 764.379
-242.309 1171.222 765.458
-242.651 1172.871 766.536
-267.066 1169.083 764.201
-267.066 1169.083 764.201
-290.992 1163.301 760.562
-290.582 1161.663 759.491
-292.221 1168.216 763.776
-316.979 1165.337 762.035
-316.979 1165.337 762.035
-317.867 1168.601 764.17
-341.708 1162.089 760.055
-342.665 1165.34 762.181
-343.621 1168.591 764.307
-367.937 1163.328 761.009
-367.937 1163.328 761.009
-368.961 1166.564 763.127
-395.414 1167.371 763.801
-395.414 1167.371 763.801
-420.28 1162.953 761.057
-474.336 1164.091 762.101
-584.201 1161.049 760.731
-648.243 1171.986 768.223
-653.28 1181.095 774.194
-681.312 1177.325 771.891
-736.563 1166.921 765.412
-770.449 1170.565 767.979
-812.669 1185.174 777.746
-849.583 1190.281 781.284
-853.682 1196.024 785.053
-854.708 1197.46 785.996
-884.849 1191.823 782.487
-890.122 1198.926 787.15
-893.285 1203.187 789.948
-922.606 1195.502 785.098
-926.942 1201.121 788.788
-931.279 1206.741 792.479
-961.898 1199.823 788.137
-963.012 1201.212 789.049
-969.692 1209.544 794.522
-1001.653 1203.354 790.662
-1006.222 1208.843 794.268
-1011.932 1215.703 798.776
-1040.676 1204.727 791.776
-1045.358 1210.148 795.339
-1052.383 1218.279 800.682
-1082.46 1207.997 794.142
-1087.254 1213.348 797.66
-1117.336 1202.486 790.742
-1123.469 1209.085 795.081
-1130.828 1217.005 800.289
-1161.091 1205.433 792.908
-1167.361 1211.941 797.19
-1173.63 1218.45 801.471
-1206.589 1208.744 795.322
-1216.835 1219.009 802.077
-1223.24 1225.425 806.298
-1252.577 1211.085 797.107
-1259.115 1217.406 801.268
-1268.267 1226.255 807.092
-1303.029 1216.179 800.712
-1309.699 1222.403 804.809
-1317.7 1229.872 809.727
-1352.715 1218.933 802.786
-1359.512 1225.058 806.82
-1370.388 1234.859 813.275
-1405.678 1223.009 805.741
-1412.603 1229.033 809.71
-1423.682 1238.673 816.061
-1460.631 1227.083 808.706
-1469.091 1234.19 813.39
-1477.55 1241.297 818.074
-1511.876 1226.426 808.563
-1526.22 1238.062 816.235
-1569.37 1229.207 810.699
-1578.121 1236.061 815.22
-1592.706 1247.485 822.754
-1630.401 1232.914 813.459
-1639.294 1239.639 817.896
-1651.152 1248.606 823.812
-1692.06 1235.204 815.297
-1707.114 1246.193 822.55
-1722.168 1257.182 829.803
-1760.419 1240.364 819.046
-1769.588 1246.825 823.311
-1784.87 1257.592 830.42
-1838.806 1250.218 825.912
-1848.109 1256.543 830.09
-1857.412 1262.868 834.269
-1905.554 1249.896 826.074
-1924.421 1262.271 834.253
-1940.144 1272.584 841.069
-1991.967 1260.092 833.209
-2011.089 1272.189 841.208
-2027.025 1282.27 847.873
-2076.146 1266.161 837.638
-2095.519 1277.976 845.455
-2118.121 1291.76 854.574
-2170.985 1275.906 844.526
-2190.602 1287.435 852.157
-2240.378 1268.264 839.928
-2266.852 1283.251 849.853
-2286.708 1294.491 857.297
-2330.195 1269.923 841.511
-2353.632 1282.695 849.975
-2387.111 1300.941 862.066
-2441.069 1279.983 848.694
-2454.611 1287.085 853.402
-2481.697 1301.287 862.82
-2549.635 1285.449 852.866
-2583.858 1302.704 864.314
-2611.237 1316.507 873.472
-2672.991 1294.818 859.668
-2704.112 1309.894 869.677
-2738.691 1326.644 880.798
-2807.975 1305.83 867.606
-2839.407 1320.447 877.318
-2884.811 1341.562 891.346
-2940.688 1311.701 872.176
-2965.37 1322.71 879.497
-2975.948 1327.428 882.635
-2992.639 1279.093 851.194
-2985.522 1276.051 849.169
-2986.688 1221.869 813.827
-2972.329 1215.995 809.915
-2968.739 1214.526 808.937
-2982.893 1166.635 777.772
-2979.273 1165.219 776.827
-2975.653 1163.803 775.884
-2988.662 1115.98 744.757
-2977.714 1111.893 742.029
-2974.065 1110.53 741.12
-2989.558 1064.211 710.988
-2985.881 1062.902 710.113
-2982.203 1061.593 709.239
-2992.917 1014.019 678.261
-2978.1 1008.999 674.903
-2966.988 1005.234 672.385
-2968.992 955.656 640.052
-2950.342 949.653 636.032
-2950.342 949.653 636.032
-2973.593 907.478 608.646
-2962.33 904.041 606.341
-2961.984 855.101 574.411
-2954.428 852.919 572.945
-2954.428 852.919 572.945
-2964.308 807.488 543.361
-2960.507 806.453 542.664
-2956.707 805.418 541.968
-2965.554 760.075 512.436
-2961.733 759.095 511.775
-2923.517 749.301 505.172
-2904.266 698.103 471.663
-2908.108 699.026 472.286
-2911.949 699.949 472.91
-2922.386 656.374 444.54
-2903.084 652.039 441.604
-2896.993 605.418 411.154
-2896.993 605.418 411.154
-2889.236 603.797 410.054
-2901.532 561.44 382.489
-2905.426 562.194 383.002
-2897.637 560.687 381.975
-2920.764 520.306 355.76
-2932.494 522.396 357.189
-2916.853 519.61 355.284
-2903.847 473.031 324.824
-2899.924 472.392 324.385
-2895.999 471.753 323.946
-2901.606 428.743 295.917
-2897.669 428.161 295.516
-2893.732 427.58 295.114
-2902.355 385.194 267.51
-2898.406 384.67 267.146
-2894.457 384.146 266.782
-2906.135 342.224 239.498
-2898.216 341.292 238.845
-2890.298 340.359 238.193
-2897.104 298.041 210.623
-2889.166 297.225 210.045
-2895.074 254.933 182.487
-2895.074 254.933 182.487
-2895.074 254.933 182.487
-2896.115 212.271 154.66
-2892.132 211.979 154.448
-2892.132 211.979 154.448
-2896.263 169.66 126.863
-2892.274 169.427 126.687
-2888.283 169.193 126.513
-2895.518 127.115 99.102
-2895.518 127.115 99.102
-2887.53 126.765 98.828
-2889.885 84.531 71.288
-2897.879 84.765 71.486
-2897.879 84.765 71.486
-2891.361 42.272 43.727
-2887.361 42.214 43.667
-2891.96 0.0 15.142
-2911.96 0.0 15.247
-2923.96 0.0 15.31
-2927.65 -43.939 -10.76
-2935.65 -44.059 -10.789
-2931.65 -43.999 -10.775
-2926.449 -87.865 -36.848
-2926.449 -87.865 -36.848
-2926.449 -87.865 -36.848
-2928.352 -131.943 -63.01
-2924.357 -131.763 -62.924
-2928.352 -131.943 -63.01
-2929.355 -176.102 -89.225
-2929.355 -176.102 -89.225
-2929.355 -176.102 -89.225
-2925.472 -220.027 -115.326
-2921.486 -219.727 -115.169
-2920.696 -263.885 -141.392
-2924.675 -264.244 -141.585
-2928.654 -264.604 -141.778
-2926.946 -308.92 -168.1
-2926.946 -308.92 -168.1
-2926.946 -308.92 -168.1
-2920.367 -352.782 -194.179
-2924.329 -353.261 -194.442
-2924.329 -353.261 -194.442
-2920.803 -397.613 -220.795
-2920.803 -397.613 -220.795
-2924.755 -398.151 -221.094
-2916.365 -441.963 -247.151
-2920.306 -442.56 -247.486
-2274.475 -415.469 -234.782
-2282.305 -416.899 -235.59
-2274.475 -415.469 -234.782
-2369.067 -507.562 -288.968
-2899.813 -667.638 -381.237
-2885.956 -711.022 -407.069
-2889.804 -711.97 -407.612
-2905.195 -715.762 -409.783
-2905.674 -763.24 -437.971
-2905.674 -763.24 -437.971
-2909.502 -764.245 -438.548
-2901.298 -809.881 -465.687
-2916.528 -814.132 -468.132
-2927.951 -817.321 -469.966
-2907.267 -859.977 -495.401
-2911.052 -861.097 -496.047
-2900.792 -906.964 -523.335
-2908.317 -909.316 -524.692
-2912.079 -910.493 -525.371
-2893.291 -954.012 -551.309
-2900.768 -956.477 -552.734
-2908.243 -958.943 -554.158
-2888.473 -1002.395 -580.063
-2892.186 -1003.683 -580.809
-2899.611 -1006.26 -582.3
-2886.253 -1052.261 -609.683
-2893.625 -1054.949 -611.24
-2904.683 -1058.981 -613.577
-2886.541 -1103.759 -640.259
-2886.541 -1103.759 -640.259
-2879.224 -1100.961 -638.636
-2867.464 -1148.31 -666.812
-2889.242 -1157.031 -671.876
-2876.252 -1204.682 -700.238
-2876.252 -1204.682 -700.238
-2887.051 -1209.206 -702.867
-2876.478 -1258.536 -732.213
-2883.616 -1261.659 -734.03
-2897.891 -1267.905 -737.664
-2882.461 -1315.984 -766.292
-2889.535 -1319.214 -768.173
-2896.608 -1322.443 -770.053
-2872.965 -1367.316 -796.821
-2879.972 -1370.651 -798.765
-2890.482 -1375.653 -801.68
-2862.256 -1418.756 -827.421
-2865.725 -1420.476 -828.424
-2883.071 -1429.074 -833.438
-2877.801 -1484.456 -866.349
-2884.669 -1487.998 -868.417
-2894.971 -1493.313 -871.518
-2871.152 -1540.105 -899.426
-2881.345 -1545.573 -902.62
-2859.752 -1594.124 -931.561
-2873.193 -1601.617 -935.94
-2886.635 -1609.11 -940.319
-2863.637 -1657.879 -969.395
-2873.603 -1663.649 -972.769
-2880.247 -1667.495 -975.018
-2852.664 -1714.332 -1002.973
-2862.511 -1720.25 -1006.436
-2882.207 -1732.087 -1013.361
-2866.201 -1787.124 -1046.124
-2872.685 -1791.168 -1048.491
-2879.17 -1795.211 -1050.857
-2855.232 -1846.34 -1081.342
-2861.635 -1850.48 -1083.766
-2874.438 -1858.759 -1088.615
-2849.042 -1909.996 -1119.17
-2864.835 -1920.583 -1125.374
-2880.627 -1931.171 -1131.578
-2859.818 -1987.002 -1164.837
-2875.395 -1997.825 -1171.182
-2849.896 -2051.631 -1203.264
-2865.251 -2062.685 -1209.747
-2877.536 -2071.529 -1214.934
-2847.289 -2123.325 -1245.847
-2859.392 -2132.35 -1251.142
-2865.444 -2136.863 -1253.791
-2827.729 -2184.042 -1282.001
-2842.628 -2195.549 -1288.756
-2830.708 -2186.343 -1283.352
-2753.775 -2202.585 -1293.399
-2733.246 -2186.166 -1283.756
-2721.515 -2176.783 -1278.247
-2668.391 -2210.023 -1298.262
-2656.853 -2200.466 -1292.648
-2642.429 -2188.52 -1285.63
-2583.55 -2215.579 -1302.004
-2566.535 -2200.987 -1293.429
-2516.017 -2234.116 -1313.365
-2510.445 -2229.168 -1310.456
-2499.299 -2219.271 -1304.639
-2432.105 -2236.212 -1315.05
-2415.69 -2221.12 -1306.173
-2402.011 -2208.543 -1298.778
-2343.509 -2231.37 -1312.637
-2338.14 -2226.258 -1309.631
-2332.771 -2221.146 -1306.624
-2276.913 -2245.328 -1321.274
-2263.752 -2232.349 -1313.637
-2253.223 -2221.966 -1307.527
-2202.727 -2250.068 -1324.478
-2194.99 -2242.164 -1319.825
-2139.146 -2263.966 -1333.062
-1649.189 -1745.419 -1027.733
-1608.645 -1764.4 -1039.215
-1102.001 -1348.125 -794.699
-1091.638 -1335.447 -787.225
-1087.031 -1329.812 -783.904
-1054.312 -1338.732 -789.371
-1050.943 -1334.455 -786.849
-1045.329 -1327.326 -782.646
-1012.809 -1335.538 -787.692
-1007.341 -1328.327 -783.439
-976.016 -1337.346 -788.958
-972.823 -1332.97 -786.377
-970.695 -1330.054 -784.656
-941.526 -1341.408 -791.551
-938.423 -1336.986 -788.941
-935.319 -1332.563 -786.331
-904.155 -1340.377 -791.135
-899.132 -1332.931 -786.739
-896.118 -1328.463 -784.102
-867.111 -1338.638 -790.296
-865.163 -1335.63 -788.52
-864.188 -1334.126 -787.632
-833.244 -1340.755 -791.73
-831.356 -1337.718 -789.937
-800.466 -1343.799 -793.709
-796.815 -1337.67 -790.089
-794.077 -1333.073 -787.374
-763.41 -1338.542 -790.782
-761.646 -1335.45 -788.955
-760.766 -1333.905 -788.042
-732.761 -1343.497 -793.884
-731.911 -1341.939 -792.964
-729.36 -1337.263 -790.201
-698.868 -1341.658 -792.97
-697.231 -1338.516 -791.113
-695.594 -1335.374 -789.256
-666.058 -1340.798 -792.631
-664.485 -1337.632 -790.76
-662.913 -1334.466 -788.888
-635.003 -1342.554 -793.836
-633.494 -1339.365 -791.951
-603.355 -1342.183 -793.782
-602.634 -1340.578 -792.833
-601.913 -1338.972 -791.883
-572.604 -1342.891 -794.363
-571.226 -1339.659 -792.451
-569.848 -1336.427 -790.539
-541.35 -1341.46 -793.677
-540.038 -1338.208 -791.753
-540.038 -1338.208 -791.753
-512.197 -1344.411 -795.582
-510.951 -1341.14 -793.646
-509.704 -1337.869 -791.71
-480.726 -1340.318 -793.316
-480.726 -1340.318 -793.316
-480.136 -1338.673 -792.343
-452.915 -1345.612 -796.605
-451.802 -1342.306 -794.648
-423.986 -1347.158 -797.675
-423.464 -1345.497 -796.691
-422.419 -1342.174 -794.724
-394.643 -1346.578 -797.484
-394.154 -1344.909 -796.496
-393.665 -1343.241 -795.508
-365.904 -1347.205 -798.007
-365.449 -1345.53 -797.014
-364.54 -1342.179 -795.029
-337.259 -1347.382 -798.262
-336.838 -1345.7 -797.265
-335.996 -1342.336 -795.273
-308.715 -1347.111 -798.251
-307.941 -1343.735 -796.25
-307.168 -1340.358 -794.25
-279.93 -1344.701 -796.97
-279.93 -1344.701 -796.97
-251.971 -1345.237 -797.436
-251.971 -1345.237 -797.436
-251.971 -1345.237 -797.436
-224.357 -1347.048 -798.655
-224.073 -1345.345 -797.645
-223.789 -1343.642 -796.635
-196.245 -1345.026 -797.601
-196.245 -1345.026 -797.601
-196.245 -1345.026 -797.601
-168.925 -1347.704 -799.334
-168.925 -1347.704 -799.334
-168.925 -1347.704 -799.334
-141.373 -1348.257 -799.808
-141.373 -1348.257 -799.808
-141.373 -1348.257 -799.808
-113.993 -1350.111 -801.051
-113.848 -1348.395 -800.033
-113.848 -1348.395 -800.033
-86.467 -1349.835 -801.032
-59.061 -1350.864 -801.787
-31.515 -1346.324 -799.234
-31.113 -1329.129 -789.027
-4.095 -1317.294 -782.141
22.937 -1334.287 -792.373
23.233 -1351.482 -802.584
50.662 -1350.864 -802.361
50.726 -1352.583 -803.382
50.726 -1352.583 -803.382
78.273 -1353.27 -803.934
78.273 -1353.27 -803.934
105.732 -1351.826 -803.221
105.732 -1351.826 -803.221
105.732 -1351.826 -803.221
133.158 -1349.971 -802.262
133.497 -1353.397 -804.298
133.665 -1355.11 -805.316
160.952 -1351.124 -803.093
161.156 -1352.835 -804.109
161.563 -1356.255 -806.142
189.313 -1355.268 -805.701
189.313 -1355.268 -805.701
189.313 -1355.268 -805.701
216.8 -1352.157 -803.998
217.347 -1355.563 -806.023
217.619 -1357.266 -807.037
245.759 -1357.127 -807.101
245.759 -1357.127 -807.101
246.067 -1358.826 -808.111
273.963 -1356.556 -806.91
273.963 -1356.556 -806.91
301.468 -1352.175 -804.453
302.221 -1355.551 -806.46
302.973 -1358.928 -808.469
330.934 -1355.793 -806.755
330.934 -1355.793 -806.755
331.344 -1357.475 -807.756
359.752 -1355.584 -806.782
361.086 -1360.61 -809.773
659.579 -2299.361 -1368.733
660.536 -2302.698 -1370.719
707.205 -2292.328 -1364.807
707.205 -2292.328 -1364.807
707.205 -2292.328 -1364.807
753.656 -2281.259 -1358.477
755.841 -2287.871 -1362.414
758.025 -2294.484 -1366.353
807.994 -2292.519 -1365.447
696.301 -1857.969 -1106.842
698.753 -1864.511 -1110.74
742.983 -1869.914 -1114.18
780.456 -1964.223 -1170.372
821.599 -1955.352 -1165.321
822.957 -1958.584 -1167.247
824.315 -1961.816 -1169.173
866.893 -1955.478 -1165.633
866.893 -1955.478 -1165.633
865.47 -1952.267 -1163.719
907.98 -1945.268 -1159.786
909.469 -1948.457 -1161.687
950.473 -1937.588 -1155.447
953.579 -1943.92 -1159.224
953.579 -1943.92 -1159.224
996.168 -1935.507 -1154.452
1001.02 -1944.933 -1160.074
1004.254 -1951.217 -1163.822
1045.432 -1938.876 -1156.71
1047.113 -1941.993 -1158.57
1048.793 -1945.11 -1160.429
1095.137 -1941.349 -1158.439
1100.37 -1950.623 -1163.972
1098.625 -1947.532 -1162.128
1136.232 -1927.593 -1150.486
1143.457 -1939.851 -1157.802
1145.264 -1942.916 -1159.631
1184.578 -1925.343 -1149.403
1192.051 -1937.49 -1156.654
1197.657 -1946.6 -1162.094
1242.83 -1937.265 -1156.787
1246.689 -1943.281 -1160.38
1248.619 -1946.289 -1162.176
1291.972 -1933.122 -1154.585
1295.954 -1939.079 -1158.142
1339.276 -1925.141 -1150.093
1339.276 -1925.141 -1150.093
1341.327 -1928.089 -1151.855
1388.762 -1919.244 -1146.851
1390.872 -1922.161 -1148.594
1395.094 -1927.994 -1152.079
1442.757 -1918.213 -1146.522
1447.096 -1923.982 -1149.97
1451.435 -1929.751 -1153.418
1494.905 -1913.289 -1143.871
1499.36 -1918.992 -1147.28
1506.045 -1927.546 -1152.394
1551.865 -1913.014 -1144.006
1554.151 -1915.831 -1145.69
1549.579 -1910.197 -1142.321
1578.817 -1875.432 -1121.832
1562.42 -1855.954 -1110.181
1548.365 -1839.259 -1100.194
1583.134 -1812.911 -1084.732
1587.931 -1818.404 -1088.018
1636.942 -1807.764 -1081.958
1651.668 -1824.026 -1091.69
1659.03 -1832.157 -1096.557
1703.568 -1814.915 -1086.552
1713.604 -1825.606 -1092.953
1723.639 -1836.298 -1099.354
1768.418 -1817.971 -1088.706
1778.669 -1828.51 -1095.018
1788.921 -1839.049 -1101.329
1833.908 -1819.624 -1090.031
1841.755 -1827.412 -1094.696
1849.604 -1835.199 -1099.361
1908.006 -1827.525 -1095.11
1926.685 -1845.417 -1105.831
1934.691 -1853.085 -1110.426
1985.699 -1836.26 -1100.703
1999.3 -1848.837 -1108.242
2010.18 -1858.899 -1114.274
2058.782 -1838.259 -1102.273
2064.323 -1843.207 -1105.24
2072.636 -1850.63 -1109.69
2121.262 -1828.886 -1097.035
2132.546 -1838.614 -1102.87
2186.858 -1820.581 -1092.447
2204.077 -1834.917 -1101.05
2221.296 -1849.252 -1109.651
2258.596 -1815.55 -1089.835
2261.513 -1817.895 -1091.243
2284.859 -1836.661 -1102.508
2348.584 -1822.72 -1094.564
2363.411 -1834.227 -1101.474
2375.272 -1843.433 -1107.002
2430.508 -1820.959 -1093.948
2482.497 -1795.177 -1078.911
2519.184 -1821.707 -1094.856
2555.872 -1848.237 -1110.801
2605.522 -1818.172 -1093.208
2614.827 -1824.665 -1097.113
2621.031 -1828.994 -1099.716
2673.605 -1799.885 -1082.707
2692.477 -1812.59 -1090.35
2727.076 -1835.883 -1104.361
2795.931 -1815.292 -1092.495
2815.06 -1827.711 -1099.97
2827.812 -1835.991 -1104.953
2877.698 -1801.276 -1084.601
2897.076 -1813.406 -1091.905
2959.739 -1785.351 -1075.576
2992.443 -1805.079 -1087.461
3015.337 -1818.888 -1095.78
3065.176 -1780.969 -1073.526
3088.347 -1794.433 -1081.641
3101.588 -1802.126 -1086.279
3141.186 -1757.096 -1059.749
3154.582 -1764.589 -1064.268
3188.07 -1783.321 -1075.566
3257.793 -1753.35 -1058.135
3646.95 -1740.827 -1052.737
3667.91 -1750.832 -1058.788
3731.272 -1708.358 -1033.9
3787.7 -1734.193 -1049.535
3830.02 -1753.569 -1061.261
3893.681 -1708.236 -1034.677
3950.626 -1733.22 -1049.81
4229.538 -1776.115 -1076.74
4286.984 -1800.239 -1091.365
4330.07 -1818.332 -1102.333
4417.208 -1773.34 -1076.075
117.346 -36.761 -22.442
5759.209 -259.567 -184.278
5611.978 -168.527 -129.45
5582.813 -83.796 -78.987
5527.924 0.0 -28.944
1642.908 485.977 279.954
1629.659 482.058 277.696
1610.297 503.477 290.516
1593.366 498.183 287.46
1570.003 517.681 299.161
1573.741 518.914 299.872
1577.479 520.146 300.584
1568.612 544.36 315.008
1572.324 545.648 315.754
1576.037 546.937 316.499
1568.455 571.823 331.315
1570.298 572.495 331.705
1573.984 573.839 332.483
1565.83 598.744 347.314
1569.488 600.143 348.126
1574.976 602.241 349.343
1568.031 627.937 364.637
1569.845 628.663 365.058
1571.66 629.39 365.481
1560.52 653.604 379.916
1564.119 655.112 380.793
1557.795 681.577 396.54
1563.148 683.919 397.902
1568.501 686.261 399.265
1559.712 712.085 414.644
1565.017 714.507 416.054
1568.554 716.122 416.995
1557.357 741.185 431.936
1560.86 742.853 432.907
1566.116 745.354 434.365
1556.027 771.287 449.816
1559.496 773.007 450.819
1564.7 775.587 452.323
1559.095 804.228 469.358
1564.246 806.885 470.909
1567.68 808.656 471.943
1556.198 834.755 487.499
1559.595 836.578 488.564
1564.693 839.312 490.161
1555.893 867.308 506.83
1560.934 870.118 508.472
1565.974 872.928 510.115
1558.057 902.024 527.432
1563.041 904.909 529.119
1547.792 930.158 544.191
1551.074 932.131 545.345
1559.281 937.063 548.23
1548.202 965.33 565.072
1554.687 969.373 567.439
1562.793 974.428 570.398
1546.051 999.756 585.525
1550.853 1002.861 587.343
1560.455 1009.07 590.98
1547.706 1037.581 607.975
1555.602 1042.874 611.077
1563.498 1048.168 614.179
1545.175 1073.587 629.367
1551.405 1077.916 631.906
1559.193 1083.327 635.078
1547.789 1114.248 653.497
1557.001 1120.88 657.387
1561.608 1124.197 659.332
1546.19 1153.049 676.543
1552.242 1157.562 679.192
1561.319 1164.331 683.163
1549.44 1196.735 702.466
1558.38 1203.639 706.519
1536.717 1229.132 721.769
1548.448 1238.514 727.278
1551.38 1240.86 728.656
1511.608 1251.948 735.448
1502.953 1244.781 731.238
1494.299 1237.613 727.027
1457.678 1250.063 734.611
1449.17 1242.767 730.323
1444.917 1239.119 728.179
1412.647 1254.371 737.405
1404.288 1246.948 733.041
1394.537 1238.289 727.95
1358.313 1248.908 734.445
1350.106 1241.362 730.008
1346.002 1237.589 727.789
1316.714 1253.708 737.513
1307.318 1244.762 732.25
1270.07 1252.452 737.011
1263.489 1245.962 733.192
1258.225 1240.771 730.138
1227.75 1254.136 738.234
1218.723 1244.915 732.805
1212.274 1238.328 728.928
1181.961 1250.928 736.568
1175.647 1244.246 732.633
1170.596 1238.9 729.486
1142.855 1253.51 738.306
1135.442 1245.379 733.517
1126.794 1235.893 727.929
1096.758 1247.063 734.719
1094.342 1244.316 733.101
1064.252 1254.926 739.558
1059.532 1249.361 736.278
1054.812 1243.796 732.999
1026.001 1255.151 739.892
1021.396 1249.516 736.571
1017.941 1245.29 734.079
988.067 1254.616 739.773
983.575 1248.913 736.41
980.207 1244.636 733.889
950.466 1253.329 739.206
944.997 1246.117 734.952
938.435 1237.464 729.848
913.219 1251.3 738.197
914.283 1252.759 739.057
883.587 1258.86 742.84
878.414 1251.489 738.491
876.344 1248.541 736.751
847.896 1256.976 741.909
844.882 1252.508 739.271
841.869 1248.04 736.634
814.5 1257.417 742.345
811.577 1252.905 739.681
807.679 1246.889 736.129
779.456 1254.206 740.622
777.568 1251.169 738.829
773.793 1245.095 735.243
747.527 1254.927 741.217
746.614 1253.395 740.313
745.702 1251.863 739.408
717.57 1258.167 743.298
715.807 1255.076 741.472
688.557 1262.451 745.994
686.007 1257.775 743.23
684.306 1254.658 741.389
656.314 1259.965 744.686
654.677 1256.823 742.829
653.859 1255.252 741.901
626.739 1261.648 745.841
625.166 1258.482 743.969
623.594 1255.316 742.097
595.786 1259.641 744.811
595.032 1258.047 743.868
593.524 1254.858 741.983
566.548 1260.304 745.358
565.826 1258.698 744.408
563.662 1253.882 741.56
536.773 1258.859 744.656
536.773 1258.859 744.656
509.854 1263.412 747.5
508.542 1260.16 745.576
507.886 1258.534 744.614
482.287 1265.905 749.124
481.664 1264.269 748.156
480.418 1260.998 746.221
454.183 1266.312 749.513
453.594 1264.668 748.54
453.003 1263.023 747.566
425.651 1264.611 748.653
425.095 1262.958 747.673
424.538 1261.305 746.695
398.37 1265.764 749.479
397.848 1264.102 748.496
397.324 1262.441 747.513
372.148 1269.821 752.027
371.169 1266.484 750.05
345.425 1271.802 753.343
344.97 1270.126 752.35
344.06 1266.775 750.365
317.891 1270.004 752.419
317.47 1268.322 751.423
318.311 1271.686 753.416
292.08 1274.522 755.237
291.693 1272.834 754.237
290.92 1269.458 752.236
264.771 1271.877 753.81
265.123 1273.571 754.813
264.417 1270.184 752.806
238.609 1273.899 755.147
238.291 1272.201 754.14
238.291 1272.201 754.14
212.16 1273.82 755.238
211.877 1272.117 754.229
185.785 1273.337 755.09
185.536 1271.63 754.078
185.536 1271.63 754.078
159.706 1274.161 755.716
159.92 1275.872 756.73
159.92 1275.872 756.73
133.649 1274.591 756.108
133.468 1272.878 755.092
133.468 1272.878 755.092
107.475 1272.912 755.248
107.475 1272.912 755.248
107.475 1272.912 755.248
81.737 1275.989 757.209
81.628 1274.272 756.19
81.517 1272.555 755.172
55.604 1271.806 754.862
55.68 1273.525 755.883
55.755 1275.243 756.902
29.865 1275.826 757.384
29.825 1274.107 756.363
3.962 1274.301 756.615
3.967 1276.021 757.636
3.967 1276.021 757.636
-21.962 1277.546 758.676
-21.962 1277.546 758.676
-21.932 1275.826 757.655
-47.826 1275.243 757.445
-47.826 1275.243 757.445
-47.954 1278.681 759.486
-73.903 1277.707 759.044
-74.002 1279.424 760.064
-74.101 1281.141 761.084
-100.097 1279.775 760.409
-99.962 1278.059 759.39
-99.962 1278.059 759.39
-126.231 1279.731 760.52
-126.399 1281.444 761.538
-126.399 1281.444 761.538
-152.396 1279.292 760.396
-152.599 1281.003 761.413
-178.583 1278.458 760.038
-178.822 1280.165 761.053
-179.298 1283.578 763.082
-205.332 1280.632 761.47
-205.605 1282.335 762.482
-205.878 1284.038 763.494
-232.226 1282.392 762.655
-232.534 1284.09 763.665
-232.534 1284.09 763.665
-258.914 1282.039 762.585
-259.256 1283.732 763.593
-259.256 1283.732 763.593
-285.661 1281.275 762.271
-286.037 1282.963 763.275
-286.037 1282.963 763.275
-312.047 1278.415 760.711
-312.868 1281.779 762.714
-313.279 1283.461 763.715
-339.296 1278.505 760.908
-366.167 1276.496 759.856
-660.609 1283.53 765.573
-725.442 1285.989 767.374
-842.384 1313.068 784.064
-848.173 1322.093 789.453
-878.9 1315.059 785.438
-879.895 1316.548 786.327
-882.881 1321.016 788.996
-914.728 1314.874 785.515
-920.88 1323.719 790.8
-951.871 1315.47 786.064
-956.093 1321.303 789.549
-960.314 1327.137 793.035
-993.658 1321.115 789.635
-997.997 1326.884 793.082
-1002.336 1332.653 796.531
-1032.621 1321.624 790.141
-1034.848 1324.475 791.845
-1037.076 1327.326 793.55
-1070.764 1319.951 789.347
-1077.62 1328.404 794.401
-1083.334 1335.447 798.613
-1116.182 1325.881 793.105
-1120.866 1331.446 796.435
-1125.551 1337.011 799.763
-1157.367 1325.348 793.005
-1164.563 1333.588 797.936
-1172.958 1343.202 803.688
-1205.005 1330.753 796.463
-1211.141 1337.529 800.518
-1216.049 1342.949 803.763
-1249.451 1331.116 796.912
-1256.977 1339.134 801.712
-1292.995 1329.226 796.018
-1300.684 1337.131 800.751
-1309.654 1346.352 806.273
-1347.307 1336.814 800.807
-1352.539 1342.005 803.917
-1360.388 1349.793 808.582
-1398.315 1339.333 802.571
-1403.652 1344.445 805.634
-1414.326 1354.669 811.76
-1452.552 1343.237 805.173
-1463.433 1353.298 811.204
-1471.593 1360.845 815.726
-1512.914 1350.861 810.015
-1518.455 1355.809 812.982
-1526.768 1363.231 817.432
-1565.559 1349.776 809.647
-1576.843 1359.504 815.482
-1588.125 1369.233 821.318
-1630.099 1357.074 814.317
-1644.448 1369.02 821.486
-1655.927 1378.577 827.221
-1695.406 1362.835 818.08
-1709.996 1374.563 825.121
-1718.75 1381.6 829.345
-1758.473 1364.738 819.541
-1776.265 1378.547 827.833
-1813.093 1358.386 816.055
-1825.14 1367.412 821.478
-1843.21 1380.951 829.611
-1889.388 1366.28 821.142
-1907.732 1379.545 829.114
-1923.018 1390.599 835.757
-1966.549 1372.287 825.112
-1988.261 1387.438 834.223
-2009.974 1402.59 843.333
-2057.102 1384.853 833.047
-2072.829 1395.44 839.417
-2088.557 1406.028 845.785
-2139.191 1388.895 835.877
-2167.883 1407.524 847.09
-2190.199 1422.013 855.81
-2234.979 1398.971 842.362
-2257.588 1413.122 850.883
-2276.966 1425.252 858.187
-2318.735 1398.69 842.633
-2348.169 1416.445 853.33
-2377.603 1434.199 864.026
-2429.632 1411.697 850.937
-2449.493 1423.237 857.893
-2504.911 1401.181 845.087
-2535.051 1418.04 855.256
-2565.191 1434.899 865.424
-2624.522 1412.522 852.448
-2658.386 1430.748 863.447
-2692.251 1448.974 874.447
-2752.184 1424.227 860.066
-2782.992 1440.17 869.694
-2827.493 1463.198 883.601
-2888.021 1435.953 867.74
-2919.15 1451.431 877.093
-2936.443 1460.029 882.289
-2979.739 1422.342 860.139
-3000.699 1432.347 866.188
-2986.726 1425.677 862.155
-3001.241 1374.114 831.615
-2994.187 1370.884 829.661
-2983.607 1366.04 826.728
-2996.781 1314.749 796.343
-2993.222 1313.187 795.396
-2982.545 1308.503 792.559
-2983.655 1252.93 759.568
-2969.294 1246.899 755.911
-2983.425 1197.731 726.792
-2979.805 1196.277 725.91
-2976.185 1194.824 725.028
-2989.172 1145.727 695.944
-2978.222 1141.53 693.394
-2974.573 1140.131 692.544
-2993.722 1093.922 665.207
-2990.044 1092.578 664.39
-2982.689 1089.89 662.755
-2989.675 1039.759 633.027
-2974.858 1034.606 629.889
-2967.448 1032.029 628.32
-2973.159 982.361 598.86
-2954.508 976.199 595.102
-2947.046 973.733 593.6
-2962.744 928.138 566.609
-2958.989 926.962 565.891
-2966.155 879.013 537.458
-2958.598 876.774 536.088
-2954.819 875.654 535.404
-2968.48 830.075 508.412
-2960.877 827.949 507.11
-2934.272 820.509 502.554
-2923.861 769.273 472.077
-2916.217 767.262 470.843
-2904.75 764.245 468.992
-2908.429 717.658 441.348
-2908.429 717.658 441.348
-2896.903 714.814 439.6
-2907.245 670.309 413.228
-2903.384 669.419 412.68
-2891.801 666.748 411.033
-2901.15 622.387 384.742
-2893.393 620.723 383.713
-2905.686 577.179 357.923
-2905.686 577.179 357.923
-2901.791 576.406 357.444
-2909.273 532.029 331.133
-2940.556 537.75 334.694
-2956.197 540.611 336.474
-2923.689 488.921 305.613
-2900.142 484.984 303.151
-2896.218 484.327 302.742
-2901.805 440.171 276.552
-2901.805 440.171 276.552
-2897.868 439.574 276.177
-2898.585 394.923 249.668
-2894.636 394.385 249.329
-2894.636 394.385 249.329
-2906.295 351.346 223.834
-2898.376 350.389 223.225
-2901.213 306.405 197.123
-2901.213 306.405 197.123
-2893.275 305.567 196.584
-2895.195 261.728 170.564
-2895.195 261.728 170.564
-2891.218 261.368 170.33
-2892.233 217.629 144.365
-2888.25 217.329 144.166
-2888.25 217.329 144.166
-2892.356 173.943 118.426
-2892.356 173.943 118.426
-2892.356 173.943 118.426
-2895.581 130.503 92.649
-2895.581 130.503 92.649
-2891.586 130.323 92.522
-2889.929 86.784 66.661
-2897.923 87.024 66.845
-2893.926 86.904 66.753
-2891.385 43.399 40.908
-2887.386 43.339 40.852
-2891.907 0.0 23.218
-2911.906 0.0 23.379
-2927.906 0.0 23.507
-2931.656 -44.85 -1.099
-2935.656 -44.911 -1.101
-2927.657 -44.788 -1.098
-2926.517 -89.563 -25.702
-2926.517 -89.563 -25.702
-2926.517 -89.563 -25.702
-2928.481 -134.494 -50.369
-2924.485 -134.311 -50.3
-2924.485 -134.311 -50.3
-2925.554 -179.262 -74.984
-2929.545 -179.506 -75.086
-2929.545 -179.506 -75.086
-2921.737 -223.975 -99.575
-2921.737 -223.975 -99.575
-2921.008 -268.986 -124.307
-2921.008 -268.986 -124.307
-2924.988 -269.353 -124.476
-2923.349 -314.465 -149.27
-2923.349 -314.465 -149.27
-2927.32 -314.892 -149.473
-2924.765 -360.09 -174.322
-2924.765 -360.09 -174.322
-2924.765 -360.09 -174.322
-2917.347 -404.751 -198.915
-2921.3 -405.3 -199.184
-2925.253 -405.848 -199.453
-2916.924 -450.507 -224.052
-2633.115 -406.674 -202.253
-2267.178 -422.043 -213.633
-2408.142 -448.284 -226.917
-2906.121 -587.549 -299.418
-2906.121 -587.549 -299.418
-2385.266 -520.766 -266.916
-2900.685 -680.545 -350.547
-2900.685 -680.545 -350.547
-2886.888 -724.768 -374.95
-2890.737 -725.734 -375.45
-2902.285 -728.633 -376.949
-2899.02 -775.944 -402.964
-2899.02 -775.944 -402.964
-2910.508 -779.02 -404.562
-2902.367 -825.537 -430.18
-2902.367 -825.537 -430.18
-2897.044 -873.178 -456.393
-2908.405 -876.602 -458.183
-2912.192 -877.744 -458.779
-2901.996 -924.497 -484.543
-2909.524 -926.895 -485.801
-2913.287 -928.094 -486.429
-2894.56 -972.455 -510.948
-2898.3 -973.711 -511.608
-2905.78 -976.224 -512.928
-2889.809 -1021.773 -538.077
-2893.524 -1023.086 -538.769
-2900.952 -1025.713 -540.151
-2883.97 -1071.234 -565.293
-2895.034 -1075.343 -567.462
-2895.034 -1075.343 -567.462
-2877.037 -1120.818 -592.587
-2880.697 -1122.244 -593.341
-2880.697 -1122.244 -593.341
-2869.003 -1170.509 -619.947
-2894.424 -1180.881 -625.44
-2901.687 -1183.844 -627.01
-2881.47 -1229.508 -652.256
-2888.674 -1232.582 -653.887
-2878.17 -1282.866 -681.593
-2888.883 -1287.641 -684.13
-2899.595 -1292.416 -686.667
-2884.232 -1341.425 -713.712
-2891.31 -1344.717 -715.463
-2894.849 -1346.363 -716.339
-2871.301 -1392.049 -741.625
-2878.312 -1395.448 -743.436
-2888.831 -1400.548 -746.152
-2864.17 -1446.183 -771.419
-2867.641 -1447.936 -772.354
-2884.999 -1456.701 -777.029
-2866.059 -1505.93 -804.224
-2872.932 -1509.541 -806.152
-2890.115 -1518.57 -810.974
-2873.234 -1569.878 -839.293
-2883.434 -1575.451 -842.274
-2861.909 -1624.942 -869.632
-2871.998 -1630.67 -872.697
-2875.36 -1632.579 -873.72
-2852.583 -1682.087 -901.097
-2875.856 -1695.81 -908.45
-2882.505 -1699.731 -910.549
-2854.988 -1747.473 -936.996
-2864.843 -1753.506 -940.231
-2884.555 -1765.571 -946.701
-2865.38 -1819.612 -976.54
-2871.87 -1823.734 -978.752
-2884.85 -1831.976 -983.176
-2857.739 -1882.033 -1010.89
-2864.147 -1886.253 -1013.157
-2876.962 -1894.693 -1017.69
-2854.799 -1949.078 -1047.743
-2867.444 -1957.711 -1052.384
-2883.251 -1968.504 -1058.185
-2862.52 -2025.414 -1089.615
-2881.229 -2038.652 -1096.736
-2852.688 -2091.293 -1125.882
-2868.058 -2102.561 -1131.947
-2880.355 -2111.575 -1136.801
-2850.18 -2164.372 -1166.045
-2862.296 -2173.573 -1171.002
-2868.354 -2178.173 -1173.48
-2830.705 -2226.263 -1200.2
-2842.636 -2235.647 -1205.258
-2854.567 -2245.031 -1210.317
-2818.43 -2295.377 -1238.263
-2847.789 -2319.287 -1251.162
-2877.148 -2343.197 -1264.061
-2833.134 -2389.13 -1289.645
-2810.031 -2369.646 -1279.128
-2784.038 -2347.728 -1267.296
-2717.18 -2372.446 -1281.412
-2708.662 -2365.009 -1277.395
-2691.627 -2350.135 -1269.36
-2625.075 -2373.139 -1282.532
-2613.917 -2363.051 -1277.08
-2552.947 -2389.697 -1292.206
-2544.729 -2382.005 -1288.047
-2536.511 -2374.312 -1283.887
-2475.58 -2399.565 -1298.248
-2456.764 -2381.327 -1288.381
-2448.701 -2373.511 -1284.152
-2398.596 -2407.801 -1303.391
-2395.961 -2405.156 -1301.958
-1601.405 -1665.118 -901.822
-1603.988 -1667.804 -903.277
-1557.997 -1678.351 -909.439
-1537.763 -1656.554 -897.628
-1535.234 -1653.829 -896.152
-1504.648 -1679.713 -910.616
-1494.749 -1668.662 -904.626
-1437.2 -1663.162 -902.066
-1420.265 -1643.562 -891.435
-1410.587 -1632.362 -885.361
-1373.236 -1647.909 -894.201
-1370.873 -1645.073 -892.662
-1344.921 -1674.297 -908.924
-1141.914 -1421.573 -771.727
-1110.137 -1434.369 -779.011
-1106.763 -1430.009 -776.643
-1102.263 -1424.196 -773.486
-1071.62 -1437.804 -781.208
-1067.238 -1431.923 -778.013
-1062.855 -1426.043 -774.818
-1031.17 -1437.528 -781.382
-1025.839 -1430.095 -777.341
-1021.573 -1424.149 -774.108
-990.019 -1434.955 -780.298
-986.909 -1430.448 -777.847
-956.329 -1442.194 -784.544
-953.309 -1437.64 -782.068
-950.29 -1433.085 -779.59
-917.768 -1441.174 -784.294
-914.839 -1436.575 -781.791
-910.934 -1430.442 -778.454
-879.537 -1439.419 -783.637
-877.645 -1436.324 -781.952
-876.699 -1434.776 -781.11
-843.482 -1440.062 -784.279
-838.908 -1432.253 -780.027
-837.079 -1429.129 -778.326
-807.667 -1440.044 -784.558
-805.9 -1436.893 -782.841
-775.516 -1445.728 -787.938
-772.96 -1440.962 -785.34
-769.551 -1434.607 -781.877
-738.458 -1441.259 -785.781
-736.817 -1438.056 -784.035
-735.176 -1434.854 -782.288
-704.178 -1440.944 -785.883
-703.389 -1439.33 -785.002
-702.601 -1437.716 -784.122
-672.402 -1444.898 -788.309
-670.888 -1441.647 -786.536
-669.376 -1438.396 -784.762
-639.23 -1445.047 -788.657
-637.782 -1441.774 -786.871
-637.059 -1440.137 -785.979
-606.254 -1444.624 -788.69
-604.181 -1439.682 -785.993
-574.146 -1445.293 -789.316
-572.171 -1440.321 -786.601
-571.512 -1438.663 -785.695
-542.192 -1445.423 -789.643
-540.941 -1442.088 -787.821
-539.691 -1438.754 -786.0
-510.405 -1445.017 -789.676
-510.405 -1445.017 -789.676
-509.221 -1441.664 -787.844
-479.355 -1445.767 -790.337
-478.795 -1444.082 -789.416
-478.237 -1442.397 -788.495
-448.426 -1446.009 -790.718
-447.9 -1444.316 -789.793
-419.595 -1452.551 -794.544
-328.091 -1450.586 -794.199
-151.43 -1452.904 -796.891
-122.487 -1454.901 -798.22
-116.304 -1381.457 -757.925
-115.568 -1372.713 -753.128
-87.55 -1363.676 -748.389
-86.989 -1354.924 -743.586
-86.651 -1349.672 -740.703
-59.46 -1343.693 -737.637
-59.46 -1343.693 -737.637
-32.742 -1346.06 -739.152
-32.7 -1344.308 -738.189
-32.657 -1342.555 -737.228
-5.945 -1348.018 -740.443
-5.945 -1348.018 -740.443
-5.937 -1346.265 -739.48
20.952 -1351.318 -742.471
21.06 -1358.329 -746.323
21.114 -1361.834 -748.25
48.663 -1373.475 -754.865
80.758 -1458.206 -801.667
80.855 -1459.956 -802.629
110.05 -1460.147 -802.968
110.05 -1460.147 -802.968
110.182 -1461.896 -803.93
139.448 -1461.636 -804.022
139.448 -1461.636 -804.022
139.448 -1461.636 -804.022
168.54 -1459.181 -802.908
168.742 -1460.925 -803.867
168.943 -1462.668 -804.826
198.053 -1459.762 -803.464
198.288 -1461.502 -804.421
227.643 -1459.883 -803.768
227.915 -1461.619 -804.724
227.643 -1459.883 -803.768
256.693 -1456.08 -801.912
257.304 -1459.543 -803.819
257.608 -1461.274 -804.772
287.022 -1458.739 -803.616
287.702 -1462.192 -805.518
287.702 -1462.192 -805.518
316.792 -1457.469 -803.157
317.167 -1459.19 -804.105
317.914 -1462.632 -806.002
348.644 -1464.305 -807.168
349.461 -1467.735 -809.059
349.869 -1469.449 -810.004
698.296 -2493.489 -1375.325
699.249 -2496.891 -1377.201
747.886 -2482.259 -1369.554
749.927 -2489.032 -1373.291
748.907 -2485.646 -1371.423
799.424 -2477.014 -1367.086
799.424 -2477.014 -1367.086
801.599 -2483.754 -1370.806
853.297 -2477.651 -1367.869
856.76 -2487.709 -1373.422
680.277 -1857.21 -1025.661
685.163 -1870.547 -1033.026
724.925 -1866.285 -1031.003
726.213 -1869.6 -1032.835
798.57 -1943.736 -1074.14
799.924 -1947.03 -1075.961
802.63 -1953.619 -1079.602
842.881 -1944.185 -1074.743
845.719 -1950.731 -1078.362
852.814 -1967.096 -1087.408
896.362 -1963.37 -1085.711
896.362 -1963.37 -1085.711
894.878 -1960.12 -1083.913
933.831 -1946.0 -1076.47
935.379 -1949.227 -1078.255
936.928 -1952.454 -1080.04
978.952 -1944.099 -1075.788
980.564 -1947.301 -1077.56
980.564 -1947.301 -1077.56
1022.608 -1938.228 -1072.914
1024.284 -1941.406 -1074.673
1064.594 -1928.462 -1067.885
1071.552 -1941.066 -1074.866
1076.77 -1950.519 -1080.101
1115.516 -1933.619 -1071.127
1115.516 -1933.619 -1071.127
1117.319 -1936.743 -1072.858
1161.381 -1928.512 -1068.691
1163.245 -1931.608 -1070.406
1170.702 -1943.99 -1077.268
1211.236 -1928.721 -1069.206
1215.087 -1934.853 -1072.605
1222.789 -1947.119 -1079.405
1261.457 -1927.986 -1069.205
1261.457 -1927.986 -1069.205
1269.403 -1940.13 -1075.94
1314.067 -1929.301 -1070.35
1318.16 -1935.312 -1073.684
1320.207 -1938.317 -1075.352
1362.904 -1923.642 -1067.633
1362.904 -1923.642 -1067.633
1367.116 -1929.588 -1070.933
1409.753 -1914.132 -1062.785
1420.581 -1928.833 -1070.948
1467.762 -1918.305 -1065.543
1467.762 -1918.305 -1065.543
1472.21 -1924.118 -1068.772
1514.96 -1906.918 -1059.667
1521.805 -1915.534 -1064.455
1512.679 -1904.046 -1058.072
1555.141 -1886.161 -1048.587
1562.156 -1894.67 -1053.318
1545.786 -1874.815 -1042.28
1568.616 -1833.958 -1020.019
1563.827 -1828.358 -1016.905
1568.616 -1833.958 -1020.019
1607.452 -1812.322 -1008.447
1614.803 -1820.61 -1013.059
1629.505 -1837.186 -1022.282
1680.979 -1828.203 -1017.761
1691.0 -1839.102 -1023.828
1698.515 -1847.276 -1028.379
1740.272 -1826.259 -1017.168
1750.509 -1837.001 -1023.152
1753.068 -1839.687 -1024.647
1792.163 -1815.112 -1011.462
1800.001 -1823.05 -1015.886
1852.138 -1810.747 -1009.545
1873.457 -1831.59 -1021.167
1886.782 -1844.617 -1028.429
1934.217 -1825.605 -1018.367
1942.367 -1833.297 -1022.658
1955.95 -1846.118 -1029.809
2006.381 -1828.401 -1020.482
2017.451 -1838.489 -1026.112
2034.056 -1853.621 -1034.558
2082.061 -1832.014 -1023.075
2093.33 -1841.93 -1028.612
2104.6 -1851.847 -1034.15
2144.162 -1821.681 -1017.897
2155.628 -1831.422 -1023.34
2175.694 -1848.47 -1032.866
2241.463 -1838.692 -1028.023
2244.377 -1841.083 -1029.359
2247.293 -1843.474 -1030.696
2307.505 -1827.46 -1022.383
2322.316 -1839.189 -1028.945
2343.051 -1855.61 -1038.131
2403.87 -1837.761 -1028.815
2412.895 -1844.662 -1032.678
2458.583 -1814.107 -1016.26
2467.746 -1820.867 -1020.048
2483.017 -1832.135 -1026.36
2544.076 -1811.4 -1015.46
2565.768 -1826.844 -1024.118
2584.361 -1840.082 -1031.54
2639.635 -1813.096 -1017.159
2652.204 -1821.729 -1022.002
2661.632 -1828.205 -1025.635
2716.919 -1799.747 -1010.446
2739.215 -1814.516 -1018.738
2774.252 -1837.725 -1031.769
2836.424 -1811.369 -1017.79
2855.785 -1823.734 -1024.737
2875.147 -1836.098 -1031.685
2927.801 -1801.767 -1013.249
2944.139 -1811.822 -1018.904
2976.815 -1831.931 -1030.212
3042.806 -1803.636 -1015.2
3059.343 -1813.438 -1020.717
3108.577 -1773.879 -999.381
3108.577 -1773.879 -999.381
3497.735 -1773.985 -1002.564
3567.669 -1737.087 -982.856
3602.578 -1754.084 -992.474
3637.487 -1771.081 -1002.091
3700.639 -1728.216 -979.051
3728.834 -1741.383 -986.51
3764.078 -1757.843 -995.835
3827.216 -1712.61 -971.495
3855.671 -1725.343 -978.718
4162.407 -1782.787 -1012.735
4241.35 -1816.598 -1031.943
4313.348 -1766.135 -1004.8
116.354 -37.172 -21.353
5694.846 -261.649 -189.451
5662.897 -260.181 -188.388
5691.578 -174.232 -141.405
5683.585 -173.988 -141.206
5619.634 -172.03 -139.617
5582.593 -85.416 -91.741
1641.658 494.801 258.622
1626.511 490.235 256.236
1597.791 509.013 266.782
1575.207 501.818 263.011
1556.388 495.823 259.869
1535.164 515.753 270.987
1531.425 514.497 270.327
1538.903 517.009 271.647
1545.194 546.347 287.712
1565.623 553.57 291.516
1576.766 557.51 293.591
1567.375 582.192 307.224
1571.063 583.562 307.948
1566.631 610.318 322.681
1570.291 611.744 323.434
1573.951 613.17 324.189
1565.241 638.594 338.224
1568.872 640.076 339.009
1572.504 641.557 339.794
1563.197 667.008 353.849
1566.8 668.545 354.664
1572.202 670.85 355.887
1560.496 695.549 369.549
1564.067 697.14 370.394
1569.423 699.528 371.663
1560.671 725.851 386.193
1565.979 728.32 387.506
1571.287 730.788 388.82
1560.108 756.364 402.959
1561.861 757.214 403.412
1565.367 758.913 404.317
1558.803 787.074 419.839
1565.746 790.58 421.709
1555.026 817.066 436.345
1561.899 820.678 438.273
1567.054 823.386 439.719
1555.626 849.963 454.41
1559.026 851.821 455.404
1564.127 854.608 456.893
1550.341 880.256 471.093
1557.067 884.075 473.137
1568.837 890.758 476.714
1557.616 918.482 492.033
1560.942 920.443 493.083
1564.267 922.403 494.133
1547.409 947.134 507.854
1552.337 950.151 509.472
1562.194 956.183 512.707
1549.512 983.992 528.084
1554.38 987.083 529.743
1562.493 992.235 532.508
1549.01 1020.138 547.944
1553.816 1023.303 549.643
1563.427 1029.633 553.043
1550.696 1058.718 569.123
1557.019 1063.035 571.443
1545.075 1093.238 588.13
1551.311 1097.651 590.504
1559.107 1103.167 593.472
1546.23 1133.535 610.257
1553.916 1139.169 613.29
1561.6 1144.803 616.323
1540.187 1169.589 630.11
1544.732 1173.039 631.97
1559.876 1184.54 638.165
1545.105 1215.178 655.114
1557.036 1224.562 660.173
1563.003 1229.254 662.702
1544.265 1257.675 678.465
1547.201 1260.066 679.755
1553.072 1264.848 682.334
1542.196 1300.505 702.009
1553.747 1310.246 707.268
1565.3 1319.988 712.526
1553.08 1356.038 732.427
1547.402 1351.08 729.748
1506.419 1361.844 735.991
1500.84 1356.8 733.264
1492.471 1349.234 729.175
1460.001 1366.64 738.998
1451.783 1358.948 734.838
1443.566 1351.256 730.679
1408.473 1365.225 738.634
1403.098 1360.014 735.815
1395.033 1352.198 731.587
1357.448 1362.657 737.634
1349.54 1354.719 733.336
1342.95 1348.104 729.756
1313.41 1365.666 739.639
1305.662 1357.608 735.276
1268.402 1366.385 740.396
1260.814 1358.211 735.966
1255.755 1352.762 733.014
1222.526 1364.767 739.876
1217.577 1359.242 736.881
1213.865 1355.098 734.633
1180.731 1366.369 741.09
1173.472 1357.969 736.535
1166.213 1349.569 731.979
1133.333 1360.021 737.985
1130.97 1357.185 736.446
1127.424 1352.93 734.137
1098.083 1367.007 742.105
1094.622 1362.7 739.767
1090.008 1356.956 736.649
1057.273 1366.065 741.916
1050.524 1357.346 737.18
1017.929 1365.767 742.068
1015.739 1362.826 740.47
1013.547 1359.886 738.873
984.251 1372.118 745.827
981.051 1367.659 743.403
976.786 1361.712 740.171
943.369 1367.34 743.53
938.186 1359.827 739.445
934.039 1353.817 736.177
904.99 1364.771 742.427
904.99 1364.771 742.427
900.963 1358.698 739.124
870.903 1367.583 744.245
868.951 1364.516 742.577
866.022 1359.917 740.073
836.033 1368.222 744.877
835.087 1366.674 744.034
805.974 1376.025 749.404
802.314 1369.777 746.002
798.655 1363.53 742.599
769.67 1372.296 747.647
768.786 1370.72 746.789
765.252 1364.418 743.355
735.462 1371.058 747.242
733.758 1367.881 745.51
732.905 1366.292 744.645
703.997 1374.0 749.111
702.356 1370.798 747.364
700.715 1367.595 745.618
671.058 1373.172 748.921
668.693 1368.332 746.28
639.877 1375.009 750.18
638.365 1371.759 748.406
637.609 1370.133 747.52
608.825 1376.313 751.145
607.377 1373.04 749.359
606.654 1371.403 748.466
578.604 1378.735 752.718
577.221 1375.44 750.92
576.53 1373.793 750.021
547.151 1377.338 752.203
546.492 1375.681 751.299
545.834 1374.023 750.393
516.552 1377.069 752.301
515.302 1373.735 750.48
514.676 1372.068 749.569
486.128 1376.287 752.115
485.537 1374.61 751.2
485.537 1374.61 751.2
457.565 1380.05 754.413
457.007 1378.365 753.491
428.997 1383.36 756.46
428.997 1383.36 756.46
428.473 1381.667 755.534
400.434 1386.217 758.259
400.925 1387.918 759.189
399.942 1384.516 757.329
371.882 1388.622 759.809
371.882 1388.622 759.809
370.968 1385.206 757.94
342.931 1388.861 760.173
342.931 1388.861 760.173
342.507 1387.147 759.235
314.08 1388.64 760.283
313.69 1386.919 759.341
313.69 1386.919 759.341
285.338 1387.96 760.141
284.983 1386.234 759.194
285.338 1387.96 760.141
257.678 1392.02 762.593
257.357 1390.288 761.644
229.08 1390.448 761.958
228.794 1388.712 761.008
228.794 1388.712 761.008
201.375 1393.647 763.938
201.123 1391.907 762.985
200.871 1390.167 762.031
173.173 1392.934 763.773
173.173 1392.934 763.773
172.957 1391.191 762.817
145.059 1391.784 763.367
145.059 1391.784 763.367
145.059 1391.784 763.367
117.335 1393.698 764.641
117.335 1393.698 764.641
117.187 1391.949 763.682
89.461 1393.436 764.72
89.349 1391.685 763.76
89.349 1391.685 763.76
61.708 1394.498 765.527
61.708 1394.498 765.527
33.936 1395.135 766.1
33.936 1395.135 766.1
33.936 1395.135 766.1
6.161 1397.101 767.403
6.161 1397.101 767.403
6.161 1397.101 767.403
-21.658 1396.888 767.51
-21.685 1398.641 768.473
-21.712 1400.393 769.435
-49.533 1398.002 768.345
-49.471 1396.25 767.382
-49.533 1398.002 768.345
-77.559 1400.438 769.908
-77.559 1400.438 769.908
-77.462 1398.687 768.946
-105.569 1400.692 770.273
-105.701 1402.441 771.234
-105.569 1400.692 770.273
-133.617 1400.516 770.402
-133.617 1400.516 770.402
-133.783 1402.262 771.362
-161.694 1399.907 770.292
-161.694 1399.907 770.292
-190.027 1400.606 770.903
-190.262 1402.346 771.861
-190.499 1404.086 772.819
-218.711 1402.599 772.229
-218.982 1404.335 773.184
-219.252 1406.071 774.14
-247.842 1405.871 774.26
-248.452 1409.333 776.167
-248.757 1411.065 777.12
-276.833 1406.949 775.086
-277.851 1412.128 777.938
-277.851 1412.128 777.938
-305.198 1404.126 773.762
-306.694 1411.009 777.555
-308.19 1417.892 781.347
-335.989 1411.152 777.869
-334.763 1406.008 775.033
-870.57 1445.61 801.089
-875.23 1453.349 805.378
-908.909 1447.307 802.329
-909.871 1448.84 803.179
-914.685 1456.506 807.429
-947.582 1448.266 803.166
-950.562 1452.821 805.692
-953.542 1457.375 808.217
-985.55 1446.976 802.762
-992.714 1457.494 808.598
-1026.918 1449.421 804.437
-1031.13 1455.367 807.737
-1036.396 1462.8 811.863
-1068.683 1451.035 805.66
-1070.849 1453.976 807.292
-1075.18 1459.856 810.557
-1110.828 1451.808 806.422
-1120.836 1464.887 813.688
-1126.396 1472.153 817.724
-1160.176 1460.343 811.508
-1163.599 1464.651 813.901
-1168.163 1470.395 817.093
-1204.357 1460.711 812.064
-1209.034 1466.384 815.218
-1213.711 1472.056 818.372
-1250.104 1461.566 812.902
-1257.289 1469.966 817.573
-1264.472 1478.366 822.245
-1301.153 1466.986 816.289
-1310.955 1478.037 822.437
-1347.789 1465.832 816.029
-1352.8 1471.282 819.062
-1362.82 1482.18 825.13
-1405.014 1474.435 821.215
-1412.691 1482.492 825.701
-1417.81 1487.864 828.693
-1455.153 1473.786 821.26
-1465.602 1484.37 827.158
-1476.052 1494.954 833.055
-1516.354 1482.467 826.521
-1529.679 1495.494 833.783
-1535.009 1500.705 836.689
-1575.627 1487.15 829.569
-1589.21 1499.971 836.72
-1602.793 1512.791 843.871
-1643.848 1498.028 836.091
-1654.919 1508.116 841.722
-1660.453 1513.16 844.537
-1701.712 1497.343 836.18
-1718.616 1512.217 844.486
-1729.885 1522.134 850.024
-1771.513 1505.079 840.99
-1785.846 1517.256 847.794
-1797.312 1526.997 853.237
-1845.054 1513.514 846.214
-1859.628 1525.469 852.897
-1904.654 1508.417 843.892
-1919.465 1520.146 850.455
-1937.238 1534.221 858.329
-1982.665 1515.751 848.547
-1994.7 1524.951 853.698
-2015.761 1541.051 862.711
-2070.708 1527.906 855.931
-2085.978 1539.174 862.243
-2101.249 1550.441 868.556
-2147.437 1528.989 857.142
-2162.931 1540.021 863.327
-2187.72 1557.672 873.221
-2243.69 1541.131 864.585
-2265.687 1556.24 873.061
-2293.968 1575.666 883.959
-2341.073 1550.779 870.666
-2353.815 1559.218 875.405
-2379.295 1576.097 884.882
-2436.291 1555.84 874.211
-2465.333 1574.387 884.632
-2484.694 1586.751 891.58
-2545.487 1566.492 880.939
-2574.896 1584.59 891.117
-2597.77 1598.666 899.033
-2655.841 1574.261 886.093
-2685.607 1591.905 896.024
-2740.5 1563.839 881.047
-2767.269 1579.115 889.653
-2800.73 1598.209 900.411
-2869.539 1575.451 888.463
-2903.377 1594.03 898.94
-2930.449 1608.892 907.321
-2986.18 1576.351 889.893
-2999.863 1583.574 893.97
-2986.18 1576.351 889.893
-3000.033 1521.56 859.906
-2996.577 1519.807 858.915
-2993.121 1518.054 857.926
-3009.131 1465.136 828.984
-2995.167 1458.337 825.138
-2984.694 1453.238 822.253
-2999.28 1400.678 793.498
-2988.706 1395.74 790.7
-2974.609 1389.156 786.971
-2991.346 1338.573 759.319
-2980.676 1333.798 756.611
-2985.452 1278.688 726.376
-2974.686 1274.078 723.756
-2967.51 1271.004 722.011
-2981.71 1220.885 694.594
-2978.091 1219.404 693.751
-2970.855 1216.44 692.065
-2987.528 1167.876 665.521
-2980.233 1165.024 663.896
-2972.937 1162.172 662.27
-2992.15 1115.069 636.551
-2988.474 1113.699 635.768
-2977.447 1109.59 633.423
-2988.179 1059.86 606.191
-2973.368 1054.606 603.186
-2962.259 1050.666 600.933
-2968.014 1000.096 573.2
-2953.099 995.07 570.319
-2968.908 948.479 544.853
-2972.662 949.678 545.541
-2957.649 944.881 542.787
-2964.881 896.006 515.996
-2945.997 890.299 512.709
-2927.112 884.592 509.424
-2933.08 836.371 482.983
-2917.883 832.038 480.479
-2914.082 830.954 479.854
-2922.741 784.145 454.211
-2915.099 782.095 453.023
-2903.637 779.02 451.242
-2911.221 732.498 425.748
-2907.38 731.532 425.186
-2899.699 729.599 424.063
-2910.121 684.175 399.194
-2902.402 682.36 398.135
-2904.111 635.267 372.279
-2900.234 634.419 371.782
-2892.478 632.723 370.789
-2904.832 588.337 346.506
-2904.832 588.337 346.506
-2897.044 586.76 345.577
-2916.3 543.772 322.118
-2931.938 546.688 323.845
-2931.938 546.688 323.845
-2919.033 497.704 296.834
-2899.416 494.359 294.839
-2895.492 493.69 294.44
-2901.141 448.68 269.76
-2901.141 448.68 269.76
-2897.205 448.072 269.395
-2901.933 403.106 244.732
-2897.984 402.557 244.399
-2901.795 357.65 219.761
-2905.754 358.138 220.061
-2897.836 357.162 219.461
-2904.702 312.756 195.123
-2904.702 312.756 195.123
-2892.798 311.474 194.324
-2898.754 267.154 170.026
-2898.754 267.154 170.026
-2898.754 267.154 170.026
-2899.845 222.447 145.476
-2891.877 221.836 145.077
-2887.895 221.53 144.877
-2892.061 177.305 120.617
-2892.061 177.305 120.617
-2892.061 177.305 120.617
-2895.346 133.026 96.319
-2895.346 133.026 96.319
-2891.352 132.843 96.187
-2889.755 88.462 71.795
-2893.752 88.584 71.894
-2893.752 88.584 71.894
-2891.272 44.238 47.514
-2887.272 44.177 47.448
-2915.98 0.0 10.688
-2935.98 0.0 10.761
-2927.98 0.0 10.732
-2927.619 -45.531 -12.469
-2931.618 -45.593 -12.486
-2931.618 -45.593 -12.486
-2930.365 -91.173 -35.715
-2926.366 -91.048 -35.666
-2926.366 -91.048 -35.666
-2928.218 -136.724 -58.932
-2928.218 -136.724 -58.932
-2928.218 -136.724 -58.932
-2925.179 -182.234 -82.132
-2929.169 -182.483 -82.245
-2925.234 -227.999 -105.45
-2921.249 -227.688 -105.307
-2921.249 -227.688 -105.307
-2924.386 -273.818 -128.799
-2924.386 -273.818 -128.799
-2924.386 -273.818 -128.799
-2922.633 -319.678 -152.173
-2922.633 -319.678 -152.173
-2926.604 -320.113 -152.38
-2923.935 -366.06 -175.801
-2923.935 -366.06 -175.801
-2923.935 -366.06 -175.801
-2916.405 -411.462 -198.962
-2920.357 -412.019 -199.232
-2912.453 -410.904 -198.693
-2238.124 -351.528 -170.91
-2250.603 -389.668 -190.298
-2266.314 -392.388 -191.627
-2430.562 -460.163 -225.558
-2432.946 -500.28 -245.99
-2376.253 -527.676 -260.156
-2900.427 -644.075 -317.545
-2895.185 -690.906 -341.425
-2899.05 -691.828 -341.881
-2899.05 -691.828 -341.881
-2888.988 -737.766 -365.325
-2888.988 -737.766 -365.325
-2900.529 -740.714 -366.783
-2904.798 -790.893 -392.336
-2897.145 -788.809 -391.302
-2885.143 -834.819 -414.79
-2892.756 -837.022 -415.884
-2900.368 -839.225 -416.978
-2902.494 -889.976 -442.83
-2898.709 -888.815 -442.253
-2902.494 -889.976 -442.83
-2899.748 -939.825 -468.24
-2903.509 -941.044 -468.847
-2907.27 -942.263 -469.454
-2892.192 -988.578 -493.109
-2895.928 -989.855 -493.745
-2903.402 -992.41 -495.02
-2883.605 -1037.379 -518.006
-2891.028 -1040.049 -519.338
-2898.45 -1042.719 -520.672
-2881.353 -1088.994 -544.313
-2888.723 -1091.78 -545.705
-2896.092 -1094.565 -547.098
-2881.609 -1142.301 -571.473
-2881.609 -1142.301 -571.473
-2892.58 -1146.649 -573.649
-2873.392 -1192.928 -597.3
-2866.136 -1189.916 -595.791
-2860.465 -1242.081 -622.392
-2882.054 -1251.455 -627.089
-2889.25 -1254.58 -628.655
-2875.021 -1304.135 -653.957
-2882.155 -1307.371 -655.58
-2896.423 -1313.844 -658.826
-2877.401 -1361.992 -683.428
-2884.471 -1365.338 -685.107
-2891.542 -1368.685 -686.787
-2867.878 -1415.129 -710.537
-2874.881 -1418.585 -712.273
-2885.387 -1423.768 -714.875
-2860.61 -1470.161 -738.604
-2864.078 -1471.943 -739.5
-2881.414 -1480.853 -743.976
-2869.214 -1534.569 -771.391
-2882.942 -1541.912 -775.082
-2862.572 -1592.129 -800.744
-2872.76 -1597.795 -803.593
-2882.946 -1603.461 -806.443
-2861.258 -1653.824 -832.184
-2871.333 -1659.647 -835.114
-2874.692 -1661.588 -836.09
-2851.751 -1711.968 -861.845
-2865.031 -1719.94 -865.858
-2865.031 -1719.94 -865.858
-2844.11 -1772.357 -892.643
-2867.073 -1786.667 -899.85
-2883.475 -1796.888 -904.998
-2860.883 -1849.781 -932.031
-2867.363 -1853.971 -934.142
-2880.323 -1862.35 -938.364
-2853.085 -1913.237 -964.392
-2859.483 -1917.527 -966.555
-2872.277 -1926.106 -970.879
-2846.82 -1979.199 -998.025
-2862.6 -1990.17 -1003.557
-2838.829 -2045.538 -1031.856
-2857.506 -2058.995 -1038.645
-2876.182 -2072.453 -1045.432
-2847.508 -2125.966 -1072.805
-2859.782 -2135.13 -1077.429
-2868.987 -2142.003 -1080.897
-2838.77 -2195.581 -1108.307
-2853.886 -2207.272 -1114.208
-2872.025 -2221.301 -1121.29
-2837.093 -2272.713 -1147.614
-2843.047 -2277.483 -1150.023
-2854.956 -2287.022 -1154.84
-2830.317 -2348.018 -1186.009
-2853.756 -2367.463 -1195.831
-2871.336 -2382.047 -1203.197
-2850.262 -2448.547 -1237.159
-2864.672 -2460.926 -1243.413
-2821.782 -2510.066 -1268.609
-2835.948 -2522.667 -1274.977
-2844.447 -2530.228 -1278.798
-2811.237 -2589.383 -1309.062
-2805.67 -2584.256 -1306.469
-2780.619 -2561.182 -1294.804
-2710.98 -2585.711 -1307.559
-2700.049 -2575.285 -1302.286
-2691.851 -2567.465 -1298.332
-2633.185 -2600.913 -1315.589
-2625.14 -2592.967 -1311.57
-2614.414 -2582.373 -1306.211
-2550.364 -2609.111 -1320.069
-2373.613 -2606.352 -1319.312
-1589.311 -1808.668 -915.743
-1428.235 -1685.044 -853.344
-1616.566 -1977.983 -1001.915
-1568.425 -1991.085 -1008.766
-1378.999 -1817.148 -920.835
-1341.051 -1835.273 -930.209
-1127.008 -1542.347 -781.74
-1091.345 -1552.036 -786.807
-1087.095 -1545.991 -783.743
-1053.581 -1558.033 -790.001
-1051.515 -1554.978 -788.452
-1049.448 -1551.923 -786.903
-1016.916 -1564.874 -793.621
-1013.907 -1560.245 -791.273
-1008.893 -1552.528 -787.361
-973.496 -1560.142 -791.369
-969.605 -1553.908 -788.208
-966.689 -1549.232 -785.835
-934.341 -1560.837 -791.867
-931.515 -1556.116 -789.472
-927.747 -1549.823 -786.279
-895.454 -1560.793 -791.987
-892.721 -1556.03 -789.57
-891.81 -1554.442 -788.765
-858.614 -1563.223 -793.36
-854.216 -1555.214 -789.295
-821.951 -1564.986 -794.393
-819.406 -1560.141 -791.933
-817.71 -1556.91 -790.293
-784.664 -1564.46 -794.261
-604.703 -1473.599 -748.625
-262.724 -1462.621 -744.285
-235.451 -1475.265 -750.827
-207.761 -1487.502 -757.164
-207.761 -1487.502 -757.164
-206.772 -1480.427 -753.562
-177.538 -1481.602 -754.268
-147.607 -1475.218 -751.125
-156.843 -1567.53 -798.127
-126.549 -1575.018 -802.054
-28.329 -1320.271 -672.612
24.409 -1377.286 -701.856
58.762 -1574.34 -802.387
58.962 -1579.683 -805.111
89.997 -1580.259 -805.517
89.896 -1578.479 -804.61
89.896 -1578.479 -804.61
120.938 -1578.573 -804.772
120.938 -1578.573 -804.772
120.938 -1578.573 -804.772
151.844 -1576.406 -803.781
152.015 -1578.181 -804.686
152.185 -1579.956 -805.591
182.908 -1575.531 -803.449
183.114 -1577.303 -804.353
214.226 -1575.939 -803.772
214.467 -1577.707 -804.673
214.708 -1579.476 -805.575
245.618 -1575.851 -803.842
246.169 -1579.38 -805.642
246.719 -1582.91 -807.443
277.384 -1577.026 -804.557
277.693 -1578.786 -805.455
278.002 -1580.546 -806.352
308.927 -1575.936 -804.118
309.615 -1579.446 -805.908
310.303 -1582.956 -807.699
341.649 -1579.593 -806.101
342.784 -1584.841 -808.779
343.54 -1588.339 -810.564
485.069 -1885.665 -962.579
749.754 -2697.364 -1377.133
752.637 -2707.739 -1382.43
752.637 -2707.739 -1382.43
806.611 -2698.987 -1378.168
808.668 -2705.872 -1381.683
808.668 -2705.872 -1381.683
862.665 -2696.232 -1376.97
861.569 -2692.806 -1375.22
862.665 -2696.232 -1376.97
918.86 -2692.553 -1375.301
922.349 -2702.778 -1380.524
675.121 -1860.885 -950.649
711.488 -1850.049 -945.261
716.672 -1863.529 -952.148
730.928 -1900.597 -971.089
788.492 -1939.123 -990.929
796.663 -1959.217 -1001.198
798.025 -1962.566 -1002.909
836.367 -1949.801 -996.545
837.795 -1953.128 -998.245
839.222 -1956.455 -999.947
878.932 -1946.355 -994.945
881.917 -1952.964 -998.324
921.618 -1942.176 -992.973
921.618 -1942.176 -992.973
923.175 -1945.457 -994.65
962.788 -1934.005 -988.96
964.409 -1937.26 -990.624
967.65 -1943.772 -993.954
1010.658 -1938.063 -991.203
1015.711 -1947.753 -996.159
1017.396 -1950.983 -997.812
1058.98 -1941.215 -992.987
1060.727 -1944.419 -994.625
1062.475 -1947.622 -996.264
1104.112 -1937.098 -991.054
1105.922 -1940.274 -992.679
1107.732 -1943.449 -994.304
1147.534 -1929.018 -987.097
1149.406 -1932.165 -988.706
1153.15 -1938.459 -991.927
1196.778 -1929.527 -987.536
1200.644 -1935.761 -990.726
1208.378 -1948.23 -997.109
1252.372 -1938.345 -992.233
1246.389 -1929.086 -987.493
1288.129 -1915.464 -980.706
1294.293 -1924.629 -985.397
1300.456 -1933.794 -990.09
1342.402 -1919.266 -982.842
1342.402 -1919.266 -982.842
1348.744 -1928.333 -987.485
1390.694 -1912.988 -979.82
1392.867 -1915.977 -981.351
1399.386 -1924.944 -985.944
1450.306 -1920.563 -983.897
1454.768 -1926.472 -986.925
1452.536 -1923.517 -985.411
1494.612 -1906.42 -976.854
1503.767 -1918.098 -982.838
1510.633 -1926.856 -987.325
1538.806 -1891.483 -969.406
1541.152 -1894.366 -970.883
1543.497 -1897.249 -972.361
1566.058 -1855.825 -951.336
1558.852 -1847.286 -946.959
1585.013 -1811.477 -928.809
1587.47 -1814.285 -930.249
1594.842 -1822.711 -934.569
1640.396 -1808.659 -927.577
1652.956 -1822.508 -934.679
1668.029 -1839.126 -943.202
1716.677 -1826.505 -936.949
1724.375 -1834.696 -941.15
1729.507 -1840.156 -943.952
1775.814 -1823.688 -935.73
1781.053 -1829.067 -938.49
1781.053 -1829.067 -938.49
1824.674 -1808.985 -928.418
1838.032 -1822.228 -935.215
1862.076 -1846.066 -947.448
1919.79 -1837.627 -943.361
1927.96 -1845.447 -947.375
1933.406 -1850.66 -950.051
1977.739 -1827.951 -938.642
1994.381 -1843.333 -946.541
2044.36 -1824.586 -937.172
2052.832 -1832.147 -941.055
2069.773 -1847.268 -948.822
2122.937 -1829.602 -940.016
2128.683 -1834.553 -942.56
2137.301 -1841.981 -946.376
2187.721 -1820.564 -935.649
2196.484 -1827.856 -939.396
2208.167 -1837.579 -944.393
2252.793 -1810.062 -930.536
2267.633 -1821.986 -936.666
2291.377 -1841.065 -946.474
2354.287 -1826.143 -939.101
2372.374 -1840.172 -946.317
2387.446 -1851.864 -952.329
2432.603 -1821.275 -936.908
2444.843 -1830.439 -941.622
2463.202 -1844.184 -948.693
2511.438 -1814.518 -933.754
2520.752 -1821.246 -937.216
2542.482 -1836.947 -945.296
2606.482 -1816.825 -935.279
2637.96 -1838.768 -946.574
2686.413 -1805.993 -930.051
2689.604 -1808.138 -931.156
2708.747 -1821.007 -937.783
2769.939 -1795.314 -924.917
2792.564 -1809.978 -932.472
2815.189 -1824.642 -940.026
2883.309 -1800.977 -928.217
2906.218 -1815.286 -935.593
2922.582 -1825.508 -940.861
2974.541 -1789.694 -922.803
3004.352 -1807.631 -932.052
3034.164 -1825.568 -941.3
3343.013 -1791.555 -925.102
3412.3 -1757.065 -907.782
3433.065 -1767.757 -913.306
3495.229 -1727.874 -893.213
3533.676 -1746.881 -903.038
3565.133 -1762.432 -911.077
3634.501 -1723.405 -891.446
3676.845 -1743.484 -901.831
3705.074 -1756.869 -908.756
3774.64 -1715.116 -887.736
3824.493 -1737.769 -899.461
3838.737 -1744.241 -902.811
3908.351 -1699.854 -880.45
4174.177 -1815.47 -940.333
4288.915 -1783.367 -924.397
5687.66 -265.614 -156.184
5655.707 -264.122 -155.307
5623.754 -262.63 -154.429
5628.204 -175.131 -109.863
5660.183 -176.126 -110.487
5678.932 -88.325 -65.819
5606.945 -87.206 -64.984
1640.457 503.005 250.283
1617.753 496.043 246.818
1585.271 513.795 255.983
1564.585 507.091 252.643
1553.302 503.434 250.821
1543.25 527.497 263.118
1548.854 529.413 264.074
1548.854 529.413 264.074
1532.727 551.399 275.336
1532.727 551.399 275.336
1532.727 551.399 275.336
1523.58 575.83 287.818
1540.161 582.097 290.95
1562.268 590.452 295.126
1565.138 620.437 310.395
1568.795 621.887 311.119
1572.452 623.337 311.845
1567.305 650.688 325.8
1569.118 651.441 326.177
1557.964 676.505 338.988
1559.763 677.286 339.379
1563.361 678.848 340.162
1557.006 706.272 354.159
1562.356 708.699 355.376
1567.707 711.126 356.593
1558.888 737.885 370.26
1562.422 739.558 371.1
1567.724 742.068 372.36
1556.498 768.04 385.634
1561.751 770.632 386.935
1565.252 772.36 387.803
1553.398 798.342 401.084
1560.333 801.906 402.875
1569.001 806.361 405.113
1558.162 833.367 418.913
1565.026 837.038 420.759
1568.458 838.873 421.681
1555.229 865.0 435.042
1556.927 865.944 435.518
1546.49 893.88 449.79
1554.886 898.733 452.231
1559.923 901.645 453.697
1547.05 928.728 467.543
1555.349 933.71 470.052
1561.99 937.696 472.058
1545.07 962.838 484.93
1549.99 965.904 486.475
1558.192 971.015 489.049
1547.08 1000.306 504.014
1555.18 1005.543 506.653
1563.28 1010.781 509.292
1546.487 1037.052 522.739
1551.285 1040.269 524.362
1557.682 1044.559 526.523
1543.342 1072.98 541.058
1549.655 1077.369 543.271
1560.701 1085.048 547.143
1545.481 1113.607 561.75
1551.707 1118.093 564.013
1564.157 1127.064 568.539
1549.56 1156.91 583.799
1555.697 1161.492 586.112
1537.289 1188.981 600.186
1544.847 1194.826 603.136
1550.894 1199.502 605.497
1536.139 1230.556 621.374
1545.07 1237.711 624.986
1556.978 1247.25 629.804
1535.285 1273.666 643.342
1541.145 1278.527 645.798
1549.935 1285.819 649.482
1533.204 1317.115 665.489
1544.733 1327.018 670.493
1559.142 1339.397 676.747
1541.214 1370.96 692.895
1544.048 1373.48 694.168
1546.88 1376.0 695.442
1528.088 1407.496 711.559
1542.005 1420.315 718.04
1555.922 1433.134 724.52
1533.125 1462.282 739.456
1538.59 1467.495 742.092
1538.59 1467.495 742.092
1498.931 1480.56 748.894
1493.568 1475.263 746.215
1459.229 1492.842 755.298
1453.971 1487.462 752.576
1443.454 1476.703 747.132
1404.046 1487.96 753.013
1393.741 1477.039 747.486
1388.589 1471.579 744.723
1354.549 1487.366 752.891
1349.504 1481.826 750.087
1344.459 1476.287 747.283
1305.506 1485.692 752.218
1300.569 1480.075 749.374
1298.102 1477.266 747.952
1264.181 1491.491 755.325
1256.944 1482.952 751.0
1220.672 1493.579 756.548
1215.959 1487.813 753.626
1208.889 1479.162 749.245
1175.168 1491.854 755.836
1171.719 1487.475 753.616
1167.119 1481.636 750.658
1134.59 1495.084 757.63
1128.986 1487.697 753.887
1123.38 1480.31 750.144
1090.97 1493.027 756.741
1086.602 1487.049 753.711
1082.234 1481.071 750.681
1049.901 1493.098 756.928
1046.714 1488.564 754.63
1014.329 1499.989 760.569
1011.231 1495.406 758.246
1009.164 1492.351 756.697
975.798 1501.6 761.533
970.783 1493.884 757.619
966.772 1487.711 754.489
934.595 1497.799 759.747
930.705 1491.565 756.584
927.788 1486.889 754.213
897.607 1499.473 760.735
897.607 1499.473 760.735
893.84 1493.18 757.542
860.838 1500.457 761.371
857.195 1494.106 758.148
855.373 1490.93 756.537
823.425 1499.156 760.845
821.665 1495.953 759.22
789.718 1503.614 763.24
787.173 1498.769 760.781
787.173 1498.769 760.781
756.086 1507.482 765.334
754.453 1504.226 763.681
753.637 1502.598 762.855
721.758 1509.124 766.297
719.405 1504.202 763.797
717.836 1500.922 762.132
687.597 1510.16 766.95
686.091 1506.855 765.271
683.835 1501.899 762.755
652.173 1507.269 765.607
650.733 1503.942 763.917
649.294 1500.615 762.226
619.133 1508.765 766.49
618.446 1507.09 765.639
588.197 1514.749 769.652
587.542 1513.064 768.797
585.579 1508.009 766.228
553.484 1510.062 767.392
552.242 1506.673 765.669
552.242 1506.673 765.669
523.251 1516.691 770.88
522.663 1514.987 770.015
520.899 1509.875 767.416
490.152 1514.275 769.771
489.042 1510.849 768.029
489.597 1512.562 768.9
459.909 1519.901 772.748
459.389 1518.18 771.872
458.348 1514.737 770.122
427.16 1516.403 771.086
427.647 1518.132 771.965
397.405 1522.77 774.439
396.952 1521.034 773.556
397.405 1522.77 774.439
367.11 1526.931 776.67
366.691 1525.188 775.783
366.691 1525.188 775.783
336.772 1530.613 778.657
336.387 1528.864 777.767
336.772 1530.613 778.657
305.698 1530.308 778.616
304.647 1525.043 775.937
304.647 1525.043 775.937
274.738 1529.504 778.319
274.421 1527.744 777.423
274.738 1529.504 778.319
244.745 1533.499 780.465
243.9 1528.205 777.77
213.442 1528.183 777.871
213.69 1529.952 778.771
213.937 1531.72 779.671
183.483 1531.225 779.531
183.483 1531.225 779.531
183.483 1531.225 779.531
153.468 1533.8 780.953
153.468 1533.8 780.953
153.291 1532.025 780.049
123.121 1532.353 780.327
122.979 1530.576 779.421
122.979 1530.576 779.421
93.091 1533.99 781.271
93.091 1533.99 781.271
93.199 1535.77 782.178
63.107 1536.94 782.884
63.034 1535.159 781.977
62.96 1533.379 781.069
32.956 1535.861 782.444
32.956 1535.861 782.444
2.869 1536.095 782.675
2.869 1536.095 782.675
2.875 1539.659 784.491
-27.315 1541.207 785.389
-27.251 1537.643 783.573
-27.251 1537.643 783.573
-57.366 1536.94 783.326
-57.499 1540.502 785.141
-57.499 1540.502 785.141
-87.767 1541.108 785.561
-87.869 1542.888 786.468
-87.767 1541.108 785.561
-118.215 1543.019 786.647
-118.215 1543.019 786.647
-118.351 1544.797 787.552
-148.936 1546.227 788.393
-148.936 1546.227 788.393
-149.108 1548.002 789.299
-179.411 1545.403 788.085
-179.822 1548.947 789.892
-210.379 1547.639 789.337
-210.379 1547.639 789.337
-210.379 1547.639 789.337
-241.218 1547.616 789.439
-241.768 1551.145 791.239
-242.043 1552.91 792.139
-272.74 1550.625 791.088
-273.049 1552.385 791.986
-273.359 1554.145 792.883
-303.422 1547.857 789.79
-303.767 1549.612 790.686
-304.799 1554.877 793.371
-335.974 1553.354 792.71
-873.745 1601.663 819.296
-907.725 1592.549 814.776
-909.535 1595.724 816.401
-910.44 1597.312 817.213
-949.102 1595.452 816.407
-952.846 1601.746 819.628
-957.527 1609.613 823.654
-992.803 1600.665 819.224
-995.703 1605.341 821.617
-999.57 1611.576 824.808
-1035.001 1601.913 820.014
-1038.99 1608.086 823.175
-1044.973 1617.345 827.915
-1078.578 1603.857 821.165
-1084.74 1613.022 825.857
-1122.544 1604.929 821.872
-1128.886 1613.997 826.515
-1133.114 1620.042 829.611
-1169.052 1608.106 823.661
-1175.571 1617.073 828.254
-1179.917 1623.051 831.316
-1218.256 1613.273 826.474
-1222.719 1619.182 829.501
-1229.412 1628.046 834.043
-1268.016 1617.392 828.755
-1274.883 1626.15 833.243
-1281.749 1634.908 837.73
-1322.998 1626.214 833.452
-1332.381 1637.747 839.363
-1341.764 1649.281 845.273
-1378.707 1633.809 837.526
-1383.511 1639.502 840.444
-1388.314 1645.195 843.363
-1425.283 1628.925 835.209
-1435.112 1640.159 840.969
-1442.485 1648.584 845.289
-1482.134 1634.163 838.086
-1494.695 1648.012 845.188
-1534.489 1632.661 837.512
-1544.753 1643.582 843.114
-1552.451 1651.772 847.316
-1597.709 1640.781 841.882
-1608.186 1651.54 847.402
-1618.663 1662.299 852.922
-1661.709 1647.421 845.499
-1675.067 1660.664 852.296
-1688.425 1673.907 859.092
-1731.896 1657.774 851.031
-1740.066 1665.594 855.046
-1753.681 1678.627 861.736
-1805.761 1668.999 857.021
-1822.404 1684.381 864.92
-1827.952 1689.508 867.554
-1869.291 1668.337 856.917
-1883.409 1680.938 863.39
-1894.704 1691.019 868.567
-1944.829 1676.103 861.151
-1967.811 1695.91 871.327
-1982.174 1708.289 877.688
-2027.074 1686.878 866.942
-2044.599 1701.462 874.438
-2059.203 1713.615 880.684
-2110.323 1695.592 871.688
-2128.131 1709.901 879.044
-2176.434 1688.189 868.158
-2200.55 1706.894 877.777
-2218.636 1720.924 884.992
-2273.49 1702.147 875.626
-2291.849 1715.893 882.697
-2313.268 1731.929 890.947
-2365.533 1709.101 879.506
-2384.159 1722.558 886.431
-2408.994 1740.501 895.665
-2474.269 1724.668 887.837
-2505.747 1746.61 899.132
-2527.784 1761.97 907.039
-2577.936 1733.067 892.497
-2597.079 1745.936 899.124
-2622.604 1763.095 907.96
-2685.903 1740.847 896.856
-2714.992 1759.701 906.569
-2740.85 1776.46 915.204
-2808.036 1753.959 903.985
-2840.763 1774.402 914.521
-2908.293 1749.835 902.25
-2934.792 1765.779 910.472
-2951.354 1775.743 915.609
-3002.527 1739.233 897.194
-3002.527 1739.233 897.194
-2989.123 1731.468 893.189
-3012.503 1679.006 866.543
-3005.726 1675.229 864.594
-2995.56 1669.563 861.67
-3017.618 1617.172 835.056
-3003.916 1609.829 831.264
-2986.791 1600.651 826.526
-3003.931 1546.787 799.143
-3000.471 1545.005 798.223
-2983.167 1536.095 793.619
-2998.906 1482.516 766.377
-2998.906 1482.516 766.377
-2988.42 1477.332 763.696
-3002.875 1423.901 736.525
-2992.288 1418.881 733.928
-3005.467 1365.621 706.838
-2991.224 1359.149 703.489
-2980.541 1354.294 700.976
-2988.739 1299.889 673.285
-2977.962 1295.202 670.857
-2974.37 1293.639 670.048
-2984.852 1241.127 643.33
-2981.23 1239.621 642.55
-2973.986 1236.609 640.989
-2986.886 1185.789 615.142
-2979.583 1182.89 613.638
-2975.932 1181.44 612.885
-2995.027 1133.557 588.557
-2991.348 1132.164 587.834
-2983.989 1129.379 586.388
-2990.917 1077.432 559.945
-2976.093 1072.091 557.17
-2964.973 1068.086 555.088
-2974.333 1017.954 529.579
-2959.406 1012.846 526.921
-2975.123 965.423 502.816
-2952.585 958.109 499.006
-2922.532 948.358 493.927
-2933.189 900.419 469.54
-2921.848 896.938 467.725
-2910.509 893.457 465.91
-2923.849 846.934 442.253
-2931.453 849.137 443.404
-2946.661 853.542 445.704
-2951.547 804.44 420.704
-2928.608 798.188 417.434
-2909.492 792.978 414.709
-2913.135 744.643 390.095
-2909.292 743.661 389.58
-2897.762 740.714 388.035
-2908.052 694.596 364.575
-2904.19 693.673 364.091
-2905.78 645.8 339.703
-2901.901 644.938 339.25
-2898.022 644.075 338.797
-2906.384 598.092 315.398
-2906.384 598.092 315.398
-2898.592 596.488 314.552
-2906.007 550.565 291.18
-2917.74 552.788 292.356
-2945.119 557.975 295.098
-2943.91 510.036 270.668
-2912.507 504.596 267.781
-2896.806 501.876 266.337
-2906.28 456.738 243.374
-2902.342 456.119 243.043
-2902.342 456.119 243.043
-2906.968 410.347 219.738
-2903.019 409.789 219.44
-2906.728 364.076 196.161
-2906.728 364.076 196.161
-2898.807 363.084 195.627
-2905.562 317.941 172.65
-2905.562 317.941 172.65
-2897.623 317.072 172.177
-2899.499 271.583 149.007
-2895.522 271.211 148.803
-2891.545 270.838 148.598
-2896.493 225.825 125.68
-2888.525 225.203 125.335
-2888.525 225.203 125.335
-2896.569 180.494 102.583
-2896.569 180.494 102.583
-2892.58 180.245 102.442
-2891.759 135.045 79.408
-2895.754 135.232 79.518
-2895.754 135.232 79.518
-2894.048 90.053 56.492
-2898.045 90.177 56.57
-2895.455 45.033 33.559
-2891.457 44.971 33.512
-2891.457 44.971 33.512
-2923.974 0.0 12.248
-2935.974 0.0 12.298
-2927.974 0.0 12.265
-2927.619 -46.264 -9.438
-2927.619 -46.264 -9.438
-2927.619 -46.264 -9.438
-2926.372 -92.513 -31.138
-2926.372 -92.513 -31.138
-2926.372 -92.513 -31.138
-2928.229 -138.925 -52.901
-2924.234 -138.735 -52.828
-2928.229 -138.925 -52.901
-2925.196 -185.167 -74.605
-2929.187 -185.42 -74.706
-2925.196 -185.167 -74.605
-2921.272 -231.353 -96.285
-2921.272 -231.353 -96.285
-2924.415 -278.225 -118.259
-2924.415 -278.225 -118.259
-2924.415 -278.225 -118.259
-2922.669 -324.823 -140.125
-2922.669 -324.823 -140.125
-2926.639 -325.265 -140.315
-2923.976 -371.952 -162.226
-2923.976 -371.952 -162.226
-2916.452 -418.084 -183.897
-2185.363 -313.28 -137.798
-2194.821 -350.268 -155.109
-2218.463 -354.041 -156.78
-2238.165 -357.185 -158.172
-2423.472 -426.343 -189.836
-2419.544 -425.652 -189.529
-2418.874 -465.31 -208.134
-2391.476 -460.039 -205.776
-2367.991 -455.522 -203.756
-2386.217 -498.556 -223.866
-2896.621 -653.565 -294.439
-2900.504 -654.441 -294.834
-2895.268 -702.026 -317.176
-2899.133 -702.963 -317.6
-2902.999 -703.9 -318.023
-2889.078 -749.64 -339.537
-2889.078 -749.64 -339.537
-2900.618 -752.635 -340.894
-2901.067 -802.563 -364.312
-2893.413 -800.446 -363.35
-2897.24 -801.505 -363.831
-2892.858 -850.493 -386.829
-2896.664 -851.612 -387.338
-2895.034 -901.941 -410.953
-2902.602 -904.299 -412.027
-2906.387 -905.478 -412.564
-2896.102 -953.712 -435.233
-2903.624 -956.189 -436.363
-2907.386 -957.428 -436.928
-2892.313 -1004.489 -459.067
-2896.05 -1005.786 -459.66
-2899.787 -1007.084 -460.253
-2883.733 -1054.074 -482.363
-2891.156 -1056.788 -483.604
-2894.868 -1058.144 -484.225
-2881.488 -1106.521 -506.974
-2885.173 -1107.936 -507.622
-2892.542 -1110.766 -508.918
-2878.093 -1159.212 -531.704
-2881.75 -1160.685 -532.38
-2878.093 -1159.212 -531.704
-2859.027 -1206.006 -553.734
-2869.911 -1210.597 -555.841
-2864.218 -1263.659 -580.756
-2882.209 -1271.597 -584.403
-2889.405 -1274.772 -585.863
-2875.183 -1325.124 -609.542
-2885.885 -1330.057 -611.81
-2896.587 -1334.989 -614.079
-2877.571 -1383.912 -637.108
-2884.642 -1387.312 -638.673
-2891.712 -1390.713 -640.239
-2868.054 -1437.904 -662.474
-2871.557 -1439.66 -663.283
-2882.062 -1444.927 -665.71
-2857.327 -1492.011 -687.899
-2864.262 -1495.633 -689.569
-2878.132 -1502.875 -692.908
-2852.244 -1549.941 -715.094
-2865.974 -1557.402 -718.536
-2862.772 -1617.753 -746.859
-2869.564 -1621.591 -748.631
-2876.356 -1625.429 -750.403
-2854.749 -1676.496 -774.448
-2868.183 -1684.385 -778.093
-2874.9 -1688.33 -779.915
-2851.966 -1739.521 -804.023
-2868.567 -1749.646 -808.703
-2875.207 -1753.696 -810.575
-2847.614 -1802.959 -833.798
-2860.736 -1811.268 -837.641
-2880.42 -1823.731 -843.405
-2857.876 -1877.423 -868.685
-2864.356 -1881.68 -870.654
-2880.557 -1892.323 -875.579
-2853.326 -1944.029 -899.947
-2862.922 -1950.567 -902.974
-2872.519 -1957.105 -906.001
-2847.069 -2011.052 -931.412
-2859.695 -2019.97 -935.543
-2878.633 -2033.348 -941.738
-2860.879 -2094.412 -970.457
-2876.443 -2105.807 -975.737
-2850.845 -2162.51 -1002.442
-2860.052 -2169.493 -1005.679
-2872.326 -2178.804 -1009.995
-2842.071 -2233.293 -1035.681
-2854.165 -2242.796 -1040.089
-2863.236 -2249.923 -1043.394
-2825.472 -2299.598 -1066.853
-2837.381 -2309.291 -1071.35
-2852.267 -2321.407 -1076.971
-2833.544 -2388.277 -1108.417
-2859.916 -2410.505 -1118.732
-2871.638 -2420.384 -1123.317
-2839.043 -2477.892 -1150.43
-2853.454 -2490.47 -1156.27
-2870.748 -2505.564 -1163.277
-2836.268 -2563.267 -1190.489
-2847.601 -2573.51 -1195.247
-2861.768 -2586.314 -1201.193
-2822.699 -2641.477 -1227.232
-2839.402 -2657.107 -1234.494
-2856.104 -2672.737 -1241.756
-2820.635 -2733.267 -1270.297
-2837.034 -2749.158 -1277.683
-2805.148 -2815.01 -1308.706
-2810.513 -2820.393 -1311.209
-2805.148 -2815.01 -1308.706
-2745.285 -2853.351 -1326.942
-2734.767 -2842.419 -1321.858
-2718.989 -2826.02 -1314.231
-2653.876 -2857.367 -1329.208
-2580.813 -2879.076 -1339.697
-1318.679 -1765.332 -822.553
-1334.732 -1855.699 -864.875
-1260.535 -1821.168 -848.988
-1260.535 -1821.168 -848.988
-1254.158 -1811.955 -844.693
-1217.012 -1828.335 -852.532
-967.634 -1713.366 -799.648
-967.634 -1713.366 -799.648
-963.989 -1706.913 -796.636
-929.209 -1718.577 -802.253
-927.448 -1715.322 -800.733
-925.689 -1712.067 -799.214
-890.876 -1723.098 -804.533
-854.285 -1730.241 -808.038
-497.556 -1561.273 -730.273
-500.33 -1569.976 -734.344
-468.963 -1574.096 -736.408
-313.262 -1592.384 -745.638
-280.629 -1586.311 -742.927
-263.093 -1912.217 -895.875
-226.2 -1916.023 -897.815
-225.774 -1912.422 -896.127
-189.949 -1926.461 -902.863
-133.035 -1349.245 -632.342
-107.868 -1361.937 -638.402
-108.154 -1365.549 -640.095
-107.725 -1360.131 -637.554
-80.952 -1352.542 -634.107
-81.276 -1357.967 -636.65
-81.709 -1365.2 -640.041
-55.162 -1360.812 -638.095
-54.648 -1348.145 -632.155
-28.692 -1350.571 -633.401
-28.808 -1356.003 -635.949
-28.615 -1346.951 -631.704
-2.622 -1334.481 -625.964
-2.618 -1332.67 -625.114
-2.626 -1336.292 -626.813
22.946 -1325.226 -621.729
22.79 -1316.173 -617.482
106.175 -1898.622 -891.045
105.972 -1895.006 -889.348
105.972 -1895.006 -889.348
142.761 -1896.596 -890.248
179.646 -1897.601 -890.873
179.646 -1897.601 -890.873
179.646 -1897.601 -890.873
216.204 -1894.414 -889.531
216.905 -1622.868 -762.159
248.988 -1624.523 -763.07
249.812 -1629.902 -765.596
280.892 -1623.868 -762.895
312.161 -1619.132 -760.805
365.448 -1895.525 -890.678
364.417 -1890.176 -888.164
400.81 -1884.071 -885.454
400.81 -1884.071 -885.454
401.566 -1887.626 -887.124
437.904 -1880.935 -884.138
437.904 -1880.935 -884.138
437.904 -1880.935 -884.138
474.11 -1873.671 -880.882
513.054 -1876.378 -882.315
821.463 -3004.312 -1412.694
827.227 -3025.395 -1422.609
887.504 -3018.766 -1419.751
886.476 -3015.268 -1418.106
945.589 -3004.189 -1413.157
945.589 -3004.189 -1413.157
940.11 -2986.784 -1404.969
990.597 -2950.603 -1388.21
992.922 -2957.529 -1391.468
1059.648 -2968.851 -1397.059
702.179 -1855.856 -873.481
703.475 -1859.28 -875.092
704.77 -1862.704 -876.704
741.953 -1854.63 -873.072
778.711 -1946.51 -916.325
817.565 -1937.23 -912.135
818.993 -1940.611 -913.727
824.7 -1954.134 -920.094
866.745 -1950.818 -918.715
869.729 -1957.534 -921.877
872.712 -1964.249 -925.04
910.471 -1950.1 -918.561
910.471 -1950.1 -918.561
910.471 -1950.1 -918.561
949.573 -1938.664 -913.361
951.194 -1941.973 -914.919
952.814 -1945.281 -916.478
991.882 -1933.151 -910.952
991.882 -1933.151 -910.952
995.25 -1939.716 -914.045
1037.762 -1933.399 -911.26
1039.509 -1936.654 -912.794
1082.144 -1929.554 -909.642
1089.383 -1942.461 -915.727
1093.002 -1948.914 -918.769
1132.31 -1934.484 -912.165
1134.182 -1937.682 -913.673
1136.053 -1940.879 -915.181
1173.33 -1922.573 -906.75
1177.196 -1928.907 -909.737
1179.128 -1932.075 -911.231
1220.218 -1919.362 -905.44
1226.199 -1928.771 -909.878
1232.181 -1938.179 -914.316
1267.34 -1915.251 -903.709
1269.394 -1918.355 -905.173
1275.556 -1927.667 -909.567
1316.788 -1913.301 -903.002
1321.015 -1919.444 -905.9
1327.356 -1928.657 -910.249
1368.718 -1913.405 -903.267
1375.236 -1922.516 -907.569
1379.581 -1928.59 -910.436
1423.284 -1915.445 -904.453
1429.977 -1924.452 -908.706
1471.478 -1907.438 -900.899
1476.055 -1913.371 -903.701
1480.632 -1919.303 -906.503
1522.142 -1901.416 -898.287
1529.177 -1910.205 -902.439
1512.76 -1889.697 -892.75
1546.602 -1862.556 -880.16
1556.209 -1874.125 -885.627
1549.004 -1865.448 -881.527
1574.948 -1829.216 -864.641
1565.12 -1817.801 -859.244
1572.491 -1826.362 -863.291
1610.018 -1803.996 -852.956
1622.578 -1818.067 -859.61
1637.648 -1834.953 -867.594
1685.65 -1822.612 -862.006
1695.912 -1833.708 -867.254
1708.741 -1847.579 -873.814
1752.006 -1828.44 -865.018
1754.625 -1831.174 -866.311
1762.481 -1839.373 -870.19
1803.068 -1816.57 -859.664
1811.081 -1824.643 -863.485
1851.481 -1800.99 -852.558
1867.818 -1816.881 -860.08
1892.322 -1840.717 -871.365
1949.764 -1831.32 -867.198
1960.858 -1841.74 -872.131
1966.405 -1846.95 -874.599
2013.064 -1825.784 -864.866
2024.357 -1836.027 -869.717
2032.828 -1843.709 -873.357
2079.611 -1821.313 -863.048
2093.973 -1833.892 -869.008
2105.462 -1843.954 -873.776
2155.356 -1822.697 -864.014
2164.117 -1830.107 -867.526
2169.958 -1835.046 -869.867
2213.973 -1807.693 -857.221
2228.812 -1819.808 -862.967
2252.554 -1839.194 -872.159
2314.863 -1824.648 -865.597
2335.962 -1841.278 -873.486
2348.018 -1850.782 -877.995
2398.708 -1824.981 -866.104
2417.066 -1838.948 -872.733
2432.364 -1850.587 -878.256
2492.575 -1830.047 -868.873
2498.783 -1834.605 -871.037
2540.141 -1799.245 -854.625
2565.322 -1817.082 -863.097
2590.503 -1834.918 -871.569
2647.893 -1808.906 -859.608
2660.653 -1817.623 -863.75
2670.224 -1824.162 -866.858
2727.687 -1796.536 -854.139
2750.311 -1811.436 -861.224
2766.47 -1822.079 -866.284
2827.438 -1794.651 -853.673
2863.436 -1817.499 -864.542
2899.434 -1840.348 -875.41
2954.431 -1806.348 -859.692
3264.001 -1777.49 -847.452
3329.014 -1741.887 -831.024
3367.08 -1761.804 -840.526
3394.764 -1776.29 -847.436
3453.058 -1734.615 -828.132
3488.009 -1752.172 -836.514
3529.949 -1773.24 -846.573
3598.987 -1734.141 -828.521
3637.8 -1752.842 -837.456
3662.498 -1764.743 -843.142
3724.559 -1719.702 -822.275
3767.289 -1739.431 -831.708
3810.018 -1759.16 -841.141
3879.387 -1714.512 -820.488
3948.19 -1668.206 -799.055
5743.531 -272.542 -151.902
5735.543 -272.163 -151.69
5676.138 -179.466 -107.96
5628.17 -177.949 -107.047
5612.181 -177.444 -106.743
5550.933 -87.724 -64.401
5479.952 0.0 -22.955
1642.458 482.879 219.627
1638.627 510.51 232.605
1612.137 502.257 228.844
1583.754 493.415 224.816
1560.886 514.014 234.574
1559.005 513.394 234.291
1545.183 536.636 245.251
1543.315 535.987 244.955
1547.051 537.285 245.548
1540.218 562.987 257.633
1543.929 564.344 258.253
1545.785 565.022 258.563
1536.548 590.05 270.343
1534.706 589.343 270.019
1532.863 588.635 269.695
1523.159 613.484 281.391
1530.473 616.43 282.742
1539.616 620.112 284.431
1547.43 652.743 299.705
1567.385 661.16 303.569
1571.013 662.691 304.272
1559.848 688.186 316.278
1563.446 689.774 317.008
1570.642 692.949 318.467
1560.661 719.283 330.862
1562.444 720.105 331.24
1567.795 722.571 332.374
1560.746 750.611 345.556
1566.049 753.161 346.73
1554.843 779.523 359.143
1558.344 781.279 359.953
1563.598 783.912 361.166
1550.03 809.38 373.169
1555.232 812.096 374.421
1563.901 816.623 376.508
1556.549 845.846 390.247
1563.415 849.577 391.968
1566.846 851.442 392.828
1553.639 877.962 405.324
1557.035 879.881 406.209
1562.129 882.759 407.539
1549.961 910.239 420.479
1556.678 914.183 422.302
1565.074 919.114 424.58
1555.466 948.738 438.515
1560.447 951.775 439.919
1545.191 978.334 452.442
1548.472 980.411 453.402
1553.393 983.527 454.843
1542.345 1013.212 468.814
1548.826 1017.47 470.783
1556.927 1022.791 473.247
1543.42 1051.563 486.799
1549.817 1055.922 488.816
1554.615 1059.191 490.33
1541.899 1089.134 504.429
1549.79 1094.708 507.011
1554.525 1098.052 508.56
1540.952 1128.111 522.716
1550.291 1134.948 525.884
1556.517 1139.506 527.996
1538.965 1167.383 541.146
1549.706 1175.53 544.922
1558.912 1182.513 548.16
1543.487 1212.868 562.463
1551.045 1218.808 565.218
1554.069 1221.183 566.319
1539.271 1252.784 581.204
1554.158 1264.9 586.825
1560.113 1269.747 589.074
1541.307 1299.104 602.923
1544.238 1301.574 604.07
1527.606 1333.282 619.013
1536.253 1340.829 622.516
1550.665 1353.407 628.356
1535.722 1387.903 644.601
1541.388 1393.024 646.979
1547.055 1398.146 649.357
1531.05 1432.754 665.659
1542.185 1443.174 670.5
1553.319 1453.594 675.341
1536.043 1488.465 691.771
1541.51 1493.762 694.232
1552.442 1504.356 699.156
1533.982 1539.375 715.66
1542.027 1547.448 719.413
1550.073 1555.522 723.166
1530.417 1590.661 739.732
1543.566 1604.327 746.087
1543.566 1604.327 746.087
1504.722 1620.099 753.649
1502.146 1617.325 752.357
1463.217 1632.321 759.555
1455.649 1623.877 755.626
1450.604 1618.249 753.007
1411.828 1632.311 759.766
1404.424 1623.75 755.781
1397.019 1615.189 751.796
1356.062 1625.398 756.756
1348.823 1616.722 752.717
1346.41 1613.83 751.371
1310.423 1628.948 758.613
1305.71 1623.089 755.884
1300.996 1617.229 753.155
1262.763 1628.59 758.644
1255.862 1619.69 754.499
1251.262 1613.757 751.735
1213.274 1624.226 756.805
1208.789 1618.221 754.007
1175.263 1633.987 761.543
1170.894 1627.912 758.712
1166.525 1621.838 755.88
1130.868 1633.83 761.656
1128.743 1630.759 760.224
1124.491 1624.617 757.36
1086.839 1632.774 761.344
1080.64 1623.462 757.002
1080.64 1623.462 757.002
1047.207 1637.103 763.541
1043.195 1630.83 760.615
1037.177 1621.422 756.227
1003.849 1634.345 762.429
1001.904 1631.178 760.951
998.013 1624.843 757.996
964.686 1637.117 763.893
961.86 1632.321 761.655
928.455 1643.993 767.27
924.81 1637.539 764.258
921.166 1631.086 761.246
887.852 1642.087 766.547
885.212 1637.205 764.267
883.452 1633.95 762.748
850.15 1644.327 767.755
846.757 1637.763 764.69
842.514 1629.558 760.859
808.55 1637.609 764.778
808.55 1637.609 764.778
807.732 1635.955 764.005
774.529 1645.084 768.426
772.959 1641.751 766.87
771.389 1638.417 765.313
738.96 1648.626 770.237
736.703 1643.59 767.884
702.77 1649.857 770.966
700.61 1644.786 768.597
699.889 1643.096 767.807
668.131 1653.853 772.986
666.069 1648.749 770.6
664.007 1643.644 768.214
630.932 1650.41 771.527
629.624 1646.986 769.926
627.66 1641.85 767.525
595.313 1649.744 771.363
594.692 1648.022 770.559
594.07 1646.3 769.753
562.263 1655.385 774.148
562.263 1655.385 774.148
561.086 1651.922 772.529
528.62 1658.744 775.865
527.51 1655.263 774.236
527.51 1655.263 774.236
494.496 1659.796 776.501
493.453 1656.299 774.865
461.465 1663.792 778.514
460.978 1662.035 777.691
460.978 1662.035 777.691
427.523 1663.721 778.622
426.163 1658.428 776.146
426.616 1660.192 776.971
394.142 1664.858 779.296
393.303 1661.315 777.637
392.884 1659.544 776.808
360.845 1665.448 779.711
360.845 1665.448 779.711
360.075 1661.893 778.048
327.995 1667.278 780.708
327.645 1665.494 779.872
295.183 1668.578 781.455
295.183 1668.578 781.455
294.866 1666.789 780.618
262.418 1669.35 781.955
262.418 1669.35 781.955
262.418 1669.35 781.955
230.207 1673.19 783.891
229.712 1669.596 782.207
229.465 1667.798 781.365
197.287 1671.118 783.056
197.499 1672.919 783.901
197.287 1671.118 783.056
164.871 1672.125 783.665
165.049 1673.929 784.511
165.049 1673.929 784.511
132.618 1674.424 784.878
132.618 1674.424 784.878
132.618 1674.424 784.878
100.324 1676.212 785.853
100.432 1678.02 786.7
68.072 1679.3 787.436
67.999 1677.49 786.587
67.999 1677.49 786.587
35.654 1678.257 787.083
35.616 1676.446 786.234
35.654 1678.257 787.083
3.302 1680.323 788.187
3.305 1682.134 789.036
3.305 1682.134 789.036
-29.122 1681.878 789.052
-29.091 1680.067 788.203
-29.091 1680.067 788.203
-61.606 1682.919 789.677
-61.672 1684.728 790.525
-61.606 1682.919 789.677
-94.04 1681.637 789.211
-94.141 1683.445 790.059
-94.141 1683.445 790.059
-126.582 1681.649 789.353
-126.717 1683.455 790.201
-159.666 1686.556 791.794
-159.495 1684.752 790.946
-159.495 1684.752 790.946
-192.363 1685.524 791.447
-192.774 1689.126 793.137
-192.98 1690.927 793.983
-225.793 1689.365 793.388
-225.793 1689.365 793.388
-226.274 1692.959 795.076
-259.705 1694.453 795.917
-259.705 1694.453 795.917
-259.431 1692.66 795.075
-292.338 1690.038 793.983
-292.028 1688.25 793.142
-292.647 1691.827 794.823
-325.569 1688.676 793.483
-325.913 1690.459 794.32
-326.601 1694.025 795.996
-360.351 1693.887 796.072
-360.351 1693.887 796.072
-361.107 1697.441 797.744
-394.609 1694.967 796.723
-395.846 1700.28 799.22
-397.083 1705.594 801.718
-430.807 1702.535 800.425
-431.253 1704.299 801.254
-465.015 1700.687 799.701
-465.975 1704.201 801.353
-466.456 1705.957 802.179
-499.799 1700.023 799.536
-500.827 1703.521 801.181
-502.37 1708.768 803.648
-537.989 1709.22 804.01
-539.084 1712.701 805.647
-540.18 1716.182 807.285
-574.941 1712.527 805.715
-576.104 1715.99 807.345
-577.266 1719.453 808.974
-610.957 1711.739 805.496
-612.801 1716.905 807.928
-615.26 1723.794 811.169
-649.71 1717.18 808.212
-651.006 1720.604 809.823
-652.948 1725.74 812.24
-688.179 1720.211 809.795
-688.86 1721.913 810.596
-723.396 1714.094 807.072
-728.389 1725.927 812.643
-731.243 1732.688 815.827
-765.302 1722.495 811.189
-765.302 1722.495 811.189
-768.286 1729.211 814.351
-806.195 1726.755 813.358
-807.752 1730.088 814.929
-809.308 1733.422 816.498
-847.486 1730.241 815.166
-850.727 1736.858 818.284
-853.968 1743.475 821.401
-890.841 1736.226 818.155
-892.525 1739.508 819.702
-897.577 1749.354 824.342
-932.938 1738.106 819.213
-936.432 1744.616 822.282
-939.926 1751.126 825.35
-975.378 1739.18 819.895
-978.996 1745.633 822.937
-984.425 1755.313 827.501
-1023.758 1749.029 824.718
-1029.373 1758.622 829.241
-1033.116 1765.017 832.257
-1070.881 1754.704 827.577
-1074.747 1761.039 830.564
-1110.558 1746.87 824.069
-1114.546 1753.143 827.028
-1120.527 1762.551 831.466
-1158.476 1750.732 826.081
-1166.692 1763.148 831.939
-1174.908 1775.565 837.798
-1213.221 1762.817 831.979
-1217.448 1768.959 834.878
-1219.562 1772.03 836.327
-1257.918 1758.51 830.145
-1264.436 1767.621 834.447
-1273.126 1779.77 840.182
-1313.972 1768.334 834.989
-1322.896 1780.343 840.66
-1329.589 1789.35 844.913
-1368.497 1773.947 837.85
-1375.363 1782.846 842.053
-1379.939 1788.779 844.856
-1421.29 1775.436 838.77
-1430.672 1787.155 844.306
-1440.054 1798.874 849.843
-1486.563 1790.252 845.993
-1493.768 1798.928 850.093
-1498.571 1804.713 852.827
-1538.092 1786.411 844.407
-1550.378 1800.679 851.152
-1597.46 1789.924 846.304
-1604.995 1798.367 850.295
-1615.042 1809.624 855.619
-1662.558 1797.645 850.198
-1672.821 1808.741 855.446
-1680.519 1817.064 859.382
-1725.818 1801.11 852.089
-1738.912 1814.775 858.553
-1749.387 1825.707 863.725
-1795.054 1808.496 855.843
-1813.753 1827.335 864.758
-1827.108 1840.791 871.126
-1873.262 1822.178 862.588
-1881.431 1830.123 866.349
-1895.044 1843.366 872.619
-1949.764 1831.32 867.198
-1960.858 1841.74 872.131
-1977.499 1857.37 879.533
-2032.828 1843.709 873.357
-2046.944 1856.512 879.422
-2061.061 1869.316 885.486
-2114.08 1851.501 877.352
-2134.187 1869.11 885.696
-2190.402 1852.335 878.063
-2207.926 1867.153 885.087
-2219.607 1877.032 889.77
-2270.361 1853.733 879.054
-2288.168 1868.272 885.948
-2305.974 1882.811 892.843
-2372.131 1869.789 887.011
-2399.258 1891.171 897.155
-2411.315 1900.675 901.663
-2466.019 1876.192 890.408
-2487.437 1892.487 898.141
-2505.794 1906.454 904.77
-2567.073 1884.743 894.843
-2601.218 1909.812 906.745
-2632.259 1932.602 917.565
-2688.08 1904.034 904.399
-2716.409 1924.1 913.929
-2738.442 1939.707 921.343
-2797.833 1911.338 908.284
-2832.926 1935.311 919.677
-2868.018 1959.285 931.069
-2934.527 1932.766 918.908
-2966.845 1954.052 929.029
-2979.773 1962.567 933.077
-3017.244 1915.125 910.98
-3004.153 1906.816 907.028
-2991.063 1898.508 903.075
-3014.05 1842.799 877.04
-2984.24 1824.573 868.366
-3005.647 1769.196 842.479
-3002.296 1767.224 841.54
-2988.894 1759.335 837.783
-3012.28 1706.029 812.877
-3005.504 1702.191 811.048
-2995.338 1696.433 808.305
-3013.978 1641.334 782.537
-2993.428 1630.143 777.202
-2986.578 1626.412 775.423
-3014.108 1577.114 752.413
-2993.344 1566.25 747.23
-2986.423 1562.628 745.502
-3009.193 1511.643 721.682
-3002.203 1508.132 720.006
-3016.798 1453.618 694.496
-2999.156 1445.117 690.434
-2992.099 1441.717 688.809
-3005.285 1387.599 663.479
-2991.042 1381.023 660.335
-2980.36 1376.091 657.977
-2992.157 1322.397 632.84
-2981.381 1317.634 630.561
-2970.605 1312.872 628.282
-2984.686 1261.102 604.056
-2981.064 1259.572 603.323
-2973.82 1256.511 601.857
-2986.727 1204.874 577.689
-2979.424 1201.928 576.277
-2975.773 1200.455 575.571
-2987.516 1148.971 551.47
-2980.158 1146.141 550.111
-2976.479 1144.726 549.433
-2990.772 1094.772 526.06
-2975.948 1089.346 523.453
-2985.391 1038.231 499.516
-2974.196 1034.338 497.643
-2959.269 1029.146 495.145
-2971.236 979.722 472.011
-2967.48 978.484 471.414
-2937.43 968.575 466.64
-2933.067 914.91 441.45
-2921.727 911.373 439.742
-2914.167 909.015 438.605
-2923.733 860.565 415.919
-2931.337 862.803 416.999
-2927.535 861.684 416.459
-2932.322 812.093 393.217
-2928.499 811.034 392.704
-2913.206 806.799 390.653
-2920.72 758.624 368.087
-2909.19 755.629 366.634
-2923.403 709.524 345.067
-2919.542 708.587 344.611
-2904.095 704.837 342.788
-2921.209 659.698 321.685
-2917.33 658.822 321.258
-2901.812 655.317 319.55
-2910.197 608.532 297.639
-2906.3 607.717 297.24
-2898.509 606.088 296.444
-2905.93 559.426 274.587
-2902.019 558.673 274.216
-2945.041 566.955 278.282
-2959.538 521.009 256.79
-2912.436 512.717 252.704
-2896.736 509.953 251.341
-2902.277 463.46 229.556
-2906.215 464.089 229.868
-2906.909 416.951 207.758
-2902.96 416.385 207.477
-2902.96 416.385 207.477
-2910.635 370.44 185.957
-2906.675 369.936 185.704
-2902.715 369.432 185.45
-2905.515 323.058 163.71
-2905.515 323.058 163.71
-2897.577 322.175 163.263
-2899.458 275.954 141.589
-2895.481 275.576 141.395
-2891.504 275.197 141.2
-2892.473 229.143 119.602
-2888.49 228.828 119.437
-2888.49 228.828 119.437
-2896.54 183.399 98.161
-2896.54 183.399 98.161
-2892.551 183.146 98.026
-2895.731 137.408 76.585
-2895.731 137.408 76.585
-2895.731 137.408 76.585
-2894.031 91.502 55.044
-2898.028 91.629 55.121
-2895.444 45.758 33.593
-2891.445 45.695 33.546
-2903.442 45.885 33.685
-2923.743 0.0 38.784
-2931.742 0.0 38.89
-2927.742 0.0 38.837
-2927.574 -46.635 17.943
-2931.573 -46.699 17.967
-2927.574 -46.635 17.943
-2926.513 -93.257 -2.957
-2922.515 -93.129 -2.953
-2922.515 -93.129 -2.953
-2924.561 -139.85 -23.856
-2924.561 -139.85 -23.856
-2925.71 -186.655 -44.809
-2925.71 -186.655 -44.809
-2925.71 -186.655 -44.809
-2925.958 -233.53 -65.806
-2917.985 -232.893 -65.626
-2917.985 -232.893 -65.626
-2925.303 -280.461 -86.838
-2925.303 -280.461 -86.838
-2925.303 -280.461 -86.838
-2923.744 -327.433 -107.903
-2923.744 -327.433 -107.903
-2927.717 -327.878 -108.049
-2925.242 -374.94 -129.165
-2150.867 -310.657 -110.639
-2166.682 -312.941 -111.453
-2180.286 -350.546 -128.119
-2424.996 -429.768 -160.364
-2428.926 -430.465 -160.624
-2412.722 -467.53 -177.443
-2385.305 -462.217 -175.426
-2380.23 -500.92 -192.832
-2899.022 -658.816 -256.687
-2899.022 -658.816 -256.687
-2902.909 -659.699 -257.03
-2897.864 -707.666 -278.586
-2901.732 -708.611 -278.958
-2905.602 -709.555 -279.329
-2891.866 -755.663 -300.167
-2891.866 -755.663 -300.167
-2888.743 -804.742 -322.196
-2900.237 -807.944 -323.478
-2896.406 -806.877 -323.051
-2884.619 -853.942 -344.291
-2892.241 -856.198 -345.201
-2903.672 -859.582 -346.566
-2902.223 -910.376 -369.34
-2902.223 -910.376 -369.34
-2909.801 -912.753 -370.305
-2892.179 -958.877 -391.201
-2895.945 -960.126 -391.71
-2907.243 -963.871 -393.239
-2892.386 -1011.25 -414.662
-2899.868 -1013.867 -415.734
-2903.611 -1015.175 -416.271
-2887.747 -1062.543 -437.701
-2895.18 -1065.278 -438.828
-2898.897 -1066.646 -439.391
-2882.023 -1113.984 -460.822
-2889.403 -1116.837 -462.002
-2893.093 -1118.264 -462.592
-2878.868 -1167.041 -484.633
-2882.531 -1168.525 -485.249
-2863.654 -1215.695 -506.632
-2867.288 -1217.238 -507.275
-2870.923 -1218.78 -507.917
-2865.473 -1272.211 -531.926
-2876.286 -1277.012 -533.934
-2890.703 -1283.413 -536.61
-2876.715 -1334.113 -559.508
-2883.863 -1337.428 -560.898
-2901.73 -1345.714 -564.374
-2882.913 -1395.031 -586.716
-2889.997 -1398.458 -588.158
-2893.539 -1400.172 -588.879
-2873.614 -1449.457 -611.222
-2880.632 -1452.996 -612.715
-2887.649 -1456.536 -614.207
-2863.105 -1503.998 -635.795
-2870.054 -1507.649 -637.338
-2883.952 -1514.95 -640.425
-2872.015 -1569.914 -665.207
-2882.334 -1575.555 -667.597
-2865.653 -1628.815 -691.679
-2872.459 -1632.684 -693.321
-2882.67 -1638.488 -695.786
-2864.637 -1691.953 -719.977
-2874.735 -1697.918 -722.516
-2888.199 -1705.871 -725.899
-2858.741 -1753.497 -747.626
-2865.397 -1757.579 -749.367
-2875.381 -1763.703 -751.978
-2851.355 -1815.351 -775.435
-2867.799 -1825.82 -779.906
-2887.532 -1838.383 -785.273
-2865.206 -1892.506 -809.816
-2874.951 -1898.944 -812.57
-2884.696 -1905.381 -815.325
-2860.924 -1959.648 -839.95
-2870.546 -1966.238 -842.776
-2883.375 -1975.026 -846.542
-2854.938 -2027.209 -870.297
-2867.598 -2036.199 -874.157
-2847.227 -2095.158 -900.839
-2856.593 -2102.05 -903.802
-2872.203 -2113.536 -908.742
-2856.245 -2177.537 -937.625
-2868.557 -2186.923 -941.666
-2880.867 -2196.309 -945.708
-2850.834 -2251.235 -970.713
-2859.933 -2258.42 -973.811
-2875.097 -2270.395 -978.975
-2843.463 -2325.401 -1004.036
-2852.424 -2332.729 -1007.2
-2861.384 -2340.057 -1010.364
-2842.931 -2407.465 -1040.807
-2869.391 -2429.871 -1050.493
-2884.091 -2442.319 -1055.875
-2851.683 -2500.335 -1082.296
-2866.144 -2513.015 -1087.784
-2880.605 -2525.694 -1093.273
-2846.359 -2583.861 -1119.785
-2857.733 -2594.186 -1124.26
-2819.137 -2649.57 -1149.583
-2833.107 -2662.699 -1155.28
-2847.078 -2675.829 -1160.976
-2814.95 -2739.207 -1189.795
-2831.412 -2755.226 -1196.753
-2853.361 -2776.585 -1206.03
-2821.642 -2843.052 -1236.228
-2832.411 -2853.904 -1240.946
-2848.566 -2870.181 -1248.024
-2804.078 -2925.866 -1273.56
-2825.201 -2947.907 -1283.154
-1688.554 -1958.977 -855.202
-1442.501 -1734.665 -757.977
-1528.147 -1976.588 -865.22
-1375.28 -1846.095 -808.788
-1370.77 -1840.043 -806.136
-1368.515 -1837.016 -804.811
-1317.933 -1836.931 -805.443
-1298.164 -1809.377 -793.362
-1295.967 -1806.315 -792.019
-1257.076 -1820.321 -798.809
-1254.938 -1817.225 -797.451
-1261.351 -1826.512 -801.526
-1224.274 -1843.024 -809.415
-1033.527 -1618.642 -711.425
-1039.583 -1628.126 -715.593
-1039.583 -1628.126 -715.593
-1006.432 -1641.09 -721.841
-1138.124 -1933.91 -851.274
-1102.912 -1954.814 -861.106
-1099.241 -1948.309 -858.24
-1093.736 -1938.551 -853.942
-1051.285 -1945.651 -857.686
-1045.967 -1935.808 -853.346
-1044.194 -1932.527 -851.901
-1005.469 -1945.374 -858.17
-622.139 -1458.632 -645.199
-592.822 -1464.751 -648.329
-577.706 -1928.773 -856.407
-576.65 -1925.247 -854.841
-534.859 -1916.247 -851.363
-530.904 -1902.079 -845.068
-269.242 -1916.71 -855.095
-230.816 -1906.004 -850.808
-229.936 -1898.743 -847.567
-229.496 -1895.112 -845.946
-139.75 -1372.813 -613.152
-113.942 -1380.162 -616.787
-113.942 -1380.162 -616.787
-113.19 -1371.058 -612.719
-86.85 -1370.7 -612.907
-86.504 -1365.232 -610.462
-86.043 -1357.941 -607.202
-59.909 -1355.328 -606.378
-59.667 -1349.855 -603.93
-33.852 -1350.472 -604.548
-33.852 -1350.472 -604.548
-33.852 -1350.472 -604.548
-8.004 -1347.027 -603.348
-7.982 -1343.377 -601.713
-7.982 -1343.377 -601.713
17.731 -1344.997 -602.78
17.755 -1346.822 -603.598
43.214 -1337.086 -599.574
97.21 -1888.358 -847.254
97.21 -1888.358 -847.254
133.572 -1889.984 -848.465
133.314 -1886.343 -846.831
169.378 -1883.754 -846.149
169.378 -1883.754 -846.149
169.378 -1883.754 -846.149
205.39 -1880.59 -845.21
205.39 -1880.59 -845.21
350.722 -1873.006 -843.739
351.395 -1876.601 -845.359
352.069 -1880.197 -846.978
388.001 -1874.124 -844.735
387.26 -1870.541 -843.12
424.628 -1871.052 -843.845
425.438 -1874.622 -845.454
423.817 -1867.481 -842.234
461.26 -1867.383 -842.686
462.139 -1870.94 -844.292
880.297 -3294.103 -1487.401
888.817 -3325.981 -1501.795
954.395 -3318.054 -1499.114
956.422 -3325.107 -1502.3
956.422 -3325.107 -1502.3
1013.462 -3287.996 -1486.431
1008.054 -3270.451 -1478.5
993.993 -3224.833 -1457.877
1054.453 -3204.713 -1449.665
1067.088 -3243.113 -1467.036
1135.119 -3242.674 -1467.741
685.683 -1846.605 -836.356
685.683 -1846.605 -836.356
724.997 -1845.518 -836.39
734.43 -1869.53 -847.272
750.601 -1910.694 -865.928
801.226 -1932.346 -876.3
801.226 -1932.346 -876.3
801.226 -1932.346 -876.3
841.087 -1925.876 -873.929
842.565 -1929.26 -875.465
846.999 -1939.414 -880.073
887.123 -1932.164 -877.357
885.58 -1928.804 -875.831
887.123 -1932.164 -877.357
928.839 -1927.561 -875.848
928.839 -1927.561 -875.848
930.446 -1930.896 -877.364
973.999 -1928.832 -877.016
979.01 -1938.757 -881.53
980.682 -1942.066 -883.035
1017.761 -1925.965 -876.313
1017.761 -1925.965 -876.313
1056.328 -1912.53 -870.806
1061.718 -1922.288 -875.249
1067.107 -1932.046 -879.692
1107.708 -1921.017 -875.29
1107.708 -1921.017 -875.29
1109.566 -1924.24 -876.759
1150.139 -1912.477 -872.026
1155.899 -1922.055 -876.394
1159.739 -1928.441 -879.305
1200.51 -1915.814 -874.19
1206.453 -1925.298 -878.518
1208.434 -1928.46 -879.96
1247.283 -1911.864 -873.041
1247.283 -1911.864 -873.041
1249.324 -1914.993 -874.469
1290.074 -1900.811 -868.657
1290.074 -1900.811 -868.657
1298.477 -1913.194 -874.316
1343.628 -1904.285 -870.924
1350.109 -1913.469 -875.124
1354.429 -1919.592 -877.925
1399.932 -1909.65 -874.074
1404.369 -1915.702 -876.844
1447.75 -1901.83 -871.205
1452.303 -1907.811 -873.944
1452.303 -1907.811 -873.944
1491.034 -1887.159 -865.206
1500.368 -1898.973 -870.623
1509.701 -1910.786 -876.039
1543.763 -1883.351 -864.2
1567.461 -1843.912 -846.846
1560.125 -1835.282 -842.883
1550.344 -1823.776 -837.599
1587.63 -1801.467 -828.099
1592.63 -1807.141 -830.707
1602.63 -1818.489 -835.923
1655.192 -1812.087 -833.753
1662.855 -1820.476 -837.613
1667.963 -1826.069 -840.186
1710.609 -1807.315 -832.35
1718.432 -1815.58 -836.156
1728.863 -1826.6 -841.232
1776.992 -1812.174 -835.408
1787.633 -1823.026 -840.41
1825.103 -1796.771 -829.145
1833.238 -1804.78 -832.841
1849.51 -1820.799 -840.233
1900.797 -1806.644 -834.572
1920.136 -1825.026 -843.064
1939.476 -1843.407 -851.555
1985.866 -1822.384 -842.752
1991.491 -1827.546 -845.14
1999.93 -1835.29 -848.72
2046.358 -1813.124 -839.406
2057.806 -1823.267 -844.102
2083.564 -1846.089 -854.668
2136.207 -1827.383 -846.985
2144.939 -1834.851 -850.448
2150.76 -1839.831 -852.755
2194.691 -1812.445 -841.07
2209.48 -1824.658 -846.737
2206.522 -1822.216 -845.604
2247.248 -1791.408 -832.343
2274.288 -1812.963 -842.358
2304.331 -1836.912 -853.485
2357.623 -1813.832 -843.852
2369.824 -1823.218 -848.219
2388.123 -1837.297 -854.769
2441.687 -1812.587 -844.41
2454.066 -1821.776 -848.691
2507.591 -1795.721 -837.728
2526.422 -1809.206 -844.019
2545.252 -1822.69 -850.309
2595.865 -1792.682 -837.538
2608.59 -1801.47 -841.644
2630.858 -1816.848 -848.828
2684.788 -1787.367 -836.336
2694.457 -1793.804 -839.348
2717.018 -1808.824 -846.376
2780.825 -1783.943 -836.077
2810.2 -1802.788 -844.908
3103.208 -1775.834 -836.72
3167.741 -1742.887 -822.816
3205.331 -1763.568 -832.58
3280.305 -1733.978 -820.318
3304.475 -1746.755 -826.363
3332.099 -1761.357 -833.271
3407.44 -1729.083 -819.812
3442.316 -1746.781 -828.203
3470.217 -1760.939 -834.916
3542.425 -1724.08 -819.361
3577.638 -1741.218 -827.506
3605.808 -1754.928 -834.021
3696.02 -1723.575 -821.173
3731.558 -1740.148 -829.068
3759.99 -1753.406 -835.385
3850.667 -1718.685 -821.033
5773.923 -276.26 -200.355
5773.923 -276.26 -200.355
5746.902 -183.201 -158.306
5698.944 -181.672 -156.985
5646.109 -89.958 -115.198
5606.122 -89.321 -114.381
5639.504 0.0 -74.81
1653.798 489.578 197.388
1625.397 509.858 206.85
1589.403 498.568 202.269
1578.037 495.002 200.822
1566.597 519.392 211.901
1551.533 514.398 209.864
1534.124 536.368 219.937
1545.35 540.293 221.546
1556.575 544.218 223.155
1549.795 570.245 234.905
1547.936 569.561 234.624
1547.936 569.561 234.624
1538.801 594.791 246.048
1542.491 596.217 246.638
1546.181 597.643 247.227
1540.158 624.352 259.272
1545.652 626.579 260.197
1547.484 627.321 260.506
1528.13 648.731 270.353
1528.13 648.731 270.353
1537.216 652.587 271.961
1530.054 679.313 284.028
1537.263 682.513 285.367
1547.351 717.604 300.953
1563.432 725.062 304.08
1565.219 725.89 304.429
1556.561 753.214 316.783
1565.414 757.498 318.585
1568.956 759.212 319.306
1557.857 785.786 331.359
1561.365 787.556 332.105
1564.875 789.326 332.852
1553.164 815.883 344.904
1558.377 818.62 346.061
1568.801 824.096 348.376
1559.83 852.642 361.283
1566.71 856.402 362.877
1570.149 858.282 363.673
1557.05 885.016 375.823
1560.453 886.95 376.644
1565.558 889.852 377.877
1553.502 917.552 390.446
1560.234 921.528 392.138
1570.332 927.493 394.676
1559.162 956.36 407.757
1564.154 959.422 409.062
1549.006 986.194 421.257
1552.295 988.288 422.151
1557.228 991.428 423.493
1546.301 1021.353 437.043
1552.798 1025.644 438.879
1560.92 1031.008 441.175
1547.53 1060.011 454.345
1553.944 1064.405 456.228
1558.754 1067.7 457.642
1546.161 1097.884 471.33
1554.073 1103.503 473.742
1558.821 1106.874 475.189
1545.37 1137.174 488.942
1553.175 1142.918 491.412
1560.98 1148.661 493.881
1545.081 1177.935 507.206
1552.776 1183.801 509.733
1563.548 1192.014 513.269
1546.73 1221.415 526.663
1552.795 1226.205 528.729
1561.894 1233.389 531.827
1550.166 1267.735 547.369
1559.125 1275.063 550.532
1565.1 1279.948 552.642
1546.413 1309.541 566.147
1549.354 1312.031 567.223
1532.851 1343.994 581.761
1541.528 1351.601 585.054
1555.989 1364.28 590.543
1541.186 1399.054 606.317
1546.872 1404.216 608.555
1552.559 1409.379 610.791
1536.695 1444.265 626.631
1545.077 1452.143 630.049
1556.253 1462.647 634.607
1539.169 1497.754 650.561
1547.399 1505.763 654.04
1558.374 1516.442 658.678
1540.056 1551.742 674.735
1548.133 1559.881 678.274
1556.211 1568.019 681.812
1536.698 1603.441 697.94
1547.259 1614.461 702.737
1560.462 1628.236 708.733
1539.587 1663.876 724.977
1549.936 1675.062 729.85
1525.418 1707.848 744.863
1535.554 1719.196 749.812
1543.155 1727.707 753.524
1522.426 1766.244 771.063
1524.905 1769.12 772.319
1514.988 1757.614 767.296
1476.441 1775.481 775.812
1471.593 1769.65 773.264
1461.896 1757.988 768.168
1421.089 1771.981 774.978
1418.72 1769.027 773.686
1413.983 1763.121 771.103
1373.252 1776.238 777.519
1366.316 1767.267 773.592
1361.692 1761.286 770.974
1321.17 1773.462 776.967
1312.152 1761.357 771.663
1307.643 1755.304 769.012
1271.805 1772.638 777.252
1265.215 1763.453 773.225
1227.146 1776.98 779.79
1222.87 1770.788 777.073
1218.594 1764.597 774.356
1180.624 1777.313 780.557
1174.388 1767.926 776.434
1170.231 1761.668 773.685
1132.439 1773.551 779.51
1130.421 1770.389 778.12
1126.383 1764.066 775.342
1090.628 1778.38 782.229
1084.753 1768.802 778.015
1080.838 1762.416 775.206
1043.279 1772.751 780.334
1039.486 1766.305 777.497
1037.589 1763.081 776.079
1000.145 1772.668 780.87
1000.145 1772.668 780.87
964.417 1784.881 786.815
960.872 1778.319 783.922
959.098 1775.038 782.475
923.39 1786.568 788.114
919.97 1779.951 785.195
918.26 1776.643 783.736
884.234 1790.831 790.544
882.587 1787.496 789.072
882.587 1787.496 789.072
843.607 1791.032 791.173
840.442 1784.312 788.205
840.442 1784.312 788.205
803.237 1790.489 791.465
800.2 1783.72 788.472
798.681 1780.335 786.976
763.138 1789.209 791.424
763.138 1789.209 791.424
726.103 1794.063 794.09
723.326 1787.202 791.052
723.326 1787.202 791.052
687.787 1794.831 794.942
685.141 1787.928 791.884
685.141 1787.928 791.884
650.912 1798.4 797.029
648.399 1791.456 793.952
647.143 1787.984 792.414
614.105 1801.342 798.836
612.915 1797.851 797.287
610.535 1790.869 794.192
575.13 1796.643 797.248
574.008 1793.134 795.69
574.008 1793.134 795.69
540.214 1803.597 800.827
540.214 1803.597 800.827
504.705 1808.215 803.366
503.716 1804.672 801.792
502.727 1801.13 800.219
468.256 1808.694 804.065
468.256 1808.694 804.065
467.797 1806.915 803.274
433.218 1813.92 806.871
432.791 1812.135 806.076
431.938 1808.564 804.489
396.936 1813.206 807.032
396.936 1813.206 807.032
396.936 1813.206 807.032
362.241 1819.081 810.124
362.241 1819.081 810.124
361.884 1817.284 809.323
325.818 1815.388 808.952
325.17 1811.783 807.346
325.17 1811.783 807.346
290.795 1818.322 810.732
290.795 1818.322 810.732
255.753 1820.694 812.259
256.263 1824.317 813.875
256.518 1826.129 814.684
221.363 1827.948 815.966
221.143 1826.133 815.155
220.483 1820.687 812.724
185.655 1823.75 814.558
185.655 1823.75 814.558
185.47 1821.932 813.745
150.62 1824.436 815.33
150.77 1826.257 816.144
150.921 1828.077 816.958
115.839 1828.207 817.481
115.609 1824.562 815.851
115.609 1824.562 815.851
80.793 1827.777 817.753
80.793 1827.777 817.753
80.873 1829.601 818.569
45.928 1832.262 820.225
45.973 1834.087 821.042
10.899 1834.367 821.633
10.91 1836.192 822.45
10.899 1834.367 821.633
-24.178 1834.087 821.973
-24.178 1834.087 821.973
-24.154 1832.262 821.155
-59.308 1835.073 822.88
-59.368 1836.898 823.698
-59.368 1836.898 823.698
-94.583 1837.321 824.355
-94.864 1842.789 826.809
-94.959 1844.612 827.626
-130.098 1840.823 826.395
-129.969 1839.002 825.578
-130.226 1842.644 827.213
-165.945 1845.569 828.997
-166.108 1847.388 829.814
-166.272 1849.206 830.631
-201.822 1847.916 830.524
-202.02 1849.731 831.34
-237.38 1846.057 830.163
-237.38 1846.057 830.163
-238.078 1851.491 832.607
-273.469 1847.242 831.172
-274.005 1850.857 832.8
-274.005 1850.857 832.8
-309.381 1846.035 831.109
-309.381 1846.035 831.109
-309.986 1849.641 832.732
-346.683 1851.436 834.023
-348.029 1858.626 837.262
-348.029 1858.626 837.262
-384.292 1856.207 836.659
-384.292 1856.207 836.659
-385.034 1859.791 838.274
-422.196 1860.34 839.013
-422.196 1860.34 839.013
-423.817 1867.481 842.234
-462.139 1870.94 844.292
-462.139 1870.94 844.292
-462.139 1870.94 844.292
-498.835 1866.658 842.861
-500.729 1873.742 846.059
-537.544 1868.83 844.347
-538.559 1872.356 845.94
-539.573 1875.882 847.534
-576.494 1870.333 845.537
-577.575 1873.842 847.124
-577.575 1873.842 847.124
-615.672 1871.161 846.428
-616.82 1874.652 848.007
-617.969 1878.143 849.586
-656.279 1874.779 848.588
-658.71 1881.723 851.73
-661.14 1888.667 854.873
-699.781 1884.572 853.551
-702.344 1891.475 856.678
-704.907 1898.379 859.805
-743.863 1893.542 858.154
-745.211 1896.973 859.709
-746.559 1900.403 861.264
-784.269 1891.45 857.753
-787.095 1898.266 860.844
-789.921 1905.082 863.936
-829.261 1898.798 861.642
-833.695 1908.952 866.249
-871.694 1898.561 862.099
-874.78 1905.282 865.15
-882.494 1922.083 872.779
-920.804 1910.886 868.272
-922.411 1914.221 869.787
-927.232 1924.226 874.333
-968.986 1918.906 872.503
-972.328 1925.523 875.512
-973.999 1928.832 877.016
-1012.56 1916.122 871.834
-1016.028 1922.684 874.821
-1019.495 1929.246 877.806
-1063.515 1925.541 876.73
-1068.903 1935.298 881.173
-1074.293 1945.056 885.615
-1113.284 1930.687 879.695
-1115.142 1933.91 881.164
-1118.86 1940.356 884.101
-1159.739 1928.441 879.305
-1163.58 1934.826 882.217
-1206.453 1925.298 878.518
-1214.378 1937.944 884.287
-1220.321 1947.428 888.616
-1261.572 1933.767 883.042
-1267.697 1943.154 887.329
-1275.862 1955.671 893.045
-1319.488 1944.152 888.463
-1325.792 1953.439 892.707
-1332.095 1962.727 896.952
-1376.03 1950.208 891.926
-1384.671 1962.454 897.527
-1393.312 1974.7 903.128
-1435.429 1958.072 896.237
-1444.304 1970.177 901.778
-1450.96 1979.256 905.933
-1493.277 1961.636 898.601
-1500.105 1970.607 902.711
-1511.487 1985.559 909.56
-1558.702 1972.805 904.472
-1561.035 1975.758 905.826
-1570.369 1987.572 911.243
-1617.844 1973.728 905.671
-1632.183 1991.221 913.698
-1641.742 2002.882 919.048
-1684.837 1981.99 910.261
-1694.619 1993.496 915.545
-1701.955 2002.126 919.509
-1750.143 1985.87 912.865
-1762.644 2000.054 919.386
-1811.005 1982.669 912.239
-1826.331 1999.448 919.959
-1844.211 2019.023 928.966
-1893.143 2000.168 921.168
-1906.182 2013.944 927.511
-1919.22 2027.719 933.856
-1965.864 2004.786 924.201
-1981.825 2021.063 931.704
-2005.767 2045.478 942.96
-2061.037 2029.043 936.33
-2071.884 2039.722 941.259
-2085.444 2053.071 947.418
-2135.634 2029.849 937.681
-2149.448 2042.978 943.746
-2168.787 2061.36 952.237
-2230.583 2046.955 946.604
-2250.273 2065.024 954.96
-2264.337 2077.93 960.928
-2312.527 2048.956 948.587
-2329.699 2064.171 955.631
-2355.458 2086.994 966.197
-2412.693 2063.897 956.609
-2433.065 2081.324 964.686
-2502.302 2066.481 958.955
-2520.05 2081.137 965.756
-2540.754 2098.235 973.692
-2607.77 2078.8 965.874
-2640.818 2105.144 978.114
-2664.853 2124.304 987.016
-2720.57 2093.064 973.76
-2748.019 2114.182 983.585
-2778.519 2137.647 994.501
-2843.993 2111.239 983.54
-2865.656 2127.32 991.031
-2893.508 2147.996 1000.663
-2962.661 2121.603 989.756
-2978.353 2132.84 994.999
-2987.768 2139.582 998.144
-3025.328 2089.266 976.101
-3003.06 2073.887 968.916
-2993.516 2067.296 965.837
-3026.429 2014.811 942.761
-3007.091 2001.937 936.737
-2987.753 1989.063 930.713
-3015.824 1934.699 906.731
-3006.033 1928.417 903.787
-3029.52 1871.893 878.776
-3019.609 1865.769 875.901
-3003.091 1855.563 871.11
-3018.344 1795.34 844.333
-2998.289 1783.41 838.722
-2981.576 1773.469 834.047
-3008.556 1721.67 811.199
-2998.415 1715.866 808.464
-2988.274 1710.063 805.731
-3010.55 1656.4 781.986
-2990.047 1645.12 776.661
-2979.796 1639.479 773.997
-3007.522 1589.784 752.102
-2986.804 1578.833 746.921
-3009.847 1527.327 724.153
-3002.871 1523.788 722.475
-2992.409 1518.478 719.958
-3007.188 1463.583 695.561
-2993.103 1456.727 692.303
-2986.06 1453.3 690.674
-2999.462 1398.747 666.413
-2985.247 1392.118 663.255
-2974.586 1387.146 660.885
-2986.598 1333.021 636.798
-2975.842 1328.22 634.505
-2965.086 1323.42 632.211
-2982.99 1272.777 609.761
-2975.758 1269.691 608.282
-2968.527 1266.606 606.804
-2981.642 1214.554 583.659
-2977.997 1213.069 582.946
-2970.706 1210.099 581.519
-2982.655 1158.202 558.428
-2975.309 1155.349 557.053
-2993.53 1106.303 535.323
-2956.527 1092.628 528.705
-2930.624 1083.055 524.073
-2951.167 1036.107 503.313
-2932.535 1029.566 500.135
-2928.809 1028.257 499.5
-2963.307 986.345 481.181
-2963.307 986.345 481.181
-2937.049 977.605 476.917
-2929.152 922.261 452.019
-2917.827 918.695 450.272
-2914.053 917.507 449.689
-2923.835 868.607 427.912
-2916.241 866.351 426.801
-2912.443 865.223 426.245
-2917.365 815.415 403.997
-2913.547 814.348 403.468
-2925.113 766.731 382.29
-2925.113 766.731 382.29
-2921.274 765.725 381.789
-2928.032 717.114 360.1
-2916.459 714.279 358.678
-2901.028 710.5 356.78
-2918.323 664.998 336.625
-2914.447 664.115 336.177
-2902.82 661.465 334.836
-2907.517 613.421 313.375
-2903.624 612.6 312.956
-2895.84 610.958 312.117
-2903.449 563.92 291.145
-2899.54 563.161 290.753
-2938.618 570.751 294.672
-2957.207 525.195 274.51
-2914.064 517.533 270.505
-2894.454 514.05 268.685
-2904.117 467.818 248.101
-2904.117 467.818 248.101
-2905.001 420.301 226.826
-2901.055 419.73 226.518
-2901.055 419.73 226.518
-2908.913 373.416 205.874
-2904.956 372.908 205.594
-2900.998 372.4 205.314
-2903.984 325.653 184.411
-2903.984 325.653 184.411
-2896.05 324.764 183.908
-2894.143 277.79 162.839
-2894.143 277.79 162.839
-2890.167 277.408 162.615
-2891.322 230.984 141.833
-2891.322 230.984 141.833
-2891.322 230.984 141.833
-2895.573 184.872 121.231
-2891.585 184.617 121.064
-2887.595 184.363 120.897
-2886.962 138.13 100.177
-2890.955 138.321 100.316
-2893.433 92.238 79.704
-2885.441 91.983 79.484
-2881.444 91.855 79.374
-2891.032 46.062 58.986
-2895.03 46.126 59.067
-2903.028 46.253 59.23
-2923.954 0.0 16.331
-2931.954 0.0 16.375
-2927.954 0.0 16.353
-2931.615 -47.421 -2.854
-2931.615 -47.421 -2.854
-2927.616 -47.356 -2.85
-2926.385 -94.698 -22.051
-2922.388 -94.569 -22.022
-2926.385 -94.698 -22.051
-2924.263 -142.011 -41.247
-2924.263 -142.011 -41.247
-2928.258 -142.205 -41.303
-2925.242 -189.539 -60.511
-2925.242 -189.539 -60.511
-2925.319 -237.139 -79.811
-2921.334 -236.816 -79.703
-2921.334 -236.816 -79.703
-2920.514 -284.408 -99.003
-2920.514 -284.408 -99.003
-2924.493 -284.795 -99.138
-2922.763 -332.494 -118.487
-2922.763 -332.494 -118.487
-2143.539 -279.102 -101.192
-2149.891 -315.459 -115.897
-2908.182 -475.048 -176.367
-2892.421 -472.473 -175.411
-2431.463 -437.825 -163.938
-2423.606 -436.41 -163.409
-2399.45 -472.444 -178.154
-2360.308 -464.737 -175.247
-2340.736 -460.884 -173.794
-2908.883 -622.068 -235.973
-2896.832 -668.998 -255.069
-2896.832 -668.998 -255.069
-2900.716 -669.895 -255.411
-2895.496 -718.603 -275.189
-2899.361 -719.563 -275.556
-2899.361 -719.563 -275.556
-2885.475 -766.32 -294.592
-2889.323 -767.342 -294.985
-2889.323 -767.342 -294.985
-2886.02 -817.18 -315.21
-2893.676 -819.348 -316.047
-2901.331 -821.515 -316.883
-2896.945 -871.722 -337.264
-2896.945 -871.722 -337.264
-2872.623 -915.999 -355.352
-2880.194 -918.412 -356.289
-2902.902 -925.653 -359.097
-2892.658 -974.965 -379.148
-2900.18 -977.501 -380.134
-2903.942 -978.769 -380.627
-2888.911 -1026.88 -400.219
-2892.648 -1028.209 -400.736
-2896.385 -1029.537 -401.254
-2884.085 -1078.965 -421.363
-2887.797 -1080.354 -421.905
-2891.509 -1081.743 -422.448
-2878.174 -1131.202 -442.576
-2885.544 -1134.099 -443.709
-2889.229 -1135.547 -444.276
-2871.168 -1183.57 -463.848
-2878.483 -1186.586 -465.03
-2878.483 -1186.586 -465.03
-2855.804 -1232.918 -483.942
-2866.691 -1237.618 -485.787
-2888.463 -1247.017 -489.476
-2879.04 -1299.999 -511.01
-2886.237 -1303.249 -512.288
-2872.064 -1354.733 -533.242
-2882.767 -1359.782 -535.229
-2893.47 -1364.831 -537.216
-2874.505 -1414.852 -557.604
-2881.576 -1418.332 -558.975
-2888.648 -1421.813 -560.347
-2865.04 -1470.062 -580.042
-2872.045 -1473.656 -581.46
-2879.05 -1477.251 -582.878
-2861.302 -1529.097 -603.998
-2861.302 -1529.097 -603.998
-2878.643 -1538.364 -607.659
-2863.071 -1592.269 -629.601
-2869.937 -1596.088 -631.112
-2887.102 -1605.634 -634.886
-2866.72 -1657.919 -656.2
-2876.91 -1663.812 -658.532
-2887.1 -1669.705 -660.865
-2865.399 -1722.142 -682.246
-2875.477 -1728.199 -684.646
-2852.561 -1780.598 -706.019
-2865.844 -1788.89 -709.307
-2879.127 -1797.181 -712.595
-2851.513 -1847.661 -733.216
-2861.356 -1854.039 -735.748
-2877.763 -1864.67 -739.966
-2855.278 -1919.578 -762.354
-2865.001 -1926.114 -764.95
-2877.964 -1934.83 -768.411
-2847.594 -1985.474 -789.115
-2860.393 -1994.397 -792.662
-2869.991 -2001.09 -795.321
-2847.76 -2058.541 -818.74
-2860.389 -2067.67 -822.37
-2863.546 -2069.952 -823.278
-2839.801 -2127.54 -846.76
-2861.599 -2143.87 -853.259
-2883.396 -2160.2 -859.759
-2860.798 -2220.724 -884.424
-2873.076 -2230.255 -888.22
-2882.285 -2237.403 -891.067
-2854.937 -2295.758 -914.879
-2864.011 -2303.053 -917.788
-2826.264 -2353.901 -938.615
-2841.155 -2366.303 -943.56
-2853.067 -2376.225 -947.516
-2822.643 -2434.561 -971.339
-2837.299 -2447.202 -976.382
-2857.816 -2464.899 -983.442
-2828.365 -2526.105 -1008.423
-2845.665 -2541.555 -1014.592
-2865.846 -2559.58 -1021.787
-2828.65 -2615.933 -1044.843
-2848.49 -2634.281 -1052.172
-2856.994 -2642.145 -1055.313
-2812.475 -2693.187 -1076.257
-2831.967 -2711.853 -1083.716
-2845.89 -2725.186 -1089.044
-2816.112 -2792.388 -1116.457
-2837.985 -2814.077 -1125.129
-2854.39 -2830.343 -1131.633
-2827.586 -2903.522 -1161.454
-2854.413 -2931.07 -1172.473
-2870.509 -2947.599 -1179.085
-2825.19 -3004.659 -1202.473
-2835.712 -3015.85 -1206.952
-2794.054 -3078.182 -1232.457
-2814.674 -3100.9 -1241.553
-1421.811 -1808.365 -725.268
-1428.884 -1817.362 -728.877
-1435.958 -1826.359 -732.486
-1401.398 -1849.238 -741.955
-1392.193 -1837.092 -737.082
-1387.591 -1831.019 -734.645
-1346.217 -1843.897 -740.097
-1350.705 -1850.043 -742.564
-1355.192 -1856.189 -745.031
-1320.08 -1877.757 -753.972
-1326.637 -1887.084 -757.718
-1293.072 -1911.328 -767.734
-1290.945 -1908.184 -766.472
-1256.928 -1931.881 -776.269
-1133.047 -1967.073 -791.23
-1116.079 -1937.616 -779.382
-1114.194 -1934.343 -778.065
-1075.814 -1948.696 -784.099
-1072.167 -1942.09 -781.441
-1068.52 -1935.484 -778.782
-1031.947 -1952.4 -785.846
-993.362 -1965.363 -791.316
-637.87 -1455.561 -586.601
-607.502 -1458.681 -588.036
-638.203 -1921.351 -775.456
-635.848 -1914.261 -772.595
-598.614 -1920.62 -775.381
-597.504 -1917.057 -773.942
-596.393 -1913.494 -772.503
-559.245 -1919.198 -775.024
-556.115 -1908.456 -770.686
-554.029 -1901.295 -767.794
-518.159 -1909.896 -771.482
-517.183 -1906.299 -770.029
-481.223 -1914.304 -773.475
-481.223 -1914.304 -773.475
-480.315 -1910.692 -772.015
-442.598 -1910.848 -772.29
-441.758 -1907.222 -770.825
-441.758 -1907.222 -770.825
-405.019 -1910.368 -772.305
-404.247 -1906.729 -770.834
-403.475 -1903.09 -769.363
-367.59 -1909.256 -772.063
-366.886 -1905.606 -770.587
-366.184 -1901.955 -769.111
-329.69 -1903.857 -770.086
-329.69 -1903.857 -770.086
-328.422 -1896.535 -767.124
-292.668 -1901.488 -769.332
-292.103 -1897.817 -767.847
-291.538 -1894.147 -766.362
-256.329 -1902.183 -769.817
-256.329 -1902.183 -769.817
-220.051 -1902.283 -770.06
-220.051 -1902.283 -770.06
-220.051 -1902.283 -770.06
-183.845 -1901.79 -770.062
-108.923 -1401.494 -567.634
-108.348 -1394.098 -564.638
-81.537 -1386.332 -561.639
-80.993 -1377.078 -557.89
-54.902 -1374.423 -556.959
-54.902 -1374.423 -556.959
-54.902 -1374.423 -556.959
-28.896 -1369.492 -555.105
-28.778 -1363.932 -552.852
-3.085 -1362.286 -552.327
-3.089 -1364.14 -553.079
-3.097 -1367.847 -554.582
22.663 -1367.639 -554.641
22.663 -1367.639 -554.641
48.416 -1367.014 -554.532
74.957 -1380.78 -560.261
102.187 -1882.376 -763.789
138.03 -1885.915 -765.424
174.211 -1890.712 -767.57
173.87 -1887.019 -766.071
173.7 -1885.172 -765.322
245.318 -1883.787 -765.16
239.913 -1605.987 -652.494
241.009 -1613.328 -655.477
271.364 -1609.125 -653.943
352.08 -1872.751 -761.281
352.766 -1876.401 -762.765
388.817 -1873.98 -761.985
389.572 -1877.619 -763.465
389.572 -1877.619 -763.465
424.887 -1870.963 -760.963
425.709 -1874.589 -762.437
425.709 -1874.589 -762.437
460.963 -1867.349 -759.699
496.075 -1859.541 -756.729
676.927 -1833.086 -747.013
683.399 -1850.611 -754.156
683.399 -1850.611 -754.156
719.531 -1842.691 -751.146
720.891 -1846.175 -752.566
798.343 -1937.987 -790.224
799.769 -1941.448 -791.635
801.194 -1944.908 -793.046
839.219 -1935.02 -789.249
839.219 -1935.02 -789.249
842.2 -1941.894 -792.053
881.783 -1934.729 -789.369
883.338 -1938.142 -790.762
919.736 -1923.489 -785.024
919.736 -1923.489 -785.024
922.975 -1930.261 -787.788
959.219 -1914.969 -781.789
960.901 -1918.328 -783.162
964.267 -1925.047 -785.905
1007.392 -1922.415 -785.078
1007.392 -1922.415 -785.078
1010.884 -1929.078 -787.799
1052.521 -1922.273 -785.273
1056.138 -1928.878 -787.971
1061.563 -1938.787 -792.018
1101.692 -1927.797 -787.787
1101.692 -1927.797 -787.787
1101.692 -1927.797 -787.787
1139.802 -1912.856 -781.942
1139.802 -1912.856 -781.942
1141.733 -1916.099 -783.267
1185.656 -1910.111 -781.085
1191.634 -1919.742 -785.024
1235.861 -1912.816 -782.463
1244.072 -1925.526 -787.661
1242.02 -1922.348 -786.361
1280.19 -1905.04 -779.557
1284.416 -1911.328 -782.13
1286.528 -1914.471 -783.417
1326.776 -1899.519 -777.578
1328.947 -1902.628 -778.851
1333.29 -1908.846 -781.397
1378.003 -1899.214 -777.74
1386.922 -1911.506 -782.775
1389.152 -1914.579 -784.034
1431.908 -1900.859 -778.709
1443.346 -1916.042 -784.928
1447.921 -1922.115 -787.417
1483.95 -1898.333 -777.976
1488.639 -1904.331 -780.433
1493.328 -1910.329 -782.891
1531.531 -1888.776 -774.367
1521.929 -1876.934 -769.511
1521.929 -1876.934 -769.511
1566.923 -1863.648 -764.376
1559.555 -1854.885 -760.782
1581.753 -1814.906 -744.696
1576.732 -1809.145 -742.332
1581.753 -1814.906 -744.696
1623.442 -1797.5 -737.871
1631.137 -1806.018 -741.369
1643.96 -1820.217 -747.196
1688.519 -1804.474 -741.063
1696.373 -1812.867 -744.51
1709.462 -1826.855 -750.254
1749.009 -1804.371 -741.359
1754.349 -1809.881 -743.623
1762.36 -1818.145 -747.017
1804.562 -1797.43 -738.855
1820.893 -1813.697 -745.541
1829.058 -1821.83 -748.884
1877.018 -1805.235 -742.424
1899.198 -1826.568 -751.197
1918.606 -1845.233 -758.873
1967.246 -1826.959 -751.736
1978.535 -1837.444 -756.05
1989.825 -1847.929 -760.364
2027.268 -1817.972 -748.427
2035.882 -1825.697 -751.607
2044.496 -1833.422 -754.787
2087.546 -1807.592 -744.556
2105.064 -1822.761 -750.804
2159.915 -1805.732 -744.206
2177.716 -1820.615 -750.339
2189.585 -1830.536 -754.428
2241.884 -1809.368 -746.138
2244.897 -1811.8 -747.14
2244.897 -1811.8 -747.14
2306.286 -1796.594 -741.318
2342.99 -1825.187 -753.116
2355.226 -1834.718 -757.049
2398.814 -1803.277 -744.544
2417.434 -1817.274 -750.323
2439.157 -1833.604 -757.066
2504.873 -1816.629 -750.55
2520.607 -1828.04 -755.264
2523.754 -1830.322 -756.207
2570.689 -1798.081 -743.397
2589.826 -1811.466 -748.931
2621.721 -1833.775 -758.154
2672.106 -1801.919 -745.52
2681.799 -1808.456 -748.225
3048.922 -1767.923 -733.841
3072.636 -1781.673 -739.548
3086.187 -1789.531 -742.81
3116.106 -1737.368 -721.828
3126.379 -1743.096 -724.207
3174.319 -1769.824 -735.312
3255.72 -1744.097 -725.336
3297.238 -1766.339 -734.586
3331.836 -1784.873 -742.293
3389.524 -1743.227 -725.73
3417.479 -1757.605 -731.715
3452.422 -1775.576 -739.197
3513.683 -1733.324 -722.408
3545.433 -1748.986 -728.936
3584.239 -1768.13 -736.915
3666.965 -1733.385 -723.289
3742.281 -1693.249 -707.437
4264.03 -1761.032 -737.833
112.092 -42.006 -17.657
5815.288 -282.47 -147.008
5799.312 -281.694 -146.604
5795.952 -187.585 -108.428
5763.974 -186.55 -107.83
5708.013 -184.739 -106.783
5654.844 -91.478 -68.674
5606.853 -90.701 -68.09
5590.856 -90.443 -67.896
5535.914 0.0 -30.919
1640.713 493.709 191.013
1595.271 508.687 197.339
1576.348 502.653 194.999
1566.699 528.053 205.351
1564.819 527.419 205.105
1555.415 524.25 203.872
1545.362 549.308 214.088
1549.099 550.636 214.606
1554.705 552.629 215.382
1547.83 579.059 226.137
1551.541 580.447 226.679
1555.253 581.836 227.221
1544.116 606.88 237.439
1549.644 609.053 238.288
1555.172 611.226 239.138
1547.139 637.771 249.946
1548.968 638.525 250.242
1548.968 638.525 250.242
1542.207 665.807 261.341
1544.021 666.59 261.649
1545.835 667.374 261.956
1536.687 693.875 272.752
1540.286 695.5 273.391
1532.362 722.805 284.506
1535.93 724.488 285.168
1532.362 722.805 284.506
1520.341 748.323 294.919
1527.412 751.803 296.291
1530.948 753.543 296.977
1525.337 782.655 308.812
1548.103 794.337 313.421
1563.864 802.424 316.612
1550.305 828.493 327.258
1555.508 831.273 328.356
1565.913 836.833 330.551
1558.554 866.775 342.733
1563.704 869.639 343.865
1567.136 871.548 344.62
1553.939 898.694 355.701
1557.335 900.658 356.478
1562.43 903.605 357.644
1550.272 931.733 369.116
1556.99 935.771 370.717
1565.388 940.818 372.716
1555.791 971.141 385.064
1559.113 973.214 385.886
1545.526 1001.436 397.404
1548.807 1003.562 398.248
1553.73 1006.752 399.515
1544.313 1038.228 412.329
1550.796 1042.586 414.059
1557.277 1046.943 415.79
1543.78 1076.394 427.807
1550.179 1080.856 429.58
1554.978 1084.202 430.91
1537.538 1111.43 442.047
1545.431 1117.135 444.316
1554.902 1123.982 447.039
1541.34 1154.75 459.59
1549.124 1160.582 461.911
1555.352 1165.248 463.769
1540.902 1196.141 476.374
1550.111 1203.289 479.221
1559.319 1210.437 482.069
1542.393 1240.293 494.267
1548.44 1245.157 496.206
1557.514 1252.452 499.113
1542.681 1284.848 512.331
1551.616 1292.289 515.298
1560.551 1299.73 518.265
1541.755 1329.781 530.555
1544.687 1332.309 531.563
1528.067 1364.766 544.816
1536.716 1372.491 547.9
1551.132 1385.366 553.04
1536.201 1420.677 567.44
1541.869 1425.919 569.534
1547.538 1431.162 571.628
1528.761 1463.921 585.015
1539.899 1474.587 589.277
1548.253 1482.586 592.474
1533.824 1520.903 608.09
1542.026 1529.036 611.342
1550.229 1537.169 614.594
1531.832 1572.971 629.212
1542.563 1583.99 633.621
1550.611 1592.254 636.926
1530.968 1628.223 651.62
1541.49 1639.414 656.098
1552.013 1650.604 660.576
1528.481 1683.913 674.213
1536.215 1692.432 677.624
1516.783 1731.363 693.518
1526.878 1742.886 698.133
1534.449 1751.529 701.595
1516.103 1793.542 718.732
1528.449 1808.148 724.585
1538.325 1819.832 729.267
1511.118 1853.25 742.969
1528.016 1873.973 751.277
1542.499 1891.736 758.398
1518.485 1931.322 774.582
1530.275 1946.316 780.596
1537.348 1955.313 784.204
1518.757 2004.101 804.089
1523.358 2010.174 806.526
1511.853 1994.991 800.434
1469.62 2012.92 807.94
1467.377 2009.847 806.706
1458.403 1997.555 801.772
1409.688 2005.221 805.152
1405.317 1999.003 802.656
1361.128 2011.924 808.142
1356.875 2005.637 805.616
1352.621 1999.349 803.09
1308.61 2011.316 808.188
1302.409 2001.784 804.359
1298.274 1995.429 801.805
1256.531 2009.63 807.796
1254.524 2006.42 806.505
1250.509 1999.999 803.924
1210.754 2016.605 810.879
1206.861 2010.12 808.271
1201.021 2000.394 804.361
1159.44 2012.895 809.661
1157.555 2009.622 808.345
1153.784 2003.076 805.712
1108.635 2008.147 808.02
1104.988 2001.542 805.362
1067.167 2019.035 812.667
1063.645 2012.372 809.984
1061.884 2009.04 808.643
1020.53 2019.116 812.96
1017.134 2012.397 810.254
1015.437 2009.037 808.901
977.484 2025.081 815.618
975.85 2021.695 814.255
974.215 2018.308 812.891
932.952 2026.859 816.588
929.811 2020.035 813.839
926.669 2013.211 811.089
885.638 2020.944 814.454
885.638 2020.944 814.454
884.131 2017.507 813.069
843.152 2024.504 816.135
840.27 2017.583 813.345
800.801 2027.309 817.508
798.05 2020.342 814.7
796.674 2016.859 813.295
757.29 2025.858 817.163
755.979 2022.353 815.75
755.979 2022.353 815.75
717.806 2034.198 820.766
716.562 2030.673 819.343
716.562 2030.673 819.343
677.06 2038.334 822.669
674.705 2031.244 819.809
674.705 2031.244 819.809
634.154 2034.646 821.414
631.932 2027.519 818.537
631.932 2027.519 818.537
592.633 2033.776 821.294
592.633 2033.776 821.294
554.265 2042.977 825.238
553.288 2039.381 823.786
551.336 2032.187 820.88
513.002 2040.72 824.554
513.91 2044.332 826.014
512.095 2037.108 823.095
473.672 2045.006 826.511
474.512 2048.632 827.977
472.832 2041.38 825.046
432.791 2041.364 825.263
433.563 2045.003 826.734
433.563 2045.003 826.734
394.298 2047.979 828.16
394.298 2047.979 828.16
394.298 2047.979 828.16
355.685 2053.969 830.804
355.685 2053.969 830.804
355.05 2050.308 829.323
316.398 2055.663 831.711
316.398 2055.663 831.711
277.153 2056.713 832.355
277.153 2056.713 832.355
277.153 2056.713 832.355
238.815 2064.493 835.724
238.389 2060.807 834.232
237.963 2057.12 832.739
199.551 2064.273 835.855
199.195 2060.58 834.359
199.195 2060.58 834.359
160.366 2063.413 835.724
160.366 2063.413 835.724
160.366 2063.413 835.724
121.49 2065.617 836.835
121.49 2065.617 836.835
121.272 2061.915 835.335
82.427 2063.487 836.19
82.427 2063.487 836.19
82.576 2067.191 837.691
43.637 2068.136 838.291
43.637 2068.136 838.291
4.684 2068.451 838.637
4.692 2072.158 840.14
4.701 2075.865 841.643
-34.454 2079.255 843.236
-34.392 2075.549 841.732
-34.332 2071.843 840.23
-73.344 2070.896 840.064
-73.476 2074.601 841.566
-73.476 2074.601 841.566
-112.537 2073.02 841.144
-112.537 2073.02 841.144
-112.537 2073.02 841.144
-151.834 2074.506 841.966
-152.105 2078.204 843.467
-152.375 2081.902 844.967
-192.244 2086.43 847.026
-192.244 2086.43 847.026
-192.585 2090.123 848.525
-232.334 2090.299 848.819
-233.153 2097.673 851.812
-233.563 2101.359 853.31
-272.63 2093.505 850.344
-273.109 2097.185 851.839
-312.023 2088.7 848.616
-311.475 2085.03 847.124
-312.023 2088.7 848.616
-353.174 2094.243 851.093
-355.026 2105.227 855.556
-355.026 2105.227 855.556
-395.317 2102.737 854.772
-395.317 2102.737 854.772
-396.004 2106.388 856.256
-436.381 2103.224 855.199
-437.136 2106.863 856.678
-437.136 2106.863 856.678
-478.409 2106.646 856.821
-480.056 2113.898 859.771
-480.056 2113.898 859.771
-521.592 2112.958 859.622
-521.592 2112.958 859.622
-523.376 2120.182 862.561
-566.122 2122.107 863.579
-568.04 2129.3 866.507
-609.101 2123.291 864.299
-610.128 2126.872 865.757
-611.155 2130.452 867.215
-653.395 2127.292 866.169
-654.49 2130.855 867.62
-654.49 2130.855 867.62
-695.704 2123.412 864.832
-698.027 2130.502 867.72
-699.188 2134.047 869.164
-744.207 2136.437 870.384
-746.663 2143.488 873.257
-746.663 2143.488 873.257
-790.827 2141.521 872.706
-794.709 2152.036 876.991
-794.709 2152.036 876.991
-840.586 2152.709 877.52
-846.027 2166.643 883.2
-847.387 2170.126 884.619
-889.582 2159.471 880.536
-892.433 2166.393 883.358
-895.285 2173.314 886.18
-937.6 2161.86 881.772
-939.091 2165.297 883.175
-946.544 2182.482 890.183
-990.646 2173.585 886.823
-995.311 2183.822 890.999
-1037.941 2170.697 885.916
-1039.561 2174.084 887.298
-1042.799 2180.857 890.062
-1088.797 2173.657 887.4
-1092.163 2180.377 890.144
-1097.211 2190.455 894.258
-1143.572 2182.291 891.207
-1147.064 2188.954 893.927
-1150.556 2195.618 896.649
-1195.389 2183.2 891.864
-1199.006 2189.805 894.562
-1204.431 2199.714 898.611
-1247.587 2183.091 892.112
-1251.328 2189.637 894.787
-1260.68 2206.002 901.474
-1304.01 2188.437 894.595
-1313.669 2204.648 901.221
-1323.328 2220.859 907.848
-1368.984 2205.456 901.858
-1374.963 2215.087 905.796
-1378.948 2221.508 908.422
-1426.783 2208.317 903.341
-1428.836 2211.495 904.64
-1474.543 2194.255 897.905
-1482.993 2206.829 903.052
-1489.33 2216.26 906.91
-1541.753 2207.297 903.57
-1552.61 2222.842 909.933
-1559.124 2232.168 913.75
-1609.899 2218.822 908.622
-1618.818 2231.115 913.656
-1625.508 2240.334 917.432
-1676.66 2225.766 911.811
-1683.522 2234.876 915.543
-1685.809 2237.913 916.787
-1744.169 2231.216 914.397
-1753.546 2243.212 919.314
-1765.268 2258.207 925.459
-1817.193 2241.071 918.801
-1829.195 2255.873 924.87
-1841.197 2270.676 930.939
-1896.027 2255.073 924.919
-1905.85 2266.757 929.711
-1918.13 2281.362 935.701
-1978.447 2270.073 931.461
-1991.0 2284.477 937.371
-2049.179 2268.882 931.373
-2062.003 2283.08 937.201
-2074.827 2297.278 943.03
-2130.938 2277.274 935.233
-2144.027 2291.263 940.977
-2157.117 2305.251 946.722
-2216.302 2286.455 939.432
-2226.983 2297.474 943.958
-2245.674 2316.757 951.882
-2308.096 2298.976 945.021
-2327.149 2317.953 952.822
-2348.923 2339.642 961.737
-2403.802 2311.875 950.785
-2414.893 2322.541 955.172
-2437.073 2343.873 963.945
-2503.511 2324.983 956.657
-2526.09 2345.952 965.285
-2554.315 2372.164 976.07
-2613.05 2343.278 964.686
-2630.279 2358.728 971.047
-2653.251 2379.328 979.528
-2724.028 2358.718 971.567
-2750.305 2381.471 980.939
-2821.537 2358.862 972.17
-2845.273 2378.705 980.347
-2874.941 2403.509 990.57
-2937.952 2371.148 977.801
-2962.058 2390.603 985.825
-2974.111 2400.331 989.836
-3034.264 2363.689 975.315
-3052.617 2377.985 981.214
-3031.206 2361.306 974.332
-3047.394 2290.838 945.851
-3025.671 2274.508 939.108
-3000.846 2255.846 931.402
-3020.953 2190.909 905.186
-3002.072 2177.216 899.529
-2998.925 2174.933 898.586
-3033.157 2121.557 877.135
-3010.832 2105.941 870.679
-3004.453 2101.479 868.834
-3033.988 2045.952 846.485
-3014.601 2032.879 841.077
-3036.177 1973.106 816.962
-3023.09 1964.601 813.441
-3013.275 1958.222 810.8
-3036.558 1900.825 787.658
-3023.312 1892.533 784.222
-2996.821 1875.95 777.349
-3015.052 1817.031 753.563
-3011.702 1815.012 752.725
-2998.302 1806.937 749.376
-3018.433 1750.244 726.502
-3004.883 1742.386 723.241
-2994.719 1736.493 720.795
-3013.377 1680.092 698.031
-2996.256 1670.546 694.065
-3016.99 1616.209 672.149
-3010.07 1612.502 670.608
-2992.771 1603.235 666.754
-3015.628 1550.933 645.675
-3008.639 1547.339 644.179
-2994.662 1540.15 641.186
-3009.209 1484.463 618.689
-2998.626 1479.242 616.513
-2988.042 1474.021 614.337
-2997.654 1417.0 591.271
-2994.094 1415.317 590.569
-2979.854 1408.586 587.76
-2984.487 1350.374 564.184
-2973.713 1345.499 562.147
-2962.938 1340.624 560.11
-2984.22 1290.882 540.061
-2980.599 1289.315 539.405
-2973.356 1286.182 538.095
-2964.377 1224.279 512.946
-2931.521 1210.709 507.261
-2942.946 1158.722 486.245
-2931.909 1154.376 484.422
-2931.909 1154.376 484.422
-2942.193 1102.572 463.475
-2931.077 1098.406 461.724
-2919.961 1094.24 459.973
-2921.573 1040.164 438.057
-2925.304 1041.493 438.616
-2936.498 1045.478 440.294
-2963.359 1000.322 422.136
-2959.603 999.054 421.601
-2948.335 995.251 419.995
-2944.061 940.136 397.625
-2925.165 934.101 395.073
-2917.606 931.688 394.052
-2927.211 882.032 373.972
-2919.608 879.741 373.001
-2932.015 831.269 353.418
-2924.37 829.102 352.496
-2916.724 826.934 351.574
-2928.117 778.582 332.033
-2928.117 778.582 332.033
-2920.432 776.538 331.162
-2926.995 727.238 311.209
-2915.41 724.36 309.977
-2899.964 720.522 308.335
-2905.44 671.689 288.566
-2901.561 670.792 288.181
-2897.682 669.895 287.796
-2906.066 622.068 268.451
-2902.171 621.234 268.091
-2898.275 620.4 267.731
-2913.534 574.178 249.075
-2925.267 576.49 250.079
-2967.184 534.727 233.379
-2959.334 533.312 232.762
-2916.16 525.532 229.366
-2909.969 475.692 209.124
-2906.031 475.048 208.841
-2906.031 475.048 208.841
-2910.692 427.377 189.538
-2906.742 426.797 189.281
-2902.794 426.217 189.024
-2906.524 378.671 169.768
-2902.564 378.155 169.536
-2905.381 330.687 150.305
-2901.412 330.235 150.1
-2893.474 329.331 149.689
-2895.364 282.083 130.543
-2895.364 282.083 130.543
-2891.387 281.696 130.364
-2896.357 234.878 111.409
-2892.373 234.554 111.256
-2892.373 234.554 111.256
-2896.456 187.729 92.293
-2896.456 187.729 92.293
-2892.466 187.471 92.166
-2891.668 140.459 73.1
-2895.662 140.653 73.201
-2893.979 93.663 54.14
-2881.987 93.275 53.915
-2881.987 93.275 53.915
-2887.409 46.709 35.065
-2895.408 46.839 35.162
-2907.405 47.033 35.307
-2923.59 0.0 48.99
-2931.588 0.0 49.124
-2935.588 0.0 49.191
-2919.404 -48.565 33.474
-2911.405 -48.432 33.382
-2926.324 -97.381 18.065
-2926.324 -97.381 18.065
-2926.324 -97.381 18.065
-2928.35 -146.234 2.563
-2924.355 -146.034 2.559
-2924.355 -146.034 2.559
-2925.486 -194.909 -12.966
-2925.486 -194.909 -12.966
-2925.486 -194.909 -12.966
-2925.717 -243.857 -28.528
-2917.744 -243.193 -28.451
-2917.744 -243.193 -28.451
-2925.044 -292.864 -44.126
-2929.023 -293.262 -44.186
-2929.023 -293.262 -44.186
-2736.778 -320.079 -55.936
-2126.916 -320.818 -66.39
-2921.545 -440.677 -91.194
-2913.29 -489.168 -106.754
-2913.29 -489.168 -106.754
-2915.935 -539.692 -122.778
-2420.777 -448.046 -101.929
-2322.344 -469.978 -110.553
-2333.098 -512.782 -123.986
-2902.717 -637.976 -154.256
-2894.735 -687.029 -169.99
-2906.393 -689.795 -170.675
-2910.278 -690.718 -170.903
-2893.576 -737.974 -186.212
-2897.445 -738.961 -186.461
-2891.429 -789.081 -202.502
-2899.129 -791.182 -203.041
-2910.679 -794.334 -203.85
-2899.779 -843.674 -219.725
-2899.779 -843.674 -219.725
-2895.949 -842.56 -219.434
-2884.145 -891.706 -235.262
-2891.766 -894.062 -235.883
-2899.385 -896.418 -236.505
-2897.939 -949.395 -253.377
-2901.727 -950.636 -253.709
-2909.303 -953.118 -254.371
-2895.431 -1002.586 -270.336
-2887.9 -999.978 -269.633
-2899.195 -1003.889 -270.688
-2895.592 -1057.337 -287.747
-2895.592 -1057.337 -287.747
-2906.816 -1061.436 -288.862
-2902.057 -1115.244 -306.054
-2902.057 -1115.244 -306.054
-2905.773 -1116.672 -306.446
-2888.83 -1166.227 -322.49
-2888.83 -1166.227 -322.49
-2870.953 -1215.55 -338.475
-2878.276 -1218.651 -339.339
-2878.276 -1218.651 -339.339
-2859.411 -1267.846 -355.301
-2866.677 -1271.068 -356.204
-2873.945 -1274.29 -357.107
-2861.238 -1326.801 -374.02
-2875.653 -1333.486 -375.904
-2890.066 -1340.17 -377.789
-2876.06 -1393.112 -394.861
-2879.633 -1394.843 -395.351
-2886.779 -1398.304 -396.332
-2885.775 -1458.513 -415.498
-2899.939 -1465.672 -417.537
-2896.399 -1463.882 -417.027
-2869.408 -1511.708 -432.69
-2876.424 -1515.404 -433.747
-2886.947 -1520.949 -435.334
-2865.86 -1572.416 -452.056
-2869.334 -1574.322 -452.604
-2854.077 -1629.525 -470.416
-2867.832 -1637.378 -472.683
-2881.587 -1645.231 -474.949
-2861.484 -1698.827 -492.332
-2871.691 -1704.887 -494.088
-2881.899 -1710.947 -495.844
-2863.847 -1766.777 -513.903
-2873.943 -1773.006 -515.714
-2884.039 -1779.234 -517.526
-2857.928 -1831.042 -534.44
-2867.91 -1837.437 -536.306
-2874.564 -1841.7 -537.551
-2850.52 -1895.631 -555.106
-2870.247 -1908.75 -558.947
-2889.974 -1921.868 -562.789
-2867.587 -1978.44 -581.156
-2880.577 -1987.402 -583.789
-2893.568 -1996.365 -586.42
-2863.24 -2048.604 -603.543
-2876.065 -2057.78 -606.246
-2844.53 -2109.819 -623.324
-2854.022 -2116.859 -625.404
-2866.678 -2126.247 -628.178
-2846.286 -2187.813 -648.099
-2855.649 -2195.009 -650.232
-2871.254 -2207.004 -653.785
-2855.272 -2273.835 -675.307
-2867.58 -2283.636 -678.218
-2879.886 -2293.437 -681.129
-2849.834 -2350.792 -699.873
-2858.93 -2358.295 -702.107
-2874.088 -2370.799 -705.83
-2842.435 -2428.238 -724.627
-2851.392 -2435.89 -726.911
-2863.336 -2446.093 -729.955
-2827.178 -2500.932 -748.001
-2850.689 -2521.73 -754.222
-2880.078 -2547.727 -761.998
-2853.48 -2613.557 -783.38
-2870.826 -2629.444 -788.142
-2833.863 -2687.346 -807.176
-2845.233 -2698.128 -810.414
-2856.602 -2708.91 -813.653
-2817.988 -2766.742 -832.692
-2831.952 -2780.453 -836.818
-2845.917 -2794.163 -840.944
-2816.51 -2863.132 -863.371
-2835.707 -2882.647 -869.257
-2852.162 -2899.374 -874.301
-2820.419 -2968.781 -896.907
-2847.331 -2997.109 -905.465
-2863.478 -3014.106 -910.599
-2823.939 -3078.273 -931.668
-2839.774 -3095.534 -936.893
-2855.608 -3112.796 -942.117
-1769.061 -1997.347 -605.576
-1724.776 -2017.405 -612.697
-1709.58 -1999.631 -607.299
-1701.982 -1990.744 -604.6
-1655.506 -2006.56 -610.409
-1645.594 -1994.544 -606.754
-1601.697 -2012.304 -613.138
-1388.683 -1876.646 -573.564
-1384.061 -1870.401 -571.655
-1347.47 -1889.813 -578.441
-1345.217 -1886.653 -577.475
-1345.217 -1886.653 -577.475
-1308.388 -1905.378 -584.047
-1308.388 -1905.378 -584.047
-1312.779 -1911.772 -586.006
-1279.825 -1936.381 -594.385
-1053.176 -1656.598 -509.203
-1049.022 -1650.063 -507.194
-1017.731 -1665.464 -512.616
-1011.68 -1655.56 -509.568
-1116.481 -1982.411 -611.761
-1112.69 -1975.68 -609.684
-1108.899 -1968.948 -607.606
-1070.941 -1983.523 -612.878
-1067.273 -1976.73 -610.779
-1061.772 -1966.541 -607.631
-1020.379 -1973.45 -610.522
-633.367 -1475.59 -458.672
-603.402 -1478.653 -460.148
-632.412 -1939.329 -606.171
-633.6 -1942.974 -607.311
-633.6 -1942.974 -607.311
-596.859 -1949.381 -609.964
-596.859 -1949.381 -609.964
-594.616 -1942.053 -607.671
-555.852 -1940.43 -607.804
-552.688 -1929.383 -604.344
-552.688 -1929.383 -604.344
-517.322 -1938.112 -607.713
-518.31 -1941.811 -608.873
-518.31 -1941.811 -608.873
-480.881 -1942.536 -609.731
-479.042 -1935.108 -607.399
-478.122 -1931.393 -606.232
-442.725 -1938.881 -609.208
-441.874 -1935.153 -608.036
-441.023 -1931.424 -606.864
-404.844 -1934.553 -608.465
-404.844 -1934.553 -608.465
-368.68 -1937.067 -609.872
-368.68 -1937.067 -609.872
-367.965 -1933.313 -608.689
-331.249 -1931.438 -608.709
-331.249 -1931.438 -608.709
-331.249 -1931.438 -608.709
-295.284 -1932.708 -609.714
-294.995 -1930.82 -609.119
-294.418 -1927.046 -607.929
-259.366 -1933.37 -610.527
-259.112 -1931.479 -609.93
-257.844 -1922.02 -606.943
-222.413 -1923.95 -608.151
-222.413 -1923.95 -608.151
-221.756 -1918.264 -606.353
-186.431 -1919.592 -607.368
-186.062 -1915.794 -606.166
-151.418 -1924.132 -609.398
-61.072 -1455.265 -461.798
-34.646 -1465.459 -465.482
-34.601 -1463.553 -464.877
-7.738 -1452.341 -461.761
18.734 -1442.591 -459.104
95.179 -1916.67 -611.157
94.989 -1912.863 -609.943
129.881 -1908.921 -609.275
130.011 -1910.822 -609.881
165.321 -1911.997 -610.847
165.156 -1910.098 -610.24
165.321 -1911.997 -610.847
200.321 -1908.786 -610.412
200.321 -1908.786 -610.412
341.295 -1899.527 -609.829
342.306 -1905.158 -611.637
377.542 -1900.876 -610.865
377.913 -1902.747 -611.467
378.285 -1904.618 -612.068
413.949 -1901.595 -611.704
414.355 -1903.459 -612.304
414.76 -1905.324 -612.904
449.624 -1897.965 -611.148
450.504 -1901.68 -612.344
450.504 -1901.68 -612.344
661.97 -1859.787 -602.564
668.384 -1877.808 -608.403
704.076 -1869.82 -606.46
706.773 -1876.984 -608.784
743.927 -1871.893 -607.787
783.528 -1971.537 -640.141
784.943 -1975.096 -641.296
822.539 -1965.098 -638.747
825.498 -1972.166 -641.045
825.498 -1972.166 -641.045
863.102 -1961.469 -638.272
866.19 -1968.486 -640.556
870.822 -1979.013 -643.981
908.614 -1967.533 -640.963
907.005 -1964.051 -639.829
907.005 -1964.051 -639.829
947.927 -1958.855 -638.863
951.271 -1965.764 -641.116
987.207 -1949.467 -636.535
988.941 -1952.893 -637.654
988.941 -1952.893 -637.654
1028.234 -1942.766 -635.092
1033.627 -1952.955 -638.422
1037.222 -1959.748 -640.643
1082.34 -1958.851 -641.114
1089.779 -1972.314 -645.52
1086.06 -1965.582 -643.317
1120.062 -1943.709 -636.93
1123.905 -1950.377 -639.115
1127.747 -1957.045 -641.3
1167.475 -1944.417 -637.95
1169.458 -1947.718 -639.033
1171.44 -1951.019 -640.116
1213.218 -1940.866 -637.587
1219.346 -1950.668 -640.807
1219.346 -1950.668 -640.807
1259.192 -1936.381 -636.93
1263.396 -1942.846 -639.057
1305.376 -1930.954 -635.979
1311.86 -1940.544 -639.137
1318.343 -1950.135 -642.296
1356.188 -1930.896 -636.811
1358.408 -1934.056 -637.854
1362.848 -1940.377 -639.938
1407.401 -1929.73 -637.299
1416.51 -1942.22 -641.424
1425.619 -1954.71 -645.549
1461.322 -1930.525 -638.455
1463.656 -1933.609 -639.475
1468.326 -1939.777 -641.515
1510.924 -1924.018 -637.217
1520.487 -1936.196 -641.25
1503.753 -1914.885 -634.192
1538.72 -1889.41 -626.676
1550.953 -1904.429 -631.658
1541.167 -1892.414 -627.673
1560.715 -1848.548 -614.05
1555.712 -1842.623 -612.082
1563.216 -1851.51 -615.034
1607.241 -1836.742 -611.074
1617.462 -1848.422 -614.961
1661.64 -1832.579 -610.662
1669.466 -1841.21 -613.538
1679.9 -1852.718 -617.373
1719.041 -1829.993 -610.801
1729.686 -1841.324 -614.584
1737.668 -1849.823 -617.42
1776.857 -1826.048 -610.516
1784.995 -1834.412 -613.313
1793.133 -1842.775 -616.108
1837.817 -1823.472 -610.718
1859.926 -1845.409 -618.066
1882.035 -1867.346 -625.412
1927.364 -1846.371 -619.502
1941.432 -1859.849 -624.023
1955.501 -1873.326 -628.545
2003.993 -1853.586 -623.08
2015.445 -1864.178 -626.64
2026.896 -1874.77 -630.201
2078.564 -1856.201 -625.161
2090.209 -1866.6 -628.663
2093.119 -1869.2 -629.539
2136.089 -1841.584 -621.476
2150.882 -1854.338 -625.781
2165.675 -1867.091 -630.084
2217.757 -1845.622 -624.129
2226.772 -1853.125 -626.666
2272.766 -1825.439 -618.632
2288.02 -1837.69 -622.784
2315.476 -1859.742 -630.257
2374.147 -1839.97 -624.952
2386.528 -1849.565 -628.211
2405.1 -1863.959 -633.1
2454.774 -1835.237 -624.798
2470.47 -1846.971 -628.792
2486.165 -1858.706 -632.788
2542.315 -1832.961 -625.541
2567.77 -1851.314 -631.804
2583.68 -1862.784 -635.719
2640.191 -1835.042 -627.843
2948.659 -1831.137 -631.77
2968.718 -1843.594 -636.067
2982.091 -1851.898 -638.933
3025.954 -1807.908 -625.678
3056.383 -1826.088 -631.969
3106.715 -1784.624 -619.626
3103.298 -1782.661 -618.944
3123.804 -1794.44 -623.034
3204.812 -1768.73 -616.214
3246.254 -1791.601 -624.183
3277.334 -1808.755 -630.159
3334.664 -1766.74 -617.758
3359.081 -1779.676 -622.281
3397.45 -1800.005 -629.389
3483.021 -1769.901 -621.249
3521.76 -1789.587 -628.159
3564.022 -1811.062 -635.697
4187.49 -1865.522 -663.464
109.362 -46.513 -16.626
5837.612 -291.669 -190.579
5842.581 -194.496 -159.758
5802.618 -193.165 -158.666
5770.647 -192.101 -157.792
5701.825 -94.868 -125.715
5637.85 -93.803 -124.304
5597.865 -93.138 -123.423
5535.223 0.0 -92.752
5446.888 90.61 -62.455
1623.046 501.806 132.393
1585.343 519.375 138.613
1577.767 516.893 137.95
1568.201 543.013 146.417
1570.083 543.665 146.593
1564.436 541.709 146.066
1552.547 566.919 154.283
1554.417 567.602 154.468
1560.028 569.651 155.026
1551.356 596.177 163.608
1556.93 598.319 164.196
1558.788 599.033 164.392
1549.564 625.563 172.983
1555.098 627.797 173.601
1556.943 628.541 173.807
1548.996 655.839 182.621
1554.489 658.165 183.269
1558.151 659.715 183.701
1547.788 686.28 192.323
1551.422 687.891 192.775
1558.688 691.113 193.677
1547.735 717.709 202.319
1549.537 718.545 202.555
1541.64 746.743 211.655
1541.64 746.743 211.655
1543.426 747.608 211.901
1534.949 775.786 221.004
1533.179 774.891 220.749
1534.949 775.786 221.004
1529.416 805.752 230.627
1536.431 809.448 231.685
1538.185 810.372 231.949
1524.985 836.716 240.549
1528.459 838.622 241.096
1533.669 841.481 241.918
1519.882 867.771 250.51
1525.04 870.716 251.361
1542.233 880.532 254.195
1548.128 919.104 266.362
1560.036 926.174 268.411
1565.139 929.204 269.29
1553.073 958.129 278.691
1559.803 962.281 279.899
1547.074 991.193 289.307
1553.728 995.456 290.551
1562.046 1000.785 292.107
1546.908 1028.713 301.243
1551.84 1031.993 302.203
1556.772 1035.273 303.164
1547.458 1067.641 313.613
1552.329 1071.001 314.601
1560.449 1076.603 316.246
1548.651 1108.035 326.44
1553.46 1111.476 327.454
1558.269 1114.918 328.468
1542.501 1144.09 338.01
1548.829 1148.783 339.396
1558.321 1155.824 341.476
1544.859 1187.464 351.764
1552.661 1193.461 353.541
1558.904 1198.259 354.962
1544.554 1230.027 365.306
1553.785 1237.378 367.489
1563.015 1244.729 369.673
1546.187 1275.43 379.718
1552.25 1280.432 381.208
1561.345 1287.934 383.441
1546.619 1321.247 394.283
1555.577 1328.899 396.566
1528.205 1351.855 404.326
1519.387 1344.056 401.993
1525.265 1349.255 403.548
1503.353 1376.95 412.722
1526.482 1398.134 419.073
1552.501 1421.965 426.216
1540.576 1460.924 438.805
1546.26 1466.315 440.425
1551.945 1471.706 442.044
1527.691 1499.909 451.42
1536.068 1508.135 453.896
1552.826 1524.588 458.847
1538.522 1563.989 471.618
1546.749 1572.353 474.14
1554.976 1580.717 476.662
1534.006 1614.7 487.821
1544.771 1626.031 491.244
1555.536 1637.362 494.667
1536.011 1674.35 506.758
1546.568 1685.858 510.241
1525.945 1722.858 522.354
1533.703 1731.618 525.009
1541.463 1740.378 527.666
1519.627 1777.45 539.821
1532.29 1792.262 544.32
1542.421 1804.111 547.919
1521.679 1844.353 561.065
1534.07 1859.372 565.634
1543.983 1871.387 569.288
1516.887 1905.752 580.672
1531.425 1924.018 586.237
1548.387 1945.329 592.731
1524.503 1986.035 606.077
1536.34 2001.455 610.782
1543.441 2010.707 613.606
1518.077 2051.509 627.008
1534.251 2073.366 633.688
1545.805 2088.979 638.46
1518.72 2129.99 651.956
1529.987 2145.791 656.792
1541.254 2161.592 661.629
1516.94 2209.088 677.142
1527.917 2225.072 682.041
1543.284 2247.451 688.901
1514.851 2291.977 703.537
1523.398 2304.907 707.507
1485.249 2336.227 718.107
1485.249 2336.227 718.107
1476.939 2323.158 714.089
1426.236 2333.961 718.375
1422.201 2327.358 716.342
1414.132 2314.153 712.278
1363.84 2323.783 716.183
1361.883 2320.449 715.156
1357.97 2313.781 713.101
1313.619 2332.446 719.78
1311.723 2329.08 718.742
1306.037 2318.983 715.626
1259.822 2333.357 720.972
1259.822 2333.357 720.972
1256.155 2326.564 718.873
1206.386 2333.194 721.815
1202.843 2326.341 719.695
1161.877 2349.244 727.666
1155.042 2335.425 723.385
1146.498 2318.151 718.034
1102.331 2333.181 723.555
1100.686 2329.699 722.474
1099.041 2326.216 721.395
1053.212 2336.92 725.567
1051.631 2333.411 724.477
1050.049 2329.902 723.388
1005.802 2343.273 728.382
1004.284 2339.739 727.283
1001.25 2332.67 725.085
955.567 2341.645 728.705
954.115 2338.087 727.599
952.663 2334.528 726.491
905.693 2339.066 728.721
902.919 2331.902 726.489
861.483 2349.964 732.927
861.483 2349.964 732.927
858.84 2342.755 730.679
813.375 2349.226 733.499
809.61 2338.35 730.103
808.355 2334.725 728.972
766.74 2351.254 734.926
765.552 2347.608 733.787
764.362 2343.963 732.646
721.392 2356.113 737.231
719.148 2348.784 734.937
719.148 2348.784 734.937
675.039 2356.499 738.131
672.929 2349.135 735.824
672.929 2349.135 735.824
629.87 2359.762 739.925
629.87 2359.762 739.925
628.883 2356.064 738.765
584.78 2362.243 741.469
583.861 2358.529 740.304
541.487 2371.401 745.107
540.636 2367.672 743.936
538.082 2356.486 740.422
494.114 2361.127 742.634
494.897 2364.869 743.811
494.897 2364.869 743.811
452.275 2376.286 748.156
451.561 2372.532 746.974
450.132 2365.024 744.61
406.797 2371.941 747.536
406.151 2368.176 746.35
406.151 2368.176 746.35
363.337 2378.137 750.235
362.761 2374.362 749.044
362.761 2374.362 749.044
319.767 2383.607 752.705
320.274 2387.391 753.9
276.099 2388.352 754.946
275.661 2384.561 753.747
276.099 2388.352 754.946
232.716 2396.167 758.157
232.347 2392.369 756.956
231.979 2388.572 755.754
188.225 2391.855 757.532
188.225 2391.855 757.532
188.525 2395.658 758.737
144.645 2398.217 760.285
144.415 2394.41 759.079
144.645 2398.217 760.285
100.721 2400.045 761.603
100.881 2403.855 762.812
100.881 2403.855 762.812
56.857 2404.954 763.9
56.766 2401.142 762.689
56.857 2404.954 763.9
12.815 2405.32 764.754
12.835 2409.132 765.965
-31.231 2404.954 765.376
-31.281 2408.765 766.588
-31.281 2408.765 766.588
-75.386 2407.664 766.977
-75.386 2407.664 766.977
-75.386 2407.664 766.977
-119.469 2405.83 767.132
-119.847 2413.444 769.56
-120.226 2421.057 771.988
-164.55 2418.474 771.909
-164.55 2418.474 771.909
-165.069 2426.079 774.336
-209.811 2426.546 775.235
-209.482 2422.749 774.021
-210.14 2430.344 776.448
-255.027 2430.054 777.108
-255.425 2433.845 778.321
-256.22 2441.427 780.745
-300.91 2436.577 779.951
-301.377 2440.36 781.162
-300.91 2436.577 779.951
-344.971 2427.209 777.711
-346.581 2438.534 781.339
-393.029 2443.476 783.689
-393.029 2443.476 783.689
-393.635 2447.241 784.896
-439.77 2447.612 785.787
-441.12 2455.12 788.198
-441.12 2455.12 788.198
-487.535 2454.674 788.834
-488.278 2458.416 790.037
-489.021 2462.158 791.239
-535.699 2460.888 791.617
-536.511 2464.616 792.817
-537.322 2468.345 794.016
-582.487 2458.812 791.741
-583.367 2462.527 792.937
-584.247 2466.241 794.133
-631.266 2463.326 793.994
-633.161 2470.723 796.378
-636.953 2485.518 801.147
-683.441 2478.006 799.537
-685.472 2485.37 801.913
-735.271 2488.026 803.592
-737.436 2495.354 805.959
-738.519 2499.019 807.143
-784.233 2486.132 803.81
-786.533 2493.423 806.168
-789.982 2504.359 809.703
-838.224 2497.865 808.446
-840.657 2505.116 810.793
-843.09 2512.367 813.141
-892.89 2508.55 812.761
-895.455 2515.759 815.096
-896.739 2519.363 816.264
-945.512 2511.003 814.423
-949.559 2521.75 817.908
-954.954 2536.078 822.555
-1006.989 2533.817 822.708
-1008.403 2537.376 823.864
-1009.818 2540.934 825.02
-1060.72 2534.128 823.707
-1062.199 2537.662 824.856
-1065.158 2544.731 827.154
-1116.319 2536.926 825.529
-1119.408 2543.944 827.813
-1120.952 2547.453 828.955
-1167.528 2528.193 823.61
-1172.352 2538.64 827.013
-1223.779 2528.892 824.774
-1228.795 2539.256 828.155
-1232.139 2546.166 830.408
-1282.154 2531.909 826.713
-1289.094 2545.614 831.188
-1297.768 2562.744 836.781
-1355.399 2560.918 837.165
-1360.792 2571.108 840.496
-1362.59 2574.504 841.606
-1413.366 2557.95 837.193
-1418.944 2568.047 840.498
-1424.524 2578.144 843.802
-1477.405 2563.829 840.136
-1483.169 2573.831 843.413
-1490.854 2587.167 847.783
-1546.063 2574.949 844.823
-1552.009 2584.853 848.072
-1557.955 2594.757 851.322
-1615.582 2584.554 849.042
-1625.794 2600.891 854.409
-1636.007 2617.228 859.776
-1690.134 2599.082 854.912
-1694.339 2605.548 857.039
-1750.586 2589.524 852.886
-1757.07 2599.115 856.044
-1763.554 2608.705 859.203
-1820.089 2591.383 854.641
-1828.968 2604.024 858.81
-1837.846 2616.664 862.979
-1894.753 2597.953 857.982
-1908.417 2616.688 864.17
-1926.637 2641.669 872.419
-1991.227 2630.572 869.972
-1998.23 2639.823 873.032
-2007.567 2652.159 877.112
-2075.13 2642.481 875.165
-2084.693 2654.658 879.198
-2089.474 2660.747 881.215
-2155.187 2646.376 877.746
-2174.758 2670.407 885.716
-2189.436 2688.43 891.694
-2266.038 2683.949 891.553
-2283.546 2704.686 898.441
-2291.049 2713.573 901.394
-2353.369 2689.41 894.753
-2373.811 2712.771 902.525
-2441.594 2692.77 897.299
-2457.245 2710.031 903.051
-2480.723 2735.923 911.68
-2557.273 2722.327 908.638
-2575.901 2742.157 915.257
-2594.528 2761.986 921.875
-2666.641 2740.466 916.24
-2680.205 2754.406 920.9
-2710.045 2785.072 931.153
-2785.744 2764.0 925.72
-2794.034 2772.227 928.476
-2810.616 2788.679 933.985
-2886.825 2765.514 927.895
-2898.08 2776.296 931.513
-2914.962 2792.468 936.939
-2988.813 2764.491 929.279
-3023.167 2796.267 939.96
-3023.167 2796.267 939.96
-3056.712 2729.707 919.354
-3027.599 2703.71 910.598
-2998.488 2677.713 901.843
-3035.495 2616.988 883.151
-3011.827 2596.583 876.264
-3038.147 2528.352 855.006
-3029.132 2520.85 852.469
-3017.112 2510.846 849.086
-3056.795 2455.154 832.039
-3044.592 2445.353 828.718
-3020.187 2425.751 822.075
-3039.65 2355.737 800.134
-3017.982 2338.944 794.43
-2996.315 2322.152 788.727
-3019.811 2257.67 768.613
-3013.533 2252.977 767.016
-3007.255 2248.283 765.417
-3025.959 2181.66 744.543
-3006.868 2167.895 739.845
-2997.323 2161.013 737.497
-3027.033 2103.913 719.834
-3010.913 2092.71 716.001
-3032.72 2031.19 696.801
-3019.663 2022.444 693.801
-3009.869 2015.885 691.552
-3030.069 1954.675 672.423
-3013.547 1944.017 668.756
-2990.417 1929.095 663.624
-3008.835 1868.507 644.663
-3002.149 1864.355 643.23
-2992.12 1858.127 641.082
-3012.43 1799.828 622.881
-2998.907 1791.747 620.085
-2985.383 1783.667 617.288
-3007.601 1727.689 599.858
-2990.513 1717.872 596.449
-2983.677 1713.946 595.086
-3007.965 1660.09 578.365
-2990.697 1650.56 575.045
-3013.755 1596.719 558.308
-3003.29 1591.175 556.369
-2989.337 1583.782 553.785
-3004.061 1526.518 535.819
-2993.496 1521.149 533.935
-2979.41 1513.99 531.423
-2992.726 1457.144 513.566
-2957.183 1439.838 507.467
-2925.193 1424.263 501.977
-2943.917 1371.919 485.645
-2936.744 1368.577 484.461
-2925.988 1363.564 482.687
-2947.153 1312.954 466.945
-2943.537 1311.343 466.373
-2929.073 1304.899 464.081
-2934.554 1248.109 446.112
-2927.263 1245.009 445.004
-2938.854 1191.548 428.196
-2927.833 1187.08 426.59
-2924.159 1185.59 426.055
-2938.282 1133.808 409.823
-2927.18 1129.524 408.274
-2912.378 1123.812 406.21
-2917.865 1069.632 389.071
-2921.591 1070.998 389.568
-2921.591 1070.998 389.568
-2948.52 1024.749 375.31
-2959.773 1028.661 376.743
-2948.52 1024.749 375.31
-2940.672 966.769 356.739
-2921.798 960.564 354.45
-2918.022 959.323 353.991
-2927.808 908.197 337.896
-2916.416 904.663 336.581
-2928.977 854.819 320.94
-2925.158 853.705 320.521
-2917.52 851.476 319.684
-2925.249 800.639 303.646
-2925.249 800.639 303.646
-2913.733 797.486 302.451
-2920.433 746.854 286.46
-2912.718 744.881 285.704
-2901.144 741.921 284.568
-2906.794 691.64 268.672
-2902.918 690.718 268.313
-2899.042 689.795 267.955
-2907.597 640.549 252.436
-2899.812 638.834 251.761
-2899.812 638.834 251.761
-2907.417 589.651 236.247
-2903.51 588.859 235.93
-2923.049 592.822 237.517
-2941.562 545.511 222.781
-2914.107 540.42 220.702
-2908.077 489.168 204.301
-2908.077 489.168 204.301
-2904.141 488.506 204.025
-2908.955 439.484 188.514
-2901.061 438.292 188.003
-2901.061 438.292 188.003
-2904.944 389.399 172.519
-2897.029 388.338 172.049
-2889.114 387.277 171.578
-2892.054 338.661 156.166
-2888.087 338.197 155.952
-2888.087 338.197 155.952
-2894.096 290.074 140.749
-2894.096 290.074 140.749
-2890.121 289.676 140.555
-2891.258 241.199 125.157
-2899.223 241.864 125.502
-2903.468 193.58 110.217
-2891.503 192.782 109.763
-2895.491 193.048 109.915
-2894.849 144.638 94.508
-2890.856 144.438 94.378
-2890.856 144.438 94.378
-2893.317 96.317 79.114
-2885.324 96.051 78.896
-2881.327 95.918 78.787
-2894.896 48.166 63.827
-2918.886 48.565 64.356
-2930.882 48.764 64.62
-2927.925 0.0 20.952
-2931.925 0.0 20.981
-2931.925 0.0 20.981
-2919.596 -48.336 4.747
-2915.597 -48.27 4.741
-2927.595 -48.468 4.76
-2926.373 -96.922 -11.433
-2926.373 -96.922 -11.433
-2926.373 -96.922 -11.433
-2924.26 -145.346 -27.623
-2928.255 -145.545 -27.661
-2925.247 -193.991 -43.864
-2921.256 -193.726 -43.804
-2925.247 -193.991 -43.864
-2925.333 -242.708 -60.136
-2925.333 -242.708 -60.136
-2929.318 -243.039 -60.218
-2924.516 -291.484 -76.434
-2924.516 -291.484 -76.434
-2759.975 -321.345 -87.586
-2119.795 -282.489 -79.188
-2908.724 -436.82 -125.093
-2908.724 -436.82 -125.093
-2908.24 -486.205 -141.592
-2912.181 -486.864 -141.784
-2912.181 -486.864 -141.784
-2364.739 -435.801 -128.645
-2372.595 -437.249 -129.073
-2395.598 -482.751 -144.106
-2905.068 -635.824 -191.591
-2226.788 -565.602 -172.989
-2895.598 -735.48 -224.945
-2899.463 -736.462 -225.246
-2889.433 -785.363 -241.652
-2889.433 -785.363 -241.652
-2874.657 -833.044 -257.684
-2886.14 -836.372 -258.713
-2893.796 -838.59 -259.399
-2881.847 -887.505 -275.823
-2889.461 -889.85 -276.553
-2900.881 -893.367 -277.645
-2895.471 -944.922 -294.904
-2899.256 -946.157 -295.29
-2906.826 -948.628 -296.061
-2889.044 -996.565 -312.201
-2885.282 -995.267 -311.794
-2896.567 -999.16 -313.014
-2892.806 -1052.356 -330.809
-2892.806 -1052.356 -330.809
-2896.543 -1053.716 -331.236
-2884.253 -1104.305 -348.222
-2887.965 -1105.726 -348.67
-2891.677 -1107.147 -349.119
-2874.665 -1156.286 -365.654
-2882.036 -1159.251 -366.591
-2867.697 -1209.823 -383.586
-2871.355 -1211.366 -384.075
-2875.012 -1212.91 -384.565
-2856.0 -1261.873 -401.055
-2863.257 -1265.08 -402.074
-2870.516 -1268.286 -403.094
-2857.653 -1320.551 -420.643
-2868.45 -1325.54 -422.233
-2886.445 -1333.856 -424.881
-2872.282 -1386.549 -442.584
-2875.85 -1388.271 -443.133
-2882.986 -1391.716 -444.233
-2878.269 -1449.861 -463.689
-2892.413 -1456.985 -465.966
-2888.877 -1455.204 -465.397
-2868.781 -1506.426 -482.65
-2875.787 -1510.104 -483.829
-2879.29 -1511.944 -484.418
-2858.083 -1563.111 -501.661
-2865.02 -1566.905 -502.878
-2846.166 -1619.893 -520.713
-2863.332 -1629.664 -523.853
-2873.632 -1635.526 -525.737
-2853.406 -1688.813 -543.682
-2863.596 -1694.845 -545.623
-2877.184 -1702.887 -548.213
-2855.605 -1756.387 -566.237
-2865.684 -1762.586 -568.235
-2879.122 -1770.852 -570.9
-2856.177 -1824.537 -588.996
-2862.82 -1828.78 -590.366
-2869.462 -1833.023 -591.736
-2845.256 -1886.701 -609.839
-2861.664 -1897.581 -613.355
-2881.355 -1910.638 -617.575
-2855.599 -1964.659 -635.804
-2871.805 -1975.809 -639.412
-2884.77 -1984.729 -642.3
-2854.326 -2036.669 -659.866
-2863.926 -2043.519 -662.085
-2835.476 -2097.543 -680.334
-2844.948 -2104.551 -682.608
-2860.736 -2116.23 -686.396
-2840.16 -2177.505 -707.011
-2852.617 -2187.056 -710.111
-2868.189 -2198.994 -713.987
-2848.893 -2263.123 -735.546
-2861.173 -2272.877 -738.716
-2873.452 -2282.632 -741.886
-2843.228 -2339.717 -761.17
-2852.302 -2347.184 -763.6
-2864.401 -2357.141 -766.839
-2835.599 -2416.798 -786.972
-2844.535 -2424.414 -789.451
-2853.471 -2432.03 -791.931
-2820.126 -2489.15 -811.25
-2843.578 -2509.849 -817.996
-2867.031 -2530.549 -824.742
-2843.214 -2598.608 -847.645
-2857.632 -2611.786 -851.944
-2823.427 -2672.003 -872.302
-2840.436 -2688.099 -877.558
-2848.94 -2696.148 -880.185
-2810.151 -2753.708 -899.689
-2824.076 -2767.354 -904.148
-2838.002 -2780.999 -908.605
-2805.654 -2846.869 -930.839
-2822.061 -2863.517 -936.282
-2843.938 -2885.715 -943.541
-2811.987 -2954.795 -966.843
-2822.719 -2966.073 -970.533
-2838.818 -2982.989 -976.069
-2809.921 -3058.044 -1001.345
-2825.708 -3075.224 -1006.971
-1740.171 -1961.78 -642.824
-1737.593 -1958.874 -641.873
-1693.781 -1978.416 -648.713
-1693.781 -1978.416 -648.713
-1681.161 -1963.674 -643.879
-1625.081 -1967.21 -645.462
-1620.142 -1961.23 -643.5
-1612.733 -1952.261 -640.557
-1566.972 -1966.464 -645.629
-1562.143 -1960.404 -643.639
-1552.485 -1948.284 -639.659
-1509.387 -1964.401 -645.352
-1454.658 -1964.148 -645.658
-1376.402 -1858.482 -610.923
-1376.402 -1858.482 -610.923
-1339.807 -1877.765 -617.626
-1339.807 -1877.765 -617.626
-1339.807 -1877.765 -617.626
-1302.918 -1896.401 -624.116
-1302.918 -1896.401 -624.116
-1307.291 -1902.765 -626.21
-1276.388 -1930.476 -635.687
-1270.006 -1920.823 -632.508
-1230.384 -1934.974 -637.519
-1228.316 -1931.722 -636.448
-1186.611 -1941.828 -640.121
-1182.595 -1935.256 -637.955
-1172.556 -1918.828 -632.54
-1133.224 -1931.234 -636.965
-1137.118 -1937.87 -639.153
-1101.334 -1956.322 -645.573
-1095.676 -1946.273 -642.257
-1088.132 -1932.873 -637.835
-1046.973 -1940.374 -640.634
-1043.325 -1933.613 -638.403
-1039.677 -1926.852 -636.171
-1005.868 -1947.103 -643.177
-624.408 -1922.936 -637.834
-622.052 -1915.679 -635.427
-620.874 -1912.051 -634.223
-583.399 -1914.668 -635.366
-581.177 -1907.374 -632.945
-578.955 -1900.08 -630.525
-541.84 -1901.97 -631.422
-542.885 -1905.635 -632.638
-543.929 -1909.3 -633.855
-506.784 -1910.575 -634.547
-505.807 -1906.894 -633.325
-504.83 -1903.212 -632.102
-469.755 -1911.204 -635.022
-470.664 -1914.901 -636.25
-471.572 -1918.598 -637.479
-433.696 -1914.903 -636.516
-432.855 -1911.192 -635.282
-399.185 -1925.439 -640.282
-397.641 -1917.99 -637.805
-395.325 -1906.818 -634.089
-359.14 -1907.391 -634.54
-357.732 -1899.919 -632.054
-357.029 -1896.182 -630.811
-321.464 -1897.981 -631.667
-321.464 -1897.981 -631.667
-321.147 -1896.108 -631.043
-285.658 -1897.303 -631.696
-285.374 -1895.425 -631.071
-285.092 -1893.546 -630.445
-249.722 -1894.137 -630.896
-249.722 -1894.137 -630.896
-249.473 -1892.254 -630.269
-214.201 -1892.247 -630.519
-214.201 -1892.247 -630.519
-179.539 -1897.32 -632.461
-179.36 -1895.43 -631.832
-179.003 -1891.651 -630.571
-144.176 -1894.251 -631.689
-144.32 -1896.143 -632.32
-144.32 -1896.143 -632.32
-109.197 -1894.38 -631.983
-109.197 -1894.38 -631.983
-109.197 -1894.38 -631.983
-74.254 -1893.928 -632.082
-74.254 -1893.928 -632.082
-74.328 -1895.824 -632.714
-39.437 -1896.69 -633.254
-39.398 -1894.794 -632.62
-39.358 -1892.897 -631.988
-4.52 -1891.288 -631.699
-4.525 -1893.185 -632.333
-4.529 -1895.082 -632.967
30.31 -1892.897 -632.486
30.31 -1892.897 -632.486
30.31 -1892.897 -632.486
65.005 -1888.24 -631.178
65.005 -1888.24 -631.178
100.041 -1892.485 -632.847
100.041 -1892.485 -632.847
99.942 -1890.591 -632.213
134.851 -1890.466 -632.422
134.716 -1888.574 -631.789
134.581 -1886.681 -631.155
169.281 -1884.091 -630.538
169.451 -1885.981 -631.172
169.451 -1885.981 -631.172
204.338 -1884.701 -630.993
204.133 -1882.814 -630.362
204.338 -1884.701 -630.993
239.471 -1884.722 -631.252
239.233 -1882.84 -630.621
239.233 -1882.84 -630.621
273.849 -1878.518 -629.426
274.123 -1880.397 -630.055
274.397 -1882.275 -630.685
309.0 -1877.372 -629.294
309.308 -1879.245 -629.922
344.194 -1875.633 -628.965
343.851 -1873.764 -628.339
343.851 -1873.764 -628.339
379.043 -1871.437 -627.813
378.666 -1869.575 -627.189
378.666 -1869.575 -627.189
413.434 -1864.803 -625.843
414.257 -1868.514 -627.089
414.669 -1870.37 -627.711
448.591 -1861.298 -624.924
449.482 -1864.995 -626.165
449.927 -1866.843 -626.786
488.541 -1875.603 -629.988
666.237 -1847.438 -621.852
701.515 -1839.62 -619.493
702.874 -1843.185 -620.694
705.593 -1850.315 -623.095
745.259 -1852.448 -624.091
780.884 -1940.997 -653.924
816.51 -1927.698 -649.736
817.999 -1931.216 -650.922
819.49 -1934.733 -652.108
856.55 -1924.289 -648.884
864.323 -1941.751 -654.772
870.541 -1955.72 -659.482
904.809 -1937.468 -653.631
906.428 -1940.934 -654.801
909.665 -1947.866 -657.139
947.085 -1935.872 -653.401
948.767 -1939.311 -654.561
950.449 -1942.749 -655.722
991.324 -1936.873 -654.051
994.815 -1943.693 -656.354
996.561 -1947.103 -657.506
1032.274 -1930.232 -652.126
1030.466 -1926.852 -650.984
1071.414 -1919.474 -648.813
1075.154 -1926.173 -651.077
1080.762 -1936.223 -654.474
1123.992 -1931.234 -653.118
1127.854 -1937.87 -655.361
1127.854 -1937.87 -655.361
1163.384 -1918.828 -649.256
1167.368 -1925.399 -651.479
1169.36 -1928.685 -652.59
1204.715 -1908.958 -646.254
1212.925 -1921.966 -650.658
1219.082 -1931.722 -653.961
1260.824 -1920.823 -650.619
1267.159 -1930.476 -653.888
1273.495 -1940.128 -657.158
1311.221 -1921.856 -651.324
1317.734 -1931.402 -654.56
1324.246 -1940.948 -657.795
1362.039 -1921.799 -651.669
1366.498 -1928.09 -653.802
1404.107 -1908.207 -647.43
1406.394 -1911.315 -648.484
1413.254 -1920.638 -651.649
1457.809 -1909.153 -648.13
1457.809 -1909.153 -648.13
1460.153 -1912.222 -649.172
1504.773 -1899.804 -645.344
1511.973 -1908.894 -648.432
1516.772 -1914.954 -650.49
1532.193 -1865.56 -634.102
1529.737 -1862.571 -633.086
1546.925 -1883.499 -640.199
1573.877 -1848.684 -628.763
1556.306 -1828.045 -621.744
1546.264 -1816.251 -617.733
1587.201 -1799.025 -612.271
1597.458 -1810.65 -616.228
1610.278 -1825.182 -621.174
1654.149 -1809.629 -616.293
1662.002 -1818.219 -619.218
1672.471 -1829.672 -623.119
1713.957 -1810.094 -616.876
1724.635 -1821.372 -620.719
1757.955 -1792.473 -611.305
1763.397 -1798.022 -613.197
1779.725 -1814.671 -618.875
1821.23 -1793.049 -611.95
1829.546 -1801.236 -614.745
1846.178 -1817.611 -620.333
1907.633 -1813.528 -619.408
1921.743 -1826.942 -623.991
1930.209 -1834.99 -626.739
1978.109 -1815.863 -620.693
1995.336 -1831.676 -626.098
2012.562 -1847.489 -631.504
2055.085 -1821.581 -623.154
2063.843 -1829.344 -625.809
2072.601 -1837.106 -628.465
2118.035 -1812.599 -620.604
2129.901 -1822.753 -624.081
2138.8 -1830.369 -626.689
2193.327 -1812.036 -620.955
2211.404 -1826.971 -626.072
2220.442 -1834.438 -628.631
2266.179 -1807.084 -619.822
2284.528 -1821.716 -624.841
2305.936 -1838.787 -630.696
2361.229 -1816.975 -623.806
2376.743 -1828.914 -627.905
2386.051 -1836.076 -630.364
2438.444 -1810.24 -622.109
2457.323 -1824.255 -626.925
2512.934 -1799.21 -618.958
2568.371 -1772.876 -610.558
2854.078 -1828.78 -631.276
2917.551 -1799.78 -622.043
2947.698 -1818.377 -628.471
2974.496 -1834.908 -634.185
3028.246 -1797.38 -622.034
3031.633 -1799.39 -622.73
3048.57 -1809.443 -626.209
3105.487 -1772.308 -614.212
3102.063 -1770.354 -613.535
3108.912 -1774.262 -614.889
3196.559 -1752.809 -608.35
3248.45 -1781.264 -618.227
3308.811 -1741.862 -605.498
3340.258 -1758.416 -611.252
3403.983 -1718.815 -598.481
3799.393 -1759.625 -614.941
3867.555 -1712.427 -599.664
3918.253 -1734.875 -607.525
4219.862 -1783.872 -626.049
5767.251 -286.721 -137.042
5791.215 -287.913 -137.611
5811.848 -192.52 -105.895
5803.854 -192.255 -105.75
5755.888 -190.666 -104.876
5678.765 -94.023 -72.043
5630.775 -93.229 -71.434
5582.786 -92.434 -70.825
5511.859 0.0 -39.443
5407.862 0.0 -38.699
1616.042 497.683 154.673
1587.778 518.163 161.715
1583.993 516.928 161.33
1576.423 514.458 160.56
1561.137 538.508 168.702
1559.256 537.859 168.499
1561.137 538.508 168.702
1554.79 565.607 177.799
1558.527 566.967 178.226
1562.264 568.327 178.654
1557.2 596.211 188.004
1557.2 596.211 188.004
1546.054 621.874 196.656
1549.739 623.357 197.124
1553.425 624.839 197.594
1547.24 652.749 206.961
1552.726 655.064 207.694
1556.384 656.607 208.183
1545.941 683.047 217.09
1547.756 683.848 217.344
1549.571 684.65 217.599
1540.397 711.833 226.745
1545.796 714.328 227.539
1551.195 716.823 228.334
1541.398 744.086 237.511
1544.966 745.808 238.061
1548.534 747.531 238.61
1539.91 775.693 248.079
1548.749 780.146 249.503
1537.723 807.474 258.71
1542.977 810.233 259.593
1546.479 812.072 260.183
1533.098 838.465 269.094
1540.035 842.259 270.313
1543.503 844.156 270.921
1527.797 869.545 279.514
1529.514 870.522 279.828
1532.947 872.476 280.456
1523.514 901.706 290.287
1528.61 904.721 291.258
1535.404 908.742 292.552
1521.869 936.051 301.771
1523.549 937.084 302.105
1521.869 936.051 301.771
1507.796 963.186 310.935
1517.76 969.551 312.99
1521.081 971.672 313.674
1509.594 1001.018 323.559
1530.925 1015.162 328.131
1555.538 1031.483 333.406
1549.348 1065.956 344.965
1557.452 1071.531 346.769
1563.935 1075.991 348.213
1550.36 1106.24 358.414
1555.159 1109.665 359.524
1539.303 1138.7 369.336
1545.618 1143.371 370.85
1555.091 1150.379 373.124
1541.534 1181.87 383.739
1546.206 1185.451 384.902
1552.434 1190.226 386.452
1541.104 1224.232 397.892
1550.314 1231.548 400.27
1557.988 1237.645 402.252
1538.065 1265.687 411.76
1545.627 1271.91 413.785
1554.701 1279.377 416.215
1539.921 1312.484 427.379
1539.921 1312.484 427.379
1530.986 1304.868 424.898
1512.666 1335.136 435.14
1521.461 1342.899 437.67
1533.187 1353.249 441.043
1519.649 1388.911 453.052
1528.3 1396.818 455.631
1516.601 1435.263 468.557
1519.435 1437.945 469.432
1519.435 1437.945 469.432
1506.731 1476.468 482.39
1515.087 1484.655 485.065
1515.087 1484.655 485.065
1498.536 1520.55 497.174
1509.474 1531.649 500.802
1517.678 1539.973 503.524
1497.222 1573.259 514.788
1502.588 1578.898 516.634
1507.955 1584.537 518.479
1497.046 1629.239 533.488
1525.987 1660.735 543.802
1549.666 1686.505 552.24
1526.194 1720.554 563.781
1536.507 1732.179 567.591
1549.396 1746.711 572.353
1522.132 1777.921 582.972
1532.229 1789.715 586.839
1549.898 1810.354 593.606
1528.762 1850.612 607.205
1536.171 1859.581 610.148
1546.05 1871.54 614.072
1516.268 1902.834 624.738
1530.755 1921.014 630.706
1516.462 1973.609 648.377
1525.896 1985.887 652.41
1530.613 1992.026 654.427
1500.692 2026.305 666.09
1512.201 2041.844 671.199
1532.916 2069.814 680.393
1510.368 2116.81 696.252
1517.101 2126.246 699.356
1528.322 2141.973 704.529
1501.854 2185.953 719.408
1514.971 2205.044 725.692
1530.274 2227.317 733.021
1499.755 2268.309 746.932
1512.519 2287.614 753.289
1529.538 2313.353 761.765
1499.207 2357.742 776.809
1511.614 2377.254 783.237
1530.226 2406.522 792.88
1501.836 2457.677 810.171
1511.875 2474.105 815.586
1477.864 2518.568 830.681
1497.335 2551.75 841.625
1516.807 2584.933 852.57
1487.931 2643.045 872.187
1218.429 2258.135 745.547
1134.525 2102.635 694.207
1081.617 2093.732 691.612
1129.18 2185.802 722.025
1076.943 2180.005 720.463
1068.45 2162.813 714.781
1068.45 2162.813 714.781
1028.533 2180.085 720.835
1028.533 2180.085 720.835
994.589 2210.662 731.292
999.303 2221.139 734.758
1000.512 2335.751 773.032
1061.239 2606.887 863.163
1058.355 2599.803 860.817
1069.89 2628.138 870.199
1025.542 2656.04 879.837
1029.672 2666.736 883.38
1044.814 2705.953 896.37
998.84 2733.491 905.898
997.528 2729.904 904.709
996.218 2726.316 903.52
944.698 2738.676 908.017
944.698 2738.676 908.017
943.453 2735.068 906.821
888.309 2735.648 907.41
836.762 2746.181 911.297
836.762 2746.181 911.297
785.095 2755.841 914.892
783.006 2748.512 912.459
780.919 2741.183 910.026
729.417 2749.903 913.308
729.417 2749.903 913.308
727.464 2742.54 910.863
676.011 2750.359 913.842
675.103 2746.663 912.614
675.103 2746.663 912.614
625.328 2761.022 917.767
625.328 2761.022 917.767
624.489 2757.311 916.533
572.139 2759.671 917.696
570.595 2752.223 915.219
569.051 2744.774 912.742
518.484 2753.668 916.074
519.186 2757.404 917.317
520.594 2764.877 919.803
469.662 2772.964 922.87
469.027 2769.217 921.622
417.456 2772.693 923.152
418.022 2776.45 924.403
418.022 2776.45 924.403
366.888 2782.837 926.902
366.888 2782.837 926.902
366.888 2782.837 926.902
316.07 2792.149 930.377
315.643 2788.376 929.119
315.216 2784.603 927.862
263.586 2785.507 928.534
263.229 2781.728 927.274
263.229 2781.728 927.274
212.304 2789.336 930.18
213.168 2800.69 933.967
212.88 2796.906 932.704
160.956 2792.316 931.542
161.393 2799.893 934.07
162.048 2811.259 937.862
110.452 2817.194 940.214
110.452 2817.194 940.214
58.682 2822.275 942.281
58.525 2814.689 939.748
58.604 2818.482 941.015
6.747 2822.705 942.797
6.774 2834.087 946.599
6.783 2837.881 947.866
-45.252 2826.069 944.292
-45.495 2841.242 949.362
-45.556 2845.036 950.629
-97.638 2836.152 948.035
-98.029 2847.527 951.838
-98.29 2855.111 954.373
-151.013 2856.724 955.289
-151.013 2856.724 955.289
-151.414 2864.302 957.823
-204.1 2861.246 957.179
-204.64 2868.815 959.711
-205.18 2876.385 962.243
-258.081 2872.436 961.303
-258.421 2876.216 962.568
-312.132 2878.932 963.859
-313.359 2890.252 967.649
-313.359 2890.252 967.649
-366.025 2880.744 964.851
-366.025 2880.744 964.851
-367.461 2892.042 968.634
-422.276 2896.675 970.575
-422.824 2900.432 971.834
-423.919 2907.946 974.35
-484.778 2945.338 987.276
-506.982 3080.238 1032.494
-563.6 3071.255 1029.899
-563.6 3071.255 1029.899
-564.971 3078.728 1032.405
-623.064 3076.233 1031.987
-622.31 3072.509 1030.738
-623.064 3076.233 1031.987
-682.064 3076.462 1032.486
-682.887 3080.173 1033.731
-681.242 3072.751 1031.24
-736.812 3057.187 1026.44
-738.594 3064.581 1028.922
-795.858 3055.447 1026.281
-796.816 3059.129 1027.517
-799.692 3070.172 1031.227
-858.146 3063.675 1029.475
-859.172 3067.339 1030.706
-860.199 3071.004 1031.938
-917.702 3059.822 1028.614
-918.796 3063.469 1029.84
-920.984 3070.763 1032.292
-978.541 3058.556 1028.627
-978.541 3058.556 1028.627
-980.863 3065.813 1031.067
-1037.163 3048.987 1025.85
-1039.618 3056.204 1028.278
-1042.073 3063.42 1030.706
-1098.321 3045.582 1025.151
-1100.909 3052.757 1027.565
-1104.79 3063.519 1031.188
-1161.034 3044.642 1025.285
-1161.034 3044.642 1025.285
-1219.774 3031.923 1021.457
-1224.048 3042.548 1025.036
-1226.898 3049.632 1027.423
-1281.383 3025.22 1019.658
-1284.363 3032.255 1022.03
-1294.793 3056.879 1030.33
-1358.666 3052.32 1029.264
-1358.666 3052.32 1029.264
-1355.556 3045.336 1026.908
-1414.674 3029.244 1021.956
-1416.293 3032.709 1023.126
-1422.768 3046.573 1027.803
-1485.393 3036.19 1024.783
-1488.757 3043.067 1027.105
-1492.122 3049.944 1029.426
-1548.072 3024.659 1021.38
-1551.562 3031.479 1023.683
-1555.053 3038.299 1025.986
-1616.205 3022.115 1021.017
-1618.013 3025.496 1022.159
-1619.821 3028.876 1023.302
-1677.239 3004.83 1015.681
-1682.849 3014.88 1019.078
-1743.925 2996.399 1013.342
-1749.719 3006.354 1016.709
-1761.307 3026.263 1023.442
-1820.775 3003.097 1016.129
-1826.752 3012.954 1019.465
-1840.696 3035.954 1027.247
-1902.507 3014.657 1020.575
-1908.664 3024.413 1023.878
-1916.873 3037.422 1028.282
-1978.88 3014.759 1021.156
-1987.329 3027.629 1025.515
-1989.441 3030.847 1026.605
-2049.325 3003.696 1017.965
-2058.008 3016.424 1022.278
-2068.863 3032.333 1027.67
-2128.883 3003.794 1018.567
-2131.112 3006.94 1019.634
-2142.258 3022.666 1024.966
-2202.206 2992.839 1015.433
-2213.641 3008.378 1020.704
-2289.839 2998.781 1018.045
-2296.87 3007.989 1021.17
-2303.901 3017.198 1024.296
-2371.157 2993.63 1016.906
-2371.157 2993.63 1016.906
-2385.557 3011.81 1023.081
-2460.348 2995.66 1018.222
-2465.258 3001.639 1020.254
-2465.258 3001.639 1020.254
-2525.231 2966.15 1008.829
-2510.17 2948.46 1002.812
-2487.578 2921.924 993.787
-2525.676 2862.746 974.293
-2492.342 2824.963 961.434
-2464.137 2792.994 950.554
-2507.397 2743.077 934.19
-2515.25 2751.667 937.116
-2530.953 2768.847 942.966
-2584.284 2729.238 930.118
-2602.972 2748.974 936.844
-2680.473 2733.105 932.098
-2694.079 2746.978 936.829
-2704.963 2758.077 940.614
-2780.355 2737.333 934.225
-2785.9 2742.791 936.087
-2791.444 2748.249 937.951
-2864.272 2722.975 930.03
-2878.382 2736.389 934.611
-2881.203 2739.071 935.527
-2945.632 2704.028 924.283
-2974.342 2730.383 933.292
-2997.31 2751.467 940.498
-3053.437 2706.497 925.879
-3041.76 2696.147 922.339
-3018.407 2675.448 915.258
-3043.562 2604.659 891.792
-3034.664 2597.043 889.185
-3013.899 2579.272 883.1
-3042.94 2513.951 861.49
-3030.888 2503.995 858.077
-3064.387 2443.587 838.14
-3049.095 2431.393 833.958
-3027.688 2414.323 828.103
-3050.05 2347.026 805.784
-3028.331 2330.313 800.046
-3019.022 2323.15 797.587
-3042.549 2258.713 776.232
-3017.378 2240.027 769.809
-3011.085 2235.355 768.204
-3032.741 2171.382 746.991
-3016.797 2159.965 743.064
-3007.23 2153.115 740.707
-3033.585 2094.001 721.15
-3023.894 2087.311 718.846
-3014.201 2080.621 716.542
-3045.602 2025.973 698.514
-3032.517 2017.268 695.512
-3003.074 1997.683 688.76
-3009.694 1928.493 665.696
-2996.45 1920.007 662.767
-3021.391 1863.837 644.183
-3004.643 1853.505 640.612
-2994.594 1847.306 638.47
-3014.697 1789.338 619.25
-3004.536 1783.306 617.164
-2990.986 1775.264 614.381
-3013.042 1719.549 595.928
-2995.923 1709.779 592.542
-2989.074 1705.871 591.187
-3013.207 1652.269 573.457
-2995.909 1642.784 570.165
-2988.99 1638.99 568.847
-3008.328 1583.678 550.51
-2997.846 1578.16 548.592
-2959.412 1557.927 541.559
-2945.415 1487.265 517.856
-2945.415 1487.265 517.856
-2968.888 1436.499 501.068
-2954.649 1429.61 498.664
-2940.41 1422.72 496.261
-2969.847 1375.435 480.677
-2959.074 1370.445 478.934
-2933.936 1358.803 474.865
-2951.364 1306.768 457.609
-2944.122 1303.561 456.486
-2929.637 1297.148 454.239
-2938.572 1242.229 435.96
-2934.921 1240.686 435.419
-2923.971 1236.057 433.793
-2935.348 1182.969 416.142
-2927.992 1180.005 415.1
-2916.957 1175.557 413.536
-2923.437 1121.36 395.479
-2912.321 1117.096 393.975
-2940.01 1071.391 378.907
-2932.548 1068.672 377.944
-2917.624 1063.233 376.022
-2929.347 1012.136 359.038
-2944.369 1017.326 360.879
-2955.635 1021.219 362.26
-2966.534 969.626 345.105
-2940.082 960.979 342.027
-2917.407 953.568 339.389
-2927.021 902.746 322.482
-2919.419 900.401 321.645
-2915.617 899.229 321.226
-2928.012 849.683 304.765
-2920.367 847.464 303.969
-2916.544 846.355 303.572
-2912.576 792.684 285.616
-2901.049 789.546 284.486
-2922.971 743.335 269.207
-2919.111 742.353 268.851
-2903.666 738.425 267.429
-2916.926 690.217 251.421
-2916.926 690.217 251.421
-2916.926 690.217 251.421
-2925.401 640.945 235.024
-2905.924 636.677 233.459
-2902.029 635.824 233.146
-2909.49 586.873 216.848
-2905.58 586.085 216.557
-2901.669 585.296 216.266
-2923.885 539.321 201.068
-2919.96 538.598 200.799
-2904.261 535.702 199.718
-2909.854 486.864 183.446
-2905.915 486.205 183.198
-2906.635 436.82 166.708
-2906.635 436.82 166.708
-2906.635 436.82 166.708
-2894.547 385.98 149.64
-2910.386 388.092 150.458
-2902.467 387.036 150.048
-2894.547 385.98 149.64
-2893.385 337.066 133.292
-2893.385 337.066 133.292
-2893.385 337.066 133.292
-2895.284 288.708 117.153
-2895.284 288.708 117.153
-2891.307 288.311 116.993
-2896.285 240.394 101.023
-2896.285 240.394 101.023
-2896.285 240.394 101.023
-2896.393 192.138 84.905
-2896.393 192.138 84.905
-2895.608 143.956 68.805
-2891.613 143.758 68.711
-2891.613 143.758 68.711
-2889.935 95.73 52.656
-2885.939 95.598 52.584
-2885.939 95.598 52.584
-2899.369 48.005 36.782
-2919.365 48.336 37.036
-2931.362 48.535 37.188
-2927.788 0.0 35.26
-2931.787 0.0 35.309
-2927.788 0.0 35.26
-2927.483 -49.744 23.561
-2931.481 -49.812 23.593
-2927.483 -49.744 23.561
-2926.285 -99.474 11.855
-2922.288 -99.338 11.838
-2926.285 -99.474 11.855
-2924.197 -149.173 0.144
-2928.193 -149.376 0.145
-2925.21 -199.098 -11.582
-2921.219 -198.826 -11.566
-2925.21 -199.098 -11.582
-2925.321 -249.098 -23.337
-2925.321 -249.098 -23.337
-2929.306 -249.437 -23.369
-2924.529 -299.157 -35.116
-2880.76 -294.68 -34.59
-2799.724 -334.55 -44.941
-2920.229 -399.393 -58.734
-2912.765 -448.929 -70.471
-2912.765 -448.929 -70.471
-2904.413 -498.328 -82.187
-2912.296 -499.681 -82.41
-2924.117 -501.709 -82.744
-2337.355 -442.073 -75.789
-2345.212 -443.559 -76.044
-2337.015 -483.316 -85.491
-2399.649 -496.269 -87.782
-2238.415 -502.78 -91.255
-2234.515 -501.904 -91.096
-2233.052 -541.653 -100.459
-2233.052 -541.653 -100.459
-2219.243 -578.477 -109.283
-2226.975 -580.492 -109.664
-2238.574 -583.516 -110.235
-2874.951 -854.974 -166.396
-2882.608 -857.251 -166.838
-2890.264 -859.528 -167.281
-2870.747 -907.259 -178.739
-2878.362 -909.666 -179.213
-2901.206 -916.885 -180.635
-2895.823 -969.798 -193.141
-2895.823 -969.798 -193.141
-2903.394 -972.333 -193.646
-2885.66 -1021.468 -205.412
-2885.66 -1021.468 -205.412
-2896.946 -1025.463 -206.216
-2893.213 -1080.06 -219.096
-2893.213 -1080.06 -219.096
-2904.427 -1084.246 -219.946
-2884.687 -1133.376 -231.735
-2884.687 -1133.376 -231.735
-2895.825 -1137.752 -232.63
-2875.127 -1186.726 -244.394
-2878.813 -1188.247 -244.707
-2864.527 -1240.089 -257.068
-2871.845 -1243.256 -257.725
-2875.503 -1244.84 -258.053
-2856.517 -1295.092 -270.097
-2860.146 -1296.738 -270.44
-2871.035 -1301.675 -271.469
-2858.2 -1355.315 -284.236
-2868.999 -1360.436 -285.31
-2883.398 -1367.264 -286.742
-2872.862 -1423.051 -299.985
-2876.431 -1424.819 -300.357
-2883.568 -1428.354 -301.104
-2875.346 -1486.201 -314.803
-2889.492 -1493.513 -316.352
-2893.029 -1495.341 -316.739
-2869.423 -1546.083 -328.954
-2872.928 -1547.971 -329.356
-2855.286 -1602.314 -342.345
-2858.755 -1604.261 -342.76
-2862.224 -1606.208 -343.177
-2846.868 -1662.538 -356.606
-2860.604 -1670.56 -358.326
-2874.34 -1678.582 -360.047
-2854.143 -1733.272 -373.149
-2864.335 -1739.462 -374.481
-2874.529 -1745.653 -375.815
-2856.377 -1802.625 -389.428
-2866.458 -1808.987 -390.803
-2879.9 -1817.47 -392.635
-2853.662 -1870.392 -405.394
-2863.629 -1876.924 -406.809
-2873.594 -1883.456 -408.225
-2849.378 -1938.603 -421.483
-2862.509 -1947.536 -423.425
-2865.792 -1949.77 -423.911
-2846.751 -2009.514 -438.187
-2869.447 -2025.535 -441.681
-2882.416 -2034.69 -443.677
-2855.242 -2090.286 -457.076
-2868.047 -2099.659 -459.126
-2845.9 -2159.954 -473.569
-2855.376 -2167.146 -475.146
-2861.693 -2171.941 -476.197
-2838.035 -2232.379 -490.692
-2850.496 -2242.181 -492.847
-2866.072 -2254.433 -495.539
-2846.856 -2320.198 -511.233
-2862.211 -2332.712 -513.99
-2874.495 -2342.724 -516.196
-2844.301 -2401.312 -530.335
-2853.379 -2408.975 -532.028
-2865.482 -2419.194 -534.284
-2833.733 -2477.817 -548.451
-2845.652 -2488.239 -550.757
-2854.591 -2496.055 -552.487
-2824.21 -2557.333 -567.261
-2847.672 -2578.578 -571.973
-2821.343 -2645.379 -587.997
-2841.537 -2664.313 -592.205
-2864.615 -2685.952 -597.014
-2830.345 -2747.852 -611.981
-2847.362 -2764.372 -615.66
-2855.869 -2772.632 -617.5
-2814.226 -2829.002 -631.255
-2825.371 -2840.206 -633.754
-2836.517 -2851.41 -636.254
-2806.99 -2921.814 -653.164
-2823.405 -2938.901 -656.984
-2839.821 -2955.987 -660.803
-2808.008 -3026.794 -677.834
-2824.116 -3044.156 -681.722
-2840.223 -3061.518 -685.61
-2811.367 -3138.549 -704.069
-1717.886 -1986.579 -446.391
-1707.569 -1974.648 -443.709
-1707.569 -1974.648 -443.709
-1666.94 -1997.213 -449.504
-1651.786 -1979.056 -445.418
-1644.209 -1969.978 -443.374
-1601.309 -1988.314 -448.202
-1588.952 -1972.972 -444.743
-1581.539 -1963.767 -442.668
-1538.922 -1980.915 -447.214
-1531.674 -1971.586 -445.107
-1489.09 -1987.764 -449.424
-1482.011 -1978.313 -447.287
-1477.29 -1972.013 -445.863
-1432.571 -1983.959 -449.21
-1423.359 -1971.2 -446.322
-1414.147 -1958.442 -443.432
-1374.398 -1975.62 -447.95
-1369.907 -1969.164 -446.486
-1365.415 -1962.707 -445.022
-1325.712 -1978.982 -449.327
-1316.962 -1965.919 -446.361
-1308.211 -1952.857 -443.395
-1275.195 -1977.994 -449.703
-1270.937 -1971.39 -448.202
-1225.116 -1975.9 -449.814
-1218.908 -1965.887 -447.535
-1214.768 -1959.212 -446.015
-1177.51 -1976.087 -450.432
-1173.491 -1969.342 -448.894
-1171.481 -1965.97 -448.125
-1128.32 -1971.858 -450.029
-1120.525 -1958.235 -446.921
-1116.628 -1951.424 -445.365
-1075.866 -1959.691 -447.8
-1072.09 -1952.815 -446.229
-1068.316 -1945.938 -444.658
-1029.669 -1956.761 -447.668
-1026.017 -1949.822 -446.081
-1026.017 -1949.822 -446.081
-990.955 -1966.864 -450.509
-983.902 -1952.865 -447.303
-941.989 -1955.074 -448.328
-938.589 -1948.016 -446.708
-936.889 -1944.487 -445.9
-900.295 -1956.458 -449.155
-895.384 -1945.787 -446.705
-893.747 -1942.23 -445.888
-855.69 -1949.857 -448.14
-852.544 -1942.688 -446.493
-849.398 -1935.52 -444.844
-811.594 -1942.343 -446.904
-811.594 -1942.343 -446.904
-810.086 -1938.733 -446.074
-770.914 -1941.202 -447.126
-769.47 -1937.567 -446.289
-768.027 -1933.932 -445.451
-730.521 -1939.275 -447.159
-727.764 -1931.957 -445.472
-726.385 -1928.298 -444.629
-690.428 -1936.572 -447.007
-689.116 -1932.89 -446.157
-653.147 -1940.508 -448.381
-650.653 -1933.101 -446.67
-649.407 -1929.398 -445.814
-613.571 -1936.321 -447.874
-611.211 -1928.874 -446.151
-610.032 -1925.15 -445.289
-571.003 -1920.157 -444.586
-567.664 -1908.928 -441.986
-569.89 -1916.414 -443.719
-536.521 -1929.474 -447.191
-536.521 -1929.474 -447.191
-536.521 -1929.474 -447.191
-500.897 -1934.425 -448.785
-499.43 -1928.757 -447.47
-463.434 -1931.165 -448.47
-461.159 -1921.68 -446.267
-460.703 -1919.783 -445.826
-425.397 -1923.417 -447.106
-424.554 -1919.609 -446.221
-424.133 -1917.704 -445.778
-388.936 -1920.704 -446.907
-388.936 -1920.704 -446.907
-388.549 -1918.793 -446.462
-353.405 -1921.175 -447.446
-353.405 -1921.175 -447.446
-353.405 -1921.175 -447.446
-318.291 -1922.949 -448.285
-317.972 -1921.026 -447.837
-317.972 -1921.026 -447.837
-283.217 -1924.115 -448.982
-282.65 -1920.259 -448.083
-281.798 -1914.475 -446.733
-247.199 -1916.947 -447.731
-247.697 -1920.812 -448.634
-212.378 -1916.89 -448.137
-211.949 -1913.018 -447.231
-212.164 -1914.954 -447.683
-177.452 -1914.296 -447.948
-176.733 -1906.538 -446.132
-177.093 -1910.417 -447.04
-142.826 -1913.043 -448.07
-142.246 -1905.274 -446.25
-142.102 -1903.332 -445.795
-107.745 -1901.477 -445.773
-107.965 -1905.365 -446.684
-108.186 -1909.254 -447.596
-73.872 -1908.763 -447.894
-73.872 -1908.763 -447.894
-73.646 -1902.926 -446.525
-39.525 -1903.796 -447.139
-39.484 -1901.85 -446.683
-5.385 -1902.139 -447.162
-5.396 -1906.033 -448.077
-5.391 -1904.086 -447.619
28.715 -1901.85 -447.504
28.715 -1901.85 -447.504
28.745 -1903.796 -447.962
62.999 -1906.818 -449.085
62.935 -1904.872 -448.626
62.807 -1900.981 -447.71
97.078 -1903.421 -448.697
97.078 -1903.421 -448.697
96.978 -1901.477 -448.238
131.19 -1901.39 -448.629
131.19 -1901.39 -448.629
131.056 -1899.448 -448.172
165.263 -1898.78 -448.427
165.431 -1900.72 -448.885
165.601 -1902.659 -449.343
199.692 -1899.464 -449.002
199.896 -1901.4 -449.46
200.303 -1905.273 -450.375
233.961 -1897.623 -448.982
233.485 -1893.758 -448.067
267.137 -1887.484 -446.997
267.137 -1887.484 -446.997
268.502 -1897.124 -449.28
302.791 -1894.104 -448.984
303.099 -1896.027 -449.44
303.099 -1896.027 -449.44
337.399 -1892.415 -449.003
338.082 -1896.25 -449.913
338.082 -1896.25 -449.913
372.793 -1893.948 -449.79
373.922 -1899.681 -451.152
374.299 -1901.592 -451.605
408.76 -1896.756 -450.883
409.17 -1898.66 -451.336
409.581 -1900.565 -451.788
443.609 -1893.225 -450.473
444.054 -1895.122 -450.924
444.054 -1895.122 -450.924
480.374 -1896.643 -451.719
692.387 -1866.095 -447.09
691.708 -1864.265 -446.651
696.46 -1877.072 -449.72
734.307 -1875.768 -449.869
768.461 -1963.013 -470.793
805.06 -1953.174 -468.921
808.037 -1960.394 -470.654
846.202 -1953.441 -469.479
847.754 -1957.025 -470.34
847.754 -1957.025 -470.34
884.367 -1945.787 -468.139
885.983 -1949.344 -468.994
889.217 -1956.458 -470.707
925.878 -1944.487 -468.334
927.558 -1948.016 -469.183
930.919 -1955.074 -470.884
969.357 -1945.865 -469.181
971.101 -1949.365 -470.025
974.588 -1956.364 -471.713
1014.977 -1949.822 -470.661
1014.977 -1949.822 -470.661
1016.783 -1953.291 -471.498
1055.429 -1942.5 -469.427
1059.166 -1949.377 -471.088
1059.166 -1949.377 -471.088
1095.93 -1934.396 -468.009
1097.861 -1937.801 -468.833
1101.719 -1944.613 -470.481
1142.437 -1935.621 -468.857
1144.427 -1938.993 -469.674
1187.27 -1932.511 -468.666
1193.422 -1942.524 -471.094
1193.422 -1942.524 -471.094
1232.341 -1928.462 -468.256
1236.562 -1935.066 -469.86
1238.672 -1938.368 -470.662
1277.631 -1923.466 -467.627
1279.8 -1926.731 -468.421
1284.138 -1933.263 -470.009
1323.117 -1917.513 -466.775
1329.8 -1927.198 -469.133
1338.71 -1940.11 -472.277
1382.491 -1929.735 -470.364
1387.062 -1936.114 -471.919
1391.631 -1942.493 -473.474
1428.652 -1921.61 -469.01
1433.335 -1927.91 -470.547
1430.993 -1924.76 -469.779
1470.146 -1906.281 -465.905
1482.138 -1921.829 -469.706
1486.934 -1928.049 -471.226
1531.159 -1914.672 -468.613
1545.882 -1933.083 -473.119
1577.866 -1903.404 -466.526
1565.324 -1888.274 -462.818
1555.29 -1876.169 -459.851
1578.512 -1837.437 -451.024
1570.824 -1828.488 -448.827
1575.95 -1834.454 -450.292
1611.287 -1810.249 -445.026
1626.982 -1827.881 -449.361
1647.907 -1851.391 -455.141
1694.266 -1837.49 -452.43
1699.603 -1843.277 -453.855
1707.607 -1851.958 -455.993
1748.789 -1831.117 -451.588
1759.668 -1842.508 -454.398
1767.827 -1851.052 -456.505
1803.596 -1823.446 -450.445
1820.22 -1840.252 -454.597
1831.302 -1851.456 -457.365
1878.404 -1833.737 -453.766
1898.147 -1853.01 -458.535
1912.25 -1866.777 -461.942
1954.125 -1842.028 -456.627
1968.471 -1855.552 -459.98
1982.819 -1869.076 -463.333
2030.708 -1848.291 -459.022
2042.379 -1858.913 -461.66
2087.351 -1834.262 -456.406
2096.246 -1842.078 -458.35
2108.106 -1852.5 -460.943
2159.164 -1831.639 -456.654
2177.233 -1846.966 -460.475
2177.233 -1846.966 -460.475
2225.4 -1822.119 -455.213
2249.856 -1842.142 -460.215
2262.084 -1852.153 -462.717
2313.66 -1828.051 -457.671
2341.573 -1850.106 -463.192
2360.181 -1864.808 -466.873
2405.946 -1833.923 -460.163
2691.249 -1838.099 -464.581
2720.679 -1858.2 -469.661
2780.186 -1829.021 -463.517
2809.974 -1848.618 -468.484
2862.911 -1813.229 -460.801
2872.957 -1819.591 -462.418
2903.093 -1838.678 -467.268
2966.228 -1807.555 -460.711
2989.93 -1821.999 -464.393
3013.633 -1836.443 -468.074
3063.355 -1794.899 -458.905
3077.046 -1802.921 -460.956
3080.468 -1804.927 -461.469
3129.796 -1761.961 -451.961
3587.233 -1781.907 -462.16
3629.938 -1803.12 -467.661
3697.785 -1758.154 -457.907
3733.686 -1775.224 -462.352
3783.948 -1799.121 -468.576
3844.768 -1747.634 -457.203
3880.972 -1764.09 -461.508
4211.446 -1827.666 -480.436
5806.769 -296.307 -139.6
5819.47 -197.86 -116.606
5803.482 -197.317 -116.286
5803.482 -197.317 -116.286
5742.432 -97.586 -92.103
5678.45 -96.499 -91.076
5638.461 -95.819 -90.435
5591.595 0.0 -67.342
5535.599 0.0 -66.667
1614.319 510.183 100.511
1591.756 533.072 106.164
1584.185 530.536 105.659
1582.293 529.902 105.533
1572.628 556.68 111.946
1566.985 554.682 111.544
1563.222 553.351 111.276
1551.271 579.102 117.474
1553.14 579.8 117.616
1558.747 581.893 118.04
1553.722 610.448 124.815
1557.435 611.907 125.113
1555.578 611.177 124.964
1549.988 639.767 131.753
1551.831 640.528 131.91
1557.36 642.81 132.38
1552.991 672.309 139.368
1554.82 673.101 139.532
1546.221 701.028 146.202
1548.036 701.851 146.373
1549.851 702.674 146.546
1544.292 732.28 153.573
1547.892 733.987 153.932
1551.492 735.694 154.289
1541.709 763.674 160.986
1548.847 767.21 161.731
1552.416 768.978 162.104
1543.773 797.942 169.017
1547.31 799.77 169.405
1550.847 801.598 169.792
1541.571 830.619 176.727
1543.323 831.562 176.928
1546.826 833.45 177.329
1538.662 863.458 184.483
1547.335 868.326 185.524
1550.805 870.273 185.939
1538.476 898.452 192.713
1543.627 901.461 193.359
1548.779 904.469 194.004
1539.198 934.729 201.234
1540.897 935.761 201.456
1525.641 962.814 208.001
1534.042 968.116 209.145
1540.763 972.357 210.063
1524.832 999.429 216.619
1529.815 1002.695 217.327
1531.476 1003.784 217.563
1531.377 1041.887 226.523
1542.866 1049.704 228.223
1539.583 1047.471 227.737
1517.403 1071.13 233.567
1527.129 1077.996 235.064
1556.311 1098.595 239.556
1546.057 1131.847 247.498
1550.858 1135.363 248.266
1557.26 1140.049 249.291
1542.977 1171.074 256.757
1550.873 1177.067 258.071
1558.77 1183.06 259.385
1543.629 1214.208 266.891
1549.859 1219.109 267.968
1538.592 1253.958 276.298
1549.341 1262.718 278.227
1557.018 1268.975 279.607
1538.645 1299.007 286.889
1541.671 1301.562 287.453
1549.236 1307.948 288.863
1534.566 1341.825 297.006
1528.607 1336.614 295.851
1525.627 1334.009 295.275
1510.352 1367.629 303.364
1525.015 1380.907 306.309
1545.544 1399.496 310.432
1526.064 1430.885 318.047
1526.064 1430.885 318.047
1534.718 1439.0 319.85
1528.613 1484.06 330.519
1542.793 1497.827 333.585
1545.63 1500.58 334.198
1521.354 1529.342 341.253
1532.499 1540.545 343.753
1540.858 1548.948 345.627
1526.609 1589.057 355.23
1537.552 1600.448 357.776
1545.76 1608.991 359.685
1527.492 1646.507 368.726
1540.915 1660.975 371.967
1518.875 1695.639 380.382
1529.404 1707.394 383.019
1539.934 1719.149 385.655
1519.272 1756.9 394.781
1529.589 1768.831 397.462
1534.749 1774.797 398.802
1515.4 1815.648 408.639
1525.502 1827.752 411.364
1535.605 1839.856 414.089
1514.818 1880.92 423.994
1514.818 1880.92 423.994
1514.818 1880.92 423.994
1488.188 1915.61 432.471
1495.436 1924.939 434.577
1509.932 1943.598 438.789
1505.609 2009.815 454.41
1531.569 2044.467 462.245
1538.648 2053.917 464.382
1513.183 2095.596 474.487
1527.002 2114.734 478.821
1538.517 2130.682 482.431
1513.635 2175.764 493.331
1524.864 2191.905 496.991
1536.092 2208.046 500.65
1509.475 2253.296 511.61
1522.6 2272.89 516.059
1496.597 2321.419 527.782
1509.37 2341.232 532.286
1517.886 2354.441 535.29
1494.145 2409.797 548.591
1510.7 2436.499 554.67
1521.048 2453.187 558.468
1492.986 2505.516 571.11
1509.061 2532.493 577.259
1521.117 2552.726 581.871
1488.837 2601.899 593.821
1498.581 2618.927 597.708
1174.015 2138.469 488.652
1172.127 2135.031 487.867
1172.127 2135.031 487.867
1172.07 2227.377 509.579
1114.384 2211.847 506.623
1100.278 2183.849 500.21
1094.988 2173.349 497.805
1049.111 2177.402 499.31
1067.815 2216.221 508.212
1011.604 2198.348 504.686
1006.694 2293.949 527.223
1047.591 2387.141 548.642
935.294 2238.388 515.02
939.82 2249.219 517.512
906.618 2282.912 525.833
980.514 2750.226 634.817
867.538 2577.468 595.56
841.3 2654.994 614.103
830.681 2621.481 606.352
829.501 2617.757 605.491
782.486 2631.326 609.247
785.825 2642.555 611.847
685.032 2463.558 570.975
687.123 2471.081 572.719
654.492 2527.598 586.4
656.448 2535.154 588.153
575.339 2601.374 604.699
586.892 3190.454 743.063
586.187 3186.62 742.17
586.187 3186.62 742.17
527.726 3188.249 743.257
525.815 3176.711 740.568
526.452 3180.557 741.464
468.812 3185.008 743.205
467.109 3173.44 740.506
467.109 3173.44 740.506
408.177 3165.282 739.297
405.186 3142.093 733.881
405.186 3142.093 733.881
350.532 3163.837 739.651
354.393 3198.69 747.799
354.822 3202.562 748.705
294.856 3180.796 744.309
294.496 3176.917 743.401
294.496 3176.917 743.401
236.932 3173.515 743.296
236.932 3173.515 743.296
180.016 3176.905 744.777
180.016 3176.905 744.777
180.236 3180.793 745.69
123.045 3179.327 746.033
122.894 3175.435 745.12
122.743 3171.544 744.207
65.793 3169.1 744.319
65.631 3161.314 742.489
65.631 3161.314 742.489
8.952 3161.795 743.285
8.963 3165.689 744.201
8.963 3165.689 744.201
-47.79 3165.207 744.771
-47.614 3153.527 742.022
-47.437 3141.848 739.275
-103.628 3136.521 738.699
-104.271 3155.978 743.282
-104.528 3163.761 745.114
-159.845 3134.131 738.814
-159.251 3122.466 736.064
-215.211 3119.134 735.955
-215.747 3126.903 737.788
-215.747 3126.903 737.788
-271.78 3122.611 737.453
-272.456 3130.369 739.286
-273.806 3145.885 742.95
-330.174 3140.602 742.387
-328.953 3128.985 739.64
-329.36 3132.857 740.556
-385.488 3126.634 739.769
-385.965 3130.498 740.683
-386.918 3138.228 742.512
-443.137 3131.025 741.495
-442.592 3127.169 740.583
-443.683 3134.881 742.409
-498.606 3119.023 739.341
-499.836 3126.714 741.165
-502.295 3142.098 744.811
-559.255 3136.769 744.244
-559.255 3136.769 744.244
-560.622 3144.438 746.064
-618.439 3141.927 746.17
-617.687 3138.105 745.263
-673.879 3126.981 743.323
-675.521 3134.599 745.134
-676.342 3138.408 746.04
-729.867 3114.905 741.158
-730.756 3118.699 742.061
-732.534 3126.287 743.866
-790.417 3120.771 743.266
-790.417 3120.771 743.266
-787.546 3109.437 740.568
-845.256 3102.955 739.739
-848.33 3114.238 742.429
-851.404 3125.522 745.118
-908.438 3114.173 743.137
-908.438 3114.173 743.137
-910.621 3121.659 744.923
-967.647 3109.285 742.701
-967.647 3109.285 742.701
-967.647 3109.285 742.701
-1026.964 3103.331 742.015
-1029.415 3110.737 743.786
-1087.658 3099.987 741.96
-1092.825 3114.714 745.484
-1094.116 3118.396 746.366
-1153.978 3110.158 745.15
-1174.343 3165.043 758.3
-1193.35 3216.27 770.573
-1257.999 3213.525 770.706
-1259.423 3217.161 771.579
-1262.268 3224.431 773.322
-1309.525 3177.066 762.754
-1287.203 3122.912 749.753
-1346.16 3107.584 746.859
-1567.775 3292.571 793.022
-1544.695 3100.785 747.652
-1548.182 3107.785 749.339
-1600.122 3073.919 742.002
-1607.347 3087.796 745.352
-1621.795 3115.552 752.052
-1673.743 3080.496 744.436
-1671.874 3077.058 743.604
-1677.479 3087.372 746.097
-1732.651 3058.253 739.915
-1736.511 3065.064 741.564
-1740.369 3071.875 743.211
-1884.821 3193.437 773.532
-1884.821 3193.437 773.532
-1952.127 3177.461 770.586
-1943.924 3164.111 767.349
-1911.116 3110.708 754.398
-1960.352 3067.707 744.881
-1964.572 3074.312 746.484
-1975.123 3090.823 750.493
-2045.51 3079.504 748.68
-2054.188 3092.567 751.856
-2109.414 3057.046 744.17
-2113.869 3063.502 745.74
-2118.324 3069.958 747.312
-2175.424 3036.541 740.143
-2189.134 3055.679 744.808
-2198.275 3068.438 747.918
-2257.738 3036.774 741.19
-2267.106 3049.374 744.265
-2276.474 3061.975 747.34
-2343.121 3038.232 742.56
-2352.714 3050.671 745.601
-2367.104 3069.33 750.16
-2441.512 3053.043 747.228
-2453.78 3068.385 750.982
-2461.142 3077.59 753.236
-2513.549 3032.132 743.178
-2495.989 3010.949 737.986
-2480.937 2992.793 733.537
-2518.956 2932.144 719.735
-2488.206 2896.349 710.949
-2511.097 2821.167 693.547
-2490.171 2797.658 687.768
-2487.556 2794.719 687.045
-2553.406 2769.256 681.852
-2572.083 2789.512 686.839
-2598.764 2818.449 693.964
-2668.059 2793.664 688.971
-2673.498 2799.36 690.376
-2689.816 2816.446 694.59
-2762.191 2792.589 689.853
-2770.501 2800.992 691.928
-2787.125 2817.798 696.079
-2845.811 2778.139 687.461
-2842.991 2775.385 686.78
-2857.093 2789.152 690.188
-2929.752 2761.689 684.605
-2944.1 2775.213 687.958
-2967.055 2796.852 693.322
-3046.062 2772.436 688.533
-3034.391 2761.814 685.894
-3005.214 2735.258 679.299
-3036.147 2668.017 663.863
-3018.357 2652.384 659.972
-3047.523 2585.242 644.537
-3035.478 2575.023 641.99
-3023.433 2564.805 639.443
-3059.926 2505.413 625.917
-3050.755 2497.904 624.042
-3032.414 2482.887 620.291
-3048.697 2408.813 603.071
-3023.885 2389.209 598.162
-3017.682 2384.308 596.936
-3041.242 2318.175 581.67
-3016.081 2298.997 576.858
-3006.646 2291.805 575.053
-3031.479 2228.544 560.479
-3015.542 2216.828 557.532
-3005.978 2209.797 555.764
-3035.592 2151.415 542.394
-3016.216 2137.683 538.932
-3037.874 2074.841 524.418
-3028.064 2068.14 522.724
-3014.984 2059.207 520.466
-3035.037 1996.681 506.006
-3021.797 1987.972 503.799
-2998.629 1972.73 499.936
-3016.94 1910.783 485.593
-3006.895 1904.421 483.976
-2996.85 1898.058 482.358
-3017.019 1838.506 468.6
-3003.475 1830.253 466.496
-2993.316 1824.063 464.919
-3015.437 1766.823 451.727
-2994.9 1754.79 448.651
-2988.054 1750.779 447.625
-3008.754 1693.819 434.481
-2994.921 1686.031 432.485
-3014.356 1629.145 419.344
-3003.877 1623.482 417.885
-2989.906 1615.931 415.942
-2993.879 1552.011 400.961
-2951.563 1530.074 395.294
-2930.404 1519.106 392.46
-2957.332 1469.013 381.006
-2950.215 1465.477 380.089
-2932.421 1456.638 377.797
-2951.048 1403.109 365.436
-2947.458 1401.402 364.991
-2936.688 1396.282 363.657
-2950.552 1341.169 350.866
-2943.311 1337.878 350.006
-2928.83 1331.296 348.284
-2941.443 1276.515 335.556
-2934.144 1273.348 334.724
-2923.196 1268.597 333.475
-2934.601 1214.112 320.801
-2927.246 1211.069 319.998
-2941.243 1158.174 307.729
-2926.426 1152.339 306.179
-2926.426 1152.339 306.179
-2931.859 1096.805 293.187
-2920.669 1092.619 292.068
-2920.669 1092.619 292.068
-2928.687 1038.781 279.507
-2939.951 1042.776 280.582
-2954.97 1048.103 282.015
-2965.895 995.152 269.697
-2943.226 987.546 267.635
-2920.557 979.939 265.574
-2926.418 926.512 253.083
-2918.818 924.105 252.425
-2931.258 873.189 240.604
-2923.615 870.912 239.977
-2919.793 869.774 239.663
-2931.24 818.918 227.844
-2915.873 814.625 226.65
-2904.347 811.405 225.754
-2918.591 761.896 214.285
-2910.869 759.881 213.718
-2903.149 757.865 213.151
-2908.676 706.503 201.141
-2904.798 705.561 200.874
-2900.92 704.619 200.605
-2909.354 654.314 188.88
-2901.565 652.562 188.374
-2901.565 652.562 188.374
-2912.961 603.133 176.889
-2905.141 601.514 176.414
-2901.231 600.704 176.177
-2923.47 553.519 165.351
-2923.47 553.519 165.351
-2913.403 500.357 152.73
-2909.466 499.681 152.523
-2905.528 499.004 152.317
-2906.274 448.32 140.409
-2906.274 448.32 140.409
-2902.326 447.711 140.218
-2890.253 395.6 127.821
-2898.172 396.683 128.17
-2904.981 347.363 116.657
-2901.012 346.888 116.498
-2893.076 345.939 116.178
-2894.999 296.308 104.533
-2894.999 296.308 104.533
-2891.023 295.901 104.389
-2896.025 246.722 92.886
-2896.025 246.722 92.886
-2892.042 246.383 92.759
-2896.158 197.196 81.244
-2896.158 197.196 81.244
-2892.169 196.925 81.132
-2891.404 147.542 69.512
-2891.404 147.542 69.512
-2901.741 98.658 58.143
-2909.735 98.93 58.303
-2917.729 99.202 58.463
-2927.201 49.744 46.949
-2939.197 49.948 47.142
-2935.199 49.88 47.077
-2927.945 0.0 17.886
-2931.945 0.0 17.91
-2931.945 0.0 17.91
-2931.571 -49.767 6.006
-2931.571 -49.767 6.006
-2927.572 -49.699 5.998
-2926.307 -99.383 -5.892
-2922.309 -99.247 -5.885
-2924.15 -149.037 -17.781
-2924.15 -149.037 -17.781
-2928.145 -149.24 -17.805
-2925.094 -198.917 -29.704
-2921.104 -198.645 -29.664
-2925.094 -198.917 -29.704
-2925.137 -248.871 -41.651
-2925.137 -248.871 -41.651
-2929.121 -249.21 -41.708
-2924.276 -298.885 -53.618
-2898.687 -346.098 -65.066
-2915.877 -398.488 -77.49
-2908.354 -447.912 -89.357
-2912.306 -448.52 -89.478
-2907.826 -498.55 -101.47
-2312.865 -396.543 -80.709
-2317.237 -437.959 -90.587
-2332.947 -440.928 -91.202
-2368.295 -447.609 -92.583
-2403.012 -496.626 -104.094
-2418.666 -499.862 -104.772
-2230.049 -500.572 -106.094
-2222.251 -498.822 -105.723
-2224.664 -539.277 -115.384
-2228.547 -540.218 -115.585
-2232.429 -541.16 -115.787
-2218.569 -577.95 -124.67
-2226.299 -579.964 -125.105
-2219.455 -618.723 -134.416
-2896.895 -861.021 -188.225
-2896.895 -861.021 -188.225
-2889.241 -858.746 -187.728
-2869.657 -906.434 -199.253
-2881.075 -910.04 -200.046
-2900.104 -916.051 -201.367
-2890.865 -967.648 -213.764
-2894.649 -968.915 -214.044
-2902.216 -971.448 -214.603
-2888.175 -1021.869 -226.747
-2884.414 -1020.538 -226.452
-2895.696 -1024.53 -227.339
-2888.152 -1077.683 -240.096
-2891.888 -1079.077 -240.407
-2899.36 -1081.865 -241.028
-2883.287 -1132.345 -253.199
-2883.287 -1132.345 -253.199
-2898.131 -1138.174 -254.502
-2881.022 -1188.686 -266.687
-2884.706 -1190.206 -267.028
-2866.638 -1240.543 -279.177
-2870.294 -1242.125 -279.534
-2873.95 -1243.707 -279.889
-2854.894 -1293.914 -292.013
-2858.521 -1295.558 -292.384
-2869.404 -1300.49 -293.497
-2856.495 -1354.081 -306.393
-2867.287 -1359.198 -307.551
-2870.886 -1360.903 -307.937
-2856.798 -1414.691 -320.887
-2874.631 -1423.522 -322.89
-2885.331 -1428.82 -324.092
-2873.462 -1484.849 -337.563
-2887.599 -1492.154 -339.225
-2891.134 -1493.98 -339.64
-2867.457 -1544.676 -351.909
-2870.959 -1546.562 -352.339
-2853.242 -1600.856 -365.431
-2856.708 -1602.801 -365.875
-2860.175 -1604.746 -366.32
-2844.741 -1661.025 -379.874
-2861.898 -1671.043 -382.165
-2868.761 -1675.051 -383.081
-2848.523 -1729.633 -396.259
-2858.709 -1735.818 -397.676
-2872.289 -1744.064 -399.565
-2850.7 -1798.866 -412.804
-2864.131 -1807.341 -414.748
-2877.562 -1815.816 -416.693
-2851.25 -1868.689 -429.499
-2861.208 -1875.216 -430.999
-2867.846 -1879.567 -431.999
-2843.592 -1934.607 -445.311
-2856.712 -1943.532 -447.365
-2866.552 -1950.227 -448.906
-2847.387 -2009.971 -463.312
-2866.823 -2023.691 -466.474
-2876.541 -2030.551 -468.056
-2852.529 -2088.383 -482.033
-2862.123 -2095.407 -483.654
-2836.78 -2153.198 -497.63
-2849.402 -2162.779 -499.844
-2855.712 -2167.569 -500.952
-2832.013 -2227.899 -515.525
-2844.462 -2237.692 -517.791
-2850.686 -2242.589 -518.924
-2834.623 -2310.584 -535.284
-2859.165 -2330.589 -539.919
-2871.436 -2340.592 -542.237
-2841.16 -2399.126 -556.42
-2850.228 -2406.783 -558.196
-2862.318 -2416.992 -560.564
-2830.487 -2475.562 -574.765
-2839.416 -2483.371 -576.579
-2851.321 -2493.783 -578.996
-2820.854 -2555.006 -593.825
-2844.289 -2576.231 -598.758
-2817.866 -2642.971 -614.88
-2840.916 -2664.591 -619.911
-2858.203 -2680.805 -623.683
-2823.896 -2742.6 -638.671
-2840.89 -2759.105 -642.515
-2852.22 -2770.109 -645.077
-2810.497 -2826.427 -658.801
-2818.845 -2834.822 -660.758
-2835.541 -2851.613 -664.671
-2803.133 -2919.155 -681.022
-2819.526 -2936.226 -685.005
-2835.919 -2953.297 -688.988
-2804.008 -3024.04 -706.102
-2825.454 -3047.168 -711.502
-2841.538 -3064.514 -715.552
-1753.193 -1958.34 -457.648
-1707.528 -1975.831 -462.11
-1689.5 -1954.97 -457.231
-1681.773 -1946.03 -455.14
-1641.595 -1968.185 -460.684
-1634.03 -1959.115 -458.561
-1621.422 -1943.998 -455.023
-1578.93 -1961.979 -459.583
-1571.529 -1952.783 -457.429
-1561.661 -1940.52 -454.556
-1519.405 -1957.364 -458.842
-1509.758 -1944.936 -455.929
-1467.598 -1960.776 -459.975
-1460.531 -1951.334 -457.76
-1453.464 -1941.892 -455.545
-1409.237 -1953.473 -458.585
-1409.237 -1953.473 -458.585
-1409.237 -1953.473 -458.585
-1369.52 -1970.597 -462.923
-1360.555 -1957.696 -459.892
-1349.348 -1941.57 -456.104
-1307.786 -1954.342 -459.413
-1299.053 -1941.291 -456.344
-1292.503 -1931.503 -454.044
-1255.554 -1949.801 -458.646
-1251.306 -1943.203 -457.094
-1214.212 -1960.764 -461.519
-1210.081 -1954.094 -459.95
-1205.952 -1947.425 -458.38
-1166.843 -1960.812 -461.821
-1156.818 -1943.966 -457.853
-1148.799 -1930.49 -454.679
-1110.123 -1942.843 -457.87
-1104.29 -1932.635 -455.464
-1102.346 -1929.233 -454.663
-1067.587 -1947.602 -459.268
-1067.587 -1947.602 -459.268
-1063.821 -1940.733 -457.648
-1025.219 -1951.514 -460.462
-1017.935 -1937.649 -457.19
-1008.83 -1920.317 -453.101
-968.967 -1926.611 -454.85
-967.209 -1923.115 -454.024
-929.184 -1932.14 -456.415
-929.184 -1932.14 -456.415
-927.489 -1928.614 -455.583
-887.867 -1933.354 -456.958
-884.603 -1926.246 -455.278
-881.338 -1919.138 -453.598
-843.652 -1926.596 -455.612
-842.084 -1923.015 -454.766
-842.084 -1923.015 -454.766
-805.966 -1933.361 -457.46
-799.952 -1918.933 -454.046
-796.944 -1911.719 -452.339
-761.1 -1921.276 -454.844
-759.66 -1917.644 -453.984
-756.783 -1910.38 -452.265
-719.659 -1915.576 -453.734
-718.286 -1911.92 -452.868
-681.271 -1916.417 -454.17
-679.964 -1912.739 -453.298
-677.348 -1905.382 -451.555
-643.071 -1916.542 -454.433
-641.83 -1912.842 -453.556
-640.588 -1909.143 -452.678
-607.424 -1923.398 -456.29
-605.074 -1915.957 -454.525
-599.199 -1897.356 -450.112
-564.522 -1905.321 -452.229
-565.629 -1909.061 -453.116
-565.076 -1907.191 -452.673
-528.699 -1908.929 -453.311
-526.618 -1901.414 -451.526
-526.618 -1901.414 -451.526
-491.944 -1908.128 -453.343
-490.485 -1902.466 -451.998
-455.831 -1908.56 -453.667
-455.379 -1906.664 -453.217
-454.474 -1902.874 -452.316
-420.27 -1910.251 -454.289
-421.106 -1914.056 -455.194
-419.851 -1908.348 -453.837
-385.169 -1913.228 -455.216
-384.4 -1909.409 -454.307
-382.863 -1901.771 -452.49
-348.688 -1907.933 -454.172
-347.988 -1904.102 -453.26
-346.938 -1898.355 -451.892
-312.197 -1900.065 -452.513
-311.882 -1898.144 -452.056
-311.251 -1894.302 -451.141
-276.938 -1897.323 -452.073
-276.657 -1895.397 -451.614
-242.363 -1897.827 -452.405
-242.363 -1897.827 -452.405
-241.377 -1890.104 -450.564
-207.006 -1889.998 -450.748
-207.43 -1893.867 -451.671
-207.43 -1893.867 -451.671
-172.711 -1889.301 -450.791
-172.711 -1889.301 -450.791
-172.711 -1889.301 -450.791
-138.502 -1888.017 -450.693
-138.645 -1889.958 -451.156
-138.645 -1889.958 -451.156
-104.497 -1888.091 -450.918
-104.605 -1890.034 -451.382
-104.605 -1890.034 -451.382
-70.676 -1891.475 -451.934
-70.604 -1889.531 -451.47
-70.531 -1887.587 -451.006
-36.651 -1888.45 -451.419
-36.613 -1886.505 -450.954
-2.756 -1886.792 -451.23
-2.756 -1886.792 -451.23
-2.754 -1884.847 -450.764
31.134 -1888.45 -451.833
31.165 -1890.394 -452.298
31.165 -1890.394 -452.298
65.083 -1889.531 -452.299
65.016 -1887.587 -451.834
65.083 -1889.531 -452.299
98.981 -1888.091 -452.161
98.879 -1886.149 -451.696
98.879 -1886.149 -451.696
132.712 -1884.136 -451.422
132.849 -1886.077 -451.887
132.849 -1886.077 -451.887
166.676 -1883.488 -451.474
166.676 -1883.488 -451.474
166.676 -1883.488 -451.474
200.246 -1878.391 -450.46
200.452 -1880.325 -450.924
234.649 -1880.451 -451.163
234.649 -1880.451 -451.163
234.649 -1880.451 -451.163
268.639 -1878.061 -450.799
268.363 -1876.135 -450.337
268.363 -1876.135 -450.337
302.305 -1873.169 -449.834
302.615 -1875.09 -450.296
302.615 -1875.09 -450.296
336.913 -1873.452 -450.113
337.601 -1877.283 -451.035
337.946 -1879.199 -451.495
371.624 -1873.13 -450.249
371.245 -1871.221 -449.79
371.624 -1873.13 -450.249
406.427 -1872.198 -450.238
407.667 -1877.906 -451.611
407.667 -1877.906 -451.611
442.206 -1874.444 -450.995
443.548 -1880.13 -452.362
477.71 -1874.156 -451.143
512.309 -1869.473 -450.234
1050.363 -3832.889 -923.091
1113.522 -3795.684 -914.579
1116.813 -3806.902 -917.282
1097.065 -3739.59 -901.063
1134.93 -3627.298 -874.439
1113.977 -3560.333 -858.296
1097.68 -3508.248 -845.74
1160.493 -3488.995 -841.519
1170.339 -3518.594 -848.658
1178.953 -3544.493 -854.905
687.49 -1844.29 -445.281
690.215 -1851.602 -447.047
728.351 -1852.27 -447.439
729.065 -1854.086 -447.878
798.824 -1929.754 -466.4
801.81 -1936.968 -468.145
806.289 -1947.789 -470.759
842.696 -1937.339 -468.482
845.811 -1944.501 -470.215
848.927 -1951.663 -471.947
882.218 -1933.354 -467.771
883.84 -1936.908 -468.631
885.462 -1940.462 -469.491
921.854 -1928.614 -466.88
923.539 -1932.14 -467.733
926.91 -1939.192 -469.44
959.841 -1919.618 -464.96
965.085 -1930.108 -467.501
970.331 -1940.598 -470.042
1010.462 -1934.182 -468.752
1017.706 -1948.047 -472.113
1017.706 -1948.047 -472.113
1052.532 -1930.428 -468.111
1056.278 -1937.298 -469.777
1096.709 -1929.233 -468.096
1098.643 -1932.635 -468.921
1100.578 -1936.038 -469.747
1139.168 -1923.752 -467.044
1139.168 -1923.752 -467.044
1137.173 -1920.383 -466.226
1177.654 -1910.744 -464.168
1185.875 -1924.083 -467.409
1194.095 -1937.421 -470.649
1235.053 -1926.707 -468.336
1237.168 -1930.006 -469.139
1239.283 -1933.305 -469.941
1280.339 -1921.715 -467.42
1282.512 -1924.978 -468.213
1284.686 -1928.241 -469.006
1325.818 -1915.768 -466.275
1332.515 -1925.444 -468.63
1341.443 -1938.345 -471.77
1382.923 -1924.792 -468.782
1389.792 -1934.352 -471.11
1429.018 -1916.714 -467.132
1429.018 -1916.714 -467.132
1433.711 -1923.008 -468.666
1472.84 -1904.546 -464.49
1472.84 -1904.546 -464.49
1477.646 -1910.76 -466.005
1511.744 -1885.34 -460.133
1521.577 -1897.602 -463.126
1516.661 -1891.471 -461.63
1545.383 -1859.345 -454.123
1552.921 -1868.415 -456.338
1547.895 -1862.369 -454.861
1575.983 -1829.804 -447.244
1570.85 -1823.844 -445.787
1575.983 -1829.804 -447.244
1611.237 -1805.665 -441.687
1624.336 -1820.346 -445.278
1637.437 -1835.026 -448.868
1678.172 -1815.58 -444.467
1691.534 -1830.035 -448.005
1696.878 -1835.817 -449.421
1737.776 -1815.225 -444.746
1745.947 -1823.761 -446.837
1789.549 -1804.996 -442.615
1797.871 -1813.391 -444.674
1803.421 -1818.988 -446.047
1847.128 -1799.058 -441.547
1866.899 -1818.314 -446.273
1892.318 -1843.071 -452.35
1945.263 -1829.541 -449.437
1956.757 -1840.351 -452.093
1968.25 -1851.161 -454.748
2015.824 -1830.69 -450.142
2021.667 -1835.996 -451.447
2030.431 -1843.956 -453.405
2084.042 -1827.386 -449.769
2095.917 -1837.799 -452.333
2104.823 -1845.608 -454.254
2152.749 -1822.315 -448.977
2167.824 -1835.076 -452.12
2185.914 -1850.39 -455.893
2252.504 -1840.465 -453.926
2264.746 -1850.468 -456.393
2258.625 -1845.467 -455.16
2306.977 -1819.043 -449.136
2331.816 -1838.629 -453.972
2589.366 -1831.612 -453.867
2648.089 -1805.187 -447.906
2667.729 -1818.575 -451.228
2674.276 -1823.038 -452.335
2729.838 -1792.55 -445.383
2759.654 -1812.128 -450.247
2786.157 -1829.532 -454.571
2848.796 -1800.985 -448.127
2862.202 -1809.46 -450.235
2878.959 -1820.054 -452.872
2948.532 -1793.541 -446.956
2989.202 -1818.279 -453.12
3405.54 -1762.459 -442.314
3433.772 -1777.07 -445.981
3511.52 -1741.43 -437.932
3550.695 -1760.858 -442.818
3589.87 -1780.285 -447.703
3650.1 -1732.679 -436.685
3689.618 -1751.438 -441.414
3743.508 -1777.019 -447.861
3818.391 -1732.891 -437.764
3840.127 -1742.755 -440.256
3914.732 -1696.252 -429.591
4231.689 -1748.067 -443.919
5791.512 -295.223 -105.984
5804.066 -197.137 -82.602
5804.066 -197.137 -82.602
5820.055 -197.68 -82.83
5782.868 -98.176 -58.805
5710.882 -96.954 -58.074
5655.894 0.0 -34.55
5583.896 0.0 -34.111
5519.897 0.0 -33.72
5455.203 92.609 -11.176
1611.804 509.118 111.915
1591.11 532.587 117.654
1583.543 530.053 117.094
1583.543 530.053 117.094
1568.188 554.843 123.117
1560.668 552.182 122.527
1560.668 552.182 122.527
1554.296 579.969 129.211
1558.032 581.363 129.521
1561.768 582.757 129.832
1554.823 610.621 136.539
1556.679 611.35 136.701
1549.194 639.185 143.404
1554.72 641.465 143.915
1554.72 641.465 143.915
1546.668 669.323 150.628
1552.152 671.697 151.161
1555.809 673.279 151.518
1545.342 700.39 158.066
1550.784 702.857 158.622
1554.412 704.501 158.994
1543.371 731.613 165.545
1548.767 734.171 166.123
1552.365 735.877 166.509
1542.528 763.863 173.263
1546.095 765.629 173.664
1551.444 768.278 174.264
1542.762 797.216 181.238
1548.064 799.955 181.861
1537.013 827.977 188.631
1544.015 831.749 189.49
1549.267 834.578 190.134
1539.294 863.645 197.147
1544.494 866.563 197.813
1547.961 868.508 198.257
1535.61 896.633 205.058
1540.758 899.638 205.746
1545.905 902.644 206.434
1534.604 931.817 213.48
1539.696 934.909 214.188
1546.487 939.032 215.132
1534.476 968.294 222.204
1537.833 970.413 222.69
1539.513 971.472 222.933
1526.862 1000.695 229.999
1520.224 996.344 229.0
1523.543 998.52 229.5
1526.75 1038.708 239.091
1526.75 1038.708 239.091
1523.47 1036.476 238.577
1527.353 1078.159 248.523
1553.268 1096.452 252.739
1562.986 1103.312 254.321
1549.384 1134.329 261.822
1552.582 1136.67 262.363
1538.298 1167.613 269.85
1544.609 1172.403 270.957
1552.498 1178.391 272.34
1540.491 1211.879 280.423
1543.603 1214.327 280.99
1551.383 1220.448 282.405
1538.488 1254.067 290.525
1547.692 1261.569 292.263
1555.361 1267.821 293.711
1536.946 1297.825 301.0
1525.368 1334.096 309.745
1523.88 1332.794 309.443
1529.832 1338.001 310.652
1520.273 1376.997 320.036
1534.919 1390.263 323.12
1540.778 1395.569 324.353
1521.302 1426.88 331.96
1529.946 1434.987 333.846
1515.331 1471.706 342.717
1526.66 1482.71 345.28
1537.99 1493.713 347.842
1522.121 1530.748 356.797
1530.468 1539.143 358.753
1538.816 1547.539 360.71
1516.315 1579.075 368.389
1524.511 1587.611 370.381
1535.439 1598.991 373.036
1514.593 1633.444 381.403
1525.316 1645.008 384.104
1541.4 1662.354 388.153
1521.888 1699.968 397.269
1524.516 1702.904 397.955
1532.402 1711.712 400.013
1516.944 1755.301 410.532
1534.972 1776.162 415.411
1545.273 1788.082 418.199
1518.035 1820.042 426.009
1520.556 1823.065 426.716
1528.121 1832.135 428.839
1507.385 1873.077 438.758
1519.72 1888.405 442.348
1536.99 1909.864 447.374
1507.347 1941.829 455.201
1514.581 1951.15 457.386
1507.645 2014.28 472.526
1521.779 2033.164 476.956
1528.847 2042.606 479.172
1498.895 2077.755 487.761
1510.39 2093.689 491.501
1531.08 2122.37 498.234
1508.49 2170.559 509.897
1515.215 2180.235 512.17
1526.421 2196.361 515.958
1499.915 2241.457 526.905
1513.014 2261.033 531.507
1528.297 2283.872 536.876
1506.24 2339.101 550.219
1516.862 2355.597 554.099
1527.485 2372.093 557.98
1497.114 2417.608 569.05
1509.504 2437.616 573.76
1528.09 2467.628 580.824
1499.654 2520.081 593.543
1509.678 2536.927 597.51
1477.571 2585.921 609.423
1487.292 2602.933 613.433
1504.79 2633.556 620.65
1481.818 2703.286 637.467
1494.999 2727.33 643.137
1500.647 2737.635 645.567
1202.855 2391.655 564.642
1081.788 2249.462 531.374
1073.31 2231.833 527.209
1081.788 2249.462 531.374
1065.767 2320.736 548.518
1027.124 2345.577 554.695
939.792 2254.386 533.419
942.799 2261.6 535.126
951.822 2283.242 540.247
919.361 2320.785 549.424
898.336 2527.023 598.877
847.91 2527.024 599.185
854.118 2545.523 603.571
856.601 2552.923 605.326
801.282 2537.249 601.915
793.058 2511.206 595.737
740.139 2498.046 592.913
731.275 2468.129 585.812
721.303 2434.473 577.824
677.526 2446.285 580.916
681.689 2461.316 584.485
686.892 2480.105 588.947
648.141 2513.973 597.284
647.167 2510.199 596.387
648.141 2513.973 597.284
604.757 2532.111 601.886
603.851 2528.32 600.986
606.568 2539.692 603.689
563.429 2560.954 609.037
615.335 2796.881 665.145
566.606 2814.468 669.648
565.042 3091.771 735.978
563.642 3084.109 734.154
571.345 3126.252 744.186
515.805 3139.238 747.631
516.436 3143.081 748.546
458.282 3139.733 748.1
456.034 3124.323 744.429
455.471 3120.471 743.511
398.925 3123.788 744.65
398.433 3119.927 743.729
398.433 3119.927 743.729
343.668 3137.744 748.325
344.94 3149.351 751.093
345.787 3157.089 752.939
288.737 3158.524 753.63
288.737 3158.524 753.63
288.737 3158.524 753.63
231.453 3155.104 753.162
230.314 3139.581 749.456
230.599 3143.461 750.383
174.592 3154.589 753.387
174.378 3150.704 752.459
174.162 3146.819 751.531
117.238 3137.554 749.663
116.656 3122.002 745.947
60.393 3111.76 743.841
60.242 3103.981 741.982
60.317 3107.871 742.911
4.552 3116.125 745.226
4.547 3112.234 744.296
4.547 3112.234 744.296
-51.301 3111.76 744.523
-51.301 3111.76 744.523
-51.237 3107.871 743.593
-106.864 3102.563 742.663
-106.999 3106.451 743.593
-107.534 3122.002 747.317
-163.135 3111.854 745.229
-162.728 3104.084 743.368
-162.931 3107.969 744.298
-218.135 3096.892 741.986
-217.861 3093.011 741.057
-217.588 3089.13 740.127
-274.363 3100.391 743.167
-274.707 3104.267 744.096
-330.788 3102.923 744.118
-330.788 3102.923 744.118
-329.963 3095.185 742.261
-385.943 3092.898 742.056
-386.907 3100.62 743.909
-386.907 3100.62 743.909
-441.395 3085.799 740.697
-441.945 3089.651 741.623
-442.496 3093.504 742.547
-499.191 3093.13 742.803
-501.051 3104.657 745.572
-502.911 3116.184 748.34
-559.454 3110.927 747.428
-560.143 3114.758 748.349
-562.21 3126.252 751.11
-618.237 3116.155 749.038
-618.237 3116.155 749.038
-619.752 3123.793 750.874
-674.075 3105.109 746.737
-674.9 3108.914 747.653
-731.496 3100.699 746.033
-729.708 3093.117 744.209
-732.391 3104.489 746.945
-792.816 3110.381 748.723
-793.778 3114.156 749.632
-790.891 3102.832 746.906
-848.529 3096.373 745.713
-848.529 3096.373 745.713
-849.558 3100.131 746.619
-908.37 3096.38 746.081
-907.273 3092.641 745.18
-908.37 3096.38 746.081
-964.981 3084.133 743.498
-963.817 3080.413 742.6
-966.145 3087.854 744.395
-1025.123 3082.007 743.356
-1026.354 3085.707 744.248
-1027.584 3089.407 745.141
-1085.484 3078.774 742.952
-1086.78 3082.453 743.84
-1085.484 3078.774 742.952
-1196.464 3209.687 774.939
-1197.826 3213.342 775.822
-1256.762 3196.073 772.051
-1265.331 3217.865 777.316
-1324.405 3199.424 773.266
-1307.981 3159.747 763.676
-1281.105 3094.821 747.985
-1327.13 3051.041 737.796
-1328.688 3054.622 738.661
-1333.36 3065.365 741.259
-1406.035 3081.283 745.51
-1417.387 3106.161 751.529
-1417.387 3106.161 751.529
-1472.944 3081.552 745.984
-1472.944 3081.552 745.984
-1474.629 3085.078 746.837
-1533.297 3066.494 742.75
-1533.297 3066.494 742.75
-1531.549 3062.997 741.903
-1589.939 3043.391 737.571
-1597.182 3057.256 740.931
-1598.993 3060.722 741.771
-1659.33 3043.343 737.984
-1666.822 3057.083 741.316
-1729.203 3041.859 738.056
-1733.072 3048.664 739.706
-1729.203 3041.859 738.056
-1801.522 3042.291 738.601
-1849.403 3123.149 758.231
-1881.323 3177.054 771.319
-1940.149 3147.893 764.703
-1948.369 3161.231 767.943
-1938.094 3144.558 763.893
-1962.551 3061.616 744.206
-1960.436 3058.317 743.404
-1977.355 3084.711 749.82
-2034.63 3053.863 742.793
-2036.803 3057.126 743.586
-2047.672 3073.439 747.553
-2115.953 3057.489 744.156
-2118.185 3060.714 744.941
-2118.185 3060.714 744.941
-2175.127 3027.404 737.323
-2186.575 3043.338 741.204
-2250.293 3018.273 735.598
-2254.986 3024.568 737.133
-2259.679 3030.863 738.666
-2325.791 3007.505 733.484
-2342.61 3029.253 738.788
-2352.22 3041.681 741.819
-2423.708 3022.674 737.71
-2438.457 3041.068 742.199
-2455.663 3062.527 747.437
-2512.818 3023.326 738.41
-2512.818 3023.326 738.41
-2497.741 3005.186 733.979
-2523.114 2929.475 716.028
-2494.88 2896.694 708.015
-2466.646 2863.912 700.003
-2507.242 2809.792 687.308
-2504.623 2806.856 686.589
-2502.002 2803.92 685.871
-2560.014 2769.627 678.024
-2568.031 2778.3 680.147
-2633.901 2751.289 674.089
-2655.692 2774.051 679.666
-2674.758 2793.967 684.546
-2738.425 2762.063 677.305
-2752.297 2776.055 680.735
-2763.395 2787.249 683.48
-2832.828 2759.105 677.174
-2844.126 2770.109 679.874
-2846.951 2772.859 680.55
-2919.331 2745.663 674.488
-2942.318 2767.283 679.798
-2948.065 2772.688 681.126
-3009.128 2732.769 671.952
-3026.658 2748.688 675.866
-3020.815 2743.381 674.562
-3045.907 2670.795 657.356
-3034.033 2660.383 654.792
-3016.221 2644.764 650.948
-3045.204 2577.785 635.107
-3036.159 2570.128 633.22
-3066.588 2505.633 617.981
-3051.286 2493.13 614.898
-3032.923 2478.126 611.197
-3055.27 2409.069 594.818
-3030.431 2389.483 589.982
-3018.01 2379.69 587.564
-3041.437 2313.67 571.918
-3022.545 2299.299 568.365
-3013.1 2292.114 566.589
-3034.7 2226.516 551.033
-3021.935 2217.151 548.715
-3012.363 2210.128 546.977
-3038.707 2149.457 532.628
-3025.777 2140.311 530.361
-3016.078 2133.451 528.662
-3031.064 2066.258 512.683
-3014.697 2055.101 509.915
-3004.877 2048.407 508.254
-3014.749 1979.636 491.867
-2998.184 1968.759 489.164
-3023.075 1911.163 475.542
-3009.669 1902.687 473.433
-2996.263 1894.212 471.324
-3019.703 1836.833 457.745
-3009.536 1830.649 456.204
-2995.98 1822.402 454.148
-3018.023 1765.215 440.606
-3000.894 1755.197 438.105
-2990.617 1749.186 436.605
-3011.24 1692.277 423.12
-3000.856 1686.442 421.662
-2983.551 1676.716 419.23
-3002.77 1620.118 405.811
-2999.275 1618.232 405.339
-2988.787 1612.574 403.922
-2974.994 1539.64 386.394
-2943.233 1523.203 382.269
-2966.629 1471.208 369.977
-2955.945 1465.91 368.645
-2941.7 1458.845 366.869
-2960.317 1405.243 354.162
-2945.946 1398.422 352.443
-2935.169 1393.305 351.153
-2956.174 1341.593 338.914
-2945.305 1336.661 337.668
-2930.814 1330.084 336.007
-2943.353 1275.354 322.994
-2936.049 1272.189 322.193
-2921.441 1265.86 320.59
-2943.785 1216.047 308.813
-2936.424 1213.007 308.041
-2921.705 1206.927 306.497
-2942.991 1157.12 294.715
-2928.164 1151.29 293.23
-2909.631 1144.004 291.374
-2922.325 1091.624 278.926
-2918.593 1090.23 278.569
-2934.027 1039.166 266.451
-2945.297 1043.158 267.474
-2952.811 1045.819 268.157
-2967.42 994.246 255.912
-2944.74 986.647 253.955
-2922.058 979.047 251.999
-2931.649 926.871 239.58
-2924.045 924.466 238.958
-2927.847 925.668 239.269
-2936.437 873.532 226.852
-2917.32 867.845 225.375
-2909.673 865.57 224.784
-2917.148 813.883 212.469
-2909.46 811.739 211.909
-2923.655 762.21 200.15
-2935.242 765.23 200.943
-2923.655 762.21 200.15
-2921.441 708.684 187.335
-2917.562 707.743 187.087
-2913.681 706.801 186.838
-2922.097 656.344 174.822
-2906.512 652.844 173.889
-2902.616 651.969 173.656
-2910.034 601.775 161.697
-2906.123 600.966 161.48
-2902.211 600.157 161.262
-2904.759 549.304 149.116
-2906.369 498.55 136.987
-2906.369 498.55 136.987
-2902.431 497.875 136.802
-2907.045 447.912 124.881
-2899.146 446.695 124.542
-2902.832 396.864 112.646
-2894.912 395.781 112.339
-2886.992 394.698 112.032
-2890.952 395.24 112.186
-2893.706 345.624 100.336
-2893.706 345.624 100.336
-2893.706 345.624 100.336
-2899.539 296.445 88.611
-2895.561 296.039 88.489
-2891.584 295.632 88.367
-2900.504 246.837 76.751
-2900.504 246.837 76.751
-2896.52 246.498 76.646
-2896.584 197.017 64.813
-2896.584 197.017 64.813
-2895.756 147.612 52.992
-2895.756 147.612 52.992
-2895.756 147.612 52.992
-2906.031 98.704 41.359
-2914.025 98.976 41.472
-2918.022 99.112 41.529
-2915.429 49.495 29.647
-2923.428 49.631 29.729
-2927.427 49.699 29.769
-2927.314 0.0 63.363
-2931.313 0.0 63.45
-2931.313 0.0 63.45
-2931.054 -50.431 54.776
-2927.056 -50.363 54.701
-2927.056 -50.363 54.701
-2925.905 -100.71 46.024
-2925.905 -100.71 46.024
-2925.905 -100.71 46.024
-2923.864 -151.026 37.331
-2923.864 -151.026 37.331
-2927.859 -151.233 37.382
-2924.923 -201.572 28.667
-2928.913 -201.847 28.706
-2928.913 -201.847 28.706
-2921.096 -251.85 19.942
-2925.081 -252.193 19.97
-2924.336 -302.875 11.243
-2914.745 -352.64 2.482
-2916.168 -403.808 -6.281
-2908.761 -453.891 -15.05
-2912.713 -454.508 -15.07
-2313.282 -401.837 -18.992
-2313.282 -401.837 -18.992
-2329.533 -446.062 -26.241
-2219.648 -464.733 -31.829
-2222.923 -505.48 -38.761
-2226.823 -506.367 -38.83
-2226.823 -506.367 -38.83
-2225.429 -546.476 -45.754
-2229.313 -547.43 -45.834
-2233.197 -548.383 -45.914
-2227.157 -587.706 -52.802
-2224.252 -628.069 -59.802
-2901.533 -819.315 -78.012
-2894.429 -871.362 -87.111
-2890.6 -870.209 -86.996
-2898.257 -872.514 -87.226
-2893.978 -925.843 -96.485
-2897.785 -927.061 -96.611
-2873.544 -974.148 -105.229
-2884.903 -977.999 -105.645
-2903.832 -984.416 -106.339
-2889.911 -1035.51 -115.421
-2901.199 -1039.555 -115.872
-2904.962 -1040.903 -116.023
-2886.276 -1090.656 -124.978
-2890.016 -1092.069 -125.14
-2897.493 -1094.894 -125.464
-2881.566 -1145.984 -134.589
-2885.279 -1147.461 -134.763
-2892.706 -1150.414 -135.109
-2875.77 -1201.473 -144.252
-2879.457 -1203.013 -144.436
-2883.144 -1204.553 -144.622
-2868.883 -1257.102 -153.962
-2876.201 -1260.309 -154.355
-2879.86 -1261.913 -154.551
-2853.634 -1309.52 -163.301
-2868.157 -1316.184 -164.132
-2866.205 -1375.613 -174.389
-2877.008 -1380.798 -175.045
-2887.81 -1385.982 -175.703
-2870.157 -1438.945 -185.188
-2880.866 -1444.314 -185.879
-2891.576 -1449.683 -186.57
-2876.269 -1504.67 -196.352
-2883.344 -1508.371 -196.835
-2886.882 -1510.222 -197.077
-2866.899 -1563.385 -206.647
-2873.909 -1567.207 -207.151
-2880.918 -1571.03 -207.656
-2856.321 -1622.225 -216.988
-2863.262 -1626.167 -217.516
-2873.673 -1632.081 -218.307
-2854.831 -1687.259 -228.198
-2868.573 -1695.38 -229.297
-2885.75 -1705.532 -230.669
-2865.497 -1761.078 -240.655
-2875.695 -1767.345 -241.51
-2854.236 -1822.879 -251.52
-2864.322 -1829.32 -252.409
-2874.408 -1835.761 -253.297
-2851.624 -1891.43 -263.358
-2864.919 -1900.248 -264.586
-2878.212 -1909.066 -265.814
-2850.728 -1962.693 -275.626
-2860.581 -1969.476 -276.579
-2877.002 -1980.782 -278.167
-2854.656 -2039.12 -288.677
-2867.631 -2048.388 -289.988
-2877.363 -2055.34 -290.973
-2853.531 -2113.888 -301.551
-2863.139 -2121.006 -302.566
-2872.746 -2128.123 -303.582
-2844.297 -2184.368 -313.865
-2856.938 -2194.076 -315.26
-2866.419 -2201.358 -316.306
-2842.778 -2262.601 -327.344
-2864.598 -2279.967 -329.856
-2883.3 -2294.853 -332.01
-2860.855 -2359.166 -343.549
-2873.145 -2369.302 -345.026
-2840.028 -2425.979 -355.483
-2852.14 -2436.325 -356.999
-2864.25 -2446.67 -358.515
-2829.626 -2503.332 -369.003
-2841.552 -2513.883 -370.558
-2856.461 -2527.073 -372.502
-2823.208 -2586.424 -383.423
-2834.947 -2597.178 -385.018
-2861.359 -2621.376 -388.605
-2843.566 -2697.422 -402.06
-2855.113 -2708.376 -403.693
-2872.434 -2724.807 -406.142
-2840.969 -2790.361 -418.09
-2849.483 -2798.724 -419.343
-2857.997 -2807.087 -420.596
-2816.413 -2864.157 -431.305
-2833.145 -2881.172 -433.867
-2801.051 -2949.473 -446.301
-2820.218 -2969.655 -449.355
-2842.122 -2992.72 -452.844
-2805.008 -3058.548 -464.962
-2826.503 -3081.985 -468.525
-2842.624 -3099.563 -471.197
-1738.892 -1963.655 -299.858
-1730.988 -1954.729 -298.495
-1685.901 -1972.007 -302.44
-1678.156 -1962.947 -301.051
-1638.198 -1985.267 -305.751
-1630.615 -1976.076 -304.336
-1617.974 -1960.758 -301.977
-1578.17 -1981.957 -306.482
-1573.223 -1975.744 -305.521
-1560.855 -1960.211 -303.119
-1513.921 -1970.899 -305.972
-1506.665 -1961.453 -304.505
-1506.665 -1961.453 -304.505
-1459.994 -1971.004 -307.157
-1445.819 -1951.868 -304.175
-1445.819 -1951.868 -304.175
-1404.218 -1966.632 -307.613
-1397.3 -1956.944 -306.099
-1362.531 -1980.561 -310.91
-1353.538 -1967.488 -308.857
-1344.543 -1954.415 -306.805
-1303.253 -1967.205 -309.898
-1294.491 -1953.98 -307.814
-1292.301 -1950.674 -307.293
-1253.388 -1965.799 -310.735
-1246.993 -1955.77 -309.15
-1244.861 -1952.426 -308.621
-1206.041 -1966.663 -311.908
-1197.752 -1953.146 -309.765
-1193.608 -1946.388 -308.693
-1153.006 -1956.26 -311.268
-1146.969 -1946.018 -309.639
-1142.945 -1939.19 -308.552
-1108.511 -1958.434 -312.605
-1106.56 -1954.986 -312.055
-1104.609 -1951.538 -311.505
-1064.289 -1959.678 -313.776
-1056.727 -1945.755 -311.547
-1014.872 -1949.464 -313.09
-1011.215 -1942.439 -311.962
-1007.558 -1935.414 -310.834
-969.671 -1945.243 -313.343
-964.373 -1934.613 -311.631
-962.606 -1931.07 -311.061
-926.629 -1943.64 -314.0
-924.926 -1940.068 -313.423
-923.222 -1936.495 -312.845
-885.577 -1944.757 -315.08
-882.297 -1937.554 -313.913
-877.377 -1926.75 -312.162
-841.612 -1937.799 -314.836
-836.884 -1926.912 -313.067
-801.184 -1937.238 -315.614
-799.672 -1933.583 -315.019
-801.184 -1937.238 -315.614
-763.922 -1943.242 -317.453
-761.028 -1935.882 -316.25
-759.582 -1932.201 -315.649
-721.161 -1933.738 -316.745
-718.398 -1926.329 -315.531
-717.017 -1922.625 -314.924
-681.599 -1930.817 -317.099
-681.599 -1930.817 -317.099
-678.968 -1923.362 -315.875
-643.606 -1930.878 -317.933
-642.356 -1927.129 -317.314
-640.482 -1921.505 -316.389
-601.673 -1917.029 -316.46
-598.715 -1907.604 -314.903
-566.006 -1921.281 -317.962
-567.122 -1925.071 -318.59
-566.564 -1923.176 -318.276
-530.892 -1926.795 -319.67
-528.793 -1919.18 -318.406
-529.318 -1921.084 -318.723
-495.751 -1931.687 -321.272
-493.297 -1922.124 -319.681
-492.315 -1918.299 -319.045
-458.767 -1928.275 -321.485
-456.938 -1920.593 -320.205
-455.111 -1912.91 -318.924
-421.204 -1920.326 -320.932
-420.781 -1918.398 -320.61
-419.512 -1912.614 -319.643
-385.225 -1917.483 -321.223
-384.836 -1915.548 -320.898
-384.447 -1913.613 -320.574
-348.763 -1910.108 -320.745
-348.053 -1906.225 -320.092
-313.954 -1909.854 -321.454
-313.315 -1905.961 -320.799
-312.674 -1902.067 -320.144
-278.686 -1905.083 -321.397
-278.401 -1903.131 -321.068
-278.401 -1903.131 -321.068
-244.682 -1907.509 -322.551
-244.682 -1907.509 -322.551
-244.682 -1907.509 -322.551
-210.673 -1909.346 -323.603
-210.241 -1905.425 -322.938
-210.024 -1903.465 -322.606
-176.306 -1906.667 -323.886
-176.489 -1908.63 -324.22
-176.306 -1906.667 -323.886
-142.241 -1905.355 -324.398
-142.241 -1905.355 -324.398
-142.241 -1905.355 -324.398
-108.496 -1907.39 -325.478
-108.272 -1903.453 -324.806
-74.564 -1904.904 -325.785
-74.64 -1906.874 -326.122
-74.795 -1910.814 -326.796
-40.916 -1909.717 -327.34
-40.874 -1907.746 -327.003
-40.832 -1905.775 -326.665
-7.044 -1894.239 -325.414
-6.948 -1868.614 -321.012
-6.831 -1837.076 -315.593
25.473 -1821.03 -313.535
25.473 -1821.03 -313.535
25.445 -1819.059 -313.196
57.461 -1812.318 -312.73
57.586 -1816.258 -313.41
57.524 -1814.288 -313.07
89.639 -1812.906 -313.527
89.541 -1810.938 -313.187
121.198 -1803.107 -312.526
121.198 -1803.107 -312.526
121.331 -1805.073 -312.867
153.444 -1804.559 -313.474
153.278 -1802.595 -313.133
153.111 -1800.632 -312.792
184.774 -1795.648 -312.621
184.774 -1795.648 -312.621
185.177 -1799.568 -313.303
217.967 -1803.819 -314.744
443.732 -1780.595 -315.638
1054.563 -3933.557 -698.894
1115.405 -3884.247 -691.736
1108.876 -3861.51 -687.687
1089.288 -3793.299 -675.539
1127.47 -3679.489 -656.805
1111.297 -3626.709 -647.384
1096.279 -3577.699 -638.634
1154.636 -3543.068 -633.945
1235.294 -3574.621 -641.114
679.7 -1859.648 -334.333
679.7 -1859.648 -334.333
713.274 -1849.393 -333.298
718.242 -1862.274 -335.619
786.776 -1937.238 -349.986
794.199 -1955.514 -353.289
797.168 -1962.824 -354.609
833.396 -1952.314 -353.587
834.946 -1955.943 -354.244
838.044 -1963.201 -355.559
877.567 -1959.162 -355.72
879.18 -1962.764 -356.373
880.793 -1966.365 -357.027
915.528 -1950.786 -355.102
918.881 -1957.932 -356.402
920.559 -1961.505 -357.053
955.204 -1945.243 -355.008
955.204 -1945.243 -355.008
993.164 -1935.414 -354.14
996.769 -1942.439 -355.426
1000.374 -1949.464 -356.711
1036.664 -1935.312 -355.064
1040.393 -1942.274 -356.342
1049.715 -1959.678 -359.534
1090.095 -1951.538 -359.01
1092.021 -1954.986 -359.644
1092.021 -1954.986 -359.644
1124.549 -1932.362 -356.459
1128.523 -1939.19 -357.719
1132.497 -1946.018 -358.979
1166.85 -1926.113 -356.302
1175.038 -1939.63 -358.801
1183.226 -1953.146 -361.302
1219.808 -1935.71 -359.097
1226.128 -1945.74 -360.957
1234.555 -1959.113 -363.438
1273.462 -1944.062 -361.694
1273.462 -1944.062 -361.694
1273.462 -1944.062 -361.694
1312.216 -1928.269 -359.818
1316.664 -1934.805 -361.038
1321.112 -1941.342 -362.258
1362.211 -1927.881 -360.834
1366.774 -1934.339 -362.042
1412.593 -1926.353 -361.662
1421.949 -1939.11 -364.057
1426.626 -1945.489 -365.254
1465.733 -1926.821 -362.892
1468.128 -1929.969 -363.485
1470.524 -1933.118 -364.078
1507.068 -1910.507 -360.983
1511.97 -1916.72 -362.157
1516.871 -1922.933 -363.331
1563.307 -1911.739 -362.412
1558.296 -1905.611 -361.251
1543.264 -1887.229 -357.766
1571.421 -1854.23 -352.704
1566.303 -1848.19 -351.555
1568.862 -1851.21 -352.129
1604.111 -1826.794 -348.696
1604.111 -1826.794 -348.696
1617.173 -1841.67 -351.536
1673.621 -1839.816 -352.438
1684.281 -1851.535 -354.684
1689.611 -1857.394 -355.806
1730.496 -1836.573 -353.112
1733.212 -1839.456 -353.666
1773.928 -1817.747 -350.817
1790.532 -1834.762 -354.101
1796.067 -1840.433 -355.195
1839.762 -1820.285 -352.678
1859.484 -1839.799 -356.458
1882.022 -1862.099 -360.779
1929.156 -1843.01 -358.519
1937.756 -1851.225 -360.117
1949.221 -1862.179 -362.248
1996.591 -1841.684 -359.75
1999.507 -1844.373 -360.275
2016.995 -1860.505 -363.427
2076.414 -1849.142 -362.76
2088.262 -1859.693 -364.83
2100.111 -1870.245 -366.9
2145.071 -1844.055 -363.372
2154.096 -1851.814 -364.901
2163.122 -1859.573 -366.43
2217.231 -1839.693 -364.184
2238.609 -1857.431 -367.695
2283.69 -1828.44 -363.688
2532.954 -1818.987 -367.459
2555.542 -1835.208 -370.736
2581.355 -1853.745 -374.481
2627.016 -1817.978 -369.322
2643.353 -1829.284 -371.618
2669.493 -1847.373 -375.294
2725.114 -1816.478 -371.187
2754.878 -1836.318 -375.242
2813.913 -1805.702 -371.257
3200.837 -1752.596 -370.505
3263.667 -1786.998 -377.778
3856.987 -1776.016 -388.733
4201.762 -1847.171 -408.425
140.69 -56.118 -12.691
5845.482 -302.053 -178.442
5826.336 -200.594 -160.59
5834.328 -200.869 -160.811
5850.313 -201.42 -161.251
5789.391 -99.624 -142.437
5717.424 -98.386 -140.666
5654.675 0.0 -122.398
5606.687 0.0 -121.359
5534.215 95.221 -103.425
1624.054 519.568 54.146
1608.824 514.696 53.638
1588.211 538.413 58.16
1584.425 537.129 58.022
1584.425 537.129 58.022
1572.894 563.598 62.821
1565.369 560.901 62.519
1563.486 560.227 62.445
1557.169 588.417 67.427
1559.038 589.124 67.508
1562.776 590.537 67.67
1555.897 618.772 72.672
1559.611 620.249 72.844
1552.178 648.487 77.858
1555.865 650.028 78.044
1559.552 651.568 78.229
1551.538 679.862 83.266
1553.368 680.663 83.363
1557.027 682.267 83.56
1548.441 710.573 88.611
1553.887 713.072 88.922
1559.333 715.571 89.234
1548.327 743.108 94.205
1550.127 743.972 94.315
1553.729 745.7 94.534
1543.958 774.059 99.619
1547.528 775.849 99.849
1552.883 778.534 100.195
1546.038 808.783 105.542
1549.576 810.634 105.783
1554.883 813.41 106.146
1543.85 841.896 111.281
1550.859 845.718 111.786
1540.955 875.174 117.063
1546.161 878.13 117.458
1549.631 880.102 117.722
1539.067 909.617 123.024
1544.22 912.663 123.435
1549.373 915.708 123.847
1536.423 944.255 129.034
1543.221 948.433 129.605
1550.02 952.612 130.176
1536.38 981.22 135.388
1539.741 983.367 135.684
1543.103 985.514 135.98
1528.843 1014.053 141.194
1547.122 1026.178 142.883
1550.446 1028.382 143.189
1523.891 1049.181 147.339
1523.891 1049.181 147.339
1541.955 1061.618 149.085
1545.731 1104.137 156.311
1555.463 1111.088 157.296
1565.195 1118.04 158.28
1550.066 1148.285 163.805
1554.87 1151.844 164.313
1540.661 1183.199 170.01
1545.401 1186.84 170.533
1551.722 1191.694 171.231
1538.279 1224.335 177.132
1544.513 1229.297 177.85
1550.747 1234.259 178.567
1537.978 1268.273 184.69
1548.733 1277.142 185.981
1556.415 1283.478 186.904
1539.61 1315.15 192.711
1529.013 1306.098 191.385
1529.013 1306.098 191.385
1517.681 1342.672 197.916
1526.627 1350.586 199.083
1532.59 1355.862 199.861
1523.123 1395.378 206.857
1537.797 1408.821 208.85
1543.666 1414.199 209.648
1530.04 1451.405 216.337
1538.7 1459.62 217.562
1547.362 1467.835 218.786
1532.591 1505.29 225.543
1543.943 1516.44 227.214
1525.325 1551.182 233.588
1530.902 1556.854 234.442
1536.479 1562.525 235.296
1516.894 1597.271 241.691
1527.846 1608.803 243.437
1538.798 1620.336 245.182
1520.723 1658.178 252.077
1528.783 1666.967 253.413
1542.217 1681.615 255.64
1522.847 1719.685 262.602
1528.117 1725.636 263.511
1536.022 1734.562 264.874
1518.085 1775.712 272.335
1528.412 1787.792 274.188
1538.74 1799.872 276.041
1519.378 1841.274 283.575
1524.435 1847.401 284.519
1532.02 1856.592 285.934
1513.856 1901.187 293.992
1516.33 1904.294 294.473
1518.804 1907.4 294.953
1501.829 1955.157 303.528
1528.431 1989.789 308.904
1550.197 2018.125 313.303
1526.143 2060.305 321.074
1533.23 2069.873 322.565
1503.366 2105.491 329.334
1514.895 2121.638 331.859
1533.341 2147.472 335.9
1510.926 2196.265 344.771
1519.919 2209.338 346.824
1531.16 2225.68 349.389
1504.764 2271.378 357.814
1517.905 2291.216 360.939
1533.238 2314.359 364.586
1509.181 2366.983 374.15
1521.971 2387.042 377.321
1532.629 2403.758 379.963
1502.37 2449.881 388.545
1512.732 2466.776 391.226
1525.165 2487.051 394.441
1497.097 2540.065 404.16
1511.182 2563.964 407.963
1525.268 2587.862 411.765
1492.978 2637.679 421.026
1457.49 2683.679 429.7
1192.246 2290.181 367.81
1184.931 2276.131 365.554
1123.334 2253.506 362.999
1114.504 2235.789 360.145
1079.932 2265.199 365.948
1086.746 2279.49 368.257
1090.152 2286.636 369.411
1054.493 2315.701 375.178
1052.853 2312.099 374.595
1049.573 2304.897 373.428
1008.674 2322.455 377.331
1007.098 2318.827 376.741
1082.353 2617.099 426.377
1004.094 2554.186 417.258
942.207 2526.455 413.831
856.604 2426.568 398.517
812.88 2589.968 427.547
817.613 2605.048 430.036
744.627 2527.603 418.306
694.566 2520.827 418.224
689.32 2501.788 415.066
688.271 2497.98 414.434
648.893 2528.407 420.516
651.839 2539.882 422.425
652.82 2543.707 423.061
609.556 2562.071 427.153
570.063 2598.996 434.354
634.397 3157.752 528.996
577.726 3164.101 531.314
574.891 3148.572 528.707
573.473 3140.807 527.402
517.176 3146.101 529.531
517.176 3146.101 529.531
516.536 3142.207 528.876
461.431 3154.318 532.15
462.002 3158.222 532.809
462.002 3158.222 532.809
405.546 3161.574 534.607
405.546 3161.574 534.607
405.044 3157.661 533.945
346.508 3140.423 532.249
348.672 3160.026 535.572
295.6 3196.759 543.034
295.6 3196.759 543.034
294.51 3184.978 541.032
237.51 3181.491 541.667
237.216 3177.558 540.997
236.335 3165.76 538.989
180.267 3169.141 540.784
180.491 3173.078 541.456
179.819 3161.268 539.44
123.681 3159.738 540.392
123.372 3151.858 539.044
122.601 3132.159 535.675
67.138 3133.591 537.122
67.222 3137.533 537.798
66.969 3125.708 535.771
11.639 3130.126 537.728
11.654 3134.068 538.405
11.654 3134.068 538.405
-43.888 3137.533 540.203
-43.834 3133.591 539.524
-99.558 3140.039 541.838
-99.183 3128.219 539.799
-98.933 3120.34 538.439
-154.751 3129.773 541.269
-154.946 3133.71 541.95
-154.557 3125.836 540.588
-210.413 3130.366 542.575
-210.941 3138.232 543.939
-210.413 3130.366 542.575
-266.817 3137.851 545.083
-266.149 3129.997 543.719
-265.815 3126.069 543.037
-320.329 3112.979 541.967
-320.329 3112.979 541.967
-321.136 3120.82 543.332
-375.887 3110.707 542.778
-375.887 3110.707 542.778
-375.414 3106.795 542.096
-432.01 3111.375 544.108
-433.094 3119.183 545.474
-487.057 3103.27 543.906
-490.113 3122.739 547.319
-492.557 3138.313 550.049
-549.435 3136.925 551.041
-549.435 3136.925 551.041
-547.395 3125.278 548.995
-605.672 3130.664 551.182
-607.918 3142.273 553.226
-608.667 3146.143 553.908
-665.947 3142.703 554.556
-665.947 3142.703 554.556
-668.399 3154.271 556.598
-725.954 3149.772 557.07
-724.184 3142.09 555.712
-720.643 3126.725 552.994
-775.935 3113.65 551.944
-777.842 3121.301 553.3
-778.795 3125.126 553.978
-837.116 3122.475 554.784
-836.096 3118.667 554.108
-891.236 3103.608 552.713
-895.588 3118.766 555.413
-898.853 3130.135 557.437
-956.501 3121.533 557.208
-955.346 3117.763 556.534
-951.88 3106.453 554.515
-1009.237 3096.904 554.115
-1012.902 3108.152 556.128
-1015.346 3115.65 557.47
-1072.993 3104.963 556.88
-1071.705 3101.235 556.212
-1072.993 3104.963 556.88
-1134.64 3104.353 558.11
-1179.321 3226.601 580.088
-1239.18 3212.975 579.042
-1240.599 3216.655 579.705
-1237.761 3209.294 578.379
-1288.532 3172.685 573.186
-1275.171 3139.788 567.242
-1266.265 3117.857 563.28
-1324.45 3102.655 561.927
-1325.999 3106.284 562.584
-1377.65 3075.596 558.428
-1377.65 3075.596 558.428
-1385.716 3093.603 561.697
-1443.717 3076.24 559.969
-1445.394 3079.813 560.619
-1450.424 3090.531 562.569
-1508.492 3071.996 560.641
-1511.972 3079.082 561.934
-1518.931 3093.255 564.52
-1580.771 3080.504 563.668
-1584.376 3087.529 564.954
-1589.783 3098.067 566.881
-1646.357 3073.526 563.888
-1648.22 3077.007 564.527
-1657.543 3094.411 567.72
-1723.737 3085.913 567.692
-1729.515 3096.256 569.595
-1729.515 3096.256 569.595
-1806.034 3103.386 572.476
-1843.784 3168.254 584.443
-1863.653 3202.394 590.741
-1934.514 3193.293 590.71
-1926.325 3179.776 588.209
-1961.383 3112.515 577.408
-1946.636 3089.113 573.067
-1946.636 3089.113 573.067
-2011.984 3071.485 571.452
-2018.48 3081.404 573.297
-2024.978 3091.323 575.142
-2086.201 3065.62 572.05
-2090.649 3072.157 573.27
-2103.994 3091.766 576.929
-2160.828 3058.129 572.378
-2160.828 3058.129 572.378
-2167.672 3067.817 574.191
-2228.81 3039.428 570.635
-2235.827 3048.996 572.431
-2242.843 3058.564 574.227
-2306.374 3031.909 571.022
-2330.324 3063.393 576.951
-2361.459 3104.323 584.66
-2421.111 3069.237 579.921
-2418.661 3066.13 579.334
-2428.463 3078.556 581.682
-2477.741 3029.983 574.4
-2482.752 3036.11 575.562
-2531.166 2986.7 568.117
-2497.895 2947.441 560.65
-2472.302 2917.242 554.906
-2505.443 2853.25 544.624
-2487.156 2832.423 540.649
-2481.93 2826.473 539.513
-2547.741 2800.739 536.515
-2550.407 2803.669 537.076
-2553.071 2806.599 537.637
-2624.268 2785.133 535.489
-2654.151 2816.848 541.587
-2665.018 2828.38 543.804
-2723.159 2790.426 538.539
-2739.763 2807.441 541.823
-2753.6 2821.62 544.56
-2811.764 2781.998 539.009
-2828.669 2798.724 542.249
-2837.121 2807.087 543.87
-2898.034 2768.623 538.577
-2923.832 2793.269 543.371
-2984.686 2753.117 537.788
-2996.344 2763.871 539.889
-3008.004 2774.625 541.989
-3050.937 2716.999 533.014
-3036.126 2703.809 530.426
-3015.392 2685.344 526.805
-3044.616 2617.368 515.753
-3032.582 2607.022 513.715
-3020.548 2596.677 511.677
-3057.092 2536.547 502.132
-3041.821 2523.877 499.624
-3032.66 2516.275 498.12
-3055.25 2446.189 486.563
-3024.264 2421.38 481.628
-2999.474 2401.533 477.681
-3022.873 2334.847 466.725
-3007.162 2322.711 464.3
-2991.45 2310.576 461.874
-3022.538 2251.493 452.392
-3009.798 2242.003 450.486
-3033.092 2178.15 440.015
-3026.639 2173.516 439.078
-3016.959 2166.564 437.675
-3035.445 2100.624 426.741
-3028.91 2096.102 425.823
-3012.573 2084.796 423.525
-3032.681 2021.493 413.081
-3016.145 2010.471 410.829
-2992.995 1995.04 407.676
-3014.668 1934.527 397.745
-3004.63 1928.086 396.42
-2994.592 1921.645 395.096
-3018.198 1863.442 385.603
-3001.28 1852.997 383.442
-2980.977 1840.462 380.848
-3003.038 1782.687 371.396
-2985.936 1772.535 369.28
-2999.774 1710.925 358.991
-2999.774 1710.925 358.991
-2992.862 1706.983 358.164
-3012.347 1649.39 348.687
-2998.384 1641.745 347.07
-2984.422 1634.1 345.455
-2991.945 1571.297 334.823
-2953.18 1550.939 330.485
-2928.512 1537.983 327.725
-2941.256 1480.109 318.053
-2937.699 1478.319 317.669
-2934.143 1476.529 317.284
-2949.261 1420.545 307.989
-2942.084 1417.089 307.24
-2934.909 1413.633 306.491
-2948.822 1357.836 297.202
-2937.968 1352.837 296.108
-2919.877 1344.507 294.285
-2932.48 1289.171 285.047
-2932.48 1289.171 285.047
-2944.019 1233.82 275.783
-2932.992 1229.199 274.75
-2925.641 1226.118 274.062
-2939.686 1172.566 265.162
-2928.579 1168.136 264.159
-2928.579 1168.136 264.159
-2949.001 1117.499 255.898
-2934.088 1111.847 254.604
-2919.176 1106.196 253.31
-2930.997 1053.038 244.43
-2942.255 1057.083 245.369
-2949.761 1059.78 245.995
-2960.71 1006.235 237.029
-2941.828 999.817 235.517
-2915.393 990.833 233.401
-2925.08 938.025 224.534
-2921.281 936.807 224.243
-2926.149 882.888 215.081
-2922.329 881.735 214.801
-2918.508 880.582 214.52
-2926.161 828.008 205.649
-2914.641 824.748 204.84
-2906.96 822.575 204.3
-2917.408 771.364 195.725
-2909.689 769.323 195.207
-2901.971 767.283 194.688
-2907.546 715.283 185.872
-2903.669 714.329 185.624
-2899.792 713.375 185.376
-2908.273 662.445 176.807
-2904.379 661.558 176.57
-2900.486 660.672 176.333
-2911.927 610.628 167.98
-2919.744 612.267 168.431
-2961.708 567.92 161.716
-2957.786 567.168 161.502
-2910.711 558.141 158.932
-2900.657 504.521 149.499
-2900.657 504.521 149.499
-2904.593 505.205 149.702
-2909.333 454.508 141.091
-2905.385 453.891 140.9
-2897.491 452.658 140.517
-2897.333 401.613 131.74
-2897.333 401.613 131.74
-2904.187 351.679 123.307
-2900.219 351.199 123.138
-2892.285 350.238 122.801
-2894.254 299.99 114.208
-2894.254 299.99 114.208
-2894.254 299.99 114.208
-2895.327 249.788 105.602
-2899.31 250.132 105.747
-2899.31 250.132 105.747
-2895.505 199.647 96.989
-2891.517 199.372 96.854
-2891.517 199.372 96.854
-2894.792 149.582 88.368
-2914.755 150.614 88.977
-2926.734 151.233 89.344
-2933.148 100.985 80.845
-2941.141 101.26 81.066
-2938.676 50.569 72.3
-2938.676 50.569 72.3
-2930.679 50.431 72.104
-2927.088 0.0 73.07
-2931.087 0.0 73.17
-2919.091 0.0 72.87
-2906.844 -50.164 64.859
-2918.839 -50.371 65.127
-2926.836 -50.509 65.305
-2925.692 -101.002 57.52
-2929.689 -101.14 57.599
-2927.651 -151.671 49.787
-2923.657 -151.464 49.719
-2923.657 -151.464 49.719
-2924.722 -202.156 41.958
-2924.722 -202.156 41.958
-2924.722 -202.156 41.958
-2920.901 -252.58 34.118
-2924.886 -252.925 34.165
-2920.169 -303.34 26.303
-2890.738 -350.772 18.282
-2107.755 -292.729 7.652
-2916.497 -456.444 2.694
-2305.271 -401.629 -4.145
-2891.138 -555.234 -13.114
-2286.081 -480.055 -16.671
-2243.021 -471.013 -16.356
-2227.363 -467.725 -16.243
-2215.015 -505.168 -22.302
-2222.815 -506.946 -22.38
-2221.442 -547.105 -28.583
-2225.326 -548.061 -28.634
-2229.209 -549.018 -28.684
-2223.192 -588.387 -34.881
-2227.059 -589.41 -34.941
-2882.171 -816.242 -53.43
-2882.828 -870.421 -61.736
-2890.485 -872.733 -61.9
-2886.657 -871.577 -61.818
-2874.831 -922.419 -69.923
-2882.446 -924.863 -70.109
-2893.87 -928.528 -70.386
-2888.588 -982.122 -78.75
-2884.802 -980.835 -78.646
-2892.374 -983.409 -78.854
-2886.054 -1037.161 -87.268
-2886.054 -1037.161 -87.268
-2897.342 -1041.218 -87.609
-2889.929 -1095.236 -96.092
-2893.667 -1096.653 -96.216
-2901.145 -1099.487 -96.464
-2881.487 -1149.308 -104.608
-2881.487 -1149.308 -104.608
-2896.34 -1155.232 -105.147
-2883.072 -1208.047 -113.592
-2883.072 -1208.047 -113.592
-2865.158 -1259.14 -121.886
-2868.818 -1260.749 -122.042
-2872.477 -1262.357 -122.198
-2853.577 -1313.318 -130.498
-2860.838 -1316.66 -130.83
-2868.099 -1320.002 -131.162
-2858.954 -1376.137 -140.013
-2869.756 -1381.336 -140.541
-2873.358 -1383.069 -140.718
-2862.975 -1439.528 -149.649
-2880.824 -1448.503 -150.582
-2887.964 -1452.093 -150.956
-2876.235 -1509.034 -159.995
-2886.848 -1514.602 -160.585
-2890.386 -1516.458 -160.782
-2870.377 -1569.836 -169.481
-2873.883 -1571.753 -169.687
-2852.832 -1624.954 -178.385
-2863.244 -1630.884 -179.036
-2866.714 -1632.861 -179.253
-2844.515 -1686.044 -187.976
-2844.515 -1686.044 -187.976
-2858.257 -1694.189 -188.884
-2851.899 -1757.805 -198.815
-2862.097 -1764.091 -199.526
-2875.694 -1772.471 -200.474
-2854.244 -1828.166 -209.564
-2864.329 -1834.626 -210.304
-2881.139 -1845.392 -211.539
-2854.964 -1899.127 -220.446
-2864.935 -1905.759 -221.216
-2871.582 -1910.181 -221.729
-2847.469 -1966.118 -230.924
-2860.606 -1975.189 -231.989
-2870.459 -1981.992 -232.788
-2848.202 -2040.386 -242.313
-2867.665 -2054.329 -243.969
-2877.397 -2061.301 -244.797
-2853.575 -2120.019 -254.412
-2866.385 -2129.537 -255.553
-2838.03 -2185.835 -264.909
-2847.511 -2193.138 -265.794
-2856.992 -2200.44 -266.679
-2836.607 -2264.187 -276.98
-2849.076 -2274.14 -278.197
-2858.427 -2281.604 -279.11
-2842.49 -2350.76 -290.131
-2864.001 -2368.55 -292.326
-2876.292 -2378.715 -293.581
-2846.168 -2438.203 -303.471
-2852.224 -2443.391 -304.117
-2867.363 -2456.36 -305.73
-2835.684 -2515.884 -315.665
-2844.629 -2523.82 -316.66
-2856.556 -2534.402 -317.988
-2826.247 -2596.622 -328.303
-2846.791 -2615.497 -330.689
-2870.271 -2637.068 -333.415
-2843.683 -2705.245 -344.551
-2861.005 -2721.724 -346.651
-2826.906 -2784.476 -357.141
-2838.259 -2795.659 -358.575
-2849.613 -2806.841 -360.009
-2813.765 -2869.62 -370.547
-2824.92 -2880.996 -372.016
-2838.863 -2895.216 -373.853
-2803.942 -2960.919 -384.817
-2825.847 -2984.051 -387.823
-2842.277 -3001.4 -390.078
-2810.547 -3073.295 -401.913
-2826.67 -3090.924 -404.219
-1731.099 -1960.398 -257.914
-1723.194 -1951.447 -256.736
-1678.272 -1968.641 -260.498
-1670.525 -1959.555 -259.296
-1665.362 -1953.497 -258.494
-1620.622 -1969.517 -262.072
-1610.509 -1957.227 -260.437
-1602.925 -1948.009 -259.21
-1560.98 -1965.896 -263.005
-1551.084 -1953.434 -261.337
-1543.662 -1944.088 -260.087
-1504.376 -1963.985 -264.124
-1494.702 -1951.355 -262.426
-1487.445 -1941.882 -261.151
-1448.314 -1960.728 -265.023
-1438.864 -1947.933 -263.294
-1397.437 -1962.62 -266.584
-1392.826 -1956.143 -265.704
-1383.601 -1943.188 -263.945
-1337.938 -1950.25 -266.169
-1333.441 -1943.695 -265.275
-1328.944 -1937.139 -264.38
-1290.255 -1953.016 -267.784
437.758 -1762.742 -281.694
676.708 -1857.612 -302.232
678.062 -1861.327 -302.837
712.988 -1854.757 -302.699
717.244 -1865.83 -304.506
786.473 -1942.857 -318.066
792.409 -1957.52 -320.467
792.409 -1957.52 -320.467
826.895 -1943.419 -319.161
829.992 -1950.698 -320.357
869.191 -1946.785 -320.734
878.866 -1968.456 -324.305
877.254 -1964.844 -323.709
908.508 -1942.111 -320.998
910.185 -1945.695 -321.59
911.861 -1949.278 -322.182
949.67 -1940.224 -321.736
951.409 -1943.778 -322.324
954.887 -1950.885 -323.504
991.043 -1937.504 -322.35
992.845 -1941.027 -322.937
998.251 -1951.595 -324.695
1034.478 -1937.435 -323.424
1036.342 -1940.925 -324.006
1040.07 -1947.907 -325.173
1080.14 -1939.908 -324.944
1085.917 -1950.282 -326.681
1087.842 -1953.74 -327.261
1122.235 -1934.542 -325.17
1124.221 -1937.966 -325.746
1128.193 -1944.814 -326.898
1164.472 -1928.311 -325.267
1168.565 -1935.088 -326.411
1174.704 -1945.255 -328.126
1221.578 -1944.678 -329.208
1230.002 -1958.089 -331.478
1262.294 -1933.121 -328.449
1262.294 -1933.121 -328.449
1264.46 -1936.437 -329.012
1307.427 -1927.306 -328.682
1309.649 -1930.584 -329.241
1311.873 -1933.861 -329.8
1348.178 -1914.04 -327.662
1355.022 -1923.756 -329.325
1361.865 -1933.472 -330.988
1402.891 -1919.146 -329.812
1414.581 -1935.139 -332.56
1421.596 -1944.735 -334.209
1458.196 -1922.937 -331.774
1458.196 -1922.937 -331.774
1460.591 -1926.094 -332.319
1504.263 -1912.932 -331.388
1509.163 -1919.164 -332.468
1530.386 -1877.34 -326.572
1560.442 -1914.211 -332.987
1542.909 -1892.703 -329.246
1571.068 -1859.608 -324.865
1560.834 -1847.494 -322.748
1595.922 -1823.141 -319.884
1593.31 -1820.157 -319.361
1603.758 -1832.092 -321.454
1654.61 -1824.585 -321.571
1665.269 -1836.338 -323.642
1670.598 -1842.214 -324.678
1711.12 -1821.659 -322.532
1724.7 -1836.117 -325.091
1727.416 -1839.008 -325.603
1768.03 -1817.331 -323.288
1781.864 -1831.551 -325.817
1790.165 -1840.083 -327.335
1830.942 -1817.178 -324.834
1847.842 -1833.952 -327.833
1873.194 -1859.113 -332.331
1925.91 -1845.609 -331.573
1937.375 -1856.595 -333.546
1943.107 -1862.088 -334.533
1984.55 -1836.241 -331.597
1996.207 -1847.026 -333.545
2010.778 -1860.508 -335.98
2061.215 -1841.278 -334.285
2081.945 -1859.796 -337.646
2129.635 -1836.434 -335.249
2135.65 -1841.622 -336.196
2141.666 -1846.809 -337.143
2192.402 -1824.698 -335.013
2207.67 -1837.405 -337.346
2222.936 -1850.112 -339.679
2442.457 -1824.977 -341.298
2464.749 -1841.633 -344.413
2483.855 -1855.909 -347.083
2535.757 -1826.587 -343.874
2558.341 -1842.854 -346.937
2580.923 -1859.122 -350.0
2649.454 -1839.125 -348.638
3053.88 -1818.402 -355.551
3074.399 -1830.62 -357.94
3109.902 -1779.146 -350.92
3120.269 -1785.077 -352.09
3141.001 -1796.938 -354.429
3217.82 -1767.263 -351.788
5888.798 -2972.393 -603.58
5824.79 -2940.084 -597.019
5753.669 -2904.186 -589.729
5804.437 -2804.269 -575.649
5889.614 -2720.206 -564.863
3916.75 -1727.097 -363.067
137.669 -60.706 -12.762
4240.895 -1782.719 -379.702
5817.869 -200.9 -176.093
5841.845 -201.728 -176.819
5841.845 -201.728 -176.819
5812.918 -100.327 -160.521
5748.953 -99.223 -158.754
5676.991 -97.981 -156.768
5630.246 0.0 -140.55
5590.258 0.0 -139.552
5549.792 95.773 -123.83
1625.898 521.686 39.546
1606.859 515.577 39.083
1590.048 540.618 43.349
1588.155 539.974 43.297
1574.724 565.909 47.616
1569.08 563.88 47.445
1563.436 561.852 47.275
1558.991 590.832 51.838
1560.86 591.541 51.899
1558.991 590.832 51.838
1553.998 619.826 56.416
1557.711 621.307 56.55
1559.568 622.048 56.618
1557.67 652.685 61.372
1561.356 654.23 61.517
1561.356 654.23 61.517
1551.503 681.833 66.003
1556.992 684.246 66.236
1560.652 685.854 66.392
1553.856 715.14 71.06
1559.302 717.646 71.309
1546.5 744.396 75.738
1551.901 746.996 76.002
1553.702 747.863 76.09
1542.151 775.407 80.609
1547.506 778.099 80.889
1552.86 780.792 81.169
1544.251 810.201 85.901
1549.558 812.985 86.197
1553.096 814.841 86.393
1542.084 843.379 91.052
1549.093 847.213 91.466
1556.103 851.047 91.88
1542.681 878.701 96.462
1547.886 881.666 96.788
1556.564 886.608 97.33
1542.496 914.292 101.934
1544.215 915.31 102.048
1549.368 918.364 102.388
1538.122 948.042 107.228
1541.521 950.137 107.465
1548.32 954.327 107.938
1536.384 984.066 112.805
1541.426 987.296 113.175
1528.851 1016.995 118.05
1550.455 1031.365 119.719
1555.44 1034.681 120.103
1522.263 1051.091 123.452
1520.621 1049.957 123.319
1538.684 1062.429 124.784
1544.127 1106.177 131.368
1548.993 1109.663 131.782
1553.86 1113.149 132.196
1543.684 1146.857 137.627
1553.293 1153.995 138.484
1558.097 1157.564 138.913
1543.85 1189.065 144.107
1548.591 1192.716 144.549
1554.911 1197.585 145.139
1542.989 1231.618 150.665
1547.665 1235.35 151.121
1553.899 1240.327 151.73
1542.627 1275.764 157.455
1551.846 1283.388 158.396
1538.142 1317.667 164.004
1523.695 1351.858 169.616
1522.205 1350.535 169.45
1526.678 1354.503 169.948
1520.245 1396.729 176.594
1534.92 1410.211 178.299
1543.724 1418.3 179.322
1527.217 1452.868 185.044
1535.877 1461.107 186.093
1544.538 1469.346 187.142
1524.145 1501.269 192.555
1532.661 1509.656 193.631
1541.175 1518.043 194.707
1525.401 1555.681 200.881
1536.555 1567.057 202.35
1542.132 1572.745 203.085
1527.929 1613.47 209.695
1541.62 1627.927 211.574
1549.835 1636.602 212.701
1528.873 1671.802 218.632
1539.621 1683.555 220.168
1550.369 1695.307 221.706
1530.85 1733.625 228.079
1538.754 1742.576 229.257
1518.19 1780.863 235.651
1528.518 1792.977 237.254
1536.264 1802.063 238.456
1514.435 1840.469 244.901
1524.548 1852.759 246.536
1534.661 1865.05 248.171
1513.976 1906.701 255.085
1513.976 1906.701 255.085
1518.925 1912.932 255.919
1497.12 1954.512 262.85
1518.887 1982.93 266.672
1543.074 2014.505 270.918
1519.195 2056.685 277.993
1531.007 2072.678 280.155
1540.458 2085.472 281.885
1515.043 2127.791 289.019
1528.88 2147.223 291.659
1540.409 2163.416 293.859
1515.58 2209.191 301.51
1526.824 2225.579 303.746
1538.067 2241.968 305.983
1511.503 2287.914 313.703
1524.647 2307.808 316.431
1539.981 2331.019 319.613
1511.493 2377.201 327.419
1522.152 2393.965 329.727
1496.343 2446.819 338.49
1510.851 2470.542 341.772
1523.286 2490.876 344.585
1493.274 2540.585 352.97
1511.386 2571.4 357.252
1529.499 2602.216 361.533
1491.241 2641.872 368.579
1501.0 2659.162 370.991
1524.423 2700.657 376.78
1497.418 2764.771 387.303
1302.678 2405.211 336.934
1081.835 2275.352 322.5
1076.724 2264.602 320.976
1043.219 2297.134 326.81
1043.219 2297.134 326.81
1049.78 2311.582 328.865
1010.463 2332.831 333.11
1008.886 2329.191 332.591
985.829 2390.081 342.52
955.588 2316.765 332.012
952.565 2309.434 330.962
913.165 2329.058 334.96
905.139 2433.471 351.199
910.806 2586.874 374.621
843.812 2538.103 368.801
848.813 2553.143 370.987
842.562 2534.343 368.255
797.754 2548.328 371.522
858.118 2741.154 399.635
818.593 2785.767 407.473
810.775 2759.163 403.582
801.84 2728.759 399.135
704.273 2562.509 376.034
711.621 2589.242 379.956
740.493 2892.508 425.819
650.058 2739.004 404.497
693.044 3167.287 469.211
631.631 3151.387 468.302
630.075 3143.625 467.149
575.24 3157.704 470.68
574.531 3153.811 470.1
573.112 3146.023 468.939
516.889 3151.321 471.156
516.889 3151.321 471.156
516.889 3151.321 471.156
458.933 3143.891 471.462
458.361 3139.976 470.874
458.361 3139.976 470.874
403.398 3151.123 473.959
402.896 3147.199 473.369
403.398 3151.123 473.959
347.307 3153.464 475.719
351.204 3188.852 481.057
352.071 3196.716 482.243
292.704 3170.584 479.712
292.704 3170.584 479.712
292.704 3170.584 479.712
236.713 3174.942 481.779
236.419 3170.998 481.18
236.713 3174.942 481.779
179.751 3162.54 481.295
179.303 3154.644 480.094
124.221 3172.854 484.266
124.685 3184.707 486.075
123.293 3149.146 480.648
66.845 3111.055 476.206
66.845 3111.055 476.206
66.845 3111.055 476.206
11.939 3115.483 478.256
11.984 3127.344 480.077
11.984 3127.344 480.077
-43.165 3122.914 480.774
-43.274 3130.82 481.991
-43.274 3130.82 481.991
-98.411 3125.439 482.54
-98.286 3121.487 481.93
-98.162 3117.536 481.321
-153.183 3115.161 482.329
-153.378 3119.109 482.94
-153.183 3115.161 482.329
-207.63 3103.949 481.966
-208.421 3115.782 483.803
-264.403 3123.32 486.359
-263.07 3107.566 483.906
-262.069 3095.75 482.065
-318.303 3106.28 485.087
-318.706 3110.212 485.701
-319.109 3114.144 486.315
-376.413 3127.578 489.809
-376.886 3131.502 490.423
-374.996 3115.805 487.965
-429.422 3104.739 487.624
-432.13 3124.315 490.699
-434.295 3139.976 493.158
-489.073 3127.891 492.67
-489.684 3131.796 493.284
-492.127 3147.416 495.745
-549.0 3146.023 496.95
-550.359 3153.811 498.181
-549.0 3146.023 496.95
-603.737 3131.982 496.16
-605.982 3143.625 498.005
-663.053 3140.216 498.905
-662.237 3136.349 498.292
-660.603 3128.614 497.063
-719.311 3131.941 499.039
-719.311 3131.941 499.039
-717.541 3124.237 497.812
-776.438 3126.517 499.632
-778.344 3134.19 500.858
-780.249 3141.862 502.084
-835.641 3127.712 501.293
-835.641 3127.712 501.293
-836.661 3131.531 501.906
-890.779 3112.61 500.35
-890.779 3112.61 500.35
-891.867 3116.41 500.961
-949.109 3107.902 501.083
-950.264 3111.682 501.693
-952.573 3119.244 502.912
-1011.214 3113.406 503.479
-1013.657 3120.926 504.695
-1066.085 3095.277 502.064
-1064.796 3091.539 501.458
-1072.522 3113.968 505.096
-1131.457 3105.927 505.332
-1128.75 3098.496 504.123
-1130.103 3102.212 504.728
-1189.022 3093.107 504.799
-1190.441 3096.798 505.402
-1193.279 3104.18 506.607
-1252.422 3093.908 506.506
-1253.905 3097.574 507.105
-1256.873 3104.906 508.305
-1319.315 3100.736 509.224
-1323.96 3111.654 511.017
-1322.412 3108.015 510.42
-1378.772 3088.129 508.772
-1386.835 3106.188 511.747
-1390.06 3113.412 512.937
-1441.545 3081.579 509.332
-1443.221 3085.162 509.924
-1499.295 3063.138 507.942
-1506.252 3077.352 510.298
-1518.427 3102.227 514.423
-1578.462 3085.916 513.416
-1582.066 3092.962 514.589
-1580.264 3089.439 514.003
-1636.525 3064.986 511.651
-1647.708 3085.932 515.148
-1653.3 3096.404 516.896
-1717.442 3084.489 516.667
-1721.292 3091.405 517.825
-1719.367 3087.947 517.246
-1777.699 3064.452 515.093
-1785.644 3078.148 517.395
-1785.644 3078.148 517.395
-1839.825 3046.663 513.912
-1858.243 3077.163 519.056
-1870.523 3097.497 522.487
-1933.463 3077.955 521.056
-1935.568 3081.308 521.624
-1941.887 3091.367 523.326
-2011.444 3080.394 523.377
-2024.435 3100.289 526.757
-2026.601 3103.604 527.32
-2081.209 3067.956 523.208
-2087.88 3077.79 524.885
-2151.153 3054.044 522.817
-2160.278 3066.999 525.035
-2167.121 3076.715 526.698
-2228.258 3048.244 523.851
-2235.273 3057.839 525.5
-2244.625 3070.634 527.699
-2303.423 3037.546 524.085
-2320.184 3059.648 527.898
-2339.339 3084.909 532.256
-2413.191 3068.792 531.624
-2425.44 3084.37 534.323
-2427.89 3087.485 534.862
-2477.171 3038.771 528.61
-2482.181 3044.916 529.678
-2479.676 3041.844 529.145
-2502.451 2962.047 517.455
-2474.304 2928.732 511.635
-2458.953 2910.559 508.461
-2489.221 2843.622 498.934
-2481.385 2834.671 497.364
-2541.865 2802.986 494.007
-2547.194 2808.862 495.043
-2552.523 2814.739 496.078
-2618.285 2787.428 493.525
-2629.15 2798.994 495.572
-2631.866 2801.885 496.084
-2708.765 2784.299 495.303
-2728.134 2804.207 498.845
-2741.968 2818.427 501.374
-2808.383 2787.272 498.246
-2822.467 2801.25 500.745
-2839.368 2818.024 503.743
-2894.598 2773.906 498.346
-2917.526 2795.878 502.293
-2934.721 2812.356 505.253
-2995.767 2771.887 500.561
-3024.91 2798.851 505.43
-3019.081 2793.458 504.456
-3032.592 2709.006 491.821
-3014.823 2693.133 488.94
-3044.053 2624.959 479.197
-3035.03 2617.178 477.777
-3026.006 2609.396 476.356
-3056.538 2543.904 467.058
-3044.324 2533.738 465.192
-3026.003 2518.49 462.393
-3045.414 2445.82 451.715
-3020.629 2425.915 448.038
-3008.237 2415.962 446.2
-3031.773 2348.921 436.49
-3016.064 2336.75 434.228
-3003.497 2327.014 432.419
-3028.392 2262.782 423.174
-3015.654 2253.264 421.394
-3006.101 2246.126 420.059
-3035.812 2186.792 411.687
-2838.934 1970.653 373.572
-2825.866 1961.582 371.852
-2812.799 1952.511 370.133
-2837.102 1896.916 362.199
-2827.181 1890.283 360.933
-2813.955 1881.44 359.245
-2843.578 1830.319 352.132
-2830.196 1821.706 350.474
-2810.124 1808.786 347.989
-2831.661 1753.615 340.053
-2831.661 1753.615 340.053
-2814.745 1743.14 338.021
-2835.013 1688.08 330.069
-2985.484 1777.676 347.588
-3006.239 1719.841 339.222
-2992.417 1711.934 337.663
-2982.051 1706.004 336.493
-2997.947 1646.507 327.751
-2987.478 1640.756 326.606
-3005.611 1583.279 318.23
-2970.376 1564.718 314.5
-2931.617 1544.3 310.396
-2947.956 1487.991 302.154
-2940.844 1484.402 301.425
-2937.288 1482.607 301.061
-2952.442 1426.399 292.805
-2945.268 1422.932 292.094
-2934.505 1417.733 291.026
-2952.043 1363.445 283.125
-2941.189 1358.432 282.084
-2926.719 1351.749 280.696
-2953.974 1302.559 273.822
-2946.68 1299.343 273.145
-2924.799 1289.694 271.117
-2936.288 1234.309 262.896
-2928.937 1231.219 262.238
-2921.587 1228.13 261.579
-2928.207 1171.524 253.05
-2924.505 1170.042 252.731
-2944.906 1119.323 245.448
-2933.723 1115.072 244.517
-2918.812 1109.405 243.274
-2934.391 1057.444 235.681
-2941.896 1060.149 236.284
-2953.153 1064.206 237.189
-2964.131 1010.44 229.204
-2956.579 1007.866 228.619
-2937.7 1001.43 227.16
-2928.535 941.967 217.797
-2920.939 939.524 217.232
-2913.341 937.08 216.668
-2921.993 884.292 208.775
-2914.353 881.981 208.229
-2929.671 831.499 200.857
-2933.511 832.589 201.12
-2921.992 829.319 200.33
-2917.086 773.601 191.649
-2909.368 771.555 191.143
-2901.651 769.508 190.636
-2907.231 717.357 182.765
-2903.355 716.401 182.521
-2907.231 717.357 182.765
-2915.751 666.145 175.111
-2904.072 663.477 174.409
-2900.18 662.588 174.175
-2907.717 611.577 166.528
-2903.809 610.755 166.304
-2899.901 609.933 166.081
-2926.107 562.778 159.491
-2926.107 562.778 159.491
-2902.572 558.251 158.209
-2904.305 506.671 150.329
-2904.305 506.671 150.329
-2905.104 455.207 142.443
-2901.158 454.589 142.25
-2897.21 453.97 142.057
-2893.101 402.228 134.006
-2908.931 404.429 134.739
-2901.016 403.328 134.372
-2893.101 402.228 134.006
-2895.984 351.736 126.322
-2892.018 351.254 126.149
-2892.018 351.254 126.149
-2897.968 301.274 118.621
-2893.993 300.86 118.457
-2890.018 300.447 118.295
-2895.072 250.513 110.751
-2899.054 250.857 110.903
-2927.16 202.432 104.167
-2935.136 202.984 104.451
-2939.124 203.26 104.592
-2942.459 152.499 96.878
-2938.466 152.292 96.747
-2934.474 152.085 96.616
-2924.918 101.002 88.531
-2916.926 100.726 88.288
-2920.922 100.864 88.409
-2918.453 50.371 80.592
-2922.451 50.44 80.702
-2926.449 50.509 80.813
-2927.875 0.0 27.084
-2931.875 0.0 27.121
-2927.875 0.0 27.084
-2927.455 -51.02 24.219
-2931.454 -51.09 24.252
-2927.455 -51.02 24.219
-2922.147 -101.886 21.317
-2922.147 -101.886 21.317
-2930.142 -102.165 21.375
-2923.941 -152.999 18.467
-2923.941 -152.999 18.467
-2927.936 -153.208 18.493
-2924.839 -204.205 15.603
-2924.839 -204.205 15.603
-2920.85 -255.14 12.71
-2920.85 -255.14 12.71
-2920.85 -255.14 12.71
-2876.191 -301.822 9.679
-2812.541 -295.143 9.464
-2914.177 -357.247 6.921
-2120.123 -259.904 5.036
-2296.683 -404.312 -1.43
-2919.112 -513.886 -1.819
-2371.19 -503.187 -6.287
-2371.19 -503.187 -6.287
-2359.451 -500.696 -6.256
-2346.463 -540.832 -8.627
-2334.77 -538.137 -8.584
-2326.975 -536.34 -8.556
-2286.214 -569.074 -10.769
-2243.518 -558.446 -10.568
-2227.991 -554.581 -10.494
-2225.707 -595.383 -12.804
-2211.136 -632.971 -15.046
-2899.472 -830.018 -19.731
-2888.374 -881.577 -22.725
-2884.548 -880.41 -22.696
-2880.723 -879.242 -22.665
-2876.356 -933.001 -25.72
-2891.575 -937.938 -25.857
-2874.766 -988.174 -28.83
-2882.332 -990.775 -28.905
-2893.679 -994.675 -29.019
-2883.397 -1047.671 -32.087
-2894.675 -1051.769 -32.212
-2902.194 -1054.501 -32.296
-2883.346 -1104.904 -35.297
-2887.081 -1106.335 -35.343
-2890.816 -1107.766 -35.389
-2878.458 -1160.954 -38.487
-2882.167 -1162.451 -38.536
-2885.876 -1163.947 -38.586
-2868.801 -1215.608 -41.641
-2876.166 -1218.729 -41.748
-2879.849 -1220.289 -41.801
-2865.417 -1273.525 -44.92
-2872.726 -1276.774 -45.035
-2872.726 -1276.774 -45.035
-2853.624 -1328.315 -48.103
-2864.502 -1333.378 -48.286
-2882.632 -1341.817 -48.591
-2873.149 -1398.836 -51.877
-2880.34 -1402.337 -52.007
-2862.546 -1455.93 -55.177
-2873.24 -1461.369 -55.384
-2883.935 -1466.808 -55.59
-2868.481 -1522.451 -58.854
-2875.546 -1526.201 -58.998
-2882.611 -1529.951 -59.143
-2862.455 -1583.808 -62.351
-2869.454 -1587.681 -62.503
-2876.453 -1591.553 -62.655
-2851.687 -1643.417 -65.793
-2858.616 -1647.411 -65.953
-2862.081 -1649.408 -66.033
-2846.559 -1707.244 -69.421
-2863.708 -1717.528 -69.838
-2877.425 -1725.756 -70.173
-2860.421 -1784.084 -73.602
-2867.208 -1788.317 -73.777
-2845.606 -1844.517 -77.128
-2855.673 -1851.042 -77.401
-2869.095 -1859.743 -77.765
-2842.812 -1913.906 -81.046
-2856.08 -1922.839 -81.424
-2872.666 -1934.005 -81.897
-2845.006 -1988.333 -85.2
-2854.839 -1995.205 -85.495
-2861.394 -1999.786 -85.691
-2835.742 -2056.368 -89.102
-2858.401 -2072.8 -89.813
-2871.349 -2082.19 -90.221
-2847.326 -2141.503 -93.77
-2856.914 -2148.714 -94.085
-2869.696 -2158.328 -94.506
-2841.019 -2215.363 -97.97
-2853.631 -2225.198 -98.405
-2866.244 -2235.033 -98.84
-2839.206 -2294.672 -102.435
-2851.645 -2304.725 -102.884
-2873.413 -2322.319 -103.669
-2850.802 -2387.418 -107.529
-2863.063 -2397.687 -107.992
-2832.824 -2457.671 -111.636
-2844.905 -2468.152 -112.112
-2856.985 -2478.632 -112.588
-2822.173 -2536.035 -116.13
-2834.068 -2546.724 -116.62
-2842.99 -2554.741 -116.986
-2812.562 -2617.488 -120.788
-2827.195 -2631.107 -121.415
-2853.535 -2655.62 -122.547
-2832.616 -2729.885 -126.905
-2847.01 -2743.757 -127.55
-2861.403 -2757.628 -128.195
-2829.771 -2823.989 -132.21
-2838.26 -2832.461 -132.606
-2852.41 -2846.581 -133.268
-2810.585 -2904.446 -136.9
-2824.485 -2918.81 -137.577
-2789.438 -2985.083 -141.618
-2811.274 -3008.45 -142.727
-2827.65 -3025.975 -143.558
-2795.777 -3098.504 -147.921
-2817.201 -3122.247 -149.054
-1722.451 -1977.251 -94.963
-1481.419 -1961.561 -96.313
-1442.215 -1980.597 -97.743
-1432.805 -1967.673 -97.106
-1421.041 -1951.518 -96.307
-1379.839 -1966.152 -97.51
-1375.247 -1959.609 -97.185
-1334.083 -1973.325 -98.335
-1327.368 -1963.392 -97.84
-1286.318 -1976.157 -98.936
684.403 -1880.189 -111.784
717.169 -1867.96 -111.401
718.601 -1871.688 -111.623
754.207 -1866.27 -111.648
793.862 -1964.397 -117.519
794.61 -1966.249 -117.63
830.426 -1955.761 -117.373
833.548 -1963.113 -117.814
835.109 -1966.79 -118.035
872.616 -1959.217 -117.957
877.491 -1970.162 -118.616
879.116 -1973.811 -118.836
911.802 -1954.553 -118.058
913.491 -1958.173 -118.277
916.868 -1965.412 -118.714
956.345 -1959.886 -118.769
959.848 -1967.065 -119.204
961.599 -1970.655 -119.422
995.907 -1953.58 -118.781
995.907 -1953.58 -118.781
1031.787 -1939.437 -118.32
1035.539 -1946.489 -118.75
1039.291 -1953.542 -119.181
1079.1 -1945.595 -119.103
1082.975 -1952.581 -119.531
1088.787 -1963.06 -120.173
1124.942 -1947.229 -119.619
1124.942 -1947.229 -119.619
1128.938 -1954.147 -120.044
1167.049 -1941.005 -119.659
1171.166 -1947.852 -120.082
1173.224 -1951.275 -120.293
1209.281 -1933.903 -119.652
1224.105 -1957.611 -121.118
1234.695 -1974.545 -122.166
1266.854 -1949.362 -121.052
1269.031 -1952.711 -121.259
1271.208 -1956.061 -121.467
1311.921 -1943.526 -121.141
1316.39 -1950.148 -121.554
1318.625 -1953.459 -121.76
1354.874 -1933.437 -120.972
1364.044 -1946.523 -121.791
1373.214 -1959.609 -122.61
1411.968 -1941.825 -121.971
1419.016 -1951.518 -122.579
1462.545 -1939.234 -122.294
1467.357 -1945.613 -122.695
1469.762 -1948.803 -122.897
1510.998 -1932.318 -122.354
1515.919 -1938.612 -122.753
1515.919 -1938.612 -122.753
1524.432 -1880.846 -119.591
1544.556 -1905.676 -121.17
1572.505 -1872.334 -119.559
1564.797 -1863.156 -118.973
1564.797 -1863.156 -118.973
1607.63 -1847.644 -118.499
1607.63 -1847.644 -118.499
1615.497 -1856.687 -119.079
1663.768 -1846.043 -118.928
1677.143 -1860.883 -119.884
1682.493 -1866.819 -120.266
1717.608 -1840.12 -119.094
1728.513 -1851.803 -119.85
1736.692 -1860.565 -120.418
1777.295 -1838.621 -119.562
1793.957 -1855.858 -120.682
1834.62 -1832.769 -119.765
1837.447 -1835.593 -119.949
1860.061 -1858.185 -121.425
1918.157 -1850.441 -121.528
1935.412 -1867.086 -122.621
1952.666 -1883.732 -123.715
1991.16 -1854.849 -122.451
1997.007 -1860.296 -122.81
2008.703 -1871.191 -123.529
2058.948 -1851.92 -122.914
2073.804 -1865.281 -123.8
2091.63 -1881.315 -124.864
2136.284 -1855.044 -123.804
2136.284 -1855.044 -123.804
2148.353 -1865.525 -124.504
2199.03 -1843.19 -123.72
2220.468 -1861.159 -124.926
2262.003 -1829.706 -123.546
2442.767 -1838.665 -125.72
2465.118 -1855.489 -126.871
2843.692 -1844.517 -129.757
2863.813 -1857.568 -130.675
2929.78 -1828.528 -129.657
2967.08 -1851.807 -131.307
2994.208 -1868.738 -132.508
3053.863 -1832.716 -131.04
3071.0 -1843.0 -131.775
3077.855 -1847.114 -132.069
3113.162 -1795.179 -129.483
3123.552 -1801.17 -129.915
3154.718 -1819.141 -131.211
3249.015 -1798.726 -130.938
3269.999 -1810.343 -131.784
3311.765 -1758.694 -129.274
5864.588 -2984.384 -221.633
5814.707 -2959.0 -219.748
130.047 -66.179 -4.915
5814.707 -2959.0 -219.748
5858.406 -2853.695 -214.246
132.084 -64.339 -4.83
5872.783 -2860.698 -214.772
3989.276 -1773.838 -136.391
4230.386 -1881.048 -144.634
5780.125 -201.542 -64.773
5836.087 -203.493 -65.4
5852.077 -204.051 -65.579
5838.808 -101.762 -59.719
5766.823 -100.508 -58.983
5662.844 -98.695 -57.919
5607.76 0.0 -51.875
5567.762 0.0 -51.505
5495.765 0.0 -50.839
1616.999 524.505 14.459
1592.469 547.397 15.97
1594.36 548.047 15.99
1590.578 546.746 15.952
1571.395 570.96 17.487
1567.635 569.595 17.445
1563.877 568.229 17.403
1555.588 596.104 19.043
1557.455 596.82 19.066
1561.19 598.251 19.112
1554.219 626.856 20.78
1556.074 627.604 20.805
1559.783 629.1 20.855
1554.087 658.519 22.557
1555.928 659.3 22.584
1547.837 687.931 24.265
1551.491 689.555 24.323
1555.146 691.18 24.38
1546.468 719.856 26.068
1551.907 722.387 26.16
1557.346 724.919 26.251
1546.25 752.815 27.919
1551.645 755.441 28.016
1555.24 757.192 28.081
1541.782 784.171 29.719
1550.694 788.704 29.89
1556.041 791.424 29.994
1543.751 819.349 31.673
1549.05 822.161 31.782
1552.583 824.036 31.855
1543.206 853.862 33.615
1546.706 855.799 33.69
1553.705 859.671 33.844
1543.652 889.602 35.615
1547.117 891.599 35.695
1536.456 921.5 37.47
1541.601 924.586 37.596
1546.745 927.671 37.721
1533.702 956.591 39.464
1540.488 960.823 39.639
1547.274 965.056 39.813
1533.54 994.038 41.565
1536.895 996.213 41.656
1540.251 998.388 41.747
1525.897 1027.301 43.502
1527.555 1028.417 43.55
1532.531 1031.767 43.691
1517.555 1060.597 45.446
1522.471 1064.033 45.594
1543.776 1078.923 46.232
1544.119 1119.735 48.518
1552.213 1125.603 48.772
1560.305 1131.472 49.026
1546.695 1163.286 50.936
1551.489 1166.891 51.095
1556.283 1170.496 51.252
1540.33 1201.115 53.117
1548.213 1207.262 53.389
1536.218 1241.586 55.425
1540.883 1245.356 55.593
1547.103 1250.383 55.818
1535.755 1286.125 57.928
1546.484 1295.11 58.332
1529.665 1327.09 60.281
1535.705 1332.33 60.519
1513.684 1360.212 62.287
1522.606 1368.229 62.653
1537.474 1381.591 63.266
1527.739 1421.778 65.61
1533.592 1427.226 65.861
1539.445 1432.673 66.113
1525.698 1470.365 68.354
1534.333 1478.688 68.74
1540.091 1484.236 68.999
1519.587 1516.482 70.997
1533.736 1530.602 71.658
1520.663 1571.446 74.07
1526.223 1577.192 74.34
1531.783 1582.937 74.611
1514.812 1621.058 76.906
1525.73 1632.741 77.46
1533.918 1641.504 77.876
1515.719 1679.84 80.195
1523.752 1688.744 80.62
1537.142 1703.583 81.328
1517.647 1742.151 83.671
1522.899 1748.179 83.961
1530.776 1757.221 84.396
1515.278 1801.969 87.048
1522.995 1811.147 87.492
1533.286 1823.385 88.083
1513.789 1865.328 90.616
1518.827 1871.535 90.918
1528.902 1883.95 91.52
1505.61 1922.877 93.919
1517.931 1938.612 94.688
1522.859 1944.906 94.995
1503.098 1990.267 97.722
1527.187 2022.162 99.288
1544.049 2044.489 100.385
1517.502 2083.989 102.845
1526.914 2096.913 103.483
1496.93 2132.997 105.784
1510.705 2152.625 106.757
1526.776 2175.526 107.894
1504.201 2224.957 110.875
1513.154 2238.2 111.535
1524.346 2254.755 112.359
1497.798 2301.051 115.202
1510.879 2321.147 116.208
1526.14 2344.593 117.382
1499.79 2394.517 120.426
1512.518 2414.838 121.447
1525.246 2435.16 122.47
1494.834 2481.885 125.371
1507.205 2502.425 126.409
1525.762 2533.234 127.965
1497.278 2587.083 131.249
1505.285 2600.917 131.951
1519.297 2625.128 133.179
1486.782 2675.63 136.312
1498.427 2696.588 137.38
1523.659 2741.997 139.693
1494.31 2803.368 143.407
1483.032 2782.21 142.325
1216.062 2380.592 122.27
1203.338 2355.683 120.99
1149.703 2351.146 121.231
1142.681 2336.788 120.491
1137.211 2432.333 125.9
1149.057 2457.67 127.212
1164.287 2490.246 128.898
1039.155 2327.71 120.94
1032.64 2313.116 120.181
990.496 2327.061 121.353
948.179 2340.243 122.484
954.18 2355.055 123.259
1011.918 2628.566 138.066
1003.306 2606.195 136.89
900.07 2465.638 129.962
852.931 2469.596 130.62
858.147 2484.7 131.419
828.212 2541.034 134.856
825.85 2692.548 143.375
756.578 2629.725 140.493
758.787 2637.403 140.902
764.31 2656.598 141.928
729.175 2711.922 145.356
716.576 2863.694 153.985
657.401 2836.805 153.025
647.481 2794.0 150.715
593.55 2781.394 150.507
679.415 3183.758 172.28
678.581 3179.852 172.068
619.842 3175.482 172.367
619.842 3175.482 172.367
619.842 3175.482 172.367
563.553 3181.838 173.243
564.249 3185.771 173.458
562.856 3177.905 173.03
506.6 3183.256 173.85
506.6 3183.256 173.85
505.973 3179.311 173.635
450.328 3187.615 174.615
449.211 3179.705 174.182
447.535 3167.841 173.532
391.61 3171.164 174.236
391.12 3167.2 174.019
334.865 3165.561 174.447
332.344 3141.73 173.133
284.395 3226.585 178.336
282.29 3202.714 177.016
281.94 3198.735 176.797
225.989 3203.132 177.561
225.708 3199.148 177.34
225.989 3203.132 177.561
169.968 3206.554 178.271
169.334 3194.589 177.606
168.912 3186.612 177.162
112.763 3177.068 177.147
111.913 3153.12 175.811
111.489 3141.146 175.143
56.568 3142.582 175.732
56.855 3158.555 176.626
56.999 3166.541 177.072
1.643 3167.023 177.611
1.645 3171.017 177.835
1.645 3171.017 177.835
-53.85 3174.527 178.545
-53.85 3174.527 178.545
-108.917 3161.103 178.302
-108.642 3153.12 177.852
-108.917 3161.103 178.302
-163.947 3154.706 178.452
-163.74 3150.718 178.226
-164.154 3158.695 178.677
-219.62 3159.308 179.225
-219.065 3151.34 178.773
-218.234 3139.388 178.095
-274.117 3147.015 179.039
-273.424 3139.058 178.587
-272.73 3131.101 178.134
-328.668 3137.758 179.025
-329.084 3141.73 179.252
-329.5 3145.702 179.479
-385.894 3151.345 180.316
-385.894 3151.345 180.316
-385.408 3147.381 180.09
-441.475 3148.066 180.646
-440.366 3140.157 180.193
-494.566 3128.032 180.014
-497.061 3143.81 180.923
-500.179 3163.533 182.058
-559.558 3177.905 183.413
-559.558 3177.905 183.413
-558.865 3173.972 183.185
-614.263 3163.721 183.123
-614.263 3163.721 183.123
-616.547 3175.482 183.804
-672.794 3168.132 183.912
-672.794 3168.132 183.912
-671.964 3164.226 183.686
-727.175 3152.006 183.51
-727.175 3152.006 183.51
-728.073 3155.897 183.738
-786.028 3154.326 184.185
-786.993 3158.201 184.412
-788.925 3165.951 184.864
-846.216 3159.408 185.027
-845.183 3155.55 184.801
-846.216 3159.408 185.027
-902.419 3147.991 184.906
-901.318 3144.152 184.681
-957.313 3131.758 184.504
-958.481 3135.577 184.729
-960.816 3143.216 185.179
-1018.087 3133.562 185.167
-1020.555 3141.159 185.616
-1019.321 3137.36 185.392
-1077.914 3130.42 185.545
-1081.815 3141.749 186.216
-1083.115 3145.525 186.44
-1137.94 3126.143 185.86
-1139.306 3129.896 186.083
-1143.404 3141.155 186.753
-1196.714 3116.995 185.891
-1198.146 3120.723 186.113
-1202.44 3131.909 186.78
-1261.5 3121.559 186.746
-1264.493 3128.964 187.189
-1265.99 3132.667 187.411
-1328.369 3128.482 187.753
-1333.052 3139.511 188.415
-1331.491 3135.835 188.193
-1387.736 3115.775 187.589
-1389.361 3119.423 187.809
-1448.753 3105.568 187.581
-1455.507 3120.046 188.456
-1460.572 3130.905 189.112
-1518.591 3112.127 188.595
-1522.095 3119.306 189.03
-1529.101 3133.664 189.9
-1587.284 3113.63 189.315
-1590.912 3120.747 189.747
-1590.912 3120.747 189.747
-1648.983 3099.573 189.097
-1658.363 3117.204 190.173
-1663.991 3127.783 190.818
-1726.172 3112.254 190.522
-1730.048 3119.24 190.95
-1730.048 3119.24 190.95
-1788.318 3095.506 190.158
-1796.31 3109.341 191.008
-1796.31 3109.341 191.008
-1852.459 3080.961 189.936
-1868.925 3108.347 191.624
-1873.043 3115.194 192.046
-1937.814 3098.986 191.736
-1946.285 3112.534 192.575
-2009.117 3091.514 191.977
-2026.532 3118.309 193.64
-2033.061 3128.357 194.264
-2094.156 3102.358 193.371
-2096.391 3105.669 193.578
-2098.626 3108.979 193.784
-2161.837 3084.994 193.023
-2171.008 3098.079 193.842
-2177.884 3107.894 194.456
-2238.944 3079.134 193.408
-2245.992 3088.827 194.017
-2255.389 3101.751 194.829
-2316.498 3071.517 193.698
-2321.31 3077.896 194.101
-2333.337 3093.844 195.106
-2409.228 3081.008 195.089
-2411.69 3084.156 195.288
-2423.994 3099.891 196.285
-2490.408 3072.669 195.372
-2495.439 3078.877 195.766
-2538.62 3022.658 193.013
-2505.217 2982.886 190.473
-2484.661 2958.411 188.91
-2520.28 2896.552 185.771
-2499.3 2872.439 184.224
-2488.81 2860.383 183.451
-2549.15 2828.423 182.217
-2554.499 2834.359 182.599
-2559.849 2840.295 182.981
-2611.855 2798.15 181.099
-2625.486 2812.754 182.044
-2644.571 2833.2 183.367
-2707.599 2801.024 182.145
-2735.369 2829.752 184.013
-2760.362 2855.608 185.695
-2821.187 2818.341 184.167
-2835.321 2832.461 185.09
-2846.629 2843.757 185.829
-2901.679 2799.242 183.841
-2643.184 2462.237 162.548
-2622.717 2443.171 161.289
-2622.717 2443.171 161.289
-2668.017 2399.746 159.273
-2673.959 2405.091 159.628
-2688.814 2418.452 160.515
-3041.489 2641.08 176.264
-3029.42 2630.599 175.564
-3019.837 2531.177 169.899
-3041.897 2460.552 166.142
-3026.361 2447.985 165.293
-3001.504 2427.879 163.936
-3027.758 2362.89 160.534
-3012.005 2350.596 159.698
-2999.402 2340.76 159.031
-3033.501 2283.309 156.124
-3011.148 2266.485 154.973
-3027.691 2197.215 151.241
-2849.781 2068.105 142.354
-2842.943 1988.333 137.816
-2829.841 1979.17 137.181
-2816.74 1970.007 136.546
-2840.827 1913.906 133.623
-2830.881 1907.206 133.155
-2820.937 1900.506 132.688
-2836.985 1840.167 129.451
-2823.571 1831.466 128.84
-2816.865 1827.116 128.534
-2845.006 1775.619 125.905
-2824.661 1762.921 125.005
-2834.505 1701.073 121.628
-2999.024 1799.805 128.687
-3019.664 1741.264 125.595
-3012.738 1737.27 125.307
-2998.887 1729.283 124.73
-3018.191 1670.937 121.636
-3007.699 1665.128 121.214
-2993.71 1657.384 120.649
-3008.128 1597.449 117.422
-2972.821 1578.699 116.043
-2941.045 1561.825 114.803
-2953.672 1503.07 111.625
-2942.983 1497.631 111.221
-2935.857 1494.005 110.951
-2954.362 1439.103 108.043
-2947.173 1435.601 107.78
-2939.985 1432.1 107.518
-2957.348 1377.262 104.602
-2946.475 1372.198 104.218
-2931.978 1365.447 103.705
-2955.425 1314.135 101.044
-2951.772 1312.51 100.92
-2952.204 1251.499 97.501
-2941.161 1246.817 97.136
-2933.798 1243.696 96.893
-2947.702 1189.38 93.976
-2936.578 1184.892 93.621
-2932.871 1183.396 93.502
-2949.401 1130.666 90.698
-2934.468 1124.941 90.239
-2923.268 1120.647 89.894
-2934.921 1066.795 86.982
-2946.194 1070.892 87.316
-2953.711 1073.624 87.539
-2964.49 1019.38 84.596
-2945.584 1012.879 84.057
-2926.679 1006.378 83.517
-2936.243 952.747 80.598
-2924.832 949.045 80.284
-2933.353 895.589 77.365
-2925.704 893.254 77.163
-2918.055 890.918 76.962
-2929.365 838.824 74.144
-2933.21 839.925 74.242
-2925.521 837.724 74.048
-2920.43 781.441 70.843
-2912.703 779.373 70.656
-2904.977 777.306 70.468
-2910.387 724.627 67.564
-2906.506 723.661 67.474
-2902.626 722.695 67.384
-2910.945 671.099 64.567
-2907.048 670.201 64.48
-2903.152 669.302 64.394
-2914.434 618.605 61.655
-2910.522 617.774 61.572
-2918.346 619.435 61.738
-2948.385 572.291 59.371
-2948.385 572.291 59.371
-2946.15 518.74 56.348
-2946.15 518.74 56.348
-2950.088 519.434 56.423
-2950.845 466.693 53.472
-2938.994 464.819 53.257
-2938.994 464.819 53.257
-2891.249 405.748 49.502
-2899.17 406.859 49.638
-2925.715 358.707 47.183
-2933.654 359.681 47.311
-2929.684 359.194 47.247
-2935.544 308.084 44.435
-2935.544 308.084 44.435
-2939.521 308.501 44.495
-2948.476 257.576 41.722
-2924.57 255.488 41.383
-2920.586 255.14 41.327
-2932.606 204.762 38.613
-2928.617 204.484 38.56
-2932.606 204.762 38.613
-2935.766 153.626 35.774
-2935.766 153.626 35.774
-2930.036 102.165 32.835
-2922.041 101.886 32.745
-2930.036 102.165 32.835
-2935.401 51.16 30.023
-2935.401 51.16 30.023
-2931.401 51.09 29.982
-2931.817 0.0 32.75
-2931.817 0.0 32.75
-2927.817 0.0 32.705
-2927.387 -51.081 31.274
-2927.387 -51.081 31.274
-2931.386 -51.151 31.316
-2922.069 -102.006 29.792
-2922.069 -102.006 29.792
-2930.063 -102.285 29.873
-2923.852 -153.18 28.382
-2923.852 -153.18 28.382
-2924.739 -204.446 26.96
-2920.749 -204.167 26.923
-2924.739 -204.446 26.96
-2920.74 -255.441 25.491
-2924.725 -255.789 25.525
-2923.807 -307.194 24.079
-2796.513 -293.819 23.031
-2914.046 -357.669 22.56
-2115.174 -297.158 15.327
-2303.259 -364.663 15.542
-2891.375 -509.632 18.062
-2907.131 -512.41 18.16
-2909.538 -565.337 16.709
-2371.039 -503.781 12.413
-2367.126 -502.95 12.392
-2359.301 -501.287 12.352
-2346.306 -541.471 11.084
-2338.51 -539.672 11.048
-2330.715 -537.873 11.01
-2344.27 -584.255 9.866
-2386.964 -594.896 10.046
-2398.608 -597.798 10.095
-2395.547 -641.621 8.837
-2395.547 -641.621 8.837
-2883.863 -826.59 9.124
-2883.863 -826.59 9.124
-2887.708 -827.692 9.136
-2876.66 -879.111 7.576
-2880.485 -880.28 7.587
-2868.498 -931.632 6.018
-2879.911 -935.339 6.043
-2891.325 -939.045 6.066
-2885.853 -993.247 4.491
-2893.417 -995.85 4.502
-2893.417 -995.85 4.502
-2883.124 -1048.909 2.905
-2894.401 -1053.011 2.917
-2901.919 -1055.746 2.924
-2883.061 -1106.209 1.305
-2883.061 -1106.209 1.305
-2890.531 -1109.075 1.308
-2874.453 -1160.828 -0.318
-2881.87 -1163.823 -0.319
-2885.58 -1165.321 -0.318
-2864.812 -1215.481 -1.952
-2872.176 -1218.606 -1.957
-2879.541 -1221.73 -1.962
-2865.098 -1275.029 -3.612
-2868.752 -1276.655 -3.617
-2872.407 -1278.281 -3.622
-2849.669 -1328.194 -5.27
-2860.545 -1333.263 -5.289
-2844.039 -1386.466 -6.96
-2858.421 -1393.477 -6.995
-2879.994 -1403.994 -7.048
-2862.189 -1457.649 -8.746
-2872.882 -1463.095 -8.779
-2883.575 -1468.54 -8.811
-2868.111 -1524.249 -10.54
-2875.174 -1528.003 -10.566
-2882.239 -1531.758 -10.592
-2858.573 -1583.74 -12.309
-2869.07 -1589.556 -12.354
-2872.568 -1591.494 -12.369
-2851.291 -1645.358 -14.111
-2854.756 -1647.357 -14.129
-2861.685 -1651.356 -14.163
-2846.151 -1709.26 -15.954
-2863.297 -1719.556 -16.05
-2873.584 -1725.735 -16.107
-2856.604 -1784.072 -17.927
-2863.389 -1788.31 -17.969
-2841.814 -1844.518 -19.781
-2851.88 -1851.051 -19.851
-2865.301 -1859.762 -19.944
-2842.362 -1916.166 -21.776
-2852.311 -1922.874 -21.852
-2868.894 -1934.053 -21.979
-2841.262 -1988.388 -23.806
-2851.094 -1995.268 -23.888
-2857.648 -1999.855 -23.943
-2838.498 -2061.147 -25.869
-2854.681 -2072.898 -26.016
-2870.863 -2084.649 -26.164
-2843.633 -2141.626 -28.06
-2853.218 -2148.845 -28.155
-2865.999 -2158.47 -28.281
-2837.353 -2215.517 -30.194
-2846.811 -2222.902 -30.294
-2856.269 -2230.287 -30.396
-2835.567 -2294.866 -32.43
-2854.223 -2309.964 -32.644
-2872.877 -2325.061 -32.857
-2850.253 -2390.238 -34.93
-2859.448 -2397.948 -35.044
-2829.242 -2457.951 -37.057
-2844.34 -2471.067 -37.254
-2853.397 -2478.936 -37.373
-2818.621 -2536.354 -39.366
-2830.513 -2547.056 -39.532
-2842.407 -2557.758 -39.698
-2811.966 -2620.58 -41.792
-2826.597 -2634.214 -42.01
-2850.005 -2656.03 -42.358
-2829.119 -2730.332 -44.667
-2843.51 -2744.22 -44.894
-2860.778 -2760.885 -45.166
-2826.304 -2824.497 -47.328
-2837.62 -2835.806 -47.518
-2848.937 -2847.116 -47.708
-2807.151 -2905.0 -49.792
-2821.048 -2919.381 -50.038
-2840.503 -2939.515 -50.383
-2810.597 -3012.002 -52.742
-2843.342 -3047.094 -53.357
-2859.715 -3064.639 -53.664
-2811.147 -3119.991 -55.752
-1719.384 -1976.568 -36.008
-1701.009 -1955.445 -35.623
-1648.617 -1963.372 -36.429
-1604.026 -1979.396 -37.376
-1593.953 -1966.966 -37.14
-1583.881 -1954.537 -36.906
-1547.063 -1978.711 -37.992
-1542.135 -1972.41 -37.871
-1529.818 -1956.656 -37.568
-1483.393 -1967.071 -38.378
-1473.761 -1954.297 -38.129
-1473.761 -1954.297 -38.129
-1439.426 -1979.701 -39.222
-1432.37 -1969.997 -39.03
-1422.962 -1957.058 -38.774
-1377.11 -1965.198 -39.513
-1372.521 -1958.648 -39.382
-1365.635 -1948.822 -39.184
-1324.699 -1962.396 -40.021
-1317.985 -1952.451 -39.818
61.632 -1780.22 -50.418
61.701 -1782.218 -50.474
464.786 -1736.058 -53.687
682.728 -1876.774 -60.053
718.973 -1873.899 -60.378
718.973 -1873.899 -60.378
787.514 -1950.034 -63.269
795.0 -1968.571 -63.871
795.0 -1968.571 -63.871
833.937 -1965.432 -64.218
835.498 -1969.112 -64.338
871.378 -1957.878 -64.425
877.881 -1972.489 -64.907
881.132 -1979.794 -65.147
913.877 -1960.485 -64.973
915.566 -1964.109 -65.094
918.945 -1971.357 -65.334
954.978 -1958.607 -65.38
958.483 -1965.795 -65.62
960.236 -1969.388 -65.74
996.291 -1955.887 -65.766
996.291 -1955.887 -65.766
999.92 -1963.013 -66.005
1039.674 -1955.849 -66.249
1041.551 -1959.379 -66.368
1047.181 -1969.971 -66.727
1087.233 -1961.881 -66.948
1091.109 -1968.876 -67.188
1093.047 -1972.373 -67.306
1127.32 -1952.992 -67.148
1129.319 -1956.454 -67.268
1133.317 -1963.38 -67.505
1171.545 -1950.152 -67.563
1173.604 -1953.579 -67.681
1179.781 -1963.861 -68.038
1220.248 -1953.141 -68.19
1228.723 -1966.704 -68.664
1267.232 -1951.664 -68.674
1269.409 -1955.017 -68.792
1271.587 -1958.371 -68.91
1312.296 -1945.821 -69.014
1312.296 -1945.821 -69.014
1314.532 -1949.136 -69.131
1355.246 -1935.72 -69.212
1359.832 -1942.271 -69.446
1366.712 -1952.097 -69.797
1409.991 -1940.884 -69.968
1414.691 -1947.353 -70.201
1421.741 -1957.058 -70.551
1465.323 -1944.718 -70.693
1465.323 -1944.718 -70.693
1467.73 -1947.911 -70.809
1508.905 -1931.449 -70.809
1513.828 -1937.751 -71.04
1521.213 -1947.203 -71.386
1549.951 -1914.141 -70.784
1578.001 -1880.672 -70.162
1567.721 -1868.42 -69.706
1600.11 -1840.773 -69.294
1600.11 -1840.773 -69.294
1602.733 -1843.791 -69.409
1650.739 -1833.366 -69.654
1669.467 -1854.166 -70.444
1677.494 -1863.081 -70.783
1717.954 -1842.293 -70.654
1728.862 -1853.99 -71.103
1734.315 -1859.838 -71.327
1777.64 -1840.792 -71.278
1791.528 -1855.173 -71.836
1797.083 -1860.926 -72.058
1832.135 -1832.106 -71.644
1837.79 -1837.761 -71.865
1868.89 -1868.861 -73.082
1930.006 -1863.736 -73.622
1941.511 -1874.846 -74.06
1950.141 -1883.179 -74.389
1991.503 -1857.039 -74.121
2003.201 -1867.947 -74.556
2014.899 -1878.855 -74.992
2056.319 -1851.431 -74.688
2077.12 -1870.16 -75.444
2100.893 -1891.564 -76.307
2139.642 -1859.858 -75.855
2148.696 -1867.728 -76.175
2196.303 -1842.796 -76.011
2202.43 -1847.936 -76.224
2208.556 -1853.077 -76.435
2256.121 -1826.834 -76.233
2280.982 -1846.964 -77.073
2305.843 -1867.095 -77.914
2357.006 -1841.341 -77.765
2379.064 -1858.573 -78.494
2430.323 -1831.211 -78.301
2562.225 -1861.378 -80.618
2584.871 -1877.829 -81.331
2630.377 -1841.609 -80.827
2643.481 -1850.783 -81.229
2656.583 -1859.957 -81.632
2718.501 -1833.438 -81.583
2754.969 -1858.033 -82.678
2781.491 -1875.92 -83.473
2830.602 -1837.985 -82.963
2847.37 -1848.873 -83.454
2909.752 -1817.974 -83.288
2933.491 -1832.806 -83.967
2967.404 -1853.994 -84.938
3030.187 -1820.465 -84.702
3061.037 -1838.999 -85.565
3078.176 -1849.295 -86.043
3113.472 -1797.299 -84.985
3110.009 -1795.3 -84.891
3120.399 -1801.297 -85.175
3207.35 -1777.588 -85.484
3259.815 -1806.666 -86.882
3270.308 -1812.481 -87.161
3326.188 -1768.279 -86.552
5872.215 -2991.539 -149.162
5800.95 -2955.233 -147.352
5822.936 -2839.538 -144.365
5866.069 -2860.571 -145.435
3769.456 -1757.407 -91.199
3841.946 -1791.203 -92.953
4216.077 -1876.764 -99.522
5812.031 -202.896 -70.591
5875.987 -205.129 -71.368
5870.708 -102.441 -68.44
5838.715 -101.882 -68.068
5766.731 -100.626 -67.229
5663.647 0.0 -63.266
5607.65 0.0 -62.641
5567.653 0.0 -62.194
5470.855 95.462 -58.445
1626.37 528.213 -3.413
1613.055 523.888 -3.384
1592.325 548.043 -2.478
1590.434 547.392 -2.475
1588.542 546.741 -2.472
1571.246 571.635 -1.584
1565.608 569.583 -1.578
1553.567 596.092 -0.703
1555.434 596.808 -0.704
1559.168 598.241 -0.706
1552.205 626.847 0.171
1554.059 627.596 0.171
1557.768 629.094 0.172
1550.239 657.735 1.056
1553.921 659.297 1.059
1557.603 660.859 1.061
1549.491 689.556 1.953
1554.973 691.996 1.96
1560.455 694.435 1.967
1553.541 724.085 2.873
1558.978 726.62 2.883
1560.792 727.465 2.886
1549.66 755.457 3.793
1555.054 758.086 3.805
1556.851 758.963 3.81
1545.154 786.913 4.721
1550.501 789.635 4.738
1541.785 819.378 5.666
1547.084 822.193 5.686
1548.85 823.132 5.692
1537.751 851.963 6.621
1546.499 856.809 6.659
1551.746 859.717 6.682
1538.242 887.654 7.613
1545.171 891.652 7.647
1548.635 893.651 7.664
1537.95 923.618 8.621
1543.094 926.707 8.649
1546.523 928.766 8.669
1535.17 958.78 9.634
1540.259 961.958 9.666
1545.349 965.136 9.698
1534.982 996.301 10.684
1538.338 998.479 10.708
1504.097 1013.98 11.523
1532.288 1032.986 11.739
1512.391 1058.409 12.672
1517.307 1061.849 12.713
1532.053 1072.17 12.836
1540.621 1118.707 14.04
1551.95 1126.933 14.144
1556.805 1130.458 14.189
1540.035 1159.847 15.196
1546.425 1164.66 15.26
1551.218 1168.269 15.307
1536.9 1200.072 16.355
1543.205 1204.995 16.423
1552.662 1212.38 16.523
1537.487 1244.31 17.585
1545.26 1250.601 17.673
1553.033 1256.892 17.762
1538.524 1290.214 18.855
1547.718 1297.925 18.967
1555.38 1304.35 19.062
1527.851 1327.346 20.011
1527.851 1327.346 20.011
1536.91 1335.215 20.13
1516.346 1364.494 21.178
1522.293 1369.845 21.26
1540.132 1385.898 21.51
1527.416 1423.457 22.701
1536.194 1431.638 22.831
1516.73 1463.769 23.947
1525.364 1472.102 24.083
1536.877 1483.212 24.265
1516.415 1515.446 25.393
1524.902 1523.928 25.536
1536.219 1535.237 25.725
1520.309 1573.302 26.966
1531.426 1584.807 27.164
1539.764 1593.435 27.312
1522.634 1631.745 28.573
1533.549 1643.442 28.777
1544.464 1655.139 28.982
1523.374 1690.738 30.213
1534.083 1702.624 30.425
1544.792 1714.51 30.638
1525.133 1753.261 31.939
1533.008 1762.314 32.104
1543.508 1774.385 32.324
1520.02 1810.223 33.588
1525.164 1816.349 33.701
1503.302 1855.101 35.028
1513.374 1867.53 35.263
1518.411 1873.745 35.38
1495.329 1912.544 36.722
1507.647 1928.298 37.024
1510.11 1931.449 37.085
1485.801 1970.264 38.44
1512.29 2005.39 39.126
1536.372 2037.323 39.749
1512.339 2079.98 41.209
1521.746 2092.92 41.466
1531.155 2105.859 41.722
1505.641 2148.617 43.201
1521.708 2171.544 43.662
1533.183 2187.921 43.991
1508.187 2234.214 45.564
1519.376 2250.788 45.902
1530.564 2267.362 46.24
1501.652 2310.475 47.767
1512.55 2327.242 48.114
1527.806 2350.715 48.599
1501.386 2400.736 50.292
1514.11 2421.081 50.718
1524.714 2438.035 51.072
1500.476 2495.098 52.937
1514.904 2519.089 53.447
1482.708 2565.899 55.114
1502.718 2600.526 55.857
1520.726 2631.691 56.527
1482.319 2671.796 58.076
1492.02 2689.281 58.456
1513.363 2727.75 59.293
1486.187 2792.557 61.406
1499.339 2817.27 61.949
1508.733 2834.922 62.339
1471.738 2885.736 64.171
1113.006 2384.472 54.175
1121.464 2402.591 54.587
1080.982 2425.431 55.677
1072.842 2407.167 55.258
1077.726 2418.125 55.509
1036.916 2440.227 56.583
1046.299 2462.311 57.096
1061.94 2499.116 57.949
1030.149 2546.908 59.639
1039.146 2569.152 60.16
1045.144 2583.981 60.507
1005.618 2616.739 61.863
1014.225 2639.136 62.393
1035.743 2695.129 63.717
998.123 2739.075 65.364
981.693 2693.988 64.289
878.472 2548.124 61.367
886.292 2570.808 61.913
841.28 2585.865 62.837
832.621 2559.246 62.19
842.517 2589.668 62.929
847.467 2604.879 63.299
778.454 2542.779 62.335
739.465 2575.177 63.675
744.984 2594.395 64.151
754.917 2628.987 65.006
717.2 2672.64 66.647
714.464 3089.497 78.321
727.979 3147.936 79.804
679.577 3191.429 81.559
678.744 3187.518 81.459
677.911 3183.607 81.359
619.939 3183.157 81.994
619.174 3179.232 81.893
621.468 3191.007 82.196
564.276 3193.471 82.904
562.885 3185.595 82.7
506.56 3190.964 83.479
506.56 3190.964 83.479
505.933 3187.015 83.375
447.988 3179.501 83.813
447.43 3175.541 83.708
447.43 3175.541 83.708
392.414 3186.815 84.638
391.926 3182.847 84.533
389.971 3166.972 84.111
333.786 3165.323 84.692
331.689 3145.44 84.16
332.946 3157.37 84.479
279.875 3186.58 85.888
279.526 3182.597 85.781
281.275 3202.513 86.318
225.324 3206.915 87.066
225.043 3202.926 86.958
224.763 3198.938 86.849
168.461 3194.369 87.351
168.461 3194.369 87.351
112.387 3188.812 87.822
112.668 3196.804 88.042
112.247 3184.816 87.712
55.989 3150.291 87.376
56.273 3166.283 87.819
56.487 3178.276 88.152
0.987 3162.766 88.338
0.987 3162.766 88.338
0.988 3166.765 88.45
-54.366 3170.28 89.167
-54.504 3178.276 89.391
-54.435 3174.278 89.28
-109.568 3164.836 89.631
-109.29 3156.844 89.405
-109.429 3160.84 89.518
-164.595 3158.432 90.067
-164.387 3154.439 89.953
-165.219 3170.411 90.409
-220.545 3167.028 90.932
-219.433 3151.073 90.474
-274.066 3142.765 90.852
-273.371 3134.798 90.622
-274.066 3142.765 90.852
-331.394 3161.347 92.011
-331.394 3161.347 92.011
-329.726 3145.44 91.549
-384.592 3139.192 91.988
-386.05 3151.098 92.336
-386.05 3151.098 92.336
-440.45 3139.906 92.632
-442.672 3155.744 93.098
-444.338 3167.622 93.449
-499.573 3159.37 93.835
-500.198 3163.32 93.953
-502.696 3179.116 94.422
-559.51 3177.72 95.018
-559.51 3177.72 95.018
-558.817 3173.782 94.9
-614.143 3163.532 95.231
-615.667 3171.382 95.468
-617.191 3179.232 95.704
-670.943 3160.14 95.771
-671.773 3164.052 95.89
-726.913 3151.832 96.165
-726.913 3151.832 96.165
-729.608 3163.52 96.521
-787.629 3161.931 97.125
-788.596 3165.81 97.244
-786.664 3158.051 97.005
-841.682 3143.828 97.223
-845.817 3159.277 97.701
-847.885 3167.001 97.939
-901.95 3147.866 98.009
-900.848 3144.022 97.888
-904.152 3155.553 98.248
-961.446 3146.928 98.647
-961.446 3146.928 98.647
-963.783 3154.575 98.886
-1017.479 3133.46 98.896
-1017.479 3133.46 98.896
-1018.714 3137.263 99.017
-1075.936 3126.556 99.357
-1081.141 3141.678 99.837
-1141.297 3137.35 100.388
-1139.93 3133.592 100.268
-1141.297 3137.35 100.388
-1200.198 3128.141 100.789
-1201.631 3131.874 100.909
-1203.063 3135.607 101.029
-1262.119 3125.245 101.4
-1263.617 3128.952 101.521
-1269.606 3143.781 102.002
-1330.551 3135.857 102.46
-1330.551 3135.857 102.46
-1333.674 3143.219 102.701
-1391.604 3126.76 102.888
-1388.352 3119.455 102.648
-1393.229 3130.413 103.009
-1452.744 3116.483 103.284
-1454.433 3120.107 103.404
-1457.811 3127.355 103.645
-1519.204 3115.802 104.008
-1529.718 3137.365 104.728
-1589.71 3120.87 104.937
-1591.525 3124.432 105.057
-1593.34 3127.995 105.177
-1596.969 3135.12 105.417
-1658.974 3120.885 105.711
-1662.727 3127.946 105.95
-1724.843 3112.432 106.211
-1732.595 3126.421 106.689
-1730.658 3122.924 106.569
-1784.924 3092.237 106.318
-1788.921 3099.162 106.556
-1796.917 3113.013 107.032
-1855.118 3088.027 106.984
-1867.472 3108.591 107.697
-1879.825 3129.154 108.409
-1940.534 3106.037 108.441
-1946.889 3116.209 108.797
-1953.245 3126.382 109.152
-2022.781 3115.285 109.619
-2033.667 3132.052 110.209
-2083.577 3089.447 109.576
-1956.148 2900.5 102.874
-1990.446 2842.987 101.651
-1981.273 2829.886 101.183
-1983.566 2833.161 101.3
-2051.537 2823.986 101.803
-2060.937 2836.925 102.269
-2067.987 2846.63 102.62
-2127.004 2822.874 102.615
-2129.41 2826.067 102.731
-2139.035 2838.841 103.195
-2198.128 2813.677 103.152
-2210.435 2829.431 103.73
-2212.897 2832.582 103.845
-2249.443 2777.99 102.728
-2264.539 2796.635 103.418
-2304.798 2846.353 105.257
-2382.421 2839.385 105.929
-2395.272 2854.7 106.501
-2420.973 2885.33 107.644
-2502.467 2878.849 108.373
-2478.859 2851.69 107.35
-2463.12 2833.584 106.668
-2528.28 2807.992 106.681
-2530.955 2810.964 106.794
-2590.566 2778.061 106.541
-2620.562 2810.228 107.775
-2639.65 2830.697 108.56
-2716.457 2812.96 108.922
-2735.899 2833.094 109.701
-2671.864 2671.822 104.482
-2654.899 2654.858 103.818
-2637.935 2637.894 103.155
-2660.589 2569.234 101.49
-2617.445 2527.571 99.844
-2580.053 2491.462 98.418
-2614.397 2437.875 97.305
-2620.246 2443.329 97.522
-2629.019 2451.51 97.849
-2671.432 2405.256 97.031
-2710.062 2440.037 98.433
-2930.314 2547.14 103.886
-2900.136 2520.908 102.816
-2931.468 2459.632 101.454
-2916.152 2446.781 100.924
-2897.773 2431.36 100.288
-2921.149 2365.322 98.704
-2908.718 2355.257 98.284
-2902.503 2350.224 98.075
-2936.805 2294.291 96.895
-2921.05 2281.983 96.376
-2898.992 2264.751 95.647
-2915.75 2196.972 93.941
-2931.031 2129.303 92.222
-2788.685 2025.893 87.743
-2778.979 2018.843 87.437
-2803.99 1963.16 86.162
-2794.162 1956.28 85.86
-2814.644 1898.279 84.468
-2798.068 1887.099 83.97
-2794.753 1884.863 83.871
-2840.663 1844.518 83.257
-2833.956 1840.162 83.06
-2813.832 1827.096 82.47
-2835.143 1771.359 81.152
-2811.404 1756.527 80.472
-2797.839 1748.052 80.085
-2999.337 1801.93 83.839
-2985.625 1793.693 83.456
-3006.111 1735.323 82.055
-3002.648 1733.324 81.96
-2988.795 1725.327 81.583
-3004.486 1665.156 80.077
-3000.989 1663.218 79.984
-2986.998 1655.464 79.61
-3004.868 1597.458 78.19
-3001.337 1595.581 78.098
-2983.682 1586.195 77.638
-2985.993 1521.183 75.848
-2982.43 1519.368 75.758
-2997.734 1461.836 74.322
-2979.762 1453.072 73.876
-2972.573 1449.566 73.698
-2986.569 1392.407 72.257
-2979.321 1389.027 72.082
-2972.072 1385.647 71.907
-2992.173 1331.95 70.632
-2984.866 1328.697 70.459
-2977.559 1325.444 70.286
-2996.58 1271.725 68.998
-2989.218 1268.6 68.828
-2985.536 1267.038 68.744
-2996.093 1210.256 67.276
-2984.97 1205.763 67.026
-2973.846 1201.269 66.776
-2968.245 1139.166 64.979
-2960.778 1136.3 64.816
-2964.511 1137.733 64.897
-2972.664 1081.73 63.423
-2953.874 1074.892 63.022
-2964.643 1020.584 61.626
-2964.643 1020.584 61.626
-2945.736 1014.075 61.233
-2936.382 953.872 59.447
-2924.971 950.166 59.216
-2917.363 947.695 59.062
-2925.831 894.309 57.665
-2929.656 895.478 57.74
-2922.006 893.14 57.59
-2917.948 836.509 55.963
-2914.103 835.407 55.889
-2910.258 834.305 55.815
-2912.807 780.294 54.335
-2901.217 777.189 54.119
-2918.241 727.417 52.919
-2914.36 726.45 52.848
-2910.479 725.483 52.778
-2918.821 673.691 51.424
-2907.129 670.992 51.218
-2903.233 670.093 51.149
-2914.505 619.335 49.858
-2914.505 619.335 49.858
-2910.592 618.504 49.79
-2928.816 569.152 48.616
-2936.668 570.678 48.745
-2936.668 570.678 48.745
-2950.138 520.047 47.482
-2946.199 519.353 47.419
-2938.321 517.964 47.292
-2939.032 465.367 45.83
-2939.032 465.367 45.83
-2939.032 465.367 45.83
-2946.725 414.018 44.482
-2946.725 414.018 44.482
-2938.804 412.905 44.362
-2945.58 361.567 43.003
-2941.611 361.08 42.946
-2933.671 360.105 42.83
-2939.527 308.866 41.464
-2939.527 308.866 41.464
-2939.527 308.866 41.464
-2944.488 257.532 40.086
-2940.503 257.183 40.032
-2936.519 256.835 39.977
-2936.582 205.283 38.538
-2932.591 205.004 38.485
-2935.74 153.808 37.09
-2939.734 154.017 37.141
-2935.74 153.808 37.09
-2929.999 102.285 35.587
-2926.002 102.146 35.538
-2926.002 102.146 35.538
-2923.357 51.011 34.081
-2923.357 51.011 34.081
-2927.355 51.081 34.127
-2931.811 0.0 33.262
-2935.811 0.0 33.307
-2931.811 0.0 33.262
-2931.368 -51.17 32.971
-2923.37 -51.03 32.881
-2919.37 -50.96 32.836
-2926.034 -102.184 32.625
-2926.034 -102.184 32.625
-2930.032 -102.324 32.671
-2927.803 -153.447 32.359
-2919.815 -153.028 32.271
-2919.815 -153.028 32.271
-2924.683 -204.523 32.039
-2928.673 -204.802 32.082
-2928.673 -204.802 32.082
-2920.671 -255.537 31.708
-2920.671 -255.537 31.708
-2911.792 -306.055 31.326
-2906.011 -356.828 30.976
-2112.019 -259.334 22.513
-2115.096 -297.269 22.336
-2311.065 -366.051 24.175
-2914.876 -513.991 30.198
-2914.876 -513.991 30.198
-2914.876 -513.991 30.198
-2909.392 -565.549 29.848
-2905.465 -564.786 29.809
-2359.172 -501.475 23.964
-2346.166 -541.674 23.592
-2338.372 -539.874 23.514
-2338.372 -539.874 23.514
-2348.002 -585.442 23.368
-2382.93 -594.151 23.716
-2398.455 -598.022 23.871
-2387.656 -639.791 23.515
-2391.519 -640.826 23.553
-2399.246 -642.896 23.629
-2391.509 -685.775 23.302
-2406.888 -690.185 23.451
-2864.96 -875.932 27.611
-2868.785 -877.101 27.647
-2872.61 -878.271 27.685
-2872.065 -933.217 27.372
-2875.869 -934.453 27.408
-2875.869 -934.453 27.408
-2878.037 -991.014 27.116
-2889.382 -994.921 27.223
-2896.946 -997.525 27.295
-2882.858 -1049.301 26.846
-2886.617 -1050.669 26.881
-2897.892 -1054.774 26.986
-2886.515 -1108.056 26.558
-2890.249 -1109.49 26.593
-2877.867 -1162.761 26.155
-2874.159 -1161.262 26.121
-2877.867 -1162.761 26.155
-2868.186 -1217.499 25.739
-2875.549 -1220.625 25.806
-2879.231 -1222.188 25.839
-2861.121 -1273.879 25.344
-2868.429 -1277.133 25.409
-2872.083 -1278.76 25.442
-2849.333 -1328.691 24.905
-2860.207 -1333.762 25.0
-2867.458 -1337.143 25.063
-2854.475 -1392.245 24.608
-2865.259 -1397.505 24.701
-2868.855 -1399.259 24.732
-2858.257 -1456.379 24.293
-2876.077 -1465.458 24.444
-2860.662 -1521.064 23.959
-2871.258 -1526.698 24.047
-2881.853 -1532.331 24.136
-2858.173 -1584.333 23.577
-2865.17 -1588.212 23.635
-2868.669 -1590.151 23.664
-2843.948 -1641.974 23.093
-2854.341 -1647.974 23.178
-2861.269 -1651.974 23.235
-2842.292 -1707.84 22.708
-2859.435 -1718.14 22.844
-2873.149 -1726.381 22.954
-2852.763 -1782.621 22.408
-2866.332 -1791.099 22.515
-2873.116 -1795.338 22.568
-2848.059 -1849.565 21.981
-2858.123 -1856.101 22.058
-2871.541 -1864.815 22.162
-2848.511 -1921.357 21.585
-2861.776 -1930.304 21.686
-2837.486 -1986.838 21.094
-2840.762 -1989.132 21.118
-2853.869 -1998.309 21.216
-2831.507 -2057.216 20.633
-2844.452 -2066.621 20.728
-2860.632 -2078.376 20.845
-2836.706 -2137.614 20.243
-2846.29 -2144.835 20.312
-2859.068 -2154.464 20.403
-2833.645 -2213.884 19.782
-2843.101 -2221.272 19.849
-2852.557 -2228.66 19.915
-2819.449 -2283.139 19.234
-2838.1 -2298.242 19.362
-2869.186 -2323.415 19.573
-2846.589 -2388.562 18.954
-2858.846 -2398.846 19.035
-2868.038 -2406.559 19.096
-2840.701 -2469.368 18.435
-2852.776 -2479.864 18.514
-2861.832 -2487.737 18.573
-2823.929 -2542.657 17.836
-2832.847 -2550.686 17.892
-2802.532 -2613.377 17.198
-2817.159 -2627.017 17.288
-2837.637 -2646.112 17.413
-2814.048 -2717.461 16.748
-2834.19 -2736.911 16.867
-2854.331 -2756.361 16.987
-2819.939 -2819.898 16.243
-2834.081 -2834.04 16.324
-2845.395 -2845.353 16.388
-2806.424 -2906.087 15.607
-2820.317 -2920.474 15.685
-2834.21 -2934.861 15.761
-2804.387 -3007.28 15.019
-2820.755 -3024.832 15.107
-2837.123 -3042.384 15.194
-2810.366 -3121.16 14.451
-1718.89 -1977.308 8.457
-1713.641 -1971.271 8.431
-1705.768 -1962.214 8.392
-1660.982 -1979.428 7.788
-1653.268 -1970.236 7.752
-1637.841 -1951.851 7.68
-1593.461 -1967.703 7.087
-1585.909 -1958.377 7.054
-1580.875 -1952.16 7.032
-1541.642 -1973.148 6.469
-1531.792 -1960.54 6.428
-1485.308 -1971.002 5.842
-1473.272 -1955.029 5.795
-1470.865 -1951.835 5.785
-1436.58 -1977.207 5.254
-1429.527 -1967.499 5.228
-1420.121 -1954.555 5.195
-1378.914 -1969.211 4.645
-1372.031 -1959.381 4.622
-1365.148 -1949.551 4.599
-1324.208 -1963.13 4.059
-1317.497 -1953.182 4.037
61.586 -1766.895 -10.567
92.935 -1775.536 -10.972
465.734 -1738.639 -14.994
685.928 -1884.994 -18.311
719.438 -1874.6 -18.633
720.155 -1876.467 -18.651
726.603 -1893.272 -18.818
795.488 -1969.308 -20.025
795.488 -1969.308 -20.025
832.861 -1962.486 -20.411
835.986 -1969.85 -20.487
837.549 -1973.532 -20.525
876.743 -1969.573 -20.947
879.996 -1976.882 -21.025
879.996 -1976.882 -21.025
914.363 -1961.219 -21.328
914.363 -1961.219 -21.328
951.957 -1952.15 -21.704
955.463 -1959.34 -21.784
958.97 -1966.531 -21.863
994.959 -1953.056 -22.197
994.959 -1953.056 -22.197
1000.406 -1963.748 -22.318
1040.158 -1956.581 -22.729
1042.036 -1960.113 -22.77
1045.791 -1967.177 -22.852
1085.78 -1959.118 -23.261
1087.719 -1962.616 -23.302
1089.657 -1966.114 -23.344
1127.804 -1953.723 -23.708
1129.803 -1957.187 -23.749
1131.803 -1960.651 -23.791
1167.908 -1944.025 -24.109
1172.028 -1950.882 -24.194
1174.088 -1954.311 -24.236
1212.254 -1940.304 -24.591
1218.612 -1950.48 -24.72
1227.09 -1964.049 -24.891
1265.536 -1949.04 -25.244
1272.071 -1959.104 -25.375
1310.541 -1943.234 -25.722
1310.541 -1943.234 -25.722
1315.014 -1949.866 -25.81
1353.43 -1933.169 -26.153
1360.312 -1942.998 -26.286
1367.194 -1952.828 -26.419
1398.717 -1925.43 -26.623
1405.769 -1935.138 -26.757
1422.224 -1957.791 -27.07
1468.211 -1948.64 -27.541
1468.211 -1948.64 -27.541
1470.618 -1951.835 -27.586
1511.845 -1935.324 -27.962
1516.769 -1941.628 -28.053
1521.694 -1947.932 -28.144
1570.56 -1939.726 -28.653
1563.009 -1930.4 -28.515
1550.424 -1914.858 -28.285
1578.465 -1881.376 -28.417
1568.183 -1869.119 -28.231
1568.183 -1869.119 -28.231
1600.564 -1841.463 -28.444
1603.188 -1844.481 -28.491
1618.932 -1862.594 -28.771
1669.925 -1854.861 -29.306
1677.954 -1863.778 -29.446
1715.681 -1840.057 -29.742
1721.136 -1845.908 -29.837
1732.047 -1857.609 -30.026
1769.76 -1832.849 -30.316
1780.873 -1844.358 -30.506
1794.764 -1858.745 -30.743
1835.415 -1835.621 -31.076
1841.071 -1841.277 -31.172
1866.524 -1866.733 -31.603
1927.589 -1861.655 -32.267
1941.973 -1875.548 -32.508
1947.727 -1881.106 -32.604
1989.036 -1855.007 -32.927
2000.737 -1865.918 -33.12
2012.437 -1876.83 -33.314
2059.747 -1854.801 -33.728
2074.608 -1868.184 -33.971
2089.469 -1881.566 -34.215
2137.083 -1857.93 -34.623
2140.1 -1860.554 -34.671
2152.175 -1871.051 -34.867
2199.821 -1846.057 -35.268
2227.395 -1869.197 -35.711
2242.714 -1882.053 -35.956
2281.437 -1847.656 -36.203
2306.302 -1867.794 -36.598
2357.46 -1842.03 -37.034
2379.521 -1859.269 -37.381
2398.432 -1874.044 -37.678
2446.745 -1843.932 -38.058
2469.104 -1860.783 -38.406
2491.464 -1877.634 -38.754
2540.033 -1845.617 -39.126
2556.212 -1857.372 -39.375
2582.097 -1876.181 -39.774
2604.621 -1823.945 -39.737
2670.146 -1869.83 -40.737
2709.005 -1827.414 -40.941
2738.847 -1847.545 -41.392
2781.952 -1876.622 -42.043
2831.053 -1838.673 -42.388
2847.825 -1849.565 -42.64
2861.242 -1858.279 -42.841
2920.374 -1825.013 -43.326
2964.468 -1852.569 -43.98
2994.995 -1871.646 -44.432
3051.203 -1833.507 -44.857
3064.916 -1841.747 -45.059
3075.201 -1847.928 -45.21
3113.913 -1797.972 -45.37
3127.768 -1805.972 -45.573
3204.288 -1776.315 -46.275
3246.265 -1799.585 -46.881
3301.9 -1755.796 -47.267
5869.261 -3120.998 -84.02
5872.947 -2992.659 -83.344
5851.565 -2981.763 -83.041
5917.096 -2886.191 -83.251
5930.321 -2765.571 -82.727
4172.69 -1857.944 -57.717
4285.48 -1819.216 -58.781
5788.087 -202.135 -66.796
5812.07 -202.972 -67.073
5838.729 -101.92 -66.81
5766.745 -100.664 -65.986
5662.766 -98.849 -64.797
5607.639 0.0 -63.619
5575.641 0.0 -63.256
5526.808 96.475 -62.163
1622.431 527.175 -15.462
1603.532 552.155 -15.108
1597.858 550.202 -15.055
1588.403 546.946 -14.965
1574.86 573.217 -14.666
1569.222 571.165 -14.613
1567.342 570.481 -14.595
1559.017 598.465 -14.345
1560.884 599.182 -14.362
1564.618 600.615 -14.396
1555.755 628.58 -14.139
1557.609 629.329 -14.156
1550.072 657.981 -13.911
1553.754 659.544 -13.943
1559.277 661.888 -13.993
1551.144 690.628 -13.741
1554.798 692.255 -13.773
1558.453 693.882 -13.806
1547.92 721.821 -13.53
1553.358 724.356 -13.577
1558.795 726.892 -13.624
1547.671 754.863 -13.342
1553.064 757.494 -13.388
1556.659 759.247 -13.42
1548.519 789.023 -13.161
1553.865 791.747 -13.207
1559.211 794.471 -13.252
1548.643 823.44 -12.97
1553.94 826.257 -13.014
1559.237 829.074 -13.059
1546.283 857.13 -12.755
1551.53 860.039 -12.799
1555.029 861.978 -12.828
1544.946 891.986 -12.545
1548.41 893.986 -12.574
1537.718 923.964 -12.285
1541.146 926.024 -12.312
1546.289 929.114 -12.354
1540.017 962.318 -12.096
1546.802 966.558 -12.15
1546.802 966.558 -12.15
1534.731 996.674 -11.844
1538.086 998.852 -11.87
1513.79 1021.07 -11.471
1531.783 1072.571 -11.388
1556.358 1089.778 -11.57
1543.576 1121.477 -11.248
1550.049 1126.179 -11.295
1559.756 1133.232 -11.366
1546.132 1165.096 -11.034
1550.924 1168.707 -11.068
1558.911 1174.725 -11.125
1544.478 1206.678 -10.783
1549.206 1210.372 -10.816
1538.729 1246.035 -10.498
1548.055 1253.587 -10.561
1551.163 1256.104 -10.583
1533.604 1286.841 -10.211
1545.861 1297.125 -10.293
1553.521 1303.553 -10.344
1536.575 1335.715 -9.972
1516.004 1365.005 -9.575
1521.95 1370.358 -9.612
1539.785 1386.417 -9.726
1527.059 1423.99 -9.371
1535.835 1432.174 -9.425
1541.686 1437.63 -9.461
1524.995 1472.653 -9.076
1536.505 1483.767 -9.144
1542.26 1489.324 -9.179
1521.692 1521.67 -8.764
1533.006 1532.984 -8.83
1519.915 1573.891 -8.453
1533.808 1588.278 -8.53
1539.365 1594.032 -8.561
1514.041 1623.58 -8.108
1524.953 1635.281 -8.167
1535.866 1646.983 -8.225
1514.921 1682.454 -7.789
1525.627 1694.344 -7.845
1536.333 1706.234 -7.899
1516.821 1744.861 -7.463
1522.07 1750.899 -7.488
1532.567 1762.974 -7.541
1514.425 1804.773 -7.101
1524.709 1817.029 -7.149
1534.994 1829.286 -7.197
1512.907 1868.23 -6.729
1517.942 1874.447 -6.752
1528.011 1886.881 -6.797
1504.702 1925.868 -6.314
1517.015 1941.628 -6.366
1521.94 1947.932 -6.387
1502.16 1993.363 -5.908
1528.64 2028.503 -6.013
1543.084 2047.67 -6.07
1518.872 2090.467 -5.556
1525.926 2100.175 -5.581
1498.221 2139.592 -5.047
1509.692 2155.975 -5.086
1525.753 2178.91 -5.14
1503.155 2228.418 -4.607
1512.103 2241.683 -4.634
1523.286 2258.263 -4.668
1496.718 2304.631 -4.108
1511.968 2328.113 -4.15
1525.04 2348.241 -4.186
1496.547 2394.85 -3.602
1511.386 2418.595 -3.638
1526.224 2442.34 -3.673
1493.671 2485.746 -3.062
1501.913 2499.461 -3.078
1514.274 2520.033 -3.104
1490.068 2580.715 -2.49
1506.068 2608.428 -2.518
1518.069 2629.212 -2.538
1491.348 2690.288 -1.893
1504.924 2714.777 -1.911
1522.378 2746.263 -1.933
1361.543 2560.508 -1.145
1300.307 2551.803 -0.499
1302.123 2555.367 -0.5
1136.332 2329.638 0.12
1109.029 2378.115 0.701
1070.614 2404.414 1.284
1068.987 2400.76 1.282
1022.24 2408.003 1.852
1137.906 2680.468 2.062
1090.955 2699.917 2.703
1096.949 2714.752 2.718
1023.602 2666.264 3.279
978.285 2687.479 3.912
986.494 2710.031 3.945
872.627 2533.95 4.253
872.627 2533.95 4.253
866.597 2666.721 5.063
854.235 2628.679 4.991
841.872 2590.638 4.919
794.195 2597.283 5.497
797.704 2608.759 5.521
794.195 2597.283 5.497
749.851 2614.591 6.097
752.057 2622.281 6.115
856.32 3195.233 8.132
753.972 3023.394 8.333
793.655 3182.52 8.772
737.095 3191.987 9.467
736.195 3188.089 9.455
679.614 3196.537 10.144
678.783 3192.624 10.131
677.95 3188.711 10.119
619.91 3188.275 10.775
618.383 3180.422 10.749
619.146 3184.349 10.762
563.481 3194.667 11.451
562.786 3190.727 11.437
561.397 3182.849 11.409
505.14 3188.208 12.076
505.14 3188.208 12.076
504.514 3184.258 12.061
448.867 3192.574 12.74
447.197 3180.691 12.693
445.526 3168.808 12.645
389.67 3172.128 13.297
389.183 3168.158 13.281
388.694 3164.188 13.263
334.671 3182.42 13.978
280.129 3199.727 14.694
280.129 3199.727 14.694
224.247 3204.126 15.352
223.967 3200.136 15.333
224.247 3204.126 15.352
168.295 3207.548 16.007
167.667 3195.565 15.947
167.457 3191.57 15.926
111.314 3182.011 16.51
110.615 3162.023 16.406
110.196 3150.031 16.344
55.206 3151.471 16.976
55.276 3155.47 16.998
55.276 3155.47 16.998
0.2 3155.951 17.625
0.2 3159.951 17.648
0.2 3155.951 17.625
-54.667 3143.472 18.178
-54.737 3147.471 18.201
-109.936 3154.028 18.864
-110.075 3158.026 18.888
-110.215 3162.023 18.912
-165.171 3155.62 19.499
-164.962 3151.626 19.475
-165.171 3155.62 19.499
-221.053 3164.224 20.182
-220.495 3156.243 20.131
-219.937 3148.263 20.079
-274.498 3139.957 20.652
-274.847 3143.941 20.678
-275.544 3151.911 20.731
-330.507 3146.618 21.325
-330.09 3142.64 21.298
-329.672 3138.662 21.271
-385.858 3144.337 21.94
-386.832 3152.277 21.996
-386.832 3152.277 21.996
-442.342 3149.003 22.608
-441.23 3141.081 22.55
-495.98 3132.899 23.126
-498.481 3148.701 23.242
-501.609 3168.455 23.388
-558.91 3171.032 24.053
-558.216 3167.092 24.023
-559.605 3174.971 24.083
-614.928 3164.717 24.653
-616.454 3172.57 24.714
-617.217 3176.496 24.745
-672.558 3165.236 25.309
-673.39 3169.149 25.341
-674.222 3173.061 25.372
-729.494 3160.807 25.93
-732.193 3172.499 26.027
-733.092 3176.397 26.059
-787.447 3159.234 26.58
-788.414 3163.115 26.612
-790.349 3170.877 26.678
-847.636 3164.324 27.291
-846.601 3160.46 27.258
-901.628 3145.199 27.796
-902.73 3149.044 27.831
-904.935 3156.734 27.899
-962.227 3148.106 28.501
-962.227 3148.106 28.501
-963.395 3151.931 28.535
-1018.256 3134.633 29.06
-1018.256 3134.633 29.06
-1019.492 3138.438 29.096
-1079.316 3135.291 29.757
-1081.92 3142.855 29.829
-1083.222 3146.637 29.864
-1139.339 3131.007 30.414
-1142.075 3138.524 30.487
-1144.81 3146.042 30.56
-1199.541 3125.579 31.067
-1200.973 3129.313 31.104
-1203.84 3136.781 31.178
-1264.392 3130.124 31.828
-1270.385 3144.959 31.979
-1329.765 3133.35 32.587
-1331.328 3137.032 32.626
-1328.202 3129.668 32.55
-1385.872 3113.314 33.112
-1390.752 3124.277 33.228
-1394.005 3131.585 33.306
-1453.516 3117.65 33.903
-1456.896 3124.901 33.983
-1461.966 3135.776 34.101
-1519.976 3116.969 34.654
-1523.482 3124.159 34.734
-1528.742 3134.945 34.854
-1588.667 3118.474 35.442
-1594.114 3129.166 35.564
-1599.561 3139.858 35.684
-1657.87 3118.522 36.227
-1659.746 3122.054 36.268
-1659.746 3122.054 36.268
-1723.675 3110.099 36.926
-1731.431 3124.093 37.092
-1733.369 3127.591 37.134
-1791.688 3103.787 37.663
-1797.687 3114.179 37.789
-1855.882 3089.183 38.309
-1860.002 3096.04 38.395
-1870.3 3113.183 38.607
-1939.184 3103.808 39.336
-1949.78 3120.768 39.552
-1947.66 3117.376 39.509
-2012.66 3099.678 40.147
-2030.085 3126.515 40.495
-2025.729 3119.806 40.407
-1970.284 2921.483 38.671
-1945.683 2885.006 38.188
-1981.973 2830.945 38.298
-1984.267 2834.222 38.342
-2000.325 2857.158 38.653
-2056.936 2831.515 39.151
-2066.34 2844.459 39.331
-2075.743 2857.403 39.51
-2132.515 2830.32 40.003
-2144.551 2846.293 40.228
-2201.285 2817.883 40.713
-2208.672 2827.338 40.85
-2211.134 2830.49 40.896
-2267.748 2800.79 41.372
-2282.848 2819.442 41.647
-2292.917 2831.876 41.83
-2352.274 2803.679 42.347
-2370.269 2825.128 42.671
-2385.694 2843.513 42.948
-2471.691 2843.701 43.925
-2497.93 2873.889 44.391
-2492.682 2867.852 44.298
-2539.678 2820.934 44.569
-2547.706 2829.851 44.71
-2561.087 2844.714 44.945
-2621.255 2811.28 45.44
-2653.987 2846.384 46.008
-2681.263 2875.638 46.481
-2728.263 2825.523 46.735
-2739.377 2837.032 46.925
-2771.505 2771.815 46.925
-2692.319 2692.621 45.585
-2687.116 2595.203 44.981
-2583.545 2495.174 43.248
-2572.036 2484.06 43.055
-2614.998 2438.788 43.289
-2620.848 2444.244 43.386
-2629.623 2452.428 43.531
-2674.996 2408.833 43.803
-2795.11 2430.005 45.284
-2773.981 2411.635 44.941
-2743.796 2385.393 44.453
-2769.691 2324.284 44.404
-2763.563 2319.142 44.307
-2748.244 2306.286 44.061
-2775.644 2247.897 44.046
-2769.428 2242.863 43.947
-2801.847 2189.258 44.015
-2808.15 2194.183 44.115
-2817.605 2201.571 44.263
-2858.795 2154.464 44.467
-2871.571 2164.093 44.666
-2846.018 2144.835 44.268
-2815.068 2045.461 43.362
-2785.947 2024.301 42.914
-2766.533 2010.194 42.614
-2794.643 1957.012 42.636
-2791.367 1954.718 42.586
-2778.262 1945.541 42.386
-2801.847 1890.043 42.344
-2791.9 1883.332 42.194
-2775.321 1872.149 41.943
-2794.155 1814.709 41.836
-2794.155 1814.709 41.836
-2815.227 1759.305 41.766
-2801.66 1750.826 41.565
-2788.092 1742.347 41.363
-3013.491 1810.846 44.303
-2996.35 1800.545 44.051
-3010.0 1737.973 43.856
-3003.073 1733.973 43.755
-2989.218 1725.973 43.554
-3008.393 1667.719 43.445
-3001.396 1663.841 43.345
-2987.404 1656.084 43.142
-3005.259 1598.056 43.021
-2994.664 1592.423 42.869
-2980.539 1584.911 42.667
-3004.184 1530.832 42.633
-2993.493 1525.384 42.481
-2982.802 1519.936 42.33
-2990.902 1458.876 42.081
-2980.117 1453.616 41.929
-2962.143 1444.849 41.676
-2972.411 1386.166 41.465
-2976.036 1387.857 41.515
-2992.498 1332.448 41.393
-2985.191 1329.195 41.292
-2977.882 1325.941 41.191
-2996.891 1272.201 41.106
-2989.527 1269.075 41.005
-2982.164 1265.949 40.903
-2992.68 1209.211 40.707
-2981.555 1204.716 40.555
-2966.721 1198.722 40.353
-2979.725 1143.893 40.195
-2975.99 1142.459 40.144
-2961.054 1136.725 39.943
-2969.169 1080.767 39.722
-2965.411 1079.399 39.672
-2954.136 1075.295 39.521
-2968.672 1022.268 39.389
-2961.109 1019.664 39.29
-2957.327 1018.361 39.24
-2970.849 965.354 39.097
-2967.044 964.118 39.047
-2979.597 911.016 38.892
-2975.771 909.847 38.843
-2968.121 907.508 38.743
-2979.665 854.462 38.577
-2971.976 852.257 38.478
-2964.286 850.052 38.379
-2978.673 798.185 38.252
-2974.81 797.15 38.202
-2970.946 796.115 38.152
-2980.509 743.172 37.966
-2964.986 739.302 37.767
-2945.582 734.463 37.52
-2946.262 680.241 37.225
-2946.262 680.241 37.225
-2946.262 680.241 37.225
-2953.776 627.884 37.018
-2961.601 629.547 37.116
-2956.434 574.708 36.751
-2936.804 570.892 36.507
-2936.804 570.892 36.507
-2946.322 519.547 36.329
-2946.322 519.547 36.329
-2946.322 519.547 36.329
-2950.993 467.419 36.091
-2939.142 465.542 35.945
-2935.192 464.916 35.897
-2942.861 413.616 35.697
-2923.057 410.833 35.458
-2925.815 359.265 35.201
-2937.725 360.728 35.344
-2929.785 359.753 35.248
-2939.598 308.981 35.076
-2939.598 308.981 35.076
-2939.598 308.981 35.076
-2936.577 256.931 34.751
-2936.577 256.931 34.751
-2940.561 257.28 34.798
-2940.617 205.639 34.511
-2936.627 205.36 34.463
-2940.617 205.639 34.511
-2939.766 154.075 34.213
-2931.778 153.656 34.119
-2931.778 153.656 34.119
-2934.016 102.463 33.859
-2938.013 102.603 33.905
-2938.013 102.603 33.905
-2935.361 51.239 33.588
-2931.361 51.17 33.543
-2927.967 0.0 13.798
-2931.967 0.0 13.817
-2935.967 0.0 13.836
-2923.316 26.283 57.518
-2919.317 26.247 57.44
-2927.315 26.319 57.597
-2925.771 52.63 101.378
-2925.771 52.63 101.378
-2927.33 79.032 145.327
-2927.33 79.032 145.327
-2923.336 78.924 145.129
-2923.999 105.339 189.094
-2923.999 105.339 189.094
-2923.999 105.339 189.094
-2919.778 131.613 232.803
-2923.762 131.793 233.12
-2923.762 131.793 233.12
-2795.378 151.387 265.127
-2912.638 184.285 320.431
-2110.03 152.821 264.282
-2121.906 153.681 265.77
-2901.113 263.656 452.473
-2893.241 262.94 451.245
-2905.049 264.013 453.087
-2903.302 290.891 497.81
-2907.226 291.284 498.483
-2911.149 291.677 499.156
-2881.071 315.679 538.961
-2328.494 277.133 472.205
-2320.706 276.206 470.626
-2299.198 295.549 502.716
-2288.671 316.192 537.022
-2392.877 330.588 561.473
-2392.877 330.588 561.473
-2381.141 352.07 597.17
-2381.141 352.07 597.17
-2372.501 374.047 633.706
-2876.801 453.555 768.407
-2864.59 480.013 812.384
-2872.188 481.286 814.539
-2887.385 483.833 818.849
-2877.901 511.089 864.165
-2877.901 511.089 864.165
-2885.454 512.43 866.434
-2878.706 540.439 913.017
-2886.213 541.848 915.397
-2882.46 541.143 914.207
-2867.208 567.747 958.412
-2878.394 569.962 962.151
-2882.123 570.7 963.397
-2869.547 598.104 1008.946
-2873.25 598.875 1010.247
-2876.952 599.647 1011.548
-2859.668 626.263 1055.765
-2867.019 627.873 1058.478
-2874.37 629.483 1061.193
-2856.047 656.107 1105.416
-2863.342 657.782 1108.239
-2844.033 684.337 1152.343
-2851.27 686.078 1155.275
-2858.507 687.82 1158.207
-2845.327 716.167 1205.325
-2859.678 719.78 1211.404
-2870.443 722.489 1215.964
-2855.991 751.038 1263.409
-2870.218 754.779 1269.703
-2877.331 756.649 1272.849
-2861.623 785.353 1320.546
-2868.671 787.287 1323.798
-2875.719 789.221 1327.051
-2851.826 816.005 1371.514
-2862.298 819.001 1376.549
-2865.788 820.0 1378.229
-2844.276 847.753 1424.316
-2851.187 849.813 1427.778
-2858.099 851.873 1431.239
-2835.437 879.616 1477.305
-2845.698 882.799 1482.651
-2832.067 913.765 1534.123
-2845.602 918.132 1541.455
-2855.752 921.407 1546.954
-2833.931 950.367 1595.049
-2843.968 953.733 1600.699
-2857.352 958.222 1608.232
-2834.166 987.283 1656.489
-2847.394 991.891 1664.221
-2860.623 996.5 1671.953
-2832.753 1024.495 1718.414
-2842.555 1028.04 1724.359
-2852.357 1031.585 1730.306
-2829.672 1061.983 1780.791
-2845.804 1068.038 1790.943
-2858.71 1072.881 1799.066
-2831.272 1102.209 1847.748
-2844.011 1107.169 1856.061
-2856.75 1112.128 1864.375
-2827.855 1141.521 1913.157
-2837.281 1145.326 1919.534
-2849.849 1150.399 1928.037
-2825.723 1182.404 1981.189
-2838.117 1187.59 1989.878
-2821.672 1223.598 2049.729
-2839.995 1231.544 2063.039
-2849.156 1235.516 2069.693
-2818.688 1266.432 2121.003
-2830.721 1271.838 2130.057
-2839.745 1275.893 2136.848
-2807.725 1306.828 2188.183
-2819.571 1312.342 2197.416
-2831.419 1317.856 2206.648
-2812.36 1355.845 2269.783
-2829.847 1364.275 2283.896
-2838.59 1368.49 2290.952
-2814.514 1405.342 2352.171
-2831.71 1413.929 2366.543
-2848.907 1422.515 2380.915
-2811.337 1453.834 2432.861
-2822.605 1459.661 2442.612
-2839.507 1468.402 2457.239
-2800.184 1499.733 2509.198
-2816.786 1508.625 2524.075
-2781.334 1542.861 2580.887
-2803.063 1554.914 2601.05
-2813.928 1560.941 2611.131
-2771.065 1592.231 2663.006
-1753.232 1007.392 1684.864
-1710.869 1018.405 1702.991
-1697.808 1010.631 1689.991
-1650.39 1017.919 1701.897
-1637.596 1010.028 1688.704
-1645.273 1014.762 1696.62
-1562.931 999.048 1670.08
-1555.417 994.245 1662.05
-1516.48 1004.898 1679.597
-1506.68 998.405 1668.743
-1499.33 993.534 1660.603
-1460.541 1003.64 1677.238
-1455.752 1000.349 1671.739
-1448.569 995.413 1663.49
-1405.164 1001.686 1673.725
-1395.812 995.019 1662.585
-1386.46 988.352 1651.446
-1350.379 999.046 1669.074
-1341.255 992.296 1657.797
-1298.438 997.439 1666.154
-1273.009 1015.94 1696.826
7.117 907.497 1510.312
7.125 908.527 1512.026
37.996 910.449 1515.079
37.91 908.389 1511.651
37.824 906.329 1508.224
68.761 909.003 1512.528
68.917 911.062 1515.954
68.683 907.974 1510.815
99.548 908.311 1511.231
99.661 909.339 1512.942
99.436 907.282 1509.519
1847.432 3498.34 5813.574
1967.8 3485.408 5791.484
1649.373 2582.385 4290.086
1712.795 2532.286 4206.407
690.241 966.019 1604.491
691.624 967.955 1607.707
727.167 965.506 1603.462
730.789 970.314 1611.447
799.07 1008.554 1674.769
803.61 1014.284 1684.285
805.124 1016.194 1687.457
840.957 1010.771 1678.261
844.113 1014.563 1684.558
879.945 1008.775 1674.755
884.87 1014.421 1684.129
888.154 1018.185 1690.378
922.458 1010.118 1676.791
924.163 1011.986 1679.891
925.868 1013.853 1682.99
963.553 1009.151 1674.987
965.321 1011.002 1678.06
968.857 1014.706 1684.207
1004.855 1007.749 1672.46
1004.855 1007.749 1672.46
1006.686 1009.585 1675.507
1044.456 1004.092 1666.186
1050.133 1009.549 1675.241
1053.918 1013.187 1681.278
1093.876 1009.036 1674.182
1095.829 1010.838 1677.172
1097.782 1012.64 1680.16
1135.879 1006.257 1669.359
1137.893 1008.041 1672.319
1141.921 1011.61 1678.238
1180.094 1004.794 1666.716
1182.168 1006.56 1669.646
1220.279 999.346 1657.459
1235.213 1011.576 1677.743
1243.747 1018.564 1689.333
1275.792 1005.573 1667.562
1277.984 1007.301 1670.426
1280.176 1009.029 1673.292
1318.583 1000.855 1659.507
1320.833 1002.563 1662.339
1323.084 1004.271 1665.171
1363.742 997.359 1653.475
1368.356 1000.734 1659.071
1375.279 1005.796 1667.464
1420.876 1001.686 1660.408
1427.968 1006.686 1668.695
1432.696 1010.019 1674.221
1473.863 1001.994 1660.671
1473.863 1001.994 1660.671
1476.284 1003.64 1663.399
1517.39 995.158 1649.089
1555.833 984.639 1631.401
1555.833 984.639 1631.401
1583.685 967.417 1602.607
1573.351 961.104 1592.149
1608.205 948.438 1570.905
1608.205 948.438 1570.905
1613.478 951.548 1576.055
1661.493 946.153 1566.851
1677.624 955.339 1582.063
1685.69 959.932 1589.669
1726.061 949.221 1571.653
1737.021 955.248 1581.631
1745.24 959.768 1589.115
1794.114 952.894 1577.444
1802.485 957.339 1584.804
1802.485 957.339 1584.804
1843.043 945.429 1564.79
1857.242 952.713 1576.846
1885.641 967.28 1600.957
1938.218 960.269 1589.041
1949.771 965.994 1598.514
1955.549 968.856 1603.25
1999.689 956.819 1583.008
2011.435 962.439 1592.307
2023.181 968.059 1601.605
2067.466 955.308 1580.175
2088.351 964.958 1596.136
2106.25 973.229 1609.817
2144.819 956.92 1582.492
2150.877 959.623 1586.963
2192.14 944.183 1561.072
2219.81 956.102 1580.777
2247.481 968.02 1600.482
2282.901 949.035 1568.719
2292.257 952.924 1575.149
2314.088 962.0 1590.15
2368.304 949.999 1569.921
2387.276 957.609 1582.497
2406.248 965.219 1595.074
2457.645 950.95 1571.083
2480.075 959.629 1585.422
2496.095 965.828 1595.663
2547.74 950.578 1570.039
2570.459 959.054 1584.039
2593.177 967.531 1598.04
2641.815 950.05 1568.718
2658.244 955.959 1578.474
2677.959 963.049 1590.18
2719.971 942.354 1555.541
2749.897 952.723 1572.656
2786.474 965.395 1593.574
2838.748 947.001 1562.715
2855.564 952.611 1571.973
2882.473 961.588 1586.785
2941.62 944.333 1557.789
2972.226 954.158 1573.997
3006.234 965.076 1592.006
3065.762 946.463 1560.749
3086.384 952.829 1571.247
3121.455 926.038 1526.494
3124.927 927.069 1528.192
3135.344 930.159 1533.286
3225.772 918.879 1514.088
3267.846 930.865 1533.837
3326.976 909.152 1497.422
5903.613 1613.261 2657.126
5885.538 1541.357 2537.542
5864.11 1535.745 2528.304
5922.049 1484.715 2443.101
5949.248 1426.138 2345.483
3924.284 898.271 1476.498
4241.535 925.71 1520.67
5821.208 104.684 146.793
5813.212 104.54 146.592
5839.458 52.494 59.847
5775.463 51.918 59.192
5703.47 51.271 58.454
5647.937 0.0 -26.615
5591.938 0.0 -26.352
5551.938 0.0 -26.163
5446.725 -48.97 -107.168
1605.129 -285.056 -481.982
1599.462 -284.05 -480.281
1593.797 -283.044 -478.58
1574.468 -295.585 -499.362
1568.839 -294.528 -497.576
1566.962 -294.176 -496.981
1556.644 -308.237 -520.334
1560.373 -308.975 -521.58
1562.238 -309.345 -522.204
1553.259 -323.748 -546.133
1555.11 -324.134 -546.783
1556.961 -324.519 -547.434
1551.131 -339.695 -572.664
1554.806 -340.5 -574.021
1556.644 -340.903 -574.7
1552.04 -356.543 -600.708
1561.16 -358.638 -604.237
1552.277 -373.512 -628.951
1554.087 -373.948 -629.683
1555.896 -374.383 -630.417
1544.657 -388.789 -654.34
1550.039 -390.144 -656.621
1553.627 -391.047 -658.141
1543.586 -405.916 -682.839
1550.7 -407.786 -685.985
1550.7 -407.786 -685.985
1540.06 -422.659 -710.688
1547.109 -424.593 -713.94
1554.158 -426.528 -717.193
1544.594 -441.961 -742.833
1548.084 -442.96 -744.512
1549.83 -443.459 -745.352
1541.369 -459.414 -771.865
1546.553 -460.959 -774.462
1550.01 -461.989 -776.192
1540.849 -478.006 -802.806
1545.979 -479.598 -805.479
1545.979 -479.598 -805.479
1536.151 -495.638 -832.129
1542.919 -497.822 -835.795
1530.724 -513.333 -861.553
1534.07 -514.455 -863.436
1539.089 -516.138 -866.26
1549.366 -539.723 -905.56
1529.099 -553.014 -927.587
1548.702 -560.104 -939.478
1537.444 -577.007 -967.557
1545.511 -580.034 -972.633
1550.35 -581.85 -975.679
1538.25 -598.838 -1003.894
1546.212 -601.938 -1009.091
1549.397 -603.178 -1011.169
1534.897 -619.592 -1038.419
1544.323 -623.397 -1044.796
1553.749 -627.202 -1051.174
1541.444 -645.007 -1080.747
1546.092 -646.951 -1084.006
1528.406 -662.782 -1110.27
1539.094 -667.417 -1118.034
1546.728 -670.728 -1123.579
1528.168 -686.603 -1149.914
1507.523 -701.662 -1174.879
1510.484 -703.041 -1177.187
1531.217 -712.69 -1193.345
1521.298 -733.421 -1227.8
1527.126 -736.231 -1232.504
1535.87 -740.446 -1239.56
1516.169 -757.053 -1267.107
1524.767 -761.346 -1274.292
1536.232 -767.071 -1283.874
1515.531 -783.73 -1311.502
1529.615 -791.014 -1323.691
1540.883 -796.841 -1333.442
1524.606 -816.554 -1366.174
1530.14 -819.518 -1371.133
1535.674 -822.482 -1376.092
1518.326 -842.245 -1408.903
1526.474 -846.765 -1416.463
1537.339 -852.792 -1426.545
1518.757 -872.665 -1459.532
1529.415 -878.789 -1469.774
1504.519 -895.574 -1497.592
1514.968 -901.794 -1507.993
1528.027 -909.568 -1520.993
1504.541 -927.963 -1551.497
1512.218 -932.697 -1559.412
1522.454 -939.01 -1569.967
1500.314 -959.022 -1603.169
1510.333 -965.427 -1613.875
1520.351 -971.831 -1624.58
1499.33 -993.534 -1660.603
1511.58 -1001.651 -1674.17
1516.48 -1004.898 -1679.597
1484.484 -1020.093 -1704.733
1508.428 -1036.546 -1732.23
1532.371 -1052.999 -1759.725
1503.362 -1071.687 -1790.691
1515.052 -1080.02 -1804.616
1522.067 -1085.021 -1812.97
1496.366 -1107.051 -1849.515
1512.333 -1118.864 -1869.25
1526.02 -1128.99 -1886.166
1498.539 -1151.154 -1922.925
1509.656 -1159.694 -1937.191
1520.773 -1168.233 -1951.455
1493.837 -1192.174 -1991.174
1506.827 -1202.541 -2008.488
1482.59 -1229.964 -2054.013
1501.544 -1245.688 -2080.272
1516.285 -1257.918 -2100.696
1483.553 -1280.274 -2137.749
1493.784 -1289.103 -2152.491
1506.062 -1299.699 -2170.183
1481.545 -1330.972 -2222.115
1497.433 -1345.245 -2245.944
1509.349 -1355.95 -2263.817
1472.69 -1378.415 -2301.033
1468.84 -1374.811 -2295.017
1474.616 -1380.217 -2304.042
1461.062 -1426.101 -2380.342
1487.152 -1451.567 -2422.849
1498.334 -1462.481 -2441.066
1461.053 -1488.679 -2484.491
1484.474 -1512.542 -2524.316
1504.29 -1532.734 -2558.014
1474.624 -1570.201 -2620.232
1112.738 -1239.776 -2068.6
1111.063 -1237.909 -2065.485
1067.256 -1245.912 -2078.598
1062.419 -1240.266 -2069.179
1067.256 -1245.912 -2078.598
1030.991 -1262.989 -2106.849
1037.183 -1270.575 -2119.502
1084.387 -1396.312 -2328.99
904.748 -1369.382 -2283.324
831.288 -1334.298 -2224.586
785.89 -1341.661 -2236.627
972.841 -1660.822 -2768.688
913.085 -1663.49 -2772.847
849.375 -1657.632 -2762.796
847.336 -1653.652 -2756.163
847.336 -1653.652 -2756.163
789.208 -1657.135 -2761.686
787.304 -1653.137 -2755.024
787.304 -1653.137 -2755.024
730.226 -1658.072 -2762.967
729.342 -1656.064 -2759.622
727.574 -1652.05 -2752.931
670.615 -1656.439 -2759.969
669.799 -1654.424 -2756.611
613.589 -1660.31 -2766.141
613.589 -1660.31 -2766.141
612.093 -1656.265 -2759.403
555.155 -1659.603 -2764.689
555.155 -1659.603 -2764.689
554.476 -1657.574 -2761.31
496.964 -1658.353 -2762.335
497.574 -1660.387 -2765.724
497.574 -1660.387 -2765.724
440.119 -1660.644 -2765.881
437.415 -1650.443 -2748.891
435.793 -1644.323 -2738.697
382.334 -1658.33 -2761.756
382.334 -1658.33 -2761.756
380.92 -1652.195 -2751.541
323.241 -1647.289 -2743.103
324.045 -1651.386 -2749.927
324.849 -1655.484 -2756.749
267.681 -1652.112 -2750.868
267.349 -1650.059 -2747.45
267.681 -1652.112 -2750.868
211.639 -1654.383 -2754.383
211.376 -1652.328 -2750.962
155.145 -1652.035 -2750.21
154.758 -1647.92 -2743.36
154.565 -1645.863 -2739.935
98.883 -1649.177 -2745.187
98.265 -1638.882 -2728.051
98.142 -1636.823 -2724.625
42.924 -1647.871 -2742.751
42.87 -1645.811 -2739.321
42.708 -1639.631 -2729.037
-12.893 -1644.002 -2736.048
-12.91 -1646.062 -2739.477
-12.91 -1646.062 -2739.477
-69.029 -1654.05 -2752.507
-69.029 -1654.05 -2752.507
-68.599 -1643.751 -2735.368
-124.128 -1640.941 -2730.43
-124.283 -1643.0 -2733.856
-124.128 -1640.941 -2730.43
-180.156 -1643.806 -2734.933
-179.93 -1641.748 -2731.51
-235.227 -1637.942 -2724.915
-235.227 -1637.942 -2724.915
-234.932 -1635.887 -2721.495
-289.584 -1629.536 -2710.669
-291.407 -1639.798 -2727.739
-293.231 -1650.059 -2744.809
-348.644 -1645.24 -2736.526
-348.21 -1643.191 -2733.118
-347.776 -1641.142 -2729.71
-404.317 -1641.971 -2730.824
-404.317 -1641.971 -2730.824
-404.821 -1644.016 -2734.225
-461.012 -1642.283 -2731.076
-459.294 -1636.163 -2720.898
-460.44 -1640.243 -2727.684
-519.127 -1646.144 -2737.227
-517.843 -1642.074 -2730.46
-516.56 -1638.005 -2723.694
-573.371 -1637.285 -2722.228
-574.081 -1639.314 -2725.602
-573.371 -1637.285 -2722.228
-629.503 -1634.02 -2716.529
-631.061 -1638.064 -2723.253
-687.276 -1634.273 -2716.678
-687.276 -1634.273 -2716.678
-687.276 -1634.273 -2716.678
-743.416 -1629.969 -2709.251
-745.248 -1633.983 -2715.923
-746.162 -1635.991 -2719.26
-801.433 -1629.15 -2707.614
-803.401 -1633.148 -2714.258
-804.383 -1635.147 -2717.581
-859.613 -1627.783 -2705.064
-860.663 -1629.773 -2708.371
-861.714 -1631.763 -2711.678
-915.698 -1621.903 -2695.015
-916.817 -1623.883 -2698.306
-916.817 -1623.883 -2698.306
-974.008 -1619.45 -2690.657
-976.378 -1623.39 -2697.204
-978.748 -1627.33 -2703.75
-1036.176 -1622.318 -2695.138
-1034.925 -1620.359 -2691.883
-1093.554 -1616.767 -2685.629
-1094.872 -1618.715 -2688.864
-1097.507 -1622.611 -2695.336
-1155.012 -1616.485 -2684.869
-1155.012 -1616.485 -2684.869
-1156.395 -1618.421 -2688.084
-1215.325 -1613.664 -2679.89
-1216.773 -1615.587 -2683.084
-1218.222 -1617.51 -2686.278
-1277.302 -1612.158 -2677.093
-1278.815 -1614.068 -2680.265
-1281.842 -1617.889 -2686.608
-1342.691 -1613.82 -2679.549
-1347.425 -1619.509 -2688.995
-1347.425 -1619.509 -2688.995
-1403.644 -1609.147 -2671.485
-1411.852 -1618.557 -2687.108
-1415.136 -1622.321 -2693.356
-1466.384 -1605.734 -2665.508
-1468.089 -1607.601 -2668.608
-1473.205 -1613.202 -2677.906
-1532.845 -1605.383 -2664.612
-1541.685 -1614.641 -2679.979
-1603.376 -1607.994 -2668.625
-1607.037 -1611.665 -2674.718
-1616.188 -1620.843 -2689.95
-1672.644 -1608.002 -2668.312
-1674.536 -1609.821 -2671.331
-1678.32 -1613.459 -2677.367
-1740.433 -1605.448 -2663.742
-1744.34 -1609.052 -2669.722
-1746.293 -1610.854 -2672.711
-1804.517 -1598.593 -2652.032
-1808.545 -1602.162 -2657.952
-1812.573 -1605.73 -2663.871
-1870.729 -1592.837 -2642.141
-1864.507 -1587.54 -2633.353
-1883.172 -1603.433 -2659.715
-1964.821 -1609.087 -2668.741
-1971.221 -1614.328 -2677.434
-1977.621 -1619.569 -2686.127
-2038.637 -1606.844 -2664.66
-2047.405 -1613.755 -2676.121
-2049.597 -1615.483 -2678.986
-2099.382 -1593.511 -2642.184
-2103.882 -1596.927 -2647.848
-2076.764 -1518.82 -2517.982
-2058.304 -1505.32 -2495.6
-2089.941 -1473.361 -2442.264
-2085.212 -1470.028 -2436.738
-2089.941 -1473.361 -2442.264
-2139.401 -1454.455 -2410.564
-2156.342 -1465.972 -2429.652
-2163.603 -1470.908 -2437.833
-2210.488 -1449.716 -2402.343
-2230.291 -1462.703 -2423.864
-2255.044 -1478.938 -2450.766
-2314.777 -1464.951 -2427.206
-2324.896 -1471.355 -2437.817
-2335.015 -1477.759 -2448.428
-2384.57 -1456.649 -2413.061
-2397.487 -1464.54 -2426.133
-2443.99 -1492.947 -2473.191
-2515.126 -1483.295 -2456.793
-2504.581 -1477.076 -2446.492
-2559.451 -1457.504 -2413.66
-2564.828 -1460.566 -2418.73
-2575.582 -1466.69 -2428.872
-2624.709 -1443.419 -2389.91
-2649.367 -1456.979 -2412.362
-2684.985 -1476.566 -2444.794
-2745.581 -1458.238 -2414.005
-2759.533 -1465.648 -2426.271
-2737.21 -1453.793 -2406.645
-2714.868 -1392.651 -2304.992
-2567.198 -1316.9 -2179.616
-2582.364 -1279.405 -2117.142
-2582.364 -1279.405 -2117.142
-2591.03 -1283.699 -2124.247
-2631.016 -1258.898 -2082.784
-2633.952 -1260.303 -2085.108
-2660.38 -1272.949 -2106.029
-2726.788 -1259.959 -2084.098
-2729.772 -1261.338 -2086.377
-2726.788 -1259.959 -2084.098
-2765.846 -1233.994 -2040.7
-2753.729 -1228.588 -2031.759
-2773.225 -1194.465 -1974.876
-2764.002 -1190.492 -1968.309
-2757.852 -1187.844 -1963.93
-2788.133 -1159.067 -1915.895
-2775.659 -1153.881 -1907.322
-2760.065 -1147.399 -1896.607
-2788.845 -1118.69 -1848.691
-2769.873 -1111.08 -1836.116
-2738.253 -1098.397 -1815.155
-2758.843 -1067.494 -1763.628
-2755.638 -1066.254 -1761.579
-2736.413 -1058.815 -1749.289
-2774.927 -1035.343 -1710.042
-2771.682 -1034.132 -1708.042
-2752.209 -1026.866 -1696.041
-2799.535 -1006.77 -1662.372
-2783.106 -1000.862 -1652.616
-2803.1 -971.155 -1603.082
-2803.1 -971.155 -1603.082
-2786.474 -965.395 -1593.574
-2801.749 -934.659 -1542.347
-2811.84 -938.025 -1547.903
-2795.023 -932.415 -1538.645
-2788.588 -895.206 -1476.749
-2788.588 -895.206 -1476.749
-3027.956 -934.791 -1541.502
-3007.334 -928.425 -1531.003
-2997.023 -925.242 -1525.755
-3020.763 -896.166 -1477.252
-3010.347 -893.076 -1472.158
-2996.459 -888.956 -1465.367
-3015.395 -858.952 -1415.343
-3008.383 -856.955 -1412.051
-2994.357 -852.96 -1405.468
-3008.436 -822.105 -1354.051
-3008.436 -822.105 -1354.051
-3017.767 -790.32 -1301.107
-2996.339 -784.708 -1291.867
-2992.768 -783.773 -1290.328
-3004.251 -753.195 -1239.384
-2986.24 -748.679 -1231.953
-2979.035 -746.873 -1228.981
-2992.783 -717.422 -1179.901
-2985.52 -715.681 -1177.037
-2978.256 -713.94 -1174.173
-2998.124 -686.272 -1128.033
-2990.803 -684.597 -1125.279
-2983.481 -682.921 -1122.524
-3002.27 -655.242 -1076.37
-2980.14 -650.412 -1068.436
-2969.075 -647.997 -1064.469
-2997.8 -622.8 -1022.397
-2990.371 -621.256 -1019.864
-2975.512 -618.169 -1014.796
-2977.096 -587.681 -964.047
-2969.616 -586.204 -961.625
-2985.054 -558.759 -915.873
-2973.762 -556.645 -912.409
-2962.468 -554.531 -908.944
-2973.024 -526.515 -862.268
-2969.237 -525.844 -861.169
-2965.45 -525.174 -860.071
-2978.776 -497.838 -814.514
-2974.967 -497.202 -813.473
-2967.349 -495.929 -811.39
-2983.493 -469.215 -766.854
-2975.832 -468.011 -764.885
-2972.003 -467.408 -763.901
-2979.48 -439.52 -717.452
-2975.631 -438.952 -716.525
-2967.932 -437.816 -714.67
-2966.635 -408.97 -666.668
-2966.635 -408.97 -666.668
-2983.717 -382.768 -622.98
-2972.062 -381.273 -620.546
-2972.062 -381.273 -620.546
-2968.715 -352.673 -572.963
-2945.309 -349.892 -568.445
-2949.21 -350.356 -569.199
-2952.593 -322.961 -523.589
-2944.761 -322.104 -522.2
-2940.845 -321.676 -521.505
-2951.091 -295.215 -477.419
-2947.162 -294.822 -476.783
-2939.302 -294.036 -475.511
-2952.553 -267.949 -432.032
-2948.611 -267.591 -431.456
-2940.726 -266.875 -430.302
-2941.209 -239.775 -385.197
-2941.209 -239.775 -385.197
-2941.209 -239.775 -385.197
-2948.678 -213.318 -341.13
-2948.678 -213.318 -341.13
-2940.752 -212.745 -340.212
-2947.305 -186.294 -296.158
-2943.333 -186.042 -295.76
-2943.333 -186.042 -295.76
-2945.002 -159.355 -251.336
-2937.043 -158.924 -250.656
-2937.043 -158.924 -250.656
-2941.774 -132.511 -206.675
-2941.774 -132.511 -206.675
-2941.617 -105.914 -162.41
-2937.626 -105.77 -162.189
-2933.634 -105.626 -161.968
-2936.56 -79.248 -118.053
-2936.56 -79.248 -118.053
-2936.56 -79.248 -118.053
-2934.592 -52.773 -74.002
-2926.596 -52.63 -73.8
-2926.596 -52.63 -73.8
-2927.728 -26.319 -30.006
-2927.728 -26.319 -30.006
-2927.728 -26.319 -30.006
-2927.314 0.0 63.363
-2931.313 0.0 63.45
-2927.314 0.0 63.363
-2926.757 -50.843 68.481
-2926.757 -50.843 68.481
-2926.757 -50.843 68.481
-2925.309 -101.67 73.578
-2929.306 -101.809 73.679
-2929.306 -101.809 73.679
-2926.963 -152.674 78.759
-2922.969 -152.466 78.652
-2922.969 -152.466 78.652
-2923.729 -203.493 83.817
-2927.717 -203.771 83.932
-2923.729 -203.493 83.817
-2915.621 -253.904 88.728
-2919.604 -254.25 88.848
-2914.59 -304.93 93.854
-2908.687 -355.517 98.829
-2920.592 -356.972 99.234
-2118.031 -296.327 75.744
-2118.031 -296.327 75.744
-2910.022 -458.84 109.284
-2909.295 -510.712 114.501
-2909.295 -510.712 114.501
-2909.295 -510.712 114.501
-2903.709 -561.943 119.549
-2903.709 -561.943 119.549
-2899.785 -561.184 119.387
-2893.302 -612.311 124.405
-2893.302 -612.311 124.405
-2307.513 -572.867 107.747
-2284.244 -567.09 106.66
-2260.975 -561.313 105.573
-2239.119 -597.428 108.744
-2239.119 -597.428 108.744
-2250.701 -600.519 109.307
-2401.095 -685.614 121.148
-2866.337 -872.687 150.093
-2870.159 -873.85 150.293
-2873.981 -875.014 150.493
-2869.492 -928.519 155.794
-2873.292 -929.749 156.001
-2877.092 -930.979 156.207
-2875.333 -986.026 161.722
-2879.111 -987.321 161.935
-2886.667 -989.913 162.361
-2876.268 -1042.659 167.457
-2883.778 -1045.381 167.894
-2895.042 -1049.465 168.55
-2879.817 -1101.053 173.425
-2883.548 -1102.479 173.65
-2871.075 -1155.417 178.721
-2871.075 -1155.417 178.721
-2874.78 -1156.908 178.951
-2864.977 -1211.371 184.234
-2868.655 -1212.926 184.471
-2872.332 -1214.481 184.708
-2857.787 -1267.467 189.739
-2861.438 -1269.086 189.981
-2865.087 -1270.705 190.223
-2845.879 -1322.003 194.984
-2853.12 -1325.367 195.479
-2863.982 -1330.413 196.224
-2847.287 -1383.493 201.218
-2858.058 -1388.726 201.979
-2865.24 -1392.216 202.486
-2854.517 -1449.048 207.989
-2868.753 -1456.275 209.026
-2882.99 -1463.503 210.063
-2867.358 -1519.013 215.325
-2877.938 -1524.618 216.12
-2881.465 -1526.487 216.385
-2857.641 -1578.288 221.095
-2864.628 -1582.147 221.637
-2839.795 -1633.71 226.301
-2850.172 -1639.679 227.128
-2857.09 -1643.659 227.68
-2837.992 -1699.243 232.874
-2841.415 -1701.293 233.155
-2848.262 -1705.393 233.717
-2834.747 -1765.212 239.46
-2848.294 -1773.648 240.605
-2865.228 -1784.193 242.034
-2843.441 -1840.256 247.219
-2853.488 -1846.758 248.093
-2866.885 -1855.428 249.258
-2843.733 -1911.686 254.433
-2850.354 -1916.137 255.025
-2860.286 -1922.813 255.914
-2835.834 -1979.12 261.066
-2845.646 -1985.968 261.969
-2858.73 -1995.099 263.174
-2839.349 -2056.218 268.921
-2855.5 -2067.915 270.45
-2868.421 -2077.272 271.674
-2844.2 -2136.434 277.119
-2850.578 -2141.225 277.74
-2821.923 -2197.84 282.832
-2834.507 -2207.641 284.093
-2840.799 -2212.541 284.724
-2810.764 -2269.142 289.785
-2832.481 -2286.674 292.023
-2860.402 -2309.215 294.902
-2837.709 -2373.981 300.946
-2846.883 -2381.655 301.918
-2856.056 -2389.33 302.891
-2828.673 -2451.716 308.593
-2837.711 -2459.549 309.579
-2849.76 -2469.993 310.894
-2817.766 -2529.858 316.241
-2826.665 -2537.847 317.239
-2841.495 -2551.162 318.904
-2813.728 -2616.508 324.896
-2831.24 -2632.793 326.919
-2851.672 -2651.793 329.277
-2818.979 -2714.841 334.931
-2836.203 -2731.429 336.977
-2801.87 -2794.447 342.593
-2815.978 -2808.518 344.318
-2827.265 -2819.775 345.698
-2791.136 -2882.871 351.282
-2802.222 -2894.323 352.677
-2816.082 -2908.637 354.421
-2786.305 -2980.5 361.027
-2808.073 -3003.785 363.848
-2824.399 -3021.249 365.963
-2792.233 -3093.619 372.568
-1714.178 -1967.356 235.6
-1708.943 -1961.348 234.88
-1701.092 -1952.338 233.801
-1658.839 -1972.513 234.922
-1635.764 -1945.075 231.655
-1625.508 -1932.88 230.203
-1586.283 -1954.706 231.555
-1568.713 -1933.055 228.99
-1561.183 -1923.777 227.891
-1519.783 -1941.263 228.759
-1512.418 -1931.855 227.651
-1502.596 -1919.311 226.173
-1463.853 -1938.832 227.304
-1459.053 -1932.475 226.559
-1451.853 -1922.94 225.44
-1408.481 -1935.057 225.724
-1396.763 -1918.959 223.846
-1351.412 -1926.698 223.645
-1349.124 -1923.438 223.267
-1342.264 -1913.658 222.132
-1301.763 -1926.854 222.587
-57.588 -1750.047 177.817
-26.887 -1750.847 177.233
-26.826 -1746.868 176.83
-26.856 -1748.857 177.032
3.827 -1753.104 176.796
3.836 -1757.083 177.197
3.831 -1755.094 176.997
34.57 -1752.837 176.103
34.649 -1756.816 176.504
34.609 -1754.826 176.303
65.303 -1752.036 175.358
65.377 -1754.024 175.556
65.377 -1754.024 175.556
96.125 -1752.688 174.756
96.234 -1754.675 174.954
96.125 -1752.688 174.756
126.555 -1746.848 173.508
126.412 -1744.863 173.311
157.166 -1744.45 172.603
157.344 -1746.433 172.799
157.166 -1744.45 172.603
188.155 -1745.479 172.037
2050.245 -7062.119 668.151
1647.11 -5011.365 469.967
1617.253 -4920.524 461.448
1679.653 -4824.139 450.373
690.713 -1877.376 174.467
688.65 -1871.766 173.945
723.506 -1865.165 172.524
727.109 -1874.453 173.384
801.262 -1963.085 180.721
799.755 -1959.395 180.381
835.536 -1948.944 178.552
838.677 -1956.271 179.224
841.818 -1963.598 179.895
880.996 -1959.66 178.65
884.265 -1966.931 179.312
884.265 -1966.931 179.312
918.591 -1951.348 176.997
921.987 -1958.562 177.651
923.685 -1962.169 177.979
959.681 -1949.478 175.919
963.202 -1956.632 176.564
964.964 -1960.209 176.887
1000.979 -1946.771 174.752
1002.802 -1950.317 175.07
1004.626 -1953.863 175.389
1042.47 -1943.219 173.495
1046.24 -1950.247 174.123
1051.896 -1960.789 175.065
1091.921 -1952.737 173.386
1093.867 -1956.218 173.695
1095.813 -1959.699 174.004
1133.986 -1947.335 171.93
1135.993 -1950.782 172.234
1138.0 -1954.229 172.539
1176.19 -1941.063 170.384
1178.257 -1944.474 170.683
1218.512 -1933.912 168.746
1231.271 -1954.163 170.513
1239.778 -1967.663 171.691
1271.863 -1942.567 168.465
1274.048 -1945.905 168.754
1278.419 -1952.581 169.333
1316.905 -1936.752 166.903
1321.392 -1943.351 167.472
1323.635 -1946.65 167.756
1366.726 -1936.478 165.797
1371.327 -1942.999 166.355
1373.629 -1946.259 166.634
1416.929 -1935.057 164.567
1424.002 -1944.716 165.389
1428.716 -1951.156 165.936
1469.903 -1935.653 163.48
1472.317 -1938.832 163.749
1474.731 -1942.01 164.018
1515.914 -1925.583 161.468
1520.852 -1931.855 161.994
1513.445 -1922.447 161.205
1549.394 -1899.034 158.065
1554.441 -1905.219 158.579
1579.825 -1868.857 154.362
1572.094 -1859.711 153.606
1569.517 -1856.662 153.354
1604.409 -1832.194 150.13
1607.039 -1835.197 150.376
1617.559 -1847.212 151.361
1665.74 -1836.651 149.253
1676.47 -1848.482 150.214
1681.835 -1854.397 150.695
1724.97 -1836.617 147.967
1735.905 -1848.259 148.905
1741.372 -1854.081 149.374
1781.908 -1832.212 146.29
1801.398 -1852.252 147.891
1809.751 -1860.84 148.576
1847.707 -1834.823 145.129
1876.047 -1862.965 147.355
1895.885 -1882.664 148.913
1934.305 -1855.049 145.296
1954.485 -1874.402 146.812
1968.898 -1888.225 147.894
2004.568 -1856.526 143.924
2010.429 -1861.955 144.344
2022.151 -1872.812 145.186
2075.454 -1856.117 142.348
2093.32 -1872.095 143.573
2102.254 -1880.084 144.186
2143.896 -1851.189 140.369
2162.039 -1866.855 141.558
2212.781 -1844.44 138.197
2228.126 -1857.231 139.156
2243.472 -1870.021 140.114
2288.292 -1840.86 136.201
2297.633 -1848.374 136.757
2313.199 -1860.897 137.685
2367.49 -1837.659 134.165
2386.43 -1852.36 135.237
2405.37 -1867.062 136.311
2450.451 -1834.651 132.065
2476.044 -1853.812 133.445
2498.436 -1870.578 134.651
2546.967 -1838.666 130.381
2566.41 -1852.702 131.377
2589.092 -1869.077 132.538
2647.625 -1842.157 128.554
2664.029 -1853.57 129.351
2673.872 -1860.418 129.829
2732.551 -1831.569 125.648
2759.113 -1849.372 126.869
2785.674 -1867.176 128.091
2834.682 -1829.418 123.22
2854.834 -1842.423 124.096
2891.778 -1866.266 125.702
2951.125 -1832.699 121.031
2985.085 -1853.789 122.424
3015.65 -1872.77 123.677
3061.648 -1828.378 118.202
3082.242 -1840.676 118.998
3117.403 -1788.922 113.015
3120.87 -1790.912 113.141
3152.079 -1808.821 114.273
3239.231 -1784.739 109.956
5945.94 -3142.657 188.375
5875.24 -3105.289 186.135
5921.445 -2999.277 174.438
5892.908 -2984.822 173.598
5922.543 -2871.663 161.54
5929.739 -2875.152 161.736
3947.322 -1829.948 99.191
4227.329 -1871.254 97.297
5779.562 -200.84 -104.838
5805.975 -100.852 -115.498
5773.987 -100.296 -114.861
5694.014 -98.907 -113.27
5638.679 0.0 -122.052
5590.69 0.0 -121.013
5550.7 0.0 -120.147
5442.993 189.172 -136.903
1605.804 550.671 -90.318
1600.135 548.728 -90.0
1594.468 546.784 -89.681
1575.188 571.012 -91.708
1569.556 568.97 -91.38
1567.679 568.29 -91.271
1557.414 595.453 -93.789
1561.145 596.879 -94.014
1563.01 597.592 -94.126
1554.085 625.416 -96.74
1555.937 626.162 -96.856
1557.789 626.907 -96.971
1552.016 656.224 -99.804
1555.693 657.779 -100.04
1559.371 659.334 -100.277
1552.986 688.771 -103.108
1556.637 690.389 -103.35
1547.854 719.028 -106.05
1553.285 721.551 -106.423
1556.905 723.233 -106.67
1547.517 751.936 -109.363
1549.312 752.808 -109.49
1552.903 754.553 -109.744
1544.713 784.148 -112.553
1550.052 786.858 -112.941
1551.832 787.762 -113.071
1541.248 816.493 -115.74
1548.302 820.23 -116.27
1553.593 823.032 -116.668
1544.104 852.816 -119.467
1549.344 855.71 -119.872
1551.091 856.675 -120.008
1542.69 887.496 -122.936
1546.149 889.486 -123.211
1551.338 892.471 -123.625
1542.238 923.413 -126.55
1547.373 926.487 -126.971
1552.508 929.562 -127.393
1542.685 960.638 -130.316
1544.378 961.693 -130.459
1533.917 992.741 -133.365
1542.29 998.16 -134.092
1543.966 999.244 -134.238
1534.424 1031.509 -137.287
1534.424 1031.509 -137.287
1531.114 1029.284 -136.991
1516.043 1058.042 -139.566
1517.678 1059.183 -139.717
1537.303 1072.879 -141.523
1539.192 1114.662 -145.78
1547.268 1120.51 -146.545
1552.113 1124.019 -147.004
1540.077 1156.836 -150.054
1548.048 1162.824 -150.831
1551.238 1165.219 -151.142
1536.8 1196.929 -154.028
1544.664 1203.054 -154.816
1552.529 1209.18 -155.605
1540.336 1243.52 -158.806
1546.541 1248.529 -159.445
1552.745 1253.538 -160.086
1539.641 1288.038 -163.283
1547.285 1294.433 -164.093
1528.809 1325.076 -166.785
1534.834 1330.298 -167.442
1534.834 1330.298 -167.442
1509.73 1355.471 -169.439
1515.662 1360.797 -170.104
1531.975 1375.444 -171.935
1523.617 1416.823 -175.929
1529.453 1422.251 -176.603
1538.211 1430.394 -177.614
1518.574 1462.476 -180.426
1527.186 1470.769 -181.449
1538.669 1481.828 -182.813
1518.033 1514.011 -185.614
1529.32 1525.267 -186.994
1543.427 1539.338 -188.72
1521.682 1571.694 -191.513
1527.225 1577.42 -192.211
1538.313 1588.871 -193.606
1521.039 1627.05 -197.084
1529.202 1635.782 -198.142
1540.086 1647.425 -199.552
1518.911 1682.858 -202.669
1529.589 1694.688 -204.094
1507.429 1730.071 -207.184
1517.898 1742.086 -208.623
1530.983 1757.104 -210.421
1507.569 1792.64 -213.499
1515.261 1801.786 -214.589
1525.517 1813.981 -216.041
1503.455 1852.64 -219.465
1513.494 1865.012 -220.93
1523.534 1877.383 -222.396
1502.596 1919.311 -226.173
1514.873 1934.991 -228.021
1527.149 1950.672 -229.868
1497.449 1983.33 -232.52
1509.448 1999.222 -234.384
1533.445 2031.006 -238.11
1509.254 2073.506 -241.874
1518.628 2086.384 -243.377
1528.003 2099.263 -244.879
1502.331 2141.862 -248.621
1516.051 2161.423 -250.892
1529.771 2180.983 -253.162
1504.606 2227.1 -257.271
1513.522 2240.297 -258.795
1524.667 2256.794 -260.7
1499.995 2306.381 -265.17
1513.02 2326.408 -267.472
1486.717 2376.046 -271.911
1503.611 2403.046 -275.001
1518.394 2426.672 -277.705
1485.809 2469.823 -281.353
1498.123 2490.291 -283.684
1516.593 2520.993 -287.182
1486.038 2571.172 -291.584
1497.99 2591.852 -293.929
1513.926 2619.425 -297.056
1477.357 2662.824 -300.643
1492.807 2690.67 -303.787
1515.981 2732.44 -308.503
1482.732 2786.569 -313.244
1493.951 2807.653 -315.615
1505.169 2828.737 -317.985
1467.93 2879.377 -322.288
1491.432 2925.476 -327.448
1511.317 2964.482 -331.813
1473.004 3019.008 -336.485
1488.711 3051.202 -340.074
1118.666 2398.607 -266.221
1079.625 2425.033 -268.042
1127.057 2655.986 -292.37
1127.057 2655.986 -292.37
1120.496 2774.888 -304.225
1068.769 2786.6 -304.287
1176.051 3234.921 -351.843
1176.051 3234.921 -351.843
1174.692 3231.181 -351.435
1112.628 3236.162 -350.595
1107.453 3221.11 -348.964
1104.866 3213.584 -348.148
1047.071 3228.621 -348.415
1043.389 3217.266 -347.19
982.126 3219.796 -346.119
984.448 3227.408 -346.937
984.448 3227.408 -346.937
923.286 3228.834 -345.757
921.098 3221.183 -344.938
917.816 3209.706 -343.708
861.353 3225.28 -344.058
858.273 3213.747 -342.828
855.193 3202.215 -341.598
799.832 3220.563 -342.25
797.914 3212.84 -341.429
794.078 3197.394 -339.788
736.072 3203.064 -339.104
735.181 3199.187 -338.694
734.29 3195.309 -338.284
676.469 3199.911 -337.496
675.646 3196.018 -337.086
675.646 3196.018 -337.086
619.469 3207.387 -337.016
619.469 3207.387 -337.016
561.046 3206.022 -335.615
559.674 3198.183 -334.794
561.046 3206.022 -335.615
505.332 3219.33 -335.751
502.863 3203.607 -334.111
501.63 3195.745 -333.292
447.135 3215.915 -334.147
447.135 3215.915 -334.147
447.683 3219.857 -334.556
390.173 3219.363 -333.262
390.173 3219.363 -333.262
390.653 3223.314 -333.671
333.232 3221.814 -332.277
332.413 3213.898 -331.46
332.413 3213.898 -331.46
274.969 3207.41 -329.563
274.628 3203.445 -329.155
275.648 3215.339 -330.377
219.209 3219.759 -329.601
218.128 3203.878 -327.975
161.097 3191.403 -325.482
160.696 3183.454 -324.672
160.897 3187.429 -325.077
105.361 3201.791 -325.324
105.492 3205.768 -325.728
105.099 3193.836 -324.515
49.13 3199.275 -323.853
49.069 3195.296 -323.451
48.947 3187.338 -322.645
-6.967 3191.803 -321.885
-6.985 3199.762 -322.687
-6.985 3199.762 -322.687
-63.019 3195.296 -321.024
-62.94 3191.317 -320.624
-62.548 3171.421 -318.625
-113.706 3050.65 -305.333
-112.668 3022.809 -302.547
-163.478 2980.762 -297.205
-162.388 2960.891 -295.223
-213.994 2953.761 -293.387
-214.282 2957.732 -293.781
-214.569 2961.702 -294.176
-266.825 2961.601 -293.034
-266.111 2953.671 -292.25
-266.468 2957.636 -292.642
-317.859 2948.712 -290.629
-318.285 2952.67 -291.019
-319.138 2960.586 -291.799
-372.486 2966.555 -291.246
-371.494 2958.654 -290.471
-370.005 2946.804 -289.308
-422.743 2947.923 -288.279
-422.743 2947.923 -288.279
-422.743 2947.923 -288.279
-475.628 2948.105 -287.152
-475.628 2948.105 -287.152
-475.628 2948.105 -287.152
-530.051 2955.184 -286.689
-530.754 2959.103 -287.07
-529.348 2951.264 -286.309
-581.004 2941.733 -284.229
-633.322 2935.198 -282.437
-687.919 3188.233 -306.785
-684.559 3172.661 -305.287
-739.16 3156.531 -302.477
-741.884 3168.164 -303.592
-740.975 3164.286 -303.221
-796.326 3151.055 -300.688
-797.303 3154.916 -301.057
-798.278 3158.778 -301.425
-853.522 3144.552 -298.793
-855.608 3152.24 -299.524
-856.652 3156.085 -299.889
-915.169 3152.322 -298.243
-919.612 3167.624 -299.69
-918.501 3163.799 -299.329
-973.81 3147.484 -296.486
-973.81 3147.484 -296.486
-977.342 3158.902 -297.562
-1038.774 3160.491 -296.392
-1038.774 3160.491 -296.392
-1038.774 3160.491 -296.392
-1095.312 3145.85 -293.691
-1097.932 3153.376 -294.393
-1095.312 3145.85 -293.691
-1155.776 3141.426 -291.936
-1217.854 3139.57 -290.405
-1109.76 2860.91 -264.629
-1153.696 2826.548 -260.211
-1152.19 2822.858 -259.872
-1149.177 2815.478 -259.192
-1203.045 2806.187 -257.089
-1206.186 2813.513 -257.76
-1209.328 2820.84 -258.431
-1260.201 2803.149 -255.546
-1260.201 2803.149 -255.546
-1263.47 2810.421 -256.208
-1315.912 2795.369 -253.555
-1319.308 2802.583 -254.208
-1319.308 2802.583 -254.208
-1369.966 2782.925 -251.128
-1371.727 2786.502 -251.451
-1375.249 2793.656 -252.097
-1431.273 2783.635 -249.873
-1436.742 2794.273 -250.828
-1436.742 2794.273 -250.828
-1491.128 2779.541 -248.165
-1494.898 2786.569 -248.792
-1545.427 2763.767 -245.398
-1549.321 2770.729 -246.016
-1553.213 2777.69 -246.634
-1605.644 2757.289 -243.441
-1605.644 2757.289 -243.441
-1613.672 2771.076 -244.658
-1666.096 2749.554 -241.352
-1674.364 2763.2 -242.55
-1686.767 2783.668 -244.346
-1967.057 3121.935 -272.409
-1981.943 3145.561 -274.47
-2041.1 3117.453 -270.354
-2010.506 3070.725 -266.301
-1962.428 2997.295 -259.933
-1985.453 2919.975 -251.634
-1967.506 2893.58 -249.359
-1960.775 2883.682 -248.506
-2017.876 2859.077 -244.788
-2031.681 2878.637 -246.462
-2036.283 2885.157 -247.021
-2084.135 2846.241 -242.058
-2084.135 2846.241 -242.058
-2155.375 2838.323 -239.717
-2172.271 2860.572 -241.597
-2169.858 2857.393 -241.328
-2234.369 2838.196 -237.995
-2249.181 2857.013 -239.573
-2251.65 2860.149 -239.836
-2308.951 2829.993 -235.553
-2316.521 2839.272 -236.325
-2326.615 2851.643 -237.355
-2394.222 2832.249 -233.935
-2412.262 2853.59 -235.697
-2445.766 2893.223 -238.971
-2517.08 2874.442 -235.533
-2514.451 2871.438 -235.286
-2527.601 2886.456 -236.517
-2577.74 2842.226 -230.969
-2572.375 2836.31 -230.488
-2585.787 2851.098 -231.69
-2659.898 2832.057 -228.164
-2679.034 2852.432 -229.806
-2753.606 2831.34 -226.064
-2770.311 2848.517 -227.436
-2544.85 2527.104 -199.886
-2533.514 2515.847 -198.996
-2571.386 2466.027 -193.15
-2574.269 2468.792 -193.367
-2577.152 2471.556 -193.583
-2620.005 2426.513 -188.111
-2649.312 2453.655 -190.215
-2655.173 2459.083 -190.636
-2700.77 2415.349 -185.237
-2697.793 2412.686 -185.032
-2659.082 2378.067 -182.377
-2685.161 2318.556 -175.808
-2676.09 2310.723 -175.214
-2667.018 2302.89 -174.621
-2697.69 2248.63 -168.482
-2682.344 2235.839 -167.523
-2696.138 2168.959 -160.477
-2652.551 2133.895 -157.883
-2646.324 2128.886 -157.512
-2702.095 2097.382 -153.126
-2689.469 2087.581 -152.411
-2667.372 2070.429 -151.158
-2680.78 2007.099 -144.479
-2664.786 1995.123 -143.617
-2658.387 1990.333 -143.272
-2686.305 1939.255 -137.515
-2676.584 1932.237 -137.017
-2666.863 1925.219 -136.519
-2700.118 1878.68 -131.103
-2719.803 1892.376 -132.059
-2736.207 1903.79 -132.856
-2782.354 1864.951 -127.938
-2775.714 1860.5 -127.632
-2762.433 1851.598 -127.023
-2777.585 1792.569 -120.738
-2747.358 1773.061 -119.424
-2771.137 1720.923 -113.649
-2995.274 1860.116 -122.842
-3020.46 1803.781 -116.612
-3013.596 1799.681 -116.348
-2999.866 1791.482 -115.818
-3013.374 1729.225 -109.244
-3006.439 1725.245 -108.992
-2992.569 1717.285 -108.489
-3011.61 1659.325 -102.23
-3001.103 1653.536 -101.873
-2987.096 1645.819 -101.397
-3004.786 1588.144 -95.196
-2990.646 1580.67 -94.747
-2972.97 1571.328 -94.187
-2989.26 1514.093 -88.06
-2982.125 1510.479 -87.85
-2982.125 1510.479 -87.85
-2993.655 1451.533 -81.653
-2982.86 1446.299 -81.359
-2989.516 1385.917 -75.122
-2978.632 1380.871 -74.849
-2978.632 1380.871 -74.849
-2998.625 1327.36 -69.017
-2987.655 1322.504 -68.764
-2983.997 1320.885 -68.68
-2999.225 1265.797 -62.792
-2995.541 1264.242 -62.715
-2984.487 1259.577 -62.484
-2994.874 1203.125 -56.563
-2983.741 1198.652 -56.353
-2972.608 1194.18 -56.143
-2974.302 1135.282 -50.164
-2970.566 1133.856 -50.101
-2963.092 1131.004 -49.974
-2971.081 1075.327 -44.184
-2963.559 1072.604 -44.073
-2956.038 1069.882 -43.96
-2966.669 1015.827 -38.276
-2962.885 1014.531 -38.228
-2972.502 960.495 -32.568
-2968.695 959.265 -32.526
-2964.889 958.035 -32.484
-2977.299 905.267 -26.891
-2973.473 904.103 -26.857
-2965.819 901.776 -26.788
-2977.222 849.065 -21.223
-2973.376 847.968 -21.195
-2965.683 845.774 -21.14
-2968.356 791.078 -15.564
-2964.491 790.048 -15.544
-2972.221 792.108 -15.585
-2981.664 739.432 -10.065
-2966.135 735.581 -10.013
-2946.723 730.767 -9.947
-2951.181 677.713 -4.498
-2951.181 677.713 -4.498
-2958.591 625.551 0.925
-2954.678 624.723 0.925
-2954.678 624.723 0.925
-2957.217 571.815 6.317
-2941.508 568.777 6.284
-2937.581 568.018 6.275
-2950.923 517.623 11.649
-2946.983 516.932 11.634
-2939.103 515.55 11.602
-2943.634 463.821 16.919
-2943.634 463.821 16.919
-2939.684 463.198 16.897
-2939.325 410.98 22.157
-2939.325 410.98 22.157
-2945.973 359.882 27.456
-2938.032 358.912 27.383
-2930.091 357.942 27.309
-2939.79 307.426 32.616
-2939.79 307.426 32.616
-2939.79 307.426 32.616
-2944.622 256.332 37.876
-2944.622 256.332 37.876
-2940.637 255.985 37.824
-2940.577 204.604 43.006
-2936.587 204.326 42.948
-2940.577 204.604 43.006
-2939.611 153.299 48.163
-2931.623 152.883 48.032
-2931.623 152.883 48.032
-2937.744 102.086 53.288
-2937.744 102.086 53.288
-2933.746 101.948 53.216
-2934.977 50.982 58.385
-2930.978 50.912 58.305
-2927.989 0.0 -8.177
-2931.989 0.0 -8.188
-2935.989 0.0 -8.199
-2923.561 -50.635 -1.821
-2919.561 -50.566 -1.819
-2923.561 -50.635 -1.821
-2914.248 -100.978 4.511
-2918.245 -101.116 4.517
-2928.024 -152.259 10.896
-2924.029 -152.051 10.882
-2924.029 -152.051 10.882
-2924.918 -202.94 17.253
-2924.918 -202.94 17.253
-2924.918 -202.94 17.253
-2920.92 -253.559 23.605
-2912.95 -252.867 23.542
-2916.935 -253.213 23.573
-2796.687 -291.655 28.724
-2914.229 -355.034 36.336
-2926.139 -356.485 36.484
-2119.269 -295.521 31.101
-2117.712 -332.795 35.774
-2915.805 -458.214 49.256
-2903.379 -507.945 55.52
-2899.44 -507.256 55.445
-2907.319 -508.634 55.595
-2905.801 -560.415 62.087
-2909.728 -561.172 62.171
-2913.654 -561.93 62.254
-2899.432 -611.471 68.5
-2899.432 -611.471 68.5
-2907.258 -613.122 68.685
-2872.662 -658.013 74.404
-2248.875 -597.858 68.611
-2241.148 -595.804 68.376
-2229.556 -592.722 68.022
-2226.495 -633.426 73.129
-2876.859 -872.634 101.278
-2884.51 -874.955 101.547
-2868.698 -924.768 107.832
-2876.308 -927.221 108.117
-2887.722 -930.9 108.546
-2878.492 -983.344 115.141
-2882.274 -984.637 115.293
-2886.057 -985.929 115.444
-2879.571 -1039.823 122.213
-2890.849 -1043.896 122.692
-2887.089 -1042.538 122.532
-2872.064 -1093.792 128.994
-2883.269 -1098.059 129.498
-2890.739 -1100.903 129.833
-2874.662 -1152.275 136.313
-2874.662 -1152.275 136.313
-2882.08 -1155.249 136.665
-2865.022 -1206.526 143.136
-2872.387 -1209.628 143.504
-2879.752 -1212.729 143.872
-2861.655 -1264.021 150.347
-2865.311 -1265.635 150.54
-2849.882 -1318.408 157.193
-2857.133 -1321.763 157.593
-2860.759 -1323.44 157.794
-2844.254 -1376.251 164.455
-2858.638 -1383.21 165.287
-2873.021 -1390.17 166.118
-2858.843 -1445.108 173.039
-2873.102 -1452.315 173.902
-2883.796 -1457.721 174.55
-2868.332 -1513.019 181.52
-2875.396 -1516.746 181.967
-2882.462 -1520.472 182.414
-2858.796 -1572.072 188.944
-2869.294 -1577.844 189.638
-2872.792 -1579.769 189.869
-2848.052 -1631.251 196.388
-2854.981 -1635.22 196.865
-2868.84 -1643.158 197.82
-2849.807 -1698.711 204.833
-2860.095 -1704.843 205.572
-2873.813 -1713.02 206.558
-2853.442 -1768.825 213.606
-2863.62 -1775.134 214.367
-2842.045 -1830.928 221.416
-2852.112 -1837.413 222.201
-2865.534 -1846.06 223.247
-2842.595 -1902.048 230.324
-2855.862 -1910.926 231.399
-2865.814 -1917.584 232.205
-2841.498 -1973.738 239.307
-2851.331 -1980.567 240.136
-2861.163 -1987.397 240.963
-2838.737 -2045.961 248.363
-2854.921 -2057.626 249.779
-2867.868 -2066.957 250.911
-2840.68 -2123.459 258.064
-2850.265 -2130.625 258.936
-2863.047 -2140.179 260.097
-2837.597 -2199.194 267.56
-2843.903 -2204.081 268.155
-2853.361 -2211.412 269.047
-2823.376 -2267.967 276.215
-2842.034 -2282.954 278.041
-2870.018 -2305.433 280.779
-2850.504 -2372.627 289.25
-2862.764 -2382.832 290.494
-2829.494 -2439.841 297.728
-2841.573 -2450.257 298.999
-2850.632 -2458.069 299.952
-2818.875 -2517.667 307.506
-2830.768 -2528.29 308.804
-2842.663 -2538.913 310.102
-2812.223 -2601.272 317.998
-2826.855 -2614.806 319.652
-2847.339 -2633.754 321.969
-2812.111 -2693.673 329.573
-2832.259 -2712.973 331.934
-2858.165 -2737.787 334.971
-2823.739 -2800.881 342.97
-2837.886 -2814.913 344.688
-2846.375 -2823.333 345.72
-2810.197 -2886.452 353.727
-2821.316 -2897.872 355.127
-2837.994 -2915.002 357.226
-2805.41 -2984.006 365.96
-2821.784 -3001.422 368.097
-2838.158 -3018.839 370.233
-2800.71 -3085.206 378.65
-1716.929 -1959.01 240.603
-1706.427 -1947.028 239.132
-1695.927 -1935.047 237.66
-1659.072 -1961.069 241.022
-1641.066 -1939.786 238.406
-1646.21 -1945.866 239.154
-1576.487 -1930.883 237.472
-1537.368 -1951.623 240.179
-1529.976 -1942.24 239.024
-1522.585 -1932.857 237.869
-1478.733 -1946.239 239.669
-1473.916 -1939.899 238.888
-1464.282 -1927.22 237.326
-1420.762 -1939.428 238.977
-1409.0 -1923.373 236.999
-1397.24 -1907.318 235.02
-1358.897 -1924.71 237.306
-1356.602 -1921.459 236.906
-1313.656 -1931.485 238.282
-123.521 -1744.078 218.129
-123.521 -1744.078 218.129
-123.38 -1742.098 217.881
-93.037 -1749.904 218.944
-92.826 -1745.94 218.448
-92.616 -1741.977 217.952
-62.033 -1745.288 218.453
-62.104 -1747.271 218.7
-62.175 -1749.255 218.948
-31.398 -1750.054 219.135
-31.398 -1750.054 219.135
-31.362 -1748.07 218.886
-0.611 -1746.352 218.757
-0.61 -1744.367 218.508
30.071 -1744.102 218.561
30.003 -1740.133 218.064
29.9 -1734.181 217.317
60.536 -1737.355 217.801
60.812 -1745.288 218.796
61.02 -1751.238 219.541
91.813 -1749.904 219.46
91.605 -1745.94 218.963
91.605 -1745.94 218.963
122.439 -1746.057 219.064
122.439 -1746.057 219.064
122.716 -1750.017 219.561
153.653 -1749.591 219.594
153.479 -1747.614 219.345
153.306 -1745.637 219.097
183.987 -1742.706 218.816
184.403 -1746.653 219.312
183.987 -1742.706 218.816
214.369 -1737.274 218.22
214.855 -1741.214 218.715
215.098 -1743.183 218.963
246.005 -1741.148 218.794
246.282 -1743.113 219.041
277.529 -1742.492 219.05
278.154 -1746.412 219.543
277.842 -1744.452 219.297
307.791 -1735.456 218.253
338.651 -1731.799 217.882
339.032 -1733.747 218.127
340.175 -1739.591 218.862
371.138 -1735.366 218.419
371.138 -1735.366 218.419
371.138 -1735.366 218.419
401.606 -1728.664 217.664
433.402 -1727.212 217.571
434.369 -1731.063 218.057
1662.828 -5760.997 726.301
1640.804 -5684.693 716.681
1620.982 -5616.019 708.023
1682.143 -5465.601 689.352
1654.107 -5374.507 677.863
1718.762 -5254.418 663.0
1639.738 -5012.836 632.517
1725.066 -4976.141 628.159
682.702 -1862.947 235.27
685.435 -1870.406 236.213
718.95 -1860.093 235.015
720.381 -1863.798 235.483
793.481 -1950.387 246.533
796.475 -1957.747 247.463
799.469 -1965.107 248.394
835.478 -1954.605 247.179
835.478 -1954.605 247.179
837.04 -1958.258 247.64
874.611 -1950.705 246.799
877.863 -1957.956 247.717
879.488 -1961.582 248.176
918.929 -1956.833 247.691
923.997 -1967.624 249.057
925.686 -1971.221 249.512
960.222 -1954.879 247.561
960.222 -1954.879 247.561
965.479 -1965.581 248.917
1005.354 -1959.159 248.223
1008.983 -1966.232 249.12
1047.173 -1955.457 247.876
1050.925 -1962.466 248.765
1054.679 -1969.474 249.653
1087.228 -1947.427 246.983
1091.103 -1954.37 247.863
1094.98 -1961.312 248.744
1131.315 -1945.477 246.861
1133.314 -1948.914 247.298
1131.315 -1945.477 246.861
1169.486 -1932.382 245.328
1173.604 -1939.186 246.191
1181.839 -1952.795 247.919
1228.725 -1952.215 247.977
1235.081 -1962.312 249.26
1235.081 -1962.312 249.26
1269.414 -1940.613 246.638
1271.592 -1943.942 247.061
1273.769 -1947.271 247.484
1312.304 -1931.485 245.615
1319.011 -1941.357 246.869
1327.953 -1954.518 248.543
1369.017 -1940.966 246.96
1373.602 -1947.468 247.788
1380.482 -1957.222 249.029
1419.405 -1939.428 246.909
1421.755 -1942.639 247.317
1462.934 -1927.22 245.5
1467.747 -1933.559 246.309
1467.747 -1933.559 246.309
1511.387 -1920.347 244.775
1523.695 -1935.985 246.768
1580.169 -1937.052 247.06
1549.974 -1900.038 242.338
1575.457 -1863.775 237.867
1570.317 -1857.694 237.091
1572.887 -1860.735 237.479
1608.008 -1836.198 234.503
1610.631 -1839.193 234.887
1626.37 -1857.166 237.182
1674.851 -1846.405 235.969
1682.877 -1855.253 237.099
1696.254 -1870.001 238.985
1731.624 -1843.233 235.731
1734.351 -1846.136 236.101
1756.167 -1869.358 239.071
1799.9 -1850.07 236.777
1794.345 -1844.36 236.047
1805.456 -1855.78 237.508
1863.279 -1849.479 236.88
1888.726 -1874.738 240.115
1905.691 -1891.577 242.273
1947.311 -1866.547 239.253
1953.065 -1872.062 239.96
1967.447 -1885.847 241.727
2017.875 -1867.719 239.597
2032.497 -1881.253 241.333
2074.203 -1853.725 238.001
2092.034 -1869.66 240.047
2103.92 -1880.283 241.411
2145.738 -1851.363 237.905
2166.864 -1869.59 240.247
2184.971 -1885.214 242.255
2233.127 -1859.834 239.21
2245.379 -1870.039 240.523
2257.632 -1880.243 241.835
2299.696 -1848.343 237.957
2318.343 -1863.33 239.886
2340.097 -1880.814 242.137
2391.743 -1854.654 239.004
2401.196 -1861.984 239.949
2420.103 -1876.646 241.838
2475.113 -1851.159 238.8
2484.694 -1858.325 239.724
2507.05 -1875.045 241.881
2568.78 -1852.33 239.207
2588.191 -1866.327 241.016
2607.603 -1880.325 242.823
2659.949 -1848.53 238.986
2676.328 -1859.912 240.458
2695.983 -1873.571 242.224
2755.065 -1844.343 238.728
2781.588 -1862.099 241.026
2834.057 -1826.605 236.726
2850.826 -1837.413 238.127
2881.011 -1856.868 240.648
2940.382 -1823.509 236.635
2964.121 -1838.232 238.545
2998.036 -1859.264 241.275
3057.723 -1823.406 236.95
3071.435 -1831.582 238.012
3078.291 -1835.671 238.543
3113.591 -1784.057 232.177
3137.835 -1797.949 233.984
3193.25 -1829.701 238.117
3256.445 -1791.431 233.5
5875.791 -3100.571 404.805
5915.214 -2991.121 391.205
5872.453 -2969.498 388.376
5851.073 -2958.687 386.963
5916.635 -2863.854 375.266
3871.105 -1791.425 235.215
4187.029 -1850.022 243.437
4322.037 -1820.645 240.134
5820.359 -201.679 41.517
5767.065 -99.885 28.617
5751.067 -99.608 28.537
5687.978 0.0 15.884
5607.978 0.0 15.66
5575.978 0.0 15.571
5519.171 95.59 3.438
1613.241 551.112 -64.53
1601.893 547.236 -64.077
1598.111 545.944 -63.925
1580.757 570.817 -67.09
1575.118 568.781 -66.851
1573.238 568.102 -66.771
1563.016 595.256 -70.201
1563.016 595.256 -70.201
1564.883 595.967 -70.284
1556.027 623.715 -73.785
1557.881 624.459 -73.873
1561.591 625.946 -74.049
1554.035 654.44 -77.64
1557.717 655.99 -77.823
1549.606 684.476 -81.414
1555.088 686.898 -81.703
1558.744 688.512 -81.894
1550.031 717.073 -85.497
1555.47 719.589 -85.797
1559.095 721.267 -85.997
1549.777 749.891 -89.609
1551.576 750.761 -89.713
1555.171 752.501 -89.92
1547.055 782.016 -93.64
1552.401 784.719 -93.963
1554.184 785.62 -94.071
1543.671 814.273 -97.69
1550.736 817.999 -98.137
1557.801 821.726 -98.584
1548.369 851.459 -102.335
1551.867 853.383 -102.567
1553.618 854.345 -102.682
1543.56 884.091 -106.436
1548.757 887.067 -106.794
1552.223 889.052 -107.034
1541.502 918.857 -110.797
1546.646 921.924 -111.166
1538.687 953.819 -115.185
1545.473 958.026 -115.693
1547.169 959.077 -115.819
1533.43 987.88 -119.465
1540.14 992.203 -119.989
1545.173 995.445 -120.381
1534.073 1026.485 -124.3
1539.048 1029.814 -124.703
1542.365 1032.033 -124.971
1519.071 1055.164 -127.934
1520.71 1056.303 -128.072
1542.013 1071.1 -129.866
1542.369 1111.631 -134.942
1550.462 1117.463 -135.651
1556.935 1122.129 -136.217
1543.362 1153.69 -140.209
1549.752 1158.467 -140.789
1554.545 1162.05 -141.224
1544.914 1197.339 -145.671
1552.796 1203.448 -146.415
1555.949 1205.891 -146.713
1539.175 1236.392 -150.579
1545.394 1241.387 -151.188
1534.062 1276.882 -155.666
1544.79 1285.811 -156.755
1552.452 1292.189 -157.532
1535.536 1324.076 -161.574
1513.51 1351.785 -165.106
1519.457 1357.097 -165.756
1534.324 1370.376 -167.377
1527.555 1412.97 -172.732
1533.407 1418.384 -173.394
1542.187 1426.504 -174.386
1525.505 1461.256 -178.786
1534.14 1469.527 -179.798
1542.776 1477.798 -180.809
1525.045 1512.7 -185.231
1536.363 1523.926 -186.606
1544.851 1532.346 -187.637
1523.232 1564.565 -191.733
1531.571 1573.131 -192.783
1514.594 1611.015 -197.576
1525.51 1622.626 -199.0
1536.426 1634.237 -200.424
1515.49 1669.433 -204.892
1526.2 1681.231 -206.339
1536.91 1693.029 -207.787
1514.783 1728.362 -212.275
1525.284 1740.344 -213.746
1535.785 1752.326 -215.218
1512.455 1787.765 -219.722
1520.173 1796.886 -220.844
1530.462 1809.048 -222.338
1508.492 1847.602 -227.229
1518.566 1859.94 -228.747
1528.639 1872.278 -230.264
1507.803 1914.091 -235.56
1517.658 1926.602 -237.1
1529.976 1942.24 -239.024
1502.816 1977.936 -243.571
1517.267 1996.955 -245.914
1541.35 2028.653 -249.817
1517.205 2071.078 -255.199
1526.614 2083.922 -256.782
1536.022 2096.766 -258.365
1510.395 2139.289 -263.762
1528.759 2165.299 -266.969
1501.64 2207.882 -272.38
1510.592 2221.044 -274.003
1521.782 2237.496 -276.032
1493.103 2280.138 -281.455
1506.181 2300.11 -283.92
1519.26 2320.082 -286.385
1493.076 2369.585 -292.659
1510.042 2396.512 -295.985
1522.767 2416.707 -298.479
1494.467 2466.509 -304.797
1506.835 2486.921 -307.319
1525.388 2517.54 -311.103
1498.895 2574.492 -318.311
1506.9 2588.241 -320.011
1518.907 2608.864 -322.561
1492.202 2669.468 -330.227
1505.785 2693.767 -333.232
1523.249 2725.009 -337.098
1493.889 2786.0 -344.82
1503.284 2803.522 -346.988
1520.196 2835.062 -350.892
1490.098 2899.839 -359.09
1506.452 2931.666 -363.032
1519.172 2956.421 -366.097
1482.743 3014.366 -373.457
1498.536 3046.472 -377.435
1461.65 3107.911 -385.234
1476.876 3140.285 -389.247
1498.868 3187.047 -395.043
1160.634 2710.872 -336.339
989.986 2556.701 -317.504
989.986 2556.701 -317.504
995.725 2571.522 -319.344
953.088 2595.817 -322.507
909.899 2619.417 -325.583
912.506 2626.922 -326.516
915.113 2634.428 -327.449
872.356 2661.182 -330.92
873.593 2664.956 -331.389
872.356 2661.182 -330.92
826.592 2679.663 -333.363
827.762 2683.458 -333.835
821.909 2664.48 -331.474
774.924 2678.291 -333.335
778.235 2689.737 -334.76
780.443 2697.368 -335.709
732.885 2710.455 -337.482
733.923 2714.289 -337.959
734.959 2718.123 -338.436
687.042 2730.42 -340.111
688.981 2738.122 -341.07
688.981 2738.122 -341.07
639.819 2745.752 -342.163
641.622 2753.487 -343.127
593.93 2768.044 -345.084
593.93 2768.044 -345.084
594.763 2771.926 -345.567
547.451 2789.579 -347.911
547.451 2789.579 -347.911
548.979 2797.371 -348.882
500.393 2810.344 -350.643
499.001 2802.526 -349.668
499.001 2802.526 -349.668
450.89 2818.564 -351.811
450.89 2818.564 -351.811
451.517 2822.484 -352.301
401.807 2829.856 -353.363
402.365 2833.787 -353.854
401.807 2829.856 -353.363
352.463 2840.306 -354.81
352.953 2844.245 -355.302
352.953 2844.245 -355.302
302.874 2849.907 -356.151
302.874 2849.907 -356.151
252.704 2854.7 -356.892
252.704 2854.7 -356.892
253.403 2862.608 -357.88
203.858 2878.421 -359.999
204.419 2886.339 -360.99
205.54 2902.177 -362.97
155.307 2921.131 -365.485
154.254 2901.313 -363.006
152.99 2877.532 -360.03
102.496 2883.692 -360.942
102.355 2879.725 -360.447
102.073 2871.792 -359.453
51.547 2873.105 -359.758
51.262 2857.232 -357.771
51.191 2853.263 -357.274
0.995 2845.76 -356.475
0.991 2833.853 -354.983
0.991 2833.853 -354.983
-48.921 2837.39 -355.565
-48.921 2837.39 -355.565
-98.821 2836.093 -355.542
-98.821 2836.093 -355.542
-98.958 2840.06 -356.04
-149.105 2841.86 -356.405
-148.897 2837.896 -355.908
-148.689 2833.933 -355.411
-198.791 2834.868 -355.669
-198.513 2830.909 -355.172
-198.791 2834.868 -355.669
-248.623 2830.977 -355.32
-248.97 2834.931 -355.816
-249.317 2838.885 -356.313
-298.38 2826.223 -354.864
-298.38 2826.223 -354.864
-299.213 2834.118 -355.854
-349.504 2832.427 -355.783
-350.476 2840.306 -356.773
-349.504 2832.427 -355.783
-399.828 2829.856 -355.602
-400.938 2837.717 -356.589
-400.382 2833.787 -356.095
-450.791 2830.324 -355.802
-451.415 2834.244 -356.295
-499.813 2818.161 -354.416
-499.813 2818.161 -354.416
-503.279 2837.704 -356.874
-554.642 2836.332 -356.845
-554.642 2836.332 -356.845
-556.928 2848.02 -358.316
-608.599 2845.689 -358.168
-608.599 2845.689 -358.168
-611.921 2861.218 -360.122
-663.953 2857.903 -359.853
-661.258 2846.301 -358.392
-660.359 2842.434 -357.904
-709.291 2826.697 -356.07
-708.325 2822.846 -355.585
-708.325 2822.846 -355.585
-757.871 2810.133 -354.131
-758.906 2813.967 -354.614
-758.906 2813.967 -354.614
-808.288 2800.379 -353.05
-809.39 2804.194 -353.531
-810.491 2808.009 -354.012
-862.098 2801.12 -353.293
-864.434 2808.711 -354.25
-917.414 2804.621 -353.886
-926.057 2831.044 -357.219
-933.465 2853.693 -360.078
-984.822 2840.829 -358.61
-974.415 2810.807 -354.819
-967.911 2792.043 -352.451
-1016.877 2774.839 -350.433
-1015.511 2771.11 -349.962
-1015.511 2771.11 -349.962
-1062.67 2749.38 -347.372
-1061.238 2745.674 -346.904
-1056.941 2734.558 -345.499
-1104.885 2715.822 -343.286
-1104.885 2715.822 -343.286
-1100.393 2704.782 -341.89
-1147.806 2685.298 -339.583
-1147.806 2685.298 -339.583
-1149.367 2688.952 -340.044
-1202.997 2683.125 -339.464
-1206.248 2690.377 -340.382
-1207.874 2694.003 -340.84
-1255.081 2672.659 -338.298
-1258.46 2679.854 -339.209
-1308.916 2664.771 -337.46
-1314.172 2675.473 -338.816
-1317.676 2682.607 -339.719
-1366.482 2662.901 -337.387
-1371.926 2673.51 -338.731
-1375.556 2680.582 -339.628
-1426.257 2663.346 -337.61
-1430.009 2670.355 -338.499
-1433.763 2677.364 -339.387
-1486.459 2662.525 -337.675
-1492.273 2672.939 -338.996
-1494.211 2676.41 -339.436
-1547.063 2660.423 -337.581
-1551.061 2667.297 -338.454
-1551.061 2667.297 -338.454
-1603.926 2650.221 -336.462
-1610.102 2660.428 -337.758
-1618.338 2674.036 -339.486
-1673.608 2659.051 -337.763
-1690.556 2685.978 -341.183
-1713.86 2723.003 -345.886
-1774.567 2712.864 -344.786
-1783.276 2726.179 -346.477
-1844.38 2714.609 -345.199
-1933.134 2740.761 -348.723
-1990.462 2822.041 -359.065
-2024.86 2870.809 -365.27
-2027.153 2874.06 -365.683
-2079.758 2841.712 -361.778
-2089.157 2854.556 -363.413
-2155.903 2840.114 -361.791
-2165.528 2852.793 -363.406
-2177.558 2868.642 -365.424
-2242.465 2849.244 -363.176
-2240.004 2846.116 -362.777
-2252.311 2861.754 -364.77
-2312.381 2834.635 -361.541
-2319.93 2843.889 -362.721
-2332.511 2859.311 -364.688
-2392.741 2830.628 -361.263
-2408.162 2848.87 -363.591
-2418.443 2861.032 -365.144
-2489.396 2842.662 -363.041
-2507.759 2863.63 -365.718
-2520.874 2878.607 -367.631
-2587.189 2852.194 -364.508
-2595.216 2861.042 -365.639
-2616.62 2884.639 -368.654
-2694.244 2867.897 -366.774
-2710.605 2885.313 -369.001
-2766.513 2843.626 -363.936
-2533.193 2603.802 -333.242
-2539.037 2520.231 -322.79
-2533.381 2514.618 -322.071
-2527.726 2509.005 -321.352
-2568.611 2462.078 -315.588
-2568.611 2462.078 -315.588
-2557.105 2451.05 -314.174
-2579.371 2387.432 -306.267
-2644.759 2363.633 -303.469
-2620.985 2342.387 -300.74
-2655.766 2291.42 -294.453
-2637.659 2275.797 -292.446
-2671.174 2224.657 -286.133
-2655.858 2211.901 -284.493
-2649.732 2206.799 -283.837
-2700.589 2170.554 -279.439
-2678.835 2153.07 -277.188
-2657.082 2135.586 -274.936
-2681.651 2079.46 -267.975
-2634.383 2042.807 -263.251
-2583.964 2003.71 -258.213
-2631.604 1968.2 -253.898
-2657.153 1987.309 -256.362
-2662.602 1919.984 -247.944
-2636.72 1901.321 -245.534
-2627.014 1894.322 -244.63
-2656.673 1846.253 -238.692
-2646.845 1839.424 -237.809
-2633.742 1830.318 -236.632
-2655.604 1777.761 -230.109
-2652.289 1775.541 -229.821
-2676.422 1725.007 -223.559
-2669.715 1720.683 -222.998
-2666.36 1718.522 -222.719
-2672.458 1657.353 -215.073
-2648.717 1642.63 -213.162
-2648.717 1642.63 -213.162
-2670.366 1592.414 -206.933
-2660.082 1586.281 -206.135
-2660.082 1586.281 -206.135
-2694.52 1543.934 -200.927
-2743.684 1447.803 -189.023
-2989.678 1511.777 -197.724
-2986.114 1509.975 -197.488
-2997.858 1451.066 -190.141
-2983.479 1444.106 -189.229
-2979.885 1442.366 -189.001
-2986.695 1382.148 -181.477
-2975.822 1377.116 -180.816
-2975.822 1377.116 -180.816
-2992.301 1322.136 -173.975
-2984.994 1318.908 -173.55
-2981.34 1317.293 -173.338
-2996.711 1262.355 -166.499
-2993.029 1260.804 -166.294
-2981.985 1256.152 -165.681
-2988.81 1198.366 -158.461
-2981.393 1195.393 -158.068
-2970.269 1190.932 -157.478
-2968.379 1130.773 -149.937
-2960.911 1127.928 -149.56
-2960.911 1127.928 -149.56
-2972.8 1073.76 -142.807
-2961.525 1069.688 -142.266
-2968.562 1014.357 -135.354
-2960.999 1011.772 -135.009
-2957.217 1010.48 -134.837
-2970.754 957.883 -128.286
-2970.754 957.883 -128.286
-2963.146 955.43 -127.958
-2975.693 902.805 -121.4
-2971.868 901.645 -121.244
-2964.219 899.324 -120.932
-2975.758 846.756 -114.379
-2968.069 844.568 -114.084
-2964.224 843.474 -113.936
-2963.173 787.899 -106.972
-2951.583 784.817 -106.554
-2951.583 784.817 -106.554
-2968.836 734.54 -100.304
-2964.956 733.58 -100.172
-2949.432 729.74 -99.648
-2946.247 674.977 -92.779
-2946.247 674.977 -92.779
-2957.688 623.849 -86.407
-2949.864 622.199 -86.178
-2953.777 623.024 -86.293
-2956.45 570.26 -79.69
-2940.745 567.231 -79.267
-2936.819 566.473 -79.161
-2946.353 515.526 -72.806
-2946.353 515.526 -72.806
-2938.475 514.148 -72.611
-2943.138 462.56 -66.162
-2939.188 461.939 -66.073
-2939.188 461.939 -66.073
-2942.922 410.415 -59.629
-2942.922 410.415 -59.629
-2938.961 409.863 -59.549
-2945.74 358.903 -53.184
-2941.77 358.42 -53.113
-2941.77 358.42 -53.113
-2943.666 307.005 -46.677
-2935.71 306.175 -46.551
-2935.71 306.175 -46.551
-2940.666 255.289 -40.191
-2940.666 255.289 -40.191
-2940.736 204.047 -33.772
-2940.736 204.047 -33.772
-2928.765 203.217 -33.635
-2927.917 152.259 -27.249
-2935.906 152.675 -27.324
-2931.911 152.467 -27.287
-2934.164 101.67 -20.93
-2926.169 101.393 -20.872
-2930.167 101.532 -20.901
-2927.525 50.704 -14.527
-2931.524 50.774 -14.546
-2931.524 50.774 -14.546
-2927.623 0.0 47.013
-2931.622 0.0 47.077
-2931.622 0.0 47.077
-2927.035 -50.338 55.799
-2919.038 -50.201 55.646
-2921.56 -100.524 64.48
-2917.563 -100.386 64.392
-2917.563 -100.386 64.392
-2923.187 -150.953 73.318
-2923.187 -150.953 73.318
-2923.187 -150.953 73.318
-2923.916 -201.474 82.157
-2923.916 -201.474 82.157
-2927.905 -201.749 82.269
-2919.76 -251.728 90.871
-2911.793 -251.041 90.623
-2906.763 -301.081 99.286
-2795.423 -289.548 95.483
-2912.752 -352.47 108.361
-2924.656 -353.91 108.804
-2118.078 -293.387 85.277
-2112.455 -329.775 91.544
-2901.424 -504.277 134.705
-2897.488 -503.592 134.522
-2905.361 -504.961 134.888
-2903.681 -556.367 143.843
-2907.605 -557.119 144.037
-2907.605 -557.119 144.037
-2897.152 -607.055 152.594
-2897.152 -607.055 152.594
-2904.973 -608.694 153.007
-2897.501 -659.466 161.758
-2231.28 -589.461 138.827
-2224.231 -628.851 145.597
-2228.072 -629.937 145.848
-2235.755 -632.109 146.351
-2881.407 -868.636 198.047
-2880.642 -922.96 207.527
-2888.243 -925.395 208.075
-2884.443 -924.177 207.801
-2875.049 -976.243 216.748
-2875.049 -976.243 216.748
-2886.383 -980.091 217.603
-2875.951 -1032.314 226.559
-2879.706 -1033.661 226.856
-2890.969 -1037.704 227.743
-2875.737 -1088.716 236.411
-2879.466 -1090.128 236.718
-2886.926 -1092.953 237.331
-2870.69 -1143.953 245.982
-2874.395 -1145.429 246.299
-2878.098 -1146.905 246.617
-2864.559 -1199.352 255.563
-2868.236 -1200.892 255.891
-2875.59 -1203.971 256.548
-2857.335 -1254.892 265.152
-2860.985 -1256.494 265.49
-2845.393 -1308.887 274.395
-2852.633 -1312.217 275.093
-2859.873 -1315.548 275.791
-2846.765 -1369.766 285.054
-2857.534 -1374.948 286.132
-2868.304 -1380.13 287.21
-2853.956 -1434.671 296.51
-2868.19 -1441.826 297.989
-2878.866 -1447.193 299.099
-2859.704 -1500.242 308.06
-2870.282 -1505.792 309.2
-2873.809 -1507.642 309.58
-2853.51 -1560.718 318.528
-2860.496 -1564.539 319.307
-2867.481 -1568.359 320.088
-2842.582 -1619.47 328.618
-2849.498 -1623.411 329.418
-2859.872 -1629.321 330.617
-2837.281 -1682.384 339.526
-2847.549 -1688.472 340.754
-2833.996 -1747.698 350.885
-2847.54 -1756.05 352.563
-2864.47 -1766.49 354.659
-2839.299 -1819.851 363.578
-2845.995 -1824.143 364.435
-2859.389 -1832.727 366.151
-2836.278 -1888.312 375.492
-2846.206 -1894.922 376.806
-2859.444 -1903.735 378.558
-2834.956 -1959.483 387.906
-2844.766 -1966.264 389.249
-2854.576 -1973.044 390.59
-2831.968 -2031.185 400.387
-2848.114 -2042.765 402.669
-2861.03 -2052.029 404.496
-2833.668 -2108.123 413.858
-2846.418 -2117.608 415.72
-2855.981 -2124.723 417.116
-2830.349 -2183.311 426.942
-2839.783 -2190.589 428.365
-2809.712 -2246.628 437.673
-2825.218 -2259.027 440.089
-2840.724 -2271.425 442.505
-2821.314 -2337.762 453.783
-2842.71 -2355.492 457.225
-2854.937 -2365.623 459.192
-2824.503 -2424.806 469.044
-2836.548 -2435.146 471.044
-2848.593 -2445.486 473.045
-2816.56 -2504.758 482.887
-2822.489 -2510.031 483.903
-2834.349 -2520.577 485.936
-2803.717 -2582.486 496.261
-2815.387 -2593.235 498.327
-2835.809 -2612.046 501.942
-2803.316 -2674.219 512.284
-2823.401 -2693.38 515.954
-2849.225 -2718.014 520.673
-2814.606 -2780.653 531.063
-2828.707 -2794.584 533.723
-2789.717 -2854.268 543.526
-2800.797 -2865.606 545.685
-2814.65 -2879.778 548.384
-2784.827 -2950.928 560.336
-2801.144 -2968.219 563.62
-2822.901 -2991.273 567.998
-2785.353 -3057.068 578.891
-2801.362 -3074.638 582.218
-1710.573 -1944.862 367.296
-1713.189 -1947.836 367.857
-1673.215 -1971.053 371.272
-1660.403 -1955.961 368.429
-1650.155 -1943.887 366.155
-1600.339 -1953.685 367.067
-1582.78 -1932.249 363.039
-1575.255 -1923.063 361.313
-1533.512 -1940.633 363.713
-1528.604 -1934.423 362.55
-1521.243 -1925.108 360.803
-1479.641 -1941.623 363.021
-1465.253 -1922.742 359.491
-1458.058 -1913.301 357.726
-1423.873 -1938.172 361.523
-1416.847 -1928.609 359.739
-1409.821 -1919.046 357.955
-1361.833 -1923.72 358.001
-1350.409 -1907.582 354.997
-1309.664 -1920.803 356.653
-87.242 -1731.364 303.923
-56.555 -1732.683 303.66
-56.555 -1732.683 303.66
-25.849 -1733.476 303.306
-25.79 -1729.536 302.616
-25.82 -1731.506 302.962
4.869 -1735.71 303.203
4.869 -1735.71 303.203
4.858 -1731.769 302.515
35.534 -1731.506 301.976
35.615 -1735.445 302.663
35.656 -1737.415 303.007
66.351 -1734.652 302.031
66.427 -1736.621 302.373
66.427 -1736.621 302.373
97.177 -1735.298 301.649
97.286 -1737.266 301.991
97.177 -1735.298 301.649
127.897 -1733.447 300.832
127.897 -1733.447 300.832
127.607 -1729.516 300.15
158.579 -1731.067 299.923
158.759 -1733.03 300.264
189.426 -1730.12 299.262
1116.935 -4064.866 692.319
1135.76 -4133.375 703.988
1195.397 -4067.964 691.6
1202.075 -4090.69 695.464
1281.379 -4092.204 694.455
1267.22 -4046.987 686.782
1234.182 -3941.479 668.877
1286.306 -3867.383 655.093
1286.306 -3867.383 655.093
1303.756 -3919.848 663.98
1409.685 -4001.341 676.518
699.483 -1879.114 317.106
699.483 -1879.114 317.106
698.794 -1877.262 316.793
735.517 -1874.248 315.677
745.622 -1899.998 320.014
763.668 -1945.981 327.759
811.563 -1965.528 330.405
813.072 -1969.182 331.019
816.089 -1976.489 332.247
852.51 -1965.878 329.808
852.51 -1965.878 329.808
852.51 -1965.878 329.808
887.164 -1951.015 326.655
892.075 -1961.814 328.463
931.749 -1956.985 326.982
933.45 -1960.556 327.578
935.15 -1964.127 328.175
969.757 -1947.844 324.774
971.519 -1951.385 325.365
980.335 -1969.093 328.318
1022.323 -1966.075 327.116
1025.974 -1973.097 328.284
1025.974 -1973.097 328.284
1062.608 -1958.73 325.185
1064.496 -1962.209 325.763
1068.271 -1969.167 326.919
1104.888 -1954.04 323.687
1106.836 -1957.487 324.258
1110.734 -1964.379 325.4
1147.319 -1948.489 322.036
1149.328 -1951.901 322.6
1157.365 -1965.551 324.856
1200.229 -1958.956 323.015
1202.298 -1962.334 323.572
1206.438 -1969.089 324.686
1245.335 -1954.823 321.569
1245.335 -1954.823 321.569
1255.978 -1971.531 324.317
1299.402 -1962.949 322.121
1301.59 -1966.254 322.663
1308.153 -1976.168 324.29
1345.142 -1956.736 320.3
1349.634 -1963.269 321.369
1391.051 -1949.542 318.306
1395.657 -1955.998 319.36
1400.263 -1962.453 320.414
1446.545 -1954.111 318.213
1448.905 -1957.299 318.732
1446.545 -1954.111 318.213
1480.871 -1929.036 313.281
1490.534 -1941.623 315.325
1500.198 -1954.211 317.369
1536.986 -1931.318 312.778
1524.631 -1915.793 310.264
1534.515 -1928.213 312.276
1578.467 -1913.876 309.064
1568.365 -1901.627 307.086
1553.211 -1883.254 304.119
1581.102 -1850.315 297.916
1588.841 -1859.37 299.374
1581.102 -1850.315 297.916
1624.092 -1834.832 294.52
1650.414 -1864.57 299.294
1660.943 -1876.465 301.203
1696.535 -1850.639 296.119
1712.642 -1868.208 298.931
1726.064 -1882.85 301.273
1745.393 -1838.566 293.225
1753.6 -1847.212 294.604
1808.261 -1839.543 292.387
1816.62 -1848.046 293.738
1827.765 -1859.384 295.54
1880.187 -1847.267 292.581
1905.71 -1872.343 296.552
1919.889 -1886.274 298.759
1964.458 -1864.016 294.154
1975.997 -1874.964 295.882
1990.42 -1888.65 298.042
2035.208 -1864.979 293.186
2046.938 -1875.728 294.876
2064.533 -1891.852 297.41
2109.551 -1866.703 292.294
2121.469 -1877.25 293.945
2130.408 -1885.16 295.183
2175.479 -1858.673 289.832
2193.633 -1874.183 292.25
2202.71 -1881.939 293.459
2254.031 -1859.066 288.639
2269.386 -1871.73 290.605
2269.386 -1871.73 290.605
2323.894 -1849.873 285.911
2355.045 -1874.67 289.743
2367.506 -1884.589 291.276
2409.891 -1850.963 284.721
2425.683 -1863.092 286.586
2457.267 -1887.351 290.318
2515.815 -1863.875 285.275
2535.019 -1878.103 287.453
2590.476 -1850.532 281.745
2603.445 -1859.796 283.156
2619.655 -1871.377 284.919
2668.693 -1837.439 278.201
2681.824 -1846.48 279.57
2714.649 -1869.08 282.992
2780.434 -1844.244 277.596
2807.009 -1861.871 280.249
2820.297 -1870.684 281.576
2876.391 -1837.019 274.793
2909.994 -1858.48 278.003
2940.236 -1877.794 280.892
3003.489 -1845.836 274.292
3000.092 -1843.748 273.982
3023.875 -1858.364 276.154
3083.66 -1822.413 268.912
3076.793 -1818.354 268.314
3097.396 -1830.531 270.11
3160.425 -1794.814 262.857
3205.524 -1820.427 266.608
3275.667 -1786.134 259.49
3868.977 -1775.157 248.044
4206.937 -1843.072 254.484
4294.734 -1881.536 259.795
4389.848 -1923.206 265.548
5816.111 -300.257 -40.934
5814.645 -99.989 -75.903
5774.654 -99.301 -75.381
5710.669 -98.201 -74.546
5663.27 0.0 -90.943
5623.275 0.0 -90.301
5551.284 0.0 -89.145
5502.187 94.625 -104.891
1624.637 520.535 -117.042
1607.534 545.849 -121.191
1603.756 544.566 -120.906
1588.156 570.064 -125.111
1580.646 567.368 -124.519
1573.138 564.673 -123.928
1559.089 590.251 -128.171
1559.089 590.251 -128.171
1560.955 590.957 -128.325
1550.173 617.735 -132.83
1553.877 619.211 -133.148
1557.581 620.687 -133.465
1549.951 648.943 -138.279
1555.466 651.253 -138.772
1559.144 652.792 -139.1
1547.267 679.533 -143.582
1552.741 681.937 -144.09
1558.215 684.341 -144.598
1549.4 712.727 -149.416
1554.83 715.225 -149.939
1556.639 716.058 -150.114
1547.233 744.476 -154.929
1552.618 747.066 -155.467
1540.851 774.579 -160.086
1542.631 775.474 -160.271
1547.968 778.157 -160.825
1540.925 808.392 -165.995
1547.978 812.092 -166.755
1553.268 814.866 -167.325
1543.76 844.354 -172.324
1547.252 846.265 -172.714
1548.998 847.22 -172.91
1537.138 875.736 -177.702
1537.138 875.736 -177.702
1540.596 877.706 -178.101
1533.296 909.177 -183.483
1538.429 912.221 -184.097
1541.851 914.251 -184.507
1530.426 943.799 -189.486
1537.197 947.975 -190.325
1542.277 951.107 -190.954
1530.141 980.745 -195.938
1530.141 980.745 -195.938
1530.141 980.745 -195.938
1517.425 1010.258 -200.89
1527.353 1016.868 -202.205
1513.939 1046.414 -207.152
1517.208 1048.674 -207.6
1530.288 1057.714 -209.389
1530.619 1097.813 -216.4
1546.765 1109.393 -218.684
1551.609 1112.867 -219.368
1536.364 1142.987 -224.386
1544.334 1148.915 -225.549
1549.114 1152.472 -226.248
1533.105 1182.627 -231.26
1544.112 1191.118 -232.921
1551.974 1197.182 -234.106
1533.557 1226.223 -238.885
1542.86 1233.662 -240.334
1550.614 1239.861 -241.541
1534.452 1271.459 -246.803
1543.623 1279.057 -248.278
1551.264 1285.389 -249.508
1534.205 1317.099 -254.774
1523.907 1355.206 -261.267
1535.766 1365.752 -263.301
1522.935 1402.765 -269.562
1531.687 1410.827 -271.111
1512.126 1442.491 -276.329
1520.734 1450.702 -277.902
1532.212 1461.651 -280.0
1520.113 1501.775 -286.816
1528.574 1510.134 -288.412
1534.214 1515.706 -289.477
1515.368 1550.432 -295.241
1526.449 1561.769 -297.401
1531.989 1567.438 -298.481
1514.793 1605.143 -304.792
1525.672 1616.67 -306.981
1536.55 1628.198 -309.17
1507.399 1654.448 -313.289
1510.067 1657.376 -313.844
1526.075 1674.945 -317.17
1509.175 1715.88 -324.052
1517.022 1724.801 -325.736
1524.869 1733.723 -327.421
1501.538 1768.816 -333.178
1511.788 1780.89 -335.452
1529.724 1802.019 -339.433
1507.528 1840.383 -345.779
1515.054 1849.57 -347.505
1501.614 1900.268 -356.148
1521.243 1925.108 -360.803
1528.604 1934.423 -362.55
1503.623 1973.092 -368.905
1518.012 1991.973 -372.435
1532.4 2010.855 -375.965
1508.181 2052.933 -382.928
1517.548 2065.684 -385.307
1526.916 2078.435 -387.686
1498.931 2117.384 -394.041
1514.926 2139.978 -398.247
1526.35 2156.116 -401.249
1498.986 2198.47 -408.211
1507.895 2211.536 -410.637
1519.032 2227.87 -413.669
1492.276 2273.584 -421.228
1507.459 2296.717 -425.513
1520.473 2316.544 -429.187
1234.348 2033.262 -375.094
1234.348 2033.262 -375.094
1236.399 2036.639 -375.717
1200.072 2057.686 -378.812
1204.053 2064.511 -380.068
1206.043 2067.923 -380.696
1169.169 2088.445 -383.69
1171.098 2091.891 -384.323
1174.956 2098.784 -385.589
1145.013 2132.684 -391.032
1148.749 2139.643 -392.307
1150.617 2143.122 -392.945
1116.034 2169.704 -397.035
1117.839 2173.215 -397.678
1121.451 2180.237 -398.962
1087.834 2209.917 -403.609
1089.578 2213.459 -404.255
1089.578 2213.459 -404.255
1056.87 2246.247 -409.459
1061.91 2256.961 -411.412
1063.59 2260.532 -412.063
1026.566 2285.783 -415.881
1029.799 2292.983 -417.191
993.631 2321.332 -421.563
996.737 2328.586 -422.88
1001.393 2339.467 -424.856
962.726 2363.749 -428.478
967.19 2374.709 -430.465
970.166 2382.016 -431.79
929.198 2402.128 -434.646
932.044 2409.485 -435.977
934.89 2416.842 -437.308
895.961 2443.773 -441.389
902.75 2462.287 -444.733
906.822 2473.395 -446.739
865.408 2496.181 -450.055
866.7 2499.907 -450.727
869.282 2507.358 -452.071
829.593 2537.033 -456.619
836.945 2559.518 -460.666
847.974 2593.245 -466.736
804.184 2615.092 -469.85
800.707 2603.788 -467.819
798.389 2596.251 -466.464
750.054 2602.133 -466.716
750.054 2602.133 -466.716
705.857 2622.371 -469.543
705.857 2622.371 -469.543
705.857 2622.371 -469.543
661.175 2641.882 -472.234
662.132 2645.705 -472.917
661.175 2641.882 -472.234
613.354 2649.136 -472.734
614.243 2652.975 -473.419
614.243 2652.975 -473.419
567.944 2667.115 -475.146
568.764 2670.969 -475.833
569.585 2674.823 -476.519
521.336 2680.47 -476.731
521.336 2680.47 -476.731
522.84 2688.206 -478.108
475.798 2700.797 -479.551
477.166 2708.558 -480.93
477.166 2708.558 -480.93
428.474 2712.588 -480.852
429.704 2720.372 -482.232
430.319 2724.264 -482.922
381.973 2731.379 -483.388
383.064 2739.183 -484.77
334.94 2749.396 -485.782
335.416 2753.306 -486.472
336.369 2761.128 -487.855
287.796 2770.543 -488.72
287.389 2766.625 -488.028
287.796 2770.543 -488.72
239.335 2783.054 -490.127
239.335 2783.054 -490.127
240.01 2790.905 -491.51
191.326 2806.533 -493.459
192.13 2818.325 -495.532
193.202 2834.048 -498.296
142.364 2825.271 -495.947
141.175 2801.661 -491.802
140.976 2797.726 -491.112
91.259 2795.921 -489.997
91.259 2795.921 -489.997
91.001 2788.045 -488.617
41.594 2789.32 -488.047
41.712 2797.199 -489.425
-7.848 2797.625 -488.704
-7.815 2785.804 -486.639
-7.793 2777.924 -485.262
-57.082 2781.44 -485.085
-57.082 2781.44 -485.085
-57.082 2781.44 -485.085
-106.342 2780.169 -484.072
-106.493 2784.107 -484.758
-106.945 2795.921 -486.815
-156.232 2789.856 -484.964
-155.791 2781.986 -483.596
-155.35 2774.117 -482.228
-204.751 2775.087 -481.604
-205.041 2779.018 -482.286
-205.041 2779.018 -482.286
-255.308 2786.979 -482.87
-255.308 2786.979 -482.87
-255.308 2786.979 -482.87
-305.485 2790.137 -482.616
-304.199 2778.381 -480.583
-303.77 2774.462 -479.904
-353.355 2772.861 -478.828
-354.352 2780.683 -480.179
-402.972 2770.399 -477.601
-403.539 2774.301 -478.274
-404.675 2782.105 -479.619
-453.241 2770.965 -476.893
-453.241 2770.965 -476.893
-455.151 2782.641 -478.903
-505.058 2778.406 -477.361
-505.764 2782.286 -478.028
-505.764 2782.286 -478.028
-554.175 2769.433 -475.004
-554.949 2773.3 -475.668
-556.498 2781.036 -476.995
-607.335 2778.887 -475.803
-610.705 2794.304 -478.443
-614.074 2809.72 -481.082
-664.634 2802.709 -479.045
-661.903 2791.191 -477.077
-658.261 2775.834 -474.452
-704.367 2752.757 -469.679
-704.367 2752.757 -469.679
-706.323 2760.403 -470.984
-757.173 2755.583 -469.325
-759.265 2763.195 -470.622
-809.174 2753.64 -468.15
-808.062 2749.853 -467.507
-809.174 2753.64 -468.15
-861.331 2750.745 -466.807
-864.872 2762.05 -468.726
-868.411 2773.354 -470.644
-918.612 2761.881 -467.833
-924.844 2780.619 -471.007
-928.584 2791.861 -472.911
-971.292 2756.976 -466.13
-967.354 2745.799 -464.24
-963.416 2734.622 -462.351
-1007.531 2706.664 -456.757
-1007.531 2706.664 -456.757
-1007.531 2706.664 -456.757
-1058.163 2696.416 -454.153
-1058.163 2696.416 -454.153
-1055.276 2689.059 -452.915
-1098.174 2659.674 -447.091
-1090.632 2641.407 -444.02
-1086.107 2630.447 -442.178
-1132.487 2611.498 -438.122
-1132.487 2611.498 -438.122
-1180.157 2595.354 -434.536
-1186.705 2609.753 -436.946
-1193.252 2624.151 -439.357
-1244.599 2614.075 -436.772
-1251.401 2628.359 -439.159
-1254.801 2635.501 -440.352
-1301.237 2613.652 -435.788
-1303.0 2617.193 -436.379
-1306.526 2624.276 -437.56
-1356.404 2608.56 -434.013
-1360.055 2615.582 -435.182
-1363.706 2622.604 -436.349
-1413.666 2605.841 -432.618
-1419.327 2616.278 -434.351
-1426.877 2630.195 -436.662
-1479.03 2615.726 -433.296
-1486.824 2629.511 -435.579
-1490.721 2636.404 -436.721
-1537.126 2610.497 -431.449
-1541.144 2617.322 -432.578
-1547.172 2627.559 -434.269
-1595.477 2604.061 -429.388
-1595.477 2604.061 -429.388
-1649.803 2589.723 -426.01
-1656.189 2599.748 -427.659
-1664.704 2613.114 -429.857
-1745.661 2637.093 -432.748
-1767.536 2670.139 -438.17
-1771.911 2676.749 -439.255
-1834.693 2668.87 -436.87
-1839.185 2675.404 -437.94
-2056.636 2882.353 -470.609
-2114.363 2856.254 -465.121
-2123.802 2869.005 -467.198
-2142.68 2894.508 -471.35
-2171.784 2829.043 -459.444
-2133.132 2778.693 -451.267
-2118.637 2759.811 -448.201
-2172.043 2729.306 -442.013
-2174.513 2732.411 -442.515
-2179.456 2738.621 -443.521
-2237.634 2713.111 -438.13
-2250.263 2728.422 -440.603
-2257.839 2737.608 -442.085
-2308.462 2701.52 -434.968
-2331.675 2728.686 -439.341
-2429.557 2744.813 -440.587
-2492.731 2816.184 -452.043
-2540.112 2869.712 -460.635
-2582.385 2816.954 -450.738
-2185.094 2383.576 -381.394
-2229.617 2348.639 -374.575
-2226.881 2345.757 -374.115
-2235.088 2354.402 -375.493
-2290.278 2329.899 -370.326
-2287.492 2327.065 -369.875
-2284.705 2324.23 -369.425
-2333.928 2293.063 -363.188
-2345.271 2304.208 -364.954
-2544.276 2414.188 -380.974
-2524.083 2395.028 -377.951
-2518.314 2389.553 -377.088
-2554.273 2340.629 -367.961
-2542.544 2329.88 -366.271
-2577.347 2280.648 -357.11
-2565.429 2270.101 -355.458
-2544.572 2251.645 -352.569
-2568.82 2194.734 -342.235
-2556.717 2184.393 -340.623
-2550.666 2179.223 -339.816
-2582.617 2130.074 -330.716
-2573.404 2122.476 -329.536
-2551.908 2104.746 -326.784
-2588.68 2060.649 -318.487
-2594.911 2065.608 -319.254
-2585.566 2058.169 -318.104
-2630.982 2020.776 -310.841
-2621.507 2013.498 -309.722
-2596.239 1994.091 -306.736
-2627.842 1946.872 -297.979
-2615.039 1937.386 -296.527
-2629.382 1878.325 -285.977
-2619.655 1871.377 -284.919
-2639.151 1817.099 -275.121
-2629.303 1810.319 -274.095
-2619.455 1803.538 -273.068
-2634.269 1747.294 -263.003
-2637.591 1749.498 -263.335
-2640.913 1751.701 -263.667
-2651.253 1693.234 -253.284
-2637.812 1684.65 -252.0
-2631.091 1680.358 -251.359
-2653.535 1630.767 -242.333
-2643.343 1624.503 -241.402
-2622.957 1611.975 -239.541
-2650.987 1566.707 -231.181
-2664.722 1574.825 -232.378
-2716.37 1542.634 -225.924
-2737.184 1554.455 -227.655
-2723.308 1546.575 -226.502
-2765.562 1446.596 -208.354
-2903.487 1518.741 -218.745
-2965.494 1486.548 -212.124
-2990.474 1499.07 -213.911
-2986.906 1497.281 -213.656
-3002.032 1440.586 -203.507
-2984.034 1431.949 -202.286
-2976.835 1428.495 -201.798
-2990.654 1372.166 -191.734
-2979.766 1367.17 -191.035
-2976.137 1365.505 -190.803
-2996.071 1312.588 -181.236
-2988.755 1309.383 -180.794
-2985.096 1307.78 -180.573
-2996.607 1251.699 -170.588
-2981.864 1245.54 -169.75
-2978.178 1244.001 -169.54
-2973.631 1182.331 -158.837
-2966.206 1179.379 -158.441
-2973.631 1182.331 -158.837
-2975.29 1124.018 -148.622
-2964.076 1119.782 -148.062
-2979.556 1067.353 -138.652
-2968.27 1063.31 -138.127
-2956.985 1059.267 -137.601
-2967.585 1005.748 -128.08
-2963.8 1004.465 -127.917
-2963.8 1004.465 -127.917
-2965.771 948.53 -118.112
-2961.964 947.312 -117.96
-2965.771 948.53 -118.112
-2974.323 895.133 -108.644
-2970.495 893.981 -108.504
-2966.667 892.829 -108.364
-2978.04 840.64 -99.062
-2970.345 838.468 -98.807
-2962.65 836.296 -98.55
-2969.139 783.229 -89.174
-2957.54 780.169 -88.826
-2966.885 728.282 -79.61
-2955.234 725.422 -79.297
-2955.234 725.422 -79.297
-2967.492 674.534 -70.208
-2944.096 669.216 -69.655
-2947.995 670.102 -69.747
-2955.36 618.525 -60.617
-2943.617 616.067 -60.376
-2939.702 615.248 -60.296
-2946.084 563.886 -51.218
-2942.156 563.134 -51.15
-2938.228 562.382 -51.082
-2947.601 511.803 -42.094
-2943.66 511.119 -42.037
-2939.719 510.435 -41.981
-2940.269 458.603 -32.915
-2940.269 458.603 -32.915
-2936.316 457.986 -32.872
-2943.841 407.451 -23.921
-2943.841 407.451 -23.921
-2939.879 406.903 -23.888
-2942.526 355.831 -14.922
-2942.526 355.831 -14.922
-2942.526 355.831 -14.922
-2944.26 304.788 -5.976
-2936.303 303.964 -5.959
-2941.099 253.445 2.945
-2937.113 253.101 2.941
-2941.099 253.445 2.945
-2941.008 202.574 11.832
-2941.008 202.574 11.832
-2929.036 201.749 11.784
-2928.029 151.159 20.607
-2932.023 151.366 20.635
-2936.018 151.572 20.663
-2934.116 100.936 29.481
-2930.119 100.799 29.441
-2930.119 100.799 29.441
-2931.316 50.407 38.265
-2931.316 50.407 38.265
-2931.316 50.407 38.265
-2927.948 0.0 17.375
-2927.948 0.0 17.375
-2927.948 0.0 17.375
-2931.433 -49.875 28.837
-2927.435 -49.807 28.798
-2923.436 -49.739 28.758
-2922.032 -99.463 40.157
-2918.034 -99.327 40.102
-2918.034 -99.327 40.102
-2923.732 -149.36 51.614
-2923.732 -149.36 51.614
-2923.732 -149.36 51.614
-2920.546 -199.076 63.0
-2920.546 -199.076 63.0
-2924.535 -199.348 63.086
-2920.453 -249.071 74.468
-2912.484 -248.392 74.265
-2916.468 -248.731 74.366
-2800.134 -286.9 82.432
-2913.59 -348.75 97.294
-2921.529 -349.7 97.558
-2118.742 -290.29 79.166
-2113.172 -326.294 87.392
-2906.421 -499.632 131.864
-2910.36 -500.309 132.043
-2910.36 -500.309 132.043
-2904.815 -550.496 143.523
-2904.815 -550.496 143.523
-2900.891 -549.752 143.329
-2894.449 -599.838 154.781
-2898.36 -600.649 154.99
-2898.36 -600.649 154.99
-2894.89 -651.629 166.663
-2898.786 -652.506 166.889
-2898.786 -652.506 166.889
-2854.212 -745.7 188.002
-2236.926 -625.438 156.751
-2236.926 -625.438 156.751
-2229.159 -664.55 165.677
-2220.671 -703.588 174.583
-2878.507 -912.014 226.299
-2882.309 -913.219 226.599
-2876.793 -965.94 238.66
-2880.574 -967.209 238.974
-2888.134 -969.748 239.601
-2877.777 -1021.419 251.392
-2881.534 -1022.752 251.721
-2892.804 -1026.753 252.706
-2881.377 -1078.624 264.537
-2885.11 -1080.021 264.88
-2888.842 -1081.418 265.222
-2872.679 -1131.881 276.703
-2876.386 -1133.341 277.06
-2862.947 -1185.171 288.87
-2870.307 -1188.218 289.613
-2873.987 -1189.741 289.984
-2855.832 -1240.062 301.42
-2863.136 -1243.234 302.19
-2866.788 -1244.82 302.576
-2847.619 -1295.073 313.991
-2854.864 -1298.368 314.79
-2862.111 -1301.664 315.589
-2849.08 -1355.31 327.817
-2859.858 -1360.437 329.058
-2870.637 -1365.564 330.298
-2856.366 -1419.53 342.593
-2874.174 -1428.38 344.729
-2884.859 -1433.69 346.011
-2855.152 -1480.748 356.63
-2865.74 -1486.239 357.952
-2883.387 -1495.391 360.157
-2859.601 -1546.137 371.657
-2866.593 -1549.917 372.565
-2841.798 -1600.43 384.005
-2848.722 -1604.329 384.941
-2855.644 -1608.227 385.876
-2836.625 -1662.621 398.242
-2843.476 -1666.637 399.203
-2853.754 -1672.661 400.646
-2836.861 -1729.253 413.528
-2853.808 -1739.583 415.999
-2867.365 -1747.848 417.976
-2845.621 -1802.768 430.445
-2855.676 -1809.139 431.966
-2869.083 -1817.632 433.994
-2845.974 -1872.743 446.5
-2852.599 -1877.104 447.539
-2872.478 -1890.185 450.658
-2851.224 -1947.749 463.738
-2847.95 -1945.513 463.205
-2861.045 -1954.457 465.335
-2841.712 -2014.332 478.955
-2857.876 -2025.79 481.679
-2867.574 -2032.665 483.314
-2840.249 -2088.221 495.897
-2849.824 -2095.26 497.568
-2827.551 -2155.469 511.248
-2836.997 -2162.67 512.956
-2843.294 -2167.471 514.094
-2825.722 -2232.732 528.961
-2844.353 -2247.454 532.449
-2856.774 -2257.268 534.775
-2834.22 -2320.609 549.171
-2843.402 -2328.127 550.951
-2855.645 -2338.151 553.322
-2828.354 -2399.215 567.169
-2840.416 -2409.447 569.587
-2849.461 -2417.12 571.401
-2817.558 -2475.715 584.654
-2829.434 -2486.15 587.118
-2844.279 -2499.193 590.199
-2816.561 -2563.208 604.719
-2834.091 -2579.162 608.482
-2851.622 -2595.115 612.247
-2827.643 -2664.955 628.126
-2844.886 -2681.205 631.956
-2804.852 -2737.523 644.638
-2818.975 -2751.307 647.883
-2833.098 -2765.091 651.129
-2794.19 -2824.145 664.446
-2805.289 -2835.363 667.086
-2821.938 -2852.19 671.044
-2789.441 -2919.785 686.358
-2805.786 -2936.893 690.379
-2822.13 -2954.001 694.401
-2795.467 -3030.6 711.815
-2811.503 -3047.984 715.897
-1729.322 -1941.991 455.759
-1734.562 -1947.876 457.14
-1686.545 -1962.198 460.14
-1673.71 -1947.265 456.639
-1668.576 -1941.292 455.237
-1610.905 -1942.156 455.094
-1603.366 -1933.066 452.964
-1603.366 -1933.066 452.964
-1551.264 -1938.586 453.921
-1538.971 -1923.224 450.324
-1526.679 -1907.863 446.727
-1482.638 -1921.132 449.51
-1477.832 -1914.905 448.052
-1436.245 -1930.334 451.346
-1426.858 -1917.718 448.396
-1422.164 -1911.41 446.92
-1378.531 -1922.58 449.224
-1371.661 -1912.999 446.985
-1364.791 -1903.418 444.747
-1326.005 -1919.924 448.304
33.126 -1719.079 394.163
33.126 -1719.079 394.163
63.828 -1716.346 393.354
63.901 -1718.294 393.801
63.901 -1718.294 393.801
94.657 -1716.985 393.318
403.612 -1694.269 386.274
438.255 -1704.207 388.348
882.246 -3193.472 727.353
888.488 -3216.067 732.5
947.025 -3204.286 729.45
953.671 -3226.772 734.569
953.671 -3226.772 734.569
1005.408 -3191.49 726.168
997.185 -3165.392 720.229
985.44 -3128.108 711.747
1037.554 -3099.817 704.947
1047.483 -3129.48 711.693
1115.1 -3144.435 714.722
700.252 -1868.441 424.469
701.625 -1872.105 425.301
705.058 -1881.264 427.382
742.215 -1878.127 426.441
781.052 -1976.401 448.755
817.807 -1966.474 446.26
819.309 -1970.089 447.08
854.442 -1955.897 443.616
856.009 -1959.486 444.43
860.713 -1970.253 446.872
900.735 -1966.042 445.669
902.366 -1969.603 446.476
900.735 -1966.042 445.669
934.085 -1946.932 441.087
939.17 -1957.532 443.489
942.561 -1964.599 445.09
982.847 -1958.824 443.526
986.364 -1965.833 445.113
986.364 -1965.833 445.113
1025.031 -1955.747 442.569
1028.673 -1962.695 444.142
1032.313 -1969.643 445.714
1067.4 -1951.828 441.419
1071.165 -1958.712 442.976
1082.46 -1979.367 447.647
1119.655 -1964.107 443.926
1109.936 -1947.058 440.072
1113.824 -1953.878 441.614
1160.641 -1954.937 441.578
1166.654 -1965.066 443.867
1168.659 -1968.442 444.63
1205.765 -1951.65 440.558
1214.024 -1965.017 443.575
1255.367 -1954.031 440.809
1253.242 -1950.725 440.063
1255.367 -1954.031 440.809
1296.683 -1942.233 437.857
1301.049 -1948.772 439.331
1305.416 -1955.312 440.806
1346.921 -1942.55 437.632
1353.644 -1952.246 439.816
1358.126 -1958.711 441.273
1397.557 -1941.742 437.146
1399.855 -1944.936 437.865
1411.349 -1960.904 441.46
1455.633 -1949.259 438.526
1455.633 -1949.259 438.526
1457.988 -1952.413 439.236
1502.337 -1939.814 436.082
1509.572 -1949.155 438.182
1551.607 -1932.441 434.098
1551.607 -1932.441 434.098
1570.808 -1887.618 423.702
1553.158 -1866.409 418.941
1550.637 -1863.379 418.261
1591.456 -1845.72 413.968
1596.606 -1851.694 415.308
1639.994 -1836.064 411.464
1655.763 -1853.719 415.421
1671.532 -1871.373 419.377
1710.107 -1848.492 413.899
1715.468 -1854.287 415.198
1728.871 -1868.773 418.441
1762.029 -1839.122 411.442
1767.492 -1844.825 412.718
1781.151 -1859.082 415.908
1819.691 -1834.152 409.96
1833.603 -1848.175 413.095
1855.863 -1870.611 418.109
1908.856 -1858.097 414.924
1925.848 -1874.638 418.617
1940.01 -1888.422 421.695
1985.005 -1866.01 416.287
1999.41 -1879.551 419.308
2013.816 -1893.093 422.329
2062.004 -1871.886 417.178
2073.72 -1882.522 419.549
2079.578 -1887.84 420.734
2121.944 -1860.047 414.106
2133.848 -1870.482 416.43
2148.728 -1883.526 419.334
2200.21 -1862.078 414.108
2236.477 -1892.771 420.934
2282.246 -1864.507 414.178
2266.908 -1851.976 411.395
2269.977 -1854.482 411.951
2324.566 -1832.803 406.654
2355.685 -1857.339 412.098
2377.468 -1874.514 415.909
2432.701 -1850.631 410.102
2451.633 -1865.033 413.294
2461.099 -1872.234 414.89
2510.179 -1841.858 407.631
2532.562 -1858.282 411.265
2554.946 -1874.706 414.9
2604.261 -1842.461 407.21
2620.457 -1853.919 409.742
2643.13 -1869.96 413.288
2689.268 -1833.701 404.696
2712.225 -1849.355 408.151
2741.741 -1869.481 412.593
2791.329 -1833.501 404.044
2807.924 -1844.402 406.447
2834.477 -1861.843 410.29
2897.535 -1832.496 403.184
2927.752 -1851.607 407.389
2957.97 -1870.717 411.593
3024.896 -1840.818 404.337
3052.056 -1857.346 407.967
3052.056 -1857.346 407.967
3091.639 -1809.204 396.689
3108.796 -1819.244 398.89
3161.625 -1777.822 389.074
3210.159 -1805.113 395.047
3244.826 -1824.607 399.313
3276.927 -1769.174 386.406
3353.975 -1736.997 378.568
3644.833 -1808.927 393.342
3680.497 -1826.627 397.192
3748.532 -1780.874 386.292
3806.09 -1808.219 392.223
3842.065 -1825.31 395.93
3903.094 -1772.899 383.544
4164.267 -1891.532 409.21
4285.156 -1858.508 400.917
4376.626 -1809.747 389.188
5778.325 -393.801 56.049
5800.341 -296.272 33.545
5807.147 -98.797 -11.796
5743.157 -97.709 -11.667
5679.167 -96.62 -11.537
5663.9 0.0 -33.611
5631.901 0.0 -33.421
5558.926 94.579 -54.684
1616.07 542.627 -134.07
1604.729 538.819 -133.129
1589.164 564.047 -138.824
1583.529 562.047 -138.331
1574.137 558.714 -137.511
1558.257 583.323 -143.062
1560.124 584.022 -143.233
1561.991 584.72 -143.406
1554.954 612.676 -149.777
1556.807 613.406 -149.955
1560.514 614.867 -150.312
1552.91 642.856 -156.688
1556.589 644.38 -157.059
1560.269 645.903 -157.431
1553.908 674.74 -164.008
1557.561 676.326 -164.394
1557.561 676.326 -164.394
1543.365 701.91 -170.178
1550.612 705.205 -170.977
1541.306 733.2 -177.344
1539.509 732.346 -177.138
1548.491 736.619 -178.171
1540.372 765.52 -184.753
1543.933 767.29 -185.18
1549.276 769.945 -185.821
1536.983 797.115 -191.981
1536.983 797.115 -191.981
1538.748 798.03 -192.2
1525.936 825.047 -198.323
1529.431 826.938 -198.777
1531.18 827.883 -199.005
1523.011 857.721 -205.801
1531.664 862.595 -206.97
1543.778 869.417 -208.608
1546.783 906.61 -217.158
1558.773 913.638 -218.841
1563.912 916.65 -219.562
1550.614 945.201 -226.032
1554.003 947.267 -226.527
1559.087 950.366 -227.268
1548.5 981.012 -234.235
1556.88 986.32 -235.503
1545.572 1017.037 -242.482
1552.198 1021.397 -243.521
1558.825 1025.758 -244.562
1543.459 1054.378 -251.035
1546.731 1056.615 -251.568
1553.279 1061.087 -252.633
1540.472 1091.956 -259.638
1548.555 1097.685 -261.001
1555.021 1102.268 -262.09
1541.394 1133.271 -269.122
1547.777 1137.963 -270.235
1552.564 1141.483 -271.072
1539.724 1173.747 -278.397
1549.17 1180.947 -280.105
1553.893 1184.548 -280.959
1537.069 1214.508 -287.732
1544.831 1220.642 -289.185
1552.595 1226.776 -290.638
1536.477 1258.041 -297.715
1547.19 1266.812 -299.79
1554.842 1273.077 -301.273
1537.805 1304.477 -308.375
1546.851 1312.151 -310.19
1558.911 1322.382 -312.608
1529.022 1343.512 -317.278
1526.054 1340.903 -316.662
1510.541 1374.666 -324.315
1516.385 1379.984 -325.57
1530.993 1393.279 -328.706
1517.273 1429.976 -337.044
1523.019 1435.392 -338.32
1525.893 1438.101 -338.958
1508.349 1472.142 -346.663
1522.472 1485.926 -349.909
1536.595 1499.71 -353.156
1526.121 1542.483 -362.905
1542.77 1559.31 -366.863
1556.644 1573.332 -370.163
1536.372 1608.163 -378.033
1536.372 1608.163 -378.033
1539.096 1611.014 -378.703
1523.343 1651.474 -387.891
1539.378 1668.858 -391.975
1550.068 1680.447 -394.696
1527.568 1715.426 -402.587
1532.808 1721.31 -403.968
1543.289 1733.08 -406.73
1519.687 1768.069 -414.616
1532.523 1783.002 -418.118
1510.381 1820.961 -426.695
1279.174 1542.211 -361.377
1257.482 1571.452 -367.956
1262.399 1577.597 -369.396
1263.628 1579.133 -369.755
1232.728 1597.311 -373.742
1232.728 1597.311 -373.742
1237.534 1603.538 -375.198
1210.952 1627.537 -380.547
1215.645 1633.845 -382.021
1220.339 1640.153 -383.496
1195.338 1667.088 -389.527
1204.497 1679.863 -392.511
1211.367 1689.443 -394.75
1185.369 1716.296 -400.756
1194.298 1729.225 -403.775
1169.648 1759.127 -410.488
1176.17 1768.936 -412.777
1184.866 1782.015 -415.829
1163.326 1818.472 -424.065
1169.671 1828.391 -426.377
1176.017 1838.31 -428.691
1153.173 1874.787 -436.923
1165.506 1894.838 -441.596
1179.263 1995.453 -464.759
1179.263 1995.453 -464.759
1179.263 1995.453 -464.759
1145.261 2018.666 -469.882
1147.195 2022.076 -470.676
1147.195 2022.076 -470.676
1114.534 2048.214 -476.478
1118.281 2055.099 -478.08
1118.281 2055.099 -478.08
1083.098 2077.33 -482.971
1088.532 2087.752 -485.394
1093.966 2098.173 -487.817
1059.703 2123.52 -493.428
1063.2 2130.528 -495.057
1028.237 2155.406 -500.556
1031.608 2162.473 -502.197
1036.665 2173.073 -504.66
1041.721 2183.673 -507.121
1005.683 2208.235 -512.542
1010.55 2218.92 -515.022
973.757 2243.002 -520.328
976.874 2250.179 -521.993
981.547 2260.946 -524.49
949.853 2299.04 -533.041
954.333 2309.884 -535.556
957.32 2317.114 -537.231
921.377 2347.659 -544.025
927.091 2362.218 -547.399
934.234 2380.417 -551.617
892.811 2399.665 -555.786
892.811 2399.665 -555.786
896.9 2410.656 -558.332
858.767 2440.347 -564.917
863.957 2455.092 -568.33
866.551 2462.465 -570.036
822.307 2476.887 -573.083
824.77 2484.303 -574.798
829.693 2499.135 -578.23
792.951 2539.025 -587.163
714.426 2439.754 -563.924
713.328 2436.007 -563.058
714.426 2439.754 -563.924
674.736 2466.656 -569.86
678.857 2481.719 -573.339
678.857 2481.719 -573.339
636.226 2500.513 -577.399
647.777 2545.908 -587.88
660.29 2595.086 -599.236
617.286 2621.178 -604.967
618.181 2624.977 -605.843
619.076 2628.776 -606.72
572.723 2642.781 -609.658
573.55 2646.594 -610.537
573.55 2646.594 -610.537
526.061 2656.009 -612.415
526.061 2656.009 -612.415
527.577 2663.663 -614.18
482.548 2687.652 -619.416
483.926 2695.331 -621.186
481.858 2683.812 -618.531
433.719 2691.662 -620.047
433.719 2691.662 -620.047
385.999 2702.553 -622.262
387.102 2710.275 -624.04
338.988 2720.38 -626.073
339.47 2724.249 -626.962
340.434 2731.989 -628.744
290.631 2729.672 -627.917
290.218 2725.795 -627.025
289.806 2721.917 -626.133
240.331 2718.728 -625.108
241.017 2726.496 -626.894
241.361 2730.38 -627.787
193.251 2745.8 -631.039
194.346 2761.357 -634.614
195.989 2784.693 -639.977
145.684 2779.88 -638.575
143.848 2744.84 -630.526
143.236 2733.16 -627.842
94.138 2731.347 -627.135
94.138 2731.347 -627.135
94.004 2727.45 -626.241
45.022 2720.901 -624.447
44.958 2717.003 -623.553
-3.704 2721.316 -624.253
-3.699 2717.417 -623.359
-3.699 2717.417 -623.359
-52.355 2717.003 -622.975
-52.43 2720.901 -623.869
-52.505 2724.799 -624.762
-101.139 2719.658 -623.295
-101.139 2719.658 -623.295
-101.139 2719.658 -623.295
-150.033 2721.479 -623.423
-149.819 2717.586 -622.531
-149.604 2713.693 -621.639
-198.452 2714.687 -621.577
-198.452 2714.687 -621.577
-198.736 2718.576 -622.468
-247.378 2714.844 -621.323
-247.378 2714.844 -621.323
-247.733 2718.728 -622.212
-296.793 2718.04 -621.763
-297.639 2725.795 -623.537
-297.639 2725.795 -623.537
-345.409 2712.64 -620.235
-345.901 2716.51 -621.12
-396.166 2721.857 -622.049
-396.166 2721.857 -622.049
-394.481 2710.275 -619.402
-443.571 2707.065 -618.374
-444.202 2710.916 -619.254
-444.202 2710.916 -619.254
-493.364 2706.849 -618.029
-493.364 2706.849 -618.029
-493.364 2706.849 -618.029
-541.744 2698.107 -615.736
-543.282 2705.761 -617.483
-544.818 2713.415 -619.23
-594.982 2711.424 -618.475
-600.839 2738.119 -624.565
-605.024 2757.187 -628.914
-654.285 2746.539 -626.178
-649.761 2727.545 -621.848
-649.761 2727.545 -621.848
-700.43 2723.705 -620.667
-700.43 2723.705 -620.667
-702.376 2731.271 -622.391
-752.198 2722.736 -620.137
-754.278 2730.268 -621.853
-804.141 2720.832 -619.392
-804.141 2720.832 -619.392
-804.141 2720.832 -619.392
-856.241 2717.987 -618.431
-856.241 2717.987 -618.431
-856.241 2717.987 -618.431
-904.758 2703.07 -614.721
-909.722 2717.902 -618.094
-918.409 2743.857 -623.996
-966.07 2724.194 -619.203
-962.149 2713.135 -616.689
-958.227 2702.076 -614.176
-1002.322 2674.436 -607.573
-1002.322 2674.436 -607.573
-1002.322 2674.436 -607.573
-1044.28 2642.481 -599.994
-1039.964 2631.561 -597.514
-1041.403 2635.201 -598.341
-1089.907 2620.761 -594.74
-1080.888 2599.071 -589.818
-1111.557 2544.461 -577.108
-1114.693 2551.639 -578.737
-1122.532 2569.583 -582.806
-1174.872 2564.402 -581.307
-1174.872 2564.402 -581.307
-1176.503 2567.964 -582.115
-1229.059 2561.753 -580.378
-1239.23 2582.953 -585.181
-1240.925 2586.487 -585.982
-1288.778 2568.548 -581.583
-1294.053 2579.06 -583.962
-1290.537 2572.052 -582.376
-1340.005 2556.714 -578.563
-1347.288 2570.609 -581.708
-1350.929 2577.557 -583.28
-1402.491 2564.571 -579.995
-1406.257 2571.455 -581.552
-1408.139 2574.898 -582.33
-1459.828 2560.841 -578.799
-1461.772 2564.251 -579.57
-1465.66 2571.071 -581.112
-1521.462 2562.689 -578.858
-1527.475 2572.818 -581.145
-1579.469 2556.528 -577.099
-1589.792 2573.237 -580.871
-1589.792 2573.237 -580.871
-1637.712 2549.167 -575.066
-1646.209 2562.393 -578.049
-1652.582 2572.311 -580.287
-1704.898 2553.677 -575.701
-1781.7 2569.596 -578.897
-2077.946 2887.064 -649.968
-2145.763 2873.423 -646.435
-2009.15 2690.482 -605.279
-2030.446 2621.707 -589.376
-2015.977 2603.025 -585.176
-2003.92 2587.457 -581.676
-2052.364 2556.107 -574.197
-2057.299 2562.251 -575.577
-2047.431 2549.962 -572.816
-2087.687 2508.744 -563.122
-2087.687 2508.744 -563.122
-2119.366 2457.974 -551.287
-2103.915 2440.054 -547.269
-2096.189 2431.095 -545.259
-2134.095 2389.238 -535.432
-2123.582 2377.468 -532.794
-2126.21 2380.411 -533.453
-2179.181 2355.524 -527.43
-2179.181 2355.524 -527.43
-2181.861 2358.421 -528.079
-2215.512 2312.447 -517.333
-2061.76 2078.145 -464.496
-2045.066 2061.318 -460.735
-2031.153 2047.295 -457.6
-2061.791 2006.965 -448.167
-2058.959 2004.208 -447.551
-2088.721 1963.508 -438.038
-2085.84 1960.8 -437.434
-2091.603 1966.217 -438.642
-2129.371 1933.042 -430.808
-2132.3 1935.701 -431.4
-2135.228 1938.36 -431.993
-2172.537 1904.396 -423.98
-2175.513 1907.005 -424.561
-2184.441 1914.831 -426.303
-2236.477 1892.771 -420.934
-2269.723 1920.907 -427.191
-2539.919 2075.015 -460.94
-2546.055 2080.027 -462.054
-2549.122 2082.533 -462.61
-2561.069 2019.273 -448.027
-2570.404 2026.634 -449.661
-2570.404 2026.634 -449.661
-2577.843 1961.045 -434.571
-2568.378 1953.844 -432.975
-2571.533 1956.244 -433.506
-2593.319 1902.862 -421.131
-2580.527 1893.477 -419.054
-2607.5 1844.752 -407.716
-2601.022 1840.169 -406.703
-2620.396 1786.741 -394.332
-2603.998 1775.56 -391.865
-2590.879 1766.615 -389.89
-2618.738 1720.133 -379.062
-2612.1 1715.773 -378.101
-2615.419 1717.953 -378.582
-2635.649 1666.871 -366.743
-2622.218 1658.377 -364.874
-2608.788 1649.883 -363.006
-2617.502 1592.897 -349.881
-2620.898 1594.963 -350.335
-2631.082 1601.161 -351.696
-2659.291 1556.197 -341.214
-2679.879 1568.245 -343.855
-2731.755 1536.101 -336.173
-2735.222 1538.05 -336.601
-2748.277 1483.762 -324.069
-2727.271 1472.422 -321.593
-2908.662 1506.373 -328.305
-2901.595 1502.713 -327.506
-2963.656 1470.86 -319.831
-2992.187 1485.02 -322.911
-2985.054 1481.48 -322.14
-2993.07 1421.965 -308.44
-2978.68 1415.128 -306.958
-2971.485 1411.71 -306.215
-2988.986 1357.685 -293.718
-2981.731 1354.389 -293.005
-2974.477 1351.094 -292.292
-2994.49 1298.735 -280.162
-2987.178 1295.564 -279.479
-2979.865 1292.392 -278.794
-2998.799 1240.012 -266.666
-2991.431 1236.965 -266.01
-2980.379 1232.395 -265.028
-2987.08 1175.695 -251.981
-2975.948 1171.314 -251.042
-2968.526 1168.393 -250.416
-2973.982 1112.156 -237.482
-2962.773 1107.964 -236.588
-2974.57 1054.755 -224.312
-2967.05 1052.088 -223.744
-2955.769 1048.088 -222.893
-2966.448 995.134 -210.683
-2962.665 993.864 -210.413
-2958.881 992.595 -210.144
-2964.717 938.519 -197.705
-2960.912 937.315 -197.451
-2964.717 938.519 -197.705
-2973.348 885.686 -185.534
-2969.522 884.546 -185.295
-2965.695 883.406 -185.057
-2977.146 831.769 -173.142
-2969.453 829.619 -172.695
-2961.76 827.47 -172.248
-2968.327 774.963 -160.164
-2960.597 772.945 -159.746
-2970.035 721.539 -147.898
-2970.035 721.539 -147.898
-2958.387 718.71 -147.318
-2951.245 663.907 -134.788
-2947.346 663.03 -134.611
-2947.346 663.03 -134.611
-2954.787 611.997 -122.859
-2950.873 611.186 -122.696
-2950.873 611.186 -122.696
-2953.445 559.423 -110.806
-2945.59 557.935 -110.512
-2941.662 557.191 -110.365
-2947.182 506.402 -98.681
-2943.243 505.725 -98.548
-2939.302 505.048 -98.417
-2939.927 453.763 -86.648
-2939.927 453.763 -86.648
-2935.975 453.153 -86.531
-2939.612 402.608 -74.915
-2943.574 403.151 -75.016
-2946.305 352.551 -63.391
-2938.364 351.601 -63.221
-2934.392 351.126 -63.135
-2940.165 301.164 -51.64
-2940.165 301.164 -51.64
-2940.165 301.164 -51.64
-2941.057 250.77 -40.074
-2937.071 250.43 -40.02
-2941.057 250.77 -40.074
-2937.05 200.164 -28.489
-2937.05 200.164 -28.489
-2929.068 199.62 -28.411
-2928.134 149.564 -16.935
-2932.128 149.768 -16.958
-2932.128 149.768 -16.958
-2938.293 100.007 -5.505
-2938.293 100.007 -5.505
-2934.295 99.871 -5.498
-2935.569 49.943 5.963
-2931.569 49.875 5.955
-2923.606 0.0 47.969
-2927.606 0.0 48.035
-2931.605 0.0 48.101
-2926.935 -49.225 61.742
-2922.937 -49.158 61.657
-2921.376 -98.301 75.327
-2921.376 -98.301 75.327
-2921.376 -98.301 75.327
-2922.919 -147.616 89.096
-2922.919 -147.616 89.096
-2922.919 -147.616 89.096
-2923.564 -197.021 102.874
-2923.564 -197.021 102.874
-2927.552 -197.289 103.014
-2919.325 -246.163 116.499
-2915.342 -245.827 116.34
-2915.342 -245.827 116.34
-2914.196 -295.231 130.089
-2782.997 -281.939 124.233
-2916.116 -345.148 144.031
-2916.116 -345.148 144.031
-2113.619 -286.365 114.483
-2111.894 -322.485 124.52
-2105.569 -357.97 134.306
-2900.568 -493.129 185.016
-2904.504 -493.798 185.266
-2898.816 -543.333 198.978
-2906.661 -544.804 199.516
-2910.583 -545.539 199.785
-2900.034 -594.437 213.239
-2896.125 -593.636 212.952
-2900.034 -594.437 213.239
-2892.494 -644.021 226.933
-2892.494 -644.021 226.933
-2896.387 -644.888 227.239
-2891.794 -695.404 241.241
-2887.917 -694.472 240.918
-2839.948 -734.002 251.147
-2238.259 -660.17 220.699
-2242.079 -661.297 221.076
-2240.98 -702.518 232.545
-2877.183 -955.916 313.6
-2880.959 -957.171 314.012
-2884.735 -958.425 314.423
-2874.216 -1009.493 328.483
-2881.721 -1012.129 329.34
-2889.225 -1014.765 330.198
-2877.635 -1066.03 344.294
-2877.635 -1066.03 344.294
-2881.363 -1067.411 344.74
-2868.77 -1118.665 358.817
-2872.471 -1120.109 359.28
-2876.172 -1121.552 359.743
-2862.546 -1172.839 373.812
-2862.546 -1172.839 373.812
-2869.895 -1175.85 374.772
-2851.583 -1225.584 388.332
-2858.877 -1228.718 389.324
-2843.198 -1279.952 403.345
-2850.432 -1283.209 404.371
-2857.667 -1286.466 405.398
-2840.881 -1337.797 419.427
-2851.642 -1342.864 421.016
-2865.99 -1349.621 423.134
-2851.551 -1402.956 437.761
-2862.218 -1408.204 439.398
-2872.884 -1413.452 441.035
-2857.19 -1467.078 455.723
-2867.759 -1472.505 457.408
-2874.806 -1476.123 458.532
-2850.896 -1526.217 472.1
-2861.365 -1531.821 473.833
-2864.854 -1533.689 474.411
-2839.87 -1583.671 487.93
-2846.779 -1587.524 489.117
-2857.143 -1593.304 490.898
-2837.882 -1647.178 505.596
-2848.14 -1653.131 507.423
-2861.817 -1661.07 509.86
-2847.982 -1719.273 525.852
-2858.13 -1725.399 527.726
-2832.908 -1777.523 541.838
-2842.942 -1783.819 543.757
-2856.321 -1792.213 546.315
-2833.118 -1846.569 561.083
-2843.035 -1853.033 563.047
-2856.258 -1861.652 565.666
-2834.944 -1918.377 581.124
-2841.476 -1922.798 582.464
-2851.274 -1929.428 584.472
-2831.796 -1988.549 600.628
-2844.696 -1997.608 603.364
-2854.372 -2004.403 605.416
-2830.142 -2061.521 620.937
-2839.692 -2068.478 623.032
-2852.427 -2077.754 625.826
-2826.697 -2135.047 641.37
-2836.12 -2142.164 643.508
-2845.542 -2149.281 645.646
-2821.441 -2209.089 661.918
-2843.12 -2226.063 667.004
-2864.8 -2243.038 672.091
-2835.72 -2300.945 687.751
-2850.982 -2313.329 691.452
-2817.444 -2368.675 706.325
-2826.464 -2376.259 708.587
-2835.485 -2383.843 710.849
-2806.453 -2444.231 727.201
-2818.294 -2454.544 730.269
-2827.175 -2462.279 732.57
-2796.488 -2522.77 748.924
-2811.053 -2535.909 752.825
-2831.444 -2554.304 758.286
-2801.712 -2617.78 775.487
-2821.766 -2636.517 781.038
-2844.684 -2657.93 787.381
-2809.96 -2719.184 803.882
-2824.038 -2732.807 807.909
-2835.301 -2743.705 811.131
-2793.245 -2799.487 825.986
-2809.839 -2816.118 830.893
-2826.432 -2832.748 835.8
-2790.757 -2896.967 853.111
-2817.904 -2925.148 861.41
-2850.481 -2958.965 871.368
-2796.227 -3006.67 883.773
-2812.205 -3023.851 888.823
-2782.889 -3099.988 909.56
-1738.652 -1936.766 568.262
-1700.612 -1962.902 574.921
-1685.268 -1945.192 569.734
-1672.481 -1930.433 565.411
-1629.618 -1949.425 570.0
-1622.108 -1940.442 567.374
-1579.241 -1958.461 571.692
-1574.343 -1952.388 569.919
-1564.55 -1940.243 566.373
-1524.258 -1960.248 571.288
-1514.687 -1947.939 567.7
-1502.721 -1932.552 563.216
-1462.696 -1951.439 567.822
-1453.35 -1938.97 564.195
-1446.339 -1929.618 561.473
-1404.214 -1944.322 564.88
-1399.655 -1938.01 563.046
-1392.817 -1928.54 560.295
-1346.452 -1935.842 561.569
100.406 -1702.71 472.86
737.558 -2609.064 714.988
742.818 -2627.674 720.088
745.975 -2638.84 723.147
794.726 -2629.802 719.829
796.965 -2637.21 721.857
795.846 -2633.506 720.843
842.184 -2616.241 715.271
840.997 -2612.556 714.263
842.184 -2616.241 715.271
890.636 -2605.547 711.496
940.269 -2597.662 708.484
712.99 -1864.73 507.961
712.99 -1864.73 507.961
715.76 -1871.972 509.934
759.655 -1884.977 512.838
779.951 -1935.339 526.539
792.998 -1967.714 535.348
829.977 -1957.805 531.98
831.491 -1961.378 532.951
834.52 -1968.523 534.892
873.147 -1961.436 532.283
877.884 -1972.077 535.171
882.621 -1982.718 538.059
918.335 -1967.728 533.295
919.978 -1971.248 534.249
923.264 -1978.288 536.157
962.302 -1969.599 533.095
964.008 -1973.091 534.04
965.715 -1976.583 534.986
1001.299 -1960.197 529.836
1004.837 -1967.123 531.708
1008.375 -1974.05 533.58
1045.736 -1960.379 529.157
1047.567 -1963.812 530.084
1086.689 -1952.854 526.388
1090.474 -1959.659 528.222
1096.154 -1969.865 530.974
1135.497 -1958.026 527.029
1135.497 -1958.026 527.029
1141.359 -1968.136 529.75
1180.781 -1955.47 525.574
1182.796 -1958.807 526.47
1184.811 -1962.144 527.367
1222.159 -1945.378 522.081
1228.384 -1955.286 524.741
1236.684 -1968.498 528.286
1278.464 -1957.358 524.497
1282.732 -1963.894 526.248
1289.135 -1973.697 528.874
1328.979 -1958.335 523.94
1331.173 -1961.567 524.804
1339.945 -1974.493 528.263
1379.908 -1958.203 523.068
1386.661 -1967.786 525.627
1391.163 -1974.175 527.334
1431.224 -1956.948 521.875
1435.84 -1963.26 523.559
1440.458 -1969.573 525.242
1480.536 -1951.439 519.531
1482.901 -1954.556 520.362
1525.232 -1938.707 515.25
1530.074 -1944.862 516.886
1537.337 -1954.094 519.339
1574.86 -1931.133 512.325
1572.383 -1928.097 511.519
1567.431 -1922.024 509.908
1589.237 -1880.552 497.993
1579.114 -1868.574 494.822
1574.053 -1862.585 493.235
1612.602 -1841.881 486.833
1615.186 -1844.833 487.613
1630.692 -1862.543 492.294
1679.881 -1852.432 488.67
1687.793 -1861.156 490.971
1693.068 -1866.972 492.505
1734.567 -1846.954 486.246
1734.567 -1846.954 486.246
1816.957 -1868.375 490.863
1805.995 -1857.103 487.902
1816.957 -1868.375 490.863
1867.132 -1854.314 486.121
1883.878 -1870.944 490.481
1937.222 -1858.2 486.055
1954.265 -1874.548 490.331
1968.467 -1888.171 493.894
2013.777 -1865.637 486.871
2022.445 -1873.667 488.967
2031.113 -1881.697 491.062
2079.42 -1860.543 484.375
2091.168 -1871.054 487.111
2102.916 -1881.566 489.848
2151.439 -1858.956 482.751
2166.359 -1871.848 486.099
2184.262 -1887.318 490.115
2233.101 -1863.088 482.562
2239.161 -1868.144 483.872
2245.221 -1873.2 485.182
2287.865 -1842.737 475.993
2312.466 -1862.552 481.111
2337.066 -1882.366 486.229
2376.869 -1847.778 475.937
2389.345 -1857.478 478.435
2408.061 -1872.027 482.183
2469.884 -1852.747 475.796
2488.859 -1866.98 479.451
2498.346 -1874.097 481.279
2550.951 -1845.861 472.546
2563.77 -1855.137 474.921
2579.793 -1866.732 477.889
2642.232 -1843.597 470.418
2664.954 -1859.451 474.463
2717.745 -1827.763 464.766
2744.036 -1845.444 469.262
2770.326 -1863.125 473.758
2826.721 -1831.486 464.015
2846.674 -1844.414 467.291
2869.953 -1859.497 471.112
2926.527 -1825.791 460.791
2960.165 -1846.777 466.087
3000.531 -1871.96 472.443
3047.358 -1829.535 459.852
3064.364 -1839.744 462.418
3094.973 -1858.122 467.037
3134.799 -1809.911 452.948
3138.236 -1811.895 453.445
3169.172 -1829.756 457.915
3250.206 -1803.304 449.214
3291.875 -1826.423 454.973
3319.655 -1841.836 458.812
3394.338 -1808.296 448.24
3429.403 -1826.977 452.87
3443.429 -1834.449 454.723
3507.728 -1792.693 442.031
3560.822 -1819.828 448.722
3603.297 -1841.535 454.075
3671.546 -1798.303 440.906
3707.262 -1815.796 445.196
3742.977 -1833.29 449.485
3825.763 -1793.864 437.139
3876.198 -1817.512 442.902
3966.348 -1778.254 430.483
4220.602 -1892.245 458.077
4312.486 -1846.212 443.742
4378.381 -1874.423 450.522
4499.856 -1836.796 438.043
5794.856 -390.278 13.682
5800.598 -292.813 -13.573
5860.54 -197.141 -41.219
5655.239 0.0 -92.789
5615.244 0.0 -92.132
5551.253 0.0 -91.083
5446.018 91.592 -114.88
1604.729 533.155 -174.909
1600.953 531.901 -174.497
1589.073 558.121 -181.609
1581.57 555.485 -180.752
1572.189 552.19 -179.68
1558.097 577.203 -186.418
1558.097 577.203 -186.418
1559.962 577.893 -186.642
1547.284 603.357 -193.53
1549.136 604.079 -193.761
1541.512 631.587 -201.302
1545.187 633.092 -201.781
1550.699 635.351 -202.502
1544.304 663.727 -210.304
1547.95 665.295 -210.801
1551.596 666.862 -211.298
1540.969 693.715 -218.607
1540.969 693.715 -218.607
1539.161 692.9 -218.35
1528.05 719.573 -225.601
1535.223 722.951 -226.66
1540.604 725.485 -227.454
1537.775 756.582 -236.074
1550.219 762.704 -237.984
1562.664 768.827 -239.894
1557.186 799.566 -248.372
1557.186 799.566 -248.372
1562.471 802.28 -249.214
1551.069 830.359 -256.852
1556.303 833.161 -257.719
1561.537 835.963 -258.585
1549.491 864.083 -266.225
1558.128 868.9 -267.709
1563.31 871.789 -268.599
1552.288 900.986 -276.554
1555.706 902.971 -277.163
1544.067 932.124 -285.097
1549.14 935.186 -286.034
1550.831 936.207 -286.345
1538.533 965.361 -294.269
1546.895 970.607 -295.868
1555.256 975.854 -297.468
1543.834 1006.24 -305.747
1552.099 1011.627 -307.384
1555.405 1013.781 -308.039
1538.316 1040.963 -315.334
1543.215 1044.278 -316.338
1553.013 1050.908 -318.347
1541.683 1082.604 -326.993
1544.909 1084.869 -327.678
1551.36 1089.399 -329.046
1539.228 1121.199 -337.709
1545.595 1125.836 -339.106
1553.554 1131.634 -340.851
1542.12 1164.787 -349.903
1546.831 1168.345 -350.973
1551.542 1171.904 -352.041
1537.701 1203.966 -360.749
1543.895 1208.815 -362.202
1529.274 1240.876 -370.896
1538.432 1248.306 -373.118
1546.063 1254.498 -374.968
1528.996 1285.455 -383.315
1533.507 1289.247 -384.446
1542.528 1296.831 -386.708
1527.563 1330.404 -395.818
1536.444 1338.139 -398.12
1545.325 1345.874 -400.42
1529.33 1379.64 -409.568
1535.156 1384.895 -411.128
1538.068 1387.523 -411.908
1518.31 1418.633 -420.254
1529.769 1429.34 -423.425
1544.093 1442.723 -427.39
1526.051 1476.751 -436.577
1528.866 1479.476 -437.382
1540.129 1490.374 -440.605
1518.309 1521.701 -448.977
1532.136 1535.56 -453.066
1548.73 1552.191 -457.973
1525.686 1583.751 -466.389
1270.285 1365.887 -401.486
1275.612 1371.614 -403.169
1276.944 1373.046 -403.589
1250.472 1392.959 -408.704
1247.862 1390.051 -407.852
1246.557 1388.597 -407.425
1223.673 1412.404 -413.683
1226.231 1415.356 -414.549
1226.231 1415.356 -414.549
1202.814 1438.862 -420.714
1205.317 1441.856 -421.59
1207.82 1444.851 -422.466
1187.491 1472.641 -429.877
1188.715 1474.159 -430.32
1193.612 1480.232 -432.093
1173.702 1509.422 -439.9
1178.488 1515.577 -441.694
1156.605 1543.071 -448.997
1163.614 1552.423 -451.718
1169.456 1560.216 -453.986
1146.623 1587.653 -461.258
1154.602 1598.7 -464.467
1165.999 1614.482 -469.052
1144.262 1645.146 -477.241
1148.706 1651.535 -479.094
1155.371 1661.118 -481.874
1131.506 1690.114 -489.564
1142.323 1706.272 -494.244
1150.977 1719.199 -497.988
1125.883 1748.225 -505.666
1132.196 1758.028 -508.501
1138.51 1767.831 -511.336
1116.448 1803.355 -520.874
1126.672 1819.869 -525.644
1130.762 1826.475 -527.552
1107.338 1862.035 -537.078
1131.06 1981.616 -570.791
1129.137 1978.246 -569.821
1134.908 1988.357 -572.733
1098.628 2007.289 -577.413
1094.904 2000.485 -575.456
1096.766 2003.887 -576.434
1065.614 2032.477 -583.891
1065.614 2032.477 -583.891
1033.763 2060.631 -591.215
1040.713 2074.484 -595.189
1042.451 2077.947 -596.183
1007.918 2102.303 -602.403
1017.964 2123.256 -608.407
1028.009 2144.209 -614.412
993.763 2171.893 -621.565
996.984 2178.933 -623.579
1001.816 2189.493 -626.601
965.016 2213.266 -632.623
968.11 2220.36 -634.651
974.295 2234.548 -638.706
938.039 2261.479 -645.616
943.967 2275.77 -649.696
951.376 2293.633 -654.795
913.858 2320.248 -661.597
918.109 2331.04 -664.674
836.483 2241.297 -638.326
794.403 2251.55 -640.492
794.403 2251.55 -640.492
793.118 2247.906 -639.455
750.996 2257.408 -641.413
753.435 2264.737 -643.495
713.388 2280.92 -647.348
716.846 2291.974 -650.485
717.998 2295.659 -651.531
677.333 2311.262 -655.212
679.504 2318.67 -657.312
680.589 2322.374 -658.362
641.418 2344.808 -663.971
646.508 2363.418 -669.24
650.58 2378.306 -673.457
613.051 2411.498 -682.09
617.803 2430.191 -687.378
626.357 2463.84 -696.895
592.172 2519.24 -711.774
597.466 2541.766 -718.137
599.232 2549.275 -720.26
553.728 2562.927 -723.317
552.1 2555.389 -721.189
552.1 2555.389 -721.189
506.427 2568.262 -724.028
507.919 2575.827 -726.16
461.818 2587.968 -728.787
460.464 2580.378 -726.65
461.142 2584.173 -727.719
415.439 2599.343 -731.197
415.439 2599.343 -731.197
415.439 2599.343 -731.197
368.796 2609.948 -733.387
369.335 2613.764 -734.459
370.414 2621.395 -736.603
323.311 2631.25 -738.576
323.781 2635.075 -739.65
324.251 2638.899 -740.724
276.774 2647.984 -742.476
276.774 2647.984 -742.476
278.375 2663.313 -746.774
230.397 2671.631 -748.305
231.059 2679.308 -750.456
232.382 2694.662 -754.757
183.515 2698.366 -754.987
184.56 2713.742 -759.289
184.56 2713.742 -759.289
134.016 2689.705 -751.761
133.825 2685.857 -750.685
133.441 2678.161 -748.535
84.529 2668.65 -745.081
84.408 2664.799 -744.006
36.167 2669.87 -744.628
36.219 2673.723 -745.703
36.219 2673.723 -745.703
-12.154 2658.717 -740.727
-12.136 2654.864 -739.653
-12.154 2658.717 -740.727
-60.227 2654.459 -738.751
-60.139 2650.607 -737.68
-60.139 2650.607 -737.68
-108.299 2653.246 -737.625
-108.299 2653.246 -737.625
-108.299 2653.246 -737.625
-156.338 2651.225 -736.273
-156.111 2647.377 -735.205
-156.111 2647.377 -735.205
-204.033 2644.553 -733.631
-204.329 2648.397 -734.698
-204.033 2644.553 -733.631
-251.893 2640.923 -731.834
-251.526 2637.084 -730.771
-251.526 2637.084 -730.771
-300.111 2640.32 -730.876
-301.854 2655.649 -735.119
-350.396 2654.197 -733.917
-349.892 2650.373 -732.861
-348.882 2642.724 -730.745
-396.102 2632.842 -727.217
-397.249 2640.474 -729.324
-398.398 2648.105 -731.433
-446.277 2641.207 -728.725
-445.634 2637.401 -727.674
-446.277 2641.207 -728.725
-495.445 2641.093 -727.886
-494.733 2637.298 -726.841
-495.445 2641.093 -727.886
-544.736 2640.128 -726.808
-544.736 2640.128 -726.808
-545.516 2643.911 -727.85
-597.529 2653.384 -729.637
-600.076 2664.691 -732.745
-605.168 2687.305 -738.963
-659.212 2699.453 -741.463
-657.379 2691.944 -739.4
-705.993 2680.688 -735.466
-960.051 2652.311 -723.389
-965.327 2666.884 -727.363
-960.051 2652.311 -723.389
-1003.724 2625.106 -715.091
-996.803 2607.002 -710.16
-998.187 2610.623 -711.146
-1048.149 2600.836 -707.599
-1048.149 2600.836 -707.599
-1048.149 2600.836 -707.599
-1095.024 2583.016 -701.863
-1093.51 2579.444 -700.893
-1141.564 2564.41 -695.915
-1147.88 2578.597 -699.765
-1149.459 2582.144 -700.727
-1194.329 2559.102 -693.57
-1195.972 2562.622 -694.524
-1194.329 2559.102 -693.57
-1238.707 2535.335 -686.218
-1247.239 2552.796 -690.945
-1254.064 2566.765 -694.725
-1302.043 2548.948 -688.973
-1302.043 2548.948 -688.973
-1309.119 2562.801 -692.718
-1358.908 2547.463 -687.626
-1360.739 2550.896 -688.552
-1364.402 2557.762 -690.406
-1412.316 2538.03 -684.121
-1421.783 2555.041 -688.706
-1425.568 2561.845 -690.54
-1471.651 2537.682 -683.051
-1483.377 2557.903 -688.493
-1491.194 2571.383 -692.122
-1539.448 2549.453 -685.218
-1547.508 2562.801 -688.806
-1553.553 2572.812 -691.496
-1599.804 2546.496 -683.404
-1616.404 2572.919 -690.495
-1628.854 2592.736 -695.814
-1732.497 2552.945 -683.024
-1763.637 2411.465 -643.085
-2047.281 2422.558 -641.523
-2049.811 2425.552 -642.317
-2088.113 2385.0 -630.387
-2082.943 2379.096 -628.826
-2077.775 2373.193 -627.266
-2117.653 2335.17 -616.015
-2120.29 2338.078 -616.783
-2122.927 2340.986 -617.55
-2162.158 2302.25 -606.112
-1984.668 2113.26 -556.356
-2003.311 2060.003 -541.209
-1992.349 2048.731 -538.247
-1978.647 2034.64 -534.546
-1998.306 1984.587 -520.274
-1992.724 1979.043 -518.82
-1989.933 1976.272 -518.094
-2019.597 1937.214 -506.723
-2019.597 1937.214 -506.723
-2019.597 1937.214 -506.723
-2054.226 1903.11 -496.651
-2054.226 1903.11 -496.651
-2091.168 1871.054 -487.111
-2097.042 1876.31 -488.479
-2097.042 1876.31 -488.479
-2130.552 1840.908 -478.064
-2145.471 1853.8 -481.412
-2148.455 1856.378 -482.081
-2187.651 1825.169 -472.74
-2202.801 1837.809 -476.014
-2217.951 1850.449 -479.288
-2275.565 1832.83 -473.433
-2576.5 2002.972 -515.91
-2551.547 1983.573 -510.914
-2539.069 1973.873 -508.415
-2567.92 1926.287 -494.681
-2555.27 1916.798 -492.244
-2582.998 1869.051 -478.483
-2573.384 1862.094 -476.702
-2544.541 1841.224 -471.359
-2574.067 1796.035 -458.282
-2583.804 1802.83 -460.016
-2580.559 1800.565 -459.438
-2602.726 1750.409 -445.096
-2589.581 1741.568 -442.849
-2617.21 1695.741 -429.624
-2593.932 1680.658 -425.803
-2580.63 1672.039 -423.619
-2620.418 1634.817 -412.594
-2606.964 1626.423 -410.475
-2583.417 1611.733 -406.767
-2612.022 1568.173 -394.159
-2653.58 1532.074 -383.417
-2684.516 1549.935 -387.887
-2712.014 1565.811 -391.86
-2722.395 1510.459 -376.264
-2731.6 1455.23 -360.722
-2896.409 1543.03 -382.486
-2916.617 1490.595 -367.541
-2941.395 1503.257 -370.664
-2973.251 1519.538 -374.678
-2992.953 1465.932 -359.416
-2985.81 1462.433 -358.558
-2997.209 1405.362 -342.467
-2982.799 1398.606 -340.82
-2979.196 1396.917 -340.409
-2992.922 1341.833 -324.833
-2982.026 1336.948 -323.65
-2978.394 1335.319 -323.256
-2998.24 1283.572 -308.509
-2990.918 1280.437 -307.756
-2987.257 1278.87 -307.379
-3002.363 1225.534 -292.268
-2991.298 1221.017 -291.191
-2980.232 1216.501 -290.114
-2986.727 1160.525 -274.408
-2979.298 1157.638 -273.725
-2971.867 1154.751 -273.043
-2977.145 1099.171 -257.468
-2962.184 1093.647 -256.174
-2954.704 1090.886 -255.526
-2970.024 1039.805 -241.04
-2966.26 1038.487 -240.735
-2973.03 984.769 -225.654
-2965.456 982.261 -225.079
-2961.668 981.006 -224.791
-2974.952 929.943 -210.343
-2971.142 928.752 -210.074
-2963.524 926.371 -209.536
-2975.796 875.345 -195.114
-2971.967 874.219 -194.863
-2968.137 873.092 -194.612
-2979.423 822.057 -180.205
-2967.875 818.871 -179.506
-2960.177 816.747 -179.04
-2978.162 767.909 -165.135
-2978.162 767.909 -165.135
-2954.955 761.926 -163.848
-2956.425 709.386 -149.183
-2960.31 710.319 -149.379
-2948.656 707.522 -148.79
-2952.995 656.156 -134.405
-2952.995 656.156 -134.405
-2960.289 605.653 -120.212
-2952.457 604.051 -119.893
-2948.542 603.249 -119.734
-2950.935 552.156 -105.456
-2947.006 551.421 -105.315
-2943.077 550.686 -105.175
-2948.436 500.489 -91.099
-2944.495 499.82 -90.977
-2940.552 499.151 -90.855
-2941.015 448.465 -76.723
-2941.015 448.465 -76.723
-2941.015 448.465 -76.723
-2940.539 397.908 -62.641
-2940.539 397.908 -62.641
-2940.539 397.908 -62.641
-2943.102 347.965 -48.681
-2943.102 347.965 -48.681
-2948.731 298.453 -34.791
-2944.751 298.05 -34.744
-2940.772 297.647 -34.697
-2941.504 247.842 -20.805
-2937.518 247.506 -20.777
-2941.504 247.842 -20.805
-2941.329 198.096 -6.945
-2937.338 197.827 -6.936
-2933.346 197.558 -6.926
-2932.258 148.02 6.862
-2932.258 148.02 6.862
-2932.258 148.02 6.862
-2938.265 98.839 20.665
-2938.265 98.839 20.665
-2934.267 98.705 20.637
-2927.385 49.225 34.313
-2927.385 49.225 34.313
-2931.384 49.293 34.36
-2923.97 0.0 13.269
-2927.97 0.0 13.287
-2927.97 0.0 13.287
-2927.458 -49.017 27.73
-2923.459 -48.95 27.691
-2923.459 -48.95 27.691
-2922.058 -97.884 42.106
-2922.058 -97.884 42.106
-2919.767 -146.789 56.508
-2919.767 -146.789 56.508
-2923.76 -146.99 56.585
-2920.576 -195.917 70.99
-2924.566 -196.184 71.087
-2924.566 -196.184 71.087
-2920.485 -245.119 85.489
-2916.501 -244.784 85.372
-2916.501 -244.784 85.372
-2919.492 -294.379 100.001
-2883.694 -290.769 98.775
-2808.122 -283.149 96.187
-2770.724 -326.382 108.757
-2917.596 -343.683 114.523
-2906.873 -391.947 128.697
-2113.202 -321.116 104.221
-2113.202 -321.116 104.221
-2118.805 -358.45 115.25
-2906.465 -491.703 158.094
-2900.937 -541.028 172.604
-2908.788 -542.492 173.071
-2908.788 -542.492 173.071
-2898.409 -591.117 187.353
-2898.409 -591.117 187.353
-2902.321 -591.914 187.606
-2894.941 -641.288 202.124
-2894.941 -641.288 202.124
-2891.044 -640.425 201.851
-2882.767 -689.668 216.326
-2890.526 -691.524 216.908
-2898.287 -693.381 217.49
-2892.89 -743.797 232.323
-2875.008 -791.072 246.174
-2876.858 -950.611 293.199
-2869.297 -948.112 292.427
-2873.077 -949.362 292.813
-2877.844 -1005.209 309.293
-2889.116 -1009.146 310.505
-2885.359 -1007.834 310.1
-2873.983 -1058.756 325.056
-2881.447 -1061.506 325.9
-2888.912 -1064.256 326.744
-2872.751 -1113.918 341.306
-2876.458 -1115.355 341.746
-2880.164 -1116.793 342.187
-2863.022 -1166.363 356.718
-2866.702 -1167.862 357.176
-2874.062 -1170.861 358.093
-2859.56 -1221.944 373.081
-2863.213 -1223.504 373.558
-2866.865 -1225.065 374.034
-2847.698 -1274.521 388.521
-2854.944 -1277.764 389.51
-2841.976 -1330.438 404.975
-2856.347 -1337.166 407.022
-2874.312 -1345.575 409.582
-2856.451 -1397.003 424.656
-2867.136 -1402.228 426.245
-2877.821 -1407.454 427.833
-2862.299 -1460.852 443.499
-2872.887 -1466.256 445.14
-2879.946 -1469.859 446.233
-2856.195 -1519.74 460.826
-2863.187 -1523.461 461.954
-2866.684 -1525.321 462.518
-2841.891 -1575.032 477.055
-2852.277 -1580.787 478.799
-2862.661 -1586.542 480.542
-2840.147 -1638.212 495.666
-2853.85 -1646.116 498.058
-2870.981 -1655.997 501.048
-2850.518 -1709.944 516.853
-2860.686 -1716.043 518.697
-2870.854 -1722.143 520.541
-2849.075 -1776.249 536.386
-2859.131 -1782.518 538.28
-2836.14 -1836.587 554.11
-2849.392 -1845.169 556.699
-2862.646 -1853.751 559.288
-2838.238 -1908.036 575.174
-2848.059 -1914.638 577.165
-2857.88 -1921.24 579.156
-2835.358 -1977.855 595.738
-2851.523 -1989.131 599.134
-2861.221 -1995.897 601.171
-2833.982 -2050.464 617.129
-2843.556 -2057.391 619.214
-2853.131 -2064.318 621.298
-2827.669 -2121.263 637.964
-2840.264 -2130.711 640.806
-2849.711 -2137.798 642.937
-2819.633 -2192.471 658.913
-2850.686 -2216.617 666.17
-2878.634 -2238.348 672.701
-2843.528 -2291.181 688.111
-2855.771 -2301.046 691.073
-2868.015 -2310.911 694.037
-2834.515 -2366.175 710.171
-2846.576 -2376.244 713.193
-2814.721 -2433.859 730.027
-2826.597 -2444.128 733.107
-2835.505 -2451.83 735.418
-2802.088 -2509.447 752.245
-2819.619 -2525.148 756.952
-2837.151 -2540.848 761.658
-2804.795 -2601.341 779.339
-2830.659 -2625.328 786.525
-2850.775 -2643.985 792.115
-2819.12 -2707.645 810.731
-2813.47 -2702.218 809.106
-2790.873 -2680.514 802.608
-2719.416 -2704.807 809.443
-2699.991 -2685.487 803.661
-2677.792 -2663.407 797.054
-2601.623 -2679.828 801.547
-2579.83 -2657.379 794.832
-2566.209 -2643.349 790.636
-2498.957 -2666.006 797.008
-2477.576 -2643.196 790.188
-2458.868 -2623.236 784.222
-2400.228 -2652.476 792.572
-1722.587 -1972.207 589.023
-1712.318 -1960.451 585.512
-1699.482 -1945.755 581.123
-1656.244 -1965.007 586.6
-1648.704 -1956.062 583.93
-1643.677 -1950.098 582.15
-1600.533 -1968.291 587.315
-1593.159 -1959.22 584.609
-1585.783 -1950.15 581.902
-1538.008 -1961.122 584.919
-1530.799 -1951.93 582.178
-1490.324 -1971.095 587.641
-1485.629 -1964.887 585.791
-1478.589 -1955.574 583.015
-1433.589 -1967.501 586.324
-1424.429 -1954.929 582.579
-1412.979 -1939.214 577.895
-1375.216 -1959.436 583.684
496.055 -1898.674 557.285
533.634 -1901.241 557.871
534.674 -1904.948 558.958
534.674 -1904.948 558.958
571.455 -1903.126 558.255
572.562 -1906.814 559.337
572.562 -1906.814 559.337
608.329 -1900.65 557.358
609.504 -1904.319 558.434
609.504 -1904.319 558.434
644.045 -1893.868 555.197
645.286 -1897.517 556.268
681.005 -1890.096 553.918
681.005 -1890.096 553.918
716.647 -1882.056 551.387
719.393 -1889.266 553.499
733.122 -1925.321 564.062
786.721 -1959.364 573.852
796.789 -1984.438 581.195
834.259 -1974.399 578.066
835.762 -1977.957 579.108
838.768 -1985.072 581.191
841.774 -1992.187 583.274
879.442 -1981.368 579.915
881.009 -1984.899 580.949
920.232 -1976.903 578.414
921.864 -1980.408 579.44
923.496 -1983.913 580.465
959.43 -1968.196 575.67
961.125 -1971.673 576.688
964.515 -1978.628 578.721
1002.104 -1965.672 574.734
1003.863 -1969.121 575.742
1009.137 -1979.467 578.767
1050.437 -1972.572 576.547
1055.899 -1982.828 579.544
1061.36 -1993.084 582.543
1097.438 -1975.057 577.066
1099.32 -1978.445 578.055
1103.084 -1985.22 580.035
1140.956 -1969.851 575.334
1142.899 -1973.207 576.315
1144.842 -1976.563 577.295
1186.618 -1967.109 574.319
1190.627 -1973.755 576.259
1192.632 -1977.078 577.23
1234.588 -1966.722 573.988
1240.783 -1976.588 576.866
1282.9 -1965.321 573.355
1289.272 -1975.083 576.203
1289.272 -1975.083 576.203
1329.348 -1959.678 571.482
1331.53 -1962.896 572.42
1335.896 -1969.332 574.297
1375.976 -1953.074 569.324
1382.698 -1962.617 572.105
1387.181 -1968.979 573.96
1425.061 -1948.643 567.795
1438.851 -1967.501 573.29
1445.747 -1976.93 576.037
1483.819 -1955.574 569.572
1488.529 -1961.782 571.379
1493.239 -1967.991 573.188
1536.019 -1951.93 568.261
1526.374 -1939.673 564.692
1583.598 -1941.079 564.847
1563.865 -1916.891 557.808
1551.531 -1901.774 553.409
1583.341 -1872.571 544.659
1588.383 -1878.535 546.393
1590.905 -1881.517 547.26
1632.584 -1863.457 541.749
1650.435 -1818.51 528.422
1666.204 -1835.884 533.471
1683.233 -1790.644 520.061
1672.512 -1779.238 516.749
1661.791 -1767.833 513.436
1682.738 -1728.559 501.767
1671.811 -1717.335 498.51
1658.153 -1703.304 494.437
1677.724 -1664.284 482.849
1663.813 -1650.484 478.845
1658.249 -1644.964 477.243
1685.055 -1614.277 468.078
1687.888 -1616.99 468.864
1699.215 -1627.842 472.012
1740.06 -1609.846 466.523
1748.703 -1617.842 468.839
1757.345 -1625.838 471.157
1795.406 -1604.057 464.566
2175.442 -1876.741 543.201
2187.347 -1887.011 546.173
2196.275 -1894.713 548.402
2242.453 -1867.768 540.253
2257.563 -1880.354 543.893
2309.786 -1857.114 536.807
2325.123 -1869.446 540.372
2340.46 -1881.777 543.936
2386.736 -1852.01 534.954
2402.295 -1864.083 538.441
2424.077 -1880.985 543.324
2483.119 -1859.058 536.594
2498.894 -1870.869 540.002
2511.515 -1880.317 542.73
2561.275 -1849.574 533.444
2580.46 -1863.428 537.44
2602.844 -1879.592 542.101
2659.261 -1851.561 533.584
2678.695 -1865.092 537.484
2704.607 -1883.134 542.684
2758.074 -1850.817 532.917
2774.472 -1861.82 536.085
2800.708 -1879.426 541.154
2857.646 -1847.315 531.433
2884.199 -1864.479 536.37
2910.75 -1881.644 541.309
2971.337 -1849.388 531.528
3001.553 -1868.196 536.934
3028.413 -1884.913 541.738
3085.943 -1848.203 530.659
3102.917 -1858.369 533.578
3099.523 -1856.336 532.994
3146.481 -1812.111 519.748
3201.381 -1843.729 528.816
3252.85 -1873.371 537.319
3310.633 -1832.101 524.894
3341.833 -1849.367 529.841
3413.407 -1813.644 518.988
3444.915 -1830.385 523.779
3476.423 -1847.126 528.57
3551.833 -1810.304 517.376
3597.778 -1833.721 524.068
3618.982 -1844.528 527.157
3687.574 -1801.123 514.055
3730.369 -1822.026 520.021
3773.166 -1842.929 525.986
3842.011 -1796.343 511.945
3877.985 -1813.163 516.739
3928.348 -1836.711 523.449
4004.608 -1790.167 509.387
4048.136 -1809.625 514.924
4098.919 -1832.326 521.383
4190.041 -1788.439 508.036
4280.793 -1742.049 493.954
5800.37 -291.57 59.603
5824.339 -292.775 59.85
5852.635 -196.036 31.213
5623.942 0.0 -25.521
5543.943 0.0 -25.158
5430.995 90.935 -51.444
1612.326 532.767 -164.322
1604.765 530.268 -163.552
1592.959 556.408 -171.201
1583.566 553.128 -170.192
1574.173 549.847 -169.182
1558.295 574.066 -176.248
1556.429 573.378 -176.037
1552.697 572.003 -175.615
1540.166 597.204 -182.984
1538.311 596.485 -182.763
1543.872 598.641 -183.425
1541.91 628.157 -192.114
1549.27 631.155 -193.031
1552.95 632.654 -193.489
1548.472 661.691 -202.026
1566.733 669.494 -204.409
1557.901 697.257 -212.55
1559.712 698.068 -212.797
1565.147 700.5 -213.539
1555.721 728.293 -221.686
1559.314 729.975 -222.198
1562.907 731.657 -222.711
1556.445 761.21 -231.39
1560.007 762.952 -231.919
1565.349 765.564 -232.714
1558.205 795.273 -241.436
1561.735 797.074 -241.983
1563.5 797.975 -242.256
1552.205 825.905 -250.436
1555.7 827.766 -251.001
1560.944 830.556 -251.847
1552.483 860.416 -260.609
1559.406 864.253 -261.77
1566.329 868.09 -262.932
1555.4 897.163 -271.451
1558.826 899.139 -272.049
1563.965 902.103 -272.946
1552.363 931.218 -281.473
1554.057 932.234 -281.78
1541.853 961.264 -290.28
1550.233 966.488 -291.858
1556.936 970.668 -293.119
1545.63 1000.897 -301.977
1552.256 1005.188 -303.271
1557.226 1008.406 -304.243
1543.517 1037.646 -312.796
1546.79 1039.846 -313.46
1551.701 1043.148 -314.456
1540.533 1074.627 -323.682
1548.616 1080.265 -325.38
1555.082 1084.776 -326.738
1543.052 1116.441 -336.016
1549.435 1121.059 -337.406
1557.414 1126.831 -339.143
1546.086 1159.844 -348.82
1550.809 1163.387 -349.886
1553.958 1165.75 -350.596
1541.793 1198.856 -360.297
1549.556 1204.893 -362.111
1554.214 1208.515 -363.201
1538.076 1239.309 -372.202
1547.259 1246.708 -374.424
1533.351 1280.0 -384.172
1537.875 1283.776 -385.306
1546.921 1291.327 -387.572
1555.968 1298.879 -389.839
1540.971 1332.461 -399.667
1549.878 1340.163 -401.977
1533.99 1373.785 -411.813
1539.834 1379.018 -413.382
1542.755 1381.635 -414.166
1523.095 1412.613 -423.207
1534.591 1423.274 -426.4
1285.27 1234.447 -369.622
1289.507 1238.517 -370.84
1286.683 1235.804 -370.029
1263.974 1257.183 -376.226
1262.586 1255.803 -375.812
1239.517 1276.777 -381.889
1242.241 1279.583 -382.728
1242.241 1279.583 -382.728
1218.743 1300.213 -388.701
1224.088 1305.915 -390.406
1226.761 1308.767 -391.258
1205.355 1332.029 -398.017
1209.285 1336.373 -399.315
1211.906 1339.269 -400.18
1189.894 1362.322 -406.874
1195.029 1368.201 -408.629
1198.879 1372.609 -409.947
1174.953 1393.992 -416.139
1181.236 1401.447 -418.365
1188.776 1410.392 -421.035
1167.824 1436.157 -428.533
1171.512 1440.692 -429.886
1173.97 1443.716 -430.788
1149.901 1466.245 -437.319
1155.909 1473.906 -439.603
1164.321 1484.631 -442.802
1144.146 1513.242 -451.142
1151.187 1522.554 -453.919
1158.228 1531.866 -456.695
1135.88 1558.915 -464.564
1141.604 1566.772 -466.905
1120.712 1596.813 -475.664
1126.293 1604.765 -478.033
1131.875 1612.717 -480.401
1108.858 1641.11 -488.664
1119.728 1657.199 -493.455
1126.251 1666.853 -496.33
1097.842 1688.745 -502.652
1106.304 1701.76 -506.526
1116.88 1718.029 -511.368
1093.65 1749.659 -520.584
1099.817 1759.525 -523.52
1105.984 1769.392 -526.456
1077.589 1794.323 -533.673
1085.572 1807.614 -537.627
1064.102 1845.687 -548.749
1103.395 1995.383 -593.043
1101.522 1991.996 -592.037
1099.648 1988.608 -591.029
1065.087 2010.177 -597.229
1063.275 2006.758 -596.213
1063.275 2006.758 -596.213
1030.075 2031.195 -603.265
1033.573 2038.092 -605.312
1038.82 2048.438 -608.385
1003.054 2069.04 -614.294
1004.74 2072.517 -615.327
973.346 2103.088 -624.193
976.59 2110.099 -626.274
976.59 2110.099 -626.274
941.144 2133.237 -632.932
945.818 2143.833 -636.077
950.493 2154.428 -639.22
917.104 2184.29 -647.868
918.597 2187.848 -648.924
921.584 2194.963 -651.034
884.345 2217.27 -657.439
885.774 2220.852 -658.501
890.06 2231.598 -661.687
852.028 2253.419 -667.945
854.755 2260.63 -670.083
860.208 2275.052 -674.357
818.664 2289.157 -678.326
808.285 2260.134 -669.726
800.5 2238.367 -663.275
758.404 2247.828 -665.873
759.635 2251.477 -666.954
758.404 2247.828 -665.873
715.045 2252.894 -667.169
719.703 2267.571 -671.516
680.516 2286.701 -676.975
679.418 2283.013 -675.883
683.808 2297.766 -680.251
644.974 2320.033 -686.637
643.944 2316.327 -685.54
647.034 2327.446 -688.83
609.388 2356.59 -697.248
614.202 2375.204 -702.756
619.015 2393.818 -708.263
579.827 2422.563 -716.557
586.091 2448.733 -724.297
598.618 2501.072 -739.778
562.101 2552.051 -754.636
560.448 2544.545 -752.417
561.274 2548.298 -753.527
515.57 2561.13 -757.1
516.329 2564.896 -758.214
517.087 2568.663 -759.327
471.64 2584.542 -763.801
471.64 2584.542 -763.801
470.951 2580.764 -762.684
423.913 2588.313 -764.696
426.396 2603.471 -769.174
428.258 2614.84 -772.532
380.056 2617.87 -773.207
379.504 2614.071 -772.084
333.806 2635.317 -778.139
335.254 2646.742 -781.512
334.289 2639.126 -779.263
287.04 2652.011 -782.846
287.452 2655.827 -783.972
287.452 2655.827 -783.972
239.425 2664.116 -786.198
239.425 2664.116 -786.198
240.799 2679.405 -790.709
192.007 2683.088 -791.573
192.555 2690.743 -793.831
143.565 2693.617 -794.456
-232.755 2515.048 -740.124
-278.051 2507.009 -737.55
-278.051 2507.009 -737.55
-323.616 2502.028 -735.875
-323.616 2502.028 -735.875
-323.616 2502.028 -735.875
-368.519 2492.486 -732.859
-413.173 2482.203 -729.627
-640.98 2453.385 -720.1
-607.91 2326.806 -682.947
-649.098 2312.621 -678.58
-650.139 2316.327 -679.668
-651.179 2320.033 -680.755
-695.491 2316.207 -679.426
-696.599 2319.895 -680.508
-696.599 2319.895 -680.508
-741.035 2315.271 -678.944
-742.209 2318.94 -680.02
-742.209 2318.94 -680.02
-786.753 2313.512 -678.218
-789.234 2320.81 -680.358
-790.475 2324.459 -681.427
-833.937 2314.552 -678.311
-836.55 2321.807 -680.437
-836.55 2321.807 -680.437
-877.275 2303.896 -674.973
-880.022 2311.107 -677.086
-885.513 2325.528 -681.311
-930.546 2317.566 -678.76
-1641.493 2419.833 -705.671
-1645.859 2426.269 -707.549
-1652.408 2435.922 -710.364
-1694.197 2404.762 -700.991
-1674.028 2376.134 -692.647
-1656.101 2350.687 -685.228
-1689.387 2310.085 -673.112
-1675.596 2291.227 -667.617
-1657.207 2266.083 -660.291
-1688.727 2225.63 -648.227
-1679.306 2213.213 -644.61
-1669.885 2200.797 -640.994
-1707.224 2169.492 -631.598
-1709.635 2172.556 -632.49
-1712.047 2175.62 -633.383
-1758.732 2155.747 -627.315
-1771.065 2170.864 -631.714
-1778.465 2179.935 -634.353
-1825.38 2158.824 -627.918
-1830.422 2164.788 -629.653
-1874.64 2139.742 -622.072
-1879.79 2145.621 -623.78
-1884.94 2151.499 -625.49
-1939.524 2137.038 -620.98
-1960.549 2160.204 -627.712
-1973.689 2174.683 -631.919
-1994.149 2121.4 -616.124
-1961.985 2087.184 -606.186
-1940.543 2064.373 -599.561
-1966.837 2020.394 -586.482
-1955.91 2009.17 -583.223
-1947.715 2000.751 -580.78
-1983.777 1967.885 -570.931
-1975.43 1959.605 -568.528
-1964.301 1948.565 -565.325
-1996.578 1912.715 -554.614
-2005.074 1920.854 -556.974
-2010.738 1926.28 -558.547
-2036.792 1884.373 -546.079
-2033.911 1881.707 -545.306
-2036.792 1884.373 -546.079
-2067.792 1847.414 -535.046
-2076.579 1855.264 -537.32
-2118.899 1827.961 -529.082
-2124.852 1833.096 -530.568
-2130.803 1838.231 -532.054
-2172.943 1809.872 -523.506
-2175.965 1812.389 -524.234
-2200.142 1832.527 -530.059
-2254.572 1812.721 -523.975
-2269.909 1825.052 -527.539
-2548.548 1977.57 -571.222
-2542.325 1972.741 -569.826
-2529.878 1963.082 -567.037
-2549.377 1908.664 -550.911
-2533.602 1896.853 -547.503
-2533.602 1896.853 -547.503
-2561.275 1849.574 -533.444
-2551.683 1842.647 -531.445
-2542.09 1835.719 -529.448
-2558.85 1781.648 -513.437
-2562.089 1783.903 -514.087
-2549.132 1774.882 -511.488
-2561.303 1718.773 -494.896
-2558.023 1716.572 -494.263
-2551.464 1712.171 -492.996
-2572.213 1662.798 -478.352
-2555.619 1652.07 -475.265
-2581.873 1606.983 -461.859
-2585.23 1609.072 -462.459
-2607.265 1561.518 -448.345
-2648.946 1525.572 -437.563
-2672.964 1539.405 -441.531
-2721.306 1505.968 -431.458
-2703.972 1496.376 -428.709
-2860.26 1519.74 -434.885
-2888.268 1534.622 -439.144
-2919.776 1551.363 -443.934
-2986.368 1522.096 -435.008
-2986.368 1522.096 -435.008
-2972.231 1514.891 -432.948
-2988.575 1459.711 -416.613
-2981.443 1456.227 -415.618
-2993.028 1399.398 -398.818
-2982.235 1394.353 -397.38
-2975.041 1390.989 -396.422
-2985.319 1334.517 -379.733
-2978.065 1331.274 -378.81
-2974.438 1329.653 -378.348
-2994.453 1278.125 -363.072
-2987.141 1275.004 -362.187
-2983.484 1273.443 -361.743
-2995.081 1218.834 -345.597
-2984.029 1214.337 -344.321
-2976.661 1211.338 -343.472
-2983.338 1155.6 -327.015
-2975.917 1152.726 -326.202
-2968.495 1149.851 -325.389
-2973.953 1094.507 -309.054
-2970.217 1093.131 -308.666
-2959.009 1089.006 -307.501
-2963.263 1034.08 -291.294
-2959.503 1032.767 -290.925
-2951.982 1030.143 -290.185
-2962.641 978.092 -274.798
-2955.074 975.594 -274.096
-2968.502 924.811 -259.07
-2964.697 923.626 -258.737
-2960.891 922.44 -258.406
-2973.33 871.631 -243.375
-2969.504 870.509 -243.062
-2965.677 869.387 -242.749
-2973.284 817.511 -227.427
-2965.591 815.396 -226.838
-2961.745 814.338 -226.544
-2964.448 761.672 -211.011
-2960.584 760.678 -210.736
-2964.448 761.672 -211.011
-2970.024 710.089 -195.785
-2958.376 707.304 -195.016
-2946.73 704.52 -194.249
-2951.236 653.371 -179.155
-2947.337 652.508 -178.918
-2954.781 602.285 -164.084
-2950.867 601.487 -163.866
-2946.954 600.689 -163.649
-2949.513 549.813 -148.644
-2945.586 549.081 -148.447
-2941.658 548.349 -148.249
-2947.181 498.365 -133.494
-2943.241 497.699 -133.315
-2943.241 497.699 -133.315
-2947.83 447.762 -118.577
-2939.928 446.562 -118.26
-2939.928 446.562 -118.26
-2943.577 396.753 -103.565
-2939.616 396.219 -103.426
-2939.616 396.219 -103.426
-2942.34 346.488 -88.758
-2942.34 346.488 -88.758
-2942.34 346.488 -88.758
-2948.13 297.186 -74.202
-2940.173 296.384 -74.002
-2937.081 246.456 -59.302
-2937.081 246.456 -59.302
-2937.081 246.456 -59.302
-2937.062 196.987 -44.724
-2937.062 196.987 -44.724
-2933.071 196.72 -44.663
-2932.143 147.391 -30.131
-2932.143 147.391 -30.131
-2936.138 147.592 -30.172
-2934.312 98.286 -15.649
-2930.315 98.152 -15.628
-2930.315 98.152 -15.628
-2927.589 49.017 -1.16
-2927.589 49.017 -1.16
-2931.588 49.083 -1.162
-2927.67 0.0 43.947
-2923.671 0.0 43.887
-2931.67 0.0 44.007
-2922.974 -48.195 60.653
-2922.974 -48.195 60.653
-2930.97 -48.327 60.819
-2925.382 -96.508 77.506
-2925.382 -96.508 77.506
-2925.382 -96.508 77.506
-2918.909 -144.527 94.122
-2918.909 -144.527 94.122
-2919.531 -192.898 110.969
-2919.531 -192.898 110.969
-2923.519 -193.161 111.12
-2919.253 -241.341 127.827
-2915.27 -241.012 127.652
-2919.253 -241.341 127.827
-2918.073 -289.843 144.691
-2902.171 -288.263 143.903
-2757.296 -319.971 152.765
-2781.1 -322.733 154.085
-2912.999 -386.959 178.42
-2905.084 -385.907 177.935
-2111.763 -316.168 141.751
-2119.658 -317.35 142.282
-2117.224 -352.926 154.628
-2902.502 -533.411 229.239
-2906.425 -534.132 229.549
-2895.862 -582.008 246.055
-2899.771 -582.793 246.387
-2895.862 -582.008 246.055
-2892.203 -631.405 263.195
-2899.989 -633.105 263.903
-2896.096 -632.255 263.549
-2883.723 -679.954 279.966
-2887.599 -680.868 280.342
-2895.351 -682.696 281.095
-2885.904 -731.357 297.891
-2885.904 -731.357 297.891
-2885.904 -731.357 297.891
-2875.541 -779.922 314.64
-2879.381 -780.964 315.06
-2883.22 -782.005 315.481
-2875.721 -831.691 332.663
-2879.54 -832.795 333.104
-2879.54 -832.795 333.104
-2871.061 -882.543 350.293
-2874.858 -883.71 350.756
-2861.619 -932.272 367.461
-2861.619 -932.272 367.461
-2869.169 -934.732 368.431
-2873.724 -989.719 387.639
-2881.227 -992.303 388.651
-2881.227 -992.303 388.651
-2869.659 -1042.441 405.929
-2877.112 -1045.148 406.984
-2884.566 -1047.856 408.038
-2868.217 -1096.752 424.813
-2871.918 -1098.168 425.361
-2875.618 -1099.583 425.909
-2858.289 -1148.389 442.638
-2865.637 -1151.341 443.775
-2869.311 -1152.817 444.344
-2850.971 -1201.577 461.041
-2858.263 -1204.65 462.221
-2861.909 -1206.186 462.81
-2846.172 -1256.477 480.079
-2849.788 -1258.073 480.688
-2860.638 -1262.863 482.518
-2850.966 -1316.56 501.064
-2865.31 -1323.184 503.585
-2847.287 -1373.76 520.919
-2857.951 -1378.905 522.871
-2872.17 -1385.765 525.471
-2852.923 -1436.567 542.865
-2863.49 -1441.887 544.876
-2874.056 -1447.208 546.887
-2850.118 -1496.321 563.623
-2853.608 -1498.153 564.313
-2860.585 -1501.815 565.693
-2835.606 -1550.76 582.354
-2845.968 -1556.427 584.483
-2856.329 -1562.093 586.61
-2837.038 -1614.912 604.706
-2850.711 -1622.695 607.621
-2864.384 -1630.478 610.534
-2843.718 -1683.593 628.713
-2853.861 -1689.599 630.955
-2864.006 -1695.605 633.198
-2838.679 -1746.819 650.645
-2852.054 -1755.049 653.71
-2862.084 -1761.222 656.01
-2838.773 -1814.623 674.247
-2855.297 -1825.185 678.171
-2830.685 -1878.633 696.407
-2837.216 -1882.966 698.013
-2843.746 -1887.3 699.619
-2817.866 -1940.714 717.823
-2837.212 -1954.037 722.751
-2850.108 -1962.919 726.037
-2825.887 -2018.866 745.146
-2835.435 -2025.686 747.664
-2844.982 -2032.507 750.182
-2816.166 -2086.248 768.455
-2831.864 -2097.877 772.739
-2841.282 -2104.854 775.309
-2810.999 -2158.684 793.591
-2841.958 -2182.458 802.331
-2866.725 -2201.478 809.324
-2834.516 -2255.873 827.774
-2846.721 -2265.586 831.338
-2855.874 -2272.871 834.012
-2822.213 -2327.234 852.428
-2828.224 -2332.191 854.244
-2807.185 -2314.842 847.889
-2734.152 -2335.685 854.049
-2719.357 -2323.046 849.427
-2655.403 -2349.685 857.739
-2623.376 -2321.345 847.393
-2600.082 -2300.733 839.87
-2539.771 -2327.697 848.35
-2516.864 -2306.703 840.699
-2491.095 -2283.085 832.09
-2431.429 -2307.97 839.858
-2414.544 -2291.943 834.024
-2389.217 -2267.901 825.276
-2324.629 -2285.397 830.397
-2302.516 -2263.657 822.498
-2285.931 -2247.352 816.573
-2233.008 -2273.834 824.997
-2222.155 -2262.783 820.987
-2200.449 -2240.68 812.968
-2145.214 -2262.768 819.826
-2134.568 -2251.538 815.758
-2076.801 -2269.47 821.133
-2066.365 -2258.066 817.007
-2055.929 -2246.661 812.881
-1750.684 -1982.33 716.29
-1722.571 -1950.497 704.787
-1678.615 -1969.956 710.901
-1671.11 -1961.149 707.723
-1661.103 -1949.405 703.484
-1617.347 -1967.728 709.205
-1607.559 -1955.821 704.914
-1600.218 -1946.89 701.695
-1559.081 -1967.106 708.114
-1549.516 -1955.038 703.77
-1506.018 -1971.282 708.771
-1499.013 -1962.114 705.475
-1489.673 -1949.889 701.08
-1446.455 -1965.032 705.702
-1441.9 -1958.843 703.479
-1437.344 -1952.654 701.256
-1394.26 -1966.823 705.541
-1344.615 -1970.667 706.134
511.124 -1898.739 653.241
513.098 -1906.07 655.764
548.196 -1897.486 652.248
548.196 -1897.486 652.248
550.303 -1904.784 654.757
586.489 -1899.218 652.277
587.611 -1902.849 653.524
623.82 -1896.65 650.822
625.007 -1900.262 652.062
627.384 -1907.488 654.541
663.735 -1900.612 651.602
663.735 -1900.612 651.602
666.244 -1907.798 654.066
713.224 -1928.836 660.683
698.695 -1889.545 647.225
736.216 -1885.002 645.081
737.603 -1888.552 646.296
740.375 -1895.652 648.726
779.581 -1893.902 647.528
782.484 -1900.956 649.94
785.388 -1908.009 652.351
821.973 -1898.439 648.471
821.973 -1898.439 648.471
823.49 -1901.942 649.667
860.017 -1891.718 645.56
861.598 -1895.196 646.747
861.598 -1895.196 646.747
898.056 -1884.318 642.413
901.346 -1891.221 644.767
937.785 -1879.661 640.196
937.785 -1879.661 640.196
941.201 -1886.509 642.529
981.147 -1881.055 640.03
984.689 -1887.846 642.341
988.231 -1894.636 644.651
1028.505 -1888.318 641.848
1032.171 -1895.05 644.136
1032.171 -1895.05 644.136
1068.836 -1881.246 638.781
1072.626 -1887.917 641.046
1074.522 -1891.252 642.179
1111.167 -1876.718 636.569
1113.124 -1880.022 637.69
1117.036 -1886.631 639.931
1159.697 -1881.178 637.393
1163.731 -1887.722 639.61
1165.748 -1890.993 640.718
1204.564 -1878.128 635.658
1210.795 -1887.842 638.946
1214.949 -1894.318 641.138
1251.798 -1877.369 634.685
1256.07 -1883.776 636.851
1258.207 -1886.98 637.934
1297.163 -1872.451 632.292
1301.553 -1878.787 634.431
1340.464 -1863.471 628.516
1349.475 -1875.999 632.742
1358.486 -1888.526 636.967
1395.369 -1869.102 629.651
1399.989 -1875.291 631.736
1404.609 -1881.48 633.821
1446.14 -1867.37 628.287
1450.873 -1873.482 630.343
1453.241 -1876.539 631.372
1492.413 -1858.493 624.502
1502.104 -1870.561 628.557
1511.795 -1882.629 632.612
1548.7 -1860.56 624.376
1561.089 -1875.444 629.372
1568.523 -1884.375 632.369
1602.967 -1858.394 622.809
1608.033 -1864.266 624.776
1613.097 -1870.137 626.744
1629.166 -1823.165 610.153
1696.771 -1833.253 612.649
1675.66 -1810.444 605.027
1657.188 -1790.486 598.357
1684.495 -1757.435 586.443
1679.113 -1751.82 584.57
1697.372 -1710.211 569.812
1678.177 -1690.871 563.368
1661.724 -1674.293 557.845
1683.887 -1638.638 545.1
1672.717 -1627.768 541.485
1664.34 -1619.615 538.773
1682.501 -1581.387 525.194
1668.291 -1568.031 520.758
1659.764 -1560.017 518.097
1682.413 -1527.305 506.37
1665.068 -1511.56 501.15
1653.505 -1501.063 497.67
1672.032 -1465.977 485.179
1660.277 -1455.671 481.768
1651.462 -1447.942 479.21
1668.866 -1413.039 466.8
1665.88 -1410.511 465.965
1674.837 -1418.095 468.47
1709.735 -1397.827 460.891
1715.797 -1402.784 462.526
1750.538 -1381.692 454.663
1765.921 -1393.833 458.657
1775.151 -1401.118 461.055
2446.592 -1863.886 612.056
2489.94 -1830.409 599.753
2512.087 -1846.69 605.088
2543.726 -1869.948 612.709
2590.495 -1836.986 600.533
2606.526 -1848.354 604.249
2662.789 -1820.807 593.816
2682.272 -1834.13 598.161
2708.251 -1851.894 603.954
2761.549 -1820.129 592.098
2781.275 -1833.13 596.327
2807.574 -1850.464 601.966
2867.712 -1820.96 590.793
2891.0 -1835.747 595.591
2914.288 -1850.535 600.388
2974.706 -1818.832 588.446
2988.167 -1827.062 591.109
3004.992 -1837.349 594.437
3068.846 -1805.709 582.465
3102.868 -1825.728 588.923
3133.489 -1843.745 594.735
3180.563 -1799.752 578.715
3197.755 -1809.48 581.843
3242.455 -1834.774 589.977
3317.267 -1803.868 578.095
3348.53 -1820.868 583.544
3386.739 -1841.646 590.203
3304.208 -1725.256 550.928
3290.178 -1717.93 548.589
3317.596 -1661.806 528.642
3324.677 -1665.353 529.77
3351.083 -1608.722 509.662
3397.527 -1631.018 516.725
3798.007 -1745.477 550.555
3834.041 -1762.037 555.777
3884.489 -1785.222 563.091
3960.148 -1740.228 546.294
4011.012 -1762.58 553.31
4076.408 -1791.318 562.331
4174.448 -1751.659 547.056
4272.227 -1709.299 530.843
5808.876 -287.472 12.866
5816.867 -287.868 12.885
5828.795 -192.224 -20.586
5854.953 -96.522 -54.291
5430.093 89.534 -112.675
1604.47 522.712 -206.03
1577.547 543.312 -212.797
1575.671 542.666 -212.544
1561.542 567.25 -220.888
1550.361 563.189 -219.307
1552.224 563.866 -219.57
1556.239 595.077 -230.495
1565.491 598.615 -231.866
1569.192 600.03 -232.414
1559.568 626.595 -241.516
1565.079 628.81 -242.37
1568.752 630.286 -242.938
1560.378 657.641 -252.335
1565.847 659.945 -253.219
1569.492 661.482 -253.809
1558.704 688.109 -262.915
1562.321 689.705 -263.525
1562.321 689.705 -263.525
1556.376 718.726 -273.537
1561.755 721.21 -274.483
1565.341 722.866 -275.113
1556.943 751.194 -284.848
1562.275 753.767 -285.823
1569.385 757.197 -287.124
1558.541 784.791 -296.566
1558.541 784.791 -296.566
1547.157 812.262 -305.957
1550.646 814.094 -306.647
1554.134 815.925 -307.337
1549.05 847.157 -318.132
1555.957 850.935 -319.55
1562.865 854.713 -320.969
1553.535 884.31 -331.131
1556.953 886.256 -331.86
1560.371 888.202 -332.588
1546.969 915.867 -342.016
1550.35 917.869 -342.764
1555.422 920.871 -343.885
1544.723 950.566 -354.061
1553.082 955.71 -355.977
1559.769 959.825 -357.509
1548.271 989.698 -367.736
1551.577 991.811 -368.521
1554.881 993.923 -369.305
1539.41 1021.656 -378.726
1547.572 1027.073 -380.735
1555.735 1032.49 -382.743
1542.734 1062.508 -392.996
1549.182 1066.949 -394.639
1535.463 1096.963 -404.88
1541.828 1101.51 -406.558
1546.6 1104.92 -407.817
1535.234 1137.319 -418.924
1544.653 1144.297 -421.494
1549.362 1147.785 -422.778
1532.428 1176.816 -432.629
1540.167 1182.759 -434.815
1547.907 1188.703 -437.0
1533.201 1220.211 -447.747
1262.331 1040.935 -381.278
1269.845 1047.131 -383.548
1268.343 1045.892 -383.093
1247.235 1065.467 -389.59
1248.714 1066.731 -390.052
1250.194 1067.995 -390.514
1233.074 1091.109 -398.303
1240.353 1097.55 -400.655
1253.455 1109.144 -404.887
1254.137 1149.415 -418.915
1267.022 1161.224 -423.219
1267.022 1161.224 -423.219
1243.856 1180.698 -429.649
1242.45 1179.362 -429.164
1245.263 1182.033 -430.135
1227.271 1206.559 -438.402
1227.271 1206.559 -438.402
1228.654 1207.918 -438.896
1208.754 1230.854 -446.581
1210.111 1232.236 -447.082
1211.468 1233.617 -447.584
1189.716 1254.91 -454.668
1193.707 1259.121 -456.194
1197.7 1263.332 -457.719
1175.375 1284.417 -464.724
1179.289 1288.694 -466.272
1159.03 1312.39 -474.216
1162.863 1316.73 -475.783
1167.975 1322.518 -477.875
1149.514 1349.024 -486.824
1154.516 1354.895 -488.943
1157.019 1357.831 -490.002
1137.77 1384.257 -498.911
1141.44 1388.722 -500.521
1140.217 1387.233 -499.984
1116.703 1408.955 -507.192
1125.073 1419.514 -510.993
1134.638 1431.582 -515.338
1113.752 1457.832 -524.162
1118.423 1463.945 -526.359
1126.595 1474.642 -530.205
1107.051 1503.946 -540.112
1116.162 1516.324 -544.557
1121.857 1524.061 -547.336
1095.649 1545.585 -554.434
1101.199 1553.415 -557.243
1110.08 1565.942 -561.737
1087.366 1593.642 -571.038
1094.932 1604.731 -575.012
1072.378 1633.888 -584.821
1080.789 1646.702 -589.408
1087.097 1656.313 -592.848
1066.449 1690.315 -604.374
1072.577 1700.029 -607.847
1078.706 1709.744 -611.32
1052.805 1737.227 -620.499
1062.719 1753.585 -626.341
1072.632 1769.943 -632.184
1049.281 1804.028 -643.697
1056.968 1817.245 -648.413
1062.733 1827.157 -651.95
1032.439 1851.226 -659.873
1039.88 1864.568 -664.629
1045.461 1874.575 -668.196
1055.528 1975.834 -703.594
1055.528 1975.834 -703.594
1020.503 1996.499 -710.261
1020.503 1996.499 -710.261
1017.032 1989.708 -707.845
981.698 2009.765 -714.296
983.369 2013.189 -715.513
986.714 2020.036 -717.947
950.762 2039.619 -724.223
953.98 2046.522 -726.674
919.027 2069.067 -733.997
922.116 2076.022 -736.464
926.75 2086.454 -740.165
889.456 2105.096 -746.094
890.936 2108.598 -747.335
896.856 2122.609 -752.301
864.496 2154.887 -763.05
868.741 2165.467 -766.798
874.4 2179.574 -771.793
839.316 2208.044 -781.176
844.713 2222.243 -786.199
851.46 2239.993 -792.479
815.001 2268.168 -801.739
817.569 2275.312 -804.264
822.702 2289.6 -809.314
752.205 2220.375 -784.16
747.337 2206.003 -779.085
706.397 2218.177 -782.708
706.397 2218.177 -782.708
707.547 2221.79 -783.982
669.576 2244.2 -791.213
674.992 2262.357 -797.614
678.243 2273.251 -801.455
642.174 2306.175 -812.374
648.27 2328.07 -820.086
609.841 2356.929 -829.555
609.841 2356.929 -829.555
560.862 2344.741 -824.577
549.416 2296.889 -807.749
500.346 2276.232 -799.823
498.721 2268.842 -797.225
497.909 2265.147 -795.927
455.936 2273.205 -798.102
456.68 2276.913 -799.403
456.68 2276.913 -799.403
415.175 2288.011 -802.644
372.192 2290.972 -803.03
317.418 2210.913 -774.34
276.491 2216.0 -775.496
277.426 2223.499 -778.121
277.895 2227.248 -779.433
236.674 2231.682 -780.357
237.869 2242.953 -784.299
239.862 2261.738 -790.867
200.644 2295.649 -802.082
159.993 2325.185 -811.753
155.326 2257.351 -788.071
113.009 2248.444 -784.336
112.441 2237.127 -780.388
112.441 2237.127 -780.388
71.197 2242.608 -781.677
71.077 2238.832 -780.361
71.077 2238.832 -780.361
29.591 2232.301 -777.465
29.542 2228.524 -776.149
-11.643 2228.864 -775.649
-11.623 2225.086 -774.334
-11.623 2225.086 -774.334
-52.914 2232.301 -776.226
-52.914 2232.301 -776.226
-52.825 2228.524 -774.912
-93.83 2223.73 -772.629
-93.671 2219.955 -771.317
-93.671 2219.955 -771.317
-134.668 2218.264 -770.112
-134.439 2214.491 -768.803
-134.439 2214.491 -768.803
-175.923 2219.666 -769.981
-175.624 2215.897 -768.674
-175.027 2208.36 -766.059
-216.527 2212.855 -767.001
-217.264 2220.382 -769.61
-216.895 2216.619 -768.306
-257.801 2212.897 -766.396
-258.676 2220.411 -768.998
-258.676 2220.411 -768.998
-299.136 2212.25 -765.55
-299.643 2216.0 -766.848
-341.094 2214.654 -765.758
-341.67 2218.395 -767.051
-341.67 2218.395 -767.051
-381.934 2208.885 -763.136
-382.58 2212.616 -764.426
-383.224 2216.348 -765.714
-425.513 2217.324 -765.42
-426.228 2221.045 -766.704
-425.513 2217.324 -765.42
-466.383 2210.163 -762.314
-466.383 2210.163 -762.314
-467.166 2213.871 -763.592
-508.812 2209.719 -761.522
-509.662 2213.414 -762.795
-509.662 2213.414 -762.795
-551.359 2208.547 -760.475
-554.116 2219.59 -764.278
-598.943 2224.971 -765.478
-592.036 2199.312 -756.65
-621.991 2152.917 -740.052
-616.72 2134.672 -733.78
-654.895 2120.733 -728.355
-654.895 2120.733 -728.355
-654.895 2120.733 -728.355
-695.113 2113.41 -725.203
-695.113 2113.41 -725.203
-697.49 2120.635 -727.681
-741.526 2123.368 -727.972
-742.78 2126.961 -729.204
-742.78 2126.961 -729.204
-781.904 2114.576 -724.305
-781.904 2114.576 -724.305
-783.226 2118.148 -725.529
-824.95 2112.196 -722.831
-827.723 2119.296 -725.26
-830.496 2126.396 -727.69
-872.493 2119.618 -724.7
-875.395 2126.672 -727.112
-876.847 2130.199 -728.318
-919.032 2122.609 -725.043
-934.198 2157.635 -737.007
-943.297 2178.651 -744.186
-980.166 2156.003 -735.749
-975.423 2145.57 -732.189
-972.263 2138.615 -729.815
-1011.547 2122.447 -723.598
-1013.191 2125.898 -724.774
-1050.523 2105.631 -717.159
-1050.523 2105.631 -717.159
-1090.951 2091.57 -711.658
-1134.837 2083.546 -708.207
-1186.332 2088.049 -709.001
-1232.456 2081.571 -706.053
-1232.456 2081.571 -706.053
-1230.5 2078.267 -704.934
-1270.625 2061.117 -698.362
-1274.659 2067.66 -700.578
-1314.637 2049.75 -693.743
-1316.714 2052.988 -694.839
-1322.944 2062.702 -698.127
-1497.018 2005.262 -675.521
-1517.81 2033.112 -684.903
-1566.849 2023.239 -680.729
-1578.683 2038.52 -685.871
-1581.05 2041.576 -686.9
-1630.51 2030.463 -682.289
-1642.624 2045.549 -687.358
-1684.985 2024.289 -679.322
-2050.68 2294.873 -768.017
-2116.345 2286.576 -764.144
-2118.984 2289.428 -765.097
-1972.42 2057.827 -686.682
-1950.893 2035.368 -679.187
-1974.325 1989.26 -662.785
-1963.357 1978.208 -659.104
-1955.13 1969.92 -656.342
-1991.064 1937.56 -644.539
-1982.687 1929.407 -641.827
-1979.894 1926.69 -640.922
-2017.864 1896.596 -629.877
-2017.864 1896.596 -629.877
-2012.18 1891.254 -628.103
-2040.865 1852.71 -614.256
-2046.646 1857.959 -615.997
-2052.428 1863.207 -617.737
-2089.305 1831.827 -606.26
-2101.059 1842.132 -609.671
-2101.059 1842.132 -609.671
-2131.611 1804.848 -596.234
-2140.567 1812.431 -598.74
-2146.539 1817.487 -600.41
-2185.672 1786.939 -589.189
-2209.923 1806.766 -595.727
-2270.47 1792.072 -589.703
-2292.005 1809.07 -595.297
-2518.367 1918.566 -630.012
-2512.126 1913.812 -628.451
-2505.884 1909.057 -626.889
-2531.07 1860.645 -609.66
-2512.087 1846.69 -605.088
-2505.759 1842.038 -603.563
-2535.993 1798.337 -587.898
-2519.962 1786.969 -584.182
-2529.581 1793.79 -586.412
-2562.122 1751.972 -571.367
-2542.638 1738.649 -567.022
-2532.896 1731.988 -564.85
-2554.433 1683.619 -547.691
-2541.282 1674.952 -544.871
-2528.133 1666.284 -542.052
-2551.665 1620.274 -525.683
-2551.665 1620.274 -525.683
-2561.646 1626.612 -527.739
-2591.09 1584.277 -512.56
-2621.375 1602.794 -518.551
-2655.026 1623.369 -525.208
-2670.78 1571.487 -506.913
-2681.989 1517.628 -487.997
-2702.444 1469.539 -470.951
-2855.282 1552.649 -497.586
-2897.321 1512.804 -483.086
-2988.52 1560.423 -498.292
-3006.018 1505.735 -478.994
-2998.936 1502.188 -477.865
-2984.774 1495.094 -475.608
-2997.398 1438.932 -455.87
-2986.68 1433.787 -454.24
-2983.108 1432.072 -453.697
-2990.84 1374.522 -433.549
-2980.03 1369.553 -431.982
-2969.22 1364.585 -430.415
-2982.827 1310.759 -411.474
-2982.827 1310.759 -411.474
-2999.012 1258.429 -393.016
-2991.688 1255.356 -392.057
-2984.364 1252.283 -391.097
-2999.414 1200.052 -372.69
-2992.035 1197.1 -371.774
-2980.967 1192.672 -370.399
-2991.147 1139.207 -351.636
-2983.716 1136.377 -350.762
-2972.568 1132.132 -349.451
-2970.332 1074.932 -329.576
-2962.851 1072.225 -328.745
-2959.109 1070.871 -328.33
-2966.896 1018.144 -309.86
-2959.366 1015.56 -309.074
-2951.836 1012.976 -308.287
-2966.061 963.02 -290.684
-2962.273 961.79 -290.313
-2954.697 959.33 -289.571
-2971.718 910.56 -272.339
-2964.099 908.225 -271.642
-2960.289 907.058 -271.292
-2972.513 857.094 -253.717
-2968.683 855.99 -253.391
-2976.091 804.913 -235.501
-2960.691 800.748 -234.282
-2956.841 799.707 -233.977
-2967.044 749.934 -216.499
-2963.176 748.956 -216.217
-2963.176 748.956 -216.217
-2968.537 698.232 -198.481
-2956.88 695.491 -197.701
-2945.224 692.749 -196.922
-2949.519 642.453 -179.35
-2949.519 642.453 -179.35
-2945.618 641.603 -179.113
-2952.854 592.218 -161.814
-2945.022 590.647 -161.386
-2941.105 589.862 -161.17
-2951.304 541.34 -144.128
-2947.374 540.619 -143.936
-2948.776 490.686 -126.534
-2944.834 490.03 -126.364
-2944.834 490.03 -126.364
-2949.233 440.862 -109.184
-2941.327 439.68 -108.892
-2937.373 439.089 -108.745
-2944.786 390.639 -91.769
-2940.823 390.113 -91.646
-2936.86 389.587 -91.522
-2943.358 341.149 -74.565
-2939.386 340.689 -74.464
-2943.358 341.149 -74.565
-2944.98 292.212 -57.506
-2941.0 291.817 -57.428
-2937.021 291.422 -57.351
-2937.719 242.658 -40.367
-2937.719 242.658 -40.367
-2941.502 194.215 -23.448
-2937.511 193.952 -23.416
-2933.519 193.688 -23.384
-2940.394 145.516 -6.513
-2940.394 145.516 -6.513
-2936.399 145.318 -6.505
-2934.386 96.771 10.364
-2930.389 96.639 10.349
-2930.389 96.639 10.349
-2931.475 48.327 27.182
-2931.475 48.327 27.182
-2931.475 48.327 27.182
-2931.962 0.0 14.84
-2931.962 0.0 14.84
-2927.962 0.0 14.82
-2923.421 -47.318 33.905
-2923.421 -47.318 33.905
-2927.42 -47.383 33.951
-2925.985 -94.752 53.073
-2925.985 -94.752 53.073
-2929.983 -94.881 53.146
-2923.659 -142.091 72.179
-2923.659 -142.091 72.179
-2923.659 -142.091 72.179
-2908.474 -188.612 90.888
-2908.474 -188.612 90.888
-2920.321 -236.95 110.468
-2920.321 -236.95 110.468
-2920.321 -236.95 110.468
-2911.343 -283.793 129.339
-2915.32 -284.181 129.516
-2758.601 -314.149 140.825
-2758.601 -314.149 140.825
-2878.896 -375.272 166.117
-2910.575 -379.402 167.945
-2918.495 -380.434 168.402
-2114.633 -345.861 150.372
-2118.571 -346.505 150.652
-2119.507 -382.163 165.056
-2904.508 -523.705 226.188
-2904.508 -523.705 226.188
-2898.024 -571.418 245.423
-2898.024 -571.418 245.423
-2894.524 -619.917 264.991
-2902.315 -621.585 265.704
-2898.419 -620.751 265.348
-2886.199 -667.582 284.197
-2890.078 -668.479 284.579
-2893.957 -669.377 284.961
-2884.683 -717.089 304.182
-2884.683 -717.089 304.182
-2892.407 -719.009 304.997
-2882.181 -766.754 324.225
-2882.181 -766.754 324.225
-2882.181 -766.754 324.225
-2871.038 -814.389 343.405
-2874.861 -815.473 343.862
-2878.684 -816.558 344.32
-2874.187 -866.484 364.458
-2874.187 -866.484 364.458
-2877.989 -867.63 364.94
-2876.244 -918.931 385.649
-2887.582 -922.554 387.169
-2895.141 -924.969 388.183
-2884.708 -974.248 408.03
-2888.464 -975.516 408.561
-2892.219 -976.785 409.092
-2877.031 -1024.802 428.406
-2884.494 -1027.46 429.517
-2868.326 -1075.407 448.798
-2872.032 -1076.796 449.377
-2875.738 -1078.186 449.957
-2862.27 -1127.494 469.801
-2869.628 -1130.392 471.009
-2873.307 -1131.841 471.613
-2855.122 -1179.713 490.853
-2858.773 -1181.222 491.481
-2866.076 -1184.239 492.736
-2850.499 -1233.614 512.596
-2857.743 -1236.749 513.899
-2861.365 -1238.317 514.55
-2848.303 -1289.352 535.093
-2855.486 -1292.604 536.444
-2869.854 -1299.108 539.142
-2859.113 -1352.131 560.5
-2873.355 -1358.866 563.293
-2884.036 -1363.918 565.387
-2857.831 -1410.428 584.035
-2868.416 -1415.651 586.199
-2882.528 -1422.616 589.083
-2858.713 -1470.893 608.458
-2865.703 -1474.489 609.945
-2844.34 -1524.398 629.992
-2851.26 -1528.107 631.525
-2861.641 -1533.67 633.824
-2839.094 -1583.618 653.88
-2856.217 -1593.169 657.824
-2866.491 -1598.9 660.19
-2835.866 -1645.097 678.691
-2852.807 -1654.925 682.745
-2866.36 -1662.787 685.989
-2847.934 -1717.055 707.811
-2854.635 -1721.095 709.476
-2864.686 -1727.155 711.974
-2844.895 -1781.604 733.862
-2854.831 -1787.827 736.425
-2871.39 -1798.197 740.697
-2850.102 -1852.959 762.703
-2850.102 -1852.959 762.703
-2859.919 -1859.342 765.33
-2843.782 -1918.482 789.132
-2856.708 -1927.203 792.718
-2866.403 -1933.743 795.408
-2842.236 -1988.828 817.531
-2851.806 -1995.524 820.284
-2823.16 -2048.287 841.446
-2835.749 -2057.421 845.199
-2820.013 -2046.004 840.508
-2740.632 -2061.052 846.183
-2715.802 -2042.379 838.517
-2690.971 -2023.706 830.85
-2621.79 -2043.171 838.361
-2600.376 -2026.483 831.513
-2582.02 -2012.178 825.643
-2516.545 -2031.823 833.245
-2495.448 -2014.79 826.26
-2258.244 -1888.652 774.122
-2362.105 -1975.515 809.725
-2315.724 -2005.917 821.767
-2298.203 -1990.74 815.55
-2237.332 -2007.082 821.841
-2217.227 -1989.047 814.456
-2197.123 -1971.012 807.071
-2139.857 -1987.974 813.631
-2122.919 -1972.238 807.19
-2108.804 -1959.125 801.824
-2063.219 -1985.014 812.048
-2041.034 -1963.669 803.316
-2024.395 -1947.661 796.768
-1979.195 -1972.052 806.388
-1968.305 -1961.202 801.952
-1954.693 -1947.639 796.406
-1901.648 -1962.501 802.139
-1888.294 -1948.72 796.506
-1880.282 -1940.451 793.126
-1832.936 -1959.451 800.56
-1819.844 -1945.455 794.841
-1767.499 -1957.626 799.491
-1752.107 -1940.578 792.529
-1746.976 -1934.896 790.208
-1702.701 -1954.289 797.815
-1690.143 -1939.877 791.932
-1680.098 -1928.347 787.225
-1633.666 -1943.615 793.156
-1626.296 -1934.847 789.578
-1614.012 -1920.233 783.614
-1565.566 -1931.313 787.843
-1555.962 -1919.465 783.009
-1548.758 -1910.578 779.385
-1505.476 -1926.412 785.56
-1496.096 -1914.409 780.665
-1486.716 -1902.407 775.771
-1446.058 -1920.163 782.735
-1436.906 -1908.01 777.782
-1389.576 -1915.661 780.632
-1382.884 -1906.437 776.872
-1340.229 -1919.257 781.833
-1018.472 -1709.568 695.527
-980.492 -1716.021 697.941
-976.75 -1709.472 695.277
-973.008 -1702.922 692.613
-938.966 -1715.16 697.383
-935.348 -1708.551 694.695
-931.729 -1701.941 692.008
-903.018 -1723.484 700.563
-910.003 -1736.818 705.983
-919.235 -1835.375 745.829
-925.969 -1848.821 751.293
-925.969 -1848.821 751.293
-887.76 -1856.809 754.326
-882.9 -1846.644 750.196
-879.66 -1839.867 747.443
-841.756 -1847.055 750.154
-838.644 -1840.227 747.38
-837.088 -1836.813 745.994
-799.379 -1843.262 748.408
-794.904 -1832.945 744.219
-758.832 -1842.128 747.744
-760.258 -1845.591 749.15
-758.832 -1842.128 747.744
-724.02 -1854.189 752.438
-721.298 -1847.218 749.61
-718.576 -1840.247 746.782
-679.921 -1841.136 746.944
-677.331 -1834.122 744.099
-676.036 -1830.615 742.676
-640.226 -1837.81 745.4
-635.311 -1823.7 739.677
-634.083 -1820.172 738.247
-600.869 -1833.764 743.567
-597.382 -1823.123 739.252
-596.22 -1819.576 737.814
-560.767 -1825.442 740.004
-559.124 -1820.094 737.835
-524.25 -1827.134 740.502
-522.708 -1821.76 738.324
-520.651 -1814.595 735.421
-485.441 -1819.205 737.103
-485.441 -1819.205 737.103
-484.001 -1813.807 734.916
-447.988 -1814.196 734.891
-446.649 -1808.775 732.695
-445.31 -1803.354 730.499
-410.874 -1808.531 732.416
-411.286 -1810.345 733.15
-410.462 -1806.717 731.681
-374.869 -1805.863 731.156
-374.491 -1804.042 730.419
-374.491 -1804.042 730.419
-339.78 -1806.235 731.129
-340.123 -1808.061 731.868
-339.78 -1806.235 731.129
-305.103 -1807.855 731.608
-305.103 -1807.855 731.608
-304.794 -1806.023 730.866
-270.196 -1807.067 731.113
-269.646 -1803.394 729.627
-234.454 -1798.34 727.407
-233.974 -1794.658 725.919
-233.974 -1794.658 725.919
-199.947 -1796.386 726.444
-199.741 -1794.542 725.698
-200.153 -1798.231 727.189
-165.587 -1793.866 725.252
-164.905 -1786.476 722.264
-165.077 -1788.323 723.012
-131.116 -1787.082 722.338
-130.979 -1785.232 721.59
-130.843 -1783.382 720.842
-97.051 -1781.583 719.944
-96.951 -1779.731 719.197
-96.85 -1777.879 718.448
-63.237 -1775.527 717.328
-63.172 -1773.674 716.58
-63.172 -1773.674 716.58
-29.745 -1772.63 715.989
-29.714 -1770.776 715.241
3.62 -1771.046 715.18
3.616 -1769.192 714.432
3.616 -1769.192 714.432
36.914 -1768.922 714.154
36.875 -1767.068 713.405
36.837 -1765.214 712.657
70.054 -1764.407 712.164
70.054 -1764.407 712.164
69.981 -1762.554 711.415
103.142 -1761.211 710.705
103.033 -1759.359 709.958
103.142 -1761.211 710.705
136.271 -1759.332 709.778
136.127 -1757.482 709.032
135.985 -1755.632 708.286
168.825 -1751.375 706.401
168.825 -1751.375 706.401
168.825 -1751.375 706.401
201.332 -1744.745 703.559
201.757 -1748.434 705.046
202.183 -1752.122 706.534
234.875 -1746.801 704.219
235.123 -1748.642 704.961
268.273 -1746.465 703.914
268.273 -1746.465 703.914
267.991 -1744.628 703.174
300.778 -1740.083 701.173
301.728 -1745.578 703.387
302.045 -1747.41 704.125
334.878 -1742.314 701.901
335.229 -1744.14 702.636
335.229 -1744.14 702.636
368.379 -1740.327 700.929
368.764 -1742.148 701.663
368.764 -1742.148 701.663
401.906 -1737.786 699.733
401.906 -1737.786 699.733
402.326 -1739.6 700.464
434.539 -1731.075 696.858
435.446 -1734.689 698.313
436.353 -1738.303 699.767
468.502 -1729.235 695.943
468.502 -1729.235 695.943
468.99 -1731.034 696.667
501.484 -1723.238 693.355
502.526 -1726.821 694.795
537.709 -1727.396 694.85
537.709 -1727.396 694.85
536.6 -1723.831 693.416
570.121 -1718.488 691.088
571.298 -1722.035 692.515
572.475 -1725.582 693.941
604.847 -1716.112 689.953
606.09 -1719.64 691.371
606.712 -1721.403 692.081
640.308 -1714.887 689.279
641.618 -1718.393 690.688
642.273 -1720.147 691.393
676.592 -1714.776 689.05
677.28 -1716.519 689.751
677.967 -1718.261 690.451
711.622 -1710.548 687.166
712.343 -1712.279 687.861
713.783 -1715.742 689.252
746.696 -1705.705 685.032
748.202 -1709.144 686.414
750.46 -1714.303 688.485
784.157 -1705.368 684.707
786.511 -1710.489 686.763
820.193 -1700.945 682.738
821.011 -1702.639 683.418
824.278 -1709.416 686.139
857.996 -1699.235 681.856
858.845 -1700.915 682.531
861.391 -1705.958 684.554
895.981 -1696.815 680.687
898.621 -1701.815 682.692
900.381 -1705.149 684.031
934.131 -1693.679 679.228
936.864 -1698.637 681.216
940.509 -1705.246 683.866
974.315 -1693.097 678.789
978.084 -1699.647 681.415
979.969 -1702.922 682.728
1013.785 -1690.104 677.38
1017.677 -1696.592 679.981
1023.514 -1706.324 683.881
1059.453 -1695.981 679.523
1065.473 -1705.617 683.384
1071.492 -1715.254 687.245
1105.643 -1700.889 681.271
1109.777 -1707.247 683.818
1111.844 -1710.426 685.091
1145.957 -1695.375 678.841
1145.957 -1695.375 678.841
1152.335 -1704.811 682.618
1188.579 -1692.181 677.335
1192.948 -1698.402 679.825
1231.423 -1688.119 675.478
1233.665 -1691.194 676.708
1238.151 -1697.344 679.169
1272.169 -1680.143 672.051
1274.469 -1683.181 673.265
1279.07 -1689.257 675.696
1315.342 -1674.358 669.496
1317.7 -1677.359 670.695
1322.414 -1683.36 673.095
1363.505 -1673.607 668.948
1373.158 -1685.456 673.684
1377.985 -1691.38 676.053
1414.501 -1674.724 669.141
1421.907 -1683.492 672.645
1426.844 -1689.338 674.981
1460.898 -1668.928 666.566
1468.468 -1677.575 670.02
1476.038 -1686.223 673.474
1515.231 -1670.659 666.99
1525.539 -1682.024 671.527
1533.271 -1690.548 674.93
1572.694 -1673.931 668.02
1575.324 -1676.73 669.138
1580.584 -1682.329 671.372
1620.002 -1664.818 664.101
1630.73 -1675.844 668.5
1659.236 -1646.541 656.522
1659.236 -1646.541 656.522
1659.236 -1646.541 656.522
1678.783 -1608.822 641.19
1667.646 -1598.149 636.937
1659.295 -1590.145 633.748
1677.581 -1552.613 618.498
1663.412 -1539.5 613.275
1657.745 -1534.254 611.184
1674.784 -1496.938 596.029
1666.137 -1489.209 592.952
1651.723 -1476.326 587.822
1664.551 -1436.773 571.784
1655.759 -1429.184 568.765
1646.968 -1421.596 565.744
1664.486 -1387.328 551.817
1649.598 -1374.919 546.882
1663.075 -1338.326 532.036
1654.004 -1331.027 529.134
1647.956 -1326.16 527.2
1663.404 -1292.181 513.4
1657.266 -1287.413 511.505
1644.99 -1277.876 507.716
1653.17 -1239.432 492.151
1646.944 -1234.764 490.296
1643.83 -1232.43 489.37
1676.192 -1212.531 481.17
1688.818 -1221.665 484.795
1701.445 -1230.799 488.42
1737.091 -1212.047 480.667
1746.689 -1218.743 483.322
1759.485 -1227.672 486.863
2473.81 -1604.054 635.241
2490.214 -1614.691 639.454
2509.899 -1627.456 644.509
2559.988 -1599.088 632.8
2576.59 -1609.459 636.904
2593.191 -1619.829 641.008
2639.992 -1587.771 627.825
2663.503 -1601.911 633.416
2690.373 -1618.072 639.806
2737.31 -1584.168 625.877
2761.083 -1597.926 631.313
2788.253 -1613.65 637.525
2842.135 -1581.707 624.353
2859.297 -1591.259 628.123
2893.622 -1610.362 635.663
2954.607 -1580.033 623.107
2975.413 -1591.16 627.495
3006.624 -1607.85 634.077
3060.843 -1571.59 619.16
3085.358 -1584.177 624.119
3120.38 -1602.158 631.203
3181.773 -1567.142 616.752
3213.591 -1582.813 622.92
3271.326 -1544.09 606.989
3296.298 -1555.877 611.623
3328.404 -1571.031 617.58
3396.94 -1534.866 602.628
3443.72 -1556.003 610.928
3483.303 -1573.888 617.949
3552.192 -1534.573 601.725
3588.477 -1550.247 607.871
3646.53 -1575.327 617.705
3741.334 -1543.282 604.284
3810.222 -1498.494 585.849
5800.542 -281.853 84.461
5808.531 -282.242 84.578
5820.763 -188.468 46.647
5812.767 -188.209 46.583
5823.231 -94.248 8.586
1640.328 524.069 -219.936
1617.014 546.111 -228.719
1609.501 543.574 -227.657
1603.867 541.672 -226.861
1587.778 565.568 -236.429
1578.449 562.246 -235.04
1565.721 587.028 -244.983
1567.574 587.722 -245.273
1569.426 588.417 -245.563
1561.74 615.194 -256.338
1565.419 616.643 -256.942
1570.937 618.817 -257.847
1562.65 645.674 -268.651
1568.127 647.937 -269.592
1571.777 649.446 -270.22
1561.074 675.588 -280.723
1564.696 677.156 -281.374
1566.506 677.939 -281.7
1555.252 704.022 -292.176
1560.64 706.461 -293.188
1567.823 709.713 -294.538
1559.516 737.526 -305.727
1564.856 740.052 -306.774
1571.978 743.419 -308.17
1559.458 769.641 -318.696
1561.222 770.511 -319.056
1564.751 772.253 -319.778
1553.42 799.281 -330.635
1563.904 804.675 -332.867
1557.12 834.524 -344.886
1558.85 835.452 -345.269
1565.771 839.161 -346.802
1556.535 868.22 -358.49
1558.247 869.175 -358.885
1563.385 872.04 -360.068
1550.07 899.202 -370.969
1553.458 901.167 -371.779
1558.54 904.116 -372.996
1547.936 933.27 -384.716
1556.312 938.32 -386.797
1563.013 942.36 -388.463
1551.61 971.69 -400.249
1554.923 973.764 -401.104
1559.89 976.875 -402.385
1544.487 1004.13 -413.314
1551.031 1008.384 -415.065
1559.212 1013.703 -417.254
1547.923 1044.265 -429.538
1554.386 1048.625 -431.332
1540.741 1078.119 -443.173
1293.52 905.129 -372.064
1277.818 927.096 -380.855
1274.67 924.812 -379.918
1271.523 922.529 -378.979
1253.925 942.996 -387.155
1252.373 941.828 -386.676
1250.82 940.661 -386.197
1235.943 963.175 -395.214
1234.414 961.983 -394.724
1216.079 981.845 -402.652
1220.6 985.495 -404.149
1222.107 986.712 -404.648
1207.76 1010.094 -414.017
1209.243 1011.335 -414.526
1210.727 1012.576 -415.035
1194.365 1034.578 -423.837
1201.665 1040.902 -426.428
1207.506 1045.961 -428.5
1191.903 1069.242 -437.823
1199.083 1075.683 -440.461
1210.572 1085.989 -444.68
1212.491 1126.431 -461.022
1233.665 1146.101 -469.072
1237.899 1150.035 -470.683
1216.024 1169.931 -478.606
1218.797 1172.599 -479.698
1220.184 1173.933 -480.243
1195.14 1190.826 -486.938
1197.862 1193.539 -488.048
1199.223 1194.895 -488.602
1179.183 1216.916 -497.394
1181.853 1219.672 -498.52
1181.853 1219.672 -498.52
1161.297 1241.452 -507.211
1163.915 1244.251 -508.356
1144.128 1267.2 -517.523
1145.411 1268.621 -518.103
1150.542 1274.304 -520.423
1131.366 1298.536 -530.112
1135.133 1302.859 -531.877
1140.157 1308.624 -534.231
1120.229 1332.765 -543.878
1121.457 1334.226 -544.474
1122.685 1335.687 -545.071
1103.34 1361.102 -555.236
1112.945 1372.95 -560.069
1122.549 1384.799 -564.903
1103.312 1411.802 -575.71
1108.002 1417.803 -578.157
1109.175 1419.303 -578.769
1087.975 1444.679 -588.909
1099.416 1459.871 -595.102
1110.856 1475.062 -601.294
1091.81 1505.162 -613.354
1102.962 1520.537 -619.619
1114.113 1535.911 -625.884
1092.602 1564.645 -637.378
1100.205 1575.532 -641.814
1077.742 1604.158 -653.259
1086.196 1616.74 -658.383
1088.309 1619.885 -659.664
1055.564 1634.125 -665.248
1055.564 1634.125 -665.248
1057.618 1637.304 -666.543
1028.599 1657.436 -674.526
1032.586 1663.86 -677.14
1034.579 1667.072 -678.448
1004.943 1686.86 -686.288
1008.808 1693.348 -688.928
1012.674 1699.836 -691.567
989.848 1732.396 -704.601
997.333 1745.495 -709.928
1001.075 1752.045 -712.592
973.341 1777.95 -722.914
982.387 1794.474 -729.632
991.433 1810.998 -736.351
964.149 1840.161 -747.99
988.262 1973.196 -801.834
989.945 1976.558 -803.201
991.629 1979.919 -804.566
959.04 2005.896 -814.892
962.28 2012.672 -817.645
925.776 2031.419 -825.03
930.444 2041.661 -829.19
938.223 2058.732 -836.123
918.689 2118.376 -860.11
877.221 2129.528 -864.404
749.856 2030.51 -823.773
744.676 2016.482 -818.082
702.898 2017.71 -818.366
701.669 2014.183 -816.936
662.466 2021.751 -819.794
660.143 2014.657 -816.917
660.143 2014.657 -816.917
622.101 2025.1 -820.941
617.72 2010.839 -815.16
610.053 1985.881 -805.043
568.451 1981.187 -802.936
568.451 1981.187 -802.936
568.451 1981.187 -802.936
530.097 1986.551 -804.908
529.136 1982.952 -803.45
528.176 1979.353 -801.993
489.931 1984.051 -803.696
490.823 1987.665 -805.16
489.039 1980.437 -802.232
451.673 1988.115 -805.143
451.673 1988.115 -805.143
414.17 1995.187 -807.81
414.926 1998.828 -809.283
414.926 1998.828 -809.283
377.915 2008.957 -813.186
379.289 2016.262 -816.143
379.977 2019.915 -817.623
342.506 2029.486 -821.298
343.125 2033.15 -822.78
343.742 2036.813 -824.262
306.991 2053.152 -830.674
306.991 2053.152 -830.674
306.991 2053.152 -830.674
269.25 2065.238 -835.364
270.21 2072.6 -838.342
271.17 2079.963 -841.32
232.793 2091.481 -845.777
233.204 2095.169 -847.269
233.614 2098.858 -848.761
195.09 2113.473 -854.468
196.454 2128.253 -860.443
195.773 2120.863 -857.456
155.275 2116.378 -855.44
155.818 2123.778 -858.431
155.547 2120.078 -856.935
115.211 2114.935 -854.654
115.009 2111.231 -853.157
75.251 2112.84 -853.606
75.383 2116.547 -855.103
75.251 2112.84 -853.606
35.409 2110.098 -852.296
35.409 2110.098 -852.296
35.532 2117.515 -855.293
-4.321 2114.128 -853.723
-4.321 2114.128 -853.723
-4.321 2114.128 -853.723
-44.034 2110.098 -851.894
-44.034 2110.098 -851.894
-44.111 2113.806 -853.392
-83.741 2109.134 -851.304
-83.888 2112.84 -852.8
-83.888 2112.84 -852.8
-123.64 2111.231 -851.949
-123.64 2111.231 -851.949
-123.423 2107.527 -850.454
-163.067 2105.278 -849.346
-163.354 2108.978 -850.838
-163.354 2108.978 -850.838
-203.017 2106.083 -849.468
-203.017 2106.083 -849.468
-243.045 2106.235 -849.328
-243.47 2109.924 -850.815
-243.47 2109.924 -850.815
-283.633 2109.414 -850.405
-283.137 2105.733 -848.922
-283.137 2105.733 -848.922
-322.718 2100.899 -846.769
-322.154 2097.227 -845.289
-323.282 2104.572 -848.25
-363.467 2102.753 -847.312
-364.733 2110.08 -850.264
-364.733 2110.08 -850.264
-402.976 2096.62 -844.635
-404.38 2103.926 -847.578
-406.487 2114.884 -851.993
-445.446 2104.413 -847.567
-445.446 2104.413 -847.567
-445.446 2104.413 -847.567
-484.972 2096.953 -844.354
-485.81 2100.581 -845.815
-487.489 2107.837 -848.736
-527.978 2103.31 -846.705
-527.978 2103.31 -846.705
-568.443 2098.114 -844.401
-570.393 2105.312 -847.298
-571.368 2108.911 -848.746
-613.04 2106.578 -847.593
-616.168 2117.326 -851.917
-617.21 2120.909 -853.359
-658.125 2114.233 -850.456
-657.015 2110.667 -849.022
-658.125 2114.233 -850.456
-698.972 2106.877 -847.279
-701.326 2113.971 -850.132
-703.679 2121.065 -852.984
-744.714 2112.952 -849.501
-743.471 2109.424 -848.083
-745.957 2116.479 -850.919
-789.582 2114.676 -849.969
-789.582 2114.676 -849.969
-790.892 2118.183 -851.379
-833.363 2112.102 -848.709
-833.363 2112.102 -848.709
-836.114 2119.073 -851.51
-878.724 2112.215 -848.524
-883.045 2122.603 -852.697
-924.338 2111.498 -848.004
-913.8 2087.426 -838.337
-903.262 2063.353 -828.669
-930.94 2024.591 -812.876
-915.242 1990.449 -799.168
-905.822 1969.964 -790.942
-939.464 1948.294 -782.021
-936.196 1941.517 -779.301
-934.562 1938.129 -777.941
-965.776 1912.689 -767.51
-964.079 1909.328 -766.161
-964.079 1909.328 -766.161
-999.836 1893.499 -759.588
-1001.597 1896.832 -760.925
-999.836 1893.499 -759.588
-1031.644 1870.483 -750.132
-1031.644 1870.483 -750.132
-1037.112 1880.397 -754.108
-1076.081 1869.939 -749.688
-1076.081 1869.939 -749.688
-1111.077 1852.302 -742.389
-1114.969 1858.79 -744.989
-1153.76 1846.949 -740.011
-1153.76 1846.949 -740.011
-1155.767 1850.161 -741.298
-1192.442 1834.416 -734.754
-1194.509 1837.595 -736.028
-1196.575 1840.775 -737.301
-1233.126 1824.336 -730.477
-1237.378 1830.627 -732.996
-1248.008 1846.354 -739.294
-1284.713 1829.048 -732.119
-1286.898 1832.159 -733.364
-1289.083 1835.27 -734.609
-1330.116 1823.414 -729.614
-1334.601 1829.564 -732.074
-1336.845 1832.639 -733.305
-1375.691 1816.863 -726.737
-1380.291 1822.939 -729.168
-1384.893 1829.016 -731.599
-1428.489 1818.389 -727.087
-1430.847 1821.389 -728.286
-1467.276 1800.979 -719.86
-1508.308 1785.788 -713.518
-1530.524 1812.092 -724.028
-1582.01 1807.285 -721.826
-1589.578 1815.932 -725.28
-1592.102 1818.815 -726.431
-1628.616 1795.674 -716.901
-1691.041 1799.896 -718.29
-1759.472 1808.147 -721.276
-1815.046 1801.159 -718.172
-2021.221 1936.989 -771.981
-2015.653 1931.653 -769.854
-2007.301 1923.649 -766.664
-2043.135 1890.936 -753.272
-2037.467 1885.69 -751.183
-2034.634 1883.068 -750.137
-2075.464 1855.07 -738.625
-2072.581 1852.493 -737.599
-2078.346 1857.646 -739.651
-2121.716 1831.38 -728.824
-2130.508 1838.968 -731.844
-2173.658 1811.716 -720.62
-2182.591 1819.162 -723.582
-2197.479 1831.571 -728.518
-2246.664 1807.957 -718.733
-2434.138 1958.823 -778.708
-2470.554 1919.198 -762.522
-2449.071 1902.51 -755.892
-2424.519 1883.437 -748.314
-2443.952 1832.306 -727.567
-2447.066 1834.64 -728.494
-2462.632 1846.311 -733.128
-2500.083 1808.521 -717.678
-2484.299 1797.104 -713.147
-2474.829 1790.253 -710.429
-2498.468 1743.294 -691.345
-2498.468 1743.294 -691.345
-2498.468 1743.294 -691.345
-2521.095 1696.113 -672.178
-2521.095 1696.113 -672.178
-2511.374 1689.573 -669.586
-2519.742 1633.838 -647.037
-2519.742 1633.838 -647.037
-2550.026 1592.866 -630.337
-2576.175 1549.389 -612.648
-2616.48 1573.63 -622.233
-2662.594 1540.928 -608.793
-2673.94 1488.104 -587.405
-2677.373 1490.014 -588.158
-2864.442 1531.816 -604.093
-2867.91 1533.67 -604.824
-2909.524 1555.924 -613.599
-2990.801 1535.626 -604.992
-2994.303 1537.425 -605.7
-2983.797 1532.03 -603.574
-2997.938 1476.596 -581.118
-2987.332 1471.372 -579.061
-2973.191 1464.407 -576.32
-2985.932 1409.382 -554.035
-2978.798 1406.014 -552.711
-2971.663 1402.647 -551.387
-2990.314 1351.137 -530.493
-2975.921 1344.634 -527.938
-2989.792 1291.612 -506.457
-2978.907 1286.909 -504.613
-2978.907 1286.909 -504.613
-2995.262 1235.531 -483.782
-2987.948 1232.514 -482.601
-2980.633 1229.497 -481.419
-2995.852 1178.216 -460.634
-2988.482 1175.318 -459.501
-2977.427 1170.97 -457.801
-2984.068 1117.089 -436.009
-2976.645 1114.311 -434.923
-2965.511 1110.142 -433.297
-2967.17 1055.373 -411.171
-2959.697 1052.715 -410.136
-2955.959 1051.386 -409.618
-2960.155 998.35 -388.179
-2956.394 997.082 -387.686
-2948.871 994.544 -386.699
-2963.259 945.497 -366.82
-2959.474 944.289 -366.352
-2955.69 943.082 -365.883
-2969.085 893.992 -345.992
-2961.473 891.699 -345.104
-2973.879 842.583 -325.207
-2970.052 841.499 -324.788
-2962.398 839.33 -323.951
-2973.798 790.267 -304.08
-2958.41 786.178 -302.507
-2954.563 785.156 -302.114
-2968.793 737.249 -282.695
-2961.062 735.329 -281.959
-2957.196 734.369 -281.591
-2966.587 685.528 -261.82
-2954.938 682.836 -260.792
-2943.289 680.144 -259.764
-2951.646 631.597 -240.118
-2947.746 630.763 -239.8
-2939.948 629.094 -239.166
-2947.33 580.671 -219.574
-2943.416 579.9 -219.282
-2949.857 531.49 -199.7
-2945.929 530.782 -199.434
-2945.929 530.782 -199.434
-2947.492 481.757 -179.629
-2943.552 481.113 -179.389
-2943.552 481.113 -179.389
-2948.109 432.84 -159.871
-2940.206 431.68 -159.442
-2936.254 431.1 -159.228
-2943.823 383.531 -139.981
-2939.861 383.015 -139.792
-2939.861 383.015 -139.792
-2942.554 334.942 -120.365
-2938.583 334.49 -120.203
-2938.583 334.49 -120.203
-2944.334 286.895 -100.954
-2940.355 286.507 -100.817
-2940.355 286.507 -100.817
-2941.217 238.566 -81.453
-2941.217 238.566 -81.453
-2933.246 237.92 -81.232
-2933.189 190.164 -61.948
-2933.189 190.164 -61.948
-2937.181 190.423 -62.031
-2940.219 142.868 -42.812
-2936.225 142.674 -42.754
-2934.368 95.011 -23.515
-2934.368 95.011 -23.515
-2934.368 95.011 -23.515
-2931.612 47.448 -4.323
-2935.613 47.512 -4.329
-2931.612 47.448 -4.323
-2931.409 0.0 58.845
-2927.41 0.0 58.765
-2927.41 0.0 58.765
-2926.508 -45.771 81.472
-2922.511 -45.709 81.361
-2926.508 -45.771 81.472
-2924.715 -91.529 104.155
-2924.715 -91.529 104.155
-2928.711 -91.654 104.297
-2922.031 -137.259 126.807
-2918.039 -137.071 126.633
-2922.031 -137.259 126.807
-2918.457 -182.946 149.418
-2922.444 -183.196 149.622
-2917.974 -228.891 172.22
-2913.993 -228.578 171.985
-2917.974 -228.891 172.22
-2912.616 -274.515 194.766
-2912.616 -274.515 194.766
-2904.669 -273.766 194.235
-2755.699 -303.464 205.989
-2755.699 -303.464 205.989
-2903.195 -365.999 239.998
-2911.105 -366.996 240.652
-2914.892 -414.195 264.163
-2107.68 -333.475 207.881
-2111.612 -334.097 208.269
-2112.291 -368.482 225.355
-2893.146 -551.983 332.139
-2893.146 -551.983 332.139
-2885.389 -598.026 354.844
-2893.167 -599.638 355.8
-2893.167 -599.638 355.8
-2880.594 -644.876 378.008
-2884.465 -645.743 378.517
-2888.337 -646.61 379.025
-2878.703 -692.7 401.715
-2882.557 -693.627 402.254
-2886.411 -694.554 402.791
-2875.825 -740.675 425.477
-2875.825 -740.675 425.477
-2875.825 -740.675 425.477
-2864.323 -786.69 448.093
-2868.138 -787.737 448.69
-2871.951 -788.785 449.286
-2867.077 -837.013 473.134
-2867.077 -837.013 473.134
-2874.661 -839.228 474.386
-2868.736 -887.677 498.323
-2880.044 -891.176 500.287
-2883.814 -892.343 500.942
-2873.032 -939.886 524.331
-2880.524 -942.337 525.698
-2884.27 -943.563 526.381
-2868.719 -989.947 549.1
-2872.44 -991.231 549.811
-2859.633 -1038.83 573.188
-2863.328 -1040.173 573.928
-2867.023 -1041.515 574.669
-2853.183 -1089.145 598.04
-2860.518 -1091.945 599.577
-2864.185 -1093.345 600.346
-2845.641 -1139.589 622.934
-2849.28 -1141.046 623.731
-2856.558 -1143.961 625.324
-2840.61 -1191.657 648.686
-2844.219 -1193.171 649.509
-2855.048 -1197.714 651.982
-2841.571 -1247.07 676.217
-2848.728 -1250.211 677.92
-2863.043 -1256.493 681.327
-2851.871 -1307.769 706.561
-2862.512 -1312.649 709.198
-2873.153 -1317.529 711.834
-2850.114 -1364.138 734.514
-2857.143 -1367.502 736.325
-2867.686 -1372.549 739.042
-2847.024 -1420.865 762.616
-2853.985 -1424.339 764.481
-2832.248 -1472.55 787.982
-2839.139 -1476.133 789.899
-2846.03 -1479.716 791.816
-2826.554 -1529.756 816.27
-2843.601 -1538.982 821.193
-2853.83 -1544.518 824.148
-2826.233 -1591.043 846.694
-2839.724 -1598.638 850.735
-2853.214 -1606.232 854.777
-2831.046 -1656.703 879.391
-2841.05 -1662.557 882.498
-2847.719 -1666.46 884.57
-2830.853 -1721.009 911.315
-2844.036 -1729.023 915.558
-2857.217 -1737.037 919.802
-2832.263 -1787.882 944.546
-2855.051 -1802.267 952.145
-2842.029 -1794.047 947.803
-2764.414 -1811.112 954.718
-2738.699 -1794.265 945.837
-2668.003 -1813.374 953.905
-2633.106 -1789.655 941.429
-2607.727 -1772.406 932.355
-2550.487 -1797.744 943.786
-2525.452 -1780.097 934.522
-2503.545 -1764.657 926.416
-2437.54 -1781.259 933.334
-2406.685 -1758.712 921.52
-2388.172 -1745.183 914.431
-2326.071 -1761.802 921.436
-2298.705 -1741.075 910.595
-2271.34 -1720.348 899.755
-2231.135 -1751.167 914.25
-2219.156 -1741.764 909.34
-2195.197 -1722.96 899.524
-2146.214 -1745.302 909.633
-2131.473 -1733.315 903.386
-2119.681 -1723.725 898.388
-2068.044 -1742.213 906.53
-2041.939 -1720.221 895.087
-1993.537 -1739.709 903.791
-1982.129 -1729.754 898.619
-1970.721 -1719.799 893.447
-1919.793 -1735.417 900.179
-1902.977 -1720.216 892.295
-1886.161 -1705.016 884.41
-1838.601 -1721.626 891.703
-1824.839 -1708.74 885.029
-1816.582 -1701.008 881.024
-1769.377 -1716.315 887.676
-1758.571 -1705.834 882.255
-1750.467 -1697.973 878.19
-1700.951 -1709.373 882.856
-1682.405 -1690.735 873.23
-1669.158 -1677.422 866.353
-1625.577 -1692.71 873.069
-1617.786 -1684.598 868.886
-1571.752 -1696.175 873.71
-1564.123 -1687.941 869.468
-1556.492 -1679.707 865.227
-1510.844 -1690.128 869.485
-1503.377 -1681.775 865.187
-1493.421 -1670.637 859.457
-1453.111 -1685.523 866.039
-1445.809 -1677.053 861.687
-1438.507 -1668.583 857.335
-1398.422 -1682.497 863.439
-1386.53 -1668.19 856.097
-1379.395 -1659.606 851.691
-1341.995 -1675.382 858.774
-1332.707 -1663.787 852.83
-1325.742 -1655.092 848.373
-1286.295 -1667.021 853.505
-1272.708 -1649.412 844.488
-1233.561 -1660.406 849.162
-1229.148 -1654.465 846.123
-1224.734 -1648.525 843.085
-1187.944 -1661.67 848.873
-1181.5 -1652.656 844.268
-1172.907 -1640.636 838.128
-1134.316 -1649.866 841.935
-1128.049 -1640.75 837.285
-1121.782 -1631.635 832.633
-1087.62 -1646.109 839.133
-1081.532 -1636.896 834.436
-1075.445 -1627.683 829.74
-1041.434 -1641.401 835.868
-1035.528 -1632.092 831.128
-1031.591 -1625.886 827.968
-997.69 -1638.888 833.743
-991.967 -1629.487 828.96
-956.223 -1638.675 832.805
-952.531 -1632.349 829.589
-948.84 -1626.022 826.374
-913.302 -1634.478 829.859
-909.734 -1628.093 826.618
-906.166 -1621.709 823.376
-870.85 -1629.442 826.506
-869.13 -1626.222 824.874
-866.548 -1621.392 822.423
-832.206 -1630.075 826.045
-828.891 -1623.581 822.755
-824.746 -1615.463 818.64
-789.035 -1620.181 820.266
-787.441 -1616.908 818.609
-783.456 -1608.726 814.466
-751.108 -1619.332 819.083
-751.873 -1620.981 819.917
-717.132 -1626.098 821.76
-712.736 -1616.133 816.724
-709.807 -1609.489 813.367
-675.432 -1613.903 814.868
-673.332 -1608.885 812.335
-671.233 -1603.868 809.802
-639.112 -1612.685 813.535
-637.11 -1607.635 810.987
-635.776 -1604.268 809.289
-603.058 -1610.827 811.888
-601.789 -1607.439 810.181
-600.521 -1604.052 808.473
-566.682 -1606.632 809.075
-563.077 -1596.409 803.927
-561.875 -1593.002 802.211
-530.099 -1600.079 805.087
-528.964 -1596.653 803.363
-527.262 -1591.513 800.777
-495.025 -1596.319 802.517
-494.491 -1594.597 801.651
-462.272 -1598.873 803.128
-461.271 -1595.412 801.389
-459.77 -1590.221 798.781
-427.716 -1593.939 799.983
-426.782 -1590.463 798.239
-424.917 -1583.51 794.749
-393.071 -1586.668 795.678
-392.638 -1584.923 794.802
-391.773 -1581.432 793.052
-360.445 -1585.81 794.597
-360.047 -1584.058 793.719
-359.649 -1582.306 792.841
-328.347 -1586.176 794.135
-327.619 -1582.659 792.374
-326.891 -1579.142 790.613
-295.696 -1582.494 791.651
-295.367 -1580.73 790.768
-294.378 -1575.438 788.121
-262.708 -1574.738 787.138
-262.413 -1572.968 786.253
-261.823 -1569.43 784.485
-231.688 -1577.077 787.677
-231.688 -1577.077 787.677
-200.213 -1575.37 786.198
-199.988 -1573.592 785.31
-199.988 -1573.592 785.31
-168.887 -1573.162 784.472
-168.696 -1571.38 783.584
-168.313 -1567.817 781.807
-137.873 -1572.238 783.391
-137.873 -1572.238 783.391
-137.561 -1568.669 781.612
-106.835 -1569.038 781.179
-106.835 -1569.038 781.179
-106.714 -1567.251 780.289
-75.974 -1565.347 778.727
-75.887 -1563.558 777.837
-75.887 -1563.558 777.837
-45.351 -1562.96 776.927
-45.299 -1561.17 776.036
-45.247 -1559.379 775.147
-14.819 -1556.51 773.111
-14.819 -1556.51 773.111
15.51 -1556.747 772.62
15.474 -1553.164 770.842
15.456 -1551.373 769.953
45.676 -1551.136 769.229
45.623 -1549.345 768.341
45.623 -1549.345 768.341
75.793 -1548.637 767.383
75.705 -1546.847 766.497
75.705 -1546.847 766.497
105.695 -1543.88 764.422
105.695 -1543.88 764.422
105.695 -1543.88 764.422
135.741 -1542.233 763.0
135.897 -1544.02 763.884
135.897 -1544.02 763.884
165.936 -1541.9 762.229
165.936 -1541.9 762.229
166.128 -1543.685 763.112
195.924 -1539.311 760.342
195.698 -1537.529 759.461
195.924 -1539.311 760.342
226.115 -1538.031 759.1
225.853 -1536.253 758.223
256.008 -1534.501 756.747
256.008 -1534.501 756.747
256.601 -1538.049 758.497
286.486 -1534.042 755.908
286.155 -1532.273 755.036
286.155 -1532.273 755.036
317.014 -1533.097 754.826
317.743 -1536.625 756.562
318.108 -1538.389 757.431
347.981 -1533.421 754.365
347.582 -1531.662 753.5
348.381 -1535.179 755.23
378.615 -1531.49 752.791
379.047 -1533.242 753.652
379.48 -1534.994 754.514
409.268 -1529.066 750.972
409.268 -1529.066 750.972
409.736 -1530.812 751.83
439.433 -1524.411 748.055
438.932 -1522.672 747.202
439.433 -1524.411 748.055
469.531 -1519.276 744.902
470.601 -1522.736 746.598
471.67 -1526.197 748.295
501.258 -1518.828 744.043
501.258 -1518.828 744.043
531.897 -1514.422 741.24
533.101 -1517.848 742.916
534.304 -1521.274 744.594
565.681 -1518.037 742.356
566.951 -1521.444 744.023
566.951 -1521.444 744.023
597.085 -1514.279 739.861
597.753 -1515.973 740.687
599.088 -1519.36 742.343
629.205 -1511.682 737.926
629.905 -1513.365 738.748
630.606 -1515.049 739.57
660.662 -1506.867 734.904
662.129 -1510.211 736.534
662.129 -1510.211 736.534
692.112 -1501.525 731.62
692.877 -1503.186 732.43
695.175 -1508.169 734.858
726.735 -1502.252 731.286
729.129 -1507.199 733.694
731.522 -1512.146 736.103
760.756 -1500.713 729.84
762.415 -1503.987 731.431
795.788 -1500.189 728.875
796.649 -1501.813 729.664
798.371 -1505.06 731.242
829.232 -1495.802 726.027
831.017 -1499.022 727.589
833.695 -1503.853 729.934
862.736 -1490.823 722.882
864.583 -1494.015 724.43
870.126 -1503.592 729.073
902.969 -1496.319 724.802
904.878 -1499.483 726.335
907.741 -1504.228 728.633
938.737 -1493.174 722.523
941.692 -1497.874 724.797
943.662 -1501.008 726.314
974.645 -1489.362 719.909
978.706 -1495.567 722.909
983.782 -1503.324 726.659
1016.947 -1494.09 721.408
1022.173 -1501.768 725.115
1025.309 -1506.374 727.34
1056.489 -1493.387 720.265
1058.639 -1496.425 721.731
1065.088 -1505.54 726.127
1098.507 -1494.902 720.174
1099.611 -1496.405 720.898
1104.027 -1502.414 723.793
1136.356 -1489.613 716.788
1142.021 -1497.039 720.361
1176.642 -1486.525 714.446
1180.126 -1490.927 716.562
1183.611 -1495.33 718.678
1215.948 -1481.176 711.001
1220.706 -1486.974 713.784
1225.466 -1492.771 716.567
1259.041 -1479.338 709.224
1263.912 -1485.061 711.968
1271.218 -1493.645 716.083
1307.396 -1482.244 709.696
1309.887 -1485.067 711.048
1314.867 -1490.714 713.751
1351.138 -1478.514 706.966
1356.226 -1484.083 709.629
1361.316 -1489.651 712.291
1395.114 -1473.861 703.773
1400.309 -1479.35 706.394
1408.104 -1487.584 710.326
1444.603 -1473.685 702.692
1452.554 -1481.797 706.56
1460.506 -1489.909 710.428
1494.488 -1472.404 701.054
1499.893 -1477.729 703.59
1508.001 -1485.716 707.393
1541.988 -1467.384 697.609
1553.002 -1477.865 702.592
1566.77 -1490.967 708.82
1603.745 -1474.207 699.757
1609.353 -1479.361 702.203
1614.961 -1484.516 704.65
1649.091 -1464.337 693.946
1660.503 -1474.471 698.749
1691.618 -1451.002 686.472
1680.012 -1441.047 681.762
1668.406 -1431.091 677.052
1683.976 -1395.236 658.936
1672.179 -1385.462 654.32
1663.332 -1378.132 650.858
1680.68 -1344.937 634.03
1665.701 -1332.95 628.378
1653.718 -1323.361 623.858
1669.865 -1290.457 607.196
1660.74 -1283.405 603.879
1654.657 -1278.704 601.666
1669.799 -1245.928 585.089
1657.453 -1236.716 580.763
1645.107 -1227.504 576.437
1659.123 -1195.022 560.028
1655.993 -1192.767 558.972
1643.472 -1183.748 554.745
1653.333 -1149.233 537.41
1646.986 -1144.821 535.347
1659.137 -1112.605 519.108
1649.49 -1106.136 516.09
1644.667 -1102.902 514.58
1660.763 -1074.032 499.923
1664.019 -1076.138 500.903
1677.045 -1084.561 504.825
1710.843 -1066.564 495.21
1720.732 -1072.729 498.072
1737.215 -1083.004 502.843
1774.456 -1065.863 493.585
2462.617 -1424.492 657.832
2482.857 -1436.2 663.239
2527.125 -1406.877 647.791
2550.998 -1420.168 653.91
2578.281 -1435.356 660.904
2629.575 -1407.966 646.275
2646.807 -1417.192 650.51
2664.038 -1426.419 654.746
2715.376 -1397.31 639.262
2743.226 -1411.642 645.819
2778.039 -1429.556 654.015
2833.154 -1400.021 638.243
2847.215 -1406.969 641.411
2875.335 -1420.865 647.746
2937.609 -1392.733 632.529
2976.635 -1411.236 640.931
3008.565 -1426.374 647.807
3056.904 -1389.098 628.329
3085.54 -1402.111 634.215
3114.177 -1415.123 640.101
3169.668 -1379.002 621.052
3198.548 -1391.566 626.712
3238.259 -1408.843 634.492
3312.023 -1377.901 617.648
3348.42 -1393.042 624.435
3381.176 -1406.67 630.544
3458.89 -1374.21 612.868
3562.197 -1349.532 598.541
5753.638 -270.017 18.567
5789.11 -181.057 -26.314
5821.093 -182.058 -26.46
5797.106 -181.307 -26.351
5766.859 -90.167 -70.996
1625.679 531.826 -296.688
1614.442 528.15 -294.637
1608.823 526.312 -293.611
1594.353 550.184 -305.174
1588.772 548.258 -304.106
1579.47 545.048 -302.325
1562.823 567.733 -313.254
1562.823 567.733 -313.254
1566.518 569.075 -313.994
1558.615 594.97 -326.693
1562.283 596.37 -327.462
1567.784 598.47 -328.615
1557.461 623.714 -340.941
1561.1 625.171 -341.738
1570.197 628.814 -343.729
1559.268 654.124 -356.076
1559.268 654.124 -356.076
1564.682 656.396 -357.313
1553.201 681.648 -369.62
1558.569 684.004 -370.897
1548.31 710.002 -383.6
1553.631 712.441 -384.918
1558.951 714.881 -386.236
1551.572 742.623 -399.862
1555.087 744.305 -400.767
1558.601 745.987 -401.673
1547.069 772.096 -414.405
1548.809 772.964 -414.871
1554.03 775.57 -416.269
1545.332 803.453 -429.939
1552.223 807.036 -431.856
1559.114 810.619 -433.774
1547.956 837.767 -447.028
1553.07 840.535 -448.505
1558.185 843.303 -449.982
1544.648 869.568 -462.751
1546.334 870.517 -463.256
1553.08 874.314 -465.277
1547.239 905.43 -480.609
1552.241 908.357 -482.162
1539.009 935.636 -495.442
1545.599 939.643 -497.563
1548.896 941.646 -498.624
1538.211 971.005 -512.986
1289.168 813.795 -429.931
1274.524 835.007 -440.169
1272.916 833.954 -439.614
1269.702 831.848 -438.504
1251.519 850.625 -447.462
1248.346 848.469 -446.328
1248.346 848.469 -446.328
1234.561 870.196 -456.839
1234.561 870.196 -456.839
1217.227 889.502 -466.077
1218.771 890.63 -466.667
1218.771 890.63 -466.667
1201.043 909.689 -475.774
1204.084 911.992 -476.979
1205.604 913.143 -477.581
1188.941 933.172 -487.191
1191.936 935.523 -488.417
1193.433 936.698 -489.032
1177.764 957.758 -499.173
1179.239 958.957 -499.798
1182.186 961.354 -501.047
1168.894 984.729 -512.387
1173.244 988.394 -514.294
1177.595 992.059 -516.201
1162.183 1014.208 -526.888
1170.739 1021.675 -530.768
1176.444 1026.653 -533.354
1163.086 1051.384 -545.365
1171.494 1058.984 -549.306
1158.759 1085.037 -561.986
1179.402 1104.366 -571.998
1204.173 1127.562 -584.012
1187.238 1151.634 -595.624
1185.887 1150.324 -594.947
1184.537 1149.014 -594.269
1160.462 1166.208 -602.322
1159.138 1164.876 -601.635
1160.462 1166.208 -602.322
1139.982 1187.06 -612.265
1139.982 1187.06 -612.265
1139.982 1187.06 -612.265
1119.047 1207.633 -622.058
1125.405 1214.494 -625.593
1126.677 1215.867 -626.299
1106.376 1237.664 -636.715
1111.354 1243.232 -639.58
1113.842 1246.017 -641.012
1092.876 1267.672 -651.343
1096.527 1271.907 -653.519
1074.977 1293.348 -663.731
1082.111 1301.932 -668.137
1092.814 1314.808 -674.745
1072.667 1339.146 -686.425
1079.633 1347.842 -690.881
1094.724 1366.682 -700.539
1079.084 1398.478 -716.012
1088.142 1410.218 -722.022
1093.804 1417.555 -725.779
1068.056 1437.632 -735.231
1066.953 1436.147 -734.472
1068.056 1437.632 -735.231
1041.868 1457.342 -744.491
1042.942 1458.844 -745.259
1047.238 1464.854 -748.329
1019.421 1482.752 -756.657
1022.555 1487.31 -758.982
1026.733 1493.387 -762.084
997.323 1509.445 -769.466
1002.395 1517.123 -773.38
1010.512 1529.407 -779.642
984.342 1551.418 -790.046
986.311 1554.521 -791.626
958.583 1574.648 -801.062
965.26 1585.616 -806.642
974.798 1601.284 -814.612
980.521 1610.685 -819.395
952.531 1632.349 -829.589
956.223 1638.675 -832.805
929.355 1663.209 -844.446
941.842 1685.556 -855.792
952.545 1704.71 -865.517
925.925 1732.49 -878.775
937.971 1755.032 -890.209
948.298 1774.353 -900.011
920.069 1802.175 -913.257
930.015 1821.658 -923.13
897.428 1842.752 -932.949
769.14 1744.028 -881.357
730.726 1746.025 -881.577
727.926 1739.335 -878.2
723.727 1729.301 -873.133
683.142 1723.789 -869.582
683.142 1723.789 -869.582
683.142 1723.789 -869.582
649.349 1734.476 -874.209
653.153 1744.639 -879.332
656.958 1754.802 -884.454
616.56 1748.042 -880.288
606.344 1719.079 -865.702
604.541 1713.967 -863.128
568.125 1714.86 -862.84
527.599 1701.362 -855.325
492.79 1704.427 -856.148
495.791 1714.809 -861.362
494.791 1711.348 -859.625
461.299 1719.09 -862.796
462.231 1722.567 -864.541
460.832 1717.352 -861.923
430.692 1738.527 -871.833
436.313 1761.219 -883.212
438.043 1768.201 -886.713
404.257 1778.561 -891.178
406.646 1789.074 -896.446
411.027 1808.349 -906.104
380.038 1835.884 -919.153
388.047 1874.572 -938.522
396.055 1913.259 -957.892
359.978 1926.515 -963.749
358.659 1919.458 -960.219
359.318 1922.986 -961.984
323.515 1939.227 -969.329
324.696 1946.305 -972.867
325.876 1953.382 -976.404
288.242 1962.032 -979.943
289.805 1972.676 -985.26
252.188 1984.327 -990.289
253.092 1991.439 -993.839
254.448 2002.107 -999.163
255.352 2009.22 -1002.712
217.277 2023.909 -1009.241
218.425 2034.599 -1014.571
179.971 2052.298 -1022.587
181.536 2070.144 -1031.479
181.536 2070.144 -1031.479
140.42 2062.267 -1026.743
139.933 2055.119 -1023.185
139.69 2051.545 -1021.405
100.199 2064.47 -1027.03
100.025 2060.892 -1025.249
99.505 2050.158 -1019.909
59.533 2051.721 -1019.883
59.429 2048.14 -1018.104
59.533 2051.721 -1019.883
19.577 2056.241 -1021.326
19.543 2052.659 -1019.547
19.508 2049.076 -1017.767
-20.418 2049.389 -1017.12
-20.453 2052.971 -1018.899
-20.382 2045.806 -1015.342
-60.021 2038.329 -1010.835
-60.021 2038.329 -1010.835
-99.889 2040.979 -1011.35
-99.713 2037.398 -1009.575
-99.889 2040.979 -1011.35
-139.62 2039.424 -1009.78
-139.62 2039.424 -1009.78
-139.62 2039.424 -1009.78
-179.624 2040.822 -1009.671
-179.31 2037.248 -1007.903
-179.31 2037.248 -1007.903
-219.328 2038.021 -1007.483
-219.328 2038.021 -1007.483
-219.328 2038.021 -1007.483
-259.419 2038.162 -1006.748
-259.419 2038.162 -1006.748
-258.965 2034.599 -1004.988
-299.046 2034.113 -1003.942
-299.046 2034.113 -1003.942
-299.046 2034.113 -1003.942
-339.175 2032.992 -1002.581
-339.766 2036.54 -1004.33
-340.359 2040.088 -1006.08
-379.338 2031.235 -1000.902
-380.66 2038.312 -1004.389
-420.252 2032.367 -1000.643
-420.982 2035.896 -1002.38
-421.713 2039.424 -1004.118
-462.911 2039.872 -1003.513
-462.911 2039.872 -1003.513
-462.113 2036.355 -1001.782
-503.375 2036.145 -1000.85
-504.241 2039.65 -1002.573
-504.241 2039.65 -1002.573
-545.692 2038.755 -1001.297
-546.625 2042.246 -1003.011
-546.625 2042.246 -1003.011
-589.251 2044.136 -1003.094
-592.257 2054.565 -1008.212
-595.263 2064.994 -1013.329
-640.658 2072.998 -1016.392
-643.867 2083.38 -1021.482
-644.937 2086.841 -1023.179
-686.531 2080.208 -1019.051
-687.667 2083.652 -1020.738
-688.804 2087.096 -1022.426
-731.659 2083.187 -1019.624
-734.066 2090.039 -1022.977
-774.558 2078.569 -1016.47
-775.828 2081.976 -1018.136
-777.098 2085.384 -1019.803
-817.486 2073.241 -1012.963
-821.493 2083.404 -1017.929
-822.829 2086.791 -1019.583
-863.23 2073.933 -1012.388
-866.033 2080.667 -1015.675
-870.237 2090.767 -1020.606
-916.567 2090.547 -1019.567
-916.567 2090.547 -1019.567
-957.012 2076.224 -1011.643
-930.157 1922.75 -935.982
-912.607 1886.472 -918.322
-903.034 1866.684 -908.689
-927.508 1829.659 -889.815
-915.894 1806.748 -878.672
-937.031 1766.456 -858.243
-928.419 1750.22 -850.355
-930.141 1753.468 -851.933
-958.66 1729.27 -839.346
-953.305 1719.609 -834.656
-953.305 1719.609 -834.656
-986.512 1704.71 -826.592
-984.665 1701.517 -825.045
-986.512 1704.71 -826.592
-1021.328 1692.454 -819.809
-1021.328 1692.454 -819.809
-1021.328 1692.454 -819.809
-1057.926 1682.759 -814.26
-1061.867 1689.026 -817.293
-1061.867 1689.026 -817.293
-1098.506 1678.635 -811.397
-1100.536 1681.737 -812.898
-1102.567 1684.84 -814.398
-1141.322 1676.82 -809.638
-1147.594 1686.034 -814.086
-1147.594 1686.034 -814.086
-1184.386 1674.173 -807.459
-1186.536 1677.211 -808.924
-1218.846 1658.665 -799.068
-1225.47 1667.68 -803.41
-1227.678 1670.685 -804.858
-1264.38 1657.436 -797.543
-1271.178 1666.347 -801.831
-1273.444 1669.317 -803.26
-1307.896 1652.347 -794.143
-1314.865 1661.151 -798.375
-1319.512 1667.021 -801.196
-1356.341 1652.193 -793.094
-1363.48 1660.889 -797.268
-1368.239 1666.686 -800.051
-1405.158 1651.021 -791.532
-1412.464 1659.606 -795.647
-1417.334 1665.328 -798.391
-1454.322 1648.82 -789.452
-1459.302 1654.467 -792.155
-1464.284 1660.113 -794.859
-1508.897 1651.146 -789.512
-1516.531 1659.499 -793.506
-1521.62 1665.068 -796.169
-1561.384 1649.517 -787.649
-1566.58 1655.006 -790.27
-1576.972 1665.984 -795.513
-1616.895 1649.445 -786.499
-1627.497 1660.262 -791.657
-1632.798 1665.67 -794.236
-1672.853 1648.133 -784.725
-1683.663 1658.784 -789.795
-1723.722 1640.326 -779.827
-1737.49 1653.427 -786.055
-1751.258 1666.529 -792.284
-1791.597 1646.885 -781.721
-1800.008 1654.617 -785.391
-1811.223 1664.926 -790.284
-1851.66 1644.213 -779.188
-1863.073 1654.346 -783.991
-1880.191 1669.547 -791.194
-2231.311 1913.929 -905.483
-2245.819 1926.374 -911.37
-2291.504 1898.596 -896.661
-2300.353 1905.927 -900.123
-2309.2 1913.257 -903.585
-2366.734 1893.94 -892.84
-2456.61 1965.862 -926.745
-2475.901 1913.355 -900.288
-2469.819 1908.654 -898.076
-2454.611 1896.901 -892.546
-2466.117 1840.105 -864.115
-2456.858 1833.196 -860.87
-2441.426 1821.681 -855.463
-2457.38 1769.986 -829.476
-2447.99 1763.221 -826.306
-2438.598 1756.457 -823.136
-2465.719 1713.923 -801.474
-2449.852 1702.894 -796.316
-2456.551 1647.345 -768.601
-2430.828 1630.096 -760.554
-2434.043 1632.252 -761.559
-2487.888 1608.942 -748.905
-2500.913 1617.365 -752.825
-2504.169 1619.471 -753.806
-2518.467 1570.048 -728.98
-2521.763 1572.103 -729.934
-2611.048 1510.351 -697.482
-2646.489 1473.329 -678.389
-2829.464 1514.993 -695.402
-2857.035 1529.756 -702.178
-2860.481 1531.601 -703.025
-3000.839 1544.207 -706.467
-3022.969 1493.819 -681.004
-3005.393 1485.134 -677.045
-2998.362 1481.66 -675.461
-3019.21 1431.42 -650.099
-3005.017 1424.692 -647.043
-2987.278 1416.282 -643.223
-2999.632 1363.073 -616.557
-2988.894 1358.193 -614.35
-2988.894 1358.193 -614.35
-3003.603 1306.753 -588.514
-2995.379 1246.167 -558.598
-2988.101 1243.139 -557.241
-2984.461 1241.625 -556.562
-3000.395 1192.051 -531.628
-2993.059 1189.137 -530.329
-2989.391 1187.679 -529.679
-3000.523 1136.743 -504.165
-2989.437 1132.543 -502.302
-2978.352 1128.343 -500.44
-2977.088 1073.726 -473.347
-2962.202 1068.358 -470.981
-2974.611 1019.478 -446.463
-2970.865 1018.194 -445.901
-2967.119 1016.91 -445.339
-2978.476 968.071 -420.861
-2970.935 965.62 -419.796
-2963.395 963.169 -418.73
-2973.66 914.505 -394.362
-2969.867 913.339 -393.859
-2966.074 912.172 -393.356
-2971.488 862.478 -368.575
-2967.674 861.371 -368.101
-2967.674 861.371 -368.101
-2975.871 812.878 -343.86
-2968.201 810.783 -342.973
-2964.366 809.735 -342.53
-2963.812 759.439 -317.569
-2959.957 758.451 -317.156
-2963.812 759.439 -317.569
-2973.822 712.173 -293.901
-2966.078 710.319 -293.135
-2971.224 662.212 -269.147
-2971.224 662.212 -269.147
-2963.446 660.478 -268.442
-2959.781 610.922 -243.91
-2951.972 609.31 -243.267
-2951.972 609.31 -243.267
-2959.014 562.411 -219.84
-2947.256 560.177 -218.967
-2939.418 558.687 -218.385
-2949.397 512.73 -195.366
-2945.464 512.046 -195.106
-2941.532 511.362 -194.845
-2946.644 464.75 -171.6
-2946.644 464.75 -171.6
-2942.698 464.128 -171.37
-2942.923 416.998 -147.965
-2942.923 416.998 -147.965
-2938.968 416.437 -147.766
-2942.21 369.988 -124.639
-2942.21 369.988 -124.639
-2942.21 369.988 -124.639
-2944.538 323.55 -101.535
-2940.564 323.113 -101.398
-2940.564 323.113 -101.398
-2941.972 276.763 -78.357
-2937.991 276.388 -78.25
-2937.991 276.388 -78.25
-2942.471 230.452 -55.353
-2942.471 230.452 -55.353
-2938.483 230.14 -55.278
-2934.077 183.696 -32.308
-2934.077 183.696 -32.308
-2936.753 137.821 -9.476
-2936.753 137.821 -9.476
-2936.753 137.821 -9.476
-2934.534 91.779 13.339
-2934.534 91.779 13.339
-2930.537 91.654 13.321
-2927.42 45.771 36.039
-2931.419 45.834 36.089
-2931.419 45.834 36.089
-2923.996 0.0 -4.593
-2923.996 0.0 -4.593
-2931.587 -45.264 19.26
-2927.588 -45.203 19.234
-2919.589 -45.079 19.182
-2918.292 -90.145 42.944
-2922.29 -90.268 43.003
-2922.29 -90.268 43.003
-2924.096 -135.553 66.876
-2924.096 -135.553 66.876
-2924.096 -135.553 66.876
-2921.014 -180.673 90.67
-2917.023 -180.426 90.546
-2921.014 -180.673 90.67
-2921.027 -226.046 114.593
-2921.027 -226.046 114.593
-2921.027 -226.046 114.593
-2916.159 -271.104 138.356
-2920.137 -271.474 138.545
-2920.137 -271.474 138.545
-2763.493 -300.124 153.897
-2759.523 -299.693 153.676
-2887.916 -358.988 184.737
-2912.039 -407.941 210.509
-2908.088 -407.388 210.223
-2908.088 -407.388 210.223
-2127.457 -331.789 171.59
-2123.518 -331.174 171.273
-2120.614 -364.578 188.889
-2899.677 -545.123 282.857
-2903.59 -545.859 283.238
-2896.314 -591.391 307.256
-2896.314 -591.391 307.256
-2900.212 -592.187 307.67
-2892.006 -637.719 331.689
-2892.006 -637.719 331.689
-2895.887 -638.575 332.134
-2886.749 -684.092 356.147
-2894.479 -685.923 357.1
-2880.541 -730.495 380.623
-2880.541 -730.495 380.623
-2884.387 -731.471 381.131
-2873.379 -776.914 405.107
-2881.032 -778.983 406.186
-2884.857 -780.017 406.726
-2865.26 -823.332 429.594
-2872.871 -825.519 430.735
-2884.286 -828.799 432.446
-2878.881 -876.646 457.681
-2886.447 -878.95 458.885
-2894.013 -881.254 460.087
-2879.982 -926.996 484.227
-2887.502 -929.417 485.491
-2895.021 -931.837 486.755
-2876.233 -976.377 510.268
-2883.703 -978.913 511.593
-2891.174 -981.449 512.918
-2875.117 -1027.247 537.09
-2878.827 -1028.572 537.784
-2886.246 -1031.223 539.169
-2869.181 -1076.993 563.328
-2872.865 -1078.376 564.051
-2876.548 -1079.759 564.774
-2862.154 -1126.867 589.635
-2865.81 -1128.306 590.387
-2850.402 -1175.353 615.216
-2857.654 -1178.344 616.782
-2868.534 -1182.83 619.131
-2855.586 -1231.573 644.85
-2866.375 -1236.226 647.286
-2873.569 -1239.328 648.911
-2859.412 -1288.305 674.755
-2870.108 -1293.124 677.279
-2880.804 -1297.943 679.804
-2865.394 -1347.187 705.791
-2872.461 -1350.509 707.532
-2883.06 -1355.492 710.142
-2862.915 -1403.208 735.332
-2866.414 -1404.924 736.23
-2869.914 -1406.639 737.13
-2848.693 -1454.251 762.266
-2855.624 -1457.789 764.12
-2866.02 -1463.097 766.903
-2857.335 -1518.035 795.882
-2871.056 -1525.325 799.704
-2843.955 -1571.272 823.972
-2854.136 -1576.897 826.921
-2864.317 -1582.522 829.871
-2842.764 -1632.262 856.13
-2856.19 -1639.97 860.173
-2849.476 -1636.116 858.151
-2786.939 -1662.029 871.911
-2753.762 -1642.243 861.531
-2717.266 -1620.478 850.114
-2645.576 -1637.806 859.362
-2612.793 -1617.511 848.714
-2589.845 -1603.304 841.26
-2535.187 -1628.464 854.61
-2506.047 -1609.746 844.788
-2476.907 -1591.028 834.964
-2425.993 -1616.227 848.33
-2400.422 -1599.192 839.388
-2333.844 -1612.023 846.258
-2311.768 -1596.774 838.254
-2292.844 -1583.704 831.391
-2242.616 -1605.479 842.951
-2220.843 -1589.892 834.768
-2192.849 -1569.851 824.245
-2146.24 -1592.074 836.035
-2133.976 -1582.976 831.258
-2115.58 -1569.33 824.092
-2069.218 -1590.124 835.128
-2051.094 -1576.196 827.813
-2026.929 -1557.625 818.06
-1978.067 -1574.455 827.01
-1966.169 -1564.984 822.036
-1954.271 -1555.514 817.06
-1908.671 -1573.361 826.542
-1888.18 -1556.47 817.668
-1873.542 -1544.404 811.33
-1831.292 -1563.241 821.328
-1814.016 -1548.494 813.58
-1769.06 -1563.733 821.685
-1752.076 -1548.721 813.797
-1740.755 -1538.713 808.538
-1696.25 -1552.607 815.934
-1682.346 -1539.881 809.245
-1671.224 -1529.7 803.895
-1632.62 -1547.484 813.332
-1624.429 -1539.721 809.252
-1613.509 -1529.37 803.811
-1569.716 -1540.879 809.949
-1559.002 -1530.361 804.42
-1550.965 -1522.473 800.274
-1512.832 -1538.154 808.602
-1507.58 -1532.814 805.794
-1497.074 -1522.132 800.178
-1453.967 -1531.44 805.154
-1443.673 -1520.598 799.453
-1403.393 -1531.635 805.337
-1395.834 -1523.386 800.998
-1390.794 -1517.886 798.107
-1353.259 -1530.742 804.944
-1343.399 -1519.589 799.08
-1333.539 -1508.436 793.214
-1296.363 -1520.297 799.527
-1291.544 -1514.645 796.554
-1281.905 -1503.342 790.609
-1245.007 -1514.296 796.443
-1237.945 -1505.709 791.926
-1233.239 -1499.984 788.916
-1196.582 -1510.08 794.296
-1187.396 -1498.486 788.198
-1182.802 -1492.689 785.149
-1148.709 -1504.836 791.607
-1141.992 -1496.036 786.977
-1105.773 -1504.516 791.506
-1101.411 -1498.581 788.383
-1097.049 -1492.647 785.261
-1064.263 -1504.835 791.739
-1057.897 -1495.833 787.002
-1051.53 -1486.831 782.266
-1017.923 -1496.754 787.551
-1014.83 -1492.204 785.157
-1011.736 -1487.655 782.763
-978.239 -1496.9 787.69
-973.232 -1489.239 783.659
-966.223 -1478.514 778.015
-934.006 -1488.545 783.355
-932.063 -1485.45 781.726
-928.18 -1479.261 778.469
-896.045 -1488.66 783.474
-894.164 -1485.535 781.83
-861.093 -1492.789 785.706
-856.547 -1484.907 781.559
-852.0 -1477.026 777.41
-818.35 -1481.985 780.078
-817.472 -1480.394 779.24
-813.081 -1472.444 775.056
-779.685 -1476.736 777.371
-780.531 -1478.34 778.215
-779.685 -1476.736 777.371
-747.182 -1482.064 780.231
-743.108 -1473.983 775.977
-739.848 -1467.519 772.574
-709.226 -1475.441 776.799
-706.877 -1470.556 774.227
-705.311 -1467.298 772.512
-674.763 -1474.664 776.443
-673.262 -1471.384 774.716
-670.259 -1464.822 771.261
-637.675 -1466.67 772.286
-636.239 -1463.366 770.548
-605.223 -1467.96 773.017
-603.851 -1464.635 771.266
-603.166 -1462.972 770.392
-572.914 -1468.697 773.457
-570.955 -1463.679 770.814
-569.651 -1460.333 769.052
-539.521 -1465.521 771.835
-538.282 -1462.156 770.062
-536.423 -1457.108 767.404
-505.256 -1458.382 768.124
-504.083 -1454.998 766.342
-502.912 -1451.614 764.56
-473.096 -1455.737 766.781
-472.544 -1454.037 765.886
-471.438 -1450.635 764.093
-441.194 -1452.547 765.149
-441.194 -1452.547 765.149
-411.02 -1453.969 765.946
-409.078 -1447.102 762.329
-409.078 -1447.102 762.329
-379.568 -1449.731 763.762
-379.117 -1448.007 762.853
-378.665 -1446.284 761.945
-349.243 -1448.43 763.122
-349.243 -1448.43 763.122
-348.409 -1444.969 761.3
-319.086 -1446.636 762.224
-319.086 -1446.636 762.224
-318.32 -1443.162 760.394
-289.453 -1446.096 761.986
-289.105 -1444.354 761.068
-288.059 -1439.127 758.314
-258.682 -1438.094 757.816
-258.367 -1436.347 756.895
-258.367 -1436.347 756.895
-229.433 -1436.595 757.071
-229.154 -1434.843 756.148
-200.813 -1438.143 757.932
-200.567 -1436.387 757.007
-200.077 -1432.876 755.157
-171.147 -1430.449 753.922
-171.358 -1432.209 754.85
-171.358 -1432.209 754.85
-142.901 -1432.855 755.235
-142.901 -1432.855 755.235
-142.901 -1432.855 755.235
-114.472 -1433.06 755.388
-114.33 -1431.295 754.457
-114.189 -1429.53 753.528
-85.864 -1429.291 753.445
-85.651 -1425.757 751.582
-85.439 -1422.224 749.72
-57.367 -1423.308 750.336
-57.438 -1425.076 751.268
-57.367 -1423.308 750.336
-29.241 -1422.19 749.79
-29.241 -1422.19 749.79
-29.205 -1420.421 748.858
-1.177 -1420.637 749.016
-1.175 -1418.868 748.083
26.786 -1416.883 747.081
26.718 -1413.345 745.215
26.718 -1413.345 745.215
54.599 -1412.699 744.919
54.599 -1412.699 744.919
54.599 -1412.699 744.919
82.464 -1411.623 744.394
82.464 -1411.623 744.394
82.567 -1413.39 745.327
110.441 -1411.882 744.575
110.441 -1411.882 744.575
110.441 -1411.882 744.575
138.109 -1408.181 742.668
138.109 -1408.181 742.668
138.281 -1409.944 743.597
166.288 -1409.336 743.32
166.288 -1409.336 743.32
166.08 -1407.576 742.393
194.07 -1406.536 741.888
194.311 -1408.292 742.814
194.07 -1406.536 741.888
221.793 -1403.308 740.229
221.793 -1403.308 740.229
249.137 -1397.905 737.423
249.449 -1399.652 738.346
250.072 -1403.147 740.189
278.758 -1404.281 740.833
279.103 -1406.024 741.751
278.758 -1404.281 740.833
306.424 -1399.746 738.484
306.424 -1399.746 738.484
307.565 -1404.956 741.233
335.656 -1401.706 739.564
336.07 -1403.437 740.477
336.485 -1405.167 741.39
364.609 -1401.464 739.482
364.609 -1401.464 739.482
365.057 -1403.188 740.391
392.691 -1397.321 737.342
393.174 -1399.037 738.248
394.138 -1402.471 740.059
421.238 -1394.445 735.871
421.238 -1394.445 735.871
422.27 -1397.863 737.674
450.34 -1392.814 735.056
450.89 -1394.515 735.953
451.44 -1396.215 736.851
479.507 -1390.707 733.991
480.09 -1392.399 734.884
480.674 -1394.091 735.777
508.728 -1388.123 732.674
509.344 -1389.805 733.562
537.993 -1385.058 731.104
538.643 -1386.731 731.987
539.942 -1390.076 733.753
569.341 -1386.499 731.913
570.024 -1388.161 732.79
570.706 -1389.824 733.668
598.762 -1382.435 729.816
600.908 -1387.39 732.433
600.908 -1387.39 732.433
629.693 -1381.165 729.196
631.189 -1384.446 730.927
631.936 -1386.086 731.794
661.535 -1380.987 729.152
663.096 -1384.244 730.871
663.875 -1385.872 731.732
691.126 -1375.395 726.25
693.562 -1380.243 728.81
695.999 -1385.092 731.37
724.916 -1377.325 727.321
725.76 -1378.929 728.168
726.605 -1380.532 729.014
756.366 -1373.857 725.542
758.993 -1378.627 728.061
787.9 -1369.835 723.471
791.526 -1376.14 726.8
795.153 -1382.446 730.131
824.193 -1373.066 725.232
824.193 -1373.066 725.232
826.068 -1376.19 726.881
856.978 -1369.399 723.349
858.914 -1372.494 724.984
861.819 -1377.136 727.436
892.865 -1369.732 723.581
894.862 -1372.797 725.201
896.859 -1375.861 726.819
925.938 -1364.821 721.043
929.024 -1369.37 723.447
932.11 -1373.92 725.851
960.146 -1360.803 718.979
964.38 -1366.805 722.15
970.731 -1375.807 726.907
1003.18 -1368.012 722.848
1005.356 -1370.98 724.415
1007.532 -1373.947 725.984
1036.733 -1361.099 719.255
1040.085 -1365.499 721.581
1044.554 -1371.366 724.681
1077.194 -1362.26 719.931
1082.923 -1369.506 723.761
1089.799 -1378.201 728.356
1120.362 -1365.443 721.677
1121.537 -1366.874 722.434
1125.06 -1371.168 724.703
1155.562 -1357.812 717.709
1159.17 -1362.051 719.95
1195.722 -1355.083 716.333
1203.103 -1363.448 720.756
1206.794 -1367.63 722.967
1238.638 -1354.274 715.974
1242.41 -1358.398 718.154
1246.183 -1362.523 720.335
1278.029 -1348.48 712.981
1285.736 -1356.612 717.281
1292.158 -1363.388 720.864
1324.121 -1348.556 713.094
1328.054 -1352.561 715.212
1334.609 -1359.237 718.741
1367.925 -1344.983 711.279
1375.949 -1352.871 715.45
1385.309 -1362.074 720.317
1417.441 -1345.638 711.702
1422.893 -1350.814 714.439
1428.344 -1355.99 717.177
1466.003 -1343.896 710.86
1474.333 -1351.532 714.899
1482.663 -1359.167 718.938
1517.75 -1343.559 710.764
1526.23 -1351.065 714.734
1537.535 -1361.073 720.028
1575.676 -1346.944 712.639
1584.301 -1354.317 716.54
1619.571 -1336.875 707.399
1625.418 -1341.701 709.953
1622.494 -1339.288 708.675
1648.692 -1314.018 695.394
1654.633 -1318.754 697.9
1645.721 -1311.651 694.141
1656.284 -1274.421 674.529
1650.251 -1269.778 672.071
1644.217 -1265.135 669.614
1659.761 -1232.72 652.547
1653.637 -1228.171 650.139
1641.387 -1219.073 645.324
1649.677 -1182.399 626.0
1643.463 -1177.945 623.642
1631.037 -1169.038 618.927
1644.422 -1137.13 602.125
1638.122 -1132.773 599.817
1625.521 -1124.059 595.203
1641.087 -1094.52 579.654
1634.701 -1090.261 577.398
1646.28 -1058.605 560.726
1639.811 -1054.446 558.522
1631.725 -1049.246 555.769
1644.011 -1018.809 539.74
1634.186 -1012.72 536.515
1627.637 -1008.661 534.364
1647.311 -983.367 521.059
1652.282 -986.335 522.631
1663.882 -993.26 526.301
1694.983 -974.154 516.276
1713.425 -984.753 521.893
1730.19 -994.388 527.0
1756.349 -971.263 514.849
2450.416 -1302.996 690.842
2477.834 -1317.575 698.571
2520.796 -1287.95 683.019
2538.109 -1296.796 687.711
2565.81 -1310.949 695.216
2622.79 -1286.56 682.447
2647.269 -1298.568 688.816
2664.755 -1307.145 693.366
2714.886 -1277.419 677.771
2753.72 -1295.691 687.466
2781.963 -1308.98 694.518
2832.34 -1277.061 677.768
2864.404 -1291.518 685.44
2889.343 -1302.762 691.408
2939.8 -1268.799 673.581
2972.145 -1282.759 680.991
3004.489 -1296.719 688.402
3073.142 -1268.066 673.403
3113.006 -1284.514 682.139
3156.493 -1302.459 691.668
3225.587 -1270.784 675.076
3247.504 -1279.419 679.663
5788.317 -178.807 103.366
5812.301 -179.548 103.795
5764.331 -178.066 102.939
5735.046 -88.553 55.698
5743.044 -88.676 55.775
1635.499 526.427 -274.985
1624.22 522.797 -273.089
1602.473 543.981 -284.292
1598.737 542.713 -283.629
1598.737 542.713 -283.629
1580.387 564.654 -295.226
1572.968 562.003 -293.841
1571.112 561.341 -293.493
1563.501 586.885 -306.974
1567.184 588.268 -307.697
1572.709 590.342 -308.782
1564.498 615.963 -322.303
1569.981 618.122 -323.433
1571.809 618.841 -323.809
1563.007 644.5 -337.351
1566.633 645.996 -338.135
1568.446 646.743 -338.526
1560.862 673.177 -352.475
1566.257 675.504 -353.693
1569.853 677.055 -354.505
1565.189 705.194 -369.349
1570.537 707.604 -370.61
1574.103 709.21 -371.452
1561.657 734.225 -384.66
1563.424 735.056 -385.096
1553.954 761.644 -399.129
1555.704 762.501 -399.578
1560.954 765.074 -400.927
1554.305 793.469 -415.908
1561.236 797.007 -417.762
1568.167 800.546 -419.617
1559.014 828.268 -434.248
1562.445 830.09 -435.203
1565.874 831.913 -436.159
1552.637 857.824 -449.841
1557.727 860.637 -451.316
1564.515 864.387 -453.283
1557.312 894.179 -469.001
1562.346 897.069 -470.517
1567.38 899.96 -472.034
1554.382 926.977 -486.298
1249.027 773.239 -405.722
1267.057 784.401 -411.578
1281.81 793.534 -416.37
1265.975 813.192 -426.759
1262.737 811.112 -425.668
1257.88 807.992 -424.031
1240.165 826.214 -433.665
1240.165 826.214 -433.665
1241.764 827.278 -434.224
1225.268 846.312 -444.286
1225.268 846.312 -444.286
1228.422 848.491 -445.429
1211.51 867.315 -455.381
1211.51 867.315 -455.381
1197.295 888.15 -466.388
1197.295 888.15 -466.388
1198.829 889.287 -466.985
1184.137 909.969 -477.913
1187.157 912.29 -479.132
1190.178 914.612 -480.351
1173.455 934.019 -490.609
1174.942 935.202 -491.231
1177.916 937.57 -492.475
1162.182 958.013 -503.278
1165.109 960.426 -504.545
1169.5 964.046 -506.448
1154.636 985.628 -517.85
1160.395 990.544 -520.433
1164.714 994.231 -522.37
1150.597 1017.052 -534.424
1154.842 1020.805 -536.396
1160.503 1025.809 -539.026
1147.054 1049.919 -551.758
1154.006 1056.282 -555.102
1160.958 1062.645 -558.446
1145.291 1085.568 -570.557
1167.132 1106.27 -581.437
1167.912 1146.456 -602.624
1171.93 1150.401 -604.697
1171.93 1150.401 -604.697
1150.382 1169.638 -614.874
1147.756 1166.968 -613.47
1147.756 1166.968 -613.47
1125.859 1185.85 -623.46
1124.573 1184.494 -622.747
1128.432 1188.56 -624.885
1108.605 1209.909 -636.172
1112.384 1214.034 -638.341
1114.903 1216.784 -639.787
1094.439 1237.977 -650.993
1098.136 1242.16 -653.193
1100.601 1244.948 -654.659
1086.728 1274.45 -670.235
1093.957 1282.927 -674.693
1098.777 1288.579 -677.666
1075.553 1308.192 -688.042
1077.907 1311.054 -689.549
1081.437 1315.348 -691.806
1056.484 1333.276 -701.297
1058.78 1336.174 -702.823
1036.749 1358.166 -714.452
1044.586 1368.433 -719.853
1047.945 1372.833 -722.168
1020.713 1388.784 -730.621
1025.075 1394.719 -733.743
1027.256 1397.687 -735.304
1004.842 1420.817 -747.535
1009.086 1426.818 -750.692
1013.331 1432.819 -753.849
990.077 1455.809 -766.007
993.171 1460.358 -768.401
997.297 1466.424 -771.592
974.233 1490.771 -784.466
980.241 1499.964 -789.302
988.251 1512.221 -795.753
964.103 1536.512 -808.598
970.899 1547.344 -814.298
978.667 1559.723 -820.812
958.1 1591.757 -837.734
969.383 1610.502 -847.599
979.726 1627.685 -856.643
954.75 1655.152 -871.163
949.294 1645.694 -866.186
940.201 1629.93 -857.889
900.888 1631.455 -858.755
892.107 1615.554 -850.385
853.335 1616.232 -850.804
843.178 1596.992 -840.675
801.774 1590.351 -837.239
799.329 1585.502 -834.685
762.457 1586.181 -835.101
756.977 1574.781 -829.1
753.064 1566.638 -824.813
718.296 1569.804 -826.537
714.543 1561.602 -822.218
716.044 1564.883 -823.945
687.224 1580.634 -832.296
688.661 1583.937 -834.034
690.097 1587.24 -835.774
653.201 1584.332 -834.299
613.369 1572.409 -828.075
612.065 1569.063 -826.313
610.76 1565.718 -824.551
577.925 1569.841 -826.776
575.448 1563.11 -823.232
572.969 1556.38 -819.687
541.597 1563.277 -823.372
539.252 1556.509 -819.808
537.494 1551.434 -817.135
508.468 1564.577 -824.11
509.021 1566.278 -825.006
508.468 1564.577 -824.11
478.566 1575.587 -829.962
480.643 1582.422 -833.563
482.719 1589.258 -837.164
452.752 1601.597 -843.717
454.208 1606.747 -846.43
456.634 1615.33 -850.951
427.408 1632.456 -860.026
431.922 1649.694 -869.108
435.533 1663.485 -876.373
406.825 1687.239 -888.942
412.249 1709.735 -900.795
382.672 1734.921 -914.12
389.185 1764.444 -929.676
361.293 1805.007 -951.106
385.705 1926.967 -1015.369
348.262 1936.098 -1020.243
348.891 1939.593 -1022.084
350.148 1946.582 -1025.767
312.813 1958.674 -1032.202
315.051 1972.69 -1039.587
318.409 1993.713 -1050.667
280.991 2012.347 -1060.55
283.933 2033.419 -1071.655
286.385 2050.979 -1080.909
248.406 2076.175 -1094.254
250.512 2093.77 -1103.528
251.354 2100.808 -1107.237
210.925 2114.916 -1114.739
211.628 2121.965 -1118.454
210.925 2114.916 -1114.739
168.323 2107.234 -1110.755
168.605 2110.763 -1112.616
168.605 2110.763 -1112.616
126.938 2113.018 -1113.87
127.15 2116.551 -1115.733
85.231 2114.629 -1114.784
85.088 2111.093 -1112.921
85.373 2118.165 -1116.649
43.498 2115.595 -1115.36
43.498 2115.595 -1115.36
43.571 2119.133 -1117.225
1.747 2108.841 -1111.865
1.752 2115.918 -1115.596
1.755 2119.456 -1117.461
-39.861 2108.52 -1111.76
-39.794 2104.982 -1109.895
-39.794 2104.982 -1109.895
-81.454 2107.556 -1111.317
-81.318 2104.02 -1109.453
-81.318 2104.02 -1109.453
-123.025 2105.951 -1110.537
-123.025 2105.951 -1110.537
-122.819 2102.417 -1108.673
-164.28 2100.174 -1107.555
-164.28 2100.174 -1107.555
-206.039 2100.816 -1107.96
-206.731 2107.866 -1111.678
-206.385 2104.341 -1109.819
-247.459 2097.289 -1106.165
-248.289 2104.326 -1109.876
-247.459 2097.289 -1106.165
-288.803 2093.122 -1104.033
-290.256 2103.658 -1109.59
-290.741 2107.17 -1111.443
-332.828 2105.837 -1110.806
-332.828 2105.837 -1110.806
-332.828 2105.837 -1110.806
-373.706 2096.857 -1106.135
-374.328 2100.352 -1107.979
-374.951 2103.846 -1109.822
-416.407 2097.71 -1106.652
-417.098 2101.195 -1108.491
-416.407 2097.71 -1106.652
-457.736 2090.936 -1103.145
-460.777 2104.829 -1110.475
-463.059 2115.249 -1115.973
-505.556 2111.212 -1113.911
-504.727 2107.751 -1112.085
-547.139 2103.059 -1109.678
-547.139 2103.059 -1109.678
-547.139 2103.059 -1109.678
-591.448 2104.564 -1110.541
-594.344 2114.864 -1115.976
-593.379 2111.431 -1114.164
-631.856 2091.668 -1103.806
-634.953 2101.921 -1109.216
-637.018 2108.757 -1112.823
-678.534 2098.574 -1107.52
-680.734 2105.377 -1111.11
-681.834 2108.778 -1112.905
-723.344 2097.904 -1107.237
-723.344 2097.904 -1107.237
-723.344 2097.904 -1107.237
-767.1 2093.121 -1104.783
-768.333 2096.486 -1106.56
-769.566 2099.851 -1108.336
-814.787 2097.66 -1107.252
-816.086 2101.006 -1109.018
-818.685 2107.697 -1112.55
-860.155 2094.71 -1105.767
-860.155 2094.71 -1105.767
-865.616 2108.01 -1112.789
-912.808 2107.512 -1112.6
-908.517 2097.602 -1107.368
-931.826 2043.862 -1079.071
-913.878 2004.494 -1058.287
-904.93 1889.086 -997.425
-887.768 1853.258 -978.508
-906.341 1803.69 -952.403
-894.972 1781.063 -940.455
-881.977 1755.204 -926.801
-906.357 1722.057 -909.363
-896.23 1702.816 -899.202
-889.478 1689.989 -892.428
-920.946 1672.798 -883.414
-908.691 1650.536 -871.657
-928.435 1614.167 -852.513
-927.528 1612.591 -851.681
-925.715 1609.438 -850.015
-956.401 1593.319 -841.565
-954.526 1590.195 -839.915
-953.588 1588.633 -839.09
-988.671 1579.838 -834.508
-991.577 1584.48 -836.961
-991.577 1584.48 -836.961
-1028.692 1578.103 -833.657
-1030.689 1581.168 -835.275
-1030.689 1581.168 -835.275
-1063.799 1568.028 -828.399
-1065.857 1571.061 -830.001
-1069.972 1577.126 -833.206
-1105.172 1566.349 -827.579
-1109.407 1572.35 -830.75
-1111.524 1575.351 -832.335
-1144.627 1560.899 -824.768
-1148.979 1566.834 -827.904
-1155.507 1575.736 -832.607
-1193.137 1566.437 -827.764
-1193.137 1566.437 -827.764
-1226.168 1550.658 -819.496
-1230.751 1556.454 -822.559
-1237.627 1565.15 -827.155
-1273.031 1551.51 -820.019
-1277.73 1557.235 -823.045
-1284.776 1565.823 -827.584
-1322.704 1554.207 -821.519
-1325.109 1557.033 -823.012
-1329.919 1562.685 -826.0
-1363.025 1544.683 -816.561
-1367.945 1550.26 -819.509
-1370.406 1553.048 -820.983
-1408.401 1539.885 -814.102
-1415.946 1548.134 -818.464
-1426.006 1559.133 -824.279
-1464.275 1544.993 -816.883
-1469.412 1550.414 -819.749
-1474.55 1555.835 -822.616
-1510.284 1538.154 -813.35
-1523.394 1551.506 -820.411
-1528.639 1556.847 -823.234
-1559.141 1532.991 -810.704
-1572.513 1546.138 -817.657
-1580.536 1554.027 -821.829
-1616.427 1534.545 -811.614
-1621.879 1539.721 -814.352
-1654.808 1516.973 -802.409
-1671.466 1532.245 -810.488
-1715.595 1518.698 -803.414
-1765.447 1509.167 -798.467
-1794.2 1533.746 -811.472
-1805.701 1543.578 -816.673
-1838.827 1517.859 -803.166
-1856.367 1532.338 -810.827
-2177.461 1735.451 -918.421
-2195.284 1749.657 -925.938
-2207.166 1759.127 -930.951
-2247.6 1729.405 -915.344
-2262.684 1741.012 -921.486
-2280.786 1754.94 -928.859
-2327.341 1728.537 -915.011
-2364.088 1755.83 -929.459
-2400.835 1783.122 -943.906
-2438.787 1747.99 -925.443
-2432.574 1743.537 -923.085
-2423.254 1736.857 -919.549
-2450.882 1694.803 -897.419
-2447.732 1692.624 -896.266
-2431.981 1681.732 -890.498
-2452.051 1635.392 -866.097
-2429.701 1620.486 -858.203
-2438.693 1568.15 -830.624
-2425.756 1559.831 -826.217
-2419.288 1555.671 -824.013
-2433.268 1507.918 -798.858
-2413.618 1495.741 -792.407
-2403.793 1489.652 -789.182
-2456.05 1466.147 -776.87
-2489.195 1485.933 -787.354
-2515.711 1501.762 -795.742
-2575.167 1480.02 -784.372
-2588.58 1487.728 -788.457
-2601.991 1495.437 -792.542
-2658.258 1470.02 -779.231
-2695.555 1490.646 -790.163
-2719.289 1503.771 -797.12
-2769.142 1472.476 -780.7
-2789.705 1483.41 -786.497
-2817.122 1497.989 -794.226
-2867.059 1464.866 -776.841
-2877.447 1470.174 -779.656
-2918.999 1491.404 -790.914
-2986.484 1464.963 -777.079
-2989.981 1466.679 -777.99
-2975.992 1459.817 -774.35
-2993.788 1408.649 -747.4
-2554.45 1151.764 -611.269
-2508.134 1130.881 -600.187
-2497.446 1126.062 -597.629
-2519.315 1087.32 -577.237
-2515.721 1085.769 -576.413
-2508.533 1082.667 -574.767
-2533.168 1045.257 -555.081
-2973.53 1171.481 -622.324
-2984.49 1175.799 -624.617
-2973.53 1171.481 -622.324
-2988.867 1122.617 -596.585
-2985.186 1121.234 -595.85
-2974.143 1117.087 -593.646
-2980.937 1065.685 -566.555
-2969.814 1061.709 -564.442
-2951.276 1055.082 -560.918
-2956.748 1004.273 -534.138
-2956.748 1004.273 -534.138
-2945.548 1000.469 -532.116
-2961.118 953.62 -507.439
-2949.845 949.99 -505.507
-2964.394 903.141 -480.829
-2956.832 900.837 -479.603
-2956.832 900.837 -479.603
-2966.586 852.854 -454.319
-2962.783 851.76 -453.736
-2958.98 850.667 -453.155
-2967.701 802.776 -427.918
-2967.701 802.776 -427.918
-2960.053 800.707 -426.815
-2971.593 753.902 -402.156
-2963.905 751.952 -401.115
-2956.216 750.001 -400.075
-2966.738 703.323 -375.481
-2962.875 702.408 -374.992
-2955.149 700.576 -374.014
-2964.679 653.982 -349.463
-2956.917 652.27 -348.548
-2953.787 603.33 -322.74
-2945.993 601.738 -321.888
-2942.097 600.942 -321.463
-2949.63 554.687 -297.087
-2941.806 553.215 -296.298
-2941.806 553.215 -296.298
-2948.384 507.033 -271.96
-2940.533 505.683 -271.235
-2936.607 505.008 -270.873
-2942.222 458.974 -246.612
-2942.222 458.974 -246.612
-2938.283 458.36 -246.282
-2939.016 411.816 -221.743
-2939.016 411.816 -221.743
-2935.066 411.262 -221.445
-2938.81 365.39 -197.265
-2938.81 365.39 -197.265
-2945.608 319.96 -173.323
-2937.669 319.098 -172.856
-2933.698 318.667 -172.622
-2943.555 273.693 -148.926
-2939.577 273.323 -148.725
-2935.599 272.953 -148.523
-2940.575 227.588 -124.613
-2936.59 227.28 -124.444
-2936.59 227.28 -124.444
-2936.675 181.66 -100.392
-2936.675 181.66 -100.392
-2932.684 181.413 -100.255
-2931.86 135.923 -76.269
-2931.86 135.923 -76.269
-2931.86 135.923 -76.269
-2934.132 90.639 -52.397
-2930.135 90.515 -52.326
-2930.135 90.515 -52.326
-2931.512 45.264 -28.47
-2931.512 45.264 -28.47
-2931.512 45.264 -28.47
