-1.229 -0.844 1.175
-1.197 -0.851 1.186
-1.192 -0.848 1.181
-1.186 -0.843 1.175
-1.153 -0.85 1.183
-1.147 -0.845 1.177
-1.142 -0.841 1.172
-1.112 -0.849 1.184
-1.106 -0.844 1.177
-1.098 -0.839 1.169
-1.067 -0.845 1.178
-1.06 -0.839 1.17
-1.055 -0.836 1.165
-1.027 -0.843 1.175
-1.024 -0.841 1.173
-1.017 -0.836 1.165
-0.986 -0.841 1.173
-0.982 -0.837 1.168
-0.976 -0.832 1.161
-0.949 -0.84 1.172
-0.946 -0.837 1.168
-0.915 -0.841 1.174
-0.91 -0.837 1.167
-0.906 -0.833 1.162
-0.876 -0.838 1.169
-0.874 -0.836 1.166
-0.871 -0.833 1.162
-0.843 -0.838 1.17
-0.838 -0.833 1.163
-0.833 -0.828 1.156
-0.805 -0.833 1.164
-0.802 -0.83 1.159
-0.801 -0.829 1.158
-0.772 -0.833 1.163
-0.769 -0.829 1.157
-0.766 -0.826 1.153
-0.739 -0.831 1.161
-0.737 -0.829 1.159
-0.734 -0.826 1.155
-0.708 -0.831 1.162
-0.704 -0.827 1.156
-0.676 -0.83 1.16
-0.674 -0.828 1.157
-0.673 -0.827 1.155
-0.646 -0.83 1.16
-0.643 -0.826 1.154
-0.641 -0.824 1.151
-0.614 -0.827 1.156
-0.612 -0.824 1.151
-0.611 -0.823 1.15
-0.584 -0.826 1.156
-0.583 -0.824 1.153
-0.581 -0.822 1.15
-0.554 -0.825 1.153
-0.554 -0.823 1.152
-0.552 -0.821 1.149
-0.525 -0.822 1.15
-0.524 -0.821 1.149
-0.522 -0.818 1.144
-0.497 -0.822 1.15
-0.496 -0.821 1.148
-0.495 -0.819 1.145
-0.47 -0.823 1.153
-0.468 -0.82 1.148
-0.442 -0.822 1.151
-0.441 -0.819 1.147
-0.439 -0.817 1.143
-0.415 -0.821 1.149
-0.414 -0.819 1.146
-0.413 -0.817 1.143
-0.387 -0.818 1.146
-0.387 -0.818 1.146
-0.386 -0.817 1.144
-0.361 -0.819 1.146
-0.36 -0.818 1.144
-0.359 -0.815 1.141
-0.334 -0.816 1.144
-0.334 -0.816 1.144
-0.333 -0.814 1.141
-0.308 -0.816 1.144
-0.308 -0.815 1.142
-0.307 -0.813 1.139
-0.282 -0.816 1.143
-0.282 -0.815 1.141
-0.257 -0.815 1.142
-0.257 -0.815 1.142
-0.256 -0.814 1.14
-0.231 -0.815 1.142
-0.231 -0.815 1.142
-0.231 -0.814 1.14
-0.206 -0.815 1.142
-0.206 -0.814 1.14
-0.206 -0.813 1.138
-0.181 -0.812 1.139
-0.181 -0.812 1.139
-0.181 -0.812 1.139
-0.156 -0.813 1.139
-0.156 -0.813 1.139
-0.156 -0.811 1.138
-0.132 -0.813 1.14
-0.132 -0.813 1.14
-0.131 -0.81 1.136
-0.107 -0.81 1.136
-0.107 -0.812 1.138
-0.107 -0.81 1.136
-0.082 -0.811 1.138
-0.082 -0.81 1.136
-0.058 -0.808 1.135
-0.058 -0.808 1.135
-0.058 -0.81 1.136
-0.033 -0.809 1.135
-0.033 -0.808 1.133
-0.033 -0.808 1.133
-0.009 -0.808 1.134
-0.008 -0.807 1.132
-0.009 -0.809 1.135
0.015 -0.808 1.133
0.016 -0.806 1.132
0.016 -0.806 1.132
0.041 -0.806 1.131
0.04 -0.807 1.133
0.04 -0.807 1.133
0.065 -0.807 1.133
0.065 -0.807 1.133
0.065 -0.807 1.133
0.089 -0.806 1.132
0.089 -0.805 1.13
0.089 -0.805 1.13
0.113 -0.804 1.129
0.113 -0.804 1.129
0.113 -0.805 1.13
0.137 -0.802 1.127
0.138 -0.803 1.128
0.162 -0.804 1.129
0.162 -0.806 1.133
0.162 -0.806 1.133
0.187 -0.804 1.13
0.187 -0.804 1.13
0.187 -0.804 1.13
0.211 -0.801 1.127
0.211 -0.801 1.127
0.211 -0.804 1.13
0.236 -0.802 1.128
0.236 -0.802 1.128
0.236 -0.803 1.13
0.261 -0.802 1.128
0.261 -0.802 1.128
0.26 -0.801 1.126
0.285 -0.799 1.124
0.285 -0.8 1.125
0.285 -0.8 1.125
0.31 -0.799 1.124
0.311 -0.801 1.126
0.311 -0.802 1.127
0.336 -0.8 1.125
0.336 -0.801 1.127
0.336 -0.802 1.128
0.362 -0.8 1.126
0.362 -0.8 1.126
0.387 -0.799 1.124
0.388 -0.801 1.127
0.388 -0.801 1.127
0.412 -0.798 1.123
0.412 -0.798 1.123
0.413 -0.799 1.125
0.438 -0.796 1.12
0.439 -0.798 1.123
0.439 -0.799 1.125
0.465 -0.797 1.122
0.466 -0.799 1.125
0.467 -0.8 1.127
0.491 -0.796 1.121
0.492 -0.797 1.123
0.492 -0.797 1.123
0.518 -0.795 1.12
0.52 -0.797 1.123
0.52 -0.799 1.125
0.546 -0.796 1.122
0.548 -0.798 1.125
0.549 -0.8 1.126
0.574 -0.796 1.121
0.576 -0.798 1.124
0.576 -0.798 1.124
0.601 -0.794 1.12
0.604 -0.797 1.124
0.604 -0.797 1.124
0.63 -0.794 1.12
0.634 -0.798 1.125
0.635 -0.8 1.128
0.661 -0.796 1.122
0.674 -0.777 1.095
0.69 -0.761 1.074
0.683 -0.754 1.064
0.676 -0.746 1.052
0.691 -0.732 1.032
0.683 -0.724 1.021
0.676 -0.716 1.009
0.692 -0.703 0.991
0.685 -0.696 0.981
0.678 -0.688 0.971
0.693 -0.676 0.954
0.686 -0.669 0.945
0.678 -0.662 0.933
0.692 -0.65 0.917
0.687 -0.645 0.91
0.699 -0.631 0.89
0.692 -0.625 0.882
0.687 -0.62 0.875
0.701 -0.608 0.858
0.696 -0.604 0.853
0.689 -0.597 0.844
0.701 -0.586 0.827
0.694 -0.58 0.819
0.689 -0.576 0.814
0.702 -0.565 0.798
0.696 -0.561 0.792
0.69 -0.556 0.785
0.702 -0.545 0.77
0.696 -0.54 0.763
0.707 -0.53 0.748
0.702 -0.526 0.743
0.696 -0.521 0.737
0.707 -0.51 0.721
0.704 -0.508 0.718
0.699 -0.504 0.713
0.708 -0.493 0.698
0.703 -0.49 0.693
0.699 -0.487 0.689
0.709 -0.476 0.674
0.704 -0.473 0.669
0.7 -0.47 0.665
0.708 -0.46 0.65
0.706 -0.458 0.648
0.702 -0.455 0.644
0.71 -0.445 0.629
0.706 -0.442 0.626
0.716 -0.433 0.613
0.712 -0.431 0.61
0.706 -0.427 0.605
0.716 -0.418 0.591
0.712 -0.415 0.588
0.707 -0.413 0.584
0.715 -0.403 0.571
0.711 -0.401 0.567
0.707 -0.398 0.564
0.716 -0.389 0.552
0.713 -0.388 0.549
0.71 -0.386 0.547
0.718 -0.377 0.535
0.714 -0.375 0.531
0.709 -0.373 0.528
0.716 -0.363 0.515
0.713 -0.362 0.513
0.721 -0.353 0.5
0.718 -0.351 0.498
0.715 -0.35 0.496
0.72 -0.34 0.483
0.717 -0.339 0.481
0.716 -0.338 0.48
0.724 -0.329 0.467
0.719 -0.327 0.464
0.716 -0.326 0.462
0.724 -0.318 0.451
0.721 -0.316 0.449
0.717 -0.315 0.447
0.722 -0.306 0.434
0.72 -0.305 0.433
0.717 -0.304 0.431
0.723 -0.295 0.419
0.719 -0.294 0.417
0.725 -0.285 0.405
0.723 -0.284 0.404
0.722 -0.284 0.403
0.727 -0.275 0.391
0.723 -0.274 0.389
0.722 -0.273 0.388
0.726 -0.264 0.376
0.725 -0.264 0.375
0.721 -0.263 0.374
0.726 -0.254 0.362
0.724 -0.253 0.361
0.722 -0.253 0.36
0.728 -0.245 0.349
0.724 -0.244 0.347
0.723 -0.243 0.346
0.729 -0.235 0.335
0.727 -0.235 0.334
0.731 -0.226 0.322
0.729 -0.226 0.322
0.726 -0.224 0.32
0.73 -0.217 0.309
0.729 -0.216 0.308
0.729 -0.216 0.308
0.735 -0.209 0.299
0.735 -0.209 0.299
0.733 -0.208 0.298
0.741 -0.201 0.288
0.114 0.023 -0.031
0.114 0.023 -0.031
0.114 0.024 -0.033
0.114 0.024 -0.033
0.112 0.025 -0.034
0.112 0.025 -0.034
0.112 0.025 -0.034
0.111 0.026 -0.036
0.111 0.026 -0.036
0.111 0.026 -0.036
0.11 0.027 -0.037
0.11 0.027 -0.037
0.775 0.19 -0.261
0.11 0.027 -0.037
0.769 0.198 -0.272
0.111 0.029 -0.039
0.769 0.198 -0.272
0.111 0.029 -0.039
0.768 0.198 -0.272
0.111 0.029 -0.039
0.111 0.03 -0.041
0.76 0.205 -0.282
0.111 0.03 -0.041
0.76 0.205 -0.282
0.111 0.03 -0.041
0.758 0.205 -0.281
0.748 0.211 -0.29
0.748 0.211 -0.29
0.75 0.212 -0.291
0.745 0.22 -0.302
0.747 0.22 -0.303
0.749 0.221 -0.304
0.74 0.228 -0.314
0.781 0.271 -0.375
0.771 0.279 -0.385
0.768 0.277 -0.383
0.768 0.277 -0.383
0.761 0.286 -0.395
0.761 0.286 -0.395
0.763 0.286 -0.396
0.756 0.295 -0.408
0.759 0.296 -0.409
0.762 0.297 -0.411
0.757 0.306 -0.424
0.76 0.308 -0.426
0.762 0.308 -0.427
0.754 0.317 -0.438
0.759 0.319 -0.441
0.762 0.32 -0.443
0.754 0.328 -0.455
0.759 0.33 -0.458
0.762 0.332 -0.46
0.756 0.341 -0.472
0.759 0.342 -0.474
0.764 0.344 -0.477
0.758 0.354 -0.491
0.761 0.356 -0.493
0.764 0.357 -0.495
2.201 1.104 -1.533
1.859 0.966 -1.342
1.733 0.901 -1.251
1.701 0.915 -1.271
1.716 0.923 -1.282
1.702 0.948 -1.318
1.722 0.959 -1.333
1.921 1.108 -1.541
1.91 1.101 -1.532
1.895 1.093 -1.52
1.854 1.107 -1.54
1.843 1.1 -1.53
1.831 1.094 -1.521
1.785 1.103 -1.536
1.771 1.095 -1.524
1.757 1.086 -1.512
1.717 1.099 -1.529
1.708 1.094 -1.522
1.697 1.087 -1.512
1.651 1.095 -1.525
1.643 1.09 -1.517
1.635 1.084 -1.51
1.595 1.095 -1.525
1.585 1.088 -1.515
1.543 1.097 -1.527
1.529 1.088 -1.516
1.521 1.082 -1.508
1.484 1.094 -1.524
1.479 1.09 -1.519
1.474 1.086 -1.514
1.361 1.04 -1.45
1.366 1.044 -1.455
1.354 1.072 -1.495
1.368 1.083 -1.511
1.365 1.082 -1.508
1.326 1.089 -1.519
1.316 1.082 -1.508
1.31 1.076 -1.5
1.273 1.085 -1.513
1.266 1.08 -1.506
1.227 1.086 -1.516
1.222 1.082 -1.51
1.218 1.078 -1.505
1.179 1.085 -1.513
1.173 1.079 -1.505
1.168 1.075 -1.499
1.132 1.082 -1.511
1.128 1.078 -1.505
1.123 1.074 -1.5
1.085 1.079 -1.507
1.079 1.073 -1.499
1.077 1.071 -1.496
1.039 1.076 -1.502
1.033 1.07 -1.494
1.031 1.068 -1.491
0.997 1.076 -1.503
0.993 1.072 -1.497
0.988 1.066 -1.489
0.95 1.069 -1.494
0.946 1.065 -1.488
0.943 1.061 -1.482
0.909 1.068 -1.492
0.905 1.064 -1.486
0.873 1.073 -1.499
0.871 1.07 -1.495
0.871 1.07 -1.495
0.836 1.075 -1.503
0.829 1.067 -1.491
0.826 1.062 -1.485
0.792 1.067 -1.492
0.79 1.065 -1.489
0.788 1.062 -1.484
0.754 1.067 -1.492
0.751 1.063 -1.486
0.749 1.06 -1.482
0.716 1.065 -1.49
0.713 1.062 -1.485
0.711 1.057 -1.479
0.677 1.061 -1.484
0.675 1.059 -1.481
0.643 1.064 -1.489
0.641 1.062 -1.486
0.64 1.06 -1.483
0.606 1.063 -1.487
0.605 1.061 -1.485
0.603 1.057 -1.48
0.57 1.061 -1.485
0.569 1.06 -1.484
0.568 1.057 -1.479
0.534 1.059 -1.482
0.533 1.056 -1.479
0.532 1.054 -1.476
0.499 1.057 -1.48
0.499 1.056 -1.478
0.498 1.055 -1.477
0.466 1.06 -1.484
0.465 1.057 -1.481
0.464 1.055 -1.478
0.431 1.055 -1.478
0.431 1.055 -1.478
0.399 1.059 -1.483
0.398 1.056 -1.479
0.397 1.053 -1.476
0.364 1.053 -1.474
0.364 1.053 -1.474
0.363 1.052 -1.473
0.331 1.053 -1.475
0.33 1.05 -1.472
0.33 1.049 -1.471
0.298 1.052 -1.475
0.298 1.051 -1.473
0.298 1.05 -1.472
0.265 1.05 -1.472
0.265 1.05 -1.472
0.265 1.05 -1.472
0.234 1.052 -1.474
0.234 1.052 -1.474
0.233 1.051 -1.472
0.201 1.051 -1.475
0.201 1.051 -1.475
0.201 1.051 -1.475
0.169 1.05 -1.472
0.169 1.047 -1.469
0.169 1.047 -1.469
0.137 1.048 -1.47
0.137 1.048 -1.47
0.106 1.049 -1.471
0.106 1.049 -1.471
0.106 1.048 -1.469
0.074 1.046 -1.467
0.074 1.045 -1.466
0.074 1.044 -1.464
0.042 1.045 -1.467
0.042 1.044 -1.466
0.042 1.042 -1.462
0.011 1.043 -1.464
0.011 1.043 -1.464
0.011 1.043 -1.464
-0.02 1.042 -1.462
-0.02 1.042 -1.462
-0.02 1.044 -1.466
-0.052 1.043 -1.463
-0.052 1.042 -1.462
-0.052 1.042 -1.462
-0.083 1.04 -1.46
-0.083 1.041 -1.462
-0.083 1.041 -1.462
-0.114 1.038 -1.459
-0.114 1.037 -1.457
-0.114 1.04 -1.46
-0.146 1.039 -1.46
-0.146 1.039 -1.46
-0.177 1.036 -1.456
-0.177 1.038 -1.457
-0.177 1.038 -1.457
-0.208 1.036 -1.455
-0.208 1.037 -1.457
-0.208 1.037 -1.457
-0.24 1.034 -1.454
-0.24 1.035 -1.455
-0.24 1.037 -1.457
-0.272 1.035 -1.455
-0.272 1.036 -1.456
-0.272 1.036 -1.456
-0.303 1.033 -1.452
-0.303 1.034 -1.454
-0.304 1.035 -1.455
-0.335 1.033 -1.453
-0.336 1.036 -1.456
-0.336 1.037 -1.458
-0.367 1.033 -1.453
-0.368 1.034 -1.454
-0.368 1.034 -1.454
-0.4 1.032 -1.452
-0.4 1.034 -1.454
-0.4 1.032 -1.452
-0.431 1.029 -1.448
-0.432 1.031 -1.451
-0.464 1.028 -1.447
-0.464 1.028 -1.447
-0.464 1.029 -1.448
-0.496 1.025 -1.443
-0.496 1.026 -1.444
-0.497 1.029 -1.448
-0.529 1.024 -1.442
-0.53 1.028 -1.446
-0.532 1.031 -1.451
-0.563 1.024 -1.442
-0.564 1.028 -1.446
-0.566 1.031 -1.451
-0.597 1.025 -1.443
-0.598 1.027 -1.447
-0.6 1.029 -1.45
-0.632 1.025 -1.444
-0.632 1.025 -1.444
-0.633 1.027 -1.447
-0.666 1.023 -1.44
-0.666 1.023 -1.44
-0.667 1.025 -1.444
-0.702 1.023 -1.441
-0.7 1.021 -1.438
-0.698 1.018 -1.434
-0.729 1.012 -1.426
-0.731 1.014 -1.429
-0.763 1.009 -1.423
-0.767 1.014 -1.429
-0.768 1.016 -1.432
-0.8 1.01 -1.423
-0.803 1.013 -1.428
-0.804 1.014 -1.429
-0.836 1.008 -1.42
-0.839 1.012 -1.426
-0.841 1.014 -1.429
-0.875 1.009 -1.423
-0.877 1.011 -1.426
-0.881 1.015 -1.432
-0.914 1.009 -1.424
-0.917 1.012 -1.428
-0.919 1.014 -1.431
-0.95 1.006 -1.419
-0.953 1.009 -1.423
-0.955 1.011 -1.426
-0.989 1.005 -1.418
-0.993 1.009 -1.423
-0.997 1.013 -1.43
-1.029 1.005 -1.418
-1.032 1.008 -1.422
-1.037 1.012 -1.428
-1.07 1.004 -1.417
-1.073 1.007 -1.421
-1.079 1.012 -1.428
-1.111 1.003 -1.415
-1.113 1.004 -1.418
-1.15 0.999 -1.411
-1.152 1.001 -1.413
-1.159 1.006 -1.421
-1.196 1.0 -1.413
-1.198 1.002 -1.415
-1.2 1.004 -1.418
-1.235 0.995 -1.406
-1.24 0.999 -1.411
-1.247 1.005 -1.419
-1.282 0.995 -1.407
-1.289 1.001 -1.415
-1.294 1.005 -1.42
-1.329 0.995 -1.406
-1.334 0.999 -1.412
-1.336 1.0 -1.414
-1.376 0.994 -1.405
-1.384 0.999 -1.413
-1.389 1.003 -1.418
-1.426 0.994 -1.406
-1.431 0.997 -1.411
-1.439 1.003 -1.418
-1.477 0.993 -1.405
-1.485 0.999 -1.412
-1.495 1.006 -1.422
-1.529 0.992 -1.404
-1.533 0.995 -1.409
-1.541 1.0 -1.416
-1.583 0.991 -1.403
-1.588 0.995 -1.408
-1.624 0.982 -1.39
-1.632 0.987 -1.397
-1.641 0.992 -1.404
-1.679 0.98 -1.388
-1.687 0.985 -1.395
-1.696 0.99 -1.402
-1.739 0.98 -1.389
-1.754 0.988 -1.4
-1.76 0.992 -1.405
-1.798 0.978 -1.387
-1.81 0.985 -1.396
-1.815 0.988 -1.4
-1.857 0.975 -1.383
-1.872 0.983 -1.394
-1.881 0.988 -1.4
-1.922 0.975 -1.382
-1.931 0.979 -1.389
-1.946 0.987 -1.4
-1.988 0.973 -1.38
-2.0 0.979 -1.389
-2.012 0.985 -1.397
-2.057 0.971 -1.378
-2.073 0.979 -1.39
-1.914 0.872 -1.237
-1.898 0.865 -1.227
-1.927 0.847 -1.202
-2.217 0.974 -1.383
-2.242 0.985 -1.399
-2.281 0.966 -1.373
-2.297 0.973 -1.382
-2.339 0.955 -1.358
-2.359 0.963 -1.369
-2.382 0.972 -1.382
-2.421 0.951 -1.353
-2.444 0.96 -1.366
-2.474 0.972 -1.383
-2.519 0.953 -1.357
-2.54 0.961 -1.367
-2.553 0.966 -1.375
-2.599 0.946 -1.348
-2.626 0.956 -1.361
-2.646 0.963 -1.372
-2.695 0.943 -1.344
-2.723 0.953 -1.357
-2.75 0.962 -1.372
-2.803 0.942 -1.344
-2.824 0.949 -1.353
-2.841 0.955 -1.362
-2.89 0.933 -1.331
-2.762 0.891 -1.272
-2.76 0.854 -1.22
-2.753 0.852 -1.217
-2.749 0.851 -1.215
-2.775 0.823 -1.176
-2.767 0.821 -1.173
-2.76 0.819 -1.17
-2.782 0.79 -1.129
-2.782 0.79 -1.129
-2.802 0.76 -1.088
-2.798 0.759 -1.087
-2.794 0.758 -1.085
-2.791 0.723 -1.036
-2.762 0.716 -1.025
-2.747 0.712 -1.02
-2.78 0.687 -0.985
-2.766 0.683 -0.979
-2.766 0.683 -0.979
-2.782 0.654 -0.939
-2.763 0.65 -0.933
-2.767 0.65 -0.934
-2.786 0.622 -0.894
-2.779 0.621 -0.892
-2.775 0.62 -0.891
-2.798 0.592 -0.852
-2.813 0.595 -0.857
-2.847 0.603 -0.867
-2.933 0.587 -0.846
-3.012 0.603 -0.869
-3.098 0.62 -0.894
-3.216 0.608 -0.877
-2.864 0.509 -0.736
-2.913 0.518 -0.749
-2.979 0.496 -0.719
-3.029 0.505 -0.731
-3.079 0.513 -0.743
-3.152 0.491 -0.713
-3.217 0.501 -0.727
-3.798 0.55 -0.801
-3.817 0.553 -0.805
-3.817 0.553 -0.805
-3.811 0.511 -0.746
-3.122 0.386 -0.564
-3.122 0.386 -0.564
-3.122 0.353 -0.518
-3.98 0.45 -0.661
-3.976 0.449 -0.66
-3.99 0.409 -0.604
-3.986 0.408 -0.603
-3.864 0.355 -0.528
-3.864 0.355 -0.528
-3.88 0.357 -0.53
-3.953 0.323 -0.483
-3.887 0.317 -0.474
-3.843 0.314 -0.469
-3.085 0.188 -0.287
-3.844 0.235 -0.358
-3.836 0.234 -0.358
-3.863 0.196 -0.304
-3.871 0.197 -0.305
-3.855 0.196 -0.304
-3.829 0.155 -0.247
-3.829 0.155 -0.247
-4.029 0.123 -0.202
-4.025 0.122 -0.202
-4.021 0.122 -0.202
-4.029 0.082 -0.145
-4.029 0.082 -0.145
-4.025 0.082 -0.144
-4.026 0.041 -0.087
-4.026 0.041 -0.087
-4.026 0.041 -0.087
-4.027 0.0 -0.066
-4.027 0.0 -0.066
-4.023 0.0 -0.066
-4.023 -0.043 -0.01
-4.027 -0.043 -0.01
-4.031 -0.086 0.045
-4.035 -0.086 0.045
-4.027 -0.086 0.045
-4.028 -0.129 0.101
-4.028 -0.129 0.101
-4.028 -0.129 0.101
-4.025 -0.172 0.157
-4.025 -0.172 0.157
-4.029 -0.172 0.157
-4.033 -0.215 0.213
-4.037 -0.216 0.213
-4.037 -0.216 0.213
-4.027 -0.258 0.269
-4.027 -0.258 0.269
-4.035 -0.259 0.269
-4.032 -0.302 0.325
-4.036 -0.303 0.326
-4.04 -0.303 0.326
-4.027 -0.345 0.381
-4.031 -0.346 0.382
-4.035 -0.346 0.382
-4.03 -0.389 0.438
-4.038 -0.39 0.439
-4.046 -0.391 0.44
-4.035 -0.434 0.496
-4.035 -0.434 0.496
-4.031 -0.478 0.552
-4.046 -0.48 0.555
-4.054 -0.481 0.556
-4.033 -0.523 0.611
-4.049 -0.525 0.613
-4.049 -0.525 0.613
-4.05 -0.57 0.672
-4.065 -0.572 0.674
-4.065 -0.572 0.674
-4.065 -0.618 0.732
-4.065 -0.618 0.732
-4.08 -0.62 0.736
-4.079 -0.666 0.795
-4.071 -0.665 0.793
-4.063 -0.663 0.792
-4.06 -0.709 0.852
-4.028 -0.704 0.845
-3.971 -0.694 0.833
-3.909 -0.728 0.878
-3.875 -0.721 0.871
-3.836 -0.714 0.862
-3.758 -0.744 0.9
-3.705 -0.733 0.888
-3.656 -0.723 0.876
-3.585 -0.752 0.914
-3.544 -0.743 0.903
-3.474 -0.77 0.939
-3.429 -0.759 0.927
-3.403 -0.754 0.919
-3.351 -0.783 0.958
-3.321 -0.776 0.95
-3.287 -0.768 0.94
-3.235 -0.795 0.976
-3.213 -0.79 0.969
-3.168 -0.779 0.956
-3.099 -0.8 0.984
-3.068 -0.792 0.975
-3.046 -0.786 0.968
-2.999 -0.812 1.002
-2.97 -0.804 0.991
-2.932 -0.794 0.979
-2.874 -0.814 1.007
-2.856 -0.809 1.0
-2.834 -0.803 0.993
-2.782 -0.824 1.021
-2.771 -0.821 1.018
-2.759 -0.854 1.06
-2.766 -0.856 1.063
-2.773 -0.858 1.066
-2.77 -0.894 1.113
-2.777 -0.897 1.116
-2.784 -0.899 1.118
-2.772 -0.933 1.163
-2.779 -0.935 1.166
-2.784 -0.937 1.166
-2.767 -0.97 1.21
-2.777 -0.973 1.215
-2.791 -0.978 1.22
-2.757 -1.005 1.256
-2.723 -0.993 1.24
-2.688 -0.98 1.224
-2.63 -0.997 1.247
-2.596 -0.984 1.231
-2.54 -1.0 1.254
-2.507 -0.987 1.236
-2.486 -0.979 1.226
-2.438 -0.997 1.25
-2.409 -0.985 1.235
-2.374 -0.971 1.218
-2.318 -0.983 1.235
-2.297 -0.975 1.224
-2.274 -0.965 1.212
-2.224 -0.979 1.231
-2.204 -0.97 1.22
-2.178 -0.959 1.205
-2.132 -0.973 1.224
-2.112 -0.964 1.214
-2.087 -0.952 1.198
-2.044 -0.967 1.218
-2.028 -0.959 1.208
-2.009 -0.95 1.197
-1.963 -0.962 1.213
-1.947 -0.954 1.203
-1.904 -0.967 1.22
-1.883 -0.956 1.206
-1.862 -0.945 1.193
-1.822 -0.958 1.21
-1.813 -0.953 1.204
-1.795 -0.943 1.192
-1.753 -0.954 1.206
-1.741 -0.947 1.198
-1.729 -0.941 1.19
-1.687 -0.951 1.202
-1.67 -0.941 1.191
-1.661 -0.936 1.184
-1.626 -0.948 1.2
-1.608 -0.938 1.188
-1.57 -0.948 1.201
-1.561 -0.942 1.195
-1.556 -0.939 1.19
-1.515 -0.946 1.2
-1.501 -0.938 1.19
-1.493 -0.932 1.183
-1.458 -0.943 1.196
-1.449 -0.937 1.189
-1.441 -0.932 1.183
-1.401 -0.938 1.191
-1.393 -0.932 1.184
-1.386 -0.928 1.178
-1.352 -0.937 1.19
-1.341 -0.929 1.181
-1.331 -0.923 1.172
-1.299 -0.932 1.185
-1.29 -0.926 1.178
-1.284 -0.922 1.172
-1.251 -0.929 1.183
-1.242 -0.924 1.176
-1.211 -0.932 1.186
-1.206 -0.928 1.181
-1.196 -0.921 1.173
-1.165 -0.929 1.183
-1.158 -0.924 1.177
-1.152 -0.919 1.17
-1.12 -0.926 1.18
-1.116 -0.923 1.177
-1.111 -0.919 1.171
-1.077 -0.924 1.177
-1.071 -0.919 1.172
-1.066 -0.914 1.167
-1.036 -0.921 1.176
-1.033 -0.919 1.173
-1.027 -0.913 1.165
-0.993 -0.917 1.171
-0.99 -0.914 1.167
-0.987 -0.912 1.164
-0.959 -0.92 1.175
-0.954 -0.915 1.169
-0.922 -0.919 1.175
-0.919 -0.916 1.171
-0.915 -0.912 1.165
-0.884 -0.916 1.172
-0.882 -0.914 1.169
-0.879 -0.911 1.165
-0.848 -0.914 1.17
-0.845 -0.911 1.165
-0.842 -0.908 1.161
-0.812 -0.912 1.168
-0.81 -0.909 1.164
-0.807 -0.906 1.159
-0.779 -0.912 1.167
-0.777 -0.91 1.164
-0.773 -0.904 1.157
-0.745 -0.91 1.166
-0.743 -0.908 1.163
-0.74 -0.903 1.157
-0.71 -0.907 1.162
-0.709 -0.904 1.159
-0.681 -0.909 1.166
-0.679 -0.906 1.162
-0.675 -0.901 1.156
-0.649 -0.907 1.164
-0.647 -0.905 1.161
-0.644 -0.9 1.155
-0.617 -0.905 1.161
-0.615 -0.902 1.158
-0.613 -0.899 1.154
-0.585 -0.902 1.158
-0.584 -0.9 1.155
-0.582 -0.897 1.152
-0.557 -0.903 1.16
-0.556 -0.902 1.158
-0.554 -0.899 1.154
-0.528 -0.903 1.16
-0.526 -0.899 1.156
-0.524 -0.897 1.153
-0.497 -0.9 1.157
-0.496 -0.898 1.154
-0.494 -0.894 1.149
-0.468 -0.898 1.154
-0.467 -0.897 1.153
-0.441 -0.899 1.157
-0.441 -0.899 1.157
-0.44 -0.898 1.155
-0.413 -0.899 1.156
-0.412 -0.898 1.155
-0.411 -0.895 1.152
-0.385 -0.897 1.155
-0.384 -0.895 1.152
-0.383 -0.892 1.149
-0.357 -0.895 1.152
-0.356 -0.894 1.151
-0.356 -0.891 1.147
-0.33 -0.893 1.151
-0.33 -0.893 1.151
-0.329 -0.892 1.15
-0.303 -0.894 1.152
-0.303 -0.892 1.149
-0.301 -0.888 1.145
-0.276 -0.891 1.149
-0.276 -0.891 1.149
-0.25 -0.891 1.15
-0.249 -0.889 1.146
-0.249 -0.888 1.145
-0.224 -0.89 1.148
-0.223 -0.888 1.145
-0.223 -0.886 1.143
-0.197 -0.887 1.145
-0.197 -0.886 1.144
-0.197 -0.887 1.145
-0.172 -0.889 1.148
-0.172 -0.888 1.146
-0.171 -0.887 1.144
-0.146 -0.887 1.146
-0.146 -0.886 1.144
-0.146 -0.886 1.144
-0.12 -0.887 1.146
-0.12 -0.887 1.146
-0.12 -0.886 1.144
-0.095 -0.887 1.146
-0.095 -0.887 1.146
-0.095 -0.885 1.145
-0.07 -0.885 1.144
-0.069 -0.884 1.143
-0.044 -0.884 1.143
-0.044 -0.883 1.142
-0.044 -0.883 1.142
-0.019 -0.884 1.144
-0.019 -0.882 1.141
-0.019 -0.882 1.141
0.006 -0.881 1.141
0.006 -0.881 1.141
0.006 -0.881 1.141
0.031 -0.88 1.14
0.031 -0.88 1.14
0.031 -0.88 1.14
0.056 -0.878 1.137
0.056 -0.879 1.139
0.056 -0.879 1.139
0.081 -0.878 1.138
0.081 -0.877 1.136
0.081 -0.877 1.136
0.107 -0.877 1.137
0.107 -0.877 1.137
0.107 -0.878 1.139
0.132 -0.876 1.135
0.132 -0.878 1.138
0.157 -0.876 1.137
0.157 -0.877 1.139
0.157 -0.877 1.139
0.182 -0.874 1.135
0.182 -0.875 1.136
0.183 -0.877 1.138
0.208 -0.874 1.136
0.208 -0.876 1.137
0.208 -0.878 1.14
0.233 -0.874 1.136
0.233 -0.874 1.136
0.233 -0.875 1.137
0.259 -0.874 1.135
0.26 -0.876 1.138
0.259 -0.875 1.137
0.284 -0.872 1.134
0.285 -0.873 1.135
0.285 -0.873 1.135
0.31 -0.871 1.132
0.31 -0.871 1.132
0.311 -0.873 1.135
0.336 -0.871 1.133
0.336 -0.871 1.133
0.336 -0.871 1.133
0.362 -0.869 1.131
0.363 -0.872 1.134
0.364 -0.874 1.137
0.389 -0.871 1.134
0.39 -0.872 1.136
0.391 -0.873 1.137
0.416 -0.87 1.133
0.417 -0.871 1.135
0.443 -0.869 1.131
0.443 -0.87 1.133
0.444 -0.871 1.134
0.47 -0.867 1.13
0.47 -0.868 1.132
0.47 -0.868 1.132
0.497 -0.865 1.128
0.498 -0.868 1.131
0.499 -0.87 1.134
0.527 -0.868 1.132
0.526 -0.869 1.133
0.527 -0.87 1.135
0.554 -0.866 1.13
0.555 -0.868 1.133
0.555 -0.868 1.133
0.582 -0.864 1.129
0.583 -0.866 1.13
0.584 -0.868 1.133
0.611 -0.863 1.128
0.613 -0.867 1.132
0.614 -0.869 1.135
0.642 -0.866 1.131
0.643 -0.868 1.134
0.64 -0.862 1.127
0.663 -0.854 1.116
0.661 -0.851 1.112
0.676 -0.832 1.088
0.669 -0.825 1.078
0.664 -0.817 1.069
0.678 -0.799 1.045
0.67 -0.79 1.034
0.665 -0.784 1.026
0.681 -0.769 1.006
0.675 -0.763 0.998
0.668 -0.754 0.987
0.682 -0.739 0.968
0.676 -0.733 0.959
0.67 -0.725 0.95
0.682 -0.71 0.929
0.675 -0.702 0.92
0.67 -0.697 0.913
0.684 -0.684 0.897
0.678 -0.677 0.887
0.689 -0.661 0.867
0.682 -0.655 0.859
0.677 -0.65 0.853
0.691 -0.639 0.838
0.684 -0.633 0.83
0.679 -0.627 0.823
0.692 -0.616 0.808
0.687 -0.611 0.802
0.68 -0.605 0.794
0.691 -0.593 0.778
0.686 -0.589 0.773
0.682 -0.585 0.768
0.695 -0.573 0.753
0.689 -0.568 0.747
0.698 -0.556 0.732
0.692 -0.551 0.724
0.689 -0.548 0.721
0.7 -0.537 0.707
0.694 -0.532 0.7
0.69 -0.529 0.696
0.701 -0.519 0.684
0.696 -0.515 0.679
0.691 -0.511 0.673
0.703 -0.502 0.662
0.698 -0.498 0.657
0.692 -0.495 0.651
0.703 -0.484 0.639
0.698 -0.481 0.634
0.694 -0.478 0.63
0.705 -0.469 0.619
0.699 -0.465 0.614
0.707 -0.454 0.599
0.704 -0.452 0.597
0.701 -0.45 0.595
0.709 -0.439 0.581
0.705 -0.437 0.577
0.702 -0.435 0.575
0.71 -0.425 0.562
0.706 -0.422 0.558
0.702 -0.42 0.555
0.711 -0.41 0.543
0.706 -0.408 0.54
0.703 -0.406 0.538
0.71 -0.396 0.525
0.708 -0.394 0.522
0.704 -0.392 0.519
0.712 -0.383 0.507
0.709 -0.381 0.505
0.717 -0.372 0.493
0.714 -0.37 0.491
0.709 -0.368 0.488
0.716 -0.359 0.476
0.713 -0.357 0.474
0.71 -0.356 0.472
0.718 -0.346 0.46
0.715 -0.345 0.458
0.712 -0.343 0.456
0.718 -0.334 0.444
0.715 -0.333 0.443
0.712 -0.331 0.441
0.718 -0.322 0.429
0.715 -0.321 0.427
0.713 -0.32 0.426
0.719 -0.311 0.414
0.715 -0.309 0.412
0.722 -0.3 0.401
0.72 -0.299 0.4
0.717 -0.298 0.398
0.722 -0.289 0.386
0.72 -0.288 0.385
0.717 -0.287 0.384
0.723 -0.279 0.373
0.72 -0.277 0.371
0.718 -0.277 0.37
0.723 -0.268 0.358
0.721 -0.267 0.358
0.717 -0.266 0.356
0.723 -0.257 0.345
0.72 -0.256 0.344
0.72 -0.256 0.344
0.724 -0.247 0.332
0.723 -0.247 0.331
0.721 -0.246 0.33
0.724 -0.237 0.319
0.723 -0.237 0.318
0.727 -0.228 0.307
0.726 -0.228 0.307
0.724 -0.227 0.306
0.73 -0.219 0.296
0.728 -0.219 0.295
0.728 -0.219 0.295
0.735 -0.211 0.285
0.735 -0.211 0.285
0.118 0.022 -0.026
0.116 0.023 -0.028
0.116 0.023 -0.028
0.115 0.023 -0.028
0.114 0.024 -0.029
0.114 0.024 -0.029
0.114 0.024 -0.029
0.115 0.025 -0.031
0.115 0.025 -0.031
0.115 0.025 -0.031
0.114 0.027 -0.032
0.114 0.027 -0.032
0.113 0.028 -0.034
0.113 0.028 -0.034
0.114 0.028 -0.034
0.114 0.028 -0.034
0.113 0.029 -0.036
0.79 0.204 -0.251
0.113 0.029 -0.036
0.788 0.204 -0.25
0.113 0.029 -0.036
0.785 0.203 -0.249
0.775 0.21 -0.259
0.77 0.208 -0.257
0.76 0.215 -0.267
0.754 0.214 -0.265
0.753 0.213 -0.264
0.749 0.222 -0.275
0.751 0.222 -0.276
0.77 0.249 -0.309
0.764 0.257 -0.321
0.766 0.258 -0.321
0.769 0.259 -0.322
0.765 0.268 -0.335
0.759 0.266 -0.332
0.752 0.264 -0.329
0.75 0.273 -0.342
0.784 0.286 -0.357
0.773 0.293 -0.366
0.768 0.291 -0.364
0.757 0.298 -0.374
0.761 0.3 -0.376
0.766 0.302 -0.377
0.759 0.31 -0.39
0.763 0.312 -0.392
0.766 0.313 -0.392
0.761 0.323 -0.406
0.764 0.324 -0.407
0.766 0.325 -0.407
0.759 0.334 -0.421
0.761 0.335 -0.422
0.766 0.337 -0.423
0.759 0.347 -0.437
0.761 0.347 -0.438
0.764 0.349 -0.439
0.761 0.36 -0.454
0.763 0.361 -0.455
0.757 0.371 -0.468
2.384 1.21 -1.528
2.369 1.203 -1.517
2.314 1.216 -1.536
1.734 0.911 -1.152
1.717 0.934 -1.181
1.723 0.938 -1.186
2.12 1.194 -1.511
2.114 1.191 -1.507
1.789 1.043 -1.321
1.93 1.166 -1.478
1.911 1.153 -1.462
1.925 1.162 -1.473
1.912 1.194 -1.515
1.906 1.191 -1.51
1.895 1.184 -1.501
1.85 1.197 -1.519
1.839 1.189 -1.509
1.789 1.198 -1.521
1.778 1.19 -1.512
1.77 1.185 -1.505
1.726 1.196 -1.52
1.718 1.19 -1.513
1.71 1.185 -1.506
1.665 1.195 -1.52
1.653 1.186 -1.508
1.642 1.178 -1.498
1.601 1.19 -1.514
1.596 1.186 -1.509
1.386 1.068 -1.359
1.364 1.088 -1.386
1.474 1.176 -1.498
1.436 1.187 -1.513
1.433 1.185 -1.511
1.429 1.181 -1.506
1.388 1.19 -1.517
1.379 1.182 -1.508
1.369 1.174 -1.497
1.331 1.184 -1.511
1.327 1.18 -1.505
1.32 1.174 -1.498
1.282 1.183 -1.511
1.275 1.177 -1.503
1.271 1.173 -1.497
1.231 1.18 -1.507
1.223 1.172 -1.497
1.218 1.168 -1.491
1.179 1.174 -1.5
1.175 1.17 -1.495
1.137 1.178 -1.506
1.133 1.173 -1.501
1.131 1.171 -1.498
1.092 1.176 -1.505
1.086 1.17 -1.496
1.082 1.166 -1.491
1.045 1.172 -1.501
1.041 1.168 -1.495
1.037 1.164 -1.489
1.0 1.17 -1.499
0.995 1.164 -1.49
0.99 1.159 -1.484
0.954 1.165 -1.493
0.953 1.163 -1.49
0.948 1.158 -1.484
0.914 1.166 -1.494
0.912 1.164 -1.491
0.908 1.159 -1.485
0.873 1.164 -1.493
0.869 1.16 -1.487
0.865 1.155 -1.481
0.83 1.159 -1.488
0.827 1.157 -1.485
0.794 1.163 -1.493
0.792 1.161 -1.49
0.789 1.158 -1.485
0.755 1.163 -1.494
0.752 1.159 -1.488
0.749 1.155 -1.483
0.717 1.162 -1.492
0.714 1.158 -1.487
0.711 1.155 -1.484
0.676 1.157 -1.487
0.674 1.155 -1.484
0.673 1.153 -1.481
0.638 1.156 -1.486
0.638 1.155 -1.485
0.636 1.152 -1.482
0.602 1.156 -1.487
0.601 1.153 -1.482
0.566 1.157 -1.488
0.565 1.154 -1.485
0.563 1.15 -1.479
0.53 1.154 -1.485
0.53 1.154 -1.485
0.528 1.15 -1.481
0.494 1.153 -1.485
0.494 1.152 -1.483
0.493 1.15 -1.48
0.459 1.152 -1.484
0.458 1.15 -1.481
0.458 1.149 -1.48
0.424 1.149 -1.481
0.423 1.148 -1.479
0.422 1.146 -1.476
0.389 1.149 -1.481
0.389 1.149 -1.481
0.388 1.146 -1.478
0.355 1.149 -1.481
0.355 1.148 -1.479
0.354 1.145 -1.476
0.322 1.149 -1.482
0.321 1.146 -1.478
0.288 1.147 -1.479
0.287 1.145 -1.478
0.287 1.143 -1.474
0.254 1.144 -1.477
0.254 1.144 -1.477
0.254 1.144 -1.477
0.221 1.146 -1.48
0.221 1.143 -1.477
0.22 1.142 -1.475
0.188 1.143 -1.476
0.188 1.143 -1.476
0.188 1.143 -1.476
0.155 1.144 -1.479
0.155 1.143 -1.477
0.155 1.143 -1.477
0.122 1.144 -1.479
0.122 1.143 -1.477
0.122 1.142 -1.476
0.089 1.141 -1.476
0.089 1.14 -1.475
0.057 1.139 -1.474
0.057 1.139 -1.474
0.057 1.141 -1.475
0.024 1.14 -1.475
0.024 1.138 -1.473
0.024 1.138 -1.473
-0.008 1.138 -1.473
-0.008 1.138 -1.473
-0.008 1.137 -1.472
-0.041 1.138 -1.474
-0.041 1.135 -1.47
-0.041 1.135 -1.47
-0.073 1.136 -1.471
-0.073 1.136 -1.471
-0.073 1.136 -1.471
-0.106 1.134 -1.47
-0.106 1.133 -1.469
-0.106 1.134 -1.47
-0.138 1.133 -1.468
-0.138 1.133 -1.468
-0.138 1.134 -1.47
-0.171 1.132 -1.468
-0.171 1.132 -1.468
-0.171 1.133 -1.47
-0.203 1.132 -1.47
-0.203 1.132 -1.47
-0.235 1.129 -1.465
-0.235 1.129 -1.465
-0.236 1.13 -1.466
-0.269 1.129 -1.467
-0.268 1.128 -1.465
-0.269 1.129 -1.467
-0.301 1.127 -1.464
-0.301 1.128 -1.465
-0.302 1.13 -1.467
-0.334 1.126 -1.463
-0.334 1.127 -1.465
-0.335 1.128 -1.466
-0.367 1.124 -1.461
-0.367 1.125 -1.463
-0.368 1.127 -1.464
-0.4 1.122 -1.46
-0.4 1.122 -1.46
-0.401 1.125 -1.463
-0.434 1.122 -1.46
-0.434 1.122 -1.46
-0.434 1.124 -1.461
-0.466 1.119 -1.456
-0.467 1.121 -1.459
-0.468 1.123 -1.462
-0.501 1.12 -1.458
-0.502 1.121 -1.459
-0.503 1.124 -1.462
-0.537 1.121 -1.46
-0.538 1.124 -1.463
-0.57 1.118 -1.456
-0.571 1.119 -1.458
-0.572 1.121 -1.461
-0.604 1.116 -1.454
-0.606 1.118 -1.457
-0.606 1.119 -1.459
-0.64 1.116 -1.455
-0.643 1.12 -1.461
-0.643 1.12 -1.461
-0.676 1.115 -1.455
-0.676 1.115 -1.455
-0.673 1.111 -1.449
-0.705 1.103 -1.44
-0.707 1.107 -1.444
-0.709 1.11 -1.449
-0.743 1.105 -1.443
-0.745 1.108 -1.446
-0.746 1.109 -1.447
-0.779 1.103 -1.44
-0.78 1.104 -1.441
-0.782 1.107 -1.446
-0.816 1.1 -1.438
-0.818 1.104 -1.443
-0.82 1.107 -1.447
-0.855 1.1 -1.438
-0.856 1.103 -1.442
-0.892 1.098 -1.436
-0.894 1.101 -1.441
-0.895 1.103 -1.442
-0.931 1.097 -1.435
-0.934 1.101 -1.441
-0.936 1.103 -1.444
-0.97 1.095 -1.433
-0.972 1.097 -1.436
-0.974 1.099 -1.439
-1.009 1.093 -1.431
-1.013 1.097 -1.437
-1.015 1.099 -1.44
-1.05 1.092 -1.431
-1.054 1.096 -1.436
-1.058 1.101 -1.442
-1.094 1.093 -1.433
-1.098 1.097 -1.438
-1.102 1.101 -1.443
-1.136 1.091 -1.431
-1.138 1.093 -1.434
-1.143 1.097 -1.439
-1.18 1.091 -1.432
-1.185 1.095 -1.437
-1.187 1.097 -1.44
-1.227 1.092 -1.433
-1.232 1.096 -1.438
-1.234 1.098 -1.441
-1.27 1.088 -1.429
-1.275 1.092 -1.435
-1.28 1.096 -1.44
-1.318 1.088 -1.43
-1.325 1.094 -1.438
-1.331 1.1 -1.445
-1.366 1.087 -1.43
-1.371 1.091 -1.435
-1.409 1.081 -1.423
-1.414 1.085 -1.428
-1.419 1.089 -1.433
-1.458 1.079 -1.421
-1.466 1.085 -1.428
-1.471 1.088 -1.433
-1.51 1.078 -1.42
-1.517 1.083 -1.427
-1.525 1.089 -1.434
-1.567 1.08 -1.423
-1.572 1.083 -1.428
-1.578 1.087 -1.433
-1.619 1.077 -1.421
-1.622 1.079 -1.423
-1.633 1.086 -1.432
-1.672 1.073 -1.417
-1.68 1.078 -1.424
-1.689 1.084 -1.431
-1.728 1.07 -1.414
-1.739 1.077 -1.423
-1.745 1.081 -1.428
-1.784 1.067 -1.41
-1.795 1.074 -1.42
-1.807 1.08 -1.428
-1.849 1.067 -1.413
-1.855 1.071 -1.417
-1.867 1.077 -1.426
-1.909 1.064 -1.409
-1.918 1.069 -1.415
-1.93 1.075 -1.424
-1.972 1.061 -1.406
-1.991 1.07 -1.418
-2.039 1.058 -1.403
-2.048 1.063 -1.409
-2.055 1.066 -1.413
-2.1 1.051 -1.396
-2.113 1.057 -1.404
-2.128 1.065 -1.413
-2.183 1.054 -1.4
-2.196 1.06 -1.408
-2.233 1.039 -1.382
-1.875 0.873 -1.161
-1.895 0.85 -1.131
-1.888 0.847 -1.127
-2.441 1.055 -1.405
-2.461 1.063 -1.417
-2.505 1.042 -1.39
-2.514 1.046 -1.395
-2.534 1.054 -1.407
-2.591 1.038 -1.386
-2.614 1.047 -1.398
-2.631 1.054 -1.407
-2.682 1.033 -1.381
-2.705 1.042 -1.394
-2.721 1.048 -1.402
-2.769 1.025 -1.373
-2.803 1.038 -1.389
-2.833 1.049 -1.405
-2.874 1.022 -1.37
-2.747 0.977 -1.31
-2.747 0.938 -1.259
-2.73 0.932 -1.251
-2.75 0.9 -1.21
-2.746 0.899 -1.209
-2.743 0.898 -1.207
-2.765 0.867 -1.168
-2.761 0.866 -1.166
-2.757 0.865 -1.164
-2.775 0.833 -1.124
-2.768 0.831 -1.121
-2.761 0.829 -1.118
-2.778 0.797 -1.077
-2.756 0.791 -1.068
-2.738 0.785 -1.062
-2.768 0.758 -1.027
-2.772 0.759 -1.028
-2.761 0.756 -1.023
-2.757 0.72 -0.976
-2.742 0.716 -0.971
-2.734 0.714 -0.969
-2.755 0.684 -0.931
-2.759 0.685 -0.932
-2.755 0.684 -0.931
-2.772 0.654 -0.892
-2.764 0.652 -0.889
-2.786 0.623 -0.853
-2.79 0.624 -0.854
-2.775 0.621 -0.849
-2.786 0.589 -0.809
-2.79 0.59 -0.81
-2.797 0.592 -0.812
-2.818 0.562 -0.774
-2.792 0.557 -0.767
-2.769 0.552 -0.761
-2.778 0.521 -0.721
-2.774 0.521 -0.72
-2.785 0.523 -0.723
-2.834 0.499 -0.693
-3.195 0.562 -0.781
-3.249 0.534 -0.744
-3.961 0.606 -0.849
-3.822 0.585 -0.82
-3.806 0.582 -0.817
-3.823 0.541 -0.764
-3.815 0.54 -0.762
-3.125 0.407 -0.578
-3.105 0.405 -0.575
-3.114 0.371 -0.531
-3.955 0.471 -0.675
-3.974 0.474 -0.678
-3.984 0.431 -0.622
-3.98 0.43 -0.622
-3.98 0.43 -0.622
-3.954 0.384 -0.562
-3.882 0.377 -0.552
-3.933 0.339 -0.503
-3.945 0.34 -0.505
-2.989 0.225 -0.34
-3.036 0.228 -0.345
-3.821 0.246 -0.381
-3.841 0.247 -0.383
-3.868 0.207 -0.332
-3.888 0.208 -0.334
-3.864 0.207 -0.331
-3.847 0.165 -0.276
-3.839 0.164 -0.276
-3.871 0.166 -0.278
-3.972 0.127 -0.23
-4.019 0.129 -0.233
-4.019 0.129 -0.233
-4.024 0.086 -0.177
-4.024 0.086 -0.177
-4.024 0.086 -0.177
-4.026 0.043 -0.122
-4.03 0.043 -0.122
-4.03 0.043 -0.122
-4.032 0.0 -0.011
-4.028 0.0 -0.011
-4.028 0.0 -0.011
-4.023 -0.046 0.042
-4.023 -0.046 0.042
-4.027 -0.046 0.042
-4.03 -0.091 0.096
-4.03 -0.091 0.096
-4.03 -0.091 0.096
-4.026 -0.137 0.149
-4.026 -0.137 0.149
-4.03 -0.137 0.15
-4.027 -0.183 0.203
-4.023 -0.183 0.203
-4.031 -0.183 0.203
-4.03 -0.229 0.257
-4.03 -0.229 0.257
-4.034 -0.229 0.257
-4.027 -0.275 0.311
-4.031 -0.275 0.311
-4.027 -0.275 0.311
-4.019 -0.32 0.364
-4.035 -0.322 0.366
-4.039 -0.322 0.366
-4.021 -0.367 0.419
-4.025 -0.367 0.419
-4.029 -0.368 0.42
-4.027 -0.414 0.474
-4.039 -0.415 0.475
-4.027 -0.461 0.529
-4.031 -0.461 0.529
-4.035 -0.462 0.53
-4.023 -0.507 0.583
-4.054 -0.511 0.588
-4.07 -0.513 0.59
-4.04 -0.557 0.642
-4.048 -0.558 0.643
-4.048 -0.558 0.643
-4.048 -0.606 0.699
-4.055 -0.608 0.701
-4.055 -0.608 0.701
-4.054 -0.656 0.757
-4.062 -0.657 0.759
-4.069 -0.658 0.76
-4.067 -0.707 0.817
-4.059 -0.706 0.816
-4.043 -0.703 0.813
-3.962 -0.737 0.853
-3.893 -0.724 0.838
-3.866 -0.719 0.832
-3.812 -0.756 0.875
-3.766 -0.747 0.864
-3.705 -0.781 0.905
-3.666 -0.773 0.895
-3.616 -0.762 0.883
-3.547 -0.792 0.918
-3.513 -0.785 0.909
-3.464 -0.774 0.896
-3.401 -0.803 0.932
-3.363 -0.794 0.921
-3.314 -0.783 0.908
-3.233 -0.805 0.934
-3.192 -0.795 0.922
-3.162 -0.787 0.913
-3.104 -0.813 0.944
-3.063 -0.803 0.931
-3.022 -0.792 0.92
-2.963 -0.816 0.948
-2.927 -0.806 0.936
-2.915 -0.803 0.932
-2.89 -0.835 0.969
-2.868 -0.828 0.962
-2.842 -0.821 0.953
-2.78 -0.841 0.977
-2.762 -0.835 0.97
-2.746 -0.869 1.01
-2.746 -0.869 1.01
-2.757 -0.872 1.014
-2.747 -0.908 1.055
-2.751 -0.909 1.057
-2.758 -0.911 1.06
-2.754 -0.95 1.105
-2.765 -0.954 1.109
-2.768 -0.955 1.11
-2.756 -0.991 1.153
-2.763 -0.993 1.156
-2.777 -0.999 1.162
-2.764 -1.035 1.204
-2.767 -1.036 1.206
-2.774 -1.039 1.209
-2.753 -1.073 1.249
-2.771 -1.08 1.256
-2.778 -1.082 1.26
-2.738 -1.109 1.291
-2.721 -1.102 1.283
-2.697 -1.093 1.272
-2.634 -1.109 1.292
-2.594 -1.092 1.272
-2.534 -1.108 1.291
-2.518 -1.101 1.282
-2.494 -1.091 1.271
-2.439 -1.107 1.289
-2.406 -1.092 1.272
-2.376 -1.079 1.256
-2.331 -1.098 1.279
-2.308 -1.087 1.267
-2.282 -1.075 1.253
-2.234 -1.091 1.272
-2.208 -1.079 1.257
-2.188 -1.069 1.246
-2.144 -1.086 1.266
-2.122 -1.075 1.253
-2.102 -1.065 1.241
-2.053 -1.077 1.256
-2.027 -1.064 1.24
-2.011 -1.056 1.231
-1.97 -1.072 1.25
-1.949 -1.06 1.237
-1.899 -1.07 1.248
-1.887 -1.063 1.24
-1.875 -1.056 1.232
-1.831 -1.069 1.247
-1.81 -1.057 1.233
-1.798 -1.05 1.224
-1.761 -1.065 1.242
-1.747 -1.056 1.232
-1.729 -1.045 1.219
-1.689 -1.057 1.233
-1.678 -1.05 1.225
-1.663 -1.041 1.214
-1.627 -1.054 1.23
-1.618 -1.049 1.223
-1.601 -1.038 1.211
-1.565 -1.05 1.226
-1.551 -1.041 1.215
-1.509 -1.049 1.224
-1.501 -1.043 1.217
-1.492 -1.037 1.211
-1.459 -1.05 1.226
-1.448 -1.042 1.217
-1.435 -1.033 1.205
-1.396 -1.041 1.215
-1.391 -1.037 1.211
-1.383 -1.031 1.204
-1.35 -1.043 1.217
-1.343 -1.037 1.21
-1.332 -1.029 1.201
-1.294 -1.035 1.209
-1.288 -1.03 1.203
-1.284 -1.027 1.199
-1.25 -1.037 1.211
-1.243 -1.03 1.204
-1.237 -1.025 1.198
-1.203 -1.034 1.208
-1.193 -1.026 1.198
-1.161 -1.035 1.209
-1.154 -1.029 1.202
-1.147 -1.022 1.194
-1.116 -1.032 1.206
-1.111 -1.028 1.201
-1.104 -1.021 1.193
-1.07 -1.027 1.2
-1.064 -1.022 1.194
-1.06 -1.017 1.189
-1.028 -1.025 1.197
-1.023 -1.019 1.191
-1.019 -1.016 1.187
-0.989 -1.024 1.197
-0.981 -1.017 1.188
-0.976 -1.011 1.181
-0.946 -1.019 1.19
-0.944 -1.017 1.189
-0.94 -1.013 1.183
-0.909 -1.019 1.19
-0.905 -1.014 1.185
-0.874 -1.02 1.193
-0.871 -1.017 1.189
-0.867 -1.012 1.183
-0.837 -1.018 1.191
-0.835 -1.016 1.188
-0.833 -1.014 1.185
-0.803 -1.019 1.192
-0.798 -1.014 1.185
-0.794 -1.008 1.178
-0.763 -1.012 1.183
-0.761 -1.01 1.181
-0.76 -1.007 1.178
-0.731 -1.013 1.185
-0.728 -1.01 1.181
-0.726 -1.006 1.177
-0.695 -1.01 1.18
-0.691 -1.004 1.174
-0.69 -1.001 1.171
-0.663 -1.009 1.18
-0.661 -1.007 1.177
-0.659 -1.004 1.174
-0.631 -1.009 1.18
-0.629 -1.007 1.177
-0.599 -1.009 1.179
-0.596 -1.004 1.174
-0.596 -1.003 1.172
-0.567 -1.007 1.177
-0.566 -1.004 1.174
-0.565 -1.003 1.173
-0.537 -1.007 1.178
-0.534 -1.002 1.173
-0.532 -0.998 1.168
-0.504 -1.002 1.172
-0.504 -1.0 1.171
-0.502 -0.998 1.168
-0.474 -1.001 1.171
-0.474 -1.0 1.17
-0.473 -0.997 1.167
-0.444 -0.999 1.169
-0.443 -0.996 1.166
-0.442 -0.995 1.164
-0.415 -0.998 1.168
-0.415 -0.998 1.168
-0.386 -0.998 1.168
-0.385 -0.995 1.165
-0.385 -0.994 1.163
-0.358 -0.997 1.167
-0.358 -0.997 1.167
-0.357 -0.995 1.164
-0.329 -0.997 1.167
-0.329 -0.995 1.164
-0.328 -0.993 1.162
-0.301 -0.996 1.165
-0.301 -0.996 1.165
-0.3 -0.993 1.162
-0.273 -0.992 1.161
-0.273 -0.992 1.161
-0.272 -0.991 1.16
-0.245 -0.991 1.16
-0.244 -0.989 1.157
-0.244 -0.988 1.156
-0.217 -0.988 1.156
-0.216 -0.986 1.154
-0.19 -0.989 1.157
-0.19 -0.989 1.157
-0.19 -0.987 1.155
-0.163 -0.989 1.159
-0.163 -0.989 1.159
-0.163 -0.988 1.157
-0.136 -0.988 1.158
-0.136 -0.988 1.158
-0.136 -0.987 1.156
-0.109 -0.987 1.156
-0.109 -0.985 1.153
-0.109 -0.985 1.153
-0.083 -0.987 1.156
-0.083 -0.987 1.156
-0.082 -0.983 1.151
-0.056 -0.984 1.152
-0.056 -0.984 1.152
-0.056 -0.982 1.151
-0.029 -0.982 1.15
-0.029 -0.98 1.148
-0.029 -0.982 1.15
-0.003 -0.98 1.148
-0.003 -0.98 1.148
-0.003 -0.982 1.15
0.023 -0.982 1.15
0.023 -0.98 1.148
0.05 -0.979 1.146
0.05 -0.979 1.146
0.05 -0.977 1.145
0.076 -0.977 1.144
0.076 -0.977 1.144
0.076 -0.975 1.142
0.102 -0.975 1.143
0.102 -0.977 1.144
0.102 -0.978 1.146
0.128 -0.975 1.142
0.128 -0.975 1.142
0.128 -0.974 1.141
0.155 -0.974 1.141
0.155 -0.975 1.142
0.155 -0.975 1.142
0.181 -0.973 1.141
0.181 -0.974 1.142
0.181 -0.974 1.142
0.207 -0.972 1.14
0.208 -0.973 1.141
0.208 -0.973 1.141
0.234 -0.971 1.138
0.234 -0.972 1.14
0.234 -0.974 1.141
0.261 -0.972 1.139
0.261 -0.972 1.139
0.261 -0.973 1.141
0.288 -0.973 1.14
0.288 -0.973 1.14
0.315 -0.97 1.138
0.315 -0.97 1.138
0.315 -0.972 1.139
0.342 -0.969 1.136
0.342 -0.969 1.136
0.342 -0.971 1.138
0.368 -0.966 1.133
0.369 -0.968 1.134
0.369 -0.968 1.134
0.395 -0.965 1.131
0.396 -0.966 1.132
0.397 -0.97 1.137
0.423 -0.965 1.131
0.423 -0.964 1.13
0.424 -0.966 1.133
0.451 -0.964 1.13
0.452 -0.966 1.133
0.453 -0.969 1.136
0.48 -0.965 1.131
0.48 -0.966 1.132
0.48 -0.966 1.132
0.507 -0.963 1.129
0.509 -0.965 1.131
0.51 -0.968 1.134
0.536 -0.962 1.128
0.537 -0.964 1.131
0.539 -0.968 1.135
0.566 -0.963 1.129
0.567 -0.964 1.131
0.568 -0.966 1.134
0.596 -0.962 1.129
0.598 -0.966 1.133
0.625 -0.961 1.128
0.625 -0.961 1.128
0.626 -0.962 1.129
0.653 -0.956 1.122
0.654 -0.959 1.125
0.653 -0.957 1.123
0.677 -0.947 1.112
0.673 -0.942 1.105
0.666 -0.931 1.092
0.683 -0.913 1.071
0.674 -0.901 1.057
0.667 -0.892 1.046
0.683 -0.875 1.027
0.678 -0.868 1.018
0.671 -0.859 1.008
0.685 -0.84 0.986
0.678 -0.831 0.976
0.692 -0.814 0.956
0.685 -0.806 0.947
0.679 -0.798 0.937
0.693 -0.783 0.919
0.687 -0.776 0.911
0.68 -0.768 0.902
0.693 -0.751 0.882
0.686 -0.744 0.873
0.68 -0.737 0.865
0.694 -0.724 0.849
0.688 -0.717 0.842
0.665 -0.667 0.783
0.655 -0.657 0.771
0.674 -0.65 0.764
0.676 -0.652 0.766
0.689 -0.64 0.752
0.69 -0.641 0.753
0.7 -0.627 0.737
0.695 -0.623 0.732
0.69 -0.619 0.727
0.702 -0.607 0.713
0.696 -0.602 0.707
0.69 -0.596 0.7
0.701 -0.584 0.686
0.697 -0.581 0.683
0.692 -0.577 0.678
0.703 -0.565 0.664
0.699 -0.562 0.66
0.694 -0.558 0.656
0.704 -0.546 0.642
0.699 -0.542 0.637
0.708 -0.53 0.623
0.704 -0.527 0.62
0.7 -0.524 0.616
0.71 -0.513 0.603
0.705 -0.51 0.599
0.701 -0.507 0.595
0.71 -0.496 0.583
0.705 -0.492 0.578
0.702 -0.49 0.576
0.711 -0.479 0.563
0.707 -0.476 0.56
0.702 -0.474 0.557
0.711 -0.463 0.544
0.707 -0.46 0.541
0.704 -0.458 0.539
0.713 -0.447 0.526
0.71 -0.446 0.524
0.716 -0.434 0.51
0.713 -0.432 0.508
0.71 -0.43 0.506
0.717 -0.42 0.494
0.714 -0.418 0.492
0.711 -0.416 0.49
0.717 -0.406 0.477
0.714 -0.404 0.475
0.71 -0.401 0.472
0.719 -0.392 0.462
0.714 -0.39 0.459
0.711 -0.388 0.457
0.719 -0.378 0.445
0.716 -0.377 0.443
0.714 -0.376 0.442
0.719 -0.365 0.43
0.716 -0.364 0.428
0.723 -0.354 0.417
0.719 -0.352 0.415
0.716 -0.351 0.413
0.722 -0.341 0.402
0.719 -0.34 0.4
0.717 -0.339 0.399
0.723 -0.329 0.388
0.721 -0.328 0.387
0.718 -0.327 0.385
0.724 -0.317 0.374
0.72 -0.316 0.372
0.719 -0.315 0.371
0.724 -0.306 0.36
0.722 -0.305 0.359
0.719 -0.303 0.357
0.725 -0.295 0.347
0.722 -0.293 0.345
0.72 -0.292 0.345
0.724 -0.283 0.333
0.722 -0.282 0.333
0.728 -0.273 0.322
0.725 -0.272 0.321
0.723 -0.271 0.32
0.728 -0.263 0.31
0.727 -0.262 0.309
0.725 -0.261 0.308
0.728 -0.252 0.297
0.727 -0.251 0.296
0.725 -0.251 0.295
0.73 -0.242 0.285
0.726 -0.241 0.284
0.724 -0.24 0.283
0.729 -0.231 0.273
0.727 -0.231 0.272
0.727 -0.231 0.272
0.733 -0.222 0.262
0.733 -0.222 0.262
0.739 -0.214 0.253
0.118 0.023 -0.027
0.117 0.023 -0.027
0.117 0.023 -0.027
0.116 0.024 -0.029
0.116 0.024 -0.029
0.116 0.024 -0.029
0.115 0.026 -0.03
0.115 0.026 -0.03
0.115 0.026 -0.03
0.116 0.027 -0.032
0.116 0.027 -0.032
0.116 0.027 -0.032
0.115 0.029 -0.034
0.115 0.029 -0.034
0.767 0.243 -0.282
0.762 0.252 -0.293
0.765 0.253 -0.294
0.767 0.254 -0.295
0.764 0.263 -0.306
0.764 0.263 -0.306
0.757 0.272 -0.317
0.758 0.273 -0.317
0.76 0.273 -0.318
0.754 0.282 -0.329
0.756 0.283 -0.33
0.756 0.283 -0.33
0.745 0.29 -0.338
0.75 0.292 -0.34
0.76 0.296 -0.345
0.761 0.308 -0.359
0.766 0.31 -0.362
0.763 0.309 -0.36
0.754 0.318 -0.37
0.757 0.319 -0.372
0.761 0.32 -0.373
0.755 0.33 -0.385
0.757 0.331 -0.386
0.76 0.333 -0.388
0.755 0.343 -0.399
0.758 0.344 -0.401
0.761 0.346 -0.403
0.755 0.356 -0.415
0.758 0.357 -0.416
0.76 0.358 -0.417
0.753 0.368 -0.429
0.758 0.37 -0.432
0.764 0.374 -0.436
1.84 0.966 -1.126
1.849 0.971 -1.132
1.811 0.985 -1.149
1.716 0.933 -1.088
1.713 0.932 -1.086
1.7 0.958 -1.117
1.703 0.959 -1.119
1.691 0.953 -1.111
1.659 0.968 -1.129
1.659 0.968 -1.129
1.63 0.985 -1.149
1.63 0.985 -1.149
1.88 1.176 -1.373
1.892 1.184 -1.381
1.792 1.161 -1.354
1.789 1.159 -1.352
1.902 1.276 -1.49
1.882 1.263 -1.474
1.859 1.292 -1.508
1.884 1.309 -1.528
1.889 1.313 -1.532
1.84 1.324 -1.546
1.827 1.314 -1.535
1.816 1.307 -1.525
1.77 1.319 -1.54
1.76 1.311 -1.531
1.752 1.305 -1.524
1.706 1.317 -1.538
1.693 1.307 -1.526
1.361 1.088 -1.27
1.366 1.092 -1.275
1.349 1.117 -1.305
1.371 1.136 -1.326
1.528 1.313 -1.534
1.521 1.307 -1.527
1.513 1.301 -1.519
1.469 1.309 -1.529
1.464 1.305 -1.524
1.457 1.299 -1.517
1.417 1.311 -1.531
1.279 1.227 -1.434
1.277 1.225 -1.431
1.283 1.232 -1.439
1.254 1.25 -1.461
1.272 1.268 -1.481
1.259 1.304 -1.523
1.257 1.302 -1.521
1.252 1.297 -1.517
1.211 1.305 -1.525
1.203 1.296 -1.515
1.197 1.289 -1.507
1.158 1.298 -1.517
1.154 1.293 -1.512
1.15 1.289 -1.507
1.111 1.297 -1.516
1.105 1.29 -1.508
1.1 1.283 -1.5
1.063 1.293 -1.512
1.057 1.287 -1.504
1.054 1.282 -1.498
1.015 1.289 -1.507
1.014 1.287 -1.504
1.008 1.28 -1.496
0.968 1.284 -1.501
0.965 1.279 -1.495
0.927 1.285 -1.502
0.925 1.283 -1.5
0.924 1.281 -1.497
0.886 1.286 -1.504
0.883 1.281 -1.499
0.881 1.279 -1.496
0.843 1.284 -1.502
0.84 1.279 -1.496
0.839 1.277 -1.493
0.801 1.281 -1.499
0.798 1.276 -1.493
0.797 1.274 -1.49
0.761 1.28 -1.498
0.759 1.278 -1.495
0.758 1.275 -1.492
0.721 1.279 -1.496
0.72 1.276 -1.493
0.718 1.274 -1.49
0.681 1.277 -1.494
0.68 1.275 -1.491
0.677 1.27 -1.485
0.641 1.272 -1.488
0.639 1.27 -1.485
0.604 1.274 -1.49
0.603 1.272 -1.487
0.602 1.269 -1.485
0.566 1.273 -1.489
0.566 1.272 -1.488
0.565 1.271 -1.486
0.53 1.276 -1.493
0.529 1.273 -1.49
0.528 1.269 -1.486
0.492 1.271 -1.488
0.491 1.269 -1.485
0.49 1.266 -1.482
0.456 1.27 -1.487
0.455 1.268 -1.484
0.454 1.267 -1.483
0.419 1.268 -1.484
0.418 1.264 -1.479
0.383 1.266 -1.482
0.383 1.265 -1.48
0.383 1.265 -1.48
0.348 1.266 -1.482
0.347 1.265 -1.48
0.347 1.264 -1.479
0.313 1.266 -1.482
0.312 1.265 -1.48
0.312 1.263 -1.479
0.278 1.265 -1.481
0.278 1.265 -1.481
0.278 1.264 -1.48
0.243 1.266 -1.482
0.243 1.264 -1.48
0.243 1.263 -1.479
0.208 1.263 -1.478
0.208 1.262 -1.477
0.208 1.261 -1.475
0.174 1.261 -1.477
0.174 1.259 -1.474
0.173 1.256 -1.471
0.139 1.258 -1.473
0.139 1.257 -1.472
0.139 1.255 -1.47
0.105 1.257 -1.472
0.105 1.257 -1.472
0.072 1.256 -1.471
0.072 1.256 -1.471
0.071 1.255 -1.47
0.038 1.254 -1.469
0.038 1.253 -1.468
0.038 1.253 -1.468
0.004 1.253 -1.468
0.004 1.252 -1.466
0.004 1.252 -1.466
-0.03 1.253 -1.468
-0.03 1.252 -1.466
-0.03 1.252 -1.466
-0.063 1.251 -1.465
-0.063 1.249 -1.462
-0.063 1.249 -1.462
-0.097 1.249 -1.463
-0.097 1.249 -1.463
-0.097 1.249 -1.463
-0.13 1.248 -1.461
-0.13 1.248 -1.461
-0.13 1.248 -1.461
-0.164 1.246 -1.459
-0.164 1.247 -1.461
-0.164 1.247 -1.461
-0.198 1.245 -1.459
-0.198 1.246 -1.461
-0.231 1.245 -1.459
-0.231 1.245 -1.459
-0.231 1.245 -1.459
-0.265 1.244 -1.458
-0.265 1.242 -1.456
-0.265 1.241 -1.455
-0.298 1.239 -1.452
-0.299 1.243 -1.457
-0.299 1.244 -1.458
-0.333 1.241 -1.454
-0.333 1.239 -1.452
-0.333 1.241 -1.454
-0.367 1.239 -1.452
-0.367 1.239 -1.452
-0.367 1.24 -1.454
-0.401 1.237 -1.45
-0.401 1.238 -1.452
-0.402 1.24 -1.453
-0.435 1.235 -1.447
-0.436 1.238 -1.45
-0.437 1.241 -1.455
-0.472 1.239 -1.452
-0.472 1.24 -1.453
-0.472 1.24 -1.453
-0.506 1.237 -1.45
-0.507 1.239 -1.453
-0.54 1.232 -1.445
-0.541 1.233 -1.447
-0.541 1.235 -1.448
-0.575 1.229 -1.442
-0.576 1.232 -1.445
-0.577 1.234 -1.448
-0.612 1.23 -1.443
-0.612 1.231 -1.444
-0.613 1.234 -1.447
-0.648 1.23 -1.443
-0.65 1.233 -1.446
-0.652 1.236 -1.45
-0.687 1.233 -1.446
-0.685 1.229 -1.441
-0.682 1.224 -1.436
-0.716 1.217 -1.428
-0.716 1.218 -1.429
-0.718 1.221 -1.432
-0.753 1.217 -1.428
-0.756 1.222 -1.433
-0.756 1.222 -1.433
-0.791 1.216 -1.426
-0.793 1.219 -1.43
-0.795 1.222 -1.433
-0.829 1.215 -1.425
-0.831 1.217 -1.428
-0.832 1.22 -1.43
-0.867 1.212 -1.422
-0.872 1.219 -1.43
-0.873 1.222 -1.433
-0.906 1.212 -1.422
-0.908 1.214 -1.425
-0.944 1.208 -1.418
-0.948 1.213 -1.423
-0.949 1.215 -1.426
-0.988 1.211 -1.421
-0.988 1.211 -1.421
-0.989 1.213 -1.424
-1.028 1.208 -1.418
-1.03 1.211 -1.421
-1.032 1.213 -1.424
-1.07 1.208 -1.418
-1.072 1.21 -1.42
-1.074 1.212 -1.423
-1.111 1.204 -1.414
-1.115 1.209 -1.419
-1.119 1.213 -1.424
-1.153 1.203 -1.412
-1.155 1.205 -1.414
-1.16 1.209 -1.419
-1.199 1.202 -1.411
-1.205 1.209 -1.419
-1.209 1.213 -1.424
-1.244 1.202 -1.41
-1.251 1.208 -1.418
-1.255 1.212 -1.424
-1.292 1.202 -1.412
-1.292 1.202 -1.412
-1.299 1.208 -1.419
-1.336 1.198 -1.407
-1.343 1.204 -1.414
-1.38 1.193 -1.401
-1.387 1.199 -1.408
-1.397 1.207 -1.418
-1.434 1.195 -1.404
-1.439 1.199 -1.409
-1.444 1.203 -1.414
-1.481 1.191 -1.399
-1.484 1.193 -1.401
-1.491 1.199 -1.408
-1.531 1.188 -1.395
-1.526 1.184 -1.391
-1.51 1.172 -1.377
-1.531 1.147 -1.347
-1.534 1.149 -1.349
-1.531 1.147 -1.347
-1.559 1.127 -1.324
-1.581 1.143 -1.342
-1.698 1.185 -1.393
-1.706 1.191 -1.4
-1.715 1.197 -1.407
-1.752 1.181 -1.388
-1.76 1.186 -1.395
-1.774 1.196 -1.406
-1.815 1.181 -1.388
-1.82 1.185 -1.392
-1.832 1.192 -1.401
-1.869 1.175 -1.381
-1.878 1.18 -1.387
-1.924 1.167 -1.372
-1.936 1.174 -1.381
-1.947 1.181 -1.389
-1.994 1.168 -1.374
-2.005 1.175 -1.382
-2.014 1.18 -1.388
-2.052 1.16 -1.365
-2.067 1.169 -1.375
-2.082 1.177 -1.385
-2.129 1.162 -1.367
-2.144 1.17 -1.377
-2.156 1.177 -1.385
-2.197 1.157 -1.361
-2.209 1.164 -1.369
-2.225 1.172 -1.379
-2.269 1.153 -1.356
-2.288 1.162 -1.368
-2.313 1.175 -1.383
-2.357 1.155 -1.36
-2.37 1.161 -1.367
-2.389 1.171 -1.378
-2.439 1.153 -1.357
-1.897 0.864 -1.017
-1.888 0.86 -1.012
-1.878 0.855 -1.007
-1.894 0.831 -0.978
-1.897 0.832 -0.98
-2.717 1.147 -1.352
-2.733 1.154 -1.36
-2.791 1.134 -1.336
-2.818 1.145 -1.349
-2.876 1.124 -1.324
-2.9 1.133 -1.335
-2.779 1.043 -1.229
-2.758 1.035 -1.22
-2.744 1.03 -1.214
-2.754 0.992 -1.17
-2.75 0.991 -1.169
-2.743 0.988 -1.166
-2.766 0.956 -1.128
-2.766 0.956 -1.128
-2.759 0.954 -1.125
-2.777 0.92 -1.085
-2.773 0.919 -1.084
-2.766 0.916 -1.081
-2.79 0.885 -1.044
-2.762 0.876 -1.034
-2.737 0.868 -1.024
-2.752 0.834 -0.985
-2.745 0.832 -0.983
-2.756 0.798 -0.942
-2.745 0.794 -0.938
-2.749 0.795 -0.94
-2.777 0.766 -0.905
-2.784 0.768 -0.908
-2.777 0.766 -0.905
-2.783 0.731 -0.864
-2.772 0.728 -0.86
-2.768 0.727 -0.859
-2.788 0.695 -0.822
-2.784 0.694 -0.821
-2.776 0.692 -0.819
-2.787 0.659 -0.78
-2.787 0.659 -0.78
-2.783 0.658 -0.779
-2.789 0.624 -0.739
-2.778 0.622 -0.736
-2.782 0.622 -0.737
-2.786 0.588 -0.697
-2.771 0.585 -0.693
-2.767 0.584 -0.692
-2.764 0.549 -0.651
-2.756 0.548 -0.649
-2.764 0.549 -0.651
-2.782 0.518 -0.615
-2.793 0.52 -0.618
-2.849 0.496 -0.589
-2.924 0.474 -0.563
-3.953 0.64 -0.761
-3.814 0.572 -0.681
-3.818 0.573 -0.682
-3.817 0.527 -0.628
-3.801 0.525 -0.626
-3.811 0.481 -0.575
-3.097 0.391 -0.467
-3.962 0.454 -0.542
-3.988 0.457 -0.546
-3.988 0.457 -0.546
-3.993 0.411 -0.492
-3.985 0.41 -0.491
-3.849 0.351 -0.423
-2.97 0.271 -0.326
-2.993 0.239 -0.288
-2.996 0.239 -0.288
-3.03 0.207 -0.25
-3.874 0.264 -0.321
-3.84 0.218 -0.267
-3.88 0.22 -0.269
-3.888 0.221 -0.27
-3.854 0.175 -0.216
-3.842 0.174 -0.215
-3.834 0.174 -0.215
-4.026 0.137 -0.171
-4.026 0.137 -0.171
-4.034 0.091 -0.118
-4.03 0.091 -0.118
-4.026 0.091 -0.118
-4.027 0.046 -0.064
-4.031 0.046 -0.065
-4.024 0.0 -0.058
-4.028 0.0 -0.058
-4.024 0.0 -0.058
-4.027 -0.048 -0.007
-4.027 -0.048 -0.007
-4.027 -0.048 -0.007
-4.031 -0.096 0.045
-4.031 -0.096 0.045
-4.027 -0.096 0.044
-4.028 -0.144 0.096
-4.032 -0.145 0.096
-4.032 -0.145 0.096
-4.029 -0.193 0.147
-4.033 -0.193 0.147
-4.029 -0.193 0.147
-4.024 -0.241 0.198
-4.028 -0.241 0.199
-4.026 -0.289 0.25
-4.03 -0.29 0.25
-4.034 -0.29 0.251
-4.023 -0.338 0.302
-4.027 -0.338 0.302
-4.035 -0.339 0.303
-4.03 -0.387 0.354
-4.034 -0.387 0.355
-4.034 -0.387 0.355
-4.028 -0.436 0.406
-4.036 -0.437 0.407
-4.036 -0.437 0.407
-4.025 -0.485 0.459
-4.033 -0.486 0.46
-4.041 -0.487 0.461
-4.044 -0.537 0.513
-4.076 -0.541 0.517
-4.084 -0.542 0.519
-4.078 -0.592 0.572
-4.062 -0.59 0.569
-4.055 -0.589 0.568
-4.047 -0.638 0.621
-4.062 -0.64 0.623
-4.087 -0.644 0.627
-4.062 -0.691 0.678
-4.062 -0.691 0.678
-4.07 -0.693 0.679
-4.045 -0.74 0.729
-3.994 -0.731 0.72
-3.902 -0.764 0.758
-3.864 -0.756 0.749
-3.837 -0.751 0.744
-3.799 -0.792 0.789
-3.757 -0.784 0.781
-3.679 -0.768 0.765
-3.599 -0.798 0.798
-3.546 -0.786 0.786
-3.512 -0.778 0.778
-3.457 -0.812 0.815
-3.412 -0.801 0.805
-3.367 -0.791 0.793
-3.301 -0.819 0.825
-3.263 -0.81 0.816
-3.226 -0.801 0.806
-3.175 -0.831 0.839
-3.134 -0.82 0.829
-3.073 -0.846 0.857
-3.043 -0.838 0.849
-2.998 -0.826 0.836
-2.918 -0.844 0.857
-2.896 -0.838 0.85
-2.892 -0.837 0.849
-2.838 -0.861 0.876
-2.808 -0.852 0.866
-2.787 -0.845 0.86
-2.757 -0.876 0.893
-2.765 -0.878 0.895
-2.772 -0.88 0.898
-2.757 -0.916 0.935
-2.768 -0.919 0.939
-2.779 -0.923 0.943
-2.763 -0.958 0.981
-2.766 -0.96 0.982
-2.777 -0.963 0.986
-2.77 -1.003 1.028
-2.784 -1.008 1.033
-2.791 -1.01 1.036
-2.773 -1.046 1.074
-2.78 -1.049 1.077
-2.79 -1.053 1.081
-2.778 -1.091 1.122
-2.785 -1.094 1.125
-2.76 -1.128 1.162
-2.77 -1.132 1.166
-2.784 -1.138 1.172
-2.759 -1.172 1.209
-2.759 -1.172 1.209
-2.745 -1.166 1.203
-2.692 -1.188 1.227
-2.678 -1.182 1.221
-2.661 -1.175 1.214
-2.615 -1.199 1.239
-2.598 -1.191 1.231
-2.575 -1.18 1.22
-2.525 -1.201 1.244
-2.515 -1.197 1.239
-2.498 -1.189 1.23
-2.455 -1.212 1.256
-2.435 -1.202 1.245
-2.409 -1.189 1.232
-2.356 -1.206 1.251
-2.334 -1.194 1.238
-2.287 -1.214 1.26
-2.262 -1.2 1.245
-2.234 -1.185 1.23
-2.188 -1.203 1.249
-2.166 -1.191 1.237
-2.147 -1.18 1.226
-2.105 -1.198 1.247
-2.083 -1.186 1.233
-2.065 -1.176 1.222
-2.016 -1.189 1.238
-2.004 -1.182 1.23
-1.986 -1.171 1.218
-1.941 -1.185 1.235
-1.923 -1.174 1.223
-1.903 -1.161 1.21
-1.858 -1.174 1.224
-1.846 -1.167 1.216
-1.838 -1.161 1.211
-1.799 -1.177 1.228
-1.782 -1.166 1.216
-1.735 -1.175 1.227
-1.721 -1.165 1.216
-1.709 -1.158 1.208
-1.671 -1.172 1.224
-1.66 -1.164 1.216
-1.649 -1.156 1.207
-1.611 -1.169 1.223
-1.598 -1.159 1.212
-1.581 -1.147 1.199
-1.541 -1.158 1.211
-1.533 -1.152 1.205
-1.525 -1.145 1.198
-1.485 -1.155 1.209
-1.474 -1.147 1.201
-1.463 -1.138 1.192
-1.427 -1.149 1.203
-1.418 -1.143 1.198
-1.385 -1.155 1.211
-1.382 -1.153 1.208
-1.369 -1.143 1.197
-1.328 -1.148 1.204
-1.323 -1.143 1.199
-1.317 -1.139 1.194
-1.282 -1.148 1.205
-1.277 -1.143 1.2
-1.264 -1.133 1.188
-1.225 -1.138 1.195
-1.221 -1.134 1.19
-1.216 -1.13 1.186
-1.184 -1.14 1.198
-1.18 -1.137 1.194
-1.173 -1.13 1.187
-1.137 -1.136 1.194
-1.128 -1.127 1.184
-1.124 -1.123 1.181
-1.093 -1.134 1.192
-1.089 -1.13 1.187
-1.083 -1.124 1.181
-1.048 -1.129 1.188
-1.044 -1.125 1.183
-1.01 -1.131 1.19
-1.006 -1.126 1.186
-1.002 -1.122 1.181
-0.969 -1.129 1.188
-0.966 -1.125 1.184
-0.962 -1.12 1.179
-0.929 -1.127 1.187
-0.926 -1.122 1.182
-0.923 -1.118 1.178
-0.89 -1.124 1.184
-0.886 -1.119 1.179
-0.883 -1.114 1.174
-0.851 -1.121 1.182
-0.849 -1.117 1.178
-0.846 -1.114 1.174
-0.815 -1.12 1.181
-0.812 -1.116 1.177
-0.812 -1.116 1.177
-0.78 -1.12 1.182
-0.776 -1.114 1.176
-0.743 -1.117 1.179
-0.741 -1.113 1.175
-0.739 -1.11 1.172
-0.709 -1.116 1.179
-0.708 -1.114 1.177
-0.706 -1.111 1.174
-0.675 -1.114 1.177
-0.672 -1.109 1.172
-0.669 -1.104 1.166
-0.639 -1.109 1.173
-0.639 -1.109 1.173
-0.638 -1.107 1.17
-0.608 -1.111 1.175
-0.607 -1.109 1.172
-0.605 -1.106 1.169
-0.576 -1.112 1.176
-0.574 -1.108 1.172
-0.572 -1.103 1.167
-0.542 -1.105 1.169
-0.541 -1.104 1.168
-0.512 -1.107 1.173
-0.51 -1.104 1.169
-0.509 -1.101 1.166
-0.48 -1.105 1.17
-0.48 -1.104 1.169
-0.479 -1.103 1.168
-0.449 -1.104 1.17
-0.448 -1.101 1.167
-0.449 -1.103 1.169
-0.42 -1.105 1.171
-0.418 -1.1 1.166
-0.417 -1.097 1.163
-0.388 -1.1 1.167
-0.387 -1.098 1.164
-0.387 -1.098 1.164
-0.358 -1.099 1.166
-0.357 -1.095 1.162
-0.357 -1.095 1.162
-0.329 -1.098 1.164
-0.328 -1.095 1.162
-0.328 -1.095 1.162
-0.3 -1.097 1.165
-0.299 -1.095 1.162
-0.27 -1.095 1.163
-0.27 -1.094 1.161
-0.269 -1.091 1.158
-0.241 -1.093 1.161
-0.241 -1.091 1.159
-0.241 -1.088 1.157
-0.213 -1.091 1.159
-0.213 -1.092 1.161
-0.213 -1.091 1.159
-0.185 -1.092 1.16
-0.184 -1.09 1.159
-0.184 -1.089 1.157
-0.156 -1.091 1.16
-0.156 -1.088 1.157
-0.156 -1.09 1.159
-0.128 -1.09 1.159
-0.128 -1.088 1.157
-0.128 -1.087 1.156
-0.1 -1.087 1.157
-0.1 -1.087 1.157
-0.1 -1.085 1.155
-0.072 -1.085 1.155
-0.072 -1.082 1.152
-0.072 -1.079 1.149
-0.045 -1.081 1.151
-0.045 -1.083 1.152
-0.017 -1.083 1.153
-0.017 -1.083 1.153
-0.017 -1.083 1.153
0.011 -1.081 1.152
0.011 -1.081 1.152
0.011 -1.083 1.153
0.038 -1.082 1.154
0.038 -1.082 1.154
0.038 -1.081 1.152
0.066 -1.079 1.15
0.065 -1.077 1.148
0.065 -1.077 1.148
0.093 -1.077 1.149
0.093 -1.077 1.149
0.093 -1.079 1.15
0.121 -1.077 1.15
0.121 -1.076 1.148
0.121 -1.076 1.148
0.148 -1.075 1.148
0.148 -1.075 1.148
0.148 -1.075 1.148
0.176 -1.073 1.146
0.176 -1.073 1.146
0.176 -1.073 1.146
0.203 -1.072 1.145
0.203 -1.074 1.147
0.231 -1.071 1.144
0.231 -1.072 1.145
0.231 -1.072 1.145
0.258 -1.069 1.143
0.259 -1.072 1.146
0.26 -1.076 1.15
0.287 -1.071 1.145
0.287 -1.07 1.143
0.288 -1.072 1.146
0.315 -1.07 1.145
0.315 -1.07 1.145
0.316 -1.072 1.147
0.344 -1.07 1.144
0.344 -1.07 1.144
0.344 -1.071 1.146
0.372 -1.065 1.141
0.373 -1.067 1.142
0.372 -1.068 1.144
0.401 -1.066 1.141
0.401 -1.067 1.143
0.401 -1.068 1.144
0.43 -1.064 1.14
0.43 -1.064 1.14
0.43 -1.067 1.143
0.459 -1.063 1.139
0.459 -1.064 1.141
0.46 -1.068 1.145
0.489 -1.064 1.14
0.489 -1.066 1.143
0.49 -1.068 1.144
0.518 -1.061 1.139
0.519 -1.064 1.141
0.548 -1.06 1.137
0.549 -1.062 1.14
0.55 -1.064 1.141
0.577 -1.058 1.135
0.578 -1.059 1.137
0.58 -1.062 1.14
0.609 -1.058 1.137
0.61 -1.061 1.139
0.612 -1.064 1.142
0.64 -1.057 1.135
0.658 -1.037 1.114
0.65 -1.024 1.101
0.643 -1.013 1.088
0.662 -0.994 1.069
0.654 -0.983 1.057
0.647 -0.971 1.044
0.664 -0.952 1.024
0.655 -0.94 1.011
0.673 -0.923 0.994
0.667 -0.915 0.984
0.66 -0.905 0.974
0.674 -0.886 0.954
0.667 -0.876 0.943
0.661 -0.868 0.934
0.675 -0.85 0.915
0.669 -0.842 0.907
0.662 -0.833 0.898
0.675 -0.816 0.879
0.668 -0.807 0.87
0.663 -0.8 0.862
0.669 -0.776 0.836
0.634 -0.707 0.762
0.629 -0.701 0.756
0.623 -0.694 0.748
0.635 -0.681 0.734
0.63 -0.675 0.728
0.626 -0.67 0.723
0.642 -0.662 0.714
0.643 -0.663 0.715
0.645 -0.665 0.717
0.665 -0.659 0.712
0.658 -0.653 0.705
0.694 -0.663 0.717
0.681 -0.651 0.704
0.693 -0.638 0.69
0.688 -0.634 0.685
0.683 -0.63 0.681
0.694 -0.617 0.667
0.689 -0.613 0.663
0.685 -0.608 0.658
0.696 -0.596 0.645
0.691 -0.591 0.64
0.686 -0.587 0.636
0.697 -0.576 0.623
0.692 -0.571 0.619
0.688 -0.568 0.615
0.697 -0.556 0.602
0.693 -0.553 0.599
0.688 -0.549 0.594
0.699 -0.537 0.582
0.693 -0.533 0.578
0.689 -0.53 0.575
0.699 -0.519 0.562
0.696 -0.517 0.56
0.705 -0.505 0.548
0.701 -0.502 0.545
0.696 -0.499 0.542
0.703 -0.487 0.529
0.701 -0.485 0.527
0.696 -0.482 0.523
0.707 -0.472 0.512
0.702 -0.469 0.509
0.698 -0.466 0.506
0.705 -0.455 0.494
0.702 -0.453 0.492
0.699 -0.451 0.49
0.708 -0.441 0.479
0.705 -0.439 0.477
0.7 -0.436 0.474
0.708 -0.426 0.463
0.705 -0.424 0.462
0.714 -0.414 0.451
0.709 -0.411 0.448
0.706 -0.409 0.446
0.714 -0.399 0.435
0.711 -0.397 0.433
0.706 -0.395 0.43
0.713 -0.384 0.419
0.711 -0.383 0.418
0.708 -0.382 0.417
0.714 -0.372 0.406
0.71 -0.369 0.403
0.708 -0.368 0.402
0.716 -0.359 0.392
0.714 -0.358 0.391
0.709 -0.356 0.389
0.716 -0.345 0.378
0.713 -0.344 0.376
0.72 -0.334 0.366
0.716 -0.333 0.365
0.715 -0.332 0.364
0.72 -0.322 0.353
0.718 -0.321 0.352
0.715 -0.32 0.351
0.721 -0.31 0.341
0.718 -0.309 0.339
0.714 -0.308 0.338
0.72 -0.298 0.328
0.72 -0.298 0.328
0.717 -0.297 0.326
0.722 -0.287 0.315
0.72 -0.286 0.315
0.718 -0.285 0.314
0.724 -0.276 0.305
0.72 -0.275 0.303
0.725 -0.265 0.294
0.724 -0.265 0.293
0.722 -0.264 0.291
0.727 -0.255 0.282
0.723 -0.254 0.281
0.721 -0.253 0.279
0.726 -0.244 0.271
0.724 -0.243 0.27
0.722 -0.242 0.268
0.726 -0.233 0.259
0.726 -0.233 0.259
0.726 -0.233 0.259
0.732 -0.224 0.25
0.118 0.023 -0.023
0.117 0.024 -0.024
0.118 0.025 -0.024
0.118 0.025 -0.024
0.117 0.026 -0.026
0.118 0.026 -0.026
0.118 0.026 -0.026
0.118 0.026 -0.026
0.117 0.028 -0.027
0.763 0.232 -0.236
0.768 0.233 -0.237
0.765 0.243 -0.248
0.769 0.244 -0.249
0.769 0.244 -0.249
0.763 0.253 -0.259
0.764 0.254 -0.259
0.766 0.254 -0.26
0.76 0.263 -0.27
0.761 0.264 -0.27
0.763 0.265 -0.271
0.758 0.274 -0.281
0.76 0.275 -0.282
0.763 0.276 -0.283
0.76 0.287 -0.294
0.761 0.287 -0.295
0.765 0.289 -0.297
0.762 0.299 -0.308
0.764 0.3 -0.308
0.764 0.3 -0.308
0.754 0.308 -0.317
0.758 0.309 -0.319
0.768 0.314 -0.323
0.765 0.325 -0.335
0.767 0.326 -0.336
0.758 0.335 -0.346
0.76 0.335 -0.346
0.763 0.337 -0.348
0.758 0.348 -0.359
0.761 0.349 -0.361
0.764 0.351 -0.362
0.759 0.361 -0.374
0.763 0.363 -0.375
0.765 0.364 -0.376
0.758 0.374 -0.388
0.762 0.376 -0.389
1.856 0.984 -1.022
1.856 0.984 -1.022
1.865 0.989 -1.027
1.849 1.016 -1.056
1.724 0.948 -0.984
1.697 0.966 -1.005
1.7 0.968 -1.006
1.7 0.968 -1.006
1.675 0.988 -1.028
1.675 0.988 -1.028
1.675 0.988 -1.028
1.647 1.006 -1.047
1.641 1.002 -1.043
1.623 0.991 -1.033
1.592 1.006 -1.049
1.592 1.006 -1.049
1.567 1.025 -1.069
1.564 1.023 -1.067
1.561 1.021 -1.066
1.538 1.041 -1.087
1.538 1.041 -1.087
1.535 1.04 -1.085
1.505 1.056 -1.102
1.505 1.056 -1.102
1.505 1.056 -1.102
1.478 1.073 -1.122
1.475 1.071 -1.12
1.473 1.069 -1.118
1.444 1.084 -1.134
1.628 1.267 -1.326
1.375 1.107 -1.16
1.375 1.107 -1.16
1.719 1.434 -1.503
1.447 1.251 -1.312
1.611 1.443 -1.514
1.604 1.436 -1.507
1.56 1.448 -1.521
1.55 1.44 -1.512
1.285 1.238 -1.301
1.29 1.242 -1.304
1.292 1.245 -1.307
1.265 1.264 -1.329
1.422 1.421 -1.494
1.386 1.437 -1.511
1.381 1.433 -1.506
1.375 1.426 -1.499
1.334 1.437 -1.512
1.326 1.428 -1.502
1.281 1.434 -1.509
1.277 1.429 -1.504
1.27 1.422 -1.497
1.23 1.432 -1.507
1.226 1.427 -1.502
1.222 1.423 -1.497
1.182 1.432 -1.508
1.178 1.427 -1.503
1.174 1.422 -1.498
1.134 1.431 -1.508
1.126 1.421 -1.498
1.117 1.409 -1.485
1.079 1.42 -1.497
1.077 1.417 -1.495
1.073 1.412 -1.49
1.034 1.42 -1.497
1.03 1.415 -1.492
1.027 1.41 -1.487
0.987 1.417 -1.495
0.984 1.412 -1.49
0.98 1.407 -1.485
0.941 1.413 -1.492
0.938 1.408 -1.487
0.899 1.414 -1.493
0.896 1.409 -1.488
0.894 1.406 -1.485
0.857 1.414 -1.494
0.854 1.409 -1.489
0.851 1.404 -1.483
0.812 1.408 -1.488
0.809 1.403 -1.483
0.808 1.401 -1.48
0.77 1.407 -1.488
0.769 1.405 -1.485
0.768 1.402 -1.483
0.729 1.406 -1.487
0.728 1.403 -1.485
0.724 1.398 -1.479
0.688 1.403 -1.485
0.687 1.401 -1.482
0.684 1.396 -1.477
0.647 1.398 -1.48
0.644 1.395 -1.477
0.609 1.4 -1.482
0.607 1.397 -1.48
0.604 1.392 -1.474
0.57 1.399 -1.482
0.568 1.396 -1.479
0.567 1.394 -1.477
0.532 1.4 -1.483
0.531 1.397 -1.48
0.529 1.395 -1.478
0.493 1.398 -1.482
0.492 1.395 -1.479
0.491 1.392 -1.476
0.454 1.395 -1.48
0.453 1.39 -1.475
0.453 1.39 -1.475
0.416 1.392 -1.477
0.416 1.389 -1.474
0.415 1.387 -1.471
0.379 1.388 -1.474
0.377 1.383 -1.468
0.342 1.387 -1.473
0.342 1.387 -1.473
0.341 1.384 -1.47
0.306 1.388 -1.475
0.305 1.385 -1.472
0.305 1.384 -1.47
0.27 1.387 -1.474
0.27 1.387 -1.474
0.27 1.386 -1.472
0.234 1.387 -1.475
0.234 1.386 -1.473
0.234 1.384 -1.472
0.198 1.385 -1.473
0.198 1.385 -1.473
0.198 1.383 -1.47
0.162 1.383 -1.472
0.162 1.385 -1.473
0.162 1.385 -1.473
0.127 1.383 -1.472
0.127 1.382 -1.47
0.091 1.38 -1.469
0.091 1.38 -1.469
0.091 1.382 -1.471
0.056 1.38 -1.469
0.056 1.38 -1.469
0.056 1.382 -1.472
0.021 1.377 -1.467
0.021 1.374 -1.464
0.021 1.376 -1.465
-0.014 1.375 -1.465
-0.014 1.374 -1.464
-0.014 1.373 -1.462
-0.049 1.372 -1.463
-0.049 1.373 -1.464
-0.049 1.375 -1.466
-0.084 1.374 -1.464
-0.084 1.371 -1.462
-0.084 1.37 -1.46
-0.119 1.368 -1.46
-0.119 1.37 -1.461
-0.119 1.367 -1.458
-0.153 1.365 -1.456
-0.154 1.369 -1.46
-0.154 1.369 -1.46
-0.189 1.365 -1.458
-0.189 1.365 -1.458
-0.224 1.364 -1.456
-0.224 1.367 -1.459
-0.223 1.363 -1.455
-0.259 1.362 -1.455
-0.259 1.364 -1.457
-0.259 1.364 -1.457
-0.294 1.361 -1.454
-0.295 1.364 -1.457
-0.295 1.367 -1.46
-0.33 1.362 -1.455
-0.329 1.36 -1.454
-0.33 1.363 -1.457
-0.365 1.358 -1.452
-0.365 1.358 -1.452
-0.365 1.36 -1.454
-0.4 1.356 -1.451
-0.4 1.356 -1.451
-0.401 1.359 -1.454
-0.436 1.355 -1.45
-0.437 1.358 -1.452
-0.437 1.359 -1.454
-0.472 1.353 -1.449
-0.473 1.355 -1.45
-0.473 1.355 -1.45
-0.507 1.349 -1.444
-0.508 1.351 -1.447
-0.509 1.354 -1.45
-0.544 1.347 -1.443
-0.544 1.347 -1.443
-0.545 1.35 -1.446
-0.58 1.346 -1.443
-0.581 1.348 -1.445
-0.581 1.348 -1.445
-0.617 1.344 -1.44
-0.618 1.346 -1.443
-0.654 1.341 -1.438
-0.656 1.346 -1.444
-0.655 1.343 -1.441
-0.688 1.333 -1.43
-0.689 1.335 -1.432
-0.689 1.335 -1.432
-0.726 1.332 -1.43
-0.726 1.332 -1.43
-0.727 1.334 -1.432
-0.763 1.328 -1.425
-0.764 1.33 -1.428
-0.766 1.333 -1.431
-0.803 1.328 -1.427
-0.803 1.328 -1.427
-0.804 1.331 -1.429
-0.84 1.323 -1.421
-0.841 1.326 -1.424
-0.845 1.331 -1.429
-0.879 1.32 -1.419
-0.882 1.325 -1.424
-0.885 1.33 -1.43
-0.922 1.321 -1.421
-0.922 1.324 -1.424
-0.926 1.329 -1.429
-0.961 1.317 -1.417
-0.964 1.322 -1.422
-0.967 1.327 -1.428
-1.005 1.32 -1.421
-1.008 1.325 -1.426
-1.047 1.317 -1.418
-1.049 1.319 -1.42
-1.049 1.322 -1.423
-1.088 1.313 -1.415
-1.092 1.318 -1.42
-1.094 1.321 -1.423
-1.134 1.314 -1.417
-1.139 1.321 -1.424
-1.141 1.324 -1.427
-1.178 1.312 -1.414
-1.18 1.314 -1.417
-1.184 1.319 -1.422
-1.222 1.309 -1.412
-1.228 1.316 -1.419
-1.233 1.32 -1.424
-1.268 1.307 -1.412
-1.275 1.314 -1.419
-1.28 1.319 -1.424
-1.318 1.307 -1.412
-1.318 1.307 -1.412
-1.327 1.316 -1.421
-1.372 1.311 -1.417
-1.372 1.311 -1.417
-1.372 1.311 -1.417
-1.412 1.301 -1.407
-1.42 1.307 -1.414
-1.429 1.316 -1.423
-1.47 1.305 -1.411
-1.475 1.309 -1.417
-1.48 1.314 -1.422
-1.518 1.3 -1.407
-1.523 1.304 -1.411
-1.528 1.308 -1.416
-1.566 1.294 -1.401
-1.574 1.3 -1.408
-1.618 1.289 -1.397
-1.628 1.298 -1.406
-1.633 1.302 -1.411
-1.674 1.288 -1.396
-1.532 1.178 -1.277
-1.562 1.159 -1.258
-1.748 1.297 -1.407
-1.789 1.282 -1.392
-1.8 1.29 -1.4
-1.808 1.296 -1.406
-1.852 1.282 -1.392
-1.858 1.285 -1.396
-1.869 1.293 -1.405
-1.914 1.278 -1.389
-1.922 1.284 -1.395
-1.934 1.291 -1.404
-1.981 1.277 -1.389
-1.996 1.286 -1.399
-1.996 1.286 -1.399
-2.04 1.269 -1.382
-2.058 1.28 -1.394
-2.07 1.288 -1.402
-2.111 1.268 -1.382
-2.12 1.273 -1.388
-2.135 1.282 -1.397
-2.18 1.263 -1.378
-2.183 1.265 -1.38
-2.174 1.26 -1.374
-2.185 1.222 -1.333
-2.179 1.218 -1.33
-2.216 1.195 -1.305
-2.35 1.267 -1.384
-2.401 1.249 -1.365
-2.421 1.259 -1.376
-1.753 0.879 -0.961
-1.759 0.882 -0.965
-1.763 0.883 -0.967
-1.788 0.864 -0.946
-1.798 0.868 -0.951
-1.805 0.871 -0.954
-1.837 0.854 -0.937
-1.851 0.86 -0.944
-1.863 0.866 -0.95
-1.903 0.851 -0.935
-1.944 0.837 -0.92
-2.749 1.138 -1.252
-2.735 1.132 -1.246
-2.722 1.127 -1.24
-2.737 1.088 -1.199
-2.723 1.083 -1.193
-2.713 1.079 -1.188
-2.734 1.043 -1.151
-2.727 1.041 -1.148
-2.753 1.008 -1.113
-2.753 1.008 -1.113
-2.746 1.005 -1.111
-2.769 0.971 -1.074
-2.769 0.971 -1.074
-2.733 0.958 -1.061
-2.729 0.916 -1.015
-2.729 0.916 -1.015
-2.722 0.913 -1.013
-2.738 0.878 -0.975
-2.73 0.876 -0.973
-2.719 0.872 -0.968
-2.735 0.837 -0.932
-2.735 0.837 -0.932
-2.739 0.838 -0.933
-2.756 0.804 -0.897
-2.76 0.805 -0.898
-2.778 0.811 -0.904
-2.788 0.774 -0.865
-2.762 0.767 -0.857
-2.755 0.765 -0.855
-2.77 0.731 -0.819
-2.763 0.729 -0.817
-2.774 0.694 -0.779
-2.782 0.696 -0.781
-2.782 0.696 -0.781
-2.785 0.659 -0.742
-2.789 0.66 -0.743
-2.785 0.659 -0.742
-2.79 0.623 -0.703
-2.778 0.62 -0.701
-2.771 0.618 -0.699
-2.783 0.584 -0.662
-2.76 0.58 -0.657
-2.749 0.577 -0.655
-2.759 0.543 -0.619
-2.763 0.544 -0.62
-2.783 0.548 -0.624
-2.816 0.518 -0.593
-2.863 0.526 -0.603
-2.943 0.541 -0.62
-3.95 0.626 -0.724
-3.802 0.602 -0.697
-3.829 0.558 -0.651
-3.814 0.556 -0.647
-3.794 0.553 -0.644
-3.095 0.413 -0.485
-3.099 0.413 -0.485
-3.986 0.482 -0.572
-3.986 0.482 -0.572
-3.987 0.384 -0.467
-2.926 0.282 -0.342
-2.938 0.283 -0.345
-2.99 0.252 -0.311
-3.005 0.253 -0.313
-3.031 0.218 -0.277
-3.882 0.28 -0.354
-3.865 0.232 -0.303
-3.849 0.231 -0.302
-3.877 0.232 -0.304
-3.887 0.186 -0.254
-3.836 0.184 -0.252
-3.836 0.138 -0.203
-3.884 0.139 -0.205
-3.968 0.142 -0.21
-4.024 0.096 -0.16
-4.032 0.096 -0.161
-4.028 0.096 -0.161
-4.022 0.048 -0.109
-4.026 0.048 -0.109
-4.026 0.048 -0.109
-4.028 0.0 0.026
-4.028 0.0 0.026
-4.023 -0.049 0.076
-4.023 -0.049 0.076
-4.027 -0.049 0.076
-4.025 -0.098 0.126
-4.025 -0.098 0.126
-4.025 -0.098 0.126
-4.021 -0.148 0.177
-4.025 -0.148 0.177
-4.029 -0.148 0.177
-4.029 -0.197 0.227
-4.025 -0.197 0.227
-4.025 -0.197 0.227
-4.031 -0.247 0.278
-4.031 -0.247 0.278
-4.031 -0.247 0.278
-4.024 -0.296 0.328
-4.024 -0.296 0.328
-4.032 -0.297 0.329
-4.024 -0.346 0.379
-4.032 -0.347 0.38
-4.036 -0.347 0.38
-4.021 -0.396 0.43
-4.025 -0.396 0.43
-4.029 -0.397 0.431
-4.023 -0.446 0.481
-4.031 -0.447 0.482
-4.027 -0.498 0.533
-4.047 -0.5 0.536
-4.054 -0.501 0.537
-4.054 -0.501 0.537
-4.048 -0.551 0.588
-4.056 -0.553 0.589
-4.042 -0.602 0.64
-4.042 -0.602 0.64
-4.065 -0.606 0.644
-4.057 -0.656 0.695
-4.049 -0.655 0.694
-4.057 -0.656 0.695
-4.047 -0.707 0.747
-4.055 -0.709 0.749
-4.062 -0.71 0.75
-4.006 -0.752 0.793
-3.951 -0.742 0.783
-3.932 -0.739 0.778
-3.852 -0.774 0.815
-3.771 -0.758 0.797
-3.752 -0.754 0.793
-3.709 -0.795 0.835
-3.66 -0.784 0.824
-3.602 -0.772 0.81
-3.522 -0.802 0.841
-3.461 -0.788 0.826
-3.365 -0.812 0.85
-3.342 -0.807 0.845
-3.323 -0.802 0.839
-3.245 -0.829 0.866
-3.205 -0.818 0.855
-3.164 -0.807 0.843
-3.112 -0.838 0.875
-3.079 -0.829 0.865
-3.035 -0.817 0.853
-2.965 -0.84 0.876
-2.906 -0.824 0.859
-2.892 -0.819 0.855
-2.862 -0.852 0.888
-2.822 -0.84 0.875
-2.789 -0.831 0.865
-2.749 -0.859 0.894
-2.753 -0.86 0.895
-2.738 -0.896 0.932
-2.746 -0.898 0.934
-2.749 -0.9 0.935
-2.734 -0.936 0.972
-2.741 -0.938 0.974
-2.752 -0.942 0.978
-2.737 -0.979 1.016
-2.744 -0.982 1.019
-2.762 -0.988 1.025
-2.755 -1.028 1.066
-2.755 -1.028 1.066
-2.762 -1.031 1.069
-2.746 -1.069 1.108
-2.75 -1.07 1.109
-2.76 -1.074 1.113
-2.75 -1.115 1.155
-2.764 -1.12 1.16
-2.768 -1.122 1.162
-2.742 -1.157 1.198
-2.756 -1.163 1.204
-2.749 -1.16 1.201
-2.696 -1.183 1.223
-2.679 -1.175 1.216
-2.648 -1.162 1.202
-2.595 -1.184 1.224
-2.582 -1.178 1.218
-2.535 -1.201 1.241
-2.519 -1.193 1.233
-2.502 -1.186 1.225
-2.459 -1.21 1.249
-2.443 -1.202 1.241
-2.423 -1.192 1.231
-2.374 -1.212 1.251
-2.358 -1.203 1.242
-2.338 -1.193 1.232
-2.298 -1.217 1.256
-2.289 -1.212 1.251
-2.273 -1.203 1.242
-2.224 -1.221 1.259
-2.208 -1.212 1.25
-2.195 -1.205 1.243
-2.149 -1.223 1.261
-2.14 -1.218 1.256
-2.134 -1.214 1.252
-2.091 -1.233 1.271
-2.076 -1.224 1.261
-2.039 -1.246 1.283
-2.024 -1.237 1.274
-2.009 -1.227 1.265
-1.972 -1.248 1.286
-1.96 -1.241 1.278
-1.948 -1.233 1.27
-1.908 -1.251 1.288
-1.896 -1.243 1.28
-1.894 -1.242 1.278
-1.851 -1.257 1.294
-1.839 -1.249 1.286
-1.831 -1.243 1.28
-1.788 -1.258 1.294
-1.774 -1.248 1.283
-1.763 -1.24 1.275
-1.72 -1.253 1.289
-1.712 -1.247 1.283
-1.698 -1.237 1.272
-1.653 -1.247 1.283
-1.642 -1.239 1.275
-1.629 -1.229 1.264
-1.587 -1.24 1.275
-1.579 -1.234 1.269
-1.538 -1.245 1.28
-1.53 -1.239 1.273
-1.522 -1.232 1.267
-1.481 -1.242 1.277
-1.473 -1.236 1.27
-1.468 -1.231 1.266
-1.427 -1.241 1.274
-1.414 -1.23 1.263
-1.407 -1.223 1.256
-1.366 -1.231 1.265
-1.359 -1.225 1.258
-1.349 -1.216 1.249
-1.309 -1.223 1.256
-1.304 -1.219 1.251
-1.297 -1.212 1.244
-1.262 -1.224 1.256
-1.257 -1.219 1.251
-1.25 -1.212 1.244
-1.21 -1.218 1.25
-1.203 -1.211 1.243
-1.171 -1.224 1.256
-1.166 -1.219 1.251
-1.16 -1.212 1.244
-1.123 -1.219 1.25
-1.118 -1.214 1.245
-1.11 -1.205 1.236
-1.075 -1.214 1.245
-1.072 -1.21 1.241
-1.069 -1.207 1.237
-1.036 -1.217 1.248
-1.029 -1.209 1.24
-1.021 -1.199 1.23
-0.987 -1.207 1.236
-0.982 -1.201 1.23
-0.979 -1.197 1.227
-0.947 -1.206 1.236
-0.943 -1.201 1.231
-0.939 -1.197 1.226
-0.907 -1.204 1.234
-0.902 -1.198 1.228
-0.866 -1.202 1.231
-0.865 -1.199 1.229
-0.861 -1.194 1.224
-0.829 -1.202 1.231
-0.826 -1.197 1.226
-0.822 -1.192 1.22
-0.789 -1.197 1.225
-0.787 -1.193 1.222
-0.784 -1.189 1.218
-0.753 -1.197 1.226
-0.752 -1.195 1.223
-0.748 -1.188 1.217
-0.714 -1.191 1.22
-0.714 -1.191 1.22
-0.713 -1.188 1.217
-0.679 -1.191 1.218
-0.678 -1.189 1.217
-0.677 -1.187 1.214
-0.645 -1.191 1.218
-0.644 -1.188 1.216
-0.612 -1.193 1.221
-0.611 -1.191 1.218
-0.61 -1.188 1.216
-0.577 -1.189 1.216
-0.575 -1.185 1.212
-0.572 -1.18 1.207
-0.541 -1.184 1.211
-0.541 -1.183 1.21
-0.54 -1.181 1.209
-0.51 -1.186 1.213
-0.508 -1.182 1.209
-0.507 -1.18 1.206
-0.478 -1.186 1.212
-0.477 -1.183 1.21
-0.475 -1.179 1.205
-0.443 -1.179 1.206
-0.443 -1.178 1.204
-0.442 -1.175 1.202
-0.411 -1.177 1.203
-0.411 -1.177 1.203
-0.411 -1.175 1.202
-0.38 -1.178 1.203
-0.38 -1.176 1.201
-0.35 -1.178 1.203
-0.349 -1.177 1.202
-0.349 -1.177 1.202
-0.319 -1.177 1.202
-0.318 -1.174 1.199
-0.318 -1.174 1.199
-0.288 -1.174 1.199
-0.287 -1.169 1.195
-0.286 -1.167 1.192
-0.257 -1.17 1.195
-0.256 -1.169 1.194
-0.256 -1.166 1.191
-0.227 -1.169 1.193
-0.226 -1.168 1.192
-0.226 -1.165 1.189
-0.197 -1.168 1.192
-0.196 -1.166 1.19
-0.196 -1.165 1.189
-0.167 -1.167 1.191
-0.167 -1.167 1.191
-0.167 -1.166 1.19
-0.138 -1.166 1.19
-0.138 -1.165 1.189
-0.138 -1.165 1.189
-0.108 -1.165 1.189
-0.108 -1.161 1.185
-0.108 -1.161 1.185
-0.079 -1.162 1.186
-0.079 -1.159 1.183
-0.05 -1.159 1.182
-0.05 -1.16 1.183
-0.05 -1.159 1.182
-0.021 -1.159 1.182
-0.021 -1.158 1.181
-0.021 -1.156 1.179
0.008 -1.158 1.181
0.008 -1.158 1.181
0.008 -1.155 1.178
0.037 -1.155 1.178
0.037 -1.155 1.178
0.037 -1.154 1.176
0.066 -1.153 1.176
0.066 -1.153 1.176
0.065 -1.152 1.175
0.094 -1.151 1.173
0.094 -1.151 1.173
0.094 -1.152 1.174
0.123 -1.151 1.173
0.123 -1.151 1.173
0.123 -1.151 1.173
0.152 -1.149 1.171
0.152 -1.151 1.173
0.152 -1.152 1.174
0.18 -1.149 1.171
0.18 -1.149 1.171
0.181 -1.15 1.172
0.209 -1.148 1.17
0.209 -1.148 1.17
0.238 -1.145 1.166
0.238 -1.147 1.167
0.238 -1.148 1.169
0.267 -1.147 1.167
0.267 -1.147 1.167
0.267 -1.147 1.167
0.297 -1.146 1.167
0.297 -1.146 1.167
0.297 -1.147 1.168
0.325 -1.142 1.163
0.326 -1.144 1.164
0.326 -1.146 1.167
0.355 -1.144 1.164
0.356 -1.145 1.166
0.356 -1.146 1.167
0.385 -1.142 1.163
0.385 -1.143 1.164
0.385 -1.145 1.165
0.414 -1.141 1.161
0.415 -1.143 1.162
0.415 -1.143 1.162
0.442 -1.138 1.157
0.443 -1.139 1.158
0.444 -1.14 1.16
0.473 -1.137 1.157
0.473 -1.139 1.158
0.475 -1.14 1.16
0.503 -1.137 1.156
0.504 -1.138 1.158
0.532 -1.132 1.151
0.534 -1.136 1.155
0.536 -1.14 1.16
0.565 -1.135 1.153
0.567 -1.139 1.157
0.567 -1.139 1.157
0.596 -1.133 1.151
0.597 -1.136 1.154
0.598 -1.137 1.155
0.626 -1.13 1.148
0.628 -1.132 1.15
0.629 -1.135 1.153
0.658 -1.128 1.147
0.664 -1.139 1.157
0.66 -1.132 1.151
0.674 -1.101 1.119
0.666 -1.087 1.104
0.66 -1.076 1.094
0.679 -1.057 1.074
0.671 -1.044 1.06
0.662 -1.03 1.046
0.68 -1.01 1.026
0.673 -1.0 1.016
0.687 -0.978 0.993
0.679 -0.967 0.982
0.673 -0.958 0.973
0.69 -0.94 0.954
0.68 -0.926 0.94
0.673 -0.917 0.931
0.69 -0.9 0.914
0.683 -0.891 0.905
0.675 -0.882 0.895
0.69 -0.863 0.876
0.704 -0.846 0.858
0.632 -0.76 0.771
0.646 -0.747 0.757
0.641 -0.741 0.751
0.634 -0.733 0.744
0.646 -0.718 0.729
0.641 -0.713 0.723
0.637 -0.708 0.718
0.649 -0.694 0.704
0.641 -0.686 0.695
0.637 -0.682 0.692
0.656 -0.677 0.686
0.656 -0.677 0.686
0.656 -0.677 0.686
0.675 -0.671 0.68
0.677 -0.673 0.683
0.689 -0.66 0.67
0.688 -0.659 0.668
0.692 -0.663 0.672
0.703 -0.65 0.658
0.698 -0.645 0.654
0.692 -0.64 0.648
0.702 -0.626 0.633
0.697 -0.621 0.63
0.695 -0.619 0.627
0.706 -0.607 0.614
0.701 -0.603 0.61
0.696 -0.599 0.606
0.705 -0.585 0.591
0.701 -0.581 0.588
0.697 -0.578 0.586
0.706 -0.565 0.572
0.701 -0.561 0.567
0.711 -0.549 0.555
0.707 -0.546 0.552
0.703 -0.543 0.549
0.712 -0.533 0.538
0.708 -0.529 0.535
0.703 -0.525 0.531
0.71 -0.513 0.518
0.707 -0.511 0.516
0.703 -0.508 0.513
0.713 -0.497 0.502
0.709 -0.494 0.499
0.704 -0.491 0.496
0.714 -0.481 0.485
0.711 -0.479 0.483
0.707 -0.476 0.48
0.714 -0.464 0.468
0.709 -0.461 0.465
0.707 -0.459 0.463
0.713 -0.448 0.452
0.71 -0.446 0.45
0.718 -0.435 0.439
0.715 -0.434 0.437
0.712 -0.432 0.435
0.718 -0.42 0.424
0.715 -0.419 0.422
0.712 -0.417 0.42
0.72 -0.406 0.409
0.716 -0.404 0.407
0.713 -0.403 0.406
0.722 -0.393 0.396
0.719 -0.391 0.394
0.715 -0.39 0.392
0.722 -0.38 0.383
0.718 -0.378 0.38
0.714 -0.376 0.378
0.72 -0.365 0.368
0.717 -0.364 0.366
0.724 -0.354 0.356
0.723 -0.353 0.355
0.72 -0.352 0.354
0.725 -0.341 0.343
0.722 -0.34 0.342
0.72 -0.339 0.341
0.725 -0.329 0.33
0.723 -0.328 0.329
0.72 -0.326 0.328
0.725 -0.316 0.317
0.723 -0.315 0.317
0.721 -0.315 0.316
0.727 -0.305 0.306
0.724 -0.304 0.305
0.722 -0.303 0.304
0.726 -0.293 0.293
0.724 -0.292 0.293
0.73 -0.282 0.283
0.728 -0.282 0.282
0.724 -0.28 0.281
0.73 -0.271 0.271
0.726 -0.27 0.27
0.726 -0.27 0.27
0.731 -0.26 0.26
0.727 -0.259 0.259
0.725 -0.258 0.258
0.73 -0.249 0.249
0.728 -0.248 0.248
0.726 -0.247 0.247
0.732 -0.238 0.238
0.731 -0.238 0.238
0.729 -0.237 0.237
0.735 -0.229 0.228
0.743 -0.221 0.22
0.121 0.024 -0.026
0.12 0.026 -0.027
0.754 0.214 -0.223
0.759 0.215 -0.224
0.763 0.216 -0.225
0.758 0.226 -0.235
0.76 0.227 -0.236
0.76 0.227 -0.236
0.756 0.236 -0.246
0.756 0.236 -0.246
0.758 0.237 -0.247
0.752 0.246 -0.256
0.752 0.246 -0.256
0.756 0.247 -0.257
0.751 0.257 -0.267
0.755 0.258 -0.269
0.758 0.26 -0.27
0.754 0.27 -0.28
0.754 0.27 -0.28
0.757 0.271 -0.281
0.752 0.281 -0.291
0.756 0.282 -0.293
0.752 0.293 -0.303
0.755 0.294 -0.305
0.755 0.294 -0.305
0.751 0.305 -0.316
0.753 0.305 -0.316
0.753 0.305 -0.316
0.747 0.315 -0.326
0.754 0.318 -0.329
0.764 0.322 -0.334
0.76 0.333 -0.345
0.758 0.332 -0.344
0.758 0.332 -0.344
0.751 0.342 -0.354
0.754 0.344 -0.356
0.758 0.345 -0.357
0.752 0.356 -0.368
0.754 0.357 -0.369
0.757 0.359 -0.371
0.752 0.369 -0.382
0.758 0.373 -0.385
2.051 1.047 -1.081
2.009 1.064 -1.098
1.993 1.055 -1.089
1.683 0.924 -0.953
1.687 0.926 -0.955
1.864 1.061 -1.094
1.864 1.061 -1.094
1.864 1.061 -1.094
1.822 1.075 -1.108
1.789 1.055 -1.088
1.758 1.037 -1.068
1.717 1.049 -1.081
1.708 1.044 -1.075
1.574 0.997 -1.027
1.568 0.993 -1.023
1.541 1.01 -1.04
1.541 1.01 -1.04
1.541 1.01 -1.04
1.512 1.027 -1.057
1.509 1.025 -1.056
1.506 1.023 -1.054
1.481 1.042 -1.072
1.478 1.04 -1.07
1.469 1.034 -1.064
1.441 1.05 -1.079
1.438 1.048 -1.077
1.435 1.046 -1.075
1.406 1.061 -1.091
1.406 1.061 -1.091
1.398 1.055 -1.085
1.359 1.062 -1.092
1.357 1.06 -1.09
1.337 1.082 -1.113
1.344 1.089 -1.119
1.347 1.091 -1.121
1.338 1.122 -1.153
1.365 1.146 -1.177
1.825 1.587 -1.63
1.815 1.578 -1.621
1.767 1.593 -1.636
1.28 1.197 -1.228
1.252 1.214 -1.246
1.255 1.217 -1.249
1.226 1.234 -1.267
1.566 1.576 -1.617
1.52 1.588 -1.629
1.509 1.577 -1.618
1.498 1.565 -1.606
1.45 1.574 -1.614
1.223 1.38 -1.415
1.212 1.368 -1.403
1.206 1.361 -1.396
1.165 1.368 -1.403
1.163 1.366 -1.401
1.157 1.359 -1.394
1.119 1.368 -1.402
1.117 1.366 -1.399
1.115 1.363 -1.397
1.079 1.374 -1.408
1.079 1.374 -1.408
1.179 1.565 -1.604
1.173 1.558 -1.597
1.13 1.567 -1.605
1.125 1.56 -1.597
1.121 1.555 -1.592
1.079 1.563 -1.601
0.924 1.401 -1.435
0.891 1.415 -1.449
0.976 1.55 -1.587
0.974 1.548 -1.584
0.932 1.555 -1.591
0.931 1.552 -1.589
0.928 1.547 -1.583
0.888 1.555 -1.592
0.885 1.55 -1.587
0.883 1.548 -1.584
0.841 1.553 -1.589
0.839 1.548 -1.583
0.839 1.548 -1.583
0.796 1.55 -1.586
0.793 1.545 -1.58
0.79 1.54 -1.575
0.749 1.544 -1.579
0.749 1.544 -1.579
0.748 1.541 -1.577
0.706 1.542 -1.578
0.704 1.54 -1.575
0.704 1.54 -1.575
0.665 1.545 -1.58
0.664 1.543 -1.577
0.623 1.545 -1.58
0.622 1.543 -1.577
0.621 1.54 -1.574
0.581 1.545 -1.579
0.579 1.539 -1.574
0.578 1.537 -1.571
0.539 1.541 -1.575
0.538 1.538 -1.572
0.536 1.533 -1.566
0.497 1.536 -1.57
0.496 1.534 -1.567
0.495 1.531 -1.564
0.456 1.534 -1.567
0.455 1.531 -1.565
0.454 1.529 -1.562
0.415 1.531 -1.565
0.414 1.529 -1.562
0.414 1.529 -1.562
0.375 1.531 -1.563
0.375 1.528 -1.56
0.336 1.53 -1.562
0.336 1.53 -1.562
0.335 1.524 -1.556
0.296 1.525 -1.557
0.296 1.525 -1.557
0.296 1.525 -1.557
0.258 1.526 -1.558
0.257 1.523 -1.555
0.257 1.521 -1.553
0.219 1.524 -1.555
0.219 1.524 -1.555
0.218 1.521 -1.552
0.18 1.521 -1.552
0.18 1.521 -1.552
0.18 1.521 -1.552
0.142 1.523 -1.554
0.142 1.523 -1.554
0.142 1.52 -1.551
0.104 1.521 -1.553
0.104 1.521 -1.553
0.104 1.519 -1.55
0.066 1.517 -1.547
0.066 1.517 -1.547
0.028 1.515 -1.545
0.028 1.518 -1.548
0.028 1.515 -1.545
-0.01 1.512 -1.542
-0.01 1.515 -1.545
-0.01 1.515 -1.545
-0.048 1.515 -1.545
-0.048 1.515 -1.545
-0.048 1.509 -1.539
-0.085 1.509 -1.537
-0.085 1.511 -1.54
-0.085 1.511 -1.54
-0.123 1.51 -1.539
-0.123 1.51 -1.539
-0.123 1.51 -1.539
-0.161 1.509 -1.537
-0.161 1.509 -1.537
-0.161 1.509 -1.537
-0.198 1.507 -1.535
-0.199 1.509 -1.538
-0.198 1.507 -1.535
-0.235 1.501 -1.53
-0.236 1.504 -1.533
-0.273 1.501 -1.529
-0.274 1.504 -1.532
-0.274 1.507 -1.534
-0.312 1.503 -1.531
-0.312 1.503 -1.531
-0.312 1.503 -1.531
-0.349 1.499 -1.527
-0.35 1.502 -1.53
-0.35 1.502 -1.53
-0.387 1.498 -1.525
-0.387 1.498 -1.525
-0.387 1.498 -1.525
-0.425 1.496 -1.522
-0.425 1.496 -1.522
-0.426 1.498 -1.525
-0.464 1.496 -1.522
-0.464 1.496 -1.522
-0.464 1.496 -1.522
-0.501 1.49 -1.516
-0.501 1.49 -1.516
-0.502 1.493 -1.519
-0.539 1.486 -1.513
-0.539 1.486 -1.513
-0.54 1.489 -1.516
-0.579 1.488 -1.513
-0.58 1.491 -1.516
-0.581 1.493 -1.519
-0.619 1.486 -1.511
-0.621 1.491 -1.517
-0.621 1.491 -1.517
-0.658 1.484 -1.509
-0.66 1.489 -1.515
-0.696 1.478 -1.503
-0.692 1.47 -1.495
-0.692 1.47 -1.495
-0.73 1.464 -1.488
-0.733 1.47 -1.494
-0.734 1.472 -1.496
-0.772 1.466 -1.49
-0.773 1.469 -1.493
-0.776 1.474 -1.498
-0.814 1.467 -1.491
-0.816 1.469 -1.493
-0.814 1.467 -1.491
-0.854 1.462 -1.486
-0.857 1.467 -1.49
-0.858 1.47 -1.493
-0.896 1.462 -1.485
-0.898 1.464 -1.487
-0.898 1.464 -1.487
-0.934 1.453 -1.476
-0.937 1.458 -1.481
-0.941 1.463 -1.486
-0.979 1.454 -1.477
-0.98 1.457 -1.48
-0.982 1.459 -1.482
-1.022 1.452 -1.474
-1.025 1.457 -1.479
-1.029 1.462 -1.484
-1.067 1.452 -1.474
-1.071 1.457 -1.479
-1.074 1.462 -1.484
-1.114 1.454 -1.476
-1.118 1.459 -1.481
-1.122 1.464 -1.486
-1.158 1.45 -1.472
-1.162 1.455 -1.477
-1.201 1.446 -1.466
-1.206 1.45 -1.471
-1.21 1.455 -1.476
-1.252 1.448 -1.468
-1.256 1.452 -1.473
-1.258 1.455 -1.475
-1.298 1.444 -1.465
-1.3 1.446 -1.467
-1.305 1.451 -1.472
-1.347 1.442 -1.462
-1.351 1.447 -1.466
-1.354 1.449 -1.469
-1.394 1.437 -1.457
-1.4 1.444 -1.464
-1.406 1.449 -1.468
-1.445 1.436 -1.455
-1.448 1.438 -1.458
-1.454 1.445 -1.465
-1.497 1.434 -1.453
-1.5 1.436 -1.455
-1.504 1.441 -1.459
-1.547 1.429 -1.447
-1.554 1.436 -1.454
-1.562 1.443 -1.461
-1.605 1.43 -1.448
-1.612 1.437 -1.455
-1.62 1.443 -1.462
-1.658 1.426 -1.443
-1.663 1.43 -1.447
-1.673 1.439 -1.456
-1.719 1.427 -1.444
-1.724 1.431 -1.448
-1.767 1.416 -1.433
-1.772 1.42 -1.437
-1.78 1.427 -1.444
-1.824 1.411 -1.427
-1.832 1.417 -1.433
-1.837 1.422 -1.438
-1.883 1.407 -1.423
-1.897 1.417 -1.433
-1.552 1.12 -1.132
-1.549 1.118 -1.13
-1.574 1.097 -1.109
-2.04 1.422 -1.437
-2.084 1.403 -1.417
-2.092 1.409 -1.423
-2.101 1.414 -1.428
-2.15 1.398 -1.412
-2.165 1.408 -1.421
-2.177 1.415 -1.429
-1.591 0.999 -1.009
-1.618 0.981 -0.991
-1.612 0.977 -0.987
-1.627 0.952 -0.961
-1.654 0.934 -0.942
-1.654 0.934 -0.942
-1.654 0.934 -0.942
-1.686 0.919 -0.926
-1.689 0.921 -0.928
-1.689 0.921 -0.928
-1.712 0.9 -0.907
-1.715 0.902 -0.909
-1.709 0.898 -0.905
-1.728 0.876 -0.882
-1.731 0.877 -0.884
-1.737 0.881 -0.887
-1.766 0.863 -0.869
-1.769 0.864 -0.87
-1.8 0.847 -0.852
-1.827 0.828 -0.833
-1.847 0.837 -0.842
-1.878 0.851 -0.856
-1.915 0.836 -0.84
-1.959 0.822 -0.825
-2.761 1.158 -1.163
-2.751 1.154 -1.159
-2.764 1.115 -1.119
-2.747 1.108 -1.112
-2.74 1.105 -1.109
-2.764 1.07 -1.073
-2.771 1.073 -1.076
-2.776 1.031 -1.033
-2.744 1.019 -1.021
-2.741 1.018 -1.02
-2.757 0.982 -0.983
-2.75 0.979 -0.98
-2.732 0.973 -0.974
-2.749 0.937 -0.937
-2.749 0.937 -0.937
-2.742 0.934 -0.935
-2.758 0.898 -0.898
-2.75 0.896 -0.896
-2.754 0.897 -0.897
-2.769 0.861 -0.86
-2.772 0.862 -0.861
-2.79 0.868 -0.867
-2.822 0.837 -0.836
-2.84 0.843 -0.841
-2.874 0.852 -0.85
-2.935 0.829 -0.826
-2.983 0.842 -0.84
-3.025 0.854 -0.851
-3.022 0.811 -0.807
-2.786 0.709 -0.705
-2.779 0.707 -0.703
-2.768 0.704 -0.7
-2.788 0.671 -0.666
-2.799 0.674 -0.669
-2.795 0.673 -0.668
-2.8 0.636 -0.631
-2.792 0.634 -0.629
-2.785 0.633 -0.627
-2.793 0.597 -0.591
-2.773 0.593 -0.587
-2.762 0.59 -0.584
-2.772 0.556 -0.549
-2.772 0.556 -0.549
-2.788 0.559 -0.552
-2.812 0.527 -0.519
-2.839 0.532 -0.525
-2.885 0.541 -0.532
-2.96 0.516 -0.507
-3.034 0.529 -0.52
-3.129 0.505 -0.495
-3.897 0.579 -0.566
-3.827 0.569 -0.555
-3.811 0.567 -0.553
-3.823 0.52 -0.505
-3.812 0.518 -0.504
-3.82 0.519 -0.505
-3.106 0.383 -0.371
-2.894 0.321 -0.308
-4.023 0.396 -0.377
-2.933 0.288 -0.275
-2.937 0.289 -0.276
-2.96 0.254 -0.24
-2.984 0.256 -0.242
-3.019 0.259 -0.246
-3.06 0.225 -0.21
-3.821 0.281 -0.262
-3.846 0.236 -0.215
-3.842 0.235 -0.215
-3.846 0.236 -0.215
-3.884 0.19 -0.169
-3.872 0.19 -0.168
-3.844 0.188 -0.167
-3.852 0.141 -0.119
-3.9 0.143 -0.121
-3.988 0.146 -0.123
-4.027 0.098 -0.074
-4.027 0.098 -0.074
-4.027 0.098 -0.074
-4.027 0.049 -0.024
-4.027 0.049 -0.024
-4.027 0.049 -0.024
-4.024 0.0 -0.041
-4.028 0.0 -0.041
-4.023 -0.054 0.004
-4.027 -0.054 0.004
-4.031 -0.054 0.004
-4.031 -0.108 0.049
-4.027 -0.108 0.049
-4.027 -0.108 0.049
-4.027 -0.162 0.094
-4.031 -0.162 0.094
-4.031 -0.162 0.094
-4.028 -0.216 0.139
-4.028 -0.216 0.139
-4.028 -0.216 0.139
-4.031 -0.271 0.185
-4.035 -0.271 0.185
-4.035 -0.271 0.185
-4.033 -0.325 0.23
-4.033 -0.325 0.23
-4.033 -0.325 0.23
-4.025 -0.379 0.275
-4.037 -0.38 0.276
-4.045 -0.381 0.277
-4.047 -0.437 0.323
-4.047 -0.437 0.323
-4.039 -0.436 0.322
-4.034 -0.49 0.368
-4.042 -0.491 0.369
-4.03 -0.545 0.414
-4.054 -0.548 0.416
-4.061 -0.549 0.417
-4.061 -0.549 0.417
-4.065 -0.606 0.464
-4.073 -0.607 0.465
-4.051 -0.66 0.51
-4.051 -0.66 0.51
-4.066 -0.663 0.512
-4.067 -0.72 0.559
-4.083 -0.723 0.562
-4.083 -0.723 0.562
-4.058 -0.776 0.606
-4.027 -0.77 0.601
-3.965 -0.758 0.592
-3.917 -0.805 0.631
-3.875 -0.796 0.625
-3.8 -0.781 0.613
-3.76 -0.827 0.651
-3.737 -0.821 0.647
-3.667 -0.806 0.635
-3.587 -0.841 0.665
-3.534 -0.828 0.654
-3.473 -0.814 0.644
-3.397 -0.846 0.671
-3.366 -0.838 0.665
-3.324 -0.877 0.697
-3.278 -0.865 0.688
-3.241 -0.855 0.68
-3.187 -0.889 0.709
-3.142 -0.876 0.699
-3.078 -0.858 0.685
-3.006 -0.884 0.707
-2.957 -0.87 0.695
-2.927 -0.861 0.688
-2.896 -0.897 0.718
-2.852 -0.883 0.707
-2.811 -0.87 0.697
-2.761 -0.898 0.721
-2.769 -0.9 0.723
-2.784 -0.905 0.727
-2.763 -0.942 0.758
-2.767 -0.943 0.759
-2.756 -0.984 0.793
-2.76 -0.985 0.794
-2.767 -0.988 0.796
-2.752 -1.028 0.829
-2.759 -1.03 0.831
-2.767 -1.033 0.833
-2.753 -1.074 0.867
-2.76 -1.077 0.87
-2.778 -1.084 0.876
-2.771 -1.128 0.912
-2.771 -1.128 0.912
-2.778 -1.131 0.915
-2.763 -1.172 0.949
-2.77 -1.175 0.952
-2.777 -1.178 0.954
-2.771 -1.224 0.993
-2.778 -1.227 0.995
-2.757 -1.218 0.988
-2.698 -1.241 1.007
-2.674 -1.229 0.998
-2.65 -1.218 0.989
-2.602 -1.244 1.011
-2.588 -1.237 1.006
-2.578 -1.232 1.002
-2.533 -1.258 1.023
-2.506 -1.245 1.013
-2.452 -1.264 1.029
-1.776 -0.916 0.745
-1.748 -0.936 0.762
-1.741 -0.932 0.759
-1.738 -0.93 0.758
-1.713 -0.952 0.776
-1.71 -0.95 0.775
-1.7 -0.944 0.77
-1.669 -0.961 0.785
-1.669 -0.961 0.785
-2.067 -1.279 1.045
-1.497 -0.96 0.785
-1.462 -0.97 0.794
-1.44 -0.956 0.782
-1.893 -1.301 1.066
-1.851 -1.318 1.08
-1.836 -1.307 1.071
-1.831 -1.303 1.069
-1.792 -1.321 1.083
-1.783 -1.315 1.078
-1.775 -1.308 1.073
-1.736 -1.325 1.087
-1.725 -1.316 1.081
-1.714 -1.308 1.073
-1.681 -1.328 1.09
-1.673 -1.322 1.085
-1.664 -1.315 1.079
-1.631 -1.335 1.097
-1.623 -1.328 1.091
-1.585 -1.342 1.103
-1.574 -1.333 1.096
-1.569 -1.329 1.092
-1.53 -1.342 1.104
-1.523 -1.336 1.099
-1.52 -1.333 1.097
-1.487 -1.351 1.111
-1.474 -1.339 1.102
-1.469 -1.334 1.098
-1.431 -1.347 1.109
-1.426 -1.342 1.105
-1.423 -1.339 1.103
-1.385 -1.351 1.112
-1.378 -1.344 1.106
-1.375 -1.341 1.104
-1.342 -1.357 1.117
-1.335 -1.349 1.112
-1.33 -1.345 1.108
-1.295 -1.357 1.118
-1.29 -1.352 1.114
-1.285 -1.347 1.11
-1.25 -1.359 1.12
-1.245 -1.354 1.116
-1.212 -1.368 1.128
-1.21 -1.365 1.126
-1.205 -1.36 1.122
-1.168 -1.368 1.129
-1.166 -1.366 1.127
-1.163 -1.363 1.124
-1.131 -1.376 1.136
-1.127 -1.37 1.132
-1.124 -1.368 1.129
-1.092 -1.38 1.14
-1.087 -1.375 1.135
-1.083 -1.369 1.131
-1.048 -1.378 1.138
-1.046 -1.376 1.136
-1.046 -1.376 1.136
-1.013 -1.387 1.146
-1.009 -1.381 1.142
-1.005 -1.376 1.137
-0.972 -1.386 1.146
-0.97 -1.383 1.143
-0.936 -1.393 1.153
-0.934 -1.389 1.149
-0.934 -1.389 1.149
-0.9 -1.399 1.157
-0.895 -1.39 1.15
-0.894 -1.389 1.149
-0.861 -1.399 1.158
-0.859 -1.395 1.154
-0.855 -1.388 1.148
-0.821 -1.396 1.156
-0.821 -1.395 1.155
-0.818 -1.391 1.151
-0.785 -1.398 1.158
-0.784 -1.397 1.157
-0.783 -1.396 1.156
-0.751 -1.406 1.164
-0.751 -1.404 1.163
-0.75 -1.403 1.162
-0.717 -1.41 1.168
-0.715 -1.407 1.166
-0.715 -1.407 1.166
-0.682 -1.413 1.171
-0.68 -1.409 1.168
-0.677 -1.403 1.163
-0.642 -1.404 1.165
-0.641 -1.403 1.164
-0.609 -1.411 1.171
-0.608 -1.41 1.169
-0.609 -1.411 1.171
-0.576 -1.418 1.176
-0.576 -1.418 1.176
-0.575 -1.413 1.172
-0.541 -1.416 1.176
-0.54 -1.415 1.174
-0.537 -1.407 1.168
-0.504 -1.411 1.171
-0.505 -1.414 1.174
-0.503 -1.407 1.168
-0.469 -1.409 1.169
-0.468 -1.406 1.167
-0.467 -1.401 1.163
-0.434 -1.405 1.168
-0.434 -1.405 1.168
-0.433 -1.401 1.164
-0.4 -1.403 1.166
-0.401 -1.405 1.167
-0.4 -1.4 1.164
-0.367 -1.402 1.165
-0.366 -1.398 1.161
-0.333 -1.399 1.164
-0.333 -1.396 1.161
-0.332 -1.393 1.159
-0.3 -1.396 1.161
-0.299 -1.391 1.157
-0.298 -1.388 1.154
-0.267 -1.393 1.159
-0.267 -1.392 1.157
-0.266 -1.39 1.156
-0.235 -1.392 1.159
-0.234 -1.39 1.157
-0.234 -1.389 1.156
-0.202 -1.392 1.158
-0.202 -1.387 1.155
-0.202 -1.387 1.155
-0.17 -1.388 1.155
-0.17 -1.385 1.153
-0.17 -1.385 1.153
-0.138 -1.385 1.154
-0.138 -1.385 1.154
-0.138 -1.381 1.15
-0.106 -1.381 1.15
-0.106 -1.382 1.151
-0.106 -1.379 1.149
-0.075 -1.377 1.147
-0.074 -1.374 1.145
-0.043 -1.373 1.145
-0.043 -1.375 1.146
-0.043 -1.375 1.146
-0.012 -1.373 1.145
-0.012 -1.372 1.144
-0.012 -1.375 1.146
0.019 -1.372 1.144
0.019 -1.372 1.144
0.019 -1.372 1.144
0.05 -1.369 1.143
0.05 -1.371 1.144
0.05 -1.369 1.143
0.081 -1.367 1.141
0.081 -1.367 1.141
0.081 -1.368 1.142
0.112 -1.365 1.139
0.112 -1.364 1.138
0.112 -1.364 1.138
0.143 -1.363 1.139
0.143 -1.363 1.139
0.143 -1.363 1.139
0.175 -1.361 1.137
0.175 -1.36 1.136
0.175 -1.361 1.137
0.206 -1.36 1.136
0.206 -1.362 1.137
0.206 -1.362 1.137
0.238 -1.358 1.135
0.237 -1.361 1.137
0.269 -1.358 1.135
0.269 -1.358 1.135
0.269 -1.356 1.134
0.3 -1.354 1.132
0.301 -1.36 1.137
0.301 -1.36 1.137
0.331 -1.353 1.131
0.332 -1.354 1.132
0.332 -1.356 1.133
0.364 -1.355 1.134
0.364 -1.357 1.135
0.365 -1.358 1.137
0.396 -1.355 1.133
0.397 -1.356 1.135
0.397 -1.358 1.136
0.428 -1.353 1.132
0.429 -1.356 1.135
0.429 -1.355 1.134
0.46 -1.35 1.131
0.46 -1.35 1.131
0.461 -1.353 1.133
0.493 -1.35 1.13
0.492 -1.348 1.129
0.493 -1.35 1.13
0.523 -1.343 1.124
0.524 -1.344 1.126
0.525 -1.346 1.127
0.556 -1.34 1.123
0.557 -1.343 1.125
0.588 -1.336 1.12
0.589 -1.339 1.123
0.592 -1.345 1.127
0.624 -1.34 1.123
0.651 -1.325 1.112
0.639 -1.301 1.091
0.631 -1.285 1.077
0.652 -1.26 1.058
0.645 -1.246 1.046
0.638 -1.232 1.034
0.657 -1.206 1.013
0.649 -1.192 1.001
0.641 -1.178 0.989
0.659 -1.154 0.969
0.648 -1.135 0.954
0.642 -1.124 0.944
0.661 -1.104 0.927
0.652 -1.089 0.915
0.67 -1.069 0.898
0.661 -1.055 0.886
0.653 -1.042 0.876
0.668 -1.021 0.858
0.66 -1.009 0.848
0.655 -0.999 0.84
0.67 -0.979 0.823
0.663 -0.97 0.816
0.658 -0.962 0.809
0.672 -0.942 0.792
0.665 -0.932 0.784
0.629 -0.846 0.711
0.617 -0.83 0.698
0.63 -0.814 0.684
0.622 -0.805 0.677
0.619 -0.801 0.673
0.64 -0.795 0.67
0.642 -0.797 0.672
0.643 -0.799 0.673
0.663 -0.792 0.668
0.656 -0.785 0.661
0.684 -0.787 0.663
0.675 -0.777 0.655
0.67 -0.77 0.649
0.682 -0.755 0.636
0.677 -0.749 0.631
0.671 -0.742 0.626
0.683 -0.728 0.614
0.677 -0.722 0.609
0.69 -0.709 0.598
0.684 -0.703 0.593
0.68 -0.699 0.59
0.691 -0.685 0.578
0.686 -0.68 0.574
0.681 -0.675 0.57
0.691 -0.661 0.558
0.685 -0.655 0.553
0.68 -0.651 0.549
0.692 -0.638 0.539
0.688 -0.634 0.536
0.684 -0.631 0.533
0.693 -0.617 0.521
0.688 -0.612 0.517
0.698 -0.599 0.507
0.692 -0.595 0.503
0.69 -0.592 0.501
0.699 -0.58 0.49
0.695 -0.576 0.488
0.691 -0.573 0.485
0.699 -0.56 0.474
0.695 -0.557 0.471
0.692 -0.555 0.469
0.702 -0.543 0.46
0.696 -0.539 0.456
0.694 -0.537 0.454
0.704 -0.525 0.445
0.701 -0.523 0.443
0.697 -0.52 0.44
0.702 -0.506 0.429
0.701 -0.505 0.428
0.698 -0.503 0.426
0.706 -0.491 0.417
0.702 -0.488 0.414
0.708 -0.476 0.404
0.705 -0.474 0.402
0.702 -0.472 0.4
0.71 -0.46 0.391
0.707 -0.458 0.389
0.704 -0.456 0.387
0.711 -0.445 0.378
0.708 -0.443 0.376
0.705 -0.441 0.375
0.712 -0.429 0.365
0.708 -0.427 0.363
0.705 -0.426 0.362
0.713 -0.415 0.353
0.712 -0.414 0.352
0.707 -0.411 0.35
0.714 -0.4 0.34
0.711 -0.398 0.339
0.716 -0.387 0.329
0.713 -0.385 0.328
0.711 -0.384 0.327
0.717 -0.373 0.318
0.717 -0.373 0.318
0.715 -0.372 0.317
0.72 -0.361 0.308
0.717 -0.359 0.306
0.713 -0.357 0.305
0.718 -0.346 0.295
0.716 -0.345 0.295
0.714 -0.344 0.294
0.719 -0.333 0.285
0.717 -0.332 0.284
0.715 -0.331 0.283
0.721 -0.321 0.275
0.719 -0.32 0.274
0.723 -0.309 0.265
0.719 -0.308 0.263
0.718 -0.307 0.263
0.723 -0.296 0.254
0.721 -0.296 0.254
0.717 -0.294 0.252
0.725 -0.285 0.244
0.723 -0.284 0.244
0.721 -0.283 0.243
0.726 -0.273 0.234
0.724 -0.272 0.234
0.722 -0.271 0.233
0.727 -0.261 0.225
0.723 -0.26 0.224
0.721 -0.259 0.223
0.727 -0.249 0.215
0.727 -0.249 0.215
0.729 -0.25 0.215
0.738 -0.241 0.208
0.775 0.228 -0.182
0.771 0.227 -0.181
0.764 0.237 -0.189
0.764 0.237 -0.189
0.762 0.236 -0.189
0.755 0.245 -0.197
0.757 0.246 -0.197
0.759 0.247 -0.198
0.18 0.059 -0.047
0.755 0.257 -0.207
0.18 0.061 -0.049
0.757 0.258 -0.207
0.18 0.061 -0.049
0.76 0.259 -0.208
0.178 0.063 -0.051
0.756 0.27 -0.217
0.758 0.271 -0.218
0.76 0.271 -0.218
0.176 0.066 -0.053
0.755 0.282 -0.227
0.759 0.283 -0.228
0.762 0.285 -0.229
0.756 0.295 -0.238
0.756 0.295 -0.238
0.759 0.296 -0.239
0.762 0.31 -0.251
0.766 0.312 -0.252
0.766 0.312 -0.252
0.759 0.322 -0.26
0.76 0.322 -0.261
0.764 0.324 -0.262
0.758 0.335 -0.271
0.762 0.336 -0.272
0.765 0.338 -0.274
0.759 0.349 -0.283
0.762 0.35 -0.284
0.758 0.362 -0.294
0.761 0.364 -0.295
0.763 0.365 -0.296
0.758 0.376 -0.306
0.759 0.377 -0.307
0.763 0.379 -0.308
0.756 0.39 -0.317
1.691 0.939 -0.766
1.676 0.965 -0.788
2.912 1.738 -1.42
3.228 1.927 -1.574
2.027 1.255 -1.026
2.003 1.239 -1.013
1.943 1.246 -1.019
1.587 1.017 -0.832
1.558 1.034 -0.846
1.558 1.034 -0.846
1.531 1.053 -0.863
1.528 1.05 -0.861
1.531 1.053 -0.863
1.504 1.071 -0.878
1.502 1.07 -0.877
1.504 1.071 -0.878
1.664 1.227 -1.006
1.656 1.221 -1.001
1.617 1.234 -1.013
1.605 1.225 -1.006
1.594 1.217 -0.998
1.555 1.229 -1.008
1.547 1.222 -1.003
1.535 1.213 -0.997
1.381 1.13 -0.928
1.376 1.126 -0.925
1.426 1.208 -0.993
1.426 1.208 -0.993
1.398 1.227 -1.009
1.401 1.229 -1.011
1.409 1.236 -1.016
1.397 1.269 -1.044
1.43 1.299 -1.069
1.461 1.327 -1.092
1.418 1.382 -1.139
1.294 1.261 -1.039
1.297 1.264 -1.041
1.27 1.283 -1.057
1.272 1.286 -1.059
1.245 1.305 -1.075
1.777 1.862 -1.534
1.73 1.88 -1.55
1.723 1.872 -1.544
1.665 1.877 -1.548
1.599 1.803 -1.488
1.603 1.808 -1.492
1.582 1.853 -1.529
1.589 1.86 -1.535
1.582 1.853 -1.529
1.532 1.863 -1.538
1.525 1.855 -1.532
1.479 1.87 -1.544
1.275 1.612 -1.331
1.387 1.825 -1.508
1.404 1.846 -1.526
1.399 1.841 -1.521
1.354 1.854 -1.532
1.352 1.851 -1.53
1.304 1.861 -1.539
1.297 1.85 -1.529
1.29 1.842 -1.523
1.247 1.856 -1.534
0.98 1.459 -1.206
0.945 1.469 -1.215
1.131 1.838 -1.521
1.127 1.832 -1.517
1.082 1.841 -1.524
1.076 1.83 -1.515
1.071 1.822 -1.508
1.028 1.833 -1.518
1.026 1.83 -1.516
1.023 1.824 -1.511
0.977 1.829 -1.515
0.974 1.823 -1.51
0.931 1.833 -1.519
0.927 1.824 -1.512
0.922 1.816 -1.505
0.88 1.825 -1.512
0.877 1.819 -1.507
0.874 1.813 -1.503
0.832 1.821 -1.511
0.829 1.816 -1.506
0.826 1.81 -1.501
0.785 1.82 -1.51
0.784 1.817 -1.507
0.783 1.814 -1.505
0.739 1.819 -1.509
0.738 1.816 -1.507
0.737 1.813 -1.504
0.693 1.816 -1.507
0.691 1.81 -1.502
0.69 1.807 -1.5
0.647 1.81 -1.503
0.645 1.807 -1.501
0.643 1.801 -1.496
0.6 1.803 -1.498
0.599 1.801 -1.495
0.558 1.805 -1.499
0.557 1.802 -1.497
0.556 1.799 -1.494
0.514 1.803 -1.498
0.513 1.8 -1.496
0.513 1.8 -1.496
0.471 1.803 -1.499
0.471 1.803 -1.499
0.471 1.8 -1.496
0.429 1.803 -1.499
0.429 1.803 -1.499
0.428 1.8 -1.497
0.387 1.805 -1.501
0.387 1.802 -1.499
0.385 1.796 -1.494
0.344 1.798 -1.496
0.344 1.798 -1.496
0.343 1.795 -1.494
0.302 1.793 -1.492
0.301 1.79 -1.489
0.301 1.787 -1.487
0.26 1.787 -1.487
0.26 1.787 -1.487
0.26 1.787 -1.487
0.219 1.787 -1.488
0.218 1.784 -1.486
0.177 1.784 -1.485
0.178 1.787 -1.488
0.177 1.784 -1.485
0.137 1.783 -1.485
0.137 1.786 -1.488
0.137 1.783 -1.485
0.096 1.781 -1.484
0.096 1.781 -1.484
0.096 1.781 -1.484
0.055 1.779 -1.483
0.055 1.779 -1.483
0.055 1.779 -1.483
0.015 1.779 -1.483
0.015 1.779 -1.483
0.015 1.779 -1.483
-0.025 1.775 -1.48
-0.025 1.775 -1.48
-0.025 1.775 -1.48
-0.066 1.778 -1.483
-0.066 1.778 -1.483
-0.066 1.775 -1.481
-0.106 1.773 -1.48
-0.106 1.773 -1.48
-0.106 1.773 -1.48
-0.146 1.771 -1.479
-0.146 1.771 -1.479
-0.187 1.769 -1.477
-0.187 1.769 -1.477
-0.187 1.769 -1.477
-0.227 1.766 -1.474
-0.227 1.769 -1.477
-0.227 1.766 -1.474
-0.267 1.763 -1.473
-0.267 1.766 -1.475
-0.267 1.766 -1.475
-0.307 1.762 -1.472
-0.307 1.762 -1.472
-0.307 1.762 -1.472
-0.348 1.76 -1.471
-0.348 1.76 -1.471
-0.348 1.76 -1.471
-0.389 1.758 -1.47
-0.389 1.761 -1.472
-0.389 1.761 -1.472
-0.429 1.755 -1.467
-0.429 1.755 -1.467
-0.428 1.752 -1.465
-0.469 1.749 -1.463
-0.47 1.752 -1.466
-0.471 1.755 -1.468
-0.512 1.754 -1.468
-0.512 1.754 -1.468
-0.552 1.747 -1.462
-0.553 1.75 -1.465
-0.554 1.753 -1.467
-0.596 1.751 -1.466
-0.598 1.757 -1.471
-0.598 1.757 -1.471
-0.638 1.748 -1.465
-0.637 1.745 -1.462
-0.633 1.736 -1.454
-0.673 1.728 -1.447
-0.674 1.73 -1.45
-0.675 1.733 -1.452
-0.714 1.724 -1.444
-0.716 1.727 -1.447
-0.718 1.733 -1.452
-0.757 1.723 -1.444
-0.759 1.725 -1.447
-0.761 1.731 -1.451
-0.8 1.721 -1.443
-0.8 1.721 -1.443
-0.802 1.724 -1.445
-0.844 1.718 -1.441
-0.845 1.721 -1.444
-0.848 1.727 -1.449
-0.89 1.721 -1.443
-0.892 1.723 -1.446
-0.932 1.714 -1.439
-0.934 1.717 -1.441
-0.935 1.719 -1.444
-0.977 1.709 -1.435
-0.979 1.715 -1.44
-0.981 1.718 -1.442
-1.021 1.704 -1.431
-1.024 1.71 -1.435
-1.025 1.712 -1.438
-1.068 1.704 -1.432
-1.071 1.709 -1.436
-1.074 1.715 -1.441
-1.116 1.703 -1.431
-1.117 1.705 -1.433
-1.121 1.711 -1.437
-1.163 1.701 -1.43
-1.169 1.709 -1.437
-1.174 1.717 -1.444
-1.215 1.704 -1.432
-1.219 1.709 -1.437
-1.22 1.712 -1.439
-1.26 1.695 -1.426
-1.264 1.7 -1.431
-1.268 1.705 -1.435
-1.311 1.693 -1.425
-1.317 1.701 -1.431
-1.323 1.709 -1.438
-1.36 1.688 -1.422
-1.366 1.696 -1.428
-1.411 1.685 -1.419
-1.417 1.693 -1.425
-1.424 1.701 -1.432
-1.465 1.684 -1.419
-1.467 1.686 -1.421
-1.469 1.689 -1.423
-1.512 1.674 -1.41
-1.503 1.663 -1.402
-1.496 1.656 -1.396
-1.533 1.635 -1.38
-1.538 1.64 -1.384
-1.564 1.668 -1.407
-1.625 1.671 -1.41
-1.63 1.676 -1.414
-1.637 1.683 -1.42
-1.68 1.666 -1.406
-1.69 1.675 -1.414
-1.698 1.683 -1.42
-1.743 1.667 -1.407
-1.746 1.669 -1.409
-1.753 1.676 -1.415
-1.804 1.664 -1.405
-1.814 1.673 -1.413
-1.819 1.678 -1.417
-1.862 1.658 -1.401
-1.87 1.665 -1.407
-1.881 1.674 -1.415
-1.929 1.658 -1.402
-1.94 1.667 -1.41
-1.986 1.647 -1.393
-1.999 1.658 -1.403
-2.01 1.667 -1.41
-2.051 1.642 -1.39
-1.488 1.191 -1.008
-1.515 1.171 -0.991
-1.509 1.167 -0.988
-1.506 1.164 -0.986
-1.529 1.142 -0.968
-1.527 1.14 -0.966
-1.527 1.14 -0.966
-1.547 1.115 -0.945
-1.544 1.113 -0.944
-1.566 1.09 -0.924
-1.569 1.092 -0.926
-1.572 1.094 -0.928
-1.594 1.07 -0.908
-1.591 1.068 -0.907
-1.591 1.068 -0.907
-1.612 1.045 -0.887
-1.606 1.041 -0.884
-1.6 1.037 -0.88
-1.626 1.017 -0.865
-1.626 1.017 -0.865
-1.623 1.015 -0.862
-1.65 0.995 -0.847
-1.665 1.004 -0.854
-1.677 1.012 -0.861
-1.711 0.995 -0.846
-1.722 1.002 -0.853
-1.738 1.011 -0.861
-1.775 0.995 -0.848
-1.781 0.999 -0.851
-1.787 1.002 -0.854
-1.82 0.983 -0.838
-1.837 0.992 -0.846
-1.859 1.004 -0.856
-1.892 0.984 -0.84
-1.902 0.99 -0.844
-1.912 0.995 -0.848
-1.958 0.981 -0.838
-1.981 0.992 -0.847
-2.01 0.969 -0.828
-2.017 0.972 -0.83
-2.031 0.978 -0.837
-2.732 1.266 -1.083
-2.744 1.221 -1.046
-2.727 1.214 -1.04
-2.709 1.206 -1.032
-2.719 1.162 -0.997
-2.712 1.159 -0.994
-2.705 1.156 -0.991
-2.727 1.118 -0.96
-2.724 1.116 -0.959
-2.742 1.077 -0.926
-2.735 1.074 -0.923
-2.721 1.068 -0.919
-2.741 1.03 -0.887
-2.752 1.034 -0.89
-2.745 1.032 -0.888
-2.757 0.991 -0.854
-2.768 0.995 -0.857
-2.779 0.998 -0.86
-2.817 0.966 -0.834
-2.846 0.976 -0.843
-2.871 0.985 -0.85
-2.916 0.953 -0.825
-2.941 0.962 -0.832
-2.978 0.974 -0.842
-3.033 0.944 -0.818
-3.074 0.956 -0.828
-3.133 0.975 -0.845
-3.344 0.989 -0.858
-3.356 0.992 -0.861
-2.762 0.732 -0.638
-2.744 0.727 -0.634
-2.732 0.724 -0.632
-2.756 0.689 -0.603
-2.748 0.687 -0.601
-2.741 0.685 -0.599
-2.752 0.648 -0.568
-2.748 0.647 -0.567
-2.748 0.647 -0.567
-2.763 0.61 -0.536
-2.771 0.611 -0.538
-2.787 0.615 -0.541
-2.819 0.581 -0.514
-2.854 0.588 -0.52
-2.897 0.597 -0.527
-2.956 0.567 -0.503
-3.022 0.58 -0.514
-3.092 0.593 -0.526
-3.171 0.563 -0.502
-3.914 0.64 -0.574
-3.808 0.569 -0.514
-3.8 0.568 -0.512
-3.796 0.567 -0.511
-3.796 0.515 -0.467
-2.901 0.353 -0.324
-2.9 0.313 -0.29
-2.916 0.315 -0.293
-2.932 0.317 -0.294
-2.952 0.279 -0.262
-2.967 0.28 -0.264
-2.983 0.282 -0.265
-3.033 0.245 -0.235
-3.863 0.26 -0.256
-3.895 0.262 -0.257
-3.883 0.261 -0.257
-3.845 0.207 -0.211
-3.877 0.208 -0.213
-3.885 0.209 -0.213
-3.853 0.155 -0.168
-3.845 0.155 -0.168
-3.893 0.157 -0.17
-3.993 0.107 -0.129
-4.025 0.108 -0.131
-4.021 0.108 -0.131
-4.022 0.054 -0.086
-4.026 0.054 -0.086
-4.026 0.054 -0.086
nan nan nan
nan nan nan
nan nan nan
nan nan nan
nan nan nan
nan nan nan
nan nan nan
nan nan nan
nan nan nan
nan nan nan
nan nan nan
nan nan nan
nan nan nan
nan nan nan
nan nan nan
nan nan nan
nan nan nan
nan nan nan
nan nan nan
nan nan nan
nan nan nan
nan nan nan
nan nan nan
nan nan nan
nan nan nan
nan nan nan
nan nan nan
nan nan nan
nan nan nan
nan nan nan
nan nan nan
nan nan nan
nan nan nan
nan nan nan
nan nan nan
nan nan nan
nan nan nan
nan nan nan
nan nan nan
nan nan nan
nan nan nan
nan nan nan
nan nan nan
nan nan nan
nan nan nan
nan nan nan
nan nan nan
nan nan nan
nan nan nan
nan nan nan
nan nan nan
nan nan nan
nan nan nan
nan nan nan
nan nan nan
nan nan nan
nan nan nan
nan nan nan
nan nan nan
nan nan nan
nan nan nan
nan nan nan
nan nan nan
nan nan nan
nan nan nan
nan nan nan
nan nan nan
nan nan nan
nan nan nan
nan nan nan
nan nan nan
nan nan nan
nan nan nan
nan nan nan
nan nan nan
nan nan nan
nan nan nan
nan nan nan
nan nan nan
nan nan nan
nan nan nan
nan nan nan
nan nan nan
nan nan nan
nan nan nan
nan nan nan
nan nan nan
nan nan nan
nan nan nan
nan nan nan
nan nan nan
nan nan nan
nan nan nan
nan nan nan
nan nan nan
nan nan nan
nan nan nan
nan nan nan
nan nan nan
nan nan nan
nan nan nan
nan nan nan
nan nan nan
nan nan nan
nan nan nan
nan nan nan
nan nan nan
nan nan nan
nan nan nan
nan nan nan
nan nan nan
nan nan nan
nan nan nan
nan nan nan
nan nan nan
nan nan nan
nan nan nan
nan nan nan
nan nan nan
nan nan nan
nan nan nan
nan nan nan
nan nan nan
nan nan nan
nan nan nan
nan nan nan
nan nan nan
nan nan nan
nan nan nan
nan nan nan
nan nan nan
nan nan nan
nan nan nan
nan nan nan
nan nan nan
nan nan nan
nan nan nan
nan nan nan
nan nan nan
nan nan nan
nan nan nan
nan nan nan
nan nan nan
nan nan nan
nan nan nan
nan nan nan
nan nan nan
nan nan nan
nan nan nan
nan nan nan
nan nan nan
nan nan nan
nan nan nan
nan nan nan
nan nan nan
nan nan nan
nan nan nan
nan nan nan
nan nan nan
nan nan nan
nan nan nan
nan nan nan
nan nan nan
nan nan nan
nan nan nan
nan nan nan
nan nan nan
nan nan nan
nan nan nan
nan nan nan
nan nan nan
nan nan nan
nan nan nan
nan nan nan
nan nan nan
nan nan nan
nan nan nan
nan nan nan
nan nan nan
nan nan nan
nan nan nan
nan nan nan
nan nan nan
nan nan nan
nan nan nan
nan nan nan
nan nan nan
nan nan nan
nan nan nan
nan nan nan
nan nan nan
nan nan nan
nan nan nan
nan nan nan
nan nan nan
nan nan nan
nan nan nan
nan nan nan
nan nan nan
nan nan nan
nan nan nan
nan nan nan
nan nan nan
nan nan nan
nan nan nan
nan nan nan
nan nan nan
nan nan nan
nan nan nan
nan nan nan
nan nan nan
nan nan nan
nan nan nan
nan nan nan
nan nan nan
nan nan nan
nan nan nan
nan nan nan
nan nan nan
nan nan nan
nan nan nan
nan nan nan
nan nan nan
nan nan nan
nan nan nan
nan nan nan
nan nan nan
nan nan nan
nan nan nan
nan nan nan
nan nan nan
nan nan nan
nan nan nan
nan nan nan
nan nan nan
nan nan nan
nan nan nan
nan nan nan
nan nan nan
nan nan nan
nan nan nan
nan nan nan
nan nan nan
nan nan nan
nan nan nan
nan nan nan
nan nan nan
nan nan nan
nan nan nan
nan nan nan
nan nan nan
nan nan nan
nan nan nan
nan nan nan
nan nan nan
nan nan nan
nan nan nan
nan nan nan
nan nan nan
nan nan nan
nan nan nan
nan nan nan
nan nan nan
nan nan nan
nan nan nan
nan nan nan
nan nan nan
nan nan nan
nan nan nan
nan nan nan
nan nan nan
nan nan nan
nan nan nan
nan nan nan
nan nan nan
nan nan nan
nan nan nan
nan nan nan
nan nan nan
nan nan nan
nan nan nan
nan nan nan
nan nan nan
nan nan nan
nan nan nan
nan nan nan
nan nan nan
nan nan nan
nan nan nan
nan nan nan
nan nan nan
nan nan nan
nan nan nan
nan nan nan
nan nan nan
nan nan nan
nan nan nan
nan nan nan
nan nan nan
nan nan nan
nan nan nan
nan nan nan
nan nan nan
nan nan nan
nan nan nan
nan nan nan
nan nan nan
nan nan nan
nan nan nan
nan nan nan
nan nan nan
nan nan nan
nan nan nan
nan nan nan
nan nan nan
nan nan nan
nan nan nan
nan nan nan
nan nan nan
nan nan nan
nan nan nan
nan nan nan
nan nan nan
nan nan nan
nan nan nan
nan nan nan
nan nan nan
nan nan nan
nan nan nan
nan nan nan
nan nan nan
nan nan nan
nan nan nan
nan nan nan
nan nan nan
nan nan nan
nan nan nan
nan nan nan
nan nan nan
nan nan nan
nan nan nan
nan nan nan
nan nan nan
nan nan nan
nan nan nan
nan nan nan
nan nan nan
nan nan nan
nan nan nan
nan nan nan
nan nan nan
nan nan nan
nan nan nan
nan nan nan
nan nan nan
nan nan nan
nan nan nan
nan nan nan
nan nan nan
nan nan nan
nan nan nan
nan nan nan
nan nan nan
nan nan nan
nan nan nan
nan nan nan
nan nan nan
nan nan nan
nan nan nan
nan nan nan
nan nan nan
nan nan nan
nan nan nan
nan nan nan
nan nan nan
nan nan nan
nan nan nan
nan nan nan
nan nan nan
nan nan nan
nan nan nan
nan nan nan
nan nan nan
nan nan nan
nan nan nan
nan nan nan
nan nan nan
nan nan nan
nan nan nan
nan nan nan
nan nan nan
nan nan nan
nan nan nan
nan nan nan
nan nan nan
nan nan nan
nan nan nan
nan nan nan
nan nan nan
nan nan nan
nan nan nan
nan nan nan
nan nan nan
nan nan nan
nan nan nan
nan nan nan
nan nan nan
nan nan nan
nan nan nan
nan nan nan
nan nan nan
nan nan nan
nan nan nan
nan nan nan
nan nan nan
nan nan nan
nan nan nan
nan nan nan
nan nan nan
nan nan nan
nan nan nan
nan nan nan
nan nan nan
nan nan nan
nan nan nan
nan nan nan
nan nan nan
nan nan nan
nan nan nan
nan nan nan
nan nan nan
nan nan nan
nan nan nan
nan nan nan
nan nan nan
nan nan nan
nan nan nan
nan nan nan
nan nan nan
nan nan nan
nan nan nan
nan nan nan
nan nan nan
nan nan nan
nan nan nan
nan nan nan
nan nan nan
nan nan nan
nan nan nan
nan nan nan
nan nan nan
nan nan nan
nan nan nan
nan nan nan
nan nan nan
nan nan nan
nan nan nan
nan nan nan
nan nan nan
nan nan nan
nan nan nan
nan nan nan
nan nan nan
nan nan nan
nan nan nan
nan nan nan
nan nan nan
nan nan nan
nan nan nan
nan nan nan
nan nan nan
nan nan nan
nan nan nan
nan nan nan
nan nan nan
nan nan nan
nan nan nan
nan nan nan
nan nan nan
nan nan nan
nan nan nan
nan nan nan
nan nan nan
nan nan nan
nan nan nan
nan nan nan
nan nan nan
nan nan nan
nan nan nan
nan nan nan
nan nan nan
nan nan nan
nan nan nan
nan nan nan
nan nan nan
nan nan nan
nan nan nan
nan nan nan
nan nan nan
nan nan nan
nan nan nan
nan nan nan
nan nan nan
nan nan nan
nan nan nan
nan nan nan
nan nan nan
nan nan nan
nan nan nan
nan nan nan
nan nan nan
nan nan nan
nan nan nan
nan nan nan
nan nan nan
nan nan nan
nan nan nan
nan nan nan
nan nan nan
nan nan nan
nan nan nan
nan nan nan
nan nan nan
nan nan nan
nan nan nan
nan nan nan
nan nan nan
nan nan nan
nan nan nan
nan nan nan
nan nan nan
nan nan nan
nan nan nan
nan nan nan
nan nan nan
nan nan nan
nan nan nan
nan nan nan
nan nan nan
nan nan nan
nan nan nan
nan nan nan
nan nan nan
nan nan nan
nan nan nan
nan nan nan
nan nan nan
nan nan nan
nan nan nan
nan nan nan
nan nan nan
nan nan nan
nan nan nan
nan nan nan
nan nan nan
nan nan nan
nan nan nan
nan nan nan
nan nan nan
nan nan nan
nan nan nan
nan nan nan
nan nan nan
nan nan nan
nan nan nan
nan nan nan
nan nan nan
nan nan nan
nan nan nan
nan nan nan
nan nan nan
nan nan nan
nan nan nan
nan nan nan
nan nan nan
nan nan nan
nan nan nan
nan nan nan
nan nan nan
nan nan nan
nan nan nan
nan nan nan
nan nan nan
nan nan nan
nan nan nan
nan nan nan
nan nan nan
nan nan nan
nan nan nan
nan nan nan
nan nan nan
nan nan nan
nan nan nan
nan nan nan
nan nan nan
nan nan nan
nan nan nan
nan nan nan
nan nan nan
nan nan nan
nan nan nan
nan nan nan
nan nan nan
nan nan nan
nan nan nan
nan nan nan
nan nan nan
nan nan nan
nan nan nan
nan nan nan
nan nan nan
nan nan nan
nan nan nan
nan nan nan
nan nan nan
nan nan nan
nan nan nan
nan nan nan
nan nan nan
nan nan nan
nan nan nan
nan nan nan
nan nan nan
nan nan nan
nan nan nan
nan nan nan
nan nan nan
nan nan nan
nan nan nan
nan nan nan
nan nan nan
nan nan nan
nan nan nan
nan nan nan
nan nan nan
nan nan nan
nan nan nan
nan nan nan
nan nan nan
nan nan nan
nan nan nan
nan nan nan
nan nan nan
nan nan nan
nan nan nan
nan nan nan
nan nan nan
nan nan nan
nan nan nan
nan nan nan
nan nan nan
nan nan nan
nan nan nan
nan nan nan
nan nan nan
nan nan nan
nan nan nan
nan nan nan
nan nan nan
nan nan nan
nan nan nan
nan nan nan
nan nan nan
nan nan nan
nan nan nan
nan nan nan
nan nan nan
nan nan nan
nan nan nan
nan nan nan
nan nan nan
nan nan nan
nan nan nan
nan nan nan
nan nan nan
nan nan nan
nan nan nan
nan nan nan
nan nan nan
nan nan nan
nan nan nan
nan nan nan
nan nan nan
nan nan nan
nan nan nan
nan nan nan
nan nan nan
nan nan nan
nan nan nan
nan nan nan
nan nan nan
nan nan nan
nan nan nan
nan nan nan
nan nan nan
nan nan nan
nan nan nan
nan nan nan
nan nan nan
nan nan nan
nan nan nan
nan nan nan
nan nan nan
nan nan nan
nan nan nan
nan nan nan
nan nan nan
nan nan nan
nan nan nan
nan nan nan
nan nan nan
nan nan nan
nan nan nan
nan nan nan
nan nan nan
nan nan nan
nan nan nan
nan nan nan
nan nan nan
nan nan nan
nan nan nan
nan nan nan
nan nan nan
nan nan nan
nan nan nan
nan nan nan
nan nan nan
nan nan nan
nan nan nan
nan nan nan
nan nan nan
nan nan nan
nan nan nan
nan nan nan
nan nan nan
nan nan nan
nan nan nan
nan nan nan
nan nan nan
nan nan nan
nan nan nan
nan nan nan
nan nan nan
nan nan nan
nan nan nan
nan nan nan
nan nan nan
nan nan nan
nan nan nan
nan nan nan
nan nan nan
nan nan nan
nan nan nan
nan nan nan
nan nan nan
nan nan nan
nan nan nan
nan nan nan
nan nan nan
nan nan nan
nan nan nan
nan nan nan
nan nan nan
nan nan nan
nan nan nan
nan nan nan
nan nan nan
nan nan nan
nan nan nan
nan nan nan
nan nan nan
nan nan nan
nan nan nan
nan nan nan
nan nan nan
nan nan nan
nan nan nan
nan nan nan
nan nan nan
nan nan nan
nan nan nan
nan nan nan
nan nan nan
nan nan nan
nan nan nan
nan nan nan
nan nan nan
nan nan nan
nan nan nan
nan nan nan
nan nan nan
nan nan nan
nan nan nan
nan nan nan
nan nan nan
nan nan nan
nan nan nan
nan nan nan
nan nan nan
nan nan nan
nan nan nan
nan nan nan
nan nan nan
nan nan nan
nan nan nan
nan nan nan
nan nan nan
nan nan nan
nan nan nan
nan nan nan
nan nan nan
nan nan nan
nan nan nan
nan nan nan
nan nan nan
nan nan nan
nan nan nan
nan nan nan
nan nan nan
nan nan nan
nan nan nan
nan nan nan
nan nan nan
nan nan nan
nan nan nan
nan nan nan
nan nan nan
nan nan nan
nan nan nan
nan nan nan
nan nan nan
nan nan nan
nan nan nan
nan nan nan
nan nan nan
nan nan nan
nan nan nan
nan nan nan
nan nan nan
nan nan nan
nan nan nan
nan nan nan
nan nan nan
nan nan nan
nan nan nan
nan nan nan
nan nan nan
nan nan nan
nan nan nan
nan nan nan
nan nan nan
nan nan nan
nan nan nan
nan nan nan
nan nan nan
nan nan nan
nan nan nan
nan nan nan
nan nan nan
nan nan nan
nan nan nan
nan nan nan
nan nan nan
nan nan nan
nan nan nan
nan nan nan
nan nan nan
nan nan nan
nan nan nan
nan nan nan
nan nan nan
nan nan nan
nan nan nan
nan nan nan
nan nan nan
nan nan nan
nan nan nan
nan nan nan
-4.024 0.0 -0.025
-4.024 0.0 -0.025
-4.024 0.0 -0.025
-4.027 -0.056 0.017
-4.027 -0.056 0.017
-4.027 -0.056 0.017
-4.03 -0.113 0.059
-4.03 -0.113 0.059
-4.03 -0.113 0.059
-4.027 -0.169 0.101
-4.031 -0.17 0.101
-4.031 -0.17 0.101
-4.027 -0.226 0.143
-4.031 -0.226 0.143
-4.026 -0.283 0.185
-4.022 -0.282 0.185
-4.034 -0.283 0.185
-4.032 -0.34 0.228
-4.032 -0.34 0.228
-4.036 -0.34 0.228
-4.032 -0.397 0.27
-4.036 -0.398 0.27
-4.036 -0.398 0.27
-4.03 -0.455 0.313
-4.034 -0.455 0.313
-4.034 -0.455 0.313
-4.028 -0.512 0.355
-4.036 -0.513 0.356
-4.04 -0.513 0.356
-4.033 -0.57 0.399
-4.053 -0.573 0.401
-4.06 -0.574 0.402
-4.047 -0.631 0.444
-4.055 -0.632 0.445
-4.079 -0.636 0.446
-4.08 -0.696 0.491
-4.064 -0.693 0.489
-4.056 -0.692 0.489
-4.049 -0.75 0.532
-4.064 -0.753 0.533
-3.908 -0.782 0.555
-3.866 -0.773 0.55
-3.81 -0.819 0.584
-3.763 -0.809 0.577
-3.694 -0.794 0.566
-3.603 -0.828 0.592
-3.557 -0.818 0.585
-3.511 -0.807 0.578
-3.447 -0.845 0.606
-3.382 -0.829 0.595
-3.347 -0.821 0.588
-3.314 -0.863 0.62
-3.272 -0.852 0.612
-3.226 -0.841 0.604
-3.162 -0.873 0.628
-3.109 -0.858 0.617
-3.06 -0.845 0.608
-2.981 -0.87 0.627
-2.913 -0.85 0.613
-2.879 -0.886 0.64
-2.861 -0.88 0.636
-2.82 -0.868 0.626
-2.767 -0.896 0.649
-2.76 -0.894 0.647
-2.771 -0.897 0.649
-2.758 -0.939 0.68
-2.762 -0.94 0.681
-2.773 -0.944 0.684
-2.764 -0.986 0.715
-2.771 -0.989 0.717
-2.779 -0.991 0.719
-2.76 -1.031 0.749
-2.767 -1.034 0.751
-2.771 -1.035 0.752
-2.763 -1.08 0.785
-2.77 -1.083 0.787
-2.773 -1.084 0.788
-2.764 -1.128 0.821
-2.785 -1.137 0.828
-2.789 -1.139 0.828
-2.767 -1.179 0.859
-2.777 -1.183 0.862
-2.785 -1.186 0.864
-2.742 -1.217 0.887
-2.71 -1.203 0.877
-2.656 -1.228 0.895
-1.93 -0.893 0.651
-1.893 -0.911 0.665
-1.879 -0.905 0.66
-1.869 -0.9 0.656
-1.839 -0.921 0.672
-1.829 -0.916 0.669
-1.802 -0.937 0.685
-1.795 -0.934 0.683
-1.782 -0.927 0.677
-1.748 -0.945 0.69
-1.738 -0.939 0.686
-1.722 -0.93 0.68
-1.691 -0.949 0.693
-2.187 -1.272 0.931
-1.604 -0.933 0.683
-1.571 -0.948 0.694
-1.566 -0.945 0.692
-1.542 -0.965 0.707
-1.983 -1.285 0.943
-1.968 -1.275 0.935
-1.927 -1.294 0.949
-1.429 -0.96 0.704
-1.4 -0.973 0.714
-1.385 -0.964 0.707
-1.361 -0.947 0.694
-1.321 -0.952 0.699
-1.333 -0.96 0.705
-1.752 -1.307 0.96
-1.744 -1.301 0.955
-1.704 -1.316 0.966
-1.689 -1.305 0.958
-1.678 -1.296 0.952
-1.644 -1.315 0.966
-1.641 -1.312 0.965
-1.635 -1.308 0.961
-1.598 -1.324 0.973
-1.59 -1.317 0.968
-1.584 -1.312 0.964
-1.542 -1.322 0.972
-1.534 -1.315 0.967
-1.528 -1.311 0.963
-1.494 -1.327 0.976
-1.491 -1.324 0.975
-1.483 -1.317 0.969
-1.447 -1.331 0.979
-1.436 -1.321 0.972
-1.405 -1.338 0.985
-1.402 -1.336 0.983
-1.392 -1.326 0.976
-1.355 -1.338 0.985
-1.353 -1.335 0.984
-1.35 -1.333 0.982
-1.316 -1.346 0.992
-1.309 -1.339 0.986
-1.304 -1.334 0.982
-1.267 -1.344 0.99
-1.263 -1.339 0.986
-1.258 -1.334 0.982
-1.222 -1.343 0.99
-1.219 -1.341 0.988
-1.21 -1.33 0.98
-1.174 -1.339 0.987
-1.175 -1.34 0.988
-1.174 -1.339 0.987
-1.141 -1.351 0.996
-1.138 -1.347 0.993
-1.134 -1.343 0.99
-1.102 -1.355 0.999
-1.096 -1.348 0.994
-1.062 -1.356 1.0
-1.057 -1.351 0.996
-1.054 -1.347 0.993
-1.023 -1.358 1.003
-1.022 -1.357 1.002
-1.021 -1.356 1.001
-0.989 -1.367 1.009
-0.986 -1.363 1.006
-0.981 -1.356 1.001
-0.946 -1.361 1.005
-0.944 -1.358 1.003
-0.942 -1.355 1.0
-0.909 -1.364 1.007
-0.907 -1.361 1.005
-0.906 -1.358 1.003
-0.874 -1.368 1.011
-0.874 -1.368 1.011
-0.872 -1.365 1.009
-0.842 -1.375 1.016
-0.84 -1.372 1.014
-0.839 -1.371 1.013
-0.807 -1.38 1.02
-0.804 -1.374 1.015
-0.771 -1.38 1.02
-0.769 -1.376 1.017
-0.767 -1.373 1.015
-0.736 -1.38 1.02
-0.734 -1.376 1.017
-0.734 -1.376 1.017
-0.703 -1.385 1.024
-0.702 -1.383 1.023
-0.701 -1.382 1.022
-0.669 -1.387 1.026
-0.668 -1.385 1.025
-0.668 -1.384 1.024
-0.635 -1.388 1.027
-0.636 -1.39 1.028
-0.636 -1.39 1.028
-0.604 -1.394 1.031
-0.602 -1.391 1.029
-0.602 -1.389 1.028
-0.572 -1.396 1.033
-0.57 -1.394 1.031
-0.569 -1.391 1.029
-0.539 -1.397 1.035
-0.537 -1.394 1.032
-0.508 -1.401 1.038
-0.507 -1.4 1.037
-0.506 -1.398 1.036
-0.476 -1.405 1.041
-0.475 -1.404 1.039
-0.474 -1.4 1.037
-0.444 -1.407 1.042
-0.444 -1.407 1.042
-0.443 -1.404 1.039
-0.412 -1.41 1.044
-0.412 -1.41 1.044
-0.411 -1.406 1.042
-0.38 -1.41 1.045
-0.381 -1.412 1.047
-0.38 -1.41 1.045
-0.349 -1.414 1.048
-0.349 -1.414 1.048
-0.349 -1.412 1.047
-0.317 -1.414 1.048
-0.302 -1.679 1.245
-0.301 -1.676 1.243
-0.301 -1.673 1.24
-0.264 -1.677 1.243
-0.264 -1.677 1.243
-0.264 -1.677 1.243
-0.228 -1.677 1.244
-0.227 -1.673 1.242
-0.227 -1.673 1.242
-0.191 -1.676 1.244
-0.19 -1.673 1.242
-0.19 -1.667 1.237
-0.153 -1.666 1.236
-0.153 -1.666 1.236
-0.117 -1.664 1.235
-0.116 -1.661 1.233
-0.116 -1.661 1.233
-0.08 -1.662 1.235
-0.08 -1.659 1.232
-0.08 -1.659 1.232
-0.044 -1.657 1.23
-0.044 -1.657 1.23
-0.044 -1.66 1.233
-0.008 -1.654 1.228
-0.008 -1.647 1.223
-0.008 -1.647 1.223
0.028 -1.647 1.223
0.028 -1.644 1.221
0.028 -1.644 1.221
0.063 -1.643 1.22
0.064 -1.646 1.223
0.064 -1.648 1.224
0.099 -1.64 1.219
0.099 -1.645 1.223
0.099 -1.645 1.223
0.135 -1.64 1.219
0.135 -1.643 1.221
0.17 -1.638 1.217
0.17 -1.638 1.217
0.17 -1.638 1.217
0.206 -1.635 1.215
0.206 -1.634 1.214
0.206 -1.635 1.215
0.242 -1.632 1.214
0.242 -1.632 1.214
0.242 -1.632 1.214
0.277 -1.628 1.211
0.278 -1.631 1.214
0.278 -1.635 1.216
0.314 -1.63 1.213
0.314 -1.63 1.213
0.314 -1.63 1.213
0.348 -1.622 1.207
0.348 -1.622 1.207
0.35 -1.629 1.212
0.385 -1.623 1.208
0.386 -1.627 1.21
0.387 -1.63 1.212
0.42 -1.618 1.204
0.419 -1.615 1.202
0.421 -1.621 1.207
0.459 -1.624 1.209
0.459 -1.624 1.209
0.46 -1.627 1.211
0.495 -1.62 1.206
0.495 -1.62 1.206
0.496 -1.623 1.209
0.532 -1.619 1.205
0.533 -1.622 1.208
0.569 -1.614 1.203
0.57 -1.618 1.205
0.57 -1.618 1.205
0.606 -1.612 1.201
0.636 -1.588 1.183
0.624 -1.559 1.162
0.612 -1.53 1.14
0.637 -1.501 1.119
0.629 -1.483 1.106
0.619 -1.46 1.089
0.639 -1.426 1.063
0.629 -1.403 1.046
0.622 -1.385 1.033
0.642 -1.355 1.01
0.634 -1.339 0.998
0.654 -1.312 0.978
0.646 -1.295 0.966
0.638 -1.279 0.954
0.656 -1.252 0.934
0.649 -1.239 0.924
0.641 -1.224 0.913
0.658 -1.197 0.893
0.65 -1.184 0.883
0.643 -1.169 0.872
0.659 -1.144 0.853
0.652 -1.131 0.844
0.643 -1.116 0.833
0.66 -1.094 0.816
0.652 -1.081 0.807
0.668 -1.06 0.791
0.661 -1.049 0.783
0.652 -1.036 0.773
0.669 -1.018 0.76
0.664 -1.009 0.754
0.656 -0.998 0.745
0.671 -0.979 0.731
0.664 -0.969 0.724
0.657 -0.958 0.715
0.672 -0.94 0.702
0.666 -0.932 0.696
0.66 -0.923 0.69
0.674 -0.906 0.677
0.667 -0.896 0.669
0.679 -0.877 0.655
0.674 -0.871 0.651
0.668 -0.863 0.645
0.68 -0.846 0.632
0.674 -0.838 0.626
0.668 -0.831 0.621
0.68 -0.815 0.609
0.675 -0.808 0.604
0.668 -0.8 0.598
0.68 -0.784 0.586
0.676 -0.78 0.583
0.672 -0.775 0.579
0.683 -0.759 0.567
0.677 -0.752 0.563
0.672 -0.746 0.558
0.684 -0.732 0.548
0.679 -0.727 0.544
0.673 -0.721 0.539
0.684 -0.706 0.528
0.679 -0.701 0.525
0.689 -0.686 0.514
0.685 -0.683 0.511
0.682 -0.679 0.508
0.691 -0.664 0.497
0.687 -0.661 0.495
0.682 -0.656 0.491
0.692 -0.642 0.481
0.69 -0.64 0.479
0.685 -0.635 0.476
0.693 -0.62 0.465
0.689 -0.617 0.462
0.685 -0.613 0.459
0.694 -0.6 0.45
0.691 -0.598 0.448
0.699 -0.583 0.437
0.696 -0.581 0.435
0.692 -0.577 0.433
0.7 -0.564 0.423
0.696 -0.561 0.421
0.693 -0.559 0.419
0.701 -0.545 0.409
0.698 -0.543 0.407
0.693 -0.54 0.405
0.703 -0.528 0.396
0.699 -0.525 0.394
0.696 -0.522 0.392
0.704 -0.51 0.383
0.701 -0.508 0.381
0.697 -0.505 0.379
0.704 -0.493 0.37
0.701 -0.491 0.369
0.698 -0.489 0.367
0.706 -0.477 0.358
0.704 -0.476 0.357
0.71 -0.463 0.348
0.707 -0.461 0.346
0.704 -0.459 0.345
0.712 -0.448 0.337
0.707 -0.445 0.334
0.706 -0.444 0.334
0.712 -0.432 0.325
0.709 -0.43 0.323
0.706 -0.428 0.322
0.713 -0.417 0.314
0.712 -0.416 0.313
0.708 -0.414 0.312
0.716 -0.403 0.305
0.712 -0.402 0.302
0.709 -0.4 0.301
0.714 -0.388 0.292
0.711 -0.386 0.291
0.709 -0.385 0.29
0.714 -0.373 0.281
0.713 -0.373 0.281
0.717 -0.361 0.273
0.715 -0.36 0.271
0.714 -0.359 0.271
0.72 -0.348 0.264
0.718 -0.347 0.263
0.716 -0.346 0.262
0.72 -0.335 0.254
0.717 -0.333 0.252
0.715 -0.332 0.252
0.72 -0.321 0.244
0.717 -0.32 0.243
0.717 -0.32 0.243
0.721 -0.308 0.234
0.719 -0.308 0.233
0.716 -0.306 0.232
0.722 -0.296 0.225
0.721 -0.295 0.224
0.719 -0.294 0.224
0.723 -0.284 0.216
0.722 -0.283 0.215
0.726 -0.272 0.207
0.724 -0.271 0.207
0.722 -0.271 0.206
0.726 -0.26 0.198
0.723 -0.259 0.197
0.724 -0.259 0.198
0.73 -0.249 0.19
0.734 -0.25 0.191
0.741 -0.241 0.184
0.199 0.055 -0.04
0.2 0.055 -0.04
0.2 0.055 -0.04
0.779 0.227 -0.164
0.199 0.058 -0.042
0.779 0.227 -0.164
0.2 0.058 -0.042
0.777 0.227 -0.163
0.768 0.236 -0.171
0.767 0.236 -0.17
0.199 0.061 -0.045
0.759 0.234 -0.168
0.75 0.243 -0.175
0.759 0.246 -0.178
0.761 0.247 -0.178
0.756 0.257 -0.186
0.759 0.258 -0.187
0.763 0.26 -0.188
0.757 0.27 -0.196
0.759 0.271 -0.196
0.761 0.272 -0.197
0.757 0.283 -0.205
0.76 0.284 -0.206
0.762 0.285 -0.207
0.758 0.296 -0.215
0.76 0.297 -0.216
0.761 0.298 -0.216
0.757 0.309 -0.225
0.76 0.311 -0.226
0.762 0.311 -0.226
0.757 0.323 -0.235
0.759 0.323 -0.235
0.756 0.336 -0.244
0.759 0.337 -0.245
0.761 0.338 -0.246
0.757 0.35 -0.255
0.761 0.352 -0.256
0.762 0.352 -0.257
0.756 0.364 -0.265
0.76 0.366 -0.266
0.763 0.367 -0.268
0.757 0.379 -0.276
0.76 0.38 -0.277
0.755 0.393 -0.287
1.692 0.914 -0.668
1.677 0.94 -0.687
1.86 1.043 -0.762
1.824 1.061 -0.777
1.817 1.057 -0.774
1.817 1.057 -0.774
1.794 1.082 -0.793
1.781 1.075 -0.787
1.768 1.067 -0.781
1.643 1.065 -0.781
1.556 1.008 -0.739
1.505 1.047 -0.769
1.453 1.046 -0.768
1.536 1.107 -0.812
1.53 1.102 -0.809
1.503 1.121 -0.824
1.5 1.119 -0.822
1.498 1.118 -0.821
1.467 1.133 -0.833
1.464 1.131 -0.831
1.436 1.149 -0.844
1.35 1.08 -0.794
1.335 1.105 -0.813
1.685 1.444 -1.062
1.674 1.435 -1.056
1.621 1.439 -1.059
1.61 1.429 -1.052
1.6 1.42 -1.045
1.561 1.435 -1.056
1.553 1.427 -1.05
1.545 1.42 -1.045
1.509 1.437 -1.058
1.28 1.263 -0.93
1.281 1.264 -0.931
1.284 1.267 -0.933
1.258 1.287 -0.948
1.262 1.291 -0.95
1.329 1.408 -1.038
1.331 1.411 -1.04
1.331 1.411 -1.04
1.295 1.424 -1.049
1.286 1.413 -1.042
1.277 1.403 -1.034
1.241 1.415 -1.043
1.239 1.413 -1.041
1.232 1.405 -1.035
1.197 1.416 -1.045
1.192 1.411 -1.041
1.188 1.406 -1.037
1.159 1.425 -1.051
1.162 1.427 -1.053
1.124 1.435 -1.059
1.113 1.422 -1.049
1.109 1.416 -1.045
1.078 1.431 -1.056
1.076 1.429 -1.054
1.074 1.426 -1.052
1.041 1.438 -1.061
1.039 1.435 -1.059
1.035 1.429 -1.056
1.002 1.441 -1.064
0.998 1.435 -1.06
0.999 1.437 -1.061
0.976 1.463 -1.081
0.974 1.46 -1.078
0.966 1.447 -1.069
0.935 1.462 -1.08
0.942 1.474 -1.088
0.962 1.505 -1.112
0.949 1.55 -1.145
0.966 1.579 -1.167
1.259 2.151 -1.589
1.207 2.159 -1.596
1.203 2.15 -1.589
1.017 1.907 -1.41
1.026 1.924 -1.423
1.089 2.144 -1.585
1.084 2.135 -1.578
1.035 2.144 -1.586
1.029 2.132 -1.577
0.98 2.139 -1.583
0.977 2.133 -1.578
0.973 2.124 -1.572
0.924 2.131 -1.577
0.922 2.125 -1.572
0.92 2.122 -1.57
0.872 2.129 -1.576
0.869 2.123 -1.571
0.868 2.12 -1.569
0.819 2.125 -1.573
0.818 2.122 -1.571
0.817 2.119 -1.569
0.771 2.13 -1.577
0.77 2.127 -1.575
0.767 2.121 -1.57
0.719 2.125 -1.574
0.718 2.122 -1.572
0.669 2.122 -1.572
0.667 2.116 -1.567
0.665 2.109 -1.563
0.617 2.112 -1.565
0.616 2.106 -1.56
0.616 2.106 -1.56
0.569 2.111 -1.564
0.568 2.108 -1.561
0.568 2.108 -1.561
0.521 2.109 -1.563
0.52 2.106 -1.561
0.518 2.099 -1.556
0.472 2.103 -1.559
0.472 2.103 -1.559
0.471 2.1 -1.557
0.424 2.1 -1.556
0.424 2.097 -1.554
0.424 2.097 -1.554
0.378 2.102 -1.559
0.377 2.099 -1.557
0.377 2.096 -1.554
0.331 2.097 -1.556
0.331 2.097 -1.556
0.331 2.097 -1.556
0.284 2.095 -1.554
0.284 2.092 -1.552
0.239 2.099 -1.558
0.238 2.092 -1.553
0.237 2.086 -1.548
0.192 2.085 -1.548
0.192 2.085 -1.548
0.192 2.085 -1.548
0.146 2.088 -1.549
0.146 2.088 -1.549
0.146 2.084 -1.547
0.101 2.083 -1.546
0.101 2.083 -1.546
0.1 2.076 -1.541
0.055 2.077 -1.543
0.055 2.081 -1.545
0.055 2.077 -1.543
0.01 2.071 -1.538
0.01 2.071 -1.538
0.01 2.071 -1.538
-0.035 2.071 -1.538
-0.035 2.071 -1.538
-0.035 2.068 -1.536
-0.08 2.067 -1.536
-0.08 2.07 -1.538
-0.08 2.073 -1.541
-0.125 2.068 -1.537
-0.125 2.065 -1.535
-0.17 2.063 -1.533
-0.17 2.066 -1.536
-0.17 2.069 -1.538
-0.215 2.067 -1.536
-0.215 2.067 -1.536
-0.215 2.067 -1.536
-0.26 2.063 -1.534
-0.26 2.063 -1.534
-0.26 2.06 -1.532
-0.304 2.053 -1.526
-0.304 2.056 -1.529
-0.305 2.062 -1.534
-0.35 2.057 -1.53
-0.35 2.057 -1.53
-0.351 2.061 -1.532
-0.395 2.052 -1.527
-0.395 2.052 -1.527
-0.395 2.055 -1.529
-0.44 2.049 -1.525
-0.441 2.052 -1.527
-0.441 2.052 -1.527
-0.485 2.046 -1.522
-0.485 2.046 -1.522
-0.486 2.049 -1.525
-0.531 2.042 -1.519
-0.531 2.045 -1.522
-0.577 2.04 -1.519
-0.578 2.043 -1.521
-0.578 2.043 -1.521
-0.623 2.038 -1.517
-0.62 2.025 -1.508
-0.616 2.013 -1.499
-0.661 2.007 -1.494
-0.664 2.016 -1.501
-0.666 2.022 -1.506
-0.71 2.013 -1.499
-0.71 2.013 -1.499
-0.713 2.022 -1.507
-0.758 2.015 -1.501
-0.757 2.011 -1.499
-0.758 2.015 -1.501
-0.802 2.003 -1.493
-0.804 2.01 -1.497
-0.807 2.016 -1.502
-0.852 2.007 -1.496
-0.85 2.004 -1.493
-0.852 2.007 -1.496
-0.899 2.004 -1.494
-0.902 2.01 -1.499
-0.904 2.013 -1.501
-0.947 2.0 -1.491
-0.949 2.003 -1.493
-0.996 1.998 -1.49
-0.999 2.004 -1.494
-0.998 2.001 -1.492
-1.043 1.989 -1.484
-1.046 1.995 -1.489
-1.049 2.001 -1.493
-1.092 1.986 -1.482
-1.094 1.989 -1.484
-1.097 1.995 -1.489
-1.144 1.985 -1.481
-1.146 1.988 -1.483
-1.147 1.991 -1.485
-1.194 1.98 -1.478
-1.192 1.977 -1.476
-1.197 1.986 -1.483
-1.248 1.98 -1.478
-1.248 1.98 -1.478
-1.253 1.989 -1.485
-1.302 1.979 -1.478
-1.306 1.985 -1.482
-1.306 1.985 -1.482
-1.35 1.969 -1.471
-1.356 1.977 -1.477
-1.36 1.983 -1.482
-1.409 1.972 -1.473
-1.415 1.98 -1.48
-1.417 1.983 -1.482
-1.462 1.965 -1.469
-1.468 1.974 -1.475
-1.513 1.955 -1.462
-1.517 1.961 -1.466
-1.521 1.966 -1.47
-1.57 1.953 -1.46
-1.577 1.961 -1.466
-1.581 1.966 -1.47
-1.628 1.949 -1.457
-1.633 1.954 -1.461
-1.64 1.962 -1.467
-1.691 1.949 -1.459
-1.696 1.954 -1.463
-1.698 1.957 -1.464
-1.75 1.943 -1.454
-1.754 1.948 -1.458
-1.801 1.929 -1.443
-1.53 1.639 -1.227
-1.568 1.62 -1.213
-1.877 1.938 -1.452
-1.89 1.951 -1.461
-1.944 1.937 -1.45
-1.947 1.939 -1.452
-1.952 1.944 -1.456
-2.004 1.926 -1.443
-2.009 1.931 -1.447
-2.056 1.907 -1.43
-1.461 1.355 -1.015
-1.493 1.336 -1.002
-1.487 1.332 -0.998
-1.477 1.322 -0.991
-1.497 1.294 -0.97
-1.489 1.287 -0.965
-1.489 1.287 -0.965
-1.519 1.268 -0.952
-1.514 1.264 -0.948
-1.535 1.238 -0.929
-1.524 1.228 -0.922
-1.513 1.219 -0.916
-1.536 1.196 -0.898
-1.533 1.193 -0.896
-1.531 1.191 -0.895
-1.562 1.174 -0.882
-1.571 1.18 -0.887
-1.574 1.183 -0.888
-1.612 1.169 -0.878
-1.615 1.171 -0.88
-1.612 1.169 -0.878
-1.652 1.157 -0.869
-1.673 1.171 -0.881
-1.685 1.18 -0.887
-1.72 1.162 -0.874
-1.726 1.166 -0.877
-1.738 1.175 -0.883
-1.773 1.156 -0.869
-1.789 1.166 -0.877
-1.797 1.172 -0.882
-1.836 1.155 -0.869
-1.855 1.166 -0.878
-1.866 1.174 -0.884
-1.902 1.154 -0.869
-1.912 1.16 -0.873
-1.921 1.165 -0.877
-1.966 1.15 -0.866
-1.982 1.159 -0.873
-1.998 1.168 -0.881
-2.043 1.151 -0.868
-2.056 1.159 -0.873
-2.063 1.162 -0.876
-2.091 1.135 -0.856
-2.107 1.144 -0.863
-2.152 1.125 -0.849
-2.186 1.099 -0.83
-2.708 1.361 -1.028
-2.708 1.361 -1.028
-2.694 1.355 -1.023
-2.706 1.308 -0.989
-2.689 1.3 -0.982
-2.706 1.257 -0.951
-2.71 1.259 -0.952
-2.713 1.26 -0.953
-2.733 1.219 -0.922
-2.723 1.214 -0.919
-2.719 1.213 -0.918
-2.742 1.173 -0.888
-2.742 1.173 -0.888
-2.745 1.174 -0.889
-2.789 1.143 -0.867
-2.811 1.152 -0.873
-2.821 1.156 -0.877
-2.857 1.121 -0.85
-2.871 1.126 -0.854
-2.886 1.132 -0.859
-2.935 1.101 -0.835
-2.96 1.11 -0.843
-2.986 1.12 -0.851
-3.043 1.089 -0.828
-3.083 1.104 -0.839
-3.15 1.075 -0.819
-3.357 1.146 -0.872
-3.36 1.147 -0.873
-3.374 1.096 -0.835
-3.363 1.092 -0.832
-3.363 1.092 -0.832
-3.386 1.045 -0.797
-3.371 1.04 -0.794
-3.4 0.995 -0.76
-3.404 0.996 -0.761
-3.382 0.99 -0.756
-3.4 0.941 -0.72
-3.404 0.942 -0.721
-3.404 0.942 -0.721
-3.42 0.893 -0.685
-2.862 0.703 -0.54
-2.866 0.704 -0.541
-2.893 0.711 -0.546
-2.931 0.675 -0.52
-2.95 0.68 -0.524
-2.962 0.682 -0.526
-2.999 0.646 -0.499
-3.022 0.651 -0.502
-3.168 0.635 -0.491
-3.195 0.64 -0.495
-3.279 0.608 -0.473
-3.349 0.621 -0.482
-3.54 0.657 -0.51
-3.847 0.657 -0.512
-3.935 0.615 -0.481
-3.951 0.617 -0.483
-3.81 0.54 -0.425
-2.878 0.408 -0.321
-2.902 0.369 -0.292
-2.898 0.369 -0.292
-2.902 0.369 -0.292
-2.925 0.33 -0.263
-2.929 0.331 -0.264
-2.953 0.291 -0.235
-2.973 0.293 -0.237
-2.977 0.294 -0.237
-3.01 0.254 -0.208
-3.058 0.258 -0.211
-3.868 0.272 -0.226
-3.848 0.27 -0.225
-3.882 0.218 -0.186
-3.886 0.218 -0.186
-3.854 0.216 -0.185
-3.89 0.164 -0.146
-3.886 0.164 -0.145
-3.85 0.162 -0.144
-3.833 0.107 -0.104
-4.025 0.113 -0.109
-4.027 0.056 -0.067
-4.027 0.056 -0.067
-4.027 0.056 -0.067
-4.024 0.0 0.012
-4.024 0.0 0.012
-4.024 0.0 0.012
-4.031 -0.058 0.052
-4.027 -0.058 0.052
-4.027 -0.058 0.052
-4.026 -0.116 0.092
-4.026 -0.116 0.092
-4.03 -0.116 0.092
-4.026 -0.174 0.132
-4.026 -0.174 0.132
-4.03 -0.174 0.132
-4.026 -0.232 0.172
-4.026 -0.232 0.172
-4.03 -0.232 0.172
-4.028 -0.29 0.212
-4.028 -0.29 0.212
-4.029 -0.349 0.252
-4.029 -0.349 0.252
-4.033 -0.349 0.252
-4.029 -0.408 0.292
-4.029 -0.408 0.292
-4.029 -0.408 0.292
-4.031 -0.467 0.333
-4.039 -0.468 0.334
-4.035 -0.467 0.333
-4.025 -0.525 0.373
-4.037 -0.527 0.374
-4.056 -0.53 0.376
-4.041 -0.587 0.416
-4.049 -0.588 0.417
-4.056 -0.59 0.417
-4.043 -0.648 0.457
-4.075 -0.653 0.461
-4.075 -0.653 0.461
-4.052 -0.71 0.5
-4.076 -0.714 0.503
-4.092 -0.717 0.505
-4.067 -0.774 0.544
-4.028 -0.767 0.539
-3.957 -0.813 0.571
-3.93 -0.808 0.567
-3.781 -0.835 0.585
-3.723 -0.822 0.576
-3.653 -0.807 0.566
-3.578 -0.846 0.593
-3.516 -0.831 0.582
-3.47 -0.82 0.574
-3.41 -0.86 0.601
-3.36 -0.847 0.592
-3.299 -0.832 0.582
-3.228 -0.865 0.605
-3.186 -0.854 0.596
-3.148 -0.843 0.589
-3.088 -0.877 0.612
-3.039 -0.863 0.602
-2.974 -0.845 0.59
-2.904 -0.871 0.608
-2.885 -0.866 0.604
-2.851 -0.902 0.628
-2.832 -0.897 0.624
-2.784 -0.881 0.614
-2.735 -0.911 0.635
-2.754 -0.917 0.639
-2.765 -0.921 0.641
-2.748 -0.962 0.669
-2.756 -0.965 0.671
-2.767 -0.968 0.674
-2.757 -1.012 0.704
-2.764 -1.015 0.706
-2.772 -1.018 0.708
-2.753 -1.059 0.736
-2.76 -1.061 0.738
-2.768 -1.064 0.74
-2.756 -1.108 0.77
-2.763 -1.111 0.772
-2.766 -1.113 0.773
-2.757 -1.158 0.804
-2.774 -1.166 0.809
-2.778 -1.167 0.81
-2.76 -1.21 0.84
-2.756 -1.209 0.839
-2.732 -1.198 0.831
-2.684 -1.227 0.852
-2.664 -1.218 0.845
-2.612 -1.244 0.863
-2.588 -1.233 0.856
-2.564 -1.221 0.848
-1.873 -0.929 0.644
-1.867 -0.925 0.642
-1.826 -0.941 0.652
-1.803 -0.929 0.644
-1.769 -0.948 0.657
-1.752 -0.939 0.651
-1.739 -0.932 0.646
-1.699 -0.946 0.655
-1.684 -0.937 0.649
-1.673 -0.931 0.645
-1.641 -0.948 0.657
-1.63 -0.942 0.652
-1.62 -0.936 0.648
-1.589 -0.952 0.66
-1.582 -0.948 0.657
-1.577 -0.945 0.655
-1.549 -0.963 0.667
-1.538 -0.956 0.662
-1.525 -0.948 0.657
-1.495 -0.964 0.667
-1.486 -0.958 0.663
-1.454 -0.972 0.672
-1.448 -0.968 0.669
-1.439 -0.961 0.665
-1.409 -0.976 0.675
-1.403 -0.971 0.672
-1.397 -0.967 0.669
-1.369 -0.982 0.679
-1.356 -0.973 0.673
-1.347 -0.967 0.669
-1.312 -0.975 0.674
-1.294 -0.962 0.665
-1.282 -0.953 0.659
-1.252 -0.963 0.666
-1.241 -0.955 0.661
-1.233 -0.949 0.656
-1.205 -0.961 0.664
-1.201 -0.957 0.662
-1.183 -0.977 0.675
-1.589 -1.312 0.907
-1.553 -1.328 0.918
-1.545 -1.321 0.913
-1.542 -1.318 0.911
-1.508 -1.335 0.922
-1.497 -1.326 0.916
-1.489 -1.319 0.911
-1.453 -1.333 0.92
-1.445 -1.325 0.915
-1.44 -1.32 0.912
-1.406 -1.336 0.922
-1.401 -1.331 0.919
-1.396 -1.326 0.916
-1.36 -1.338 0.924
-1.352 -1.331 0.919
-1.319 -1.345 0.929
-1.314 -1.34 0.925
-1.309 -1.335 0.922
-1.275 -1.348 0.931
-1.27 -1.343 0.927
-1.263 -1.335 0.922
-1.227 -1.345 0.929
-1.226 -1.344 0.928
-1.225 -1.343 0.927
-1.191 -1.355 0.935
-1.186 -1.348 0.931
-1.18 -1.341 0.926
-1.15 -1.357 0.936
-1.143 -1.349 0.93
-1.136 -1.341 0.925
-1.104 -1.353 0.933
-1.101 -1.349 0.93
-1.099 -1.346 0.928
-1.068 -1.359 0.937
-1.067 -1.357 0.936
-1.03 -1.363 0.94
-1.026 -1.357 0.936
-1.025 -1.356 0.935
-0.991 -1.363 0.94
-0.986 -1.356 0.935
-0.984 -1.353 0.933
-0.954 -1.366 0.942
-0.953 -1.364 0.941
-0.952 -1.363 0.94
-0.919 -1.371 0.945
-0.916 -1.366 0.942
-0.914 -1.364 0.941
-0.884 -1.375 0.948
-0.881 -1.369 0.944
-0.877 -1.363 0.94
-0.846 -1.373 0.947
-0.844 -1.37 0.945
-0.842 -1.367 0.943
-0.812 -1.378 0.949
-0.811 -1.376 0.948
-0.809 -1.372 0.945
-0.778 -1.38 0.951
-0.774 -1.373 0.946
-0.744 -1.382 0.952
-0.745 -1.384 0.953
-0.743 -1.381 0.951
-0.71 -1.385 0.954
-0.708 -1.381 0.951
-0.709 -1.382 0.952
-0.679 -1.391 0.958
-0.677 -1.386 0.955
-0.674 -1.381 0.952
-0.643 -1.388 0.956
-0.643 -1.386 0.955
-0.642 -1.385 0.954
-0.612 -1.392 0.959
-0.611 -1.391 0.958
-0.61 -1.388 0.956
-0.58 -1.396 0.962
-0.58 -1.395 0.961
-0.578 -1.392 0.959
-0.547 -1.395 0.961
-0.547 -1.395 0.961
-0.547 -1.395 0.961
-0.517 -1.401 0.965
-0.516 -1.4 0.964
-0.515 -1.396 0.962
-0.485 -1.404 0.966
-0.485 -1.402 0.965
-0.456 -1.41 0.971
-0.455 -1.409 0.97
-0.454 -1.406 0.967
-0.424 -1.412 0.972
-0.424 -1.41 0.971
-0.423 -1.407 0.969
-0.392 -1.412 0.971
-0.392 -1.412 0.971
-0.392 -1.412 0.971
-0.362 -1.414 0.973
-0.361 -1.412 0.972
-0.361 -1.412 0.972
-0.331 -1.416 0.974
-0.331 -1.414 0.973
-0.301 -1.419 0.976
-0.324 -1.699 1.169
-0.316 -1.877 1.291
-0.314 -1.867 1.285
-0.313 -1.86 1.28
-0.273 -1.862 1.281
-0.273 -1.858 1.279
-0.272 -1.852 1.274
-0.232 -1.852 1.274
-0.232 -1.852 1.274
-0.232 -1.852 1.274
-0.192 -1.845 1.27
-0.192 -1.845 1.27
-0.192 -1.849 1.272
-0.153 -1.845 1.268
-0.153 -1.845 1.268
-0.153 -1.848 1.271
-0.113 -1.843 1.267
-0.113 -1.843 1.267
-0.113 -1.84 1.265
-0.074 -1.838 1.264
-0.074 -1.838 1.264
-0.035 -1.839 1.264
-0.035 -1.839 1.264
-0.035 -1.839 1.264
0.004 -1.836 1.262
0.004 -1.833 1.26
0.004 -1.836 1.262
0.043 -1.836 1.262
0.043 -1.832 1.26
0.043 -1.826 1.255
0.081 -1.828 1.257
0.081 -1.828 1.257
0.081 -1.828 1.257
0.12 -1.827 1.256
0.12 -1.824 1.254
0.12 -1.824 1.254
0.159 -1.825 1.255
0.159 -1.825 1.255
0.159 -1.825 1.255
0.197 -1.822 1.252
0.197 -1.816 1.247
0.236 -1.816 1.248
0.236 -1.816 1.248
0.236 -1.816 1.248
0.274 -1.812 1.245
0.274 -1.812 1.245
0.274 -1.812 1.245
0.312 -1.808 1.242
0.312 -1.808 1.242
0.311 -1.802 1.238
0.349 -1.797 1.235
0.351 -1.804 1.239
0.351 -1.804 1.239
0.389 -1.798 1.235
0.39 -1.805 1.24
0.39 -1.805 1.24
0.428 -1.799 1.236
0.428 -1.799 1.236
0.429 -1.802 1.238
0.468 -1.799 1.236
0.469 -1.802 1.238
0.469 -1.802 1.238
0.507 -1.795 1.233
0.509 -1.802 1.237
0.51 -1.805 1.239
0.546 -1.791 1.229
0.547 -1.794 1.232
0.549 -1.801 1.236
0.587 -1.792 1.23
0.585 -1.786 1.226
0.615 -1.755 1.205
0.613 -1.749 1.2
0.613 -1.749 1.2
0.638 -1.712 1.175
0.628 -1.683 1.155
0.616 -1.652 1.134
0.641 -1.619 1.111
0.633 -1.599 1.097
0.622 -1.571 1.078
0.644 -1.535 1.053
0.634 -1.51 1.036
0.624 -1.487 1.02
0.647 -1.459 1.001
0.638 -1.439 0.987
0.628 -1.415 0.971
0.648 -1.385 0.95
0.639 -1.366 0.937
0.659 -1.337 0.917
0.65 -1.32 0.906
0.641 -1.302 0.893
0.662 -1.279 0.877
0.655 -1.265 0.868
0.647 -1.25 0.857
0.663 -1.224 0.84
0.654 -1.207 0.828
0.645 -1.189 0.816
0.661 -1.165 0.799
0.657 -1.158 0.794
0.657 -1.158 0.794
0.684 -1.152 0.79
0.685 -1.154 0.791
0.688 -1.158 0.794
0.715 -1.153 0.791
0.717 -1.157 0.794
0.668 -1.032 0.707
0.658 -1.017 0.697
0.673 -0.997 0.684
0.666 -0.987 0.677
0.659 -0.977 0.67
0.674 -0.959 0.657
0.669 -0.952 0.653
0.662 -0.942 0.646
0.676 -0.924 0.633
0.671 -0.917 0.628
0.665 -0.91 0.623
0.678 -0.892 0.611
0.671 -0.882 0.604
0.684 -0.865 0.593
0.677 -0.857 0.587
0.671 -0.849 0.581
0.684 -0.833 0.571
0.68 -0.828 0.567
0.674 -0.821 0.563
0.686 -0.805 0.551
0.68 -0.798 0.547
0.674 -0.791 0.542
0.686 -0.776 0.532
0.68 -0.769 0.527
0.676 -0.764 0.523
0.687 -0.749 0.513
0.681 -0.742 0.508
0.676 -0.737 0.505
0.686 -0.722 0.494
0.682 -0.718 0.492
0.692 -0.703 0.481
0.687 -0.698 0.478
0.683 -0.694 0.475
0.694 -0.68 0.466
0.69 -0.677 0.463
0.686 -0.673 0.461
0.694 -0.657 0.45
0.69 -0.653 0.447
0.685 -0.648 0.444
0.696 -0.636 0.435
0.692 -0.632 0.433
0.686 -0.627 0.429
0.695 -0.614 0.42
0.693 -0.611 0.418
0.703 -0.599 0.41
0.698 -0.595 0.407
0.693 -0.59 0.404
0.701 -0.577 0.395
0.7 -0.576 0.394
0.695 -0.572 0.391
0.703 -0.559 0.382
0.7 -0.556 0.381
0.697 -0.554 0.379
0.705 -0.541 0.37
0.7 -0.537 0.367
0.697 -0.535 0.366
0.706 -0.523 0.357
0.703 -0.521 0.356
0.7 -0.518 0.354
0.707 -0.506 0.346
0.704 -0.504 0.344
0.701 -0.502 0.343
0.709 -0.489 0.334
0.704 -0.486 0.332
0.711 -0.474 0.324
0.71 -0.473 0.323
0.707 -0.471 0.322
0.712 -0.458 0.313
0.709 -0.456 0.311
0.705 -0.454 0.31
0.712 -0.441 0.301
0.71 -0.44 0.301
0.709 -0.439 0.3
0.715 -0.427 0.292
0.711 -0.425 0.29
0.708 -0.423 0.289
0.714 -0.411 0.281
0.712 -0.41 0.28
0.71 -0.409 0.279
0.716 -0.397 0.271
0.712 -0.395 0.27
0.719 -0.384 0.262
0.717 -0.383 0.262
0.716 -0.382 0.261
0.72 -0.37 0.253
0.717 -0.369 0.251
0.715 -0.368 0.251
0.721 -0.357 0.243
0.718 -0.355 0.242
0.716 -0.354 0.241
0.723 -0.344 0.234
0.72 -0.342 0.233
0.718 -0.341 0.233
0.722 -0.329 0.224
0.72 -0.328 0.224
0.718 -0.328 0.223
0.723 -0.316 0.216
0.721 -0.316 0.215
0.718 -0.314 0.214
0.723 -0.303 0.206
0.721 -0.302 0.206
0.725 -0.291 0.198
0.724 -0.29 0.198
0.722 -0.29 0.197
0.726 -0.279 0.19
0.724 -0.278 0.189
0.722 -0.277 0.189
0.726 -0.266 0.181
0.725 -0.265 0.181
0.725 -0.265 0.181
0.73 -0.255 0.173
0.73 -0.255 0.173
0.738 -0.246 0.167
0.213 0.054 -0.038
0.208 0.056 -0.039
0.203 0.058 -0.041
0.771 0.231 -0.161
0.769 0.231 -0.161
0.767 0.23 -0.16
0.762 0.241 -0.168
0.76 0.24 -0.167
0.754 0.239 -0.166
0.75 0.25 -0.174
0.759 0.253 -0.176
0.761 0.254 -0.176
0.754 0.264 -0.184
0.756 0.265 -0.184
0.757 0.265 -0.184
0.755 0.278 -0.193
0.757 0.278 -0.193
0.759 0.279 -0.194
0.755 0.29 -0.202
0.757 0.291 -0.202
0.758 0.292 -0.203
0.756 0.304 -0.211
0.759 0.306 -0.212
0.761 0.306 -0.213
0.756 0.318 -0.221
0.76 0.319 -0.222
0.753 0.33 -0.229
0.755 0.331 -0.23
0.758 0.333 -0.231
0.753 0.344 -0.239
0.756 0.346 -0.24
0.76 0.348 -0.241
0.754 0.359 -0.249
0.758 0.361 -0.25
0.761 0.363 -0.251
0.757 0.375 -0.26
0.758 0.376 -0.261
0.762 0.378 -0.262
0.759 0.391 -0.271
1.673 0.931 -0.645
1.907 1.143 -0.792
1.894 1.135 -0.787
1.563 0.972 -0.673
1.555 0.967 -0.67
1.535 0.989 -0.685
1.531 0.987 -0.684
1.499 1.002 -0.693
1.495 0.999 -0.691
1.498 1.001 -0.692
1.548 1.11 -0.768
1.536 1.102 -0.763
1.498 1.113 -0.769
1.483 1.102 -0.761
1.456 1.121 -0.774
1.455 1.119 -0.774
1.453 1.118 -0.773
1.339 1.067 -0.738
1.322 1.091 -0.754
1.409 1.163 -0.804
1.409 1.163 -0.804
1.382 1.181 -0.816
1.378 1.177 -0.813
1.351 1.196 -0.826
1.35 1.194 -0.825
1.348 1.193 -0.824
1.323 1.212 -0.838
1.322 1.211 -0.837
1.322 1.211 -0.837
1.299 1.234 -0.852
1.3 1.235 -0.853
1.301 1.236 -0.854
1.274 1.254 -0.866
1.274 1.254 -0.866
1.276 1.256 -0.868
1.253 1.278 -0.883
1.23 1.3 -0.898
1.683 1.779 -1.228
1.635 1.793 -1.238
1.604 1.758 -1.214
1.405 1.597 -1.102
1.394 1.584 -1.093
1.389 1.579 -1.089
1.351 1.593 -1.099
1.341 1.582 -1.092
1.297 1.588 -1.096
1.237 1.573 -1.085
1.232 1.567 -1.082
1.195 1.579 -1.09
1.19 1.574 -1.086
1.188 1.571 -1.084
1.151 1.582 -1.091
1.142 1.571 -1.083
1.136 1.562 -1.077
1.097 1.57 -1.082
1.095 1.567 -1.08
1.089 1.559 -1.075
1.05 1.565 -1.079
1.046 1.56 -1.075
0.936 1.455 -1.003
0.955 1.549 -1.068
0.959 1.557 -1.073
0.961 1.559 -1.075
0.935 1.585 -1.093
0.954 1.618 -1.115
0.967 1.638 -1.129
0.94 1.667 -1.149
0.962 1.706 -1.176
1.021 1.897 -1.307
1.176 2.408 -1.659
1.171 2.399 -1.652
1.167 2.39 -1.646
1.113 2.4 -1.653
1.109 2.391 -1.647
1.105 2.382 -1.641
1.053 2.394 -1.649
1.05 2.388 -1.645
1.047 2.382 -1.641
0.994 2.39 -1.646
0.99 2.381 -1.64
0.987 2.375 -1.636
0.934 2.382 -1.641
0.932 2.376 -1.637
0.929 2.37 -1.632
0.876 2.374 -1.635
0.874 2.37 -1.633
0.873 2.367 -1.631
0.821 2.373 -1.634
0.819 2.367 -1.629
0.766 2.372 -1.633
0.762 2.359 -1.624
0.761 2.356 -1.622
0.71 2.363 -1.627
0.707 2.354 -1.62
0.705 2.347 -1.616
0.655 2.354 -1.621
0.655 2.354 -1.621
0.653 2.348 -1.616
0.602 2.354 -1.62
0.601 2.35 -1.618
0.6 2.347 -1.616
0.55 2.352 -1.619
0.548 2.346 -1.615
0.548 2.343 -1.613
0.497 2.347 -1.615
0.496 2.344 -1.612
0.496 2.34 -1.61
0.446 2.347 -1.615
0.446 2.347 -1.615
0.396 2.35 -1.617
0.395 2.347 -1.615
0.394 2.34 -1.61
0.344 2.342 -1.612
0.343 2.336 -1.607
0.343 2.333 -1.605
0.293 2.334 -1.606
0.292 2.331 -1.603
0.291 2.321 -1.597
0.242 2.325 -1.599
0.242 2.325 -1.599
0.241 2.321 -1.597
0.192 2.325 -1.599
0.192 2.318 -1.595
0.191 2.315 -1.593
0.142 2.314 -1.591
0.142 2.311 -1.589
0.142 2.307 -1.586
0.093 2.309 -1.588
0.093 2.306 -1.585
0.093 2.303 -1.583
0.044 2.304 -1.584
0.044 2.304 -1.584
-0.005 2.304 -1.584
-0.005 2.301 -1.582
-0.005 2.301 -1.582
-0.054 2.3 -1.582
-0.054 2.3 -1.582
-0.054 2.297 -1.579
-0.102 2.296 -1.579
-0.102 2.296 -1.579
-0.102 2.299 -1.581
-0.151 2.298 -1.58
-0.151 2.298 -1.58
-0.151 2.298 -1.58
-0.2 2.295 -1.577
-0.199 2.292 -1.575
-0.199 2.292 -1.575
-0.248 2.289 -1.573
-0.248 2.289 -1.573
-0.248 2.289 -1.573
-0.296 2.285 -1.57
-0.296 2.282 -1.568
-0.296 2.285 -1.57
-0.345 2.28 -1.567
-0.345 2.28 -1.567
-0.345 2.28 -1.567
-0.393 2.275 -1.563
-0.393 2.275 -1.563
-0.393 2.275 -1.563
-0.441 2.269 -1.559
-0.441 2.269 -1.559
-0.489 2.262 -1.555
-0.49 2.266 -1.557
-0.491 2.272 -1.561
-0.539 2.262 -1.553
-0.539 2.262 -1.553
-0.539 2.265 -1.555
-0.587 2.257 -1.55
-0.588 2.26 -1.552
-0.587 2.257 -1.55
-0.633 2.242 -1.539
-0.633 2.242 -1.539
-0.635 2.248 -1.544
-0.683 2.242 -1.539
-0.682 2.239 -1.537
-0.683 2.242 -1.539
-0.73 2.229 -1.53
-0.732 2.235 -1.535
-0.733 2.238 -1.537
-0.782 2.234 -1.534
-0.782 2.234 -1.534
-0.782 2.234 -1.534
-0.829 2.222 -1.526
-0.831 2.225 -1.528
-0.833 2.232 -1.532
-0.881 2.223 -1.525
-0.883 2.226 -1.527
-0.931 2.216 -1.52
-0.931 2.216 -1.52
-0.934 2.222 -1.525
-0.982 2.211 -1.517
-0.985 2.218 -1.522
-0.986 2.221 -1.524
-1.032 2.206 -1.514
-1.034 2.209 -1.516
-1.037 2.216 -1.52
-1.084 2.203 -1.512
-1.086 2.207 -1.514
-1.086 2.207 -1.514
-1.132 2.191 -1.503
-1.139 2.203 -1.511
-1.143 2.209 -1.516
-1.19 2.195 -1.505
-1.193 2.201 -1.509
-1.197 2.207 -1.514
-1.248 2.199 -1.508
-1.252 2.205 -1.512
-1.252 2.205 -1.512
-1.302 2.192 -1.503
-1.302 2.192 -1.503
-1.305 2.198 -1.507
-1.353 2.182 -1.496
-1.357 2.188 -1.5
-1.409 2.177 -1.493
-1.409 2.177 -1.493
-1.411 2.18 -1.495
-1.462 2.168 -1.487
-1.47 2.179 -1.494
-1.478 2.191 -1.502
-1.528 2.175 -1.49
-1.532 2.181 -1.494
-1.534 2.184 -1.496
-1.584 2.167 -1.485
-1.586 2.17 -1.487
-1.592 2.178 -1.493
-1.643 2.161 -1.481
-1.651 2.172 -1.488
-1.657 2.18 -1.494
-1.701 2.153 -1.476
-1.708 2.162 -1.481
-1.714 2.17 -1.487
-1.762 2.148 -1.472
-1.767 2.153 -1.475
-1.771 2.159 -1.479
-1.821 2.138 -1.465
-1.828 2.147 -1.471
-1.83 2.149 -1.473
-1.887 2.136 -1.463
-1.897 2.147 -1.47
-1.904 2.155 -1.475
-1.51 1.648 -1.129
-1.545 1.626 -1.113
-1.473 1.496 -1.025
-1.502 1.472 -1.008
-1.492 1.462 -1.001
-1.481 1.452 -0.994
-1.507 1.425 -0.976
-1.496 1.415 -0.969
-1.523 1.391 -0.952
-1.518 1.386 -0.949
-1.499 1.369 -0.937
-1.512 1.333 -0.913
-1.509 1.331 -0.911
-1.506 1.328 -0.909
-1.537 1.309 -0.895
-1.545 1.316 -0.9
-1.551 1.321 -0.903
-1.581 1.301 -0.889
-1.587 1.305 -0.892
-1.593 1.31 -0.896
-1.626 1.291 -0.883
-1.611 1.28 -0.875
-1.594 1.266 -0.866
-1.618 1.241 -0.848
-1.615 1.239 -0.847
-1.609 1.234 -0.844
-1.619 1.2 -0.82
-1.61 1.193 -0.815
-1.629 1.166 -0.796
-1.623 1.161 -0.793
-1.629 1.166 -0.796
-1.669 1.153 -0.787
-1.681 1.161 -0.793
-1.693 1.17 -0.799
-1.737 1.157 -0.791
-1.758 1.172 -0.801
-1.771 1.18 -0.806
-1.805 1.161 -0.793
-1.824 1.173 -0.801
-1.846 1.187 -0.811
-1.88 1.166 -0.796
-1.896 1.176 -0.803
-1.922 1.192 -0.814
-1.973 1.18 -0.805
-1.989 1.19 -0.812
-2.005 1.199 -0.819
-2.05 1.182 -0.806
-2.066 1.191 -0.813
-2.083 1.201 -0.819
-2.71 1.449 -0.988
-2.7 1.443 -0.984
-2.697 1.442 -0.983
-2.717 1.397 -0.953
-2.703 1.39 -0.948
-2.696 1.387 -0.946
-2.715 1.343 -0.915
-2.712 1.341 -0.914
-2.705 1.338 -0.912
-2.733 1.299 -0.885
-2.747 1.305 -0.889
-2.75 1.307 -0.891
-2.784 1.27 -0.865
-2.788 1.272 -0.867
-2.795 1.275 -0.869
-2.828 1.238 -0.843
-2.839 1.243 -0.846
-2.878 1.208 -0.821
-2.892 1.214 -0.825
-2.914 1.223 -0.832
-2.957 1.188 -0.808
-2.982 1.198 -0.815
-3.018 1.212 -0.824
-3.091 1.187 -0.807
-3.127 1.201 -0.817
-3.327 1.22 -0.829
-3.36 1.232 -0.837
-3.365 1.233 -0.838
-3.386 1.184 -0.804
-3.382 1.182 -0.803
-3.389 1.185 -0.805
-3.403 1.132 -0.768
-3.381 1.125 -0.763
-3.373 1.122 -0.762
-3.393 1.073 -0.727
-3.393 1.073 -0.727
-3.4 1.075 -0.729
-3.422 1.026 -0.695
-3.4 1.019 -0.691
-3.389 1.016 -0.688
-3.413 0.968 -0.655
-3.421 0.97 -0.657
-3.421 0.97 -0.657
-3.437 0.92 -0.622
-3.426 0.917 -0.62
-3.445 0.867 -0.586
-3.445 0.867 -0.586
-3.437 0.865 -0.585
-3.455 0.816 -0.551
-3.409 0.805 -0.543
-3.181 0.702 -0.474
-3.189 0.704 -0.475
-3.239 0.715 -0.482
-3.335 0.685 -0.461
-3.37 0.692 -0.466
-3.382 0.695 -0.468
-3.575 0.68 -0.456
-3.618 0.688 -0.462
-3.784 0.663 -0.445
-3.796 0.665 -0.446
-2.891 0.463 -0.309
-2.904 0.422 -0.281
-2.892 0.42 -0.28
-2.888 0.42 -0.279
-2.901 0.378 -0.251
-2.909 0.38 -0.252
-2.917 0.381 -0.253
-2.928 0.339 -0.224
-2.932 0.339 -0.224
-2.936 0.34 -0.225
-2.963 0.3 -0.197
-2.991 0.302 -0.199
-3.02 0.262 -0.171
-3.06 0.221 -0.143
-3.894 0.281 -0.181
-3.85 0.278 -0.18
-3.85 0.278 -0.18
-3.855 0.222 -0.142
-3.843 0.221 -0.141
-3.875 0.167 -0.104
-3.887 0.168 -0.103
-3.847 0.166 -0.103
-3.826 0.11 -0.065
-4.006 0.115 -0.067
-4.027 0.058 -0.028
-4.023 0.058 -0.028
-4.027 0.058 -0.028
-4.024 0.0 -0.025
-4.024 0.0 -0.025
-4.028 0.0 -0.025
-4.023 -0.059 0.013
-4.027 -0.059 0.013
-4.031 -0.059 0.013
-4.03 -0.119 0.05
-4.026 -0.119 0.05
-4.03 -0.119 0.05
-4.027 -0.178 0.088
-4.027 -0.178 0.088
-4.031 -0.178 0.088
-4.035 -0.238 0.126
-4.027 -0.238 0.126
-4.031 -0.238 0.126
-4.038 -0.298 0.164
-4.034 -0.298 0.164
-4.034 -0.298 0.164
-4.031 -0.358 0.202
-4.035 -0.358 0.202
-4.035 -0.358 0.202
-4.028 -0.417 0.24
-4.036 -0.418 0.24
-4.044 -0.419 0.241
-4.046 -0.48 0.28
-4.046 -0.48 0.28
-4.028 -0.538 0.317
-4.04 -0.54 0.318
-4.044 -0.54 0.318
-4.036 -0.601 0.356
-4.052 -0.603 0.358
-4.059 -0.604 0.358
-4.047 -0.664 0.396
-4.063 -0.666 0.397
-4.063 -0.666 0.397
-4.056 -0.727 0.437
-4.072 -0.73 0.437
-4.072 -0.73 0.437
-4.064 -0.792 0.476
-4.025 -0.784 0.473
-3.947 -0.769 0.463
-3.888 -0.818 0.495
-3.838 -0.807 0.488
-3.791 -0.797 0.482
-3.728 -0.843 0.512
-3.654 -0.826 0.501
-3.581 -0.809 0.492
-3.502 -0.847 0.516
-3.46 -0.837 0.509
-3.384 -0.873 0.533
-3.323 -0.857 0.523
-3.285 -0.847 0.517
-3.214 -0.881 0.539
-3.168 -0.868 0.531
-3.119 -0.855 0.522
-3.051 -0.886 0.543
-3.017 -0.876 0.537
-2.968 -0.862 0.528
-2.928 -0.899 0.552
-2.91 -0.893 0.549
-2.86 -0.878 0.539
-2.79 -0.903 0.555
-2.767 -0.896 0.551
-2.771 -0.897 0.552
-2.763 -0.941 0.58
-2.774 -0.945 0.583
-2.762 -0.988 0.61
-2.773 -0.992 0.613
-2.78 -0.995 0.614
-2.759 -1.036 0.64
-2.763 -1.037 0.641
-2.767 -1.038 0.642
-2.763 -1.086 0.672
-2.774 -1.09 0.675
-2.77 -1.089 0.674
-2.762 -1.136 0.704
-2.776 -1.141 0.707
-2.776 -1.141 0.707
-2.774 -1.191 0.739
-2.796 -1.201 0.744
-2.792 -1.199 0.743
-2.753 -1.234 0.766
-2.728 -1.222 0.759
-2.7 -1.21 0.751
-2.657 -1.241 0.771
-2.636 -1.231 0.764
-2.582 -1.256 0.781
-1.888 -0.919 0.571
-1.859 -0.941 0.585
-1.859 -0.941 0.585
-1.852 -0.938 0.583
-1.812 -0.954 0.594
-1.795 -0.945 0.589
-1.785 -0.94 0.585
-1.752 -0.958 0.597
-1.738 -0.951 0.593
-1.725 -0.944 0.588
-1.692 -0.961 0.599
-1.68 -0.955 0.595
-1.644 -0.97 0.605
-1.634 -0.964 0.602
-1.624 -0.958 0.598
-1.595 -0.976 0.609
-1.588 -0.972 0.607
-1.577 -0.965 0.602
-1.541 -0.978 0.61
-1.531 -0.972 0.607
-1.521 -0.965 0.603
-1.495 -0.983 0.615
-1.482 -0.975 0.61
-1.471 -0.968 0.605
-1.445 -0.985 0.616
-1.436 -0.979 0.612
-1.426 -0.972 0.608
-1.395 -0.986 0.616
-1.387 -0.98 0.613
-1.361 -0.996 0.623
-1.353 -0.99 0.621
-1.349 -0.987 0.618
-1.318 -0.999 0.626
-1.303 -0.988 0.619
-1.293 -0.98 0.614
-1.265 -0.993 0.622
-1.26 -0.989 0.62
-1.253 -0.984 0.616
-1.227 -0.997 0.625
-1.228 -0.998 0.626
-1.233 -1.002 0.628
-1.216 -1.023 0.641
-1.222 -1.028 0.644
-1.223 -1.029 0.645
-1.202 -1.047 0.657
-1.185 -1.07 0.672
-1.47 -1.326 0.833
-1.437 -1.343 0.843
-1.429 -1.335 0.838
-1.421 -1.328 0.834
-1.388 -1.343 0.843
-1.385 -1.341 0.842
-1.38 -1.336 0.839
-1.347 -1.351 0.849
-1.337 -1.34 0.842
-1.327 -1.33 0.836
-1.294 -1.344 0.845
-1.289 -1.339 0.841
-1.258 -1.355 0.852
-1.255 -1.351 0.849
-1.25 -1.345 0.846
-1.218 -1.359 0.855
-1.211 -1.351 0.85
-1.206 -1.346 0.846
-1.175 -1.359 0.856
-1.17 -1.354 0.852
-1.166 -1.35 0.85
-1.134 -1.361 0.857
-1.132 -1.358 0.855
-1.129 -1.356 0.853
-1.097 -1.366 0.86
-1.089 -1.357 0.854
-1.082 -1.348 0.849
-1.052 -1.361 0.857
-1.049 -1.357 0.854
-1.047 -1.355 0.853
-1.015 -1.365 0.86
-1.013 -1.362 0.858
-0.984 -1.375 0.867
-0.98 -1.371 0.864
-0.975 -1.364 0.859
-0.943 -1.372 0.865
-0.941 -1.369 0.863
-0.939 -1.366 0.861
-0.909 -1.377 0.868
-0.907 -1.374 0.866
-0.905 -1.371 0.864
-0.874 -1.381 0.871
-0.873 -1.378 0.869
-0.871 -1.375 0.867
-0.84 -1.383 0.873
-0.838 -1.38 0.871
-0.835 -1.375 0.868
-0.804 -1.383 0.872
-0.803 -1.381 0.872
-0.801 -1.378 0.87
-0.772 -1.387 0.875
-0.77 -1.384 0.873
-0.738 -1.388 0.876
-0.737 -1.387 0.875
-0.736 -1.385 0.874
-0.705 -1.391 0.879
-0.705 -1.39 0.878
-0.704 -1.388 0.877
-0.673 -1.393 0.88
-0.671 -1.39 0.878
-0.671 -1.39 0.878
-0.642 -1.398 0.883
-0.641 -1.397 0.882
-0.64 -1.394 0.88
-0.61 -1.401 0.885
-0.609 -1.4 0.884
-0.608 -1.396 0.882
-0.579 -1.405 0.888
-0.578 -1.403 0.887
-0.576 -1.399 0.884
-0.547 -1.405 0.889
-0.546 -1.404 0.888
-0.516 -1.41 0.892
-0.515 -1.405 0.889
-0.514 -1.403 0.888
-0.485 -1.409 0.891
-0.483 -1.404 0.888
-0.483 -1.406 0.889
-0.454 -1.411 0.892
-0.454 -1.411 0.892
-0.454 -1.411 0.892
-0.424 -1.416 0.895
-0.424 -1.416 0.895
-0.424 -1.414 0.894
-0.394 -1.418 0.898
-0.394 -1.418 0.898
-0.394 -1.418 0.898
-0.364 -1.422 0.901
-0.364 -1.421 0.899
-0.363 -1.417 0.897
-0.333 -1.421 0.9
-0.333 -1.421 0.9
-0.307 -1.443 0.914
-0.363 -1.895 1.2
-0.353 -2.074 1.314
-0.351 -2.06 1.305
-0.308 -2.065 1.308
-0.308 -2.065 1.308
-0.307 -2.055 1.302
-0.263 -2.052 1.3
-0.263 -2.046 1.296
-0.262 -2.039 1.292
-0.22 -2.046 1.297
-0.22 -2.046 1.297
-0.22 -2.042 1.295
-0.177 -2.042 1.295
-0.177 -2.038 1.293
-0.177 -2.035 1.29
-0.134 -2.034 1.29
-0.134 -2.034 1.29
-0.092 -2.035 1.291
-0.092 -2.032 1.288
-0.092 -2.029 1.286
-0.05 -2.029 1.288
-0.05 -2.026 1.286
-0.05 -2.026 1.286
-0.008 -2.03 1.288
-0.008 -2.026 1.286
-0.008 -2.023 1.284
0.034 -2.023 1.284
0.034 -2.026 1.286
0.034 -2.023 1.284
0.075 -2.018 1.281
0.075 -2.018 1.281
0.075 -2.018 1.281
0.117 -2.017 1.281
0.117 -2.013 1.279
0.117 -2.013 1.279
0.159 -2.011 1.277
0.159 -2.015 1.28
0.159 -2.018 1.282
0.2 -2.012 1.278
0.2 -2.009 1.276
0.2 -2.012 1.278
0.242 -2.009 1.277
0.242 -2.009 1.277
0.284 -2.005 1.274
0.283 -2.001 1.272
0.284 -2.005 1.274
0.325 -2.0 1.271
0.325 -2.003 1.273
0.325 -2.003 1.273
0.366 -1.995 1.268
0.367 -1.998 1.27
0.367 -1.998 1.27
0.408 -1.992 1.267
0.408 -1.992 1.267
0.408 -1.992 1.267
0.45 -1.989 1.265
0.45 -1.989 1.265
0.45 -1.989 1.265
0.492 -1.985 1.263
0.492 -1.985 1.263
0.493 -1.989 1.265
0.534 -1.981 1.26
0.534 -1.981 1.26
0.535 -1.984 1.262
0.576 -1.976 1.258
0.569 -1.953 1.243
0.568 -1.95 1.241
0.605 -1.931 1.23
0.593 -1.895 1.207
0.587 -1.873 1.192
0.614 -1.828 1.164
0.603 -1.795 1.143
0.628 -1.754 1.117
0.618 -1.725 1.099
0.606 -1.692 1.078
0.631 -1.659 1.057
0.622 -1.635 1.042
0.613 -1.608 1.024
0.636 -1.574 1.003
0.625 -1.547 0.986
0.615 -1.523 0.971
0.638 -1.493 0.952
0.629 -1.474 0.94
0.619 -1.45 0.924
0.639 -1.419 0.904
0.63 -1.4 0.892
0.65 -1.368 0.872
0.642 -1.353 0.862
0.633 -1.334 0.851
0.651 -1.306 0.833
0.642 -1.287 0.821
0.639 -1.281 0.817
0.667 -1.274 0.813
0.668 -1.276 0.814
0.669 -1.277 0.815
0.698 -1.273 0.812
0.7 -1.276 0.814
0.701 -1.278 0.815
0.729 -1.27 0.811
0.731 -1.275 0.814
0.734 -1.279 0.817
0.763 -1.273 0.813
0.665 -1.019 0.651
0.658 -1.009 0.644
0.651 -0.998 0.638
0.666 -0.98 0.626
0.661 -0.973 0.621
0.656 -0.965 0.617
0.67 -0.947 0.605
0.662 -0.937 0.598
0.656 -0.928 0.593
0.67 -0.911 0.582
0.665 -0.904 0.577
0.676 -0.884 0.565
0.669 -0.875 0.559
0.665 -0.868 0.555
0.679 -0.854 0.546
0.673 -0.846 0.541
0.667 -0.839 0.536
0.678 -0.822 0.525
0.674 -0.816 0.522
0.669 -0.811 0.518
0.68 -0.794 0.508
0.674 -0.787 0.503
0.669 -0.781 0.5
0.681 -0.766 0.49
0.676 -0.761 0.487
0.671 -0.755 0.483
0.682 -0.74 0.474
0.677 -0.735 0.47
0.688 -0.72 0.461
0.683 -0.715 0.458
0.678 -0.71 0.455
0.689 -0.696 0.446
0.683 -0.691 0.442
0.68 -0.687 0.44
0.69 -0.673 0.431
0.685 -0.668 0.428
0.679 -0.663 0.425
0.69 -0.65 0.417
0.686 -0.646 0.414
0.682 -0.643 0.412
0.691 -0.629 0.403
0.687 -0.625 0.401
0.684 -0.621 0.398
0.693 -0.607 0.389
0.688 -0.604 0.387
0.686 -0.601 0.386
0.694 -0.587 0.377
0.69 -0.584 0.375
0.697 -0.57 0.366
0.694 -0.568 0.364
0.693 -0.567 0.364
0.702 -0.554 0.356
0.697 -0.55 0.353
0.694 -0.548 0.352
0.701 -0.534 0.343
0.698 -0.532 0.342
0.697 -0.531 0.341
0.703 -0.517 0.332
0.698 -0.514 0.33
0.695 -0.512 0.329
0.703 -0.499 0.321
0.7 -0.497 0.319
0.697 -0.495 0.318
0.705 -0.484 0.311
0.701 -0.48 0.309
0.707 -0.468 0.301
0.706 -0.467 0.3
0.702 -0.465 0.299
0.709 -0.452 0.291
0.706 -0.45 0.29
0.702 -0.448 0.288
0.708 -0.436 0.281
0.707 -0.435 0.28
0.705 -0.434 0.279
0.707 -0.419 0.27
0.698 -0.414 0.266
0.701 -0.416 0.268
0.713 -0.407 0.262
0.709 -0.405 0.261
0.708 -0.404 0.26
0.714 -0.393 0.253
0.711 -0.391 0.252
0.715 -0.379 0.245
0.714 -0.378 0.244
0.712 -0.377 0.243
0.717 -0.364 0.236
0.714 -0.363 0.234
0.714 -0.363 0.234
0.72 -0.351 0.228
0.718 -0.35 0.227
0.716 -0.35 0.227
0.72 -0.337 0.219
0.718 -0.336 0.219
0.716 -0.336 0.218
0.719 -0.323 0.21
0.718 -0.323 0.21
0.716 -0.322 0.209
0.721 -0.31 0.202
0.719 -0.31 0.202
0.717 -0.309 0.201
0.722 -0.298 0.194
0.72 -0.297 0.193
0.718 -0.296 0.193
0.722 -0.285 0.186
0.72 -0.284 0.185
0.724 -0.273 0.178
0.723 -0.272 0.178
0.721 -0.271 0.177
0.726 -0.261 0.17
0.726 -0.261 0.17
0.728 -0.261 0.171
0.737 -0.252 0.165
0.765 0.222 -0.136
0.778 0.226 -0.138
0.78 0.227 -0.139
0.772 0.237 -0.145
0.77 0.236 -0.145
0.763 0.247 -0.152
0.763 0.247 -0.152
0.763 0.247 -0.152
0.759 0.259 -0.159
0.761 0.259 -0.16
0.759 0.259 -0.159
0.756 0.271 -0.167
0.758 0.271 -0.167
0.759 0.272 -0.168
0.756 0.284 -0.175
0.757 0.284 -0.175
0.759 0.285 -0.176
0.757 0.298 -0.184
0.759 0.298 -0.184
0.762 0.3 -0.185
0.758 0.312 -0.193
0.76 0.312 -0.193
0.761 0.313 -0.194
0.757 0.325 -0.201
0.76 0.327 -0.202
0.762 0.327 -0.203
0.757 0.339 -0.21
0.762 0.342 -0.212
0.764 0.342 -0.212
0.757 0.354 -0.219
0.762 0.356 -0.221
0.764 0.357 -0.222
0.758 0.369 -0.229
0.761 0.371 -0.23
0.763 0.372 -0.231
0.76 0.384 -0.239
0.755 0.397 -0.247
1.665 0.946 -0.59
2.112 1.292 -0.807
1.549 0.983 -0.614
1.547 0.982 -0.613
1.541 0.978 -0.61
1.517 0.998 -0.623
1.511 0.994 -0.622
1.482 1.011 -0.632
1.476 1.006 -0.63
1.456 1.029 -0.644
1.69 1.236 -0.774
1.671 1.223 -0.766
1.665 1.219 -0.763
1.631 1.236 -0.774
1.619 1.227 -0.769
1.613 1.223 -0.766
1.357 1.065 -0.667
1.333 1.084 -0.68
1.339 1.089 -0.683
1.46 1.229 -0.771
1.453 1.223 -0.767
1.44 1.212 -0.76
1.398 1.218 -0.764
1.389 1.21 -0.759
1.385 1.206 -0.756
1.353 1.22 -0.766
1.342 1.21 -0.76
1.314 1.227 -0.771
1.314 1.227 -0.771
1.315 1.229 -0.772
1.292 1.25 -0.785
1.295 1.253 -0.787
1.297 1.255 -0.789
1.279 1.282 -0.806
1.283 1.286 -0.808
1.28 1.283 -0.806
1.254 1.302 -0.818
1.257 1.306 -0.821
1.231 1.325 -0.833
1.23 1.324 -0.832
1.234 1.328 -0.835
1.211 1.351 -0.85
1.213 1.354 -0.851
1.218 1.359 -0.855
1.195 1.383 -0.87
1.197 1.385 -0.871
1.205 1.393 -0.876
1.181 1.416 -0.892
1.432 1.784 -1.123
1.418 1.767 -1.112
1.412 1.758 -1.107
1.366 1.767 -1.113
1.358 1.756 -1.105
1.353 1.75 -1.103
1.313 1.764 -1.112
1.306 1.756 -1.106
1.3 1.747 -1.101
1.26 1.76 -1.109
1.255 1.754 -1.105
1.249 1.746 -1.1
1.207 1.755 -1.106
1.201 1.746 -1.1
1.157 1.752 -1.105
0.929 1.466 -0.924
0.99 1.631 -1.029
0.968 1.663 -1.05
0.985 1.694 -1.069
1.006 1.73 -1.092
0.984 1.769 -1.117
0.986 1.772 -1.119
1.001 1.8 -1.136
0.983 1.851 -1.169
1.004 1.888 -1.192
1.354 2.67 -1.687
1.292 2.677 -1.691
1.288 2.668 -1.685
1.285 2.662 -1.681
1.224 2.667 -1.685
1.219 2.658 -1.679
1.215 2.649 -1.673
1.157 2.66 -1.681
1.153 2.65 -1.675
1.149 2.64 -1.669
1.091 2.647 -1.673
1.091 2.647 -1.673
1.088 2.641 -1.669
1.032 2.653 -1.678
1.03 2.647 -1.674
1.024 2.634 -1.665
0.97 2.648 -1.675
0.968 2.642 -1.671
0.963 2.632 -1.664
0.907 2.639 -1.669
0.908 2.643 -1.671
0.851 2.646 -1.674
0.849 2.639 -1.67
0.843 2.626 -1.662
0.786 2.628 -1.663
0.785 2.625 -1.661
0.784 2.622 -1.659
0.73 2.633 -1.666
0.726 2.619 -1.657
0.723 2.606 -1.649
0.667 2.61 -1.652
0.666 2.606 -1.65
0.666 2.606 -1.65
0.611 2.612 -1.654
0.612 2.616 -1.656
0.611 2.612 -1.654
0.555 2.608 -1.652
0.555 2.608 -1.652
0.554 2.604 -1.65
0.499 2.605 -1.65
0.498 2.602 -1.648
0.497 2.599 -1.646
0.443 2.599 -1.646
0.441 2.592 -1.642
0.388 2.601 -1.649
0.388 2.598 -1.647
0.387 2.591 -1.642
0.333 2.593 -1.644
0.332 2.59 -1.641
0.333 2.593 -1.644
0.278 2.591 -1.642
0.278 2.587 -1.64
0.278 2.587 -1.64
0.224 2.587 -1.641
0.224 2.581 -1.637
0.223 2.577 -1.635
0.17 2.58 -1.636
0.17 2.58 -1.636
0.17 2.577 -1.634
0.117 2.579 -1.635
0.117 2.582 -1.638
0.117 2.575 -1.633
0.063 2.57 -1.631
0.063 2.57 -1.631
0.01 2.563 -1.627
0.01 2.563 -1.627
0.01 2.557 -1.622
-0.043 2.553 -1.62
-0.043 2.56 -1.624
-0.043 2.56 -1.624
-0.096 2.558 -1.625
-0.096 2.558 -1.625
-0.096 2.552 -1.62
-0.148 2.553 -1.621
-0.148 2.553 -1.621
-0.149 2.556 -1.623
-0.202 2.554 -1.622
-0.201 2.547 -1.617
-0.201 2.544 -1.615
-0.254 2.544 -1.616
-0.254 2.547 -1.618
-0.254 2.547 -1.618
-0.307 2.543 -1.616
-0.307 2.543 -1.616
-0.307 2.543 -1.616
-0.359 2.538 -1.612
-0.359 2.538 -1.612
-0.359 2.534 -1.61
-0.411 2.528 -1.608
-0.411 2.528 -1.608
-0.411 2.528 -1.608
-0.463 2.522 -1.603
-0.464 2.525 -1.606
-0.516 2.518 -1.601
-0.515 2.514 -1.599
-0.517 2.524 -1.605
-0.569 2.516 -1.601
-0.569 2.513 -1.599
-0.569 2.516 -1.601
-0.618 2.494 -1.587
-0.615 2.481 -1.578
-0.616 2.488 -1.583
-0.668 2.481 -1.579
-0.668 2.481 -1.579
-0.668 2.478 -1.577
-0.72 2.471 -1.573
-0.722 2.477 -1.577
-0.722 2.477 -1.577
-0.773 2.466 -1.57
-0.776 2.476 -1.576
-0.777 2.479 -1.578
-0.829 2.471 -1.573
-0.831 2.477 -1.577
-0.831 2.477 -1.577
-0.882 2.464 -1.57
-0.882 2.464 -1.57
-0.883 2.468 -1.572
-0.937 2.46 -1.567
-0.941 2.47 -1.574
-0.942 2.473 -1.576
-0.993 2.459 -1.566
-0.995 2.465 -1.57
-0.997 2.468 -1.573
-1.05 2.46 -1.568
-1.05 2.46 -1.568
-1.052 2.463 -1.57
-1.104 2.45 -1.562
-1.107 2.456 -1.566
-1.16 2.446 -1.559
-1.165 2.455 -1.565
-1.168 2.461 -1.569
-1.217 2.44 -1.557
-1.217 2.44 -1.557
-1.222 2.45 -1.563
-1.275 2.437 -1.555
-1.274 2.434 -1.553
-1.275 2.437 -1.555
-1.327 2.421 -1.545
-1.331 2.427 -1.548
-1.334 2.433 -1.552
-1.389 2.422 -1.546
-1.395 2.431 -1.552
-1.398 2.438 -1.556
-1.454 2.425 -1.548
-1.455 2.428 -1.55
-1.455 2.428 -1.55
-1.505 2.406 -1.536
-1.511 2.415 -1.543
-1.519 2.427 -1.55
-1.57 2.407 -1.538
-1.572 2.41 -1.54
-1.578 2.419 -1.545
-1.632 2.401 -1.534
-1.636 2.407 -1.538
-1.642 2.416 -1.543
-1.694 2.394 -1.53
-1.696 2.397 -1.532
-1.749 2.377 -1.52
-1.754 2.383 -1.523
-1.756 2.386 -1.525
-1.812 2.368 -1.514
-1.82 2.379 -1.521
-1.824 2.385 -1.525
-1.886 2.372 -1.517
-1.893 2.383 -1.524
-1.898 2.388 -1.528
-1.957 2.371 -1.517
-1.961 2.376 -1.52
-1.965 2.382 -1.524
-2.025 2.363 -1.513
-2.029 2.369 -1.516
-2.032 2.372 -1.518
-1.483 1.67 -1.069
-1.505 1.634 -1.046
-1.495 1.623 -1.039
-1.484 1.61 -1.031
-1.509 1.58 -1.012
-1.499 1.57 -1.005
-1.484 1.554 -0.995
-1.506 1.521 -0.974
-1.49 1.506 -0.965
-1.47 1.485 -0.951
-1.492 1.455 -0.933
-1.495 1.458 -0.934
-1.508 1.471 -0.942
-1.546 1.456 -0.934
-1.546 1.456 -0.934
-1.549 1.458 -0.935
-1.587 1.442 -0.925
-1.59 1.445 -0.927
-1.579 1.435 -0.921
-1.592 1.397 -0.897
-1.586 1.392 -0.893
-1.61 1.364 -0.875
-1.604 1.359 -0.872
-1.593 1.349 -0.866
-1.612 1.318 -0.847
-1.598 1.307 -0.839
-1.592 1.302 -0.836
-1.616 1.276 -0.82
-1.607 1.269 -0.815
-1.592 1.258 -0.808
-1.612 1.229 -0.79
-1.615 1.232 -0.792
-1.612 1.229 -0.79
-1.643 1.21 -0.778
-1.643 1.21 -0.778
-1.649 1.214 -0.781
-1.693 1.203 -0.774
-1.714 1.218 -0.784
-1.729 1.229 -0.791
-1.764 1.209 -0.778
-1.767 1.211 -0.78
-1.779 1.22 -0.785
-1.811 1.198 -0.771
-1.817 1.202 -0.774
-1.826 1.208 -0.778
-1.864 1.189 -0.767
-1.877 1.197 -0.772
-1.914 1.177 -0.759
-1.93 1.187 -0.765
-1.946 1.197 -0.772
-1.99 1.18 -0.762
-2.007 1.189 -0.768
-2.023 1.199 -0.774
-2.068 1.18 -0.762
-2.081 1.188 -0.767
-2.711 1.49 -0.963
-2.721 1.439 -0.93
-2.711 1.434 -0.927
-2.711 1.434 -0.927
-2.747 1.397 -0.903
-2.754 1.4 -0.906
-2.754 1.4 -0.906
-2.791 1.363 -0.883
-2.803 1.369 -0.887
-2.814 1.375 -0.89
-2.86 1.341 -0.869
-2.881 1.351 -0.875
-2.895 1.357 -0.879
-2.948 1.326 -0.86
-2.979 1.34 -0.869
-3.011 1.354 -0.878
-3.067 1.322 -0.858
-3.092 1.332 -0.865
-3.135 1.351 -0.877
-3.334 1.375 -0.894
-3.345 1.38 -0.897
-3.37 1.329 -0.864
-3.352 1.322 -0.86
-3.334 1.315 -0.855
-3.364 1.267 -0.825
-3.375 1.271 -0.827
-3.368 1.268 -0.826
-3.371 1.21 -0.789
-3.364 1.207 -0.787
-3.392 1.159 -0.756
-3.381 1.155 -0.754
-3.377 1.154 -0.753
-3.413 1.107 -0.724
-3.417 1.109 -0.725
-3.409 1.106 -0.723
-3.416 1.051 -0.688
-3.398 1.045 -0.684
-3.401 1.047 -0.685
-3.441 1.002 -0.658
-3.426 0.997 -0.655
-3.419 0.995 -0.653
-3.454 0.949 -0.624
-3.45 0.948 -0.623
-3.446 0.947 -0.623
-3.462 0.895 -0.59
-3.465 0.896 -0.59
-3.462 0.895 -0.59
-3.477 0.842 -0.557
-3.484 0.844 -0.558
-3.484 0.844 -0.558
-3.513 0.795 -0.527
-3.544 0.802 -0.531
-3.571 0.809 -0.535
-3.614 0.761 -0.506
-3.618 0.762 -0.507
-3.641 0.71 -0.474
-3.789 0.739 -0.493
-3.78 0.679 -0.455
-3.784 0.68 -0.455
-2.904 0.477 -0.321
-2.892 0.475 -0.319
-2.896 0.476 -0.32
-2.893 0.431 -0.292
-2.889 0.43 -0.291
-2.897 0.432 -0.292
-2.906 0.389 -0.265
-2.918 0.39 -0.266
-2.934 0.348 -0.239
-2.926 0.347 -0.238
-2.93 0.348 -0.239
-2.938 0.349 -0.239
-2.973 0.308 -0.215
-2.996 0.311 -0.216
-3.012 0.312 -0.217
-3.038 0.27 -0.19
-3.074 0.273 -0.192
-3.9 0.288 -0.208
-3.92 0.29 -0.209
-3.868 0.286 -0.205
-3.846 0.227 -0.168
-3.846 0.227 -0.168
-3.846 0.227 -0.168
-3.882 0.172 -0.133
-3.882 0.172 -0.133
-3.826 0.169 -0.131
-3.825 0.113 -0.096
-4.025 0.119 -0.1
-4.027 0.059 -0.063
-4.027 0.059 -0.063
-4.023 0.0 0.067
-4.023 0.0 0.067
-4.027 0.0 0.067
-4.03 -0.06 0.103
-4.03 -0.06 0.103
-4.026 -0.06 0.103
-4.024 -0.121 0.139
-4.024 -0.121 0.139
-4.028 -0.121 0.139
-4.024 -0.181 0.176
-4.032 -0.181 0.176
-4.031 -0.242 0.212
-4.023 -0.241 0.212
-4.023 -0.241 0.212
-4.025 -0.302 0.248
-4.021 -0.302 0.248
-4.025 -0.302 0.248
-4.022 -0.363 0.285
-4.022 -0.363 0.285
-4.03 -0.364 0.285
-4.025 -0.424 0.322
-4.029 -0.425 0.322
-4.029 -0.425 0.322
-4.019 -0.485 0.358
-4.023 -0.485 0.358
-4.031 -0.486 0.359
-4.032 -0.548 0.396
-4.04 -0.549 0.397
-4.047 -0.551 0.397
-4.043 -0.612 0.434
-4.043 -0.612 0.434
-4.05 -0.614 0.435
-4.037 -0.674 0.471
-4.069 -0.679 0.476
-4.084 -0.682 0.477
-4.061 -0.742 0.512
-4.061 -0.742 0.512
-4.052 -0.804 0.549
-4.006 -0.795 0.543
-3.925 -0.779 0.532
-3.849 -0.825 0.559
-3.806 -0.816 0.552
-3.787 -0.812 0.55
-3.735 -0.86 0.578
-3.654 -0.842 0.566
-3.592 -0.827 0.556
-3.502 -0.863 0.576
-3.428 -0.845 0.564
-3.378 -0.833 0.556
-3.323 -0.873 0.579
-3.277 -0.861 0.571
-3.219 -0.846 0.561
-3.156 -0.882 0.581
-3.107 -0.868 0.573
-3.032 -0.898 0.589
-2.979 -0.882 0.578
-2.918 -0.864 0.567
-2.878 -0.901 0.589
-2.859 -0.895 0.584
-2.81 -0.88 0.575
-2.758 -0.911 0.592
-2.747 -0.907 0.59
-2.754 -0.91 0.592
-2.749 -0.956 0.62
-2.76 -0.96 0.622
-2.768 -0.962 0.623
-2.755 -1.007 0.65
-2.759 -1.008 0.651
-2.759 -1.008 0.651
-2.748 -1.053 0.678
-2.759 -1.058 0.68
-2.766 -1.06 0.682
-2.762 -1.109 0.711
-2.766 -1.11 0.712
-2.738 -1.15 0.735
-2.753 -1.156 0.74
-2.76 -1.159 0.741
-2.757 -1.21 0.772
-2.774 -1.218 0.777
-2.757 -1.21 0.772
-2.703 -1.238 0.788
-2.682 -1.229 0.782
-2.668 -1.222 0.777
-2.621 -1.252 0.795
-2.586 -1.236 0.784
-2.562 -1.224 0.777
-1.868 -0.93 0.589
-1.841 -0.954 0.603
-1.825 -0.983 0.62
-2.317 -1.249 0.788
-2.307 -1.243 0.784
-1.905 -1.067 0.672
-1.886 -1.097 0.689
-1.889 -1.099 0.69
-1.896 -1.103 0.694
-1.882 -1.137 0.713
-1.858 -1.165 0.73
-1.457 -0.983 0.614
-1.446 -0.976 0.609
-1.415 -0.99 0.618
-1.403 -0.981 0.612
-1.395 -0.976 0.608
-1.367 -0.991 0.618
-1.361 -0.987 0.615
-1.354 -0.981 0.612
-1.323 -0.994 0.618
-1.314 -0.987 0.614
-1.28 -0.996 0.619
-1.264 -0.983 0.611
-1.258 -0.979 0.608
-1.233 -0.994 0.617
-1.235 -0.995 0.618
-1.241 -1.0 0.621
-1.227 -1.025 0.635
-1.234 -1.031 0.639
-1.242 -1.036 0.643
-1.228 -1.062 0.657
-1.235 -1.068 0.662
-1.241 -1.073 0.665
-1.219 -1.092 0.675
-1.221 -1.094 0.676
-1.225 -1.098 0.679
-1.204 -1.118 0.69
-1.21 -1.123 0.693
-1.214 -1.126 0.696
-1.191 -1.146 0.707
-1.196 -1.151 0.71
-1.347 -1.342 0.827
-1.345 -1.341 0.826
-1.338 -1.333 0.822
-1.302 -1.345 0.829
-1.3 -1.343 0.828
-1.297 -1.339 0.825
-1.266 -1.356 0.834
-1.261 -1.35 0.831
-1.253 -1.342 0.826
-1.219 -1.353 0.832
-1.212 -1.346 0.828
-1.18 -1.359 0.835
-1.174 -1.352 0.831
-1.172 -1.349 0.829
-1.143 -1.365 0.838
-1.14 -1.363 0.836
-1.135 -1.356 0.832
-1.098 -1.361 0.835
-1.091 -1.353 0.83
-1.088 -1.35 0.828
-1.059 -1.364 0.836
-1.056 -1.361 0.834
-1.053 -1.356 0.832
-1.022 -1.368 0.838
-1.021 -1.366 0.837
-1.018 -1.362 0.834
-0.984 -1.37 0.838
-0.98 -1.364 0.834
-0.978 -1.361 0.833
-0.948 -1.373 0.84
-0.944 -1.367 0.836
-0.941 -1.363 0.834
-0.911 -1.374 0.839
-0.909 -1.371 0.837
-0.88 -1.383 0.845
-0.876 -1.377 0.841
-0.872 -1.371 0.837
-0.844 -1.384 0.844
-0.843 -1.383 0.843
-0.839 -1.375 0.839
-0.809 -1.384 0.845
-0.806 -1.38 0.841
-0.804 -1.377 0.839
-0.775 -1.387 0.845
-0.773 -1.384 0.843
-0.77 -1.378 0.84
-0.74 -1.386 0.844
-0.739 -1.385 0.843
-0.737 -1.382 0.841
-0.708 -1.39 0.846
-0.707 -1.388 0.845
-0.706 -1.387 0.844
-0.676 -1.394 0.847
-0.674 -1.391 0.845
-0.674 -1.391 0.845
-0.644 -1.396 0.849
-0.642 -1.391 0.846
-0.612 -1.399 0.85
-0.61 -1.393 0.846
-0.609 -1.391 0.845
-0.58 -1.401 0.85
-0.578 -1.396 0.847
-0.578 -1.394 0.846
-0.549 -1.403 0.85
-0.549 -1.401 0.85
-0.548 -1.399 0.849
-0.519 -1.406 0.852
-0.518 -1.403 0.851
-0.518 -1.403 0.851
-0.489 -1.41 0.854
-0.489 -1.41 0.854
-0.488 -1.407 0.852
-0.458 -1.413 0.856
-0.458 -1.411 0.855
-0.458 -1.411 0.855
-0.428 -1.415 0.856
-0.427 -1.411 0.854
-0.398 -1.416 0.857
-0.397 -1.414 0.856
-0.397 -1.413 0.855
-0.368 -1.419 0.857
-0.368 -1.419 0.857
-0.368 -1.417 0.856
-0.337 -1.418 0.856
-0.337 -1.416 0.855
-0.337 -1.414 0.854
-0.307 -1.418 0.855
-0.279 -1.427 0.861
-0.348 -2.266 1.365
-0.344 -2.232 1.345
-0.297 -2.23 1.343
-0.297 -2.227 1.341
-0.251 -2.231 1.342
-0.251 -2.228 1.34
-0.251 -2.228 1.34
-0.205 -2.228 1.341
-0.205 -2.225 1.339
-0.205 -2.221 1.336
-0.159 -2.224 1.337
-0.159 -2.221 1.335
-0.159 -2.217 1.333
-0.113 -2.216 1.332
-0.113 -2.216 1.332
-0.113 -2.216 1.332
-0.068 -2.221 1.334
-0.068 -2.218 1.332
-0.068 -2.218 1.332
-0.023 -2.216 1.33
-0.023 -2.216 1.33
-0.023 -2.216 1.33
0.022 -2.216 1.329
0.022 -2.212 1.327
0.022 -2.209 1.325
0.067 -2.205 1.322
0.067 -2.202 1.32
0.067 -2.209 1.324
0.112 -2.204 1.32
0.112 -2.201 1.318
0.156 -2.199 1.317
0.157 -2.203 1.319
0.157 -2.206 1.321
0.201 -2.2 1.317
0.201 -2.2 1.317
0.201 -2.197 1.315
0.245 -2.19 1.31
0.246 -2.194 1.312
0.245 -2.187 1.308
0.29 -2.187 1.307
0.29 -2.19 1.309
0.29 -2.19 1.309
0.334 -2.182 1.304
0.334 -2.182 1.304
0.335 -2.186 1.306
0.38 -2.184 1.304
0.38 -2.184 1.304
0.379 -2.181 1.302
0.424 -2.175 1.298
0.424 -2.175 1.298
0.424 -2.178 1.3
0.469 -2.172 1.295
0.469 -2.172 1.295
0.469 -2.175 1.297
0.514 -2.168 1.293
0.514 -2.172 1.295
0.514 -2.172 1.295
0.557 -2.164 1.289
0.558 -2.167 1.291
0.603 -2.162 1.287
0.598 -2.142 1.275
0.594 -2.129 1.267
0.631 -2.097 1.248
0.618 -2.057 1.224
0.605 -2.014 1.198
0.634 -1.968 1.171
0.624 -1.935 1.151
0.612 -1.898 1.129
0.639 -1.856 1.104
0.628 -1.823 1.084
0.617 -1.79 1.064
0.642 -1.752 1.04
0.63 -1.719 1.021
0.619 -1.689 1.003
0.644 -1.657 0.983
0.633 -1.628 0.967
0.655 -1.592 0.944
0.646 -1.57 0.931
0.636 -1.547 0.918
0.658 -1.515 0.898
0.648 -1.492 0.884
0.64 -1.473 0.874
0.658 -1.438 0.852
0.648 -1.417 0.839
0.642 -1.403 0.83
0.668 -1.388 0.822
0.67 -1.391 0.824
0.67 -1.393 0.825
0.699 -1.385 0.82
0.701 -1.388 0.82
0.702 -1.391 0.822
0.732 -1.383 0.818
0.736 -1.39 0.822
0.738 -1.394 0.825
0.768 -1.386 0.819
1.134 -1.961 1.157
1.138 -1.967 1.161
1.178 -1.95 1.151
1.183 -1.959 1.156
1.23 -1.953 1.152
0.675 -1.029 0.606
0.672 -1.025 0.604
0.665 -1.014 0.597
0.679 -0.994 0.585
0.674 -0.986 0.581
0.667 -0.976 0.574
0.679 -0.956 0.562
0.672 -0.947 0.557
0.666 -0.938 0.552
0.68 -0.921 0.541
0.676 -0.915 0.538
0.669 -0.906 0.533
0.682 -0.889 0.522
0.677 -0.882 0.518
0.689 -0.864 0.508
0.682 -0.857 0.503
0.677 -0.85 0.499
0.689 -0.835 0.49
0.683 -0.826 0.485
0.677 -0.819 0.48
0.689 -0.803 0.471
0.684 -0.798 0.468
0.679 -0.792 0.464
0.69 -0.777 0.455
0.686 -0.771 0.452
0.68 -0.764 0.448
0.689 -0.749 0.438
0.687 -0.746 0.437
0.682 -0.741 0.433
0.692 -0.725 0.424
0.687 -0.72 0.421
0.696 -0.704 0.411
0.691 -0.699 0.408
0.687 -0.695 0.406
0.698 -0.682 0.397
0.693 -0.677 0.395
0.689 -0.673 0.393
0.698 -0.659 0.383
0.693 -0.654 0.381
0.69 -0.651 0.38
0.699 -0.637 0.37
0.695 -0.633 0.369
0.691 -0.63 0.367
0.701 -0.617 0.358
0.696 -0.613 0.357
0.692 -0.609 0.355
0.702 -0.597 0.346
0.698 -0.593 0.344
0.705 -0.579 0.335
0.702 -0.577 0.334
0.699 -0.574 0.332
0.707 -0.561 0.325
0.703 -0.558 0.323
0.7 -0.556 0.321
0.708 -0.543 0.314
0.704 -0.539 0.312
0.699 -0.536 0.31
0.708 -0.524 0.303
0.705 -0.522 0.301
0.702 -0.52 0.3
0.71 -0.507 0.292
0.707 -0.505 0.291
0.704 -0.503 0.29
0.711 -0.49 0.282
0.706 -0.487 0.28
0.714 -0.475 0.273
0.713 -0.474 0.272
0.709 -0.472 0.271
0.71 -0.456 0.262
0.697 -0.448 0.257
0.688 -0.442 0.254
0.693 -0.429 0.247
0.69 -0.427 0.245
0.688 -0.426 0.245
0.692 -0.413 0.237
0.69 -0.412 0.236
0.69 -0.412 0.236
0.697 -0.401 0.228
0.724 -0.416 0.238
0.72 -0.399 0.227
0.717 -0.397 0.226
0.721 -0.384 0.219
0.72 -0.384 0.218
0.718 -0.383 0.218
0.722 -0.37 0.21
0.719 -0.368 0.209
0.719 -0.368 0.209
0.724 -0.357 0.202
0.722 -0.356 0.201
0.717 -0.353 0.2
0.722 -0.342 0.193
0.722 -0.342 0.193
0.718 -0.34 0.192
0.723 -0.329 0.185
0.722 -0.328 0.185
0.72 -0.327 0.184
0.725 -0.315 0.177
0.723 -0.315 0.177
0.719 -0.313 0.176
0.724 -0.301 0.169
0.724 -0.301 0.169
0.722 -0.301 0.168
0.726 -0.289 0.161
0.724 -0.288 0.161
0.728 -0.277 0.154
0.727 -0.276 0.154
0.725 -0.276 0.153
0.728 -0.264 0.146
0.73 -0.265 0.147
0.732 -0.265 0.147
0.738 -0.255 0.141
0.781 0.231 -0.152
0.779 0.231 -0.151
0.769 0.241 -0.158
0.769 0.24 -0.157
0.765 0.239 -0.157
0.757 0.25 -0.163
0.755 0.25 -0.163
0.755 0.25 -0.163
0.752 0.261 -0.169
0.754 0.262 -0.17
0.755 0.263 -0.171
0.752 0.275 -0.177
0.754 0.275 -0.178
0.755 0.276 -0.179
0.753 0.289 -0.186
0.753 0.289 -0.186
0.755 0.289 -0.187
0.753 0.302 -0.194
0.755 0.303 -0.195
0.758 0.304 -0.196
0.754 0.317 -0.203
0.756 0.317 -0.203
0.757 0.318 -0.204
0.754 0.331 -0.212
0.758 0.332 -0.212
0.761 0.334 -0.213
0.755 0.346 -0.221
0.757 0.347 -0.221
0.752 0.359 -0.228
0.753 0.36 -0.229
0.757 0.362 -0.23
0.751 0.374 -0.236
0.755 0.376 -0.238
0.758 0.377 -0.239
0.752 0.39 -0.247
0.761 0.394 -0.249
1.66 0.929 -0.586
1.652 0.925 -0.582
1.62 0.943 -0.593
1.543 0.968 -0.607
1.537 0.964 -0.604
1.511 0.983 -0.614
1.506 0.98 -0.613
1.499 0.975 -0.61
1.478 0.997 -0.623
1.476 0.996 -0.622
1.475 0.995 -0.622
1.453 1.016 -0.633
1.326 1.069 -0.663
1.509 1.352 -0.836
1.485 1.33 -0.823
1.441 1.337 -0.826
1.391 1.338 -0.826
1.376 1.323 -0.817
1.371 1.318 -0.814
1.336 1.331 -0.82
1.329 1.324 -0.816
1.297 1.339 -0.825
1.289 1.331 -0.819
1.278 1.319 -0.812
1.241 1.328 -0.817
1.233 1.32 -0.813
1.2 1.331 -0.819
1.199 1.33 -0.818
1.204 1.335 -0.821
1.179 1.357 -0.834
1.185 1.364 -0.838
1.188 1.368 -0.841
1.166 1.393 -0.855
1.177 1.406 -0.863
1.186 1.417 -0.87
1.161 1.439 -0.882
1.162 1.441 -0.884
1.164 1.444 -0.885
1.141 1.47 -0.901
1.146 1.476 -0.904
1.157 1.49 -0.913
1.131 1.513 -0.927
1.133 1.516 -0.928
1.151 1.539 -0.942
2.063 2.987 -1.826
2.065 2.99 -1.828
1.326 1.999 -1.221
1.326 1.999 -1.221
1.289 2.025 -1.237
0.886 1.454 -0.887
0.86 1.473 -0.898
0.95 1.626 -0.991
0.959 1.641 -1.001
0.942 1.686 -1.028
1.054 1.887 -1.15
1.022 1.915 -1.166
1.014 1.899 -1.156
0.972 1.908 -1.161
1.354 2.791 -1.697
1.425 2.936 -1.786
1.359 2.945 -1.79
1.354 2.935 -1.784
1.351 2.929 -1.78
1.273 2.908 -1.765
1.241 2.834 -1.721
1.232 2.815 -1.71
1.18 2.846 -1.727
1.197 2.888 -1.753
1.21 2.92 -1.772
1.146 2.925 -1.774
1.142 2.916 -1.768
1.139 2.909 -1.764
1.064 2.884 -1.748
1.036 2.809 -1.702
0.965 2.785 -1.687
0.961 2.775 -1.681
0.963 2.778 -1.683
0.904 2.786 -1.686
0.901 2.78 -1.682
0.904 2.786 -1.686
0.847 2.8 -1.694
0.845 2.793 -1.69
0.843 2.786 -1.686
0.784 2.792 -1.688
0.781 2.782 -1.682
0.782 2.786 -1.684
0.726 2.801 -1.692
0.724 2.794 -1.688
0.733 2.827 -1.708
0.685 2.882 -1.741
0.687 2.889 -1.745
0.685 2.882 -1.741
0.625 2.886 -1.742
0.625 2.886 -1.742
0.624 2.882 -1.74
0.565 2.888 -1.743
0.563 2.881 -1.739
0.56 2.865 -1.728
0.501 2.87 -1.73
0.5 2.866 -1.728
0.44 2.863 -1.726
0.44 2.853 -1.72
0.439 2.85 -1.718
0.381 2.856 -1.721
0.38 2.846 -1.714
0.38 2.846 -1.714
0.321 2.848 -1.715
0.32 2.838 -1.709
0.32 2.838 -1.709
0.262 2.843 -1.711
0.262 2.843 -1.711
0.262 2.84 -1.708
0.203 2.837 -1.706
0.203 2.837 -1.706
0.203 2.837 -1.706
0.145 2.836 -1.704
0.145 2.833 -1.702
0.145 2.829 -1.7
0.087 2.832 -1.701
0.087 2.828 -1.699
0.087 2.825 -1.697
0.03 2.826 -1.696
0.03 2.826 -1.696
-0.028 2.823 -1.694
-0.028 2.823 -1.694
-0.028 2.82 -1.691
-0.085 2.823 -1.692
-0.085 2.819 -1.69
-0.085 2.816 -1.688
-0.143 2.818 -1.688
-0.142 2.811 -1.684
-0.142 2.808 -1.682
-0.2 2.812 -1.684
-0.2 2.809 -1.682
-0.199 2.805 -1.68
-0.257 2.806 -1.679
-0.257 2.806 -1.679
-0.257 2.802 -1.677
-0.313 2.795 -1.672
-0.313 2.795 -1.672
-0.314 2.799 -1.674
-0.37 2.794 -1.67
-0.37 2.79 -1.668
-0.37 2.79 -1.668
-0.427 2.788 -1.666
-0.427 2.788 -1.666
-0.445 2.565 -1.531
-0.444 2.558 -1.527
-0.497 2.558 -1.526
-0.501 2.571 -1.535
-0.502 2.575 -1.537
-0.554 2.571 -1.533
-0.554 2.571 -1.533
-0.555 2.574 -1.535
-0.609 2.572 -1.533
-0.607 2.569 -1.531
-0.607 2.569 -1.531
-0.662 2.57 -1.531
-0.664 2.573 -1.533
-0.664 2.573 -1.533
-0.716 2.567 -1.528
-0.717 2.57 -1.53
-0.72 2.577 -1.534
-0.775 2.576 -1.532
-0.776 2.579 -1.534
-0.778 2.586 -1.538
-0.832 2.581 -1.534
-0.839 2.601 -1.546
-0.89 2.585 -1.536
-0.989 2.7 -1.604
-0.992 2.706 -1.607
-1.104 2.682 -1.591
-1.11 2.698 -1.601
-1.169 2.691 -1.596
-1.171 2.695 -1.598
-1.169 2.691 -1.596
-1.226 2.68 -1.588
-1.228 2.684 -1.59
-1.231 2.69 -1.594
-1.286 2.675 -1.584
-1.288 2.678 -1.585
-1.292 2.684 -1.589
-1.347 2.668 -1.579
-1.348 2.671 -1.58
-1.348 2.671 -1.58
-1.407 2.66 -1.573
-1.412 2.67 -1.579
-1.415 2.676 -1.582
-1.475 2.664 -1.574
-1.476 2.667 -1.576
-1.48 2.674 -1.58
-1.543 2.667 -1.575
-1.545 2.67 -1.577
-1.597 2.644 -1.56
-1.599 2.647 -1.562
-1.608 2.662 -1.571
-1.664 2.641 -1.557
-1.665 2.644 -1.559
-1.673 2.656 -1.565
-1.727 2.631 -1.55
-1.731 2.637 -1.554
-1.742 2.655 -1.564
-1.798 2.632 -1.549
-1.802 2.638 -1.552
-1.804 2.641 -1.554
-1.862 2.62 -1.541
-1.868 2.629 -1.546
-1.87 2.631 -1.548
-1.929 2.612 -1.535
-1.936 2.621 -1.54
-1.942 2.63 -1.546
-2.0 2.606 -1.531
-2.002 2.609 -1.532
-2.008 2.618 -1.537
-2.068 2.596 -1.524
-2.073 2.602 -1.527
-2.082 2.613 -1.534
-2.144 2.593 -1.521
-2.153 2.605 -1.528
-2.157 2.61 -1.53
-2.219 2.589 -1.516
-1.585 1.783 -1.044
-1.562 1.759 -1.029
-1.548 1.742 -1.019
-1.571 1.706 -0.997
-1.545 1.679 -0.982
-1.521 1.652 -0.966
-1.541 1.615 -0.944
-1.531 1.605 -0.938
-1.526 1.599 -0.935
-1.574 1.592 -0.929
-1.584 1.603 -0.936
-1.619 1.582 -0.922
-1.63 1.592 -0.928
-1.616 1.579 -0.92
-1.621 1.529 -0.891
-1.616 1.524 -0.887
-1.608 1.517 -0.883
-1.627 1.483 -0.862
-1.615 1.473 -0.856
-1.607 1.465 -0.852
-1.628 1.434 -0.833
-1.62 1.426 -0.829
-1.612 1.419 -0.824
-1.626 1.383 -0.802
-1.614 1.373 -0.797
-1.614 1.373 -0.797
-1.636 1.344 -0.779
-1.642 1.349 -0.782
-1.653 1.358 -0.788
-1.686 1.338 -0.775
-1.695 1.345 -0.779
-1.701 1.35 -0.782
-1.737 1.331 -0.77
-1.693 1.253 -0.724
-1.827 1.305 -0.753
-1.821 1.256 -0.724
-1.894 1.261 -0.725
-1.859 1.238 -0.711
-1.887 1.212 -0.696
-2.106 1.257 -0.719
-2.751 1.582 -0.904
-2.757 1.586 -0.906
-2.786 1.543 -0.88
-2.779 1.539 -0.877
-2.789 1.545 -0.881
-2.831 1.509 -0.858
-2.841 1.514 -0.861
-2.851 1.52 -0.865
-2.901 1.488 -0.844
-2.923 1.498 -0.851
-2.947 1.51 -0.857
-3.0 1.478 -0.837
-3.017 1.487 -0.842
-3.046 1.501 -0.85
-3.11 1.472 -0.832
-3.138 1.485 -0.839
-3.328 1.51 -0.851
-3.353 1.522 -0.858
-3.345 1.519 -0.856
-3.368 1.465 -0.823
-3.364 1.464 -0.822
-3.353 1.459 -0.82
-3.379 1.407 -0.788
-3.372 1.404 -0.787
-3.392 1.351 -0.755
-3.392 1.351 -0.755
-3.399 1.354 -0.756
-3.425 1.303 -0.725
-3.414 1.299 -0.722
-3.396 1.292 -0.719
-3.418 1.24 -0.687
-3.422 1.241 -0.688
-3.414 1.238 -0.686
-3.438 1.187 -0.655
-3.442 1.189 -0.656
-3.427 1.183 -0.653
-3.45 1.132 -0.622
-3.465 1.137 -0.625
-3.469 1.138 -0.626
-3.487 1.085 -0.593
-3.476 1.082 -0.591
-3.468 1.079 -0.59
-3.486 1.026 -0.558
-3.482 1.025 -0.557
-3.478 1.024 -0.556
-3.494 0.971 -0.524
-3.497 0.972 -0.525
-3.494 0.971 -0.524
-3.505 0.917 -0.492
-3.505 0.917 -0.492
-3.526 0.865 -0.461
-3.534 0.867 -0.461
-3.542 0.869 -0.462
-3.559 0.816 -0.43
-3.57 0.819 -0.432
-3.594 0.824 -0.434
-3.617 0.772 -0.403
-3.889 0.83 -0.434
-3.928 0.776 -0.401
-3.916 0.774 -0.399
-3.793 0.69 -0.351
-2.929 0.488 -0.244
-2.917 0.486 -0.243
-2.906 0.484 -0.242
-2.923 0.441 -0.217
-2.939 0.444 -0.217
-2.947 0.4 -0.191
-2.943 0.399 -0.19
-2.943 0.399 -0.19
-2.954 0.356 -0.164
-2.934 0.353 -0.163
-2.954 0.356 -0.164
-2.973 0.313 -0.139
-2.993 0.315 -0.139
-2.997 0.315 -0.139
-3.017 0.272 -0.113
-3.077 0.277 -0.115
-3.839 0.288 -0.109
-3.895 0.292 -0.11
-3.891 0.292 -0.11
-3.857 0.231 -0.075
-3.857 0.231 -0.075
-3.845 0.23 -0.074
-3.828 0.172 -0.04
-3.876 0.174 -0.04
-3.888 0.175 -0.041
-3.835 0.115 -0.005
-3.835 0.115 -0.005
-4.023 0.06 0.031
-4.027 0.06 0.031
-4.023 0.06 0.031
-4.024 0.0 -0.021
-4.024 0.0 -0.021
-4.024 0.0 -0.021
-4.027 -0.063 0.01
-4.027 -0.063 0.01
-4.027 -0.063 0.01
-4.026 -0.126 0.04
-4.03 -0.127 0.04
-4.026 -0.19 0.071
-4.026 -0.19 0.071
-4.03 -0.19 0.071
-4.031 -0.253 0.102
-4.027 -0.253 0.102
-4.027 -0.253 0.102
-4.022 -0.316 0.133
-4.026 -0.317 0.133
-4.034 -0.317 0.133
-4.031 -0.381 0.164
-4.031 -0.381 0.164
-4.035 -0.381 0.164
-4.031 -0.445 0.195
-4.035 -0.445 0.195
-4.039 -0.446 0.196
-4.029 -0.509 0.226
-4.029 -0.509 0.226
-4.033 -0.51 0.227
-4.039 -0.575 0.258
-4.054 -0.577 0.26
-4.054 -0.577 0.26
-4.052 -0.642 0.291
-4.052 -0.642 0.291
-4.059 -0.644 0.292
-4.046 -0.707 0.323
-4.054 -0.708 0.323
-4.07 -0.711 0.325
-4.071 -0.778 0.357
-4.079 -0.779 0.358
-4.087 -0.781 0.358
-4.005 -0.831 0.383
-3.919 -0.813 0.374
-3.86 -0.865 0.4
-3.813 -0.855 0.395
-3.763 -0.843 0.39
-3.688 -0.888 0.413
-3.618 -0.872 0.404
-3.557 -0.857 0.397
-3.466 -0.894 0.416
-3.343 -0.862 0.402
-3.33 -0.915 0.428
-3.273 -0.899 0.42
-3.219 -0.885 0.413
-3.156 -0.922 0.431
-3.091 -0.903 0.423
-3.045 -0.889 0.416
-2.922 -0.904 0.424
-2.881 -0.943 0.443
-2.832 -0.927 0.435
-2.783 -0.911 0.427
-2.747 -0.948 0.446
-2.762 -0.953 0.449
-2.765 -0.954 0.45
-2.751 -0.999 0.471
-2.762 -1.003 0.473
-2.773 -1.007 0.474
-2.757 -1.052 0.497
-2.765 -1.054 0.498
-2.772 -1.057 0.499
-2.762 -1.105 0.523
-2.773 -1.109 0.524
-2.78 -1.112 0.525
-2.776 -1.163 0.55
-2.78 -1.165 0.551
-2.776 -1.163 0.55
-2.764 -1.211 0.574
-2.786 -1.221 0.578
-2.789 -1.222 0.579
-2.751 -1.259 0.598
-2.737 -1.253 0.595
-2.694 -1.287 0.611
-2.67 -1.275 0.606
-2.645 -1.263 0.6
-2.588 -1.289 0.612
-2.557 -1.273 0.606
-1.89 -0.98 0.466
-1.876 -0.973 0.463
-1.865 -1.006 0.479
-2.362 -1.275 0.607
-2.323 -1.304 0.622
-2.303 -1.293 0.616
-2.283 -1.281 0.61
-2.244 -1.309 0.624
-2.227 -1.299 0.619
-2.188 -1.326 0.633
-2.168 -1.314 0.627
-2.135 -1.294 0.617
-1.91 -1.201 0.573
-1.917 -1.205 0.575
-1.899 -1.239 0.592
-1.909 -1.246 0.595
-1.919 -1.252 0.598
-1.91 -1.293 0.618
-1.92 -1.299 0.621
-1.289 -1.006 0.481
-1.266 -1.023 0.49
-1.262 -1.02 0.488
-1.263 -1.021 0.489
-1.246 -1.043 0.5
-1.254 -1.049 0.503
-1.242 -1.076 0.517
-1.247 -1.081 0.518
-1.266 -1.136 0.545
-1.244 -1.156 0.554
-1.255 -1.166 0.559
-1.266 -1.176 0.564
-1.252 -1.205 0.578
-1.261 -1.213 0.582
-1.269 -1.221 0.586
-1.248 -1.243 0.597
-1.248 -1.243 0.597
-1.252 -1.247 0.599
-1.235 -1.275 0.613
-1.243 -1.283 0.616
-1.306 -1.396 0.671
-1.302 -1.392 0.669
-1.295 -1.384 0.665
-1.259 -1.394 0.67
-1.253 -1.387 0.667
-1.25 -1.384 0.665
-1.218 -1.398 0.673
-1.216 -1.395 0.672
-1.211 -1.389 0.669
-1.179 -1.402 0.675
-1.172 -1.394 0.671
-1.164 -1.385 0.667
-1.134 -1.399 0.673
-1.131 -1.396 0.672
-1.101 -1.409 0.678
-1.097 -1.404 0.676
-1.093 -1.398 0.673
-1.061 -1.409 0.679
-1.056 -1.403 0.676
-1.052 -1.397 0.674
-1.021 -1.409 0.68
-1.018 -1.405 0.677
-1.015 -1.4 0.675
-0.986 -1.414 0.682
-0.984 -1.411 0.681
-0.981 -1.407 0.678
-0.952 -1.419 0.684
-0.949 -1.414 0.682
-0.944 -1.408 0.679
-0.914 -1.418 0.684
-0.911 -1.413 0.681
-0.908 -1.408 0.679
-0.879 -1.419 0.684
-0.878 -1.418 0.684
-0.875 -1.413 0.681
-0.845 -1.423 0.687
-0.842 -1.418 0.685
-0.814 -1.43 0.691
-0.812 -1.427 0.689
-0.81 -1.423 0.687
-0.779 -1.429 0.69
-0.777 -1.426 0.689
-0.776 -1.424 0.688
-0.746 -1.432 0.691
-0.744 -1.428 0.69
-0.744 -1.427 0.689
-0.714 -1.435 0.693
-0.711 -1.428 0.69
-0.709 -1.425 0.688
-0.681 -1.434 0.693
-0.68 -1.432 0.692
-0.678 -1.429 0.69
-0.651 -1.439 0.696
-0.649 -1.436 0.695
-0.648 -1.434 0.694
-0.62 -1.444 0.699
-0.618 -1.439 0.696
-0.589 -1.445 0.699
-0.588 -1.444 0.698
-0.587 -1.442 0.697
-0.557 -1.446 0.699
-0.556 -1.442 0.698
-0.556 -1.441 0.697
-0.526 -1.446 0.699
-0.526 -1.446 0.699
-0.526 -1.446 0.699
-0.496 -1.449 0.701
-0.496 -1.447 0.7
-0.496 -1.449 0.701
-0.468 -1.454 0.704
-0.467 -1.453 0.704
-0.467 -1.453 0.704
-0.438 -1.458 0.706
-0.437 -1.454 0.705
-0.437 -1.454 0.705
-0.409 -1.463 0.709
-0.409 -1.461 0.708
-0.408 -1.459 0.707
-0.38 -1.465 0.71
-0.379 -1.462 0.708
-0.378 -1.458 0.706
-0.35 -1.466 0.71
-0.35 -1.466 0.71
-0.321 -1.466 0.71
-0.322 -1.473 0.713
-0.408 -2.569 1.246
-0.359 -2.578 1.251
-0.358 -2.575 1.249
-0.358 -2.575 1.249
-0.308 -2.573 1.248
-0.307 -2.569 1.246
-0.307 -2.569 1.246
-0.256 -2.563 1.244
-0.256 -2.559 1.242
-0.257 -2.566 1.246
-0.206 -2.563 1.244
-0.204 -2.552 1.239
-0.204 -2.545 1.235
-0.154 -2.547 1.237
-0.155 -2.551 1.238
-0.105 -2.553 1.239
-0.105 -2.549 1.237
-0.105 -2.549 1.237
-0.055 -2.547 1.237
-0.055 -2.536 1.232
-0.055 -2.54 1.234
-0.006 -2.544 1.236
-0.006 -2.54 1.234
-0.006 -2.533 1.23
0.043 -2.529 1.229
0.043 -2.529 1.229
0.043 -2.533 1.23
0.092 -2.528 1.228
0.092 -2.531 1.23
0.092 -2.535 1.231
0.141 -2.526 1.228
0.141 -2.519 1.225
0.141 -2.522 1.226
0.19 -2.52 1.225
0.19 -2.52 1.225
0.19 -2.516 1.223
0.238 -2.505 1.218
0.237 -2.502 1.216
0.238 -2.513 1.222
0.288 -2.512 1.222
0.288 -2.512 1.222
0.287 -2.508 1.221
0.335 -2.5 1.216
0.335 -2.5 1.216
0.384 -2.498 1.215
0.384 -2.498 1.215
0.384 -2.498 1.215
0.432 -2.488 1.21
0.431 -2.484 1.209
0.433 -2.491 1.212
0.481 -2.484 1.21
0.482 -2.487 1.211
0.482 -2.487 1.211
0.53 -2.479 1.207
0.531 -2.486 1.211
0.527 -2.465 1.201
0.571 -2.442 1.189
0.564 -2.411 1.174
0.551 -2.358 1.148
0.586 -2.307 1.124
0.575 -2.265 1.103
0.563 -2.216 1.079
0.593 -2.157 1.051
0.583 -2.123 1.034
0.613 -2.075 1.011
0.601 -2.033 0.991
0.589 -1.995 0.972
0.616 -1.947 0.949
0.606 -1.916 0.934
0.596 -1.885 0.919
0.622 -1.844 0.899
0.611 -1.813 0.884
0.6 -1.779 0.867
0.625 -1.74 0.848
0.613 -1.707 0.832
0.604 -1.682 0.82
0.626 -1.647 0.803
0.618 -1.624 0.792
0.612 -1.609 0.785
0.641 -1.594 0.777
0.642 -1.597 0.779
0.675 -1.59 0.777
0.675 -1.592 0.777
0.677 -1.596 0.779
0.709 -1.588 0.775
0.711 -1.591 0.777
0.711 -1.593 0.778
0.744 -1.585 0.774
0.986 -2.002 0.977
0.986 -2.002 0.977
0.989 -2.008 0.981
1.031 -1.999 0.976
1.036 -2.009 0.981
1.04 -2.015 0.984
1.084 -2.008 0.982
1.086 -2.011 0.983
1.086 -2.011 0.983
1.13 -2.004 0.979
1.139 -2.02 0.987
1.145 -2.029 0.992
1.186 -2.014 0.984
1.191 -2.024 0.989
0.651 -1.06 0.518
0.646 -1.053 0.514
0.659 -1.031 0.504
0.653 -1.022 0.499
0.667 -1.002 0.491
0.66 -0.993 0.485
0.654 -0.984 0.481
0.67 -0.967 0.474
0.665 -0.96 0.469
0.658 -0.95 0.465
0.671 -0.932 0.457
0.666 -0.925 0.452
0.66 -0.917 0.449
0.672 -0.899 0.441
0.666 -0.89 0.436
0.661 -0.884 0.433
0.673 -0.866 0.425
0.668 -0.861 0.422
0.679 -0.843 0.413
0.674 -0.837 0.411
0.669 -0.831 0.408
0.68 -0.815 0.4
0.674 -0.807 0.396
0.67 -0.802 0.393
0.68 -0.785 0.386
0.675 -0.78 0.383
0.672 -0.775 0.381
0.681 -0.759 0.373
0.678 -0.755 0.371
0.673 -0.749 0.368
0.682 -0.733 0.36
0.678 -0.729 0.358
0.674 -0.725 0.356
0.684 -0.71 0.349
0.68 -0.706 0.347
0.689 -0.69 0.339
0.685 -0.686 0.337
0.681 -0.682 0.335
0.691 -0.668 0.329
0.685 -0.663 0.326
0.681 -0.659 0.324
0.691 -0.646 0.318
0.687 -0.642 0.316
0.684 -0.639 0.315
0.692 -0.625 0.307
0.688 -0.621 0.306
0.685 -0.618 0.304
0.694 -0.605 0.298
0.69 -0.601 0.296
0.687 -0.599 0.295
0.695 -0.584 0.288
0.694 -0.583 0.287
0.701 -0.568 0.28
0.698 -0.566 0.279
0.693 -0.562 0.277
0.702 -0.55 0.271
0.699 -0.548 0.27
0.696 -0.545 0.269
0.704 -0.532 0.262
0.698 -0.527 0.26
0.685 -0.518 0.256
0.684 -0.499 0.247
0.68 -0.496 0.245
0.677 -0.494 0.244
0.686 -0.483 0.239
0.685 -0.482 0.238
0.689 -0.418 0.207
0.684 -0.415 0.206
0.724 -0.423 0.21
0.719 -0.42 0.208
0.709 -0.414 0.205
0.715 -0.402 0.199
0.711 -0.4 0.199
0.71 -0.399 0.198
0.714 -0.386 0.192
0.712 -0.385 0.191
0.71 -0.385 0.191
0.716 -0.372 0.185
0.714 -0.371 0.184
0.711 -0.37 0.184
0.718 -0.358 0.178
0.716 -0.358 0.178
0.719 -0.345 0.171
0.716 -0.343 0.171
0.714 -0.342 0.17
0.721 -0.331 0.165
0.719 -0.33 0.164
0.717 -0.329 0.164
0.72 -0.316 0.158
0.718 -0.315 0.157
0.718 -0.315 0.157
0.722 -0.303 0.151
0.72 -0.303 0.151
0.719 -0.302 0.151
0.723 -0.29 0.145
0.723 -0.29 0.145
0.721 -0.289 0.144
0.724 -0.277 0.139
0.724 -0.277 0.139
0.726 -0.278 0.139
0.733 -0.267 0.134
0.784 0.242 -0.114
0.778 0.241 -0.113
0.77 0.252 -0.118
0.766 0.25 -0.118
0.764 0.25 -0.117
0.759 0.262 -0.123
0.759 0.262 -0.123
0.759 0.262 -0.123
0.756 0.274 -0.129
0.758 0.275 -0.13
0.761 0.276 -0.13
0.756 0.288 -0.136
0.758 0.289 -0.136
0.759 0.29 -0.137
0.757 0.303 -0.143
0.759 0.304 -0.144
0.761 0.304 -0.144
0.757 0.317 -0.15
0.76 0.319 -0.151
0.756 0.331 -0.157
0.758 0.332 -0.157
0.761 0.334 -0.158
0.757 0.346 -0.164
0.758 0.347 -0.165
0.762 0.349 -0.165
0.759 0.362 -0.172
0.76 0.363 -0.172
0.762 0.364 -0.173
0.757 0.377 -0.179
0.76 0.379 -0.18
0.764 0.38 -0.181
0.758 0.393 -0.187
0.76 0.394 -0.187
0.755 0.408 -0.194
1.567 0.985 -0.471
1.558 0.98 -0.468
1.535 1.001 -0.478
1.529 0.997 -0.476
1.522 0.993 -0.474
1.5 1.014 -0.485
1.495 1.011 -0.483
1.49 1.008 -0.482
1.467 1.029 -0.492
1.464 1.027 -0.491
1.442 1.048 -0.501
1.442 1.048 -0.501
1.439 1.046 -0.5
1.416 1.066 -0.511
1.348 1.089 -0.522
1.328 1.112 -0.533
1.386 1.535 -0.739
1.376 1.524 -0.733
1.341 1.54 -0.741
1.306 1.555 -0.748
1.282 1.526 -0.734
1.238 1.528 -0.736
1.236 1.525 -0.735
1.227 1.514 -0.729
1.195 1.53 -0.737
1.188 1.521 -0.733
1.151 1.53 -0.737
1.158 1.539 -0.742
1.165 1.548 -0.746
1.141 1.575 -0.759
1.152 1.59 -0.767
1.136 1.629 -0.786
1.147 1.645 -0.793
1.151 1.651 -0.796
1.133 1.69 -0.815
1.145 1.709 -0.824
1.154 1.721 -0.83
1.136 1.764 -0.851
1.159 1.798 -0.867
1.219 1.97 -0.951
0.894 1.506 -0.726
0.899 1.514 -0.73
0.959 1.686 -0.814
0.942 1.73 -0.835
1.401 2.817 -1.361
1.494 3.15 -1.522
1.396 3.089 -1.494
1.516 3.356 -1.622
1.246 2.902 -1.403
1.37 3.364 -1.627
1.369 3.361 -1.626
1.36 3.34 -1.616
1.188 3.082 -1.491
1.149 3.158 -1.528
0.987 2.883 -1.396
0.992 2.897 -1.402
0.991 2.894 -1.401
0.933 2.905 -1.406
0.931 2.898 -1.403
0.928 2.888 -1.398
0.872 2.905 -1.406
0.875 2.912 -1.41
0.87 2.898 -1.403
0.811 2.901 -1.405
0.814 2.912 -1.41
0.812 2.905 -1.407
0.756 2.917 -1.413
0.756 2.917 -1.413
0.753 2.906 -1.408
0.696 2.918 -1.413
0.695 2.91 -1.41
0.694 2.907 -1.408
0.638 2.921 -1.416
0.64 2.928 -1.419
0.637 2.914 -1.412
0.579 2.916 -1.414
0.581 2.927 -1.419
0.581 2.927 -1.419
0.523 2.932 -1.421
0.523 2.928 -1.419
0.465 2.932 -1.422
0.465 2.929 -1.421
0.465 2.932 -1.422
0.409 2.946 -1.429
0.408 2.939 -1.426
0.408 2.939 -1.426
0.351 2.945 -1.429
0.352 2.948 -1.43
0.351 2.945 -1.429
0.294 2.946 -1.429
0.293 2.943 -1.428
0.293 2.939 -1.426
0.238 2.954 -1.434
0.239 2.968 -1.441
0.238 2.957 -1.436
0.18 2.957 -1.435
0.181 2.968 -1.441
0.181 2.968 -1.441
0.123 2.97 -1.442
0.123 2.97 -1.442
0.123 2.959 -1.437
0.066 2.964 -1.44
0.066 2.964 -1.44
0.066 2.968 -1.442
0.008 2.972 -1.444
-0.052 3.076 -1.494
-0.052 3.087 -1.499
-0.112 3.089 -1.501
-0.117 3.229 -1.57
-0.18 3.234 -1.572
-0.18 3.227 -1.568
-0.18 3.223 -1.567
-0.243 3.23 -1.57
-0.243 3.223 -1.567
-0.241 3.209 -1.56
-0.303 3.201 -1.557
-0.304 3.208 -1.56
-0.304 3.208 -1.56
-0.366 3.203 -1.558
-0.366 3.203 -1.558
-0.365 2.725 -1.326
-0.409 2.665 -1.297
-0.406 2.644 -1.286
-0.407 2.647 -1.288
-0.458 2.64 -1.285
-0.459 2.647 -1.288
-0.513 2.65 -1.291
-0.513 2.65 -1.291
-0.514 2.657 -1.294
-0.567 2.656 -1.293
-0.568 2.659 -1.295
-0.568 2.663 -1.297
-0.622 2.661 -1.295
-0.623 2.664 -1.297
-0.623 2.668 -1.299
-0.673 2.65 -1.291
-0.676 2.661 -1.297
-0.679 2.671 -1.302
-0.73 2.66 -1.296
-0.731 2.664 -1.298
-0.732 2.667 -1.3
-0.785 2.659 -1.296
-0.786 2.662 -1.297
-0.786 2.662 -1.297
-0.839 2.653 -1.293
-0.843 2.667 -1.299
-0.844 2.67 -1.301
-0.939 2.784 -1.357
-0.925 2.742 -1.337
-0.968 2.7 -1.317
-0.962 2.683 -1.308
-0.961 2.679 -1.307
-1.017 2.674 -1.304
-1.023 2.691 -1.312
-1.026 2.698 -1.316
-1.082 2.691 -1.313
-1.086 2.701 -1.318
-1.143 2.694 -1.315
-1.147 2.704 -1.32
-1.15 2.711 -1.323
-1.207 2.702 -1.319
-1.208 2.705 -1.32
-1.21 2.709 -1.322
-1.267 2.699 -1.318
-1.27 2.706 -1.321
-1.275 2.716 -1.326
-1.335 2.712 -1.324
-1.337 2.715 -1.326
-1.342 2.725 -1.331
-1.401 2.716 -1.327
-1.405 2.723 -1.33
-1.41 2.733 -1.334
-1.466 2.716 -1.328
-1.473 2.729 -1.334
-1.476 2.736 -1.337
-1.535 2.722 -1.33
-1.538 2.728 -1.333
-1.54 2.731 -1.335
-1.599 2.716 -1.327
-1.608 2.732 -1.335
-1.614 2.742 -1.34
-1.674 2.728 -1.334
-1.686 2.747 -1.344
-1.696 2.763 -1.351
-1.759 2.751 -1.346
-1.765 2.761 -1.35
-1.769 2.767 -1.353
-1.829 2.748 -1.345
-1.833 2.754 -1.348
-1.839 2.763 -1.352
-1.903 2.749 -1.346
-1.913 2.764 -1.353
-1.975 2.746 -1.344
-1.986 2.761 -1.351
-1.999 2.779 -1.36
-2.062 2.759 -1.351
-2.073 2.774 -1.359
-2.084 2.789 -1.366
-2.152 2.773 -1.358
-2.166 2.791 -1.367
-2.205 2.841 -1.392
-2.376 2.952 -1.446
-2.385 2.963 -1.452
-2.448 2.931 -1.437
-1.593 1.84 -0.902
-1.586 1.832 -0.898
-1.629 1.815 -0.891
-1.634 1.82 -0.893
-1.597 1.656 -0.813
-1.589 1.648 -0.809
-1.578 1.637 -0.803
-1.594 1.596 -0.783
-1.586 1.588 -0.78
-1.586 1.588 -0.78
-1.603 1.55 -0.761
-1.606 1.553 -0.762
-1.619 1.566 -0.769
-1.655 1.545 -0.76
-1.663 1.553 -0.763
-1.669 1.558 -0.766
-1.707 1.539 -0.757
-1.748 1.522 -0.748
-1.766 1.537 -0.756
-1.774 1.545 -0.759
-1.783 1.552 -0.763
-1.824 1.534 -0.755
-1.83 1.539 -0.757
-1.863 1.512 -0.744
-1.872 1.519 -0.748
-1.884 1.529 -0.753
-1.925 1.508 -0.743
-1.934 1.515 -0.746
-1.946 1.525 -0.751
-1.985 1.501 -0.739
-1.991 1.506 -0.741
-2.003 1.515 -0.746
-2.045 1.492 -0.736
-2.057 1.501 -0.74
-2.069 1.51 -0.745
-2.105 1.482 -0.731
-2.701 1.834 -0.905
-2.694 1.83 -0.903
-2.729 1.787 -0.882
-2.739 1.793 -0.885
-2.746 1.798 -0.887
-2.787 1.758 -0.869
-2.796 1.764 -0.872
-2.813 1.775 -0.877
-2.868 1.742 -0.861
-2.887 1.754 -0.867
-2.907 1.766 -0.873
-2.968 1.736 -0.859
-3.004 1.758 -0.87
-3.034 1.775 -0.878
-3.096 1.743 -0.863
-3.129 1.762 -0.872
-3.3 1.786 -0.885
-3.293 1.783 -0.883
-3.287 1.779 -0.881
-3.311 1.722 -0.853
-3.308 1.72 -0.852
-3.308 1.72 -0.852
-3.334 1.664 -0.825
-3.323 1.659 -0.823
-3.348 1.603 -0.797
-3.344 1.601 -0.796
-3.344 1.601 -0.796
-3.368 1.545 -0.769
-3.36 1.542 -0.767
-3.36 1.542 -0.767
-3.383 1.486 -0.74
-3.368 1.479 -0.737
-3.372 1.481 -0.737
-3.4 1.428 -0.712
-3.386 1.422 -0.709
-3.382 1.42 -0.708
-3.413 1.368 -0.683
-3.413 1.368 -0.683
-3.402 1.364 -0.681
-3.425 1.309 -0.654
-3.443 1.316 -0.657
-3.447 1.317 -0.658
-3.465 1.26 -0.63
-3.446 1.253 -0.627
-3.435 1.249 -0.625
-3.474 1.2 -0.601
-3.477 1.202 -0.602
-3.477 1.202 -0.602
-3.496 1.146 -0.575
-3.496 1.146 -0.575
-3.522 1.092 -0.548
-3.522 1.092 -0.548
-3.522 1.092 -0.548
-3.543 1.036 -0.522
-3.581 1.047 -0.528
-3.588 1.05 -0.529
-3.581 0.986 -0.498
-3.566 0.981 -0.496
-3.562 0.98 -0.495
-3.589 0.926 -0.469
-3.635 0.938 -0.475
-3.712 0.958 -0.484
-3.862 0.931 -0.472
-3.811 0.919 -0.466
-3.829 0.859 -0.437
-3.844 0.863 -0.439
-3.875 0.87 -0.442
-3.919 0.814 -0.417
-3.911 0.813 -0.415
-3.911 0.813 -0.415
-2.969 0.568 -0.292
-2.971 0.52 -0.268
-2.96 0.518 -0.267
-2.944 0.515 -0.265
-2.953 0.469 -0.243
-2.953 0.469 -0.243
-2.949 0.468 -0.242
-2.946 0.42 -0.219
-2.954 0.421 -0.22
-2.966 0.423 -0.221
-3.073 0.389 -0.205
-3.036 0.335 -0.179
-3.008 0.332 -0.177
-3.0 0.331 -0.177
-3.018 0.285 -0.155
-3.07 0.29 -0.157
-3.848 0.303 -0.167
-3.872 0.305 -0.168
-3.92 0.309 -0.171
-3.897 0.245 -0.139
-3.838 0.241 -0.137
-3.858 0.243 -0.138
-3.858 0.182 -0.108
-3.85 0.182 -0.108
-3.862 0.182 -0.108
-3.842 0.121 -0.079
-3.838 0.121 -0.079
-4.019 0.063 -0.052
-4.027 0.063 -0.052
-4.027 0.063 -0.052
-4.024 0.0 0.043
-4.024 0.0 0.043
-4.024 0.0 0.043
-4.022 -0.063 0.074
-4.026 -0.063 0.074
-4.03 -0.063 0.074
-4.025 -0.126 0.105
-4.025 -0.126 0.105
-4.029 -0.126 0.105
-4.029 -0.19 0.136
-4.029 -0.19 0.136
-4.033 -0.19 0.136
-4.028 -0.253 0.167
-4.024 -0.253 0.167
-4.024 -0.253 0.167
-4.027 -0.317 0.198
-4.031 -0.317 0.198
-4.031 -0.317 0.198
-4.028 -0.381 0.229
-4.028 -0.381 0.229
-4.032 -0.381 0.229
-4.027 -0.445 0.26
-4.031 -0.445 0.261
-4.035 -0.445 0.261
-4.021 -0.508 0.291
-4.025 -0.509 0.292
-4.023 -0.573 0.323
-4.035 -0.575 0.324
-4.043 -0.576 0.324
-4.03 -0.639 0.355
-4.046 -0.642 0.357
-4.053 -0.643 0.357
-4.04 -0.706 0.388
-4.056 -0.709 0.39
-4.056 -0.709 0.39
-4.049 -0.774 0.421
-4.065 -0.777 0.423
-4.073 -0.779 0.424
-4.017 -0.834 0.451
-3.936 -0.817 0.442
-3.886 -0.807 0.435
-3.822 -0.857 0.46
-3.787 -0.849 0.455
-3.74 -0.839 0.45
-3.635 -0.876 0.467
-3.561 -0.858 0.458
-3.492 -0.842 0.448
-3.402 -0.878 0.465
-3.363 -0.868 0.46
-3.319 -0.913 0.481
-3.266 -0.898 0.474
-3.216 -0.885 0.466
-3.153 -0.922 0.485
-3.095 -0.905 0.475
-3.035 -0.887 0.466
-2.953 -0.915 0.478
-2.919 -0.904 0.473
-2.896 -0.897 0.47
-2.833 -0.928 0.484
-2.784 -0.912 0.476
-2.754 -0.902 0.47
-2.747 -0.949 0.493
-2.758 -0.953 0.495
-2.762 -0.954 0.495
-2.754 -1.002 0.519
-2.765 -1.006 0.521
-2.773 -1.008 0.523
-2.763 -1.056 0.545
-2.767 -1.057 0.546
-2.749 -1.102 0.568
-2.764 -1.108 0.571
-2.778 -1.114 0.574
-2.764 -1.16 0.596
-2.764 -1.16 0.596
-2.76 -1.159 0.595
-2.748 -1.207 0.619
-2.759 -1.211 0.621
-2.766 -1.215 0.623
-2.737 -1.256 0.643
-2.723 -1.25 0.64
-2.698 -1.238 0.634
-2.652 -1.27 0.649
-2.628 -1.259 0.643
-2.603 -1.247 0.637
-2.554 -1.275 0.65
-1.859 -0.967 0.493
-1.852 -0.963 0.491
-2.342 -1.268 0.645
-2.296 -1.293 0.656
-2.279 -1.284 0.651
-2.262 -1.274 0.647
-2.217 -1.298 0.658
-2.197 -1.286 0.652
-2.184 -1.278 0.648
-2.145 -1.304 0.661
-1.934 -1.176 0.596
-1.891 -1.193 0.603
-1.914 -1.208 0.61
-1.917 -1.21 0.611
-1.925 -1.356 0.684
-1.935 -1.363 0.687
-1.908 -1.393 0.701
-1.92 -1.402 0.705
-1.904 -1.441 0.725
-1.916 -1.451 0.729
-1.885 -1.478 0.743
-1.281 -1.004 0.505
-1.255 -1.02 0.511
-1.249 -1.015 0.509
-1.249 -1.015 0.509
-1.234 -1.038 0.52
-1.239 -1.043 0.523
-1.228 -1.071 0.536
-1.265 -1.225 0.612
-1.269 -1.229 0.615
-1.25 -1.254 0.626
-1.345 -1.349 0.673
-1.32 -1.371 0.684
-1.313 -1.364 0.681
-1.304 -1.355 0.676
-1.267 -1.364 0.681
-1.263 -1.36 0.678
-1.261 -1.357 0.676
-1.232 -1.374 0.685
-1.228 -1.37 0.683
-1.224 -1.366 0.681
-1.189 -1.375 0.685
-1.179 -1.364 0.68
-1.15 -1.379 0.686
-1.147 -1.376 0.685
-1.144 -1.372 0.683
-1.113 -1.385 0.689
-1.111 -1.382 0.688
-1.105 -1.375 0.684
-1.072 -1.385 0.688
-1.067 -1.378 0.684
-1.062 -1.372 0.682
-1.032 -1.384 0.687
-1.028 -1.378 0.685
-1.026 -1.376 0.684
-0.997 -1.389 0.69
-0.994 -1.385 0.688
-0.991 -1.38 0.686
-0.96 -1.39 0.689
-0.955 -1.384 0.686
-0.95 -1.376 0.683
-0.921 -1.388 0.688
-0.92 -1.386 0.688
-0.917 -1.382 0.685
-0.887 -1.391 0.689
-0.885 -1.388 0.687
-0.855 -1.397 0.692
-0.853 -1.394 0.69
-0.851 -1.391 0.689
-0.822 -1.401 0.694
-0.821 -1.399 0.693
-0.819 -1.396 0.691
-0.789 -1.404 0.694
-0.787 -1.399 0.692
-0.785 -1.396 0.69
-0.754 -1.402 0.693
-0.752 -1.399 0.692
-0.751 -1.395 0.69
-0.723 -1.407 0.696
-0.722 -1.405 0.695
-0.721 -1.402 0.693
-0.693 -1.412 0.697
-0.692 -1.41 0.696
-0.689 -1.405 0.694
-0.66 -1.411 0.697
-0.658 -1.408 0.695
-0.656 -1.404 0.693
-0.628 -1.413 0.698
-0.627 -1.409 0.696
-0.597 -1.414 0.697
-0.596 -1.412 0.696
-0.595 -1.409 0.695
-0.568 -1.418 0.699
-0.567 -1.417 0.698
-0.566 -1.415 0.698
-0.538 -1.422 0.701
-0.537 -1.42 0.7
-0.537 -1.419 0.699
-0.508 -1.423 0.701
-0.508 -1.423 0.701
-0.507 -1.422 0.7
-0.478 -1.426 0.702
-0.478 -1.426 0.702
-0.477 -1.423 0.7
-0.449 -1.428 0.703
-0.448 -1.425 0.702
-0.447 -1.421 0.7
-0.418 -1.427 0.701
-0.419 -1.428 0.702
-0.419 -1.428 0.702
-0.39 -1.431 0.704
-0.39 -1.43 0.703
-0.39 -1.43 0.703
-0.361 -1.432 0.704
-0.361 -1.432 0.704
-0.332 -1.438 0.707
-0.333 -1.436 0.706
-0.332 -1.434 0.705
-0.305 -1.445 0.709
-0.318 -1.508 0.74
-0.308 -1.612 0.791
-0.329 -1.924 0.944
-0.378 -2.878 1.411
-0.382 -2.907 1.425
-0.38 -2.893 1.418
-0.323 -2.891 1.417
-0.322 -2.884 1.414
-0.323 -2.888 1.416
-0.266 -2.889 1.415
-0.266 -2.882 1.412
-0.265 -2.875 1.408
-0.209 -2.879 1.409
-0.209 -2.875 1.407
-0.208 -2.871 1.406
-0.152 -2.871 1.405
-0.153 -2.875 1.407
-0.153 -2.875 1.407
-0.097 -2.873 1.405
-0.096 -2.866 1.402
-0.096 -2.862 1.4
-0.041 -2.864 1.401
-0.041 -2.86 1.399
0.015 -2.864 1.4
0.015 -2.861 1.398
0.015 -2.857 1.397
0.07 -2.853 1.394
0.07 -2.849 1.392
0.07 -2.853 1.394
0.126 -2.852 1.393
0.126 -2.852 1.393
0.126 -2.848 1.391
0.181 -2.842 1.387
0.181 -2.839 1.386
0.18 -2.835 1.384
0.235 -2.825 1.379
0.235 -2.832 1.382
0.235 -2.828 1.381
0.29 -2.821 1.376
0.29 -2.825 1.378
0.29 -2.828 1.379
0.345 -2.82 1.374
0.344 -2.813 1.371
0.344 -2.813 1.371
0.399 -2.807 1.368
0.399 -2.807 1.368
0.398 -2.8 1.365
0.452 -2.794 1.361
0.453 -2.801 1.364
0.505 -2.786 1.357
0.508 -2.797 1.362
0.509 -2.804 1.366
0.559 -2.775 1.35
0.555 -2.757 1.342
0.548 -2.722 1.324
0.587 -2.649 1.289
0.573 -2.589 1.26
0.559 -2.526 1.229
0.596 -2.464 1.198
0.582 -2.408 1.171
0.569 -2.355 1.145
0.601 -2.294 1.115
0.59 -2.248 1.093
0.579 -2.209 1.074
0.609 -2.155 1.047
0.596 -2.11 1.025
0.626 -2.062 1.001
0.616 -2.027 0.985
0.604 -1.992 0.968
0.631 -1.945 0.944
0.621 -1.914 0.928
0.61 -1.879 0.913
0.636 -1.839 0.892
0.625 -1.811 0.878
0.618 -1.79 0.868
0.654 -1.784 0.865
0.655 -1.787 0.867
0.658 -1.794 0.87
0.694 -1.787 0.867
0.695 -1.791 0.868
0.698 -1.797 0.872
0.733 -1.786 0.865
0.741 -1.807 0.875
0.841 -1.946 0.942
0.844 -1.953 0.945
0.846 -1.956 0.947
0.887 -1.949 0.944
0.891 -1.959 0.949
0.893 -1.963 0.95
0.932 -1.952 0.944
0.937 -1.962 0.949
0.975 -1.947 0.942
0.98 -1.957 0.946
0.986 -1.97 0.953
1.026 -1.957 0.946
1.033 -1.97 0.952
1.034 -1.974 0.954
1.076 -1.964 0.949
1.08 -1.97 0.952
1.081 -1.973 0.954
1.125 -1.966 0.949
1.129 -1.972 0.952
1.134 -1.982 0.957
1.18 -1.977 0.953
1.184 -1.983 0.956
1.187 -1.989 0.959
0.649 -1.044 0.503
0.665 -1.027 0.495
0.659 -1.018 0.49
0.671 -0.996 0.48
0.667 -0.99 0.477
0.662 -0.983 0.473
0.675 -0.963 0.464
0.668 -0.954 0.459
0.664 -0.948 0.456
0.676 -0.928 0.447
0.669 -0.919 0.442
0.665 -0.913 0.439
0.678 -0.897 0.431
0.673 -0.889 0.428
0.667 -0.882 0.424
0.676 -0.863 0.415
0.672 -0.857 0.412
0.685 -0.842 0.404
0.679 -0.834 0.401
0.674 -0.829 0.398
0.684 -0.811 0.389
0.679 -0.805 0.387
0.674 -0.799 0.384
0.685 -0.783 0.376
0.681 -0.779 0.374
0.676 -0.773 0.371
0.685 -0.755 0.362
0.68 -0.75 0.36
0.677 -0.747 0.358
0.688 -0.732 0.351
0.683 -0.727 0.348
0.678 -0.721 0.346
0.689 -0.708 0.339
0.685 -0.704 0.337
0.681 -0.7 0.335
0.691 -0.685 0.328
0.687 -0.681 0.326
0.695 -0.666 0.319
0.689 -0.661 0.316
0.686 -0.658 0.315
0.696 -0.645 0.308
0.692 -0.641 0.306
0.689 -0.639 0.305
0.697 -0.624 0.298
0.693 -0.62 0.296
0.69 -0.617 0.295
0.698 -0.603 0.288
0.695 -0.6 0.286
0.691 -0.597 0.285
0.699 -0.583 0.278
0.695 -0.58 0.276
0.703 -0.566 0.27
0.7 -0.564 0.269
0.697 -0.561 0.267
0.705 -0.548 0.261
0.702 -0.546 0.26
0.699 -0.543 0.259
0.699 -0.524 0.249
0.686 -0.515 0.245
0.687 -0.415 0.196
0.688 -0.416 0.196
0.703 -0.409 0.193
0.718 -0.402 0.188
0.714 -0.4 0.187
0.713 -0.399 0.187
0.717 -0.386 0.181
0.715 -0.385 0.18
0.712 -0.383 0.179
0.719 -0.372 0.174
0.717 -0.371 0.173
0.714 -0.369 0.172
0.719 -0.357 0.167
0.717 -0.356 0.166
0.721 -0.343 0.16
0.719 -0.342 0.159
0.717 -0.342 0.159
0.722 -0.33 0.153
0.722 -0.33 0.153
0.72 -0.329 0.153
0.723 -0.316 0.146
0.721 -0.315 0.146
0.721 -0.315 0.146
0.723 -0.302 0.14
0.722 -0.301 0.139
0.72 -0.301 0.139
0.725 -0.289 0.133
0.723 -0.289 0.133
0.721 -0.288 0.133
0.726 -0.277 0.127
0.725 -0.276 0.127
0.726 -0.277 0.127
0.735 -0.267 0.122
0.778 0.241 -0.126
0.772 0.239 -0.125
0.764 0.25 -0.13
0.762 0.25 -0.13
0.76 0.249 -0.13
0.755 0.261 -0.135
0.757 0.261 -0.136
0.757 0.261 -0.136
0.754 0.274 -0.142
0.756 0.275 -0.142
0.759 0.276 -0.143
0.753 0.288 -0.149
0.755 0.289 -0.149
0.758 0.29 -0.15
0.754 0.303 -0.156
0.756 0.303 -0.156
0.752 0.316 -0.162
0.754 0.317 -0.163
0.757 0.318 -0.164
0.755 0.332 -0.17
0.755 0.332 -0.17
0.758 0.333 -0.171
0.754 0.346 -0.177
0.757 0.348 -0.178
0.759 0.348 -0.178
0.756 0.362 -0.185
0.759 0.364 -0.186
0.761 0.364 -0.186
0.755 0.377 -0.192
0.757 0.378 -0.193
0.761 0.38 -0.194
0.755 0.393 -0.2
0.752 0.407 -0.207
5.09 2.979 -1.51
2.384 1.62 -0.817
1.363 1.069 -0.538
1.339 1.088 -0.546
1.341 1.089 -0.546
3.271 2.851 -1.429
2.436 2.277 -1.139
2.065 2.224 -1.109
1.997 2.229 -1.11
1.941 2.246 -1.119
1.933 2.237 -1.115
1.868 2.241 -1.116
1.808 2.25 -1.119
1.803 2.244 -1.116
1.803 2.244 -1.116
1.755 2.267 -1.127
1.748 2.258 -1.123
1.736 2.243 -1.115
1.681 2.255 -1.12
1.679 2.252 -1.119
1.633 2.275 -1.129
1.116 1.682 -0.834
1.126 1.697 -0.842
1.145 1.725 -0.855
1.137 1.783 -0.884
1.17 1.836 -0.911
0.898 1.468 -0.727
0.873 1.488 -0.736
0.937 1.668 -0.825
0.924 1.718 -0.85
0.94 1.747 -0.864
0.95 1.937 -0.957
1.366 2.787 -1.377
1.309 2.802 -1.384
1.31 2.805 -1.385
1.309 2.802 -1.384
1.254 2.822 -1.393
1.257 2.829 -1.396
1.259 2.832 -1.397
1.213 2.875 -1.418
1.222 2.895 -1.428
1.167 2.918 -1.439
1.125 2.977 -1.467
1.129 2.987 -1.472
1.133 2.997 -1.477
1.01 2.833 -1.396
1.004 2.816 -1.388
0.95 2.835 -1.396
0.95 2.835 -1.396
0.947 2.828 -1.393
0.89 2.836 -1.396
0.89 2.836 -1.396
0.89 2.836 -1.396
0.833 2.843 -1.399
0.834 2.846 -1.4
0.833 2.843 -1.399
0.779 2.859 -1.406
0.778 2.856 -1.404
0.775 2.845 -1.399
0.72 2.861 -1.406
0.719 2.857 -1.405
0.717 2.85 -1.401
0.661 2.858 -1.404
0.663 2.865 -1.407
0.661 2.858 -1.404
0.604 2.861 -1.405
0.603 2.857 -1.404
0.546 2.86 -1.404
0.547 2.863 -1.406
0.546 2.86 -1.404
0.49 2.864 -1.405
0.491 2.871 -1.409
0.491 2.868 -1.407
0.435 2.875 -1.411
0.434 2.872 -1.409
0.434 2.872 -1.409
0.379 2.882 -1.413
0.379 2.886 -1.415
0.379 2.886 -1.415
0.322 2.884 -1.414
0.323 2.888 -1.416
0.324 2.895 -1.419
0.268 2.903 -1.422
0.267 2.9 -1.42
0.267 2.893 -1.417
0.211 2.9 -1.42
0.211 2.904 -1.421
0.21 2.897 -1.418
0.154 2.903 -1.421
0.154 2.9 -1.419
0.154 2.9 -1.419
0.098 2.909 -1.423
0.098 2.905 -1.421
0.098 2.909 -1.423
0.042 2.918 -1.427
0.042 2.918 -1.427
-0.015 2.918 -1.426
-0.075 3.022 -1.476
-0.075 3.025 -1.478
-0.075 3.029 -1.48
-0.135 3.074 -1.502
-0.136 3.092 -1.511
-0.136 3.081 -1.505
-0.197 3.104 -1.515
-0.2 3.147 -1.536
-0.201 3.169 -1.547
-0.262 3.162 -1.543
-0.264 3.176 -1.55
-0.265 3.191 -1.557
-0.33 3.215 -1.568
-0.432 3.535 -1.723
-0.419 2.598 -1.266
-0.418 2.591 -1.262
-0.47 2.591 -1.262
-0.473 2.602 -1.267
-0.474 2.609 -1.27
-0.525 2.601 -1.266
-0.525 2.601 -1.266
-0.526 2.608 -1.269
-0.577 2.603 -1.267
-0.579 2.61 -1.27
-0.579 2.61 -1.27
-0.631 2.608 -1.268
-0.632 2.612 -1.27
-0.631 2.608 -1.268
-0.686 2.616 -1.272
-0.687 2.619 -1.273
-0.69 2.63 -1.278
-0.743 2.626 -1.275
-0.742 2.622 -1.274
-0.744 2.629 -1.277
-0.796 2.621 -1.273
-0.796 2.621 -1.273
-0.797 2.624 -1.275
-0.852 2.625 -1.274
-0.853 2.629 -1.276
-0.903 2.612 -1.267
-0.941 2.725 -1.322
-0.938 2.715 -1.317
-0.978 2.666 -1.293
-0.974 2.656 -1.288
-1.026 2.64 -1.28
-1.026 2.64 -1.28
-1.03 2.65 -1.285
-1.081 2.634 -1.277
-1.081 2.634 -1.277
-1.085 2.644 -1.281
-1.146 2.65 -1.284
-1.156 2.674 -1.295
-1.161 2.684 -1.3
-1.219 2.679 -1.296
-1.222 2.686 -1.3
-1.222 2.686 -1.3
-1.28 2.679 -1.296
-1.283 2.686 -1.299
-1.285 2.689 -1.301
-1.342 2.679 -1.295
-1.345 2.685 -1.299
-1.35 2.695 -1.304
-1.405 2.68 -1.295
-1.405 2.68 -1.295
-1.41 2.69 -1.3
-1.469 2.681 -1.294
-1.476 2.694 -1.301
-1.48 2.7 -1.304
-1.536 2.683 -1.296
-1.539 2.69 -1.299
-1.603 2.684 -1.295
-1.608 2.694 -1.3
-1.608 2.694 -1.3
-1.668 2.681 -1.293
-1.672 2.687 -1.296
-1.676 2.694 -1.299
-1.736 2.68 -1.292
-1.748 2.698 -1.3
-1.76 2.717 -1.309
-1.819 2.698 -1.3
-1.825 2.708 -1.305
-1.833 2.72 -1.311
-1.892 2.7 -1.3
-1.898 2.709 -1.304
-1.905 2.718 -1.309
-1.962 2.694 -1.296
-1.968 2.703 -1.3
-1.983 2.725 -1.311
-2.054 2.717 -1.306
-2.061 2.726 -1.311
-2.07 2.738 -1.316
-2.132 2.717 -1.305
-2.143 2.732 -1.312
-2.148 2.738 -1.315
-2.21 2.715 -1.304
-2.231 2.742 -1.316
-2.243 2.756 -1.323
-2.298 2.724 -1.307
-2.313 2.741 -1.315
-2.327 2.758 -1.323
-2.393 2.736 -1.312
-2.405 2.75 -1.318
-3.118 3.32 -1.59
-1.923 1.977 -0.946
-2.667 2.469 -1.179
-2.658 2.461 -1.175
-2.671 2.389 -1.14
-2.634 2.356 -1.123
-1.91 1.65 -0.787
-1.977 1.649 -0.785
-1.968 1.642 -0.782
-2.035 1.64 -0.78
-2.02 1.628 -0.775
-2.076 1.615 -0.767
-2.713 2.037 -0.967
-2.716 2.04 -0.968
-2.716 2.04 -0.968
-2.752 1.995 -0.946
-2.749 1.992 -0.945
-2.755 1.997 -0.947
-2.8 1.958 -0.927
-2.793 1.954 -0.925
-2.79 1.951 -0.924
-2.831 1.91 -0.903
-2.84 1.916 -0.907
-2.86 1.929 -0.913
-2.919 1.899 -0.897
-2.945 1.916 -0.905
-2.968 1.931 -0.912
-3.024 1.896 -0.895
-3.034 1.903 -0.898
-3.101 1.873 -0.882
-3.276 1.979 -0.933
-3.293 1.989 -0.937
-3.321 1.932 -0.909
-3.314 1.928 -0.907
-3.345 1.872 -0.879
-3.32 1.859 -0.874
-3.31 1.853 -0.871
-3.366 1.812 -0.85
-3.349 1.803 -0.845
-3.318 1.786 -0.838
-3.341 1.729 -0.809
-3.335 1.725 -0.808
-3.335 1.725 -0.808
-3.364 1.671 -0.781
-3.356 1.667 -0.779
-3.356 1.667 -0.779
-3.384 1.613 -0.752
-3.363 1.603 -0.747
-3.353 1.598 -0.745
-3.383 1.545 -0.719
-3.383 1.545 -0.719
-3.383 1.545 -0.719
-3.413 1.492 -0.693
-3.413 1.492 -0.693
-3.413 1.492 -0.693
-3.444 1.44 -0.667
-3.465 1.449 -0.671
-3.455 1.444 -0.669
-3.446 1.375 -0.635
-3.442 1.374 -0.635
-3.464 1.318 -0.607
-3.453 1.314 -0.605
-3.461 1.317 -0.607
-3.496 1.267 -0.582
-3.492 1.265 -0.582
-3.492 1.265 -0.582
-3.52 1.212 -0.555
-3.516 1.211 -0.555
-3.513 1.209 -0.554
-3.562 1.163 -0.53
-3.573 1.166 -0.532
-3.551 1.159 -0.529
-3.565 1.101 -0.5
-3.569 1.102 -0.501
-3.572 1.103 -0.501
-3.596 1.048 -0.474
-3.619 1.055 -0.477
-3.8 1.042 -0.469
-3.78 1.037 -0.467
-3.811 1.045 -0.47
-3.819 0.983 -0.439
-3.769 0.97 -0.434
-3.754 0.966 -0.432
-3.803 0.914 -0.407
-3.826 0.92 -0.409
-3.811 0.916 -0.407
-3.823 0.855 -0.377
-3.839 0.859 -0.379
-3.89 0.806 -0.353
-3.909 0.81 -0.354
-3.901 0.808 -0.353
-3.901 0.744 -0.322
-3.858 0.736 -0.319
-3.022 0.527 -0.226
-2.983 0.52 -0.222
-2.968 0.518 -0.221
-2.992 0.474 -0.2
-2.992 0.474 -0.2
-2.984 0.472 -0.199
-2.993 0.426 -0.176
-2.985 0.424 -0.175
-2.981 0.424 -0.175
-2.969 0.375 -0.151
-2.985 0.377 -0.152
-2.993 0.378 -0.153
-2.996 0.33 -0.129
-3.003 0.331 -0.13
-3.035 0.335 -0.132
-3.076 0.29 -0.109
-3.834 0.301 -0.106
-3.858 0.303 -0.107
-3.922 0.308 -0.109
-3.899 0.245 -0.078
-3.844 0.241 -0.077
-3.884 0.244 -0.078
-3.884 0.183 -0.048
-3.844 0.181 -0.047
-3.868 0.182 -0.048
-3.866 0.121 -0.018
-3.842 0.121 -0.018
-3.902 0.122 -0.018
-3.991 0.063 0.011
-4.023 0.063 0.012
-4.028 0.0 0.002
-4.024 0.0 0.002
-4.024 0.0 0.002
-4.027 -0.065 0.028
-4.027 -0.065 0.028
-4.027 -0.065 0.028
-4.026 -0.131 0.054
-4.034 -0.131 0.054
-4.034 -0.131 0.054
-4.03 -0.197 0.079
-4.03 -0.197 0.079
-4.03 -0.197 0.079
-4.026 -0.262 0.105
-4.026 -0.262 0.105
-4.025 -0.328 0.131
-4.029 -0.328 0.131
-4.033 -0.328 0.131
-4.03 -0.394 0.157
-4.03 -0.394 0.157
-4.03 -0.394 0.157
-4.03 -0.46 0.183
-4.03 -0.46 0.183
-4.034 -0.461 0.184
-4.028 -0.527 0.209
-4.036 -0.528 0.21
-4.04 -0.528 0.21
-4.046 -0.596 0.237
-4.053 -0.597 0.237
-4.053 -0.597 0.237
-4.05 -0.664 0.264
-4.057 -0.666 0.264
-4.057 -0.666 0.264
-4.044 -0.731 0.29
-4.068 -0.736 0.292
-4.084 -0.739 0.293
-4.069 -0.805 0.319
-4.069 -0.805 0.319
-4.03 -0.797 0.316
-3.952 -0.849 0.336
-3.917 -0.841 0.333
-3.855 -0.828 0.328
-3.792 -0.88 0.349
-3.741 -0.868 0.344
-3.647 -0.909 0.36
-3.586 -0.894 0.354
-3.516 -0.877 0.347
-3.414 -0.911 0.361
-3.395 -0.906 0.359
-3.263 -0.928 0.368
-3.225 -0.917 0.363
-3.186 -0.906 0.359
-3.097 -0.936 0.371
-3.032 -0.917 0.363
-2.975 -0.899 0.356
-2.924 -0.937 0.371
-2.893 -0.927 0.367
-2.852 -0.914 0.361
-2.789 -0.944 0.373
-2.759 -0.934 0.369
-2.745 -0.98 0.387
-2.752 -0.983 0.388
-2.763 -0.987 0.39
-2.759 -1.037 0.41
-2.77 -1.041 0.411
-2.77 -1.041 0.411
-2.758 -1.089 0.43
-2.765 -1.092 0.431
-2.773 -1.095 0.432
-2.759 -1.143 0.451
-2.774 -1.149 0.454
-2.781 -1.152 0.455
-2.77 -1.202 0.474
-2.77 -1.202 0.474
-2.784 -1.208 0.477
-2.772 -1.258 0.496
-2.779 -1.261 0.498
-2.768 -1.256 0.496
-2.716 -1.287 0.508
-2.698 -1.279 0.505
-2.677 -1.269 0.501
-2.617 -1.295 0.511
-2.585 -1.279 0.505
-1.889 -0.974 0.385
-1.875 -0.967 0.382
-1.853 -0.996 0.393
-2.338 -1.307 0.516
-2.318 -1.296 0.511
-2.266 -1.317 0.52
-2.252 -1.31 0.517
-2.239 -1.302 0.514
-2.197 -1.328 0.524
-2.174 -1.313 0.518
-1.758 -1.103 0.435
-1.743 -1.136 0.448
-1.722 -1.164 0.459
-1.927 -1.452 0.573
-1.934 -1.457 0.575
-1.903 -1.486 0.586
-1.278 -1.034 0.408
-1.269 -1.027 0.405
-1.263 -1.022 0.404
-1.243 -1.041 0.411
-1.247 -1.045 0.413
-1.256 -1.052 0.415
-1.243 -1.079 0.426
-1.281 -1.234 0.487
-1.262 -1.259 0.497
-1.27 -1.267 0.5
-1.332 -1.376 0.543
-1.344 -1.388 0.548
-1.336 -1.38 0.545
-1.3 -1.392 0.549
-1.299 -1.39 0.549
-1.269 -1.407 0.555
-1.264 -1.401 0.553
-1.26 -1.397 0.551
-1.226 -1.409 0.556
-1.215 -1.396 0.551
-1.211 -1.391 0.549
-1.182 -1.408 0.556
-1.178 -1.403 0.554
-1.173 -1.397 0.551
-1.141 -1.409 0.556
-1.135 -1.401 0.553
-1.131 -1.397 0.551
-1.1 -1.409 0.556
-1.097 -1.405 0.554
-1.092 -1.399 0.552
-1.062 -1.412 0.557
-1.061 -1.41 0.556
-1.055 -1.402 0.553
-1.023 -1.412 0.557
-1.021 -1.408 0.556
-1.017 -1.402 0.553
-0.987 -1.414 0.558
-0.984 -1.409 0.556
-0.956 -1.423 0.562
-0.953 -1.419 0.559
-0.949 -1.412 0.556
-0.918 -1.421 0.56
-0.915 -1.416 0.558
-0.914 -1.415 0.557
-0.884 -1.425 0.561
-0.883 -1.423 0.561
-0.88 -1.418 0.559
-0.851 -1.429 0.563
-0.849 -1.426 0.562
-0.846 -1.419 0.559
-0.816 -1.428 0.562
-0.813 -1.423 0.56
-0.811 -1.42 0.559
-0.784 -1.431 0.564
-0.783 -1.429 0.563
-0.782 -1.428 0.562
-0.754 -1.438 0.567
-0.751 -1.433 0.565
-0.719 -1.435 0.565
-0.717 -1.43 0.563
-0.717 -1.43 0.563
-0.687 -1.436 0.566
-0.687 -1.435 0.565
-0.686 -1.433 0.564
-0.656 -1.439 0.567
-0.656 -1.439 0.567
-0.656 -1.437 0.566
-0.628 -1.446 0.57
-0.627 -1.444 0.569
-0.626 -1.442 0.568
-0.598 -1.449 0.571
-0.596 -1.445 0.569
-0.594 -1.44 0.567
-0.566 -1.446 0.57
-0.565 -1.444 0.569
-0.564 -1.443 0.568
-0.537 -1.45 0.571
-0.535 -1.446 0.57
-0.535 -1.446 0.57
-0.507 -1.453 0.572
-0.506 -1.448 0.57
-0.478 -1.454 0.573
-0.478 -1.456 0.573
-0.478 -1.456 0.573
-0.45 -1.461 0.576
-0.449 -1.458 0.574
-0.449 -1.456 0.574
-0.421 -1.461 0.576
-0.421 -1.461 0.576
-0.421 -1.461 0.576
-0.393 -1.468 0.578
-0.392 -1.463 0.576
-0.391 -1.461 0.575
-0.364 -1.467 0.578
-0.364 -1.467 0.578
-0.363 -1.463 0.576
-0.334 -1.463 0.576
-0.334 -1.463 0.576
-0.336 -1.469 0.579
-0.324 -1.551 0.611
-0.332 -1.589 0.626
-0.383 -2.25 0.886
-0.45 -3.421 1.347
-0.452 -3.432 1.352
-0.387 -3.435 1.353
-0.386 -3.427 1.35
-0.385 -3.416 1.346
-0.321 -3.422 1.348
-0.32 -3.418 1.347
-0.256 -3.419 1.347
-0.256 -3.416 1.345
-0.255 -3.412 1.344
-0.191 -3.412 1.344
-0.191 -3.401 1.34
-0.19 -3.397 1.338
-0.126 -3.396 1.338
-0.126 -3.388 1.335
-0.126 -3.373 1.329
-0.062 -3.371 1.328
-0.062 -3.379 1.331
-0.062 -3.382 1.332
0.001 -3.383 1.333
0.001 -3.379 1.331
0.001 -3.368 1.327
0.064 -3.368 1.327
0.064 -3.364 1.325
0.064 -3.356 1.322
0.127 -3.355 1.322
0.127 -3.355 1.322
0.127 -3.347 1.319
0.19 -3.349 1.319
0.19 -3.356 1.322
0.19 -3.356 1.322
0.252 -3.341 1.316
0.251 -3.326 1.31
0.251 -3.33 1.312
0.314 -3.333 1.313
0.314 -3.329 1.311
0.377 -3.327 1.311
0.377 -3.331 1.312
0.376 -3.324 1.309
0.439 -3.317 1.307
0.439 -3.317 1.307
0.439 -3.317 1.307
0.5 -3.306 1.302
0.499 -3.298 1.299
0.494 -3.262 1.285
0.544 -3.187 1.255
0.57 -3.002 1.182
0.54 -2.844 1.12
0.58 -2.773 1.092
0.551 -2.63 1.036
0.587 -2.566 1.011
0.575 -2.512 0.989
0.562 -2.457 0.968
0.594 -2.393 0.943
0.581 -2.343 0.923
0.569 -2.292 0.903
0.601 -2.243 0.883
0.589 -2.199 0.866
0.58 -2.163 0.852
0.607 -2.107 0.83
0.595 -2.067 0.814
0.584 -2.027 0.799
0.615 -1.996 0.786
0.616 -2.0 0.788
0.62 -2.011 0.792
0.66 -2.007 0.791
0.66 -2.007 0.791
0.662 -2.014 0.794
0.701 -2.007 0.791
0.701 -2.007 0.791
0.749 -2.023 0.797
0.762 -2.059 0.811
0.764 -2.066 0.814
0.806 -2.06 0.811
0.806 -2.06 0.811
0.807 -2.063 0.813
0.847 -2.053 0.809
0.85 -2.06 0.812
0.854 -2.071 0.816
0.896 -2.064 0.813
0.901 -2.074 0.817
0.905 -2.084 0.821
0.946 -2.073 0.816
0.947 -2.076 0.818
0.95 -2.083 0.82
0.992 -2.074 0.816
0.996 -2.081 0.819
0.996 -2.081 0.819
1.04 -2.074 0.816
1.043 -2.081 0.819
1.046 -2.088 0.821
1.092 -2.084 0.82
1.098 -2.094 0.824
1.099 -2.097 0.825
1.142 -2.086 0.821
1.15 -2.099 0.826
1.153 -2.106 0.828
1.194 -2.09 0.822
1.204 -2.106 0.829
1.209 -2.116 0.833
0.659 -1.062 0.418
0.654 -1.054 0.415
0.649 -1.046 0.412
0.663 -1.027 0.405
0.657 -1.018 0.401
0.652 -1.01 0.398
0.665 -0.989 0.39
0.659 -0.982 0.387
0.655 -0.975 0.384
0.668 -0.957 0.377
0.661 -0.947 0.373
0.672 -0.927 0.365
0.668 -0.921 0.363
0.662 -0.913 0.36
0.675 -0.896 0.353
0.669 -0.889 0.35
0.664 -0.883 0.348
0.675 -0.864 0.34
0.67 -0.858 0.338
0.665 -0.852 0.336
0.676 -0.835 0.329
0.67 -0.828 0.326
0.666 -0.822 0.324
0.677 -0.806 0.318
0.672 -0.801 0.315
0.682 -0.784 0.309
0.678 -0.779 0.307
0.673 -0.774 0.305
0.684 -0.758 0.299
0.68 -0.754 0.297
0.674 -0.747 0.294
0.684 -0.732 0.288
0.681 -0.729 0.287
0.676 -0.723 0.285
0.685 -0.708 0.279
0.683 -0.705 0.278
0.678 -0.701 0.276
0.687 -0.686 0.27
0.683 -0.682 0.269
0.679 -0.678 0.267
0.688 -0.663 0.261
0.685 -0.66 0.26
0.693 -0.645 0.254
0.69 -0.642 0.253
0.687 -0.639 0.252
0.696 -0.626 0.246
0.692 -0.622 0.245
0.689 -0.619 0.244
0.696 -0.604 0.238
0.693 -0.602 0.237
0.689 -0.598 0.235
0.697 -0.584 0.23
0.694 -0.581 0.229
0.691 -0.579 0.228
0.699 -0.565 0.223
0.696 -0.563 0.222
0.693 -0.56 0.221
0.699 -0.545 0.215
0.686 -0.536 0.211
0.689 -0.519 0.204
0.681 -0.46 0.181
0.681 -0.46 0.181
0.688 -0.448 0.177
0.685 -0.446 0.176
0.683 -0.445 0.175
0.688 -0.432 0.17
0.686 -0.431 0.17
0.686 -0.431 0.17
0.693 -0.419 0.165
0.694 -0.42 0.165
0.709 -0.412 0.162
0.713 -0.399 0.157
0.713 -0.399 0.157
0.71 -0.397 0.156
0.715 -0.384 0.151
0.714 -0.383 0.151
0.712 -0.382 0.151
0.719 -0.371 0.146
0.715 -0.369 0.145
0.712 -0.367 0.145
0.717 -0.355 0.14
0.717 -0.355 0.14
0.715 -0.354 0.139
0.72 -0.341 0.134
0.72 -0.341 0.134
0.716 -0.34 0.134
0.719 -0.326 0.129
0.717 -0.325 0.128
0.715 -0.325 0.128
0.72 -0.312 0.123
0.72 -0.312 0.123
0.724 -0.3 0.118
0.722 -0.299 0.118
0.722 -0.299 0.118
0.725 -0.286 0.113
0.724 -0.286 0.113
0.724 -0.286 0.113
0.731 -0.275 0.108
0.734 -0.276 0.109
0.787 0.238 -0.094
0.777 0.249 -0.098
0.773 0.248 -0.098
0.772 0.247 -0.097
0.765 0.259 -0.102
0.763 0.258 -0.102
0.756 0.27 -0.106
0.756 0.27 -0.106
0.758 0.271 -0.107
0.753 0.283 -0.111
0.757 0.284 -0.112
0.758 0.285 -0.112
0.755 0.298 -0.117
0.757 0.299 -0.118
0.76 0.3 -0.118
0.756 0.313 -0.123
0.758 0.314 -0.124
0.76 0.315 -0.124
0.756 0.328 -0.129
0.758 0.329 -0.129
0.761 0.33 -0.13
0.757 0.343 -0.135
0.759 0.344 -0.136
0.762 0.346 -0.136
0.759 0.36 -0.142
0.761 0.361 -0.142
0.763 0.362 -0.142
0.758 0.375 -0.148
0.761 0.377 -0.148
0.763 0.377 -0.149
0.757 0.391 -0.154
0.761 0.392 -0.155
0.757 0.407 -0.16
5.238 2.929 -1.157
5.23 3.041 -1.201
5.216 3.033 -1.198
4.977 3.008 -1.188
4.977 3.008 -1.188
4.96 3.113 -1.229
4.993 3.134 -1.238
4.98 3.126 -1.234
4.92 3.206 -1.266
2.408 1.628 -0.642
4.625 3.243 -1.28
4.519 3.286 -1.296
2.844 2.22 -0.875
2.825 2.206 -0.87
2.777 2.246 -0.886
2.693 2.256 -0.89
2.615 2.269 -0.895
3.313 2.876 -1.135
3.256 2.927 -1.155
3.54 3.295 -1.3
2.346 2.341 -0.923
2.316 2.311 -0.911
2.256 2.332 -0.919
2.232 2.307 -0.91
3.069 3.286 -1.296
1.994 2.291 -0.903
1.858 2.295 -0.905
1.849 2.283 -0.9
1.801 2.306 -0.909
1.687 2.326 -0.917
1.616 2.316 -0.913
1.994 2.97 -1.171
1.936 2.999 -1.182
1.889 3.046 -1.201
0.897 1.505 -0.593
0.899 1.509 -0.594
1.902 3.475 -1.37
0.905 1.726 -0.68
0.922 1.759 -0.693
0.94 1.793 -0.706
0.953 1.992 -0.785
1.418 3.111 -1.226
1.421 3.117 -1.229
1.438 3.155 -1.244
1.409 3.247 -1.28
1.423 3.278 -1.292
1.358 3.294 -1.298
1.355 3.287 -1.296
1.352 3.28 -1.293
1.286 3.291 -1.297
1.288 3.294 -1.299
1.28 3.273 -1.29
1.208 3.266 -1.287
1.011 2.899 -1.143
1.008 2.888 -1.139
1.011 2.899 -1.143
0.952 2.901 -1.143
0.951 2.897 -1.141
0.951 2.897 -1.141
0.894 2.905 -1.144
0.893 2.901 -1.143
0.892 2.898 -1.141
0.837 2.908 -1.146
0.834 2.901 -1.143
0.778 2.907 -1.145
0.779 2.911 -1.147
0.778 2.907 -1.145
0.72 2.905 -1.144
0.721 2.908 -1.146
0.724 2.923 -1.151
0.669 2.934 -1.156
0.668 2.927 -1.153
0.667 2.923 -1.151
0.612 2.934 -1.156
0.61 2.926 -1.153
0.61 2.926 -1.153
0.557 2.947 -1.161
0.557 2.947 -1.161
0.557 2.943 -1.159
0.502 2.955 -1.164
0.501 2.948 -1.161
0.5 2.944 -1.16
0.444 2.948 -1.161
0.445 2.952 -1.163
0.444 2.948 -1.161
0.389 2.955 -1.164
0.389 2.955 -1.164
0.389 2.955 -1.164
0.333 2.961 -1.166
0.333 2.961 -1.166
0.333 2.961 -1.166
0.28 2.988 -1.177
0.28 2.988 -1.177
0.223 2.978 -1.173
0.222 2.974 -1.171
0.222 2.97 -1.17
0.166 2.97 -1.17
0.167 2.977 -1.173
0.167 2.977 -1.173
0.111 2.979 -1.174
0.111 2.979 -1.174
0.111 2.983 -1.175
0.055 2.984 -1.176
0.055 2.992 -1.178
0.055 2.984 -1.176
-0.001 2.989 -1.177
-0.063 3.293 -1.297
-0.06 3.155 -1.243
-0.122 3.225 -1.27
-0.122 3.228 -1.272
-0.122 3.232 -1.273
-0.183 3.237 -1.275
-0.183 3.23 -1.272
-0.186 3.285 -1.294
-0.25 3.319 -1.307
-0.251 3.323 -1.309
-0.251 3.323 -1.309
-0.311 3.3 -1.3
-0.311 3.292 -1.297
-0.311 3.296 -1.298
-0.374 3.305 -1.302
-0.381 3.361 -1.324
-0.401 2.65 -1.044
-0.403 2.665 -1.05
-0.455 2.665 -1.05
-0.455 2.665 -1.05
-0.455 2.665 -1.05
-0.505 2.657 -1.047
-0.505 2.661 -1.048
-0.505 2.661 -1.048
-0.556 2.656 -1.046
-0.557 2.66 -1.048
-0.557 2.663 -1.049
-0.608 2.657 -1.047
-0.611 2.668 -1.051
-0.611 2.668 -1.051
-0.661 2.662 -1.048
-0.662 2.665 -1.05
-0.661 2.662 -1.048
-0.713 2.658 -1.047
-0.716 2.669 -1.051
-0.767 2.66 -1.048
-0.769 2.667 -1.051
-0.774 2.685 -1.058
-0.828 2.683 -1.057
-0.83 2.69 -1.06
-0.829 2.687 -1.058
-0.88 2.676 -1.054
-0.884 2.687 -1.058
-0.97 2.775 -1.092
-0.955 2.733 -1.076
-0.954 2.729 -1.075
-1.004 2.71 -1.066
-1.0 2.699 -1.062
-1.004 2.71 -1.066
-1.059 2.703 -1.064
-1.061 2.71 -1.067
-1.063 2.714 -1.068
-1.113 2.696 -1.061
-1.115 2.7 -1.062
-1.122 2.717 -1.069
-1.177 2.709 -1.066
-1.177 2.709 -1.066
-1.179 2.712 -1.067
-1.231 2.696 -1.061
-1.237 2.71 -1.066
-1.242 2.72 -1.07
-1.294 2.703 -1.064
-1.301 2.717 -1.069
-1.307 2.73 -1.074
-1.365 2.722 -1.071
-1.367 2.725 -1.073
-1.423 2.713 -1.068
-1.432 2.73 -1.074
-1.434 2.733 -1.076
-1.488 2.716 -1.069
-1.496 2.729 -1.074
-1.497 2.732 -1.075
-1.55 2.711 -1.067
-1.558 2.724 -1.072
-1.569 2.744 -1.08
-1.624 2.724 -1.072
-1.628 2.731 -1.075
-1.638 2.747 -1.081
-1.699 2.736 -1.077
-1.707 2.749 -1.082
-1.717 2.765 -1.088
-1.775 2.747 -1.081
-1.777 2.75 -1.082
-1.779 2.753 -1.083
-1.843 2.743 -1.079
-1.858 2.765 -1.088
-1.868 2.781 -1.094
-1.927 2.759 -1.086
-1.931 2.765 -1.088
-1.94 2.778 -1.093
-1.994 2.749 -1.082
-2.001 2.758 -1.086
-2.012 2.774 -1.092
-2.077 2.759 -1.086
-2.087 2.771 -1.091
-2.093 2.78 -1.094
-2.159 2.764 -1.088
-2.171 2.779 -1.094
-2.185 2.797 -1.101
-2.254 2.782 -1.095
-2.271 2.803 -1.103
-2.336 2.78 -1.094
-2.348 2.795 -1.1
-2.353 2.801 -1.102
-2.423 2.782 -1.095
-2.44 2.803 -1.103
-2.455 2.82 -1.11
-3.287 3.644 -1.433
-3.318 3.678 -1.447
-3.418 3.657 -1.439
-3.434 3.674 -1.445
-3.439 3.68 -1.447
-3.513 3.629 -1.427
-3.534 3.651 -1.436
-2.62 2.613 -1.028
-2.623 2.616 -1.029
-2.612 2.605 -1.025
-2.638 2.541 -1.0
-2.632 2.535 -0.998
-2.621 2.525 -0.993
-2.651 2.466 -0.97
-2.64 2.455 -0.966
-2.62 2.437 -0.959
-2.662 2.391 -0.941
-2.664 2.394 -0.942
-2.691 2.335 -0.919
-2.686 2.33 -0.917
-2.686 2.33 -0.917
-2.723 2.281 -0.898
-2.723 2.281 -0.898
-2.723 2.281 -0.898
-2.768 2.239 -0.881
-2.747 2.222 -0.874
-2.828 2.208 -0.869
-2.804 2.189 -0.861
-2.801 2.187 -0.86
-2.838 2.138 -0.841
-2.847 2.145 -0.844
-2.854 2.15 -0.846
-2.89 2.101 -0.826
-2.894 2.103 -0.827
-2.903 2.11 -0.829
-2.955 2.072 -0.814
-2.968 2.081 -0.818
-2.974 2.085 -0.819
-3.029 2.048 -0.805
-3.055 2.065 -0.811
-3.296 2.147 -0.844
-3.293 2.145 -0.843
-3.286 2.141 -0.841
-3.316 2.081 -0.818
-3.313 2.079 -0.817
-3.335 2.015 -0.792
-3.314 2.003 -0.787
-3.308 1.999 -0.785
-3.338 1.941 -0.762
-3.338 1.941 -0.762
-3.338 1.941 -0.762
-3.367 1.882 -0.739
-3.34 1.867 -0.733
-3.34 1.867 -0.733
-3.381 1.816 -0.713
-3.364 1.807 -0.71
-3.36 1.805 -0.709
-3.397 1.752 -0.688
-3.383 1.745 -0.685
-3.366 1.736 -0.682
-3.38 1.672 -0.657
-3.38 1.672 -0.657
-3.383 1.674 -0.657
-3.414 1.619 -0.636
-3.418 1.62 -0.636
-3.4 1.612 -0.633
-3.412 1.548 -0.608
-3.408 1.547 -0.607
-3.405 1.545 -0.607
-3.437 1.491 -0.585
-3.44 1.493 -0.586
-3.461 1.434 -0.563
-3.464 1.435 -0.563
-3.461 1.434 -0.563
-3.494 1.38 -0.542
-3.513 1.387 -0.544
-3.509 1.386 -0.544
-3.516 1.322 -0.519
-3.505 1.317 -0.517
-3.52 1.323 -0.519
-3.548 1.267 -0.497
-3.555 1.27 -0.498
-3.57 1.275 -0.5
-3.605 1.221 -0.479
-3.62 1.226 -0.481
-3.771 1.208 -0.474
-3.812 1.221 -0.479
-3.896 1.178 -0.462
-3.903 1.18 -0.463
-3.903 1.18 -0.463
-3.779 1.075 -0.421
-3.787 1.077 -0.422
-3.791 1.011 -0.396
-3.784 1.009 -0.396
-3.783 0.943 -0.369
-3.775 0.941 -0.369
-3.856 0.961 -0.377
-3.877 0.899 -0.352
-3.807 0.883 -0.346
-3.8 0.881 -0.345
-3.847 0.826 -0.323
-3.89 0.836 -0.327
-3.901 0.838 -0.328
-3.928 0.777 -0.304
-3.901 0.771 -0.302
-3.819 0.755 -0.295
-3.789 0.685 -0.268
-3.035 0.549 -0.214
-3.037 0.498 -0.194
-3.033 0.498 -0.194
-3.021 0.496 -0.193
-3.01 0.444 -0.173
-3.003 0.442 -0.172
-3.018 0.395 -0.153
-3.002 0.393 -0.153
-3.006 0.393 -0.153
-3.013 0.344 -0.134
-3.025 0.346 -0.134
-3.049 0.348 -0.135
-3.061 0.35 -0.136
-3.091 0.302 -0.117
-3.813 0.31 -0.12
-3.829 0.312 -0.121
-3.898 0.254 -0.098
-3.883 0.253 -0.098
-3.831 0.249 -0.096
-3.875 0.189 -0.072
-3.879 0.189 -0.072
-3.843 0.187 -0.072
-3.87 0.126 -0.048
-3.862 0.125 -0.047
-3.842 0.125 -0.047
-3.903 0.063 -0.023
-3.995 0.065 -0.024
-4.027 0.065 -0.024
nan nan nan
nan nan nan
nan nan nan
nan nan nan
nan nan nan
nan nan nan
nan nan nan
nan nan nan
nan nan nan
nan nan nan
nan nan nan
nan nan nan
nan nan nan
nan nan nan
nan nan nan
nan nan nan
nan nan nan
nan nan nan
nan nan nan
nan nan nan
nan nan nan
nan nan nan
nan nan nan
nan nan nan
nan nan nan
nan nan nan
nan nan nan
nan nan nan
nan nan nan
nan nan nan
nan nan nan
nan nan nan
nan nan nan
nan nan nan
nan nan nan
nan nan nan
nan nan nan
nan nan nan
nan nan nan
nan nan nan
nan nan nan
nan nan nan
nan nan nan
nan nan nan
nan nan nan
nan nan nan
nan nan nan
nan nan nan
nan nan nan
nan nan nan
nan nan nan
nan nan nan
nan nan nan
nan nan nan
nan nan nan
nan nan nan
nan nan nan
nan nan nan
nan nan nan
nan nan nan
nan nan nan
nan nan nan
nan nan nan
nan nan nan
nan nan nan
nan nan nan
nan nan nan
nan nan nan
nan nan nan
nan nan nan
nan nan nan
nan nan nan
nan nan nan
nan nan nan
nan nan nan
nan nan nan
nan nan nan
nan nan nan
nan nan nan
nan nan nan
nan nan nan
nan nan nan
nan nan nan
nan nan nan
nan nan nan
nan nan nan
nan nan nan
nan nan nan
nan nan nan
nan nan nan
nan nan nan
nan nan nan
nan nan nan
nan nan nan
nan nan nan
nan nan nan
nan nan nan
nan nan nan
nan nan nan
nan nan nan
nan nan nan
nan nan nan
nan nan nan
nan nan nan
nan nan nan
nan nan nan
nan nan nan
nan nan nan
nan nan nan
nan nan nan
nan nan nan
nan nan nan
nan nan nan
nan nan nan
nan nan nan
nan nan nan
nan nan nan
nan nan nan
nan nan nan
nan nan nan
nan nan nan
nan nan nan
nan nan nan
nan nan nan
nan nan nan
nan nan nan
nan nan nan
nan nan nan
nan nan nan
nan nan nan
nan nan nan
nan nan nan
nan nan nan
nan nan nan
nan nan nan
nan nan nan
nan nan nan
nan nan nan
nan nan nan
nan nan nan
nan nan nan
nan nan nan
nan nan nan
nan nan nan
nan nan nan
nan nan nan
nan nan nan
nan nan nan
nan nan nan
nan nan nan
nan nan nan
nan nan nan
nan nan nan
nan nan nan
nan nan nan
nan nan nan
nan nan nan
nan nan nan
nan nan nan
nan nan nan
nan nan nan
nan nan nan
nan nan nan
nan nan nan
nan nan nan
nan nan nan
nan nan nan
nan nan nan
nan nan nan
nan nan nan
nan nan nan
nan nan nan
nan nan nan
nan nan nan
nan nan nan
nan nan nan
nan nan nan
nan nan nan
nan nan nan
nan nan nan
nan nan nan
nan nan nan
nan nan nan
nan nan nan
nan nan nan
nan nan nan
nan nan nan
nan nan nan
nan nan nan
nan nan nan
nan nan nan
nan nan nan
nan nan nan
nan nan nan
nan nan nan
nan nan nan
nan nan nan
nan nan nan
nan nan nan
nan nan nan
nan nan nan
nan nan nan
nan nan nan
nan nan nan
nan nan nan
nan nan nan
nan nan nan
nan nan nan
nan nan nan
nan nan nan
nan nan nan
nan nan nan
nan nan nan
nan nan nan
nan nan nan
nan nan nan
nan nan nan
nan nan nan
nan nan nan
nan nan nan
nan nan nan
nan nan nan
nan nan nan
nan nan nan
nan nan nan
nan nan nan
nan nan nan
nan nan nan
nan nan nan
nan nan nan
nan nan nan
nan nan nan
nan nan nan
nan nan nan
nan nan nan
nan nan nan
nan nan nan
nan nan nan
nan nan nan
nan nan nan
nan nan nan
nan nan nan
nan nan nan
nan nan nan
nan nan nan
nan nan nan
nan nan nan
nan nan nan
nan nan nan
nan nan nan
nan nan nan
nan nan nan
nan nan nan
nan nan nan
nan nan nan
nan nan nan
nan nan nan
nan nan nan
nan nan nan
nan nan nan
nan nan nan
nan nan nan
nan nan nan
nan nan nan
nan nan nan
nan nan nan
nan nan nan
nan nan nan
nan nan nan
nan nan nan
nan nan nan
nan nan nan
nan nan nan
nan nan nan
nan nan nan
nan nan nan
nan nan nan
nan nan nan
nan nan nan
nan nan nan
nan nan nan
nan nan nan
nan nan nan
nan nan nan
nan nan nan
nan nan nan
nan nan nan
nan nan nan
nan nan nan
nan nan nan
nan nan nan
nan nan nan
nan nan nan
nan nan nan
nan nan nan
nan nan nan
nan nan nan
nan nan nan
nan nan nan
nan nan nan
nan nan nan
nan nan nan
nan nan nan
nan nan nan
nan nan nan
nan nan nan
nan nan nan
nan nan nan
nan nan nan
nan nan nan
nan nan nan
nan nan nan
nan nan nan
nan nan nan
nan nan nan
nan nan nan
nan nan nan
nan nan nan
nan nan nan
nan nan nan
nan nan nan
nan nan nan
nan nan nan
nan nan nan
nan nan nan
nan nan nan
nan nan nan
nan nan nan
nan nan nan
nan nan nan
nan nan nan
nan nan nan
nan nan nan
nan nan nan
nan nan nan
nan nan nan
nan nan nan
nan nan nan
nan nan nan
nan nan nan
nan nan nan
nan nan nan
nan nan nan
nan nan nan
nan nan nan
nan nan nan
nan nan nan
nan nan nan
nan nan nan
nan nan nan
nan nan nan
nan nan nan
nan nan nan
nan nan nan
nan nan nan
nan nan nan
nan nan nan
nan nan nan
nan nan nan
nan nan nan
nan nan nan
nan nan nan
nan nan nan
nan nan nan
nan nan nan
nan nan nan
nan nan nan
nan nan nan
nan nan nan
nan nan nan
nan nan nan
nan nan nan
nan nan nan
nan nan nan
nan nan nan
nan nan nan
nan nan nan
nan nan nan
nan nan nan
nan nan nan
nan nan nan
nan nan nan
nan nan nan
nan nan nan
nan nan nan
nan nan nan
nan nan nan
nan nan nan
nan nan nan
nan nan nan
nan nan nan
nan nan nan
nan nan nan
nan nan nan
nan nan nan
nan nan nan
nan nan nan
nan nan nan
nan nan nan
nan nan nan
nan nan nan
nan nan nan
nan nan nan
nan nan nan
nan nan nan
nan nan nan
nan nan nan
nan nan nan
nan nan nan
nan nan nan
nan nan nan
nan nan nan
nan nan nan
nan nan nan
nan nan nan
nan nan nan
nan nan nan
nan nan nan
nan nan nan
nan nan nan
nan nan nan
nan nan nan
nan nan nan
nan nan nan
nan nan nan
nan nan nan
nan nan nan
nan nan nan
nan nan nan
nan nan nan
nan nan nan
nan nan nan
nan nan nan
nan nan nan
nan nan nan
nan nan nan
nan nan nan
nan nan nan
nan nan nan
nan nan nan
nan nan nan
nan nan nan
nan nan nan
nan nan nan
nan nan nan
nan nan nan
nan nan nan
nan nan nan
nan nan nan
nan nan nan
nan nan nan
nan nan nan
nan nan nan
nan nan nan
nan nan nan
nan nan nan
nan nan nan
nan nan nan
nan nan nan
nan nan nan
nan nan nan
nan nan nan
nan nan nan
nan nan nan
nan nan nan
nan nan nan
nan nan nan
nan nan nan
nan nan nan
nan nan nan
nan nan nan
nan nan nan
nan nan nan
nan nan nan
nan nan nan
nan nan nan
nan nan nan
nan nan nan
nan nan nan
nan nan nan
nan nan nan
nan nan nan
nan nan nan
nan nan nan
nan nan nan
nan nan nan
nan nan nan
nan nan nan
nan nan nan
nan nan nan
nan nan nan
nan nan nan
nan nan nan
nan nan nan
nan nan nan
nan nan nan
nan nan nan
nan nan nan
nan nan nan
nan nan nan
nan nan nan
nan nan nan
nan nan nan
nan nan nan
nan nan nan
nan nan nan
nan nan nan
nan nan nan
nan nan nan
nan nan nan
nan nan nan
nan nan nan
nan nan nan
nan nan nan
nan nan nan
nan nan nan
nan nan nan
nan nan nan
nan nan nan
nan nan nan
nan nan nan
nan nan nan
nan nan nan
nan nan nan
nan nan nan
nan nan nan
nan nan nan
nan nan nan
nan nan nan
nan nan nan
nan nan nan
nan nan nan
nan nan nan
nan nan nan
nan nan nan
nan nan nan
nan nan nan
nan nan nan
nan nan nan
nan nan nan
nan nan nan
nan nan nan
nan nan nan
nan nan nan
nan nan nan
nan nan nan
nan nan nan
nan nan nan
nan nan nan
nan nan nan
nan nan nan
nan nan nan
nan nan nan
nan nan nan
nan nan nan
nan nan nan
nan nan nan
nan nan nan
nan nan nan
nan nan nan
nan nan nan
nan nan nan
nan nan nan
nan nan nan
nan nan nan
nan nan nan
nan nan nan
nan nan nan
nan nan nan
nan nan nan
nan nan nan
nan nan nan
nan nan nan
nan nan nan
nan nan nan
nan nan nan
nan nan nan
nan nan nan
nan nan nan
nan nan nan
nan nan nan
nan nan nan
nan nan nan
nan nan nan
nan nan nan
nan nan nan
nan nan nan
nan nan nan
nan nan nan
nan nan nan
nan nan nan
nan nan nan
nan nan nan
nan nan nan
nan nan nan
nan nan nan
nan nan nan
nan nan nan
nan nan nan
nan nan nan
nan nan nan
nan nan nan
nan nan nan
nan nan nan
nan nan nan
nan nan nan
nan nan nan
nan nan nan
nan nan nan
nan nan nan
nan nan nan
nan nan nan
nan nan nan
nan nan nan
nan nan nan
nan nan nan
nan nan nan
nan nan nan
nan nan nan
nan nan nan
nan nan nan
nan nan nan
nan nan nan
nan nan nan
nan nan nan
nan nan nan
nan nan nan
nan nan nan
nan nan nan
nan nan nan
nan nan nan
nan nan nan
nan nan nan
nan nan nan
nan nan nan
nan nan nan
nan nan nan
nan nan nan
nan nan nan
nan nan nan
nan nan nan
nan nan nan
nan nan nan
nan nan nan
nan nan nan
nan nan nan
nan nan nan
nan nan nan
nan nan nan
nan nan nan
nan nan nan
nan nan nan
nan nan nan
nan nan nan
nan nan nan
nan nan nan
nan nan nan
nan nan nan
nan nan nan
nan nan nan
nan nan nan
nan nan nan
nan nan nan
nan nan nan
nan nan nan
nan nan nan
nan nan nan
nan nan nan
nan nan nan
nan nan nan
nan nan nan
nan nan nan
nan nan nan
nan nan nan
nan nan nan
nan nan nan
nan nan nan
nan nan nan
nan nan nan
nan nan nan
nan nan nan
nan nan nan
nan nan nan
nan nan nan
nan nan nan
nan nan nan
nan nan nan
nan nan nan
nan nan nan
nan nan nan
nan nan nan
nan nan nan
nan nan nan
nan nan nan
nan nan nan
nan nan nan
nan nan nan
nan nan nan
nan nan nan
nan nan nan
nan nan nan
nan nan nan
nan nan nan
nan nan nan
nan nan nan
nan nan nan
nan nan nan
nan nan nan
nan nan nan
nan nan nan
nan nan nan
nan nan nan
nan nan nan
nan nan nan
nan nan nan
nan nan nan
nan nan nan
nan nan nan
nan nan nan
nan nan nan
nan nan nan
nan nan nan
nan nan nan
nan nan nan
nan nan nan
nan nan nan
nan nan nan
nan nan nan
nan nan nan
nan nan nan
nan nan nan
nan nan nan
nan nan nan
nan nan nan
nan nan nan
nan nan nan
nan nan nan
nan nan nan
nan nan nan
nan nan nan
nan nan nan
nan nan nan
nan nan nan
nan nan nan
nan nan nan
nan nan nan
nan nan nan
nan nan nan
nan nan nan
nan nan nan
nan nan nan
nan nan nan
nan nan nan
nan nan nan
nan nan nan
nan nan nan
nan nan nan
nan nan nan
nan nan nan
nan nan nan
nan nan nan
nan nan nan
nan nan nan
nan nan nan
nan nan nan
nan nan nan
nan nan nan
nan nan nan
nan nan nan
nan nan nan
nan nan nan
nan nan nan
nan nan nan
nan nan nan
nan nan nan
nan nan nan
nan nan nan
nan nan nan
nan nan nan
nan nan nan
nan nan nan
nan nan nan
nan nan nan
nan nan nan
nan nan nan
nan nan nan
nan nan nan
nan nan nan
nan nan nan
nan nan nan
nan nan nan
nan nan nan
nan nan nan
nan nan nan
nan nan nan
nan nan nan
nan nan nan
nan nan nan
nan nan nan
nan nan nan
nan nan nan
nan nan nan
nan nan nan
nan nan nan
nan nan nan
nan nan nan
nan nan nan
nan nan nan
nan nan nan
nan nan nan
nan nan nan
nan nan nan
-4.028 0.0 -0.015
-4.028 0.0 -0.015
-4.028 0.0 -0.015
-4.031 -0.067 0.005
-4.027 -0.067 0.005
-4.027 -0.067 0.005
-4.022 -0.135 0.025
-4.026 -0.135 0.025
-4.034 -0.135 0.025
-4.03 -0.202 0.046
-4.03 -0.202 0.046
-4.03 -0.202 0.046
-4.026 -0.27 0.066
-4.026 -0.27 0.066
-4.03 -0.27 0.066
-4.029 -0.338 0.086
-4.033 -0.338 0.086
-4.03 -0.406 0.107
-4.034 -0.406 0.107
-4.034 -0.406 0.107
-4.031 -0.474 0.127
-4.031 -0.474 0.127
-4.035 -0.474 0.127
-4.029 -0.542 0.148
-4.037 -0.543 0.148
-4.041 -0.544 0.147
-4.047 -0.614 0.168
-4.054 -0.615 0.168
-4.054 -0.615 0.168
-4.043 -0.683 0.189
-4.058 -0.685 0.189
-4.058 -0.685 0.189
-4.045 -0.753 0.21
-4.061 -0.756 0.211
-4.077 -0.759 0.212
-4.07 -0.828 0.232
-4.07 -0.828 0.232
-4.031 -0.821 0.231
-3.926 -0.868 0.245
-3.879 -0.858 0.242
-3.828 -0.846 0.239
-3.77 -0.9 0.256
-3.727 -0.89 0.253
-3.629 -0.931 0.265
-3.575 -0.917 0.261
-3.502 -0.898 0.256
-3.388 -0.93 0.266
-3.35 -0.92 0.263
-3.335 -0.916 0.262
-3.264 -0.956 0.273
-3.21 -0.94 0.27
-3.149 -0.922 0.264
-3.071 -0.955 0.274
-3.006 -0.935 0.268
-2.923 -0.909 0.262
-2.879 -0.949 0.274
-2.868 -0.946 0.272
-2.822 -0.931 0.268
-2.775 -0.967 0.279
-2.764 -0.963 0.278
-2.767 -0.964 0.278
-2.757 -1.013 0.293
-2.764 -1.016 0.294
-2.764 -1.069 0.31
-2.763 -1.123 0.326
-2.77 -1.126 0.327
-2.777 -1.129 0.327
-2.102 -0.896 0.261
-2.782 -1.242 0.361
-2.773 -1.295 0.377
-2.759 -1.288 0.375
-2.733 -1.277 0.373
-2.695 -1.315 0.384
-2.674 -1.305 0.381
-2.635 -1.285 0.375
-2.586 -1.317 0.385
-1.883 -0.999 0.293
-1.869 -0.992 0.29
-1.858 -1.027 0.301
-2.33 -1.34 0.393
-2.313 -1.33 0.39
-2.291 -1.318 0.386
-2.248 -1.344 0.394
-2.227 -1.332 0.39
-2.204 -1.318 0.387
-2.162 -1.344 0.395
-1.762 -1.138 0.334
-1.759 -1.136 0.333
-1.731 -1.16 0.341
-1.783 -1.382 0.407
-1.914 -1.483 0.438
-1.285 -1.032 0.304
-1.263 -1.051 0.31
-1.258 -1.047 0.309
-1.258 -1.047 0.309
-1.245 -1.073 0.317
-1.249 -1.077 0.318
-1.255 -1.082 0.319
-1.34 -1.239 0.366
-1.345 -1.243 0.368
-1.374 -1.314 0.389
-1.275 -1.264 0.374
-1.276 -1.265 0.374
-1.264 -1.297 0.384
-1.361 -1.395 0.413
-1.33 -1.412 0.418
-1.326 -1.408 0.417
-1.32 -1.402 0.415
-1.288 -1.417 0.42
-1.28 -1.408 0.417
-1.273 -1.401 0.415
-1.244 -1.418 0.42
-1.24 -1.413 0.419
-1.235 -1.407 0.417
-1.205 -1.423 0.422
-1.201 -1.419 0.42
-1.167 -1.428 0.424
-1.159 -1.419 0.421
-1.156 -1.415 0.42
-1.125 -1.427 0.424
-1.119 -1.42 0.422
-1.115 -1.415 0.42
-1.084 -1.426 0.424
-1.078 -1.418 0.421
-1.074 -1.413 0.42
-1.047 -1.43 0.425
-1.044 -1.425 0.423
-1.04 -1.42 0.422
-1.01 -1.431 0.425
-1.007 -1.428 0.424
-1.003 -1.421 0.422
-0.971 -1.43 0.425
-0.969 -1.427 0.424
-0.968 -1.425 0.423
-0.94 -1.438 0.427
-0.935 -1.43 0.425
-0.902 -1.435 0.427
-0.9 -1.432 0.426
-0.899 -1.43 0.426
-0.87 -1.44 0.429
-0.868 -1.437 0.428
-0.865 -1.432 0.426
-0.838 -1.444 0.43
-0.837 -1.443 0.43
-0.835 -1.439 0.429
-0.806 -1.448 0.431
-0.802 -1.441 0.429
-0.798 -1.434 0.427
-0.771 -1.446 0.43
-0.768 -1.441 0.429
-0.767 -1.437 0.428
-0.739 -1.448 0.431
-0.738 -1.445 0.43
-0.738 -1.446 0.431
-0.711 -1.457 0.434
-0.708 -1.45 0.432
-0.706 -1.446 0.431
-0.679 -1.456 0.434
-0.676 -1.449 0.431
-0.647 -1.455 0.434
-0.646 -1.453 0.434
-0.644 -1.45 0.433
-0.616 -1.457 0.435
-0.616 -1.455 0.434
-0.615 -1.453 0.434
-0.589 -1.465 0.437
-0.589 -1.465 0.437
-0.586 -1.458 0.435
-0.559 -1.467 0.438
-0.558 -1.464 0.437
-0.556 -1.458 0.435
-0.529 -1.465 0.437
-0.529 -1.465 0.437
-0.527 -1.46 0.436
-0.499 -1.465 0.437
-0.499 -1.465 0.437
-0.498 -1.461 0.436
-0.471 -1.469 0.439
-0.472 -1.471 0.439
-0.444 -1.475 0.44
-0.442 -1.471 0.439
-0.442 -1.471 0.439
-0.415 -1.475 0.44
-0.414 -1.473 0.44
-0.414 -1.471 0.439
-0.386 -1.476 0.442
-0.386 -1.476 0.442
-0.386 -1.476 0.442
-0.359 -1.482 0.443
-0.358 -1.478 0.442
-0.357 -1.475 0.441
-0.33 -1.478 0.442
-0.303 -1.484 0.444
-0.347 -2.089 0.625
-0.407 -2.445 0.731
-0.497 -3.845 1.151
-0.513 -4.634 1.387
-0.512 -4.618 1.383
-0.428 -4.626 1.385
-0.427 -4.618 1.383
-0.426 -4.611 1.38
-0.342 -4.61 1.381
-0.342 -4.61 1.381
-0.342 -4.617 1.383
-0.257 -4.607 1.38
-0.257 -4.599 1.378
-0.257 -4.599 1.378
-0.173 -4.595 1.377
-0.173 -4.603 1.379
-0.089 -4.597 1.378
-0.088 -4.566 1.369
-0.005 -4.559 1.367
-0.005 -4.559 1.367
0.078 -4.582 1.374
0.078 -4.551 1.365
0.078 -4.559 1.367
0.161 -4.564 1.37
0.161 -4.557 1.367
0.161 -4.549 1.365
0.244 -4.546 1.364
0.244 -4.546 1.364
0.243 -4.53 1.359
0.325 -4.518 1.356
0.325 -4.525 1.358
0.325 -4.518 1.356
0.408 -4.519 1.357
0.406 -4.496 1.35
0.462 -4.253 1.277
0.456 -4.199 1.261
0.457 -4.214 1.266
0.536 -4.221 1.268
0.535 -4.214 1.265
0.612 -4.204 1.262
0.519 -3.164 0.951
0.546 -2.981 0.896
0.533 -2.909 0.874
0.521 -2.845 0.855
0.56 -2.772 0.833
0.546 -2.704 0.813
0.534 -2.644 0.795
0.57 -2.582 0.776
0.558 -2.526 0.759
0.588 -2.453 0.737
0.575 -2.397 0.721
0.563 -2.348 0.706
0.594 -2.294 0.69
0.583 -2.253 0.677
0.572 -2.208 0.664
0.602 -2.158 0.649
0.589 -2.113 0.636
0.578 -2.073 0.623
0.606 -2.029 0.61
0.602 -2.018 0.607
0.602 -2.018 0.607
0.64 -2.012 0.605
0.641 -2.015 0.606
0.645 -2.026 0.61
0.683 -2.019 0.608
0.685 -2.026 0.61
0.689 -2.037 0.614
0.736 -2.054 0.619
0.744 -2.076 0.625
0.748 -2.087 0.629
0.79 -2.085 0.628
0.794 -2.095 0.631
0.837 -2.093 0.63
0.841 -2.103 0.634
0.839 -2.1 0.633
0.878 -2.085 0.628
0.881 -2.092 0.63
0.881 -2.092 0.63
0.923 -2.088 0.63
0.93 -2.102 0.634
0.934 -2.113 0.637
0.977 -2.107 0.636
0.982 -2.118 0.639
0.982 -2.118 0.639
1.024 -2.108 0.636
1.031 -2.122 0.64
1.031 -2.122 0.64
1.068 -2.101 0.634
1.069 -2.104 0.635
1.071 -2.108 0.636
1.113 -2.096 0.632
1.117 -2.103 0.635
1.12 -2.11 0.637
1.164 -2.101 0.634
1.172 -2.114 0.639
1.175 -2.121 0.641
1.22 -2.111 0.638
1.226 -2.121 0.641
0.645 -1.072 0.323
0.658 -1.051 0.318
0.653 -1.043 0.316
0.648 -1.035 0.312
0.661 -1.015 0.307
0.657 -1.009 0.305
0.651 -0.999 0.303
0.663 -0.98 0.297
0.659 -0.974 0.295
0.654 -0.966 0.293
0.666 -0.947 0.287
0.66 -0.939 0.284
0.671 -0.92 0.279
0.665 -0.912 0.276
0.661 -0.905 0.274
0.671 -0.887 0.269
0.667 -0.88 0.267
0.662 -0.874 0.265
0.673 -0.857 0.26
0.669 -0.852 0.259
0.665 -0.846 0.257
0.674 -0.827 0.251
0.67 -0.823 0.25
0.665 -0.817 0.248
0.675 -0.799 0.243
0.67 -0.794 0.241
0.68 -0.778 0.236
0.676 -0.773 0.235
0.671 -0.768 0.233
0.683 -0.753 0.229
0.679 -0.749 0.228
0.675 -0.745 0.226
0.684 -0.729 0.222
0.679 -0.723 0.22
0.675 -0.719 0.219
0.684 -0.703 0.214
0.681 -0.701 0.213
0.677 -0.696 0.212
0.685 -0.681 0.207
0.684 -0.679 0.207
0.678 -0.674 0.205
0.688 -0.66 0.201
0.683 -0.656 0.2
0.681 -0.653 0.199
0.69 -0.639 0.195
0.685 -0.635 0.193
0.695 -0.622 0.189
0.691 -0.618 0.188
0.686 -0.614 0.187
0.695 -0.6 0.183
0.693 -0.599 0.182
0.69 -0.596 0.182
0.698 -0.582 0.177
0.693 -0.578 0.176
0.69 -0.576 0.176
0.698 -0.562 0.171
0.695 -0.559 0.171
0.692 -0.557 0.17
0.698 -0.543 0.166
0.697 -0.541 0.165
0.694 -0.539 0.165
0.699 -0.524 0.16
0.697 -0.522 0.16
0.696 -0.521 0.159
0.702 -0.507 0.155
0.699 -0.505 0.154
0.704 -0.491 0.15
0.703 -0.49 0.15
0.701 -0.489 0.15
0.707 -0.475 0.145
0.703 -0.472 0.145
0.7 -0.47 0.144
0.707 -0.457 0.14
0.705 -0.456 0.14
0.702 -0.454 0.139
0.709 -0.441 0.135
0.707 -0.44 0.135
0.703 -0.438 0.134
0.711 -0.425 0.131
0.709 -0.424 0.13
0.706 -0.422 0.13
0.711 -0.409 0.126
0.71 -0.408 0.125
0.714 -0.395 0.121
0.712 -0.394 0.121
0.71 -0.393 0.121
0.717 -0.381 0.117
0.715 -0.38 0.117
0.712 -0.378 0.116
0.717 -0.365 0.112
0.715 -0.364 0.112
0.713 -0.363 0.112
0.718 -0.351 0.108
0.716 -0.35 0.108
0.713 -0.348 0.107
0.719 -0.336 0.104
0.719 -0.336 0.104
0.715 -0.334 0.103
0.72 -0.321 0.099
0.72 -0.321 0.099
0.718 -0.321 0.099
0.722 -0.308 0.095
0.718 -0.306 0.095
0.724 -0.294 0.091
0.724 -0.294 0.091
0.724 -0.294 0.091
0.731 -0.283 0.088
0.732 -0.283 0.088
0.706 0.0 0.003
0.787 0.245 -0.07
0.784 0.244 -0.07
0.775 0.256 -0.074
0.772 0.254 -0.073
0.763 0.266 -0.077
0.761 0.265 -0.077
0.759 0.265 -0.076
0.756 0.278 -0.08
0.756 0.278 -0.08
0.758 0.279 -0.081
0.755 0.292 -0.085
0.757 0.293 -0.085
0.758 0.294 -0.085
0.755 0.307 -0.089
0.757 0.308 -0.089
0.76 0.309 -0.09
0.756 0.323 -0.094
0.758 0.323 -0.094
0.762 0.325 -0.094
0.756 0.338 -0.098
0.759 0.339 -0.099
0.761 0.34 -0.099
0.757 0.354 -0.103
0.76 0.355 -0.104
0.764 0.357 -0.104
0.759 0.371 -0.108
0.763 0.372 -0.109
0.764 0.373 -0.109
0.759 0.387 -0.113
0.761 0.388 -0.113
0.765 0.389 -0.114
0.759 0.403 -0.118
0.761 0.404 -0.118
5.194 2.988 -0.876
5.18 2.98 -0.873
5.078 3.037 -0.892
5.091 3.046 -0.893
5.071 3.033 -0.89
4.976 3.093 -0.908
2.456 1.585 -0.466
2.466 1.592 -0.468
2.417 1.62 -0.477
2.378 1.593 -0.469
2.378 1.593 -0.469
2.39 1.662 -0.489
4.547 3.279 -0.966
2.9 2.247 -0.663
2.843 2.283 -0.674
2.837 2.278 -0.672
2.828 2.271 -0.67
3.432 2.856 -0.843
3.414 2.84 -0.839
2.621 2.339 -0.691
3.227 2.88 -0.851
3.209 2.864 -0.847
3.198 2.853 -0.844
3.139 2.901 -0.858
3.063 2.931 -0.867
2.932 2.905 -0.86
2.909 2.883 -0.853
2.303 2.362 -0.699
2.286 2.345 -0.694
2.225 2.363 -0.7
2.722 2.893 -0.857
2.651 2.918 -0.865
2.037 2.322 -0.688
2.551 2.909 -0.862
2.495 2.948 -0.874
2.483 2.933 -0.869
2.47 2.918 -0.866
1.894 2.319 -0.688
1.889 2.313 -0.686
1.835 2.329 -0.691
1.83 2.323 -0.689
1.828 2.319 -0.688
2.227 2.932 -0.87
2.218 2.92 -0.866
2.155 2.944 -0.875
1.68 2.294 -0.682
1.649 2.338 -0.695
2.065 2.929 -0.87
2.007 2.956 -0.878
2.001 2.947 -0.875
1.994 2.937 -0.873
1.936 2.963 -0.881
1.94 2.97 -0.883
1.902 3.028 -0.901
1.924 3.061 -0.911
1.951 3.104 -0.924
1.916 3.172 -0.944
1.936 3.205 -0.954
1.962 3.248 -0.966
1.924 3.318 -0.988
1.947 3.358 -1.0
1.99 3.432 -1.021
1.946 3.498 -1.042
0.889 1.668 -0.497
0.895 1.678 -0.5
0.905 1.697 -0.506
0.888 1.741 -0.519
0.871 1.785 -0.532
0.941 2.02 -0.602
1.437 3.084 -0.919
1.381 3.107 -0.927
1.33 3.144 -0.938
1.487 3.517 -1.048
1.495 3.535 -1.054
1.425 3.545 -1.058
1.422 3.538 -1.056
1.422 3.538 -1.056
1.349 3.539 -1.056
1.347 3.536 -1.055
1.353 3.55 -1.059
1.283 3.558 -1.062
1.046 2.902 -0.866
0.992 2.915 -0.87
0.989 2.908 -0.868
0.988 2.904 -0.867
0.935 2.92 -0.872
0.933 2.913 -0.869
0.933 2.913 -0.869
0.88 2.928 -0.875
0.875 2.913 -0.87
0.82 2.92 -0.872
0.82 2.92 -0.872
0.819 2.916 -0.871
0.765 2.926 -0.874
0.765 2.926 -0.874
0.767 2.933 -0.876
0.712 2.942 -0.879
0.712 2.942 -0.879
0.713 2.946 -0.88
0.657 2.946 -0.88
0.657 2.946 -0.88
0.655 2.938 -0.878
0.601 2.949 -0.882
0.601 2.949 -0.882
0.6 2.941 -0.88
0.546 2.951 -0.883
0.548 2.958 -0.885
0.548 2.958 -0.885
0.49 2.944 -0.881
0.489 2.94 -0.88
0.491 2.952 -0.883
0.438 2.963 -0.886
0.438 2.963 -0.886
0.383 2.966 -0.888
0.383 2.966 -0.888
0.382 2.955 -0.885
0.328 2.961 -0.887
0.329 2.968 -0.889
0.328 2.965 -0.888
0.275 2.977 -0.892
0.275 2.981 -0.893
0.276 2.992 -0.896
0.223 3.012 -0.902
0.222 2.997 -0.897
0.22 2.974 -0.891
0.166 2.984 -0.894
0.167 2.992 -0.896
0.166 2.984 -0.894
0.112 2.998 -0.899
0.113 3.006 -0.901
0.112 2.994 -0.898
0.058 3.0 -0.899
0.058 3.003 -0.901
0.058 2.992 -0.897
0.004 3.636 -1.09
0.004 3.628 -1.088
-0.062 3.624 -1.087
-0.062 3.624 -1.087
-0.062 3.636 -1.09
-0.129 3.638 -1.092
-0.129 3.638 -1.092
-0.195 3.635 -1.091
-0.195 3.639 -1.092
-0.196 3.646 -1.094
-0.262 3.643 -1.093
-0.262 3.646 -1.094
-0.262 3.639 -1.092
-0.328 3.634 -1.09
-0.328 3.638 -1.092
-0.329 3.641 -1.093
-0.396 3.647 -1.095
-0.397 3.65 -1.096
-0.396 3.647 -1.095
-0.463 3.647 -1.095
-0.465 3.662 -1.1
-0.421 2.891 -0.869
-0.424 2.91 -0.875
-0.426 2.925 -0.879
-0.481 2.925 -0.879
-0.481 2.929 -0.88
-0.484 2.944 -0.885
-0.537 2.936 -0.882
-0.529 2.89 -0.869
-0.575 2.847 -0.856
-0.576 2.855 -0.858
-0.576 2.855 -0.858
-0.629 2.848 -0.856
-0.629 2.848 -0.856
-0.628 2.845 -0.855
-0.678 2.826 -0.85
-0.68 2.834 -0.853
-0.683 2.845 -0.856
-0.733 2.829 -0.851
-0.948 3.405 -1.025
-0.817 2.931 -0.882
-0.853 2.858 -0.86
-0.839 2.814 -0.847
-0.828 2.777 -0.836
-0.868 2.73 -0.821
-0.862 2.711 -0.816
-0.859 2.7 -0.813
-0.906 2.678 -0.806
-0.908 2.686 -0.808
-0.912 2.697 -0.812
-0.971 2.71 -0.816
-0.975 2.721 -0.82
-0.972 2.713 -0.818
-1.024 2.704 -0.815
-1.023 2.7 -0.814
-1.069 2.676 -0.806
-1.072 2.683 -0.808
-1.081 2.704 -0.815
-1.286 3.059 -0.922
-1.285 3.055 -0.921
-1.34 3.03 -0.913
-1.34 3.03 -0.913
-1.342 3.037 -0.915
-1.404 3.028 -0.913
-1.411 3.045 -0.918
-1.424 3.073 -0.926
-1.492 3.073 -0.927
-1.502 3.094 -0.934
-1.531 3.153 -0.951
-1.718 3.382 -1.021
-1.727 3.399 -1.026
-1.788 3.37 -1.017
-1.799 3.39 -1.023
-1.799 3.39 -1.023
-1.836 3.315 -1.001
-1.816 3.278 -0.99
-1.808 3.265 -0.986
-1.858 3.217 -0.972
-1.854 3.21 -0.97
-1.852 3.207 -0.969
-1.912 3.179 -0.96
-1.91 3.175 -0.959
-1.908 3.172 -0.958
-1.97 3.146 -0.951
-1.966 3.14 -0.949
-1.955 3.123 -0.944
-2.008 3.084 -0.933
-2.005 3.08 -0.932
-2.008 3.084 -0.933
-2.066 3.053 -0.923
-2.066 3.053 -0.923
-2.063 3.049 -0.922
-2.12 3.014 -0.912
-2.183 2.991 -0.905
-2.277 3.12 -0.944
-2.265 3.104 -0.94
-2.31 3.05 -0.924
-2.293 3.028 -0.917
-2.293 3.028 -0.917
-2.33 2.965 -0.898
-2.284 2.907 -0.881
-2.267 2.886 -0.874
-2.319 2.847 -0.863
-2.312 2.838 -0.86
-2.309 2.835 -0.859
-2.361 2.796 -0.847
-2.373 2.811 -0.852
-2.388 2.829 -0.857
-2.46 2.812 -0.852
-2.483 2.838 -0.861
-2.532 2.793 -0.848
-2.674 2.949 -0.894
-2.7 2.978 -0.903
-2.802 2.984 -0.906
-2.572 2.739 -0.831
-2.63 2.704 -0.821
-2.613 2.687 -0.816
-2.628 2.61 -0.793
-2.612 2.594 -0.788
-2.603 2.585 -0.785
-2.65 2.541 -0.772
-2.647 2.539 -0.771
-2.656 2.547 -0.774
-2.722 2.521 -0.766
-2.728 2.526 -0.767
-2.739 2.536 -0.771
-2.808 2.511 -0.764
-2.835 2.535 -0.771
-2.858 2.556 -0.777
-2.928 2.528 -0.769
-2.931 2.53 -0.77
-2.826 2.355 -0.717
-2.817 2.348 -0.715
-2.811 2.343 -0.713
-2.837 2.283 -0.696
-2.834 2.281 -0.695
-2.837 2.283 -0.696
-2.872 2.23 -0.68
-2.876 2.233 -0.68
-2.879 2.235 -0.681
-2.916 2.184 -0.666
-2.919 2.187 -0.667
-2.975 2.149 -0.655
-2.984 2.156 -0.657
-2.979 2.151 -0.656
-3.017 2.101 -0.642
-3.033 2.112 -0.645
-3.053 2.126 -0.649
-3.117 2.092 -0.639
-3.15 2.114 -0.646
-3.376 2.183 -0.668
-3.376 2.183 -0.668
-3.37 2.179 -0.666
-3.406 2.12 -0.649
-3.396 2.114 -0.647
-3.393 2.112 -0.646
-3.428 2.053 -0.628
-3.431 2.055 -0.629
-3.434 2.057 -0.63
-3.458 1.991 -0.61
-3.451 1.987 -0.609
-3.451 1.987 -0.609
-3.483 1.927 -0.591
-3.479 1.925 -0.59
-3.479 1.925 -0.59
-3.528 1.874 -0.576
-3.51 1.865 -0.572
-3.493 1.856 -0.569
-3.533 1.801 -0.554
-3.569 1.743 -0.537
-3.705 1.809 -0.556
-3.712 1.813 -0.557
-3.759 1.757 -0.541
-3.78 1.767 -0.545
-3.809 1.78 -0.549
-3.87 1.729 -0.534
-3.841 1.716 -0.53
-3.775 1.687 -0.52
-3.762 1.605 -0.495
-3.776 1.611 -0.498
-3.747 1.599 -0.493
-3.739 1.521 -0.47
-3.743 1.523 -0.47
-3.732 1.518 -0.469
-3.785 1.465 -0.454
-3.773 1.461 -0.452
-3.736 1.447 -0.448
-3.758 1.383 -0.429
-3.762 1.384 -0.429
-3.854 1.345 -0.418
-3.734 1.303 -0.405
-3.757 1.31 -0.407
-3.815 1.259 -0.392
-3.804 1.255 -0.391
-3.777 1.176 -0.368
-3.78 1.177 -0.368
-3.834 1.193 -0.373
-3.897 1.142 -0.357
-3.912 1.146 -0.359
-3.775 1.037 -0.325
-3.763 1.034 -0.324
-3.759 1.033 -0.324
-3.774 0.969 -0.304
-3.766 0.967 -0.304
-3.766 0.967 -0.304
-3.818 0.912 -0.288
-3.818 0.912 -0.288
-3.791 0.906 -0.287
-3.819 0.845 -0.268
-3.842 0.85 -0.27
-3.881 0.858 -0.272
-3.931 0.801 -0.255
-3.919 0.798 -0.254
-3.853 0.785 -0.25
-3.788 0.705 -0.227
-3.772 0.703 -0.225
-3.768 0.702 -0.224
-3.769 0.637 -0.205
-3.8 0.642 -0.208
-3.871 0.587 -0.191
-3.894 0.591 -0.192
-3.839 0.583 -0.19
-3.038 0.409 -0.135
-3.05 0.411 -0.135
-3.061 0.36 -0.12
-3.073 0.361 -0.12
-3.079 0.31 -0.105
-4.054 0.408 -0.138
-3.825 0.321 -0.111
-3.853 0.323 -0.112
-3.894 0.261 -0.093
-3.89 0.261 -0.093
-3.851 0.193 -0.073
-3.859 0.194 -0.073
-3.863 0.194 -0.073
-3.87 0.129 -0.054
-3.866 0.129 -0.054
-3.846 0.129 -0.054
-3.843 0.064 -0.034
-4.027 0.067 -0.035
-4.024 0.0 0.015
-4.028 0.0 0.015
-4.024 0.0 0.015
-4.027 -0.067 0.035
-4.027 -0.067 0.035
-4.031 -0.067 0.035
-4.026 -0.135 0.055
-4.03 -0.135 0.055
-4.034 -0.135 0.055
-4.03 -0.202 0.075
-4.03 -0.202 0.075
-4.03 -0.202 0.075
-4.03 -0.27 0.095
-4.03 -0.27 0.095
-4.03 -0.27 0.095
-4.029 -0.338 0.116
-4.033 -0.338 0.116
-4.033 -0.338 0.116
-4.03 -0.406 0.136
-4.034 -0.406 0.136
-4.042 -0.407 0.137
-4.033 -0.475 0.156
-4.037 -0.475 0.157
-4.037 -0.475 0.157
-4.027 -0.543 0.177
-4.035 -0.544 0.177
-4.029 -0.612 0.197
-4.037 -0.613 0.198
-4.045 -0.614 0.199
-4.033 -0.682 0.218
-4.049 -0.684 0.22
-4.064 -0.687 0.221
-4.051 -0.755 0.241
-4.067 -0.758 0.242
-4.075 -0.759 0.242
-4.068 -0.829 0.263
-4.068 -0.829 0.263
-4.029 -0.821 0.259
-3.951 -0.874 0.275
-3.908 -0.865 0.273
-3.846 -0.851 0.268
-3.791 -0.906 0.285
-3.74 -0.894 0.28
-3.667 -0.876 0.275
-3.585 -0.921 0.288
-3.5 -0.899 0.281
-3.333 -0.916 0.286
-3.333 -0.916 0.286
-3.254 -0.954 0.296
-3.205 -0.939 0.292
-3.143 -0.921 0.286
-3.058 -0.952 0.296
-2.993 -0.932 0.289
-2.917 -0.909 0.282
-2.87 -0.947 0.293
-2.858 -0.944 0.292
-2.817 -0.93 0.288
-2.769 -0.966 0.299
-2.762 -0.964 0.298
-2.769 -0.966 0.299
-2.769 -1.238 0.38
-2.772 -1.239 0.38
-2.783 -1.244 0.381
-2.767 -1.294 0.396
-2.219 -1.084 0.332
-2.576 -1.314 0.401
-1.878 -0.998 0.304
-1.864 -0.991 0.302
-2.347 -1.3 0.396
-2.302 -1.327 0.404
-2.281 -1.315 0.401
-2.268 -1.307 0.398
-2.227 -1.335 0.406
-2.206 -1.323 0.402
-2.189 -1.312 0.399
-1.831 -1.14 0.346
-1.8 -1.121 0.341
-1.75 -1.132 0.344
-1.743 -1.128 0.343
-1.743 -1.128 0.343
-1.722 -1.157 0.351
-1.736 -1.165 0.354
-1.838 -1.329 0.403
-1.819 -1.315 0.399
-1.773 -1.329 0.403
-1.769 -1.326 0.402
-1.766 -1.324 0.401
-1.742 -1.353 0.41
-1.277 -1.028 0.311
-1.272 -1.024 0.31
-1.249 -1.041 0.315
-1.249 -1.041 0.315
-1.256 -1.048 0.317
-1.243 -1.074 0.325
-1.389 -1.286 0.388
-1.328 -1.23 0.371
-1.334 -1.236 0.373
-1.314 -1.261 0.38
-1.316 -1.262 0.381
-1.3 -1.247 0.376
-1.265 -1.256 0.379
-1.267 -1.259 0.38
-1.251 -1.287 0.388
-1.354 -1.393 0.42
-1.348 -1.388 0.418
-1.316 -1.403 0.423
-1.309 -1.396 0.421
-1.304 -1.39 0.419
-1.269 -1.402 0.422
-1.26 -1.392 0.419
-1.256 -1.387 0.418
-1.227 -1.404 0.423
-1.223 -1.399 0.422
-1.195 -1.417 0.427
-1.187 -1.408 0.424
-1.181 -1.4 0.422
-1.149 -1.412 0.424
-1.143 -1.405 0.422
-1.139 -1.4 0.421
-1.109 -1.413 0.425
-1.105 -1.408 0.423
-1.099 -1.401 0.421
-1.07 -1.414 0.425
-1.067 -1.41 0.424
-1.063 -1.405 0.422
-1.034 -1.418 0.426
-1.029 -1.412 0.424
-1.025 -1.405 0.422
-0.996 -1.418 0.426
-0.992 -1.413 0.425
-0.989 -1.408 0.423
-0.961 -1.421 0.427
-0.958 -1.416 0.426
-0.927 -1.426 0.428
-0.922 -1.418 0.426
-0.918 -1.411 0.424
-0.891 -1.425 0.427
-0.889 -1.421 0.426
-0.887 -1.418 0.425
-0.858 -1.428 0.428
-0.856 -1.424 0.427
-0.854 -1.421 0.426
-0.825 -1.43 0.429
-0.822 -1.425 0.427
-0.818 -1.418 0.425
-0.789 -1.425 0.427
-0.789 -1.425 0.427
-0.787 -1.422 0.426
-0.76 -1.433 0.43
-0.759 -1.431 0.429
-0.757 -1.428 0.428
-0.729 -1.437 0.431
-0.727 -1.433 0.43
-0.724 -1.427 0.428
-0.695 -1.433 0.43
-0.694 -1.43 0.429
-0.666 -1.438 0.431
-0.665 -1.436 0.431
-0.664 -1.434 0.43
-0.637 -1.443 0.432
-0.636 -1.44 0.431
-0.634 -1.436 0.43
-0.607 -1.445 0.432
-0.606 -1.441 0.431
-0.605 -1.44 0.431
-0.578 -1.448 0.433
-0.576 -1.444 0.432
-0.575 -1.441 0.431
-0.548 -1.448 0.433
-0.547 -1.446 0.433
-0.547 -1.446 0.433
-0.52 -1.452 0.434
-0.518 -1.448 0.433
-0.518 -1.448 0.433
-0.491 -1.453 0.435
-0.49 -1.451 0.434
-0.463 -1.457 0.436
-0.462 -1.454 0.435
-0.461 -1.452 0.434
-0.434 -1.457 0.436
-0.435 -1.459 0.436
-0.434 -1.457 0.436
-0.407 -1.463 0.437
-0.406 -1.459 0.436
-0.405 -1.455 0.435
-0.378 -1.46 0.436
-0.378 -1.462 0.436
-0.378 -1.462 0.436
-0.351 -1.464 0.437
-0.35 -1.462 0.436
-0.35 -1.462 0.436
-0.323 -1.466 0.438
-0.327 -1.481 0.442
-0.554 -6.149 1.833
-0.326 -6.087 1.813
-0.32 -5.972 1.779
-0.21 -5.954 1.774
-0.209 -5.939 1.769
-0.209 -5.931 1.767
-0.101 -5.949 1.771
-0.101 -5.934 1.767
-0.101 -5.911 1.76
0.007 -5.919 1.762
0.007 -5.935 1.767
0.007 -5.958 1.774
0.116 -5.964 1.776
0.116 -5.972 1.778
0.224 -5.969 1.776
0.224 -5.946 1.769
0.223 -5.931 1.765
0.329 -5.888 1.752
0.323 -5.781 1.72
0.462 -4.163 1.238
0.462 -4.163 1.238
0.464 -4.186 1.244
0.54 -4.178 1.242
0.538 -4.163 1.237
0.612 -4.138 1.23
0.537 -3.226 0.959
0.521 -3.131 0.93
0.505 -3.041 0.903
0.55 -2.971 0.883
0.539 -2.915 0.866
0.525 -2.835 0.842
0.561 -2.751 0.817
0.549 -2.694 0.8
0.539 -2.642 0.785
0.573 -2.569 0.763
0.559 -2.505 0.744
0.591 -2.439 0.724
0.58 -2.394 0.711
0.568 -2.346 0.696
0.596 -2.28 0.677
0.586 -2.239 0.665
0.575 -2.198 0.653
0.602 -2.148 0.637
0.59 -2.103 0.624
0.58 -2.066 0.613
0.606 -2.019 0.599
0.6 -1.997 0.593
0.603 -2.008 0.596
0.639 -1.998 0.593
0.638 -1.994 0.592
0.642 -2.005 0.595
0.679 -1.998 0.592
0.681 -2.002 0.593
0.718 -1.994 0.591
0.727 -2.019 0.598
0.74 -2.055 0.609
0.78 -2.05 0.607
0.78 -2.05 0.607
0.785 -2.061 0.611
0.829 -2.065 0.612
0.835 -2.079 0.616
0.836 -2.083 0.617
0.874 -2.069 0.613
0.879 -2.079 0.616
0.883 -2.09 0.619
0.921 -2.075 0.614
0.921 -2.075 0.614
0.924 -2.082 0.616
0.964 -2.07 0.612
0.967 -2.077 0.614
0.978 -2.101 0.622
1.02 -2.092 0.619
1.018 -2.088 0.618
1.026 -2.106 0.623
1.068 -2.095 0.62
1.066 -2.092 0.619
1.072 -2.102 0.622
1.099 -2.063 0.61
1.124 -2.111 0.625
1.164 -2.095 0.62
1.164 -2.095 0.62
1.164 -2.095 0.62
1.218 -2.102 0.621
0.644 -1.067 0.316
0.658 -1.048 0.309
0.654 -1.042 0.307
0.648 -1.032 0.305
0.661 -1.013 0.299
0.656 -1.005 0.296
0.668 -0.984 0.29
0.662 -0.976 0.288
0.657 -0.968 0.285
0.67 -0.95 0.28
0.666 -0.946 0.279
0.66 -0.936 0.276
0.67 -0.915 0.27
0.665 -0.909 0.268
0.662 -0.904 0.266
0.673 -0.887 0.261
0.669 -0.881 0.259
0.663 -0.873 0.257
0.674 -0.856 0.252
0.668 -0.848 0.25
0.663 -0.842 0.248
0.675 -0.826 0.243
0.67 -0.82 0.241
0.666 -0.816 0.24
0.677 -0.8 0.235
0.671 -0.793 0.233
0.68 -0.775 0.228
0.677 -0.772 0.227
0.673 -0.768 0.226
0.682 -0.751 0.221
0.677 -0.745 0.219
0.674 -0.742 0.218
0.684 -0.726 0.213
0.679 -0.722 0.212
0.677 -0.719 0.211
0.686 -0.704 0.207
0.682 -0.7 0.205
0.678 -0.695 0.204
0.687 -0.681 0.2
0.683 -0.677 0.199
0.693 -0.663 0.194
0.69 -0.66 0.194
0.685 -0.656 0.192
0.693 -0.64 0.188
0.689 -0.636 0.187
0.687 -0.635 0.186
0.694 -0.62 0.181
0.69 -0.616 0.18
0.688 -0.614 0.18
0.697 -0.6 0.176
0.692 -0.596 0.175
0.691 -0.595 0.174
0.697 -0.58 0.17
0.694 -0.577 0.169
0.691 -0.575 0.168
0.698 -0.561 0.164
0.697 -0.559 0.164
0.704 -0.545 0.159
0.699 -0.542 0.158
0.696 -0.539 0.158
0.704 -0.526 0.154
0.701 -0.524 0.153
0.698 -0.522 0.152
0.705 -0.509 0.148
0.702 -0.506 0.148
0.699 -0.504 0.147
0.706 -0.491 0.143
0.703 -0.489 0.143
0.702 -0.488 0.142
0.707 -0.474 0.138
0.704 -0.472 0.137
0.701 -0.469 0.137
0.709 -0.458 0.133
0.707 -0.457 0.133
0.706 -0.456 0.133
0.71 -0.442 0.128
0.706 -0.44 0.128
0.712 -0.427 0.124
0.711 -0.426 0.124
0.707 -0.424 0.123
0.713 -0.411 0.119
0.711 -0.41 0.119
0.71 -0.409 0.119
0.714 -0.395 0.115
0.712 -0.394 0.114
0.71 -0.393 0.114
0.715 -0.38 0.11
0.712 -0.378 0.11
0.71 -0.377 0.109
0.717 -0.365 0.106
0.713 -0.364 0.105
0.712 -0.363 0.105
0.718 -0.351 0.101
0.715 -0.349 0.101
0.715 -0.349 0.101
0.719 -0.336 0.097
0.715 -0.334 0.097
0.72 -0.322 0.093
0.718 -0.321 0.093
0.718 -0.321 0.093
0.722 -0.308 0.089
0.72 -0.307 0.088
0.718 -0.306 0.088
0.724 -0.294 0.085
0.724 -0.294 0.085
0.724 -0.294 0.085
0.731 -0.283 0.081
0.738 -0.271 0.078
0.714 -0.012 0.001
0.71 0.0 -0.003
0.71 0.012 -0.007
0.789 0.246 -0.076
0.786 0.245 -0.076
0.78 0.243 -0.075
0.773 0.255 -0.079
0.77 0.254 -0.079
0.761 0.266 -0.082
0.759 0.265 -0.082
0.759 0.265 -0.082
0.756 0.278 -0.086
0.758 0.279 -0.086
0.758 0.279 -0.086
0.757 0.293 -0.09
0.758 0.294 -0.09
0.76 0.294 -0.091
0.757 0.308 -0.095
0.758 0.309 -0.095
0.762 0.31 -0.095
0.756 0.323 -0.099
0.76 0.324 -0.1
0.764 0.326 -0.1
0.759 0.339 -0.104
0.761 0.34 -0.104
0.763 0.341 -0.105
0.76 0.355 -0.109
0.762 0.356 -0.109
0.764 0.357 -0.109
0.761 0.372 -0.114
0.763 0.372 -0.114
0.764 0.373 -0.114
0.761 0.388 -0.118
0.763 0.389 -0.119
0.757 0.402 -0.123
0.753 0.417 -0.127
5.174 2.981 -0.908
5.202 2.997 -0.912
5.269 3.037 -0.924
5.234 3.137 -0.954
4.984 2.986 -0.908
4.988 3.107 -0.944
5.075 3.161 -0.96
5.088 3.17 -0.964
4.97 3.216 -0.976
4.924 3.186 -0.967
4.911 3.177 -0.965
4.813 3.232 -0.98
4.786 3.215 -0.975
4.688 3.267 -0.991
4.637 3.231 -0.98
4.611 3.213 -0.975
4.539 3.281 -0.994
4.526 3.272 -0.991
4.488 3.244 -0.983
4.377 3.281 -0.994
4.34 3.252 -0.985
4.267 3.315 -1.003
3.662 2.947 -0.891
3.76 3.026 -0.915
3.727 3.109 -0.94
3.623 3.13 -0.946
3.291 2.944 -0.89
3.244 2.902 -0.876
3.271 3.031 -0.915
3.208 2.972 -0.897
3.185 2.951 -0.891
3.131 3.004 -0.906
3.114 2.987 -0.901
3.057 2.933 -0.885
2.965 2.945 -0.888
2.948 2.929 -0.883
2.92 2.901 -0.875
2.861 2.944 -0.888
2.845 2.927 -0.883
2.84 2.922 -0.881
2.781 2.963 -0.893
2.765 2.946 -0.888
2.754 2.934 -0.885
2.692 2.971 -0.895
2.674 2.951 -0.889
2.607 2.981 -0.897
2.596 2.969 -0.894
2.566 2.934 -0.884
2.494 2.956 -0.89
2.489 2.95 -0.888
1.896 2.329 -0.7
1.893 2.326 -0.7
1.878 2.308 -0.694
1.827 2.327 -0.7
1.824 2.324 -0.699
2.266 2.993 -0.9
2.249 2.971 -0.894
2.24 2.959 -0.89
2.179 2.986 -0.897
2.167 2.971 -0.893
2.17 2.974 -0.893
2.109 3.0 -0.901
2.088 2.972 -0.893
2.023 2.99 -0.898
2.019 2.984 -0.896
2.012 2.974 -0.893
1.951 2.998 -0.899
1.947 2.991 -0.898
1.945 2.988 -0.897
1.901 3.036 -0.911
1.918 3.066 -0.92
1.943 3.105 -0.932
1.908 3.174 -0.952
1.93 3.211 -0.963
1.956 3.254 -0.977
1.918 3.323 -0.996
1.984 3.437 -1.031
1.911 3.453 -1.035
1.913 3.456 -1.036
1.906 3.442 -1.032
1.837 3.464 -1.038
1.837 3.464 -1.038
1.832 3.453 -1.035
1.764 3.473 -1.041
1.764 3.473 -1.041
1.494 3.078 -0.923
1.501 3.092 -0.927
1.444 3.117 -0.934
1.441 3.11 -0.932
1.542 3.49 -1.045
1.542 3.49 -1.045
1.543 3.494 -1.046
1.481 3.523 -1.055
1.475 3.508 -1.051
1.47 3.498 -1.047
1.404 3.515 -1.051
1.394 3.49 -1.044
1.385 3.468 -1.038
1.318 3.48 -1.041
1.316 3.476 -1.04
1.03 2.874 -0.86
1.027 2.867 -0.858
0.976 2.888 -0.864
0.976 2.888 -0.864
0.924 2.907 -0.87
0.922 2.9 -0.867
0.92 2.893 -0.865
0.866 2.904 -0.868
0.868 2.911 -0.87
0.868 2.911 -0.87
0.809 2.903 -0.867
0.809 2.903 -0.867
0.808 2.899 -0.866
0.751 2.898 -0.866
0.752 2.901 -0.867
0.751 2.898 -0.866
0.695 2.899 -0.866
0.693 2.887 -0.863
0.693 2.887 -0.863
0.64 2.899 -0.865
0.639 2.895 -0.864
0.637 2.887 -0.862
0.584 2.894 -0.864
0.583 2.89 -0.863
0.583 2.89 -0.863
0.531 2.903 -0.866
0.53 2.896 -0.864
0.477 2.904 -0.867
0.478 2.908 -0.868
0.477 2.904 -0.867
0.423 2.908 -0.868
0.424 2.912 -0.869
0.425 2.916 -0.87
0.372 2.926 -0.872
0.372 2.93 -0.873
0.372 2.926 -0.872
0.319 2.932 -0.874
0.319 2.936 -0.875
0.318 2.928 -0.873
0.264 2.929 -0.873
0.265 2.933 -0.874
0.265 2.937 -0.875
0.212 2.945 -0.878
0.212 2.941 -0.877
0.212 2.941 -0.877
0.159 2.956 -0.881
0.159 2.963 -0.883
0.159 2.956 -0.881
0.105 2.954 -0.879
0.104 2.95 -0.878
0.104 2.942 -0.876
0.051 2.959 -0.881
0.051 2.959 -0.881
-0.003 2.971 -0.885
-0.004 3.611 -1.075
-0.004 3.615 -1.076
-0.07 3.607 -1.074
-0.07 3.607 -1.074
-0.07 3.603 -1.073
-0.135 3.605 -1.072
-0.136 3.624 -1.078
-0.202 3.626 -1.078
-0.201 3.603 -1.072
-0.201 3.603 -1.072
-0.268 3.614 -1.075
-0.268 3.618 -1.076
-0.268 3.622 -1.077
-0.334 3.621 -1.077
-0.335 3.624 -1.078
-0.336 3.636 -1.081
-0.401 3.622 -1.076
-0.4 3.611 -1.073
-0.4 3.611 -1.073
-0.466 3.607 -1.072
-0.467 3.611 -1.073
-0.469 3.626 -1.078
-0.534 3.614 -1.074
-0.533 3.607 -1.072
-0.536 3.629 -1.079
-0.606 3.643 -1.083
-0.607 3.646 -1.084
-0.607 3.65 -1.085
-0.674 3.64 -1.081
-0.674 3.64 -1.081
-0.611 2.996 -0.89
-0.813 3.358 -0.997
-0.797 3.291 -0.977
-0.845 3.233 -0.959
-0.832 3.184 -0.945
-0.821 3.14 -0.932
-0.869 3.096 -0.919
-0.857 3.055 -0.907
-0.851 3.033 -0.9
-0.899 2.996 -0.889
-0.889 2.963 -0.879
-0.884 2.944 -0.874
-0.933 2.915 -0.864
-0.929 2.904 -0.861
-0.928 2.9 -0.859
-0.983 2.891 -0.857
-0.983 2.891 -0.857
-1.226 3.4 -1.007
-1.219 3.199 -0.947
-1.204 3.159 -0.936
-1.251 3.114 -0.922
-1.243 3.092 -0.916
-1.243 3.092 -0.916
-1.303 3.082 -0.913
-1.308 3.092 -0.916
-1.311 3.1 -0.918
-1.368 3.081 -0.912
-1.381 3.109 -0.921
-1.39 3.13 -0.927
-1.462 3.138 -0.928
-1.481 3.18 -0.941
-1.558 3.193 -0.945
-1.664 3.412 -1.01
-1.672 3.429 -1.015
-1.747 3.425 -1.013
-1.749 3.428 -1.014
-1.754 3.439 -1.017
-1.822 3.419 -1.011
-1.82 3.416 -1.01
-1.831 3.436 -1.016
-1.906 3.429 -1.014
-1.882 3.385 -1.001
-1.863 3.351 -0.991
-1.922 3.316 -0.98
-1.91 3.296 -0.974
-1.964 3.254 -0.961
-1.964 3.254 -0.961
-1.956 3.24 -0.957
-2.009 3.197 -0.944
-2.006 3.194 -0.943
-1.996 3.178 -0.938
-2.041 3.124 -0.922
-2.039 3.121 -0.921
-2.039 3.121 -0.921
-2.091 3.08 -0.909
-2.091 3.08 -0.909
-2.093 3.083 -0.91
-2.161 3.067 -0.905
-2.194 3.112 -0.918
-2.218 3.146 -0.928
-2.298 3.14 -0.926
-2.303 3.147 -0.928
-2.287 3.125 -0.921
-2.328 3.067 -0.904
-2.319 3.055 -0.901
-2.305 3.036 -0.895
-2.333 2.964 -0.873
-2.312 2.936 -0.865
-2.297 2.918 -0.86
-2.338 2.864 -0.844
-2.333 2.858 -0.842
-2.384 2.818 -0.83
-2.382 2.815 -0.829
-2.374 2.807 -0.827
-2.422 2.764 -0.814
-2.43 2.772 -0.816
-2.44 2.784 -0.82
-2.499 2.752 -0.809
-2.517 2.772 -0.815
-2.789 2.966 -0.872
-2.835 3.014 -0.886
-2.616 2.686 -0.79
-2.595 2.664 -0.783
-2.592 2.661 -0.782
-2.632 2.609 -0.767
-2.623 2.601 -0.764
-2.623 2.601 -0.764
-2.673 2.559 -0.752
-2.687 2.573 -0.756
-2.707 2.592 -0.762
-2.762 2.554 -0.749
-2.777 2.567 -0.753
-2.803 2.591 -0.76
-2.87 2.562 -0.752
-2.899 2.588 -0.76
-2.958 2.55 -0.748
-2.97 2.56 -0.751
-2.993 2.581 -0.757
-3.004 2.5 -0.732
-2.85 2.372 -0.695
-2.88 2.314 -0.678
-2.874 2.309 -0.676
-2.871 2.307 -0.676
-2.913 2.258 -0.661
-2.916 2.261 -0.662
-2.925 2.268 -0.664
-2.972 2.223 -0.651
-2.975 2.226 -0.652
-2.979 2.228 -0.652
-3.021 2.18 -0.637
-3.024 2.183 -0.638
-3.027 2.185 -0.639
-3.076 2.141 -0.625
-3.089 2.15 -0.628
-3.102 2.159 -0.631
-3.164 2.122 -0.62
-3.18 2.133 -0.623
-3.19 2.14 -0.625
-3.268 2.112 -0.616
-3.472 2.242 -0.655
-3.518 2.188 -0.637
-3.524 2.192 -0.639
-3.734 2.235 -0.651
-3.721 2.227 -0.649
-3.712 2.136 -0.622
-3.698 2.129 -0.62
-3.671 2.113 -0.615
-3.681 2.036 -0.592
-3.681 2.036 -0.592
-3.702 2.047 -0.596
-3.766 2.0 -0.581
-3.794 2.015 -0.585
-3.808 2.022 -0.587
-3.703 1.886 -0.548
-3.696 1.883 -0.547
-3.709 1.81 -0.525
-3.716 1.814 -0.526
-3.701 1.807 -0.524
-3.734 1.744 -0.505
-3.806 1.778 -0.514
-3.834 1.791 -0.518
-3.845 1.717 -0.496
-3.837 1.714 -0.495
-3.772 1.685 -0.488
-3.766 1.606 -0.464
-3.773 1.609 -0.465
-3.772 1.534 -0.443
-3.747 1.523 -0.44
-3.732 1.517 -0.438
-3.759 1.455 -0.419
-3.789 1.466 -0.422
-3.789 1.466 -0.422
-3.781 1.39 -0.399
-3.774 1.388 -0.399
-3.777 1.389 -0.4
-3.843 1.34 -0.384
-3.745 1.306 -0.375
-3.768 1.243 -0.356
-3.787 1.249 -0.357
-3.779 1.247 -0.356
-3.76 1.17 -0.334
-3.767 1.173 -0.335
-3.817 1.188 -0.339
-3.903 1.143 -0.325
-3.914 1.147 -0.326
-3.838 1.124 -0.32
-3.788 1.041 -0.295
-3.781 1.039 -0.294
-3.811 0.978 -0.276
-3.807 0.977 -0.276
-3.784 0.971 -0.274
-3.801 0.908 -0.255
-3.859 0.922 -0.259
-3.813 0.843 -0.236
-3.821 0.845 -0.237
-3.848 0.851 -0.238
-3.914 0.797 -0.222
-3.941 0.803 -0.224
-3.929 0.8 -0.223
-3.884 0.723 -0.2
-3.802 0.708 -0.196
-3.782 0.704 -0.195
-3.794 0.641 -0.176
-3.787 0.64 -0.175
-3.806 0.643 -0.176
-3.861 0.586 -0.159
-3.904 0.593 -0.161
-3.831 0.516 -0.139
-3.121 0.42 -0.113
-3.101 0.365 -0.097
-3.077 0.362 -0.096
-4.045 0.339 -0.085
-3.809 0.319 -0.08
-3.871 0.259 -0.062
-3.906 0.262 -0.063
-3.867 0.259 -0.062
-3.859 0.194 -0.043
-3.859 0.194 -0.043
-3.839 0.193 -0.042
-3.886 0.13 -0.024
-3.898 0.13 -0.024
-3.842 0.129 -0.023
-3.855 0.064 -0.004
-4.024 0.0 0.015
-4.028 0.0 0.015
-4.028 0.0 0.015
-4.027 -0.068 0.032
-4.027 -0.068 0.032
-4.023 -0.068 0.032
-4.026 -0.137 0.048
-4.03 -0.137 0.048
-4.03 -0.137 0.048
-4.03 -0.205 0.065
-4.03 -0.205 0.065
-4.026 -0.273 0.082
-4.03 -0.274 0.082
-4.03 -0.274 0.082
-4.025 -0.342 0.099
-4.029 -0.342 0.099
-4.033 -0.343 0.099
-4.034 -0.412 0.116
-4.034 -0.412 0.116
-4.034 -0.412 0.116
-4.03 -0.481 0.133
-4.034 -0.481 0.133
-4.038 -0.482 0.134
-4.027 -0.55 0.15
-4.035 -0.551 0.15
-4.043 -0.552 0.151
-4.045 -0.622 0.168
-4.052 -0.624 0.169
-4.052 -0.624 0.169
-4.041 -0.692 0.186
-4.056 -0.695 0.186
-4.064 -0.696 0.186
-4.059 -0.767 0.204
-4.059 -0.767 0.204
-4.075 -0.77 0.204
-4.068 -0.84 0.222
-4.068 -0.84 0.222
-4.013 -0.829 0.218
-3.912 -0.877 0.23
-3.877 -0.87 0.228
-3.806 -0.922 0.241
-3.744 -0.907 0.236
-3.678 -0.891 0.232
-3.588 -0.934 0.243
-3.534 -0.92 0.239
-3.469 -0.903 0.234
-3.398 -0.947 0.245
-3.352 -0.934 0.242
-3.287 -0.916 0.237
-3.231 -0.96 0.247
-3.182 -0.945 0.243
-3.097 -0.92 0.237
-3.031 -0.957 0.246
-2.97 -0.938 0.241
-2.932 -0.926 0.238
-2.889 -0.966 0.248
-2.832 -0.947 0.243
-2.777 -0.982 0.251
-2.751 -1.08 0.275
-2.769 -1.087 0.277
-2.773 -1.089 0.278
-2.761 -1.139 0.29
-2.772 -1.143 0.291
-2.779 -1.146 0.292
-2.765 -1.196 0.304
-2.776 -1.201 0.305
-2.772 -1.256 0.319
-2.12 -1.005 0.254
-2.492 -1.288 0.325
-1.892 -0.978 0.246
-1.864 -1.004 0.253
-2.362 -1.325 0.333
-2.348 -1.317 0.332
-2.3 -1.343 0.338
-2.282 -1.333 0.335
-2.258 -1.319 0.332
-2.211 -1.342 0.337
-2.194 -1.332 0.334
-1.79 -1.13 0.284
-1.76 -1.154 0.29
-1.75 -1.147 0.288
-1.733 -1.136 0.285
-1.706 -1.161 0.291
-1.713 -1.165 0.292
-1.726 -1.174 0.295
-1.721 -1.215 0.305
-1.869 -1.32 0.33
-1.836 -1.344 0.336
-1.807 -1.323 0.331
-1.772 -1.298 0.325
-1.736 -1.318 0.33
-1.51 -1.147 0.287
-1.496 -1.177 0.294
-1.277 -1.041 0.26
-1.271 -1.036 0.259
-1.266 -1.033 0.258
-1.246 -1.053 0.263
-1.249 -1.055 0.263
-1.256 -1.062 0.265
-1.243 -1.088 0.271
-1.343 -1.218 0.303
-1.342 -1.216 0.303
-1.325 -1.244 0.31
-1.333 -1.251 0.311
-1.351 -1.268 0.316
-1.344 -1.306 0.325
-1.324 -1.287 0.32
-1.296 -1.26 0.313
-1.265 -1.273 0.317
-1.27 -1.279 0.318
-1.353 -1.411 0.35
-1.345 -1.402 0.348
-1.316 -1.421 0.353
-1.312 -1.416 0.352
-1.302 -1.406 0.349
-1.267 -1.416 0.352
-1.261 -1.41 0.35
-1.257 -1.406 0.349
-1.225 -1.42 0.353
-1.218 -1.411 0.35
-1.214 -1.406 0.349
-1.186 -1.424 0.354
-1.18 -1.416 0.352
-1.173 -1.409 0.35
-1.144 -1.424 0.353
-1.14 -1.419 0.352
-1.136 -1.413 0.35
-1.104 -1.424 0.353
-1.099 -1.418 0.351
-1.096 -1.413 0.35
-1.064 -1.424 0.353
-1.061 -1.419 0.352
-1.058 -1.416 0.351
-1.028 -1.427 0.354
-1.021 -1.418 0.351
-0.992 -1.43 0.354
-0.991 -1.429 0.354
-0.99 -1.427 0.353
-0.961 -1.439 0.356
-0.954 -1.429 0.354
-0.95 -1.422 0.352
-0.921 -1.433 0.355
-0.918 -1.428 0.354
-0.916 -1.425 0.353
-0.888 -1.437 0.355
-0.888 -1.437 0.355
-0.886 -1.434 0.354
-0.855 -1.44 0.356
-0.85 -1.432 0.354
-0.846 -1.425 0.352
-0.818 -1.436 0.355
-0.817 -1.434 0.354
-0.815 -1.431 0.353
-0.789 -1.442 0.356
-0.788 -1.441 0.356
-0.759 -1.449 0.358
-0.755 -1.442 0.356
-0.754 -1.438 0.355
-0.727 -1.449 0.358
-0.724 -1.444 0.357
-0.722 -1.44 0.356
-0.696 -1.452 0.359
-0.695 -1.449 0.358
-0.691 -1.442 0.356
-0.664 -1.45 0.358
-0.662 -1.446 0.357
-0.66 -1.443 0.356
-0.634 -1.454 0.358
-0.634 -1.452 0.358
-0.631 -1.447 0.356
-0.604 -1.455 0.358
-0.603 -1.452 0.358
-0.602 -1.45 0.357
-0.575 -1.458 0.359
-0.573 -1.453 0.358
-0.574 -1.454 0.358
-0.548 -1.464 0.361
-0.545 -1.457 0.359
-0.517 -1.462 0.36
-0.517 -1.46 0.36
-0.516 -1.458 0.359
-0.49 -1.467 0.361
-0.488 -1.463 0.36
-0.488 -1.461 0.36
-0.461 -1.468 0.361
-0.46 -1.464 0.36
-0.459 -1.462 0.36
-0.433 -1.47 0.362
-0.433 -1.47 0.362
-0.433 -1.47 0.362
-0.405 -1.471 0.362
-0.404 -1.467 0.361
-0.404 -1.467 0.361
-0.377 -1.472 0.361
-0.376 -1.47 0.361
-0.375 -1.466 0.36
-0.349 -1.473 0.362
-0.349 -1.473 0.362
-0.349 -1.471 0.361
-0.322 -1.476 0.363
-0.366 -2.028 0.498
-0.441 -3.509 0.861
-0.688 -7.718 1.893
-0.685 -7.687 1.885
-0.683 -7.663 1.88
-0.544 -7.658 1.877
-0.545 -7.666 1.879
-0.545 -7.666 1.879
-0.406 -7.651 1.876
-0.408 -7.682 1.883
-0.41 -7.721 1.893
-0.27 -7.696 1.886
-0.269 -7.688 1.884
-0.132 -7.715 1.89
-0.132 -7.73 1.894
-0.132 -7.73 1.894
0.007 -7.724 1.891
0.007 -7.716 1.89
0.007 -7.708 1.888
0.146 -7.715 1.888
0.146 -7.723 1.89
0.458 -4.196 1.026
0.456 -4.181 1.022
0.531 -4.172 1.02
0.531 -4.172 1.02
0.533 -4.188 1.024
0.61 -4.186 1.023
0.535 -3.262 0.797
0.519 -3.166 0.773
0.505 -3.078 0.752
0.545 -2.984 0.729
0.531 -2.908 0.71
0.517 -2.831 0.691
0.556 -2.761 0.674
0.544 -2.704 0.66
0.58 -2.641 0.645
0.553 -2.52 0.615
0.587 -2.461 0.601
0.573 -2.404 0.587
0.562 -2.355 0.575
0.591 -2.296 0.56
0.581 -2.254 0.55
0.57 -2.213 0.54
0.598 -2.162 0.527
0.586 -2.117 0.516
0.575 -2.075 0.506
0.603 -2.035 0.496
0.598 -2.02 0.493
0.634 -2.006 0.489
0.635 -2.01 0.49
0.638 -2.021 0.493
0.674 -2.01 0.489
0.674 -2.01 0.489
0.677 -2.017 0.491
0.714 -2.009 0.489
0.722 -2.031 0.494
0.734 -2.065 0.503
0.776 -2.066 0.503
0.779 -2.074 0.505
0.78 -2.077 0.506
0.821 -2.071 0.504
0.823 -2.078 0.506
0.831 -2.096 0.51
0.873 -2.093 0.51
0.876 -2.1 0.511
0.877 -2.104 0.512
0.915 -2.089 0.507
0.919 -2.099 0.51
0.923 -2.106 0.512
0.964 -2.098 0.51
0.964 -2.098 0.51
0.965 -2.101 0.511
1.006 -2.092 0.508
1.013 -2.106 0.512
1.018 -2.116 0.514
1.059 -2.106 0.512
1.066 -2.12 0.515
1.066 -2.12 0.515
1.106 -2.105 0.511
1.124 -2.139 0.52
1.124 -2.139 0.52
1.149 -2.096 0.509
1.153 -2.103 0.511
1.157 -2.11 0.513
1.189 -2.08 0.504
1.228 -2.063 0.5
0.637 -1.07 0.26
0.657 -1.061 0.257
0.653 -1.054 0.255
0.646 -1.042 0.253
0.659 -1.023 0.248
0.654 -1.015 0.246
0.668 -0.997 0.241
0.662 -0.989 0.239
0.657 -0.981 0.237
0.669 -0.961 0.232
0.663 -0.953 0.23
0.659 -0.947 0.229
0.67 -0.928 0.224
0.664 -0.92 0.222
0.658 -0.912 0.22
0.67 -0.894 0.216
0.665 -0.888 0.214
0.66 -0.882 0.213
0.671 -0.864 0.209
0.668 -0.859 0.207
0.663 -0.853 0.206
0.673 -0.836 0.202
0.668 -0.83 0.2
0.663 -0.824 0.199
0.674 -0.808 0.195
0.671 -0.803 0.194
0.68 -0.786 0.189
0.676 -0.781 0.188
0.672 -0.777 0.187
0.682 -0.761 0.183
0.677 -0.755 0.182
0.673 -0.751 0.181
0.682 -0.735 0.177
0.679 -0.732 0.176
0.675 -0.728 0.175
0.684 -0.712 0.171
0.68 -0.708 0.17
0.676 -0.703 0.169
0.686 -0.689 0.166
0.68 -0.683 0.164
0.691 -0.67 0.161
0.687 -0.666 0.16
0.683 -0.662 0.159
0.692 -0.648 0.156
0.689 -0.645 0.155
0.684 -0.641 0.154
0.691 -0.625 0.15
0.69 -0.624 0.15
0.688 -0.623 0.149
0.695 -0.607 0.146
0.692 -0.604 0.145
0.688 -0.601 0.144
0.695 -0.586 0.141
0.692 -0.584 0.14
0.689 -0.581 0.139
0.698 -0.568 0.136
0.695 -0.566 0.136
0.692 -0.563 0.135
0.699 -0.549 0.131
0.696 -0.546 0.131
0.703 -0.533 0.128
0.7 -0.531 0.127
0.697 -0.529 0.126
0.703 -0.514 0.123
0.7 -0.512 0.122
0.696 -0.51 0.122
0.704 -0.497 0.119
0.702 -0.496 0.118
0.699 -0.493 0.118
0.706 -0.48 0.115
0.703 -0.478 0.114
0.7 -0.476 0.114
0.706 -0.463 0.11
0.705 -0.462 0.11
0.703 -0.461 0.11
0.708 -0.446 0.106
0.706 -0.445 0.106
0.704 -0.444 0.106
0.709 -0.43 0.102
0.707 -0.429 0.102
0.713 -0.416 0.099
0.711 -0.415 0.099
0.708 -0.413 0.098
0.714 -0.4 0.095
0.712 -0.399 0.095
0.71 -0.398 0.095
0.714 -0.384 0.091
0.71 -0.382 0.091
0.71 -0.382 0.091
0.715 -0.369 0.087
0.713 -0.368 0.087
0.712 -0.368 0.087
0.716 -0.355 0.084
0.715 -0.354 0.084
0.713 -0.353 0.083
0.717 -0.34 0.08
0.715 -0.339 0.08
0.714 -0.338 0.08
0.72 -0.326 0.077
0.718 -0.325 0.077
0.722 -0.312 0.073
0.718 -0.311 0.073
0.716 -0.31 0.073
0.724 -0.298 0.07
0.724 -0.298 0.07
0.724 -0.298 0.07
0.729 -0.286 0.067
0.732 -0.287 0.067
0.716 -0.012 0.0
0.714 -0.012 0.0
0.712 0.0 -0.003
0.71 0.0 -0.003
0.787 0.249 -0.064
0.784 0.247 -0.064
0.773 0.259 -0.066
0.77 0.257 -0.066
0.768 0.257 -0.066
0.761 0.269 -0.069
0.759 0.268 -0.069
0.759 0.268 -0.069
0.756 0.282 -0.072
0.758 0.283 -0.072
0.76 0.283 -0.072
0.757 0.297 -0.076
0.758 0.298 -0.076
0.76 0.298 -0.076
0.757 0.312 -0.079
0.76 0.313 -0.08
0.764 0.315 -0.08
0.758 0.328 -0.083
0.76 0.329 -0.083
0.764 0.33 -0.084
0.759 0.344 -0.087
0.761 0.345 -0.087
0.763 0.346 -0.088
0.76 0.36 -0.091
0.762 0.361 -0.091
0.764 0.362 -0.092
0.761 0.377 -0.095
0.763 0.377 -0.095
0.764 0.378 -0.096
0.761 0.393 -0.099
0.763 0.394 -0.099
0.757 0.408 -0.103
0.764 0.412 -0.104
5.174 3.022 -0.76
5.202 3.038 -0.764
5.222 3.05 -0.767
5.126 3.113 -0.782
5.119 3.109 -0.781
5.133 3.117 -0.783
5.009 3.161 -0.793
4.982 3.144 -0.789
4.995 3.153 -0.791
4.925 3.228 -0.81
4.925 3.228 -0.81
4.905 3.215 -0.806
4.807 3.271 -0.819
4.781 3.254 -0.815
4.689 3.311 -0.829
4.638 3.275 -0.82
4.605 3.252 -0.814
4.52 3.311 -0.828
4.489 3.287 -0.822
4.469 3.273 -0.819
4.378 3.325 -0.831
4.341 3.296 -0.824
3.709 2.919 -0.729
3.79 3.092 -0.772
3.76 3.067 -0.765
3.76 3.067 -0.765
3.704 3.13 -0.781
3.74 3.161 -0.788
3.734 3.156 -0.787
3.659 3.203 -0.798
3.262 2.957 -0.737
3.536 3.32 -0.827
3.519 3.303 -0.823
3.502 3.287 -0.818
3.425 3.33 -0.828
3.402 3.308 -0.823
3.408 3.313 -0.824
3.331 3.354 -0.834
2.861 2.984 -0.742
2.845 2.966 -0.737
2.829 2.949 -0.733
3.059 3.303 -0.821
2.413 3.003 -0.744
2.405 2.994 -0.742
2.339 3.019 -0.748
2.01 3.011 -0.745
1.947 3.031 -0.749
1.939 3.018 -0.746
1.945 3.028 -0.748
1.907 3.087 -0.763
1.927 3.12 -0.771
1.952 3.16 -0.782
1.911 3.22 -0.796
1.933 3.257 -0.805
1.957 3.297 -0.815
1.919 3.367 -0.832
1.95 3.422 -0.845
1.973 3.463 -0.856
1.911 3.496 -0.863
1.911 3.496 -0.863
1.582 3.022 -0.746
1.577 3.012 -0.744
1.517 3.028 -0.747
1.523 3.038 -0.75
1.469 3.067 -0.757
1.474 3.078 -0.76
1.473 3.074 -0.759
1.425 3.116 -0.768
1.44 3.148 -0.777
1.448 3.166 -0.781
1.393 3.194 -0.787
1.396 3.201 -0.789
1.426 3.437 -0.847
1.449 3.491 -0.861
1.453 3.501 -0.863
1.39 3.526 -0.868
1.385 3.511 -0.865
1.382 3.504 -0.863
1.319 3.527 -0.869
1.316 3.519 -0.867
1.019 2.884 -0.71
1.018 2.88 -0.709
0.965 2.893 -0.713
0.967 2.901 -0.714
0.967 2.901 -0.714
0.91 2.902 -0.715
0.91 2.902 -0.715
0.859 2.921 -0.718
0.855 2.906 -0.715
0.851 2.894 -0.712
0.798 2.905 -0.714
0.798 2.905 -0.714
0.8 2.912 -0.716
0.747 2.922 -0.718
0.748 2.925 -0.719
0.746 2.918 -0.718
0.69 2.915 -0.717
0.69 2.915 -0.717
0.688 2.907 -0.715
0.634 2.911 -0.715
0.634 2.911 -0.715
0.635 2.915 -0.716
0.584 2.933 -0.72
0.582 2.925 -0.718
0.582 2.921 -0.717
0.53 2.939 -0.722
0.53 2.935 -0.721
0.529 2.931 -0.72
0.476 2.936 -0.721
0.475 2.932 -0.72
0.423 2.943 -0.723
0.422 2.939 -0.722
0.421 2.932 -0.72
0.368 2.938 -0.721
0.369 2.946 -0.722
0.369 2.946 -0.722
0.316 2.948 -0.723
0.317 2.956 -0.725
0.318 2.964 -0.727
0.264 2.965 -0.727
0.264 2.965 -0.727
0.263 2.957 -0.725
0.21 2.953 -0.724
0.21 2.961 -0.726
0.211 2.973 -0.729
0.157 2.968 -0.728
0.157 2.964 -0.727
0.157 2.972 -0.729
0.104 2.97 -0.727
0.104 2.966 -0.726
0.104 2.974 -0.728
0.051 2.983 -0.731
0.051 2.983 -0.731
0.051 2.987 -0.732
-0.003 3.637 -0.891
-0.003 3.64 -0.891
-0.069 3.655 -0.895
-0.068 3.644 -0.892
-0.068 3.64 -0.891
-0.134 3.646 -0.892
-0.134 3.642 -0.891
-0.134 3.634 -0.889
-0.199 3.639 -0.89
-0.2 3.651 -0.893
-0.266 3.659 -0.895
-0.266 3.647 -0.892
-0.265 3.639 -0.89
-0.332 3.65 -0.893
-0.332 3.654 -0.894
-0.332 3.654 -0.894
-0.398 3.651 -0.892
-0.399 3.655 -0.893
-0.399 3.659 -0.894
-0.465 3.656 -0.893
-0.464 3.644 -0.89
-0.465 3.656 -0.893
-0.532 3.659 -0.894
-0.532 3.655 -0.893
-0.599 3.653 -0.893
-0.599 3.657 -0.894
-0.668 3.662 -0.894
-0.561 2.788 -0.681
-0.561 2.788 -0.681
-0.612 2.782 -0.679
-0.663 2.779 -0.677
-0.666 2.79 -0.68
-0.723 2.805 -0.684
-0.946 3.672 -0.895
-0.949 3.687 -0.899
-1.014 3.667 -0.894
-1.023 3.697 -0.901
-1.024 3.7 -0.902
-1.089 3.679 -0.897
-1.092 3.69 -0.9
-1.097 3.705 -0.903
-1.169 3.704 -0.903
-1.174 3.719 -0.906
-1.176 3.727 -0.908
-1.243 3.706 -0.903
-1.245 3.714 -0.904
-1.25 3.728 -0.908
-1.318 3.71 -0.904
-1.316 3.703 -0.902
-1.322 3.721 -0.906
-1.397 3.72 -0.906
-1.398 3.724 -0.907
-1.401 3.731 -0.909
-1.469 3.711 -0.903
-1.477 3.729 -0.907
-1.483 3.743 -0.911
-1.552 3.725 -0.906
-1.562 3.746 -0.911
-1.568 3.761 -0.915
-1.635 3.734 -0.908
-1.642 3.748 -0.912
-1.645 3.755 -0.914
-1.711 3.727 -0.906
-1.725 3.755 -0.913
-1.799 3.74 -0.909
-1.781 3.704 -0.9
-1.758 3.655 -0.888
-1.816 3.611 -0.877
-1.841 3.66 -0.889
-1.851 3.681 -0.894
-1.892 3.6 -0.875
-1.888 3.593 -0.873
-1.895 3.607 -0.876
-1.967 3.588 -0.871
-1.971 3.595 -0.872
-1.967 3.588 -0.871
-2.035 3.561 -0.864
-2.043 3.575 -0.867
-2.055 3.595 -0.872
-2.131 3.58 -0.869
-2.131 3.58 -0.869
-2.131 3.58 -0.869
-2.199 3.55 -0.861
-2.203 3.557 -0.863
-2.207 3.563 -0.865
-2.271 3.525 -0.854
-2.296 3.565 -0.864
-2.318 3.598 -0.872
-2.382 3.558 -0.862
-2.373 3.545 -0.859
-2.405 3.459 -0.838
-2.387 3.434 -0.832
-2.378 3.421 -0.829
-2.43 3.367 -0.816
-2.43 3.367 -0.816
-2.43 3.367 -0.816
-2.868 3.828 -0.927
-2.868 3.828 -0.927
-2.955 3.804 -0.921
-2.984 3.841 -0.93
-2.989 3.848 -0.931
-3.082 3.827 -0.925
-3.117 3.87 -0.936
-3.132 3.888 -0.94
-3.221 3.859 -0.933
-3.246 3.889 -0.94
-3.256 3.901 -0.943
-3.346 3.869 -0.934
-3.367 3.893 -0.94
-3.372 3.899 -0.942
-3.463 3.865 -0.933
-2.853 3.184 -0.769
-2.904 3.13 -0.755
-2.904 3.13 -0.755
-2.955 3.074 -0.742
-2.96 3.08 -0.743
-3.687 3.836 -0.925
-3.732 3.751 -0.904
-3.71 3.728 -0.899
-3.748 3.637 -0.877
-3.725 3.615 -0.871
-3.72 3.61 -0.87
-3.778 3.541 -0.852
-3.767 3.53 -0.85
-3.755 3.519 -0.848
-3.8 3.439 -0.827
-3.783 3.423 -0.823
-3.765 3.408 -0.82
-3.814 3.333 -0.801
-2.879 2.429 -0.584
-2.867 2.419 -0.581
-2.87 2.421 -0.582
-2.922 2.38 -0.572
-3.609 2.836 -0.681
-3.621 2.846 -0.683
-3.691 2.799 -0.671
-3.71 2.813 -0.675
-3.722 2.823 -0.677
-3.76 2.75 -0.659
-3.709 2.712 -0.65
-3.663 2.68 -0.642
-3.691 2.603 -0.624
-3.659 2.581 -0.618
-3.652 2.576 -0.617
-3.678 2.5 -0.598
-3.652 2.483 -0.594
-3.672 2.496 -0.597
-3.736 2.446 -0.585
-3.709 2.429 -0.581
-3.676 2.407 -0.575
-3.712 2.34 -0.559
-3.726 2.349 -0.561
-3.706 2.336 -0.558
-3.72 2.256 -0.539
-3.733 2.265 -0.541
-3.727 2.261 -0.54
-3.712 2.165 -0.516
-3.671 2.141 -0.51
-3.664 2.137 -0.509
-3.702 2.075 -0.494
-3.702 2.075 -0.494
-3.738 2.012 -0.479
-3.752 2.019 -0.48
-3.794 2.042 -0.485
-3.852 1.988 -0.472
-3.689 1.904 -0.452
-3.709 1.834 -0.435
-3.701 1.831 -0.434
-3.694 1.827 -0.433
-3.719 1.761 -0.417
-3.727 1.764 -0.418
-3.77 1.785 -0.423
-3.845 1.74 -0.411
-3.83 1.734 -0.41
-3.801 1.721 -0.406
-3.766 1.628 -0.385
-3.714 1.606 -0.379
-3.758 1.625 -0.384
-3.764 1.551 -0.366
-3.712 1.53 -0.361
-3.736 1.466 -0.345
-3.725 1.461 -0.344
-3.758 1.474 -0.347
-3.795 1.415 -0.331
-3.769 1.405 -0.33
-3.773 1.406 -0.33
-3.805 1.345 -0.314
-3.82 1.35 -0.316
-3.738 1.25 -0.292
-3.76 1.257 -0.294
-3.847 1.214 -0.282
-3.763 1.187 -0.277
-3.786 1.195 -0.278
-3.872 1.15 -0.267
-3.914 1.162 -0.27
-3.887 1.154 -0.268
-3.831 1.067 -0.246
-3.754 1.045 -0.242
-3.746 1.043 -0.241
-3.78 0.983 -0.226
-3.772 0.981 -0.226
-3.76 0.978 -0.226
-3.777 0.915 -0.209
-3.793 0.918 -0.21
-3.813 0.855 -0.194
-3.801 0.852 -0.194
-3.828 0.858 -0.195
-3.882 0.801 -0.181
-3.914 0.808 -0.183
-3.929 0.811 -0.184
-3.947 0.745 -0.167
-3.782 0.714 -0.16
-3.81 0.652 -0.145
-3.779 0.647 -0.143
-3.767 0.645 -0.144
-3.825 0.588 -0.129
-3.885 0.597 -0.131
-3.881 0.597 -0.131
-3.803 0.519 -0.112
-3.811 0.52 -0.112
-3.807 0.52 -0.112
-3.823 0.456 -0.097
-4.001 0.34 -0.068
-4.037 0.343 -0.068
-3.835 0.26 -0.049
-3.875 0.263 -0.049
-3.894 0.265 -0.05
-3.855 0.196 -0.033
-3.859 0.196 -0.033
-3.863 0.197 -0.033
-3.834 0.13 -0.017
-3.874 0.131 -0.017
-3.89 0.132 -0.017
-3.827 0.065 -0.001
-3.851 0.065 -0.001
-3.959 0.067 -0.001
-4.024 0.0 0.016
-4.028 0.0 0.016
-4.028 0.0 0.016
-4.031 -0.069 0.029
-4.031 -0.069 0.029
-4.023 -0.069 0.029
-4.026 -0.138 0.042
-4.034 -0.138 0.042
-4.034 -0.138 0.042
-4.03 -0.208 0.055
-4.03 -0.208 0.055
-4.03 -0.277 0.068
-4.03 -0.277 0.068
-4.03 -0.277 0.068
-4.021 -0.346 0.081
-4.029 -0.346 0.081
-4.033 -0.347 0.081
-4.03 -0.416 0.094
-4.03 -0.416 0.094
-4.034 -0.417 0.094
-4.03 -0.486 0.108
-4.034 -0.487 0.108
-4.042 -0.488 0.108
-4.036 -0.557 0.121
-4.04 -0.558 0.121
-4.04 -0.558 0.121
-4.045 -0.63 0.135
-4.06 -0.632 0.135
-4.06 -0.632 0.135
-4.049 -0.702 0.148
-4.056 -0.703 0.148
-4.064 -0.704 0.149
-4.059 -0.776 0.162
-4.067 -0.777 0.162
-4.075 -0.779 0.163
-4.068 -0.85 0.176
-4.076 -0.852 0.176
-3.908 -0.887 0.183
-3.861 -0.876 0.181
-3.791 -0.929 0.19
-3.748 -0.919 0.188
-3.682 -0.902 0.185
-3.588 -0.945 0.192
-3.515 -0.926 0.188
-3.449 -0.909 0.185
-3.379 -0.952 0.193
-3.34 -0.942 0.19
-3.302 -0.931 0.188
-3.235 -0.972 0.196
-3.174 -0.954 0.193
-3.09 -0.929 0.187
-3.023 -0.966 0.194
-2.966 -0.947 0.191
-2.932 -0.937 0.188
-2.889 -0.978 0.196
-2.836 -0.96 0.192
-2.777 -0.994 0.198
-2.762 -0.988 0.197
-2.773 -0.992 0.198
-2.762 -1.042 0.207
-2.762 -1.042 0.207
-2.77 -1.045 0.208
-2.762 -1.097 0.218
-2.769 -1.1 0.218
-2.781 -1.104 0.219
-2.768 -1.155 0.229
-2.772 -1.157 0.229
-2.779 -1.16 0.229
-2.765 -1.21 0.239
-2.776 -1.215 0.24
-2.791 -1.221 0.241
-2.78 -1.274 0.251
-2.78 -1.274 0.251
-2.78 -1.274 0.251
-2.602 -1.36 0.266
-1.892 -0.989 0.194
-1.864 -1.016 0.198
-2.348 -1.333 0.26
-2.323 -1.319 0.257
-2.282 -1.348 0.263
-2.269 -1.34 0.262
-1.817 -1.117 0.217
-1.81 -1.112 0.217
-1.79 -1.143 0.222
-1.794 -1.145 0.223
-1.787 -1.141 0.222
-1.743 -1.156 0.225
-1.73 -1.147 0.223
-1.727 -1.145 0.223
-1.706 -1.175 0.228
-1.713 -1.179 0.229
-1.716 -1.181 0.23
-1.869 -1.335 0.26
-1.778 -1.318 0.255
-1.759 -1.303 0.253
-1.736 -1.333 0.258
-1.539 -1.226 0.237
-1.274 -1.051 0.203
-1.268 -1.046 0.202
-1.265 -1.044 0.202
-1.247 -1.066 0.206
-1.253 -1.072 0.207
-1.261 -1.078 0.208
-1.247 -1.105 0.213
-1.371 -1.214 0.235
-1.346 -1.235 0.238
-1.343 -1.232 0.237
-1.342 -1.23 0.237
-1.325 -1.259 0.242
-1.351 -1.283 0.247
-1.37 -1.301 0.251
-1.345 -1.323 0.254
-1.26 -1.284 0.247
-1.243 -1.311 0.252
-1.348 -1.422 0.273
-1.344 -1.417 0.272
-1.312 -1.433 0.275
-1.302 -1.423 0.273
-1.296 -1.415 0.272
-1.267 -1.433 0.275
-1.257 -1.423 0.273
-1.249 -1.414 0.271
-1.222 -1.432 0.275
-1.215 -1.424 0.273
-1.207 -1.415 0.272
-1.177 -1.43 0.274
-1.173 -1.425 0.273
-1.168 -1.419 0.272
-1.139 -1.434 0.275
-1.134 -1.428 0.274
-1.129 -1.422 0.273
-1.098 -1.433 0.274
-1.097 -1.432 0.274
-1.066 -1.444 0.276
-1.062 -1.437 0.275
-1.059 -1.434 0.274
-1.028 -1.444 0.276
-1.022 -1.436 0.275
-1.018 -1.43 0.273
-0.991 -1.445 0.276
-0.988 -1.44 0.275
-0.982 -1.432 0.274
-0.953 -1.444 0.276
-0.95 -1.439 0.275
-0.946 -1.432 0.274
-0.917 -1.443 0.276
-0.916 -1.442 0.276
-0.914 -1.438 0.275
-0.884 -1.447 0.277
-0.882 -1.444 0.276
-0.879 -1.439 0.275
-0.85 -1.448 0.276
-0.847 -1.443 0.275
-0.845 -1.44 0.274
-0.817 -1.451 0.276
-0.814 -1.446 0.275
-0.787 -1.456 0.277
-0.788 -1.458 0.278
-0.785 -1.452 0.277
-0.756 -1.461 0.278
-0.755 -1.459 0.278
-0.751 -1.45 0.276
-0.721 -1.456 0.277
-0.721 -1.454 0.277
-0.719 -1.45 0.276
-0.692 -1.461 0.278
-0.69 -1.457 0.278
-0.69 -1.455 0.277
-0.662 -1.463 0.279
-0.66 -1.46 0.278
-0.66 -1.46 0.278
-0.634 -1.469 0.28
-0.631 -1.464 0.279
-0.629 -1.458 0.278
-0.602 -1.467 0.278
-0.601 -1.463 0.278
-0.601 -1.463 0.278
-0.573 -1.47 0.279
-0.572 -1.466 0.278
-0.571 -1.464 0.278
-0.545 -1.474 0.28
-0.544 -1.472 0.279
-0.517 -1.477 0.28
-0.516 -1.476 0.28
-0.514 -1.47 0.279
-0.488 -1.479 0.281
-0.487 -1.477 0.28
-0.486 -1.473 0.28
-0.46 -1.481 0.281
-0.46 -1.481 0.281
-0.459 -1.479 0.281
-0.432 -1.485 0.282
-0.431 -1.481 0.281
-0.43 -1.477 0.28
-0.404 -1.485 0.282
-0.404 -1.485 0.282
-0.403 -1.483 0.281
-0.376 -1.486 0.282
-0.375 -1.482 0.281
-0.374 -1.478 0.28
-0.348 -1.486 0.281
-0.348 -1.484 0.281
-0.347 -1.48 0.28
-0.325 -1.507 0.285
-0.511 -3.597 0.68
-0.684 -7.753 1.464
-0.68 -7.706 1.455
-0.68 -7.706 1.455
-0.545 -7.741 1.46
-0.545 -7.748 1.462
-0.546 -7.756 1.463
-0.407 -7.741 1.46
-0.407 -7.741 1.46
-0.407 -7.741 1.46
-0.269 -7.739 1.459
-0.271 -7.802 1.471
-0.133 -7.813 1.473
-0.132 -7.774 1.466
-0.132 -7.79 1.469
0.006 -7.775 1.465
0.006 -7.767 1.463
0.006 -7.799 1.469
0.144 -7.774 1.464
0.144 -7.782 1.465
0.263 -7.252 1.365
0.46 -4.269 0.802
0.455 -4.222 0.793
0.455 -4.23 0.795
0.53 -4.221 0.793
0.529 -4.214 0.792
0.53 -4.221 0.793
0.606 -4.22 0.793
0.48 -3.332 0.626
0.523 -3.234 0.607
0.508 -3.141 0.59
0.494 -3.052 0.573
0.535 -2.969 0.557
0.523 -2.903 0.545
0.563 -2.836 0.532
0.536 -2.697 0.506
0.571 -2.63 0.494
0.558 -2.568 0.482
0.547 -2.518 0.472
0.579 -2.455 0.461
0.566 -2.401 0.45
0.557 -2.363 0.443
0.587 -2.308 0.433
0.575 -2.258 0.423
0.564 -2.216 0.416
0.591 -2.16 0.405
0.582 -2.126 0.399
0.594 -2.029 0.38
0.593 -2.025 0.38
0.631 -2.022 0.378
0.631 -2.022 0.378
0.632 -2.026 0.379
0.672 -2.026 0.379
0.674 -2.034 0.38
0.676 -2.037 0.381
0.713 -2.029 0.379
0.723 -2.059 0.385
0.735 -2.092 0.391
0.774 -2.083 0.39
0.775 -2.087 0.39
0.778 -2.094 0.392
0.818 -2.088 0.39
0.821 -2.095 0.392
0.825 -2.106 0.394
0.865 -2.099 0.393
0.871 -2.114 0.395
0.876 -2.125 0.396
0.913 -2.11 0.393
0.916 -2.117 0.395
0.916 -2.117 0.395
0.955 -2.104 0.392
0.959 -2.112 0.394
0.962 -2.119 0.395
1.001 -2.105 0.393
1.003 -2.109 0.393
1.01 -2.123 0.396
1.052 -2.116 0.395
1.059 -2.13 0.397
1.102 -2.122 0.396
1.093 -2.105 0.393
1.161 -2.141 0.398
1.146 -2.114 0.393
1.149 -2.121 0.395
1.191 -2.107 0.392
1.183 -2.094 0.389
1.185 -2.097 0.39
0.637 -1.083 0.201
0.654 -1.068 0.198
0.648 -1.058 0.196
0.661 -1.038 0.193
0.657 -1.032 0.191
0.651 -1.022 0.19
0.663 -1.002 0.186
0.658 -0.994 0.184
0.652 -0.986 0.183
0.665 -0.968 0.179
0.66 -0.96 0.178
0.655 -0.953 0.177
0.666 -0.934 0.173
0.662 -0.927 0.172
0.657 -0.921 0.171
0.668 -0.902 0.167
0.663 -0.895 0.166
0.659 -0.89 0.165
0.669 -0.871 0.161
0.664 -0.865 0.16
0.675 -0.847 0.157
0.67 -0.841 0.155
0.666 -0.836 0.155
0.676 -0.819 0.151
0.672 -0.814 0.15
0.668 -0.81 0.15
0.678 -0.793 0.146
0.673 -0.787 0.145
0.668 -0.781 0.144
0.678 -0.765 0.141
0.675 -0.762 0.141
0.671 -0.758 0.14
0.681 -0.742 0.137
0.675 -0.736 0.136
0.686 -0.722 0.133
0.683 -0.719 0.132
0.679 -0.714 0.132
0.687 -0.698 0.129
0.682 -0.693 0.128
0.679 -0.69 0.127
0.688 -0.675 0.124
0.685 -0.673 0.124
0.681 -0.668 0.123
0.689 -0.654 0.12
0.686 -0.651 0.12
0.682 -0.647 0.119
0.69 -0.633 0.116
0.687 -0.63 0.116
0.683 -0.626 0.115
0.693 -0.613 0.112
0.69 -0.61 0.112
0.685 -0.606 0.111
0.694 -0.593 0.109
0.691 -0.591 0.108
0.697 -0.575 0.105
0.694 -0.572 0.105
0.691 -0.57 0.104
0.699 -0.557 0.102
0.696 -0.554 0.101
0.693 -0.552 0.101
0.7 -0.537 0.098
0.698 -0.536 0.098
0.697 -0.535 0.098
0.701 -0.519 0.095
0.698 -0.517 0.094
0.696 -0.516 0.094
0.702 -0.501 0.091
0.699 -0.499 0.091
0.696 -0.497 0.091
0.703 -0.484 0.088
0.701 -0.482 0.088
0.708 -0.469 0.085
0.706 -0.468 0.085
0.703 -0.466 0.085
0.708 -0.452 0.082
0.708 -0.452 0.082
0.706 -0.451 0.082
0.711 -0.436 0.079
0.707 -0.434 0.079
0.706 -0.433 0.079
0.711 -0.42 0.076
0.708 -0.418 0.076
0.706 -0.417 0.076
0.712 -0.404 0.073
0.71 -0.403 0.073
0.708 -0.402 0.073
0.714 -0.389 0.07
0.712 -0.388 0.07
0.717 -0.375 0.068
0.715 -0.374 0.067
0.713 -0.373 0.067
0.718 -0.36 0.065
0.715 -0.358 0.064
0.713 -0.357 0.064
0.717 -0.344 0.062
0.717 -0.344 0.062
0.715 -0.343 0.062
0.72 -0.33 0.059
0.718 -0.329 0.059
0.716 -0.328 0.059
0.72 -0.315 0.056
0.72 -0.315 0.056
0.716 -0.313 0.056
0.722 -0.301 0.054
0.722 -0.301 0.054
0.724 -0.302 0.054
0.729 -0.289 0.052
0.732 -0.291 0.052
0.72 -0.012 -0.001
0.72 -0.012 -0.001
0.716 -0.012 -0.001
0.712 0.0 -0.003
0.787 0.251 -0.05
0.78 0.249 -0.05
0.772 0.261 -0.052
0.77 0.26 -0.052
0.766 0.259 -0.052
0.759 0.272 -0.054
0.759 0.272 -0.054
0.759 0.272 -0.054
0.756 0.285 -0.057
0.758 0.286 -0.057
0.762 0.287 -0.057
0.758 0.301 -0.06
0.758 0.301 -0.06
0.76 0.302 -0.06
0.758 0.316 -0.063
0.76 0.317 -0.063
0.762 0.318 -0.063
0.758 0.332 -0.066
0.76 0.333 -0.066
0.764 0.334 -0.066
0.759 0.348 -0.069
0.761 0.349 -0.069
0.765 0.351 -0.069
0.762 0.365 -0.072
0.762 0.365 -0.072
0.764 0.366 -0.072
0.761 0.381 -0.075
0.763 0.382 -0.075
0.764 0.383 -0.075
0.761 0.398 -0.078
0.763 0.399 -0.078
0.761 0.414 -0.081
5.25 2.98 -0.582
5.182 3.061 -0.598
5.203 3.073 -0.6
5.264 3.11 -0.607
5.242 3.22 -0.628
5.236 3.216 -0.627
5.202 3.195 -0.623
5.116 3.267 -0.637
5.064 3.233 -0.629
5.03 3.211 -0.625
4.951 3.284 -0.639
4.912 3.258 -0.634
4.879 3.236 -0.63
4.781 3.292 -0.639
4.742 3.265 -0.634
4.644 3.318 -0.644
4.612 3.295 -0.64
4.599 3.286 -0.637
4.514 3.345 -0.648
4.482 3.321 -0.644
4.463 3.307 -0.641
4.359 3.349 -0.649
4.334 3.33 -0.644
3.716 2.959 -0.572
3.716 2.959 -0.572
3.679 2.929 -0.567
3.589 2.961 -0.572
3.614 2.982 -0.577
3.7 3.052 -0.59
3.729 3.187 -0.616
3.766 3.218 -0.621
3.766 3.218 -0.621
3.351 2.967 -0.572
3.245 2.976 -0.574
3.525 3.348 -0.645
3.47 3.413 -0.657
3.709 3.778 -0.727
2.83 2.984 -0.573
2.776 3.032 -0.582
3.043 3.324 -0.638
2.994 3.388 -0.65
2.811 3.415 -0.654
2.399 3.02 -0.579
2.379 2.995 -0.574
2.326 3.036 -0.581
2.002 3.033 -0.579
1.94 3.054 -0.583
1.938 3.05 -0.583
1.946 3.064 -0.585
1.918 3.14 -0.6
1.939 3.174 -0.606
1.955 3.201 -0.611
1.922 3.275 -0.625
1.941 3.309 -0.631
1.959 3.34 -0.637
1.938 3.441 -0.656
1.967 3.493 -0.666
1.942 3.448 -0.658
1.85 3.426 -0.652
1.869 3.46 -0.66
1.89 3.498 -0.667
1.822 3.52 -0.67
1.745 3.522 -0.671
1.465 3.092 -0.589
1.518 3.521 -0.669
1.505 3.492 -0.664
1.443 3.517 -0.669
1.444 3.521 -0.669
1.429 3.484 -0.662
1.349 3.461 -0.657
1.359 3.486 -0.662
1.369 3.512 -0.668
1.306 3.535 -0.671
1.314 3.557 -0.675
1.02 2.918 -0.554
1.02 2.918 -0.554
1.019 2.914 -0.553
0.966 2.927 -0.556
0.965 2.923 -0.555
0.911 2.936 -0.557
0.91 2.932 -0.556
0.907 2.921 -0.554
0.855 2.936 -0.556
0.851 2.925 -0.554
0.848 2.913 -0.552
0.798 2.935 -0.556
0.798 2.935 -0.556
0.8 2.943 -0.557
0.747 2.952 -0.559
0.743 2.937 -0.556
0.741 2.929 -0.555
0.691 2.949 -0.559
0.69 2.945 -0.558
0.687 2.934 -0.556
0.635 2.945 -0.558
0.634 2.941 -0.557
0.635 2.945 -0.558
0.584 2.963 -0.56
0.581 2.948 -0.557
0.578 2.933 -0.555
0.528 2.954 -0.558
0.528 2.954 -0.558
0.473 2.947 -0.557
0.474 2.955 -0.559
0.475 2.962 -0.56
0.422 2.962 -0.56
0.421 2.954 -0.559
0.422 2.962 -0.56
0.369 2.973 -0.561
0.368 2.965 -0.56
0.369 2.969 -0.56
0.317 2.983 -0.563
0.316 2.975 -0.562
0.317 2.979 -0.562
0.264 2.984 -0.563
0.263 2.972 -0.561
0.262 2.964 -0.56
0.21 2.972 -0.561
0.21 2.98 -0.562
0.21 2.98 -0.562
0.157 2.987 -0.564
0.158 2.995 -0.565
0.158 2.999 -0.566
0.105 3.001 -0.565
0.105 2.997 -0.565
0.105 3.005 -0.566
0.051 3.011 -0.567
0.052 3.014 -0.568
-0.002 3.011 -0.567
-0.003 3.675 -0.692
-0.003 3.656 -0.689
-0.068 3.651 -0.688
-0.068 3.675 -0.692
-0.068 3.675 -0.692
-0.134 3.673 -0.691
-0.134 3.681 -0.693
-0.199 3.674 -0.691
-0.199 3.678 -0.692
-0.2 3.69 -0.694
-0.265 3.678 -0.692
-0.264 3.67 -0.691
-0.265 3.682 -0.693
-0.331 3.689 -0.694
-0.332 3.693 -0.695
-0.332 3.693 -0.695
-0.398 3.69 -0.693
-0.398 3.694 -0.694
-0.397 3.683 -0.692
-0.463 3.679 -0.691
-0.464 3.687 -0.693
-0.463 3.683 -0.692
-0.53 3.686 -0.693
-0.531 3.694 -0.694
-0.531 3.694 -0.694
-0.602 3.715 -0.698
-0.485 2.997 -0.563
-0.537 2.981 -0.56
-0.533 2.961 -0.556
-0.584 2.944 -0.553
-0.587 2.956 -0.555
-0.59 2.971 -0.558
-0.638 2.941 -0.551
-0.636 2.93 -0.549
-0.637 2.938 -0.55
-0.695 2.949 -0.553
-0.699 2.968 -0.556
-0.934 3.669 -0.687
-0.942 3.7 -0.693
-0.945 3.711 -0.695
-1.013 3.706 -0.694
-1.017 3.717 -0.696
-1.019 3.725 -0.698
-1.088 3.718 -0.697
-1.092 3.733 -0.699
-1.09 3.726 -0.698
-1.16 3.718 -0.695
-1.167 3.74 -0.7
-1.17 3.752 -0.702
-1.243 3.75 -0.701
-1.245 3.757 -0.703
-1.248 3.765 -0.704
-1.316 3.746 -0.701
-1.316 3.746 -0.701
-1.316 3.746 -0.701
-1.385 3.731 -0.697
-1.392 3.749 -0.7
-1.398 3.768 -0.704
-1.468 3.75 -0.701
-1.471 3.758 -0.702
-1.474 3.765 -0.703
-1.552 3.769 -0.704
-1.558 3.783 -0.707
-1.564 3.798 -0.71
-1.632 3.77 -0.703
-1.632 3.77 -0.703
-1.702 3.749 -0.699
-1.711 3.771 -0.703
-1.721 3.792 -0.707
-1.798 3.783 -0.706
-1.798 3.783 -0.706
-1.795 3.776 -0.704
-1.869 3.759 -0.701
-1.879 3.78 -0.704
-1.89 3.802 -0.708
-1.957 3.769 -0.702
-1.968 3.79 -0.706
-1.979 3.811 -0.71
-2.054 3.79 -0.706
-2.065 3.811 -0.71
-2.072 3.825 -0.713
-2.148 3.802 -0.707
-2.144 3.796 -0.706
-2.156 3.816 -0.71
-2.235 3.799 -0.707
-2.247 3.82 -0.711
-2.251 3.826 -0.712
-2.323 3.794 -0.706
-2.327 3.801 -0.707
-2.347 3.834 -0.713
-2.432 3.82 -0.71
-2.436 3.827 -0.711
-2.449 3.847 -0.715
-2.53 3.824 -0.711
-2.543 3.844 -0.714
-2.629 3.826 -0.71
-2.638 3.839 -0.712
-2.647 3.852 -0.715
-2.729 3.825 -0.71
-2.742 3.845 -0.713
-2.756 3.864 -0.717
-2.848 3.848 -0.714
-2.862 3.867 -0.718
-2.867 3.873 -0.718
-2.94 3.83 -0.71
-2.945 3.836 -0.711
-2.969 3.868 -0.717
-3.067 3.853 -0.714
-3.076 3.866 -0.716
-3.101 3.897 -0.722
-3.2 3.88 -0.718
-3.225 3.91 -0.724
-3.25 3.941 -0.729
-3.33 3.896 -0.721
-3.33 3.896 -0.721
-3.42 3.863 -0.714
-2.847 3.216 -0.595
-2.903 3.167 -0.585
-2.887 3.149 -0.581
-2.937 3.093 -0.571
-2.948 3.105 -0.573
-2.954 3.111 -0.574
-3.732 3.795 -0.7
-3.71 3.772 -0.696
-3.748 3.68 -0.678
-3.731 3.663 -0.675
-3.72 3.652 -0.673
-3.772 3.577 -0.659
-3.767 3.572 -0.658
-3.755 3.561 -0.656
-3.806 3.485 -0.642
-3.788 3.469 -0.639
-3.765 3.448 -0.635
-3.808 3.367 -0.619
-3.765 3.33 -0.612
-3.643 3.11 -0.571
-3.655 3.12 -0.573
-3.619 3.089 -0.567
-3.648 3.007 -0.552
-3.673 3.027 -0.555
-3.614 2.875 -0.527
-3.614 2.875 -0.527
-3.633 2.889 -0.529
-3.677 2.822 -0.517
-3.69 2.831 -0.518
-3.778 2.796 -0.512
-3.663 2.711 -0.496
-3.691 2.634 -0.481
-3.665 2.615 -0.478
-3.639 2.597 -0.474
-3.698 2.543 -0.464
-3.691 2.539 -0.463
-3.652 2.512 -0.458
-3.716 2.462 -0.449
-3.736 2.475 -0.451
-3.703 2.453 -0.447
-3.712 2.368 -0.431
-3.719 2.372 -0.432
-3.732 2.381 -0.434
-3.754 2.304 -0.419
-3.72 2.283 -0.415
-3.706 2.275 -0.414
-3.712 2.191 -0.398
-3.671 2.166 -0.393
-3.664 2.162 -0.392
-3.688 2.091 -0.379
-3.667 2.079 -0.377
-3.674 2.083 -0.378
-3.716 2.024 -0.366
-3.759 2.047 -0.371
-3.822 1.997 -0.361
-3.78 1.975 -0.357
-3.716 1.941 -0.351
-3.708 1.856 -0.335
-3.693 1.849 -0.333
-3.693 1.849 -0.333
-3.718 1.782 -0.321
-3.726 1.785 -0.321
-3.747 1.796 -0.323
-3.8 1.741 -0.313
-3.815 1.748 -0.314
-3.8 1.741 -0.313
-3.794 1.66 -0.298
-3.721 1.628 -0.292
-3.714 1.624 -0.291
-3.786 1.579 -0.282
-3.757 1.567 -0.28
-3.709 1.547 -0.276
-3.743 1.486 -0.265
-3.769 1.496 -0.267
-3.791 1.43 -0.254
-3.747 1.413 -0.251
-3.728 1.406 -0.25
-3.771 1.348 -0.239
-3.827 1.369 -0.243
-3.723 1.259 -0.222
-3.741 1.266 -0.223
-3.768 1.275 -0.225
-3.805 1.215 -0.214
-3.798 1.212 -0.213
-3.763 1.201 -0.211
-3.815 1.146 -0.201
-3.884 1.167 -0.204
-3.903 1.172 -0.205
-3.877 1.092 -0.19
-3.804 1.072 -0.187
-3.765 1.061 -0.185
-3.784 0.996 -0.173
-3.776 0.994 -0.172
-3.764 0.991 -0.172
-3.777 0.925 -0.159
-3.812 0.934 -0.161
-3.816 0.935 -0.161
-3.797 0.861 -0.147
-3.824 0.867 -0.148
-3.878 0.81 -0.137
-3.91 0.816 -0.138
-3.925 0.82 -0.138
-3.928 0.75 -0.125
-3.888 0.743 -0.124
-3.818 0.729 -0.122
-3.786 0.656 -0.109
-3.762 0.652 -0.108
-3.766 0.653 -0.108
-3.809 0.593 -0.097
-3.868 0.602 -0.097
-3.911 0.609 -0.099
-3.83 0.529 -0.085
-3.811 0.526 -0.084
-3.807 0.526 -0.084
-3.827 0.462 -0.072
-4.054 0.419 -0.063
-4.041 0.347 -0.049
-3.863 0.265 -0.034
-3.851 0.265 -0.035
-3.914 0.269 -0.035
-3.855 0.199 -0.022
-3.883 0.2 -0.022
-3.858 0.132 -0.01
-3.874 0.133 -0.009
-3.894 0.134 -0.009
-3.847 0.066 0.003
-3.839 0.066 0.003
-4.024 0.0 0.005
-4.024 0.0 0.005
-4.028 0.0 0.005
-4.027 -0.07 0.014
-4.031 -0.07 0.014
-4.027 -0.07 0.014
-4.026 -0.14 0.022
-4.03 -0.14 0.022
-4.034 -0.14 0.022
-4.03 -0.21 0.031
-4.03 -0.21 0.031
-4.03 -0.21 0.031
-4.03 -0.28 0.039
-4.03 -0.28 0.039
-4.03 -0.28 0.039
-4.029 -0.35 0.048
-4.033 -0.35 0.048
-4.034 -0.421 0.057
-4.034 -0.421 0.057
-4.038 -0.421 0.057
-4.034 -0.492 0.065
-4.038 -0.492 0.065
-4.042 -0.493 0.065
-4.028 -0.562 0.074
-4.036 -0.563 0.074
-4.044 -0.564 0.074
-4.046 -0.636 0.083
-4.053 -0.637 0.083
-4.053 -0.637 0.083
-4.05 -0.709 0.092
-4.057 -0.71 0.092
-4.065 -0.711 0.092
-4.068 -0.785 0.101
-4.084 -0.788 0.102
-4.076 -0.786 0.101
-4.069 -0.858 0.11
-4.069 -0.858 0.11
-4.046 -0.854 0.11
-3.936 -0.902 0.116
-3.862 -0.885 0.114
-3.816 -0.874 0.112
-3.773 -0.934 0.119
-3.726 -0.922 0.118
-3.644 -0.902 0.115
-3.555 -0.945 0.12
-3.481 -0.926 0.118
-3.387 -0.964 0.122
-3.33 -0.948 0.12
-3.307 -0.941 0.119
-3.248 -0.986 0.125
-3.198 -0.97 0.123
-3.036 -0.979 0.124
-2.971 -0.958 0.121
-2.933 -0.946 0.12
-2.89 -0.988 0.125
-2.837 -0.969 0.122
-2.791 -0.954 0.12
-2.755 -0.995 0.125
-2.766 -0.999 0.126
-2.774 -1.002 0.126
-2.763 -1.053 0.132
-2.771 -1.056 0.132
-2.759 -1.107 0.139
-2.77 -1.111 0.139
-2.778 -1.114 0.14
-2.762 -1.163 0.146
-2.773 -1.168 0.146
-2.78 -1.171 0.147
-2.77 -1.224 0.153
-2.781 -1.229 0.154
-2.788 -1.232 0.154
-2.77 -1.282 0.16
-2.773 -1.284 0.16
-2.781 -1.287 0.161
-2.754 -1.333 0.166
-2.732 -1.323 0.165
-2.707 -1.311 0.164
-2.648 -1.339 0.167
-2.62 -1.325 0.165
-2.575 -1.359 0.17
-1.89 -0.997 0.124
-1.861 -1.024 0.128
-2.352 -1.348 0.168
-2.335 -1.338 0.167
-2.301 -1.372 0.171
-2.28 -1.36 0.17
-1.811 -1.123 0.14
-1.791 -1.155 0.144
-1.765 -1.137 0.141
-1.744 -1.124 0.14
-1.718 -1.15 0.143
-1.705 -1.141 0.142
-1.684 -1.171 0.146
-1.687 -1.173 0.146
-1.687 -1.173 0.146
-1.667 -1.202 0.149
-1.773 -1.326 0.165
-1.751 -1.309 0.163
-1.721 -1.335 0.166
-1.546 -1.199 0.149
-1.275 -1.062 0.132
-1.267 -1.055 0.131
-1.261 -1.05 0.131
-1.244 -1.073 0.134
-1.25 -1.078 0.134
-1.257 -1.085 0.135
-1.247 -1.114 0.139
-1.37 -1.225 0.152
-1.349 -1.248 0.155
-1.347 -1.247 0.155
-1.35 -1.25 0.155
-1.344 -1.288 0.16
-1.367 -1.31 0.163
-1.374 -1.317 0.163
-1.346 -1.336 0.166
-1.284 -1.275 0.158
-1.266 -1.301 0.161
-1.35 -1.437 0.178
-1.345 -1.432 0.178
-1.338 -1.424 0.177
-1.305 -1.438 0.178
-1.294 -1.427 0.177
-1.289 -1.421 0.176
-1.26 -1.438 0.178
-1.254 -1.432 0.178
-1.224 -1.448 0.178
-1.217 -1.44 0.178
-1.211 -1.433 0.177
-1.181 -1.447 0.178
-1.174 -1.439 0.177
-1.169 -1.433 0.177
-1.139 -1.447 0.178
-1.135 -1.442 0.178
-1.129 -1.434 0.177
-1.099 -1.447 0.178
-1.094 -1.441 0.178
-1.09 -1.436 0.177
-1.059 -1.447 0.178
-1.056 -1.442 0.178
-1.053 -1.439 0.177
-1.022 -1.449 0.179
-1.02 -1.446 0.178
-1.019 -1.444 0.178
-0.989 -1.455 0.179
-0.984 -1.448 0.179
-0.954 -1.458 0.18
-0.95 -1.452 0.179
-0.947 -1.447 0.178
-0.918 -1.458 0.18
-0.915 -1.453 0.179
-0.913 -1.449 0.179
-0.887 -1.465 0.181
-0.883 -1.458 0.18
-0.88 -1.453 0.179
-0.851 -1.463 0.18
-0.846 -1.454 0.179
-0.844 -1.451 0.179
-0.818 -1.465 0.181
-0.814 -1.458 0.18
-0.814 -1.457 0.18
-0.788 -1.471 0.181
-0.786 -1.467 0.181
-0.781 -1.458 0.18
-0.752 -1.465 0.181
-0.75 -1.461 0.18
-0.748 -1.457 0.18
-0.722 -1.47 0.181
-0.721 -1.467 0.181
-0.693 -1.475 0.182
-0.691 -1.472 0.181
-0.691 -1.47 0.181
-0.663 -1.478 0.182
-0.66 -1.471 0.181
-0.659 -1.469 0.181
-0.632 -1.478 0.182
-0.631 -1.475 0.182
-0.629 -1.471 0.181
-0.602 -1.478 0.182
-0.599 -1.472 0.182
-0.599 -1.472 0.182
-0.573 -1.483 0.183
-0.572 -1.479 0.182
-0.572 -1.479 0.182
-0.544 -1.485 0.183
-0.543 -1.481 0.183
-0.542 -1.479 0.182
-0.514 -1.483 0.183
-0.514 -1.481 0.183
-0.512 -1.477 0.182
-0.486 -1.486 0.183
-0.486 -1.484 0.183
-0.459 -1.49 0.184
-0.458 -1.488 0.183
-0.458 -1.486 0.183
-0.432 -1.496 0.184
-0.432 -1.496 0.184
-0.431 -1.492 0.184
-0.404 -1.498 0.184
-0.404 -1.496 0.183
-0.402 -1.49 0.183
-0.376 -1.497 0.183
-0.376 -1.497 0.183
-0.375 -1.493 0.183
-0.347 -1.493 0.183
-0.347 -1.491 0.183
-0.346 -1.489 0.183
-0.323 -1.507 0.185
-0.364 -2.278 0.279
-0.443 -3.59 0.441
-0.688 -7.815 0.959
-0.685 -7.784 0.955
-0.685 -7.784 0.955
-0.55 -7.826 0.961
-0.551 -7.834 0.962
-0.55 -7.826 0.961
-0.412 -7.827 0.961
-0.412 -7.827 0.961
-0.413 -7.835 0.962
-0.275 -7.848 0.962
-0.275 -7.848 0.962
-0.275 -7.84 0.961
-0.137 -7.82 0.959
-0.137 -7.844 0.962
-0.137 -7.844 0.962
0.001 -7.845 0.962
0.001 -7.869 0.965
0.139 -7.852 0.963
0.139 -7.82 0.959
0.259 -7.341 0.9
0.256 -7.237 0.887
0.38 -5.378 0.659
0.453 -4.264 0.522
0.453 -4.264 0.522
0.452 -4.257 0.521
0.527 -4.256 0.521
0.529 -4.272 0.523
0.607 -4.278 0.523
0.527 -3.302 0.404
0.512 -3.208 0.392
0.497 -3.118 0.381
0.524 -2.952 0.361
0.513 -2.889 0.353
0.55 -2.81 0.344
0.54 -2.755 0.337
0.527 -2.693 0.329
0.561 -2.621 0.32
0.55 -2.567 0.314
0.582 -2.503 0.306
0.57 -2.449 0.299
0.558 -2.398 0.293
0.586 -2.335 0.285
0.574 -2.284 0.279
0.563 -2.242 0.274
0.591 -2.19 0.267
0.583 -2.159 0.264
0.574 -2.125 0.259
0.596 -2.065 0.252
0.589 -2.038 0.249
0.591 -2.046 0.25
0.629 -2.043 0.249
0.63 -2.046 0.25
0.633 -2.054 0.251
0.67 -2.047 0.25
0.667 -2.039 0.249
0.706 -2.035 0.248
0.712 -2.053 0.251
0.725 -2.091 0.255
0.733 -2.113 0.258
0.77 -2.1 0.257
0.773 -2.108 0.257
0.817 -2.113 0.258
0.817 -2.113 0.258
0.819 -2.116 0.258
0.862 -2.117 0.259
0.863 -2.12 0.259
0.865 -2.124 0.259
0.903 -2.112 0.258
0.908 -2.123 0.259
0.913 -2.134 0.261
0.952 -2.122 0.259
0.955 -2.129 0.26
0.962 -2.144 0.262
1.002 -2.134 0.261
1.001 -2.13 0.26
1.004 -2.137 0.261
1.047 -2.13 0.26
1.049 -2.134 0.261
1.054 -2.145 0.262
1.097 -2.137 0.261
1.142 -2.131 0.26
1.146 -2.138 0.261
1.149 -2.145 0.262
1.187 -2.125 0.26
1.189 -2.129 0.26
1.187 -2.125 0.26
0.654 -1.081 0.131
0.649 -1.072 0.13
0.645 -1.065 0.13
0.658 -1.045 0.127
0.653 -1.037 0.126
0.647 -1.027 0.125
0.66 -1.009 0.123
0.655 -1.001 0.122
0.649 -0.992 0.121
0.662 -0.974 0.118
0.655 -0.964 0.117
0.666 -0.945 0.115
0.662 -0.938 0.114
0.657 -0.932 0.113
0.67 -0.915 0.111
0.665 -0.909 0.11
0.658 -0.899 0.109
0.67 -0.883 0.107
0.667 -0.878 0.107
0.662 -0.872 0.106
0.671 -0.853 0.104
0.666 -0.846 0.103
0.662 -0.842 0.102
0.672 -0.824 0.1
0.667 -0.818 0.099
0.677 -0.801 0.097
0.674 -0.797 0.097
0.668 -0.791 0.096
0.68 -0.776 0.094
0.676 -0.772 0.094
0.672 -0.767 0.093
0.681 -0.751 0.091
0.677 -0.746 0.091
0.673 -0.742 0.09
0.682 -0.726 0.088
0.678 -0.722 0.087
0.675 -0.719 0.087
0.684 -0.703 0.085
0.679 -0.698 0.085
0.677 -0.695 0.084
0.686 -0.681 0.082
0.682 -0.677 0.082
0.679 -0.674 0.082
0.688 -0.659 0.08
0.683 -0.655 0.079
0.692 -0.64 0.078
0.687 -0.636 0.077
0.685 -0.634 0.077
0.693 -0.619 0.075
0.69 -0.616 0.075
0.687 -0.614 0.074
0.694 -0.599 0.072
0.691 -0.596 0.072
0.688 -0.594 0.072
0.696 -0.579 0.07
0.694 -0.578 0.07
0.691 -0.575 0.07
0.698 -0.561 0.068
0.695 -0.558 0.067
0.693 -0.557 0.067
0.7 -0.543 0.066
0.697 -0.54 0.065
0.693 -0.538 0.065
0.7 -0.523 0.063
0.696 -0.521 0.063
0.704 -0.508 0.061
0.702 -0.506 0.061
0.699 -0.504 0.061
0.706 -0.491 0.059
0.703 -0.488 0.059
0.701 -0.487 0.059
0.706 -0.473 0.057
0.705 -0.472 0.057
0.701 -0.47 0.057
0.708 -0.456 0.055
0.706 -0.455 0.055
0.704 -0.454 0.055
0.709 -0.44 0.053
0.706 -0.438 0.053
0.706 -0.438 0.053
0.711 -0.424 0.051
0.708 -0.422 0.051
0.714 -0.409 0.049
0.712 -0.408 0.049
0.71 -0.407 0.049
0.714 -0.393 0.047
0.71 -0.391 0.047
0.71 -0.391 0.047
0.715 -0.377 0.045
0.713 -0.377 0.045
0.712 -0.376 0.045
0.716 -0.362 0.043
0.715 -0.361 0.043
0.713 -0.36 0.043
0.717 -0.347 0.042
0.715 -0.346 0.041
0.714 -0.345 0.041
0.718 -0.332 0.04
0.716 -0.331 0.04
0.714 -0.331 0.04
0.718 -0.317 0.038
0.716 -0.317 0.038
0.722 -0.304 0.036
0.722 -0.304 0.036
0.722 -0.304 0.036
0.727 -0.292 0.035
0.736 -0.28 0.033
0.722 -0.013 0.001
0.722 -0.013 0.001
0.72 0.0 -0.001
0.716 0.012 -0.003
0.789 0.255 -0.032
0.784 0.253 -0.032
0.778 0.251 -0.032
0.77 0.263 -0.033
0.766 0.262 -0.033
0.764 0.261 -0.033
0.759 0.274 -0.035
0.759 0.274 -0.035
0.761 0.275 -0.035
0.756 0.288 -0.036
0.76 0.29 -0.037
0.758 0.304 -0.038
0.758 0.304 -0.038
0.76 0.305 -0.038
0.762 0.306 -0.038
0.76 0.32 -0.04
0.762 0.321 -0.04
0.758 0.335 -0.042
0.76 0.336 -0.042
0.762 0.337 -0.042
0.759 0.352 -0.044
0.761 0.352 -0.044
0.763 0.353 -0.044
0.759 0.367 -0.046
0.762 0.369 -0.046
0.764 0.37 -0.046
0.759 0.384 -0.048
0.763 0.386 -0.048
0.764 0.387 -0.048
0.759 0.401 -0.05
0.761 0.402 -0.05
0.765 0.404 -0.05
0.763 0.42 -0.052
5.307 3.041 -0.379
5.205 3.104 -0.387
5.177 3.088 -0.385
5.136 3.185 -0.397
5.115 3.173 -0.395
5.109 3.169 -0.394
5.059 3.261 -0.406
5.032 3.244 -0.404
5.019 3.235 -0.403
4.953 3.317 -0.413
4.921 3.295 -0.41
4.881 3.268 -0.407
4.783 3.325 -0.414
4.764 3.311 -0.412
4.738 3.293 -0.41
4.64 3.346 -0.416
4.601 3.318 -0.413
4.537 3.272 -0.407
4.459 3.336 -0.414
4.459 3.336 -0.414
4.415 3.302 -0.41
4.349 3.373 -0.419
3.668 2.948 -0.365
3.732 3.108 -0.386
3.744 3.119 -0.387
3.787 3.154 -0.392
3.755 3.24 -0.402
3.761 3.245 -0.403
3.78 3.261 -0.405
3.744 3.347 -0.415
3.259 3.016 -0.374
2.848 3.031 -0.375
2.837 3.02 -0.373
2.762 3.045 -0.376
2.454 3.008 -0.372
2.396 3.044 -0.376
2.379 3.022 -0.374
2.403 3.408 -0.421
1.989 3.04 -0.375
1.982 3.03 -0.374
1.931 3.067 -0.378
1.94 3.081 -0.38
1.959 3.111 -0.383
1.926 3.182 -0.392
1.951 3.223 -0.397
1.978 3.267 -0.403
1.938 3.332 -0.41
1.953 3.359 -0.414
1.981 3.407 -0.42
1.952 3.497 -0.431
1.971 3.532 -0.435
1.969 3.528 -0.435
1.899 3.548 -0.437
1.894 3.537 -0.436
1.829 3.566 -0.439
1.822 3.552 -0.437
1.817 3.541 -0.436
1.759 3.583 -0.441
1.756 3.576 -0.44
1.747 3.558 -0.438
1.667 3.552 -0.437
1.516 3.228 -0.398
1.438 3.206 -0.395
1.523 3.563 -0.439
1.52 3.556 -0.438
1.452 3.571 -0.44
1.449 3.563 -0.439
1.449 3.563 -0.439
1.379 3.569 -0.44
1.377 3.562 -0.439
1.378 3.566 -0.439
1.308 3.57 -0.44
1.016 2.928 -0.36
1.016 2.928 -0.36
0.965 2.949 -0.363
0.968 2.957 -0.363
0.965 2.949 -0.363
0.91 2.954 -0.363
0.908 2.946 -0.362
0.903 2.931 -0.36
0.85 2.942 -0.362
0.851 2.946 -0.362
0.85 2.942 -0.362
0.797 2.953 -0.363
0.796 2.949 -0.363
0.794 2.941 -0.362
0.74 2.947 -0.362
0.741 2.951 -0.363
0.688 2.959 -0.364
0.69 2.967 -0.365
0.691 2.971 -0.365
0.636 2.971 -0.365
0.634 2.959 -0.364
0.632 2.951 -0.363
0.582 2.97 -0.365
0.581 2.966 -0.365
0.583 2.978 -0.366
0.531 2.987 -0.367
0.528 2.972 -0.365
0.527 2.968 -0.365
0.475 2.976 -0.366
0.476 2.98 -0.366
0.476 2.984 -0.367
0.423 2.988 -0.367
0.423 2.984 -0.367
0.422 2.98 -0.366
0.37 2.987 -0.366
0.37 2.987 -0.366
0.37 2.987 -0.366
0.317 2.993 -0.367
0.317 2.989 -0.366
0.317 2.989 -0.366
0.264 2.994 -0.367
0.265 3.002 -0.368
0.265 3.006 -0.369
0.211 2.994 -0.367
0.211 2.998 -0.368
0.159 3.013 -0.369
0.159 3.017 -0.37
0.159 3.013 -0.369
0.106 3.012 -0.369
0.106 3.012 -0.369
0.106 3.012 -0.369
0.053 3.017 -0.37
0.053 3.017 -0.37
-0.0 3.017 -0.37
-0.001 3.688 -0.452
-0.001 3.696 -0.453
-0.066 3.7 -0.454
-0.066 3.696 -0.453
-0.066 3.704 -0.454
-0.131 3.706 -0.454
-0.131 3.698 -0.453
-0.131 3.698 -0.453
-0.196 3.695 -0.453
-0.197 3.707 -0.455
-0.197 3.703 -0.454
-0.262 3.699 -0.454
-0.263 3.715 -0.455
-0.262 3.711 -0.455
-0.328 3.71 -0.455
-0.328 3.714 -0.455
-0.328 3.714 -0.455
-0.394 3.712 -0.455
-0.394 3.712 -0.455
-0.394 3.712 -0.455
-0.461 3.716 -0.455
-0.461 3.72 -0.455
-0.461 3.716 -0.455
-0.528 3.719 -0.455
-0.529 3.727 -0.456
-0.529 3.727 -0.456
-0.594 3.714 -0.454
-0.595 3.721 -0.455
-0.66 3.711 -0.454
-0.66 3.711 -0.454
-0.662 3.718 -0.455
-0.726 3.702 -0.453
-0.726 3.702 -0.453
-0.729 3.718 -0.455
-0.797 3.717 -0.455
-0.797 3.717 -0.455
-0.797 3.717 -0.455
-0.86 3.694 -0.452
-0.862 3.702 -0.453
-0.868 3.729 -0.456
-0.938 3.729 -0.456
-0.937 3.725 -0.456
-0.939 3.733 -0.457
-1.011 3.743 -0.458
-1.007 3.728 -0.456
-1.007 3.728 -0.456
-1.079 3.733 -0.457
-1.083 3.744 -0.458
-1.087 3.759 -0.46
-1.153 3.74 -0.458
-1.151 3.732 -0.457
-1.151 3.732 -0.457
-1.22 3.723 -0.455
-1.221 3.727 -0.456
-1.225 3.738 -0.457
-1.294 3.728 -0.455
-1.295 3.731 -0.456
-1.362 3.712 -0.453
-1.365 3.72 -0.454
-1.381 3.764 -0.46
-1.462 3.777 -0.461
-1.466 3.788 -0.462
-1.467 3.792 -0.463
-1.54 3.781 -0.462
-1.544 3.792 -0.463
-1.544 3.792 -0.463
-1.611 3.764 -0.46
-1.62 3.786 -0.462
-1.626 3.801 -0.464
-1.7 3.787 -0.462
-1.706 3.801 -0.464
-1.716 3.823 -0.467
-1.793 3.814 -0.466
-1.793 3.814 -0.466
-1.793 3.814 -0.466
-1.863 3.79 -0.463
-1.874 3.811 -0.465
-1.877 3.818 -0.466
-1.959 3.813 -0.466
-1.966 3.828 -0.467
-1.97 3.835 -0.468
-2.052 3.828 -0.466
-2.059 3.842 -0.468
-2.067 3.856 -0.47
-2.142 3.834 -0.467
-2.142 3.834 -0.467
-2.154 3.854 -0.47
-2.233 3.837 -0.467
-2.237 3.844 -0.468
-2.308 3.812 -0.464
-2.317 3.825 -0.466
-2.337 3.859 -0.47
-2.413 3.832 -0.467
-2.417 3.838 -0.468
-2.434 3.865 -0.471
-2.515 3.843 -0.468
-2.528 3.863 -0.471
-2.541 3.882 -0.473
-2.627 3.864 -0.471
-2.636 3.877 -0.472
-2.645 3.891 -0.474
-2.722 3.857 -0.47
-2.736 3.877 -0.472
-2.754 3.903 -0.476
-2.841 3.88 -0.473
-2.855 3.899 -0.475
-2.86 3.906 -0.476
-2.933 3.862 -0.47
-2.943 3.875 -0.471
-2.952 3.887 -0.473
-3.035 3.854 -0.469
-3.065 3.892 -0.473
-3.084 3.917 -0.476
-3.183 3.9 -0.474
-3.193 3.912 -0.476
-2.772 3.279 -0.399
-2.731 3.23 -0.393
-2.776 3.17 -0.386
-2.771 3.164 -0.385
-2.776 3.17 -0.386
-2.826 3.116 -0.379
-2.816 3.104 -0.378
-2.805 3.092 -0.376
-2.864 3.049 -0.371
-2.864 3.049 -0.371
-2.864 3.049 -0.371
-2.929 3.01 -0.365
-2.951 3.033 -0.368
-2.968 3.05 -0.37
-3.038 3.015 -0.366
-3.718 3.689 -0.447
-3.77 3.613 -0.438
-3.759 3.602 -0.437
-3.753 3.596 -0.436
-3.798 3.515 -0.426
-3.781 3.498 -0.424
-3.757 3.477 -0.421
-3.8 3.395 -0.411
-3.764 3.363 -0.407
-3.641 3.141 -0.381
-3.647 3.147 -0.382
-3.671 3.057 -0.371
-3.646 3.037 -0.368
-3.671 3.057 -0.371
-3.606 2.898 -0.351
-3.606 2.898 -0.351
-3.669 2.845 -0.345
-3.663 2.84 -0.344
-3.669 2.845 -0.345
-3.744 2.8 -0.338
-3.635 2.719 -0.329
-3.676 2.651 -0.321
-3.663 2.642 -0.32
-3.631 2.618 -0.317
-3.683 2.56 -0.31
-3.67 2.551 -0.309
-3.644 2.532 -0.306
-3.701 2.478 -0.299
-3.707 2.482 -0.299
-3.688 2.469 -0.298
-3.697 2.383 -0.287
-3.71 2.392 -0.288
-3.73 2.405 -0.29
-3.718 2.306 -0.278
-3.684 2.285 -0.275
-3.744 2.233 -0.269
-3.71 2.213 -0.266
-3.669 2.188 -0.264
-3.679 2.108 -0.254
-3.679 2.108 -0.254
-3.679 2.108 -0.254
-3.722 2.048 -0.246
-3.722 2.048 -0.246
-3.729 2.052 -0.247
-3.793 2.002 -0.24
-3.793 2.002 -0.24
-3.73 1.968 -0.236
-3.707 1.875 -0.225
-3.692 1.867 -0.224
-3.692 1.867 -0.224
-3.717 1.8 -0.216
-3.725 1.803 -0.216
-3.768 1.824 -0.219
-3.814 1.765 -0.211
-3.806 1.762 -0.211
-3.806 1.762 -0.211
-3.778 1.67 -0.2
-3.735 1.65 -0.197
-3.748 1.579 -0.189
-3.77 1.589 -0.19
-3.734 1.573 -0.188
-3.72 1.492 -0.178
-3.72 1.492 -0.178
-3.746 1.502 -0.179
-3.787 1.443 -0.172
-3.764 1.434 -0.171
-3.764 1.434 -0.171
-3.781 1.366 -0.162
-3.811 1.377 -0.164
-3.74 1.278 -0.152
-3.748 1.281 -0.152
-3.759 1.285 -0.153
-3.804 1.227 -0.145
-3.789 1.222 -0.145
-3.774 1.217 -0.144
-3.825 1.161 -0.137
-3.86 1.171 -0.139
-3.887 1.106 -0.131
-3.849 1.095 -0.129
-3.772 1.074 -0.127
-3.763 1.001 -0.118
-3.783 1.006 -0.118
-3.783 1.006 -0.118
-3.796 0.939 -0.11
-3.796 0.939 -0.11
-3.823 0.946 -0.111
-3.831 0.878 -0.103
-3.784 0.867 -0.101
-3.792 0.869 -0.102
-3.83 0.808 -0.094
-3.87 0.816 -0.095
-3.913 0.825 -0.096
-3.923 0.757 -0.088
-3.86 0.745 -0.086
-3.777 0.729 -0.084
-3.786 0.663 -0.076
-3.786 0.663 -0.076
-3.762 0.658 -0.076
-3.797 0.597 -0.068
-3.852 0.606 -0.069
-3.866 0.539 -0.061
-3.811 0.532 -0.06
-3.807 0.531 -0.06
-3.811 0.464 -0.052
-3.807 0.464 -0.052
-3.811 0.464 -0.052
-4.022 0.42 -0.046
-4.038 0.421 -0.047
-4.041 0.351 -0.038
-4.041 0.351 -0.038
-3.831 0.266 -0.028
-3.919 0.204 -0.02
-3.851 0.2 -0.02
-3.863 0.201 -0.02
-3.87 0.134 -0.011
-3.846 0.133 -0.011
-3.878 0.134 -0.011
-3.871 0.067 -0.003
-3.839 0.067 -0.003
-4.028 0.0 0.057
-4.024 0.0 0.057
-4.027 -0.07 0.062
-4.027 -0.07 0.062
-4.031 -0.07 0.062
-4.029 -0.14 0.067
-4.029 -0.14 0.067
-4.029 -0.14 0.067
-4.029 -0.211 0.072
-4.029 -0.211 0.072
-4.029 -0.211 0.072
-4.029 -0.281 0.078
-4.029 -0.281 0.078
-4.029 -0.281 0.078
-4.032 -0.352 0.083
-4.028 -0.352 0.083
-4.032 -0.352 0.083
-4.033 -0.423 0.088
-4.033 -0.423 0.088
-4.037 -0.423 0.088
-4.033 -0.494 0.093
-4.033 -0.494 0.093
-4.041 -0.495 0.093
-4.035 -0.566 0.098
-4.035 -0.566 0.098
-4.043 -0.567 0.098
-4.045 -0.639 0.104
-4.045 -0.639 0.104
-4.033 -0.709 0.109
-4.049 -0.712 0.109
-4.064 -0.715 0.109
-4.067 -0.789 0.116
-4.075 -0.79 0.116
-4.067 -0.789 0.116
-4.06 -0.861 0.12
-4.06 -0.861 0.12
-4.076 -0.864 0.121
-3.916 -0.902 0.121
-3.85 -0.887 0.119
-3.775 -0.939 0.122
-3.74 -0.93 0.121
-3.686 -0.917 0.119
-3.6 -0.962 0.121
-3.53 -0.944 0.119
-3.453 -0.923 0.116
-3.39 -0.97 0.119
-3.356 -0.96 0.117
-3.281 -1.001 0.119
-3.231 -0.986 0.118
-3.168 -1.027 0.12
-3.023 -0.98 0.115
-2.919 -1.003 0.114
-2.828 -0.972 0.111
-2.777 -1.008 0.113
-2.762 -1.003 0.112
-2.769 -1.006 0.112
-2.759 -1.057 0.116
-2.766 -1.059 0.116
-2.774 -1.062 0.117
-2.762 -1.113 0.12
-2.769 -1.116 0.121
-2.781 -1.121 0.121
-2.768 -1.172 0.125
-2.779 -1.177 0.125
-2.786 -1.18 0.125
-2.768 -1.23 0.129
-2.786 -1.238 0.129
-2.771 -1.29 0.133
-2.775 -1.291 0.133
-2.782 -1.295 0.134
-2.77 -1.348 0.138
-2.756 -1.341 0.137
-2.727 -1.327 0.136
-2.678 -1.362 0.138
-2.643 -1.344 0.135
-2.603 -1.324 0.134
-1.892 -1.004 0.1
-1.867 -1.033 0.101
-1.86 -1.029 0.101
-2.347 -1.352 0.132
-2.326 -1.34 0.131
-2.281 -1.368 0.132
-2.268 -1.36 0.131
-1.66 -1.076 0.102
-1.685 -1.092 0.104
-1.705 -1.105 0.105
-1.697 -1.142 0.107
-1.697 -1.142 0.107
-1.687 -1.135 0.107
-1.664 -1.162 0.109
-1.664 -1.162 0.109
-1.664 -1.162 0.109
-1.648 -1.195 0.11
-1.635 -1.229 0.113
-1.716 -1.339 0.122
-1.506 -1.174 0.107
-1.496 -1.167 0.106
-1.466 -1.185 0.108
-1.295 -1.047 0.095
-1.269 -1.063 0.096
-1.26 -1.055 0.095
-1.261 -1.056 0.095
-1.249 -1.084 0.097
-1.255 -1.089 0.098
-1.242 -1.116 0.1
-1.356 -1.219 0.108
-1.346 -1.253 0.111
-1.351 -1.257 0.111
-1.356 -1.262 0.111
-1.348 -1.3 0.114
-1.369 -1.32 0.116
-1.375 -1.326 0.116
-1.347 -1.346 0.117
-1.282 -1.279 0.111
-1.263 -1.306 0.113
-1.27 -1.313 0.114
-1.348 -1.444 0.125
-1.34 -1.435 0.124
-1.337 -1.433 0.124
-1.308 -1.451 0.125
-1.299 -1.441 0.123
-1.291 -1.432 0.123
-1.259 -1.447 0.124
-1.252 -1.439 0.123
-1.247 -1.433 0.123
-1.215 -1.447 0.123
-1.209 -1.439 0.122
-1.204 -1.433 0.122
-1.171 -1.445 0.123
-1.166 -1.439 0.122
-1.139 -1.457 0.122
-1.133 -1.449 0.122
-1.126 -1.44 0.121
-1.098 -1.456 0.122
-1.095 -1.451 0.121
-1.09 -1.445 0.121
-1.057 -1.454 0.121
-1.054 -1.449 0.121
-1.05 -1.444 0.121
-1.02 -1.456 0.12
-1.018 -1.453 0.12
-1.016 -1.449 0.12
-0.987 -1.462 0.121
-0.983 -1.457 0.12
-0.979 -1.45 0.12
-0.948 -1.459 0.12
-0.945 -1.454 0.119
-0.915 -1.463 0.12
-0.913 -1.46 0.12
-0.912 -1.458 0.12
-0.885 -1.472 0.121
-0.881 -1.465 0.119
-0.876 -1.457 0.118
-0.845 -1.463 0.119
-0.842 -1.458 0.119
-0.842 -1.458 0.119
-0.814 -1.469 0.119
-0.812 -1.465 0.118
-0.812 -1.464 0.118
-0.784 -1.474 0.119
-0.783 -1.472 0.119
-0.779 -1.465 0.118
-0.75 -1.472 0.119
-0.748 -1.468 0.118
-0.746 -1.464 0.118
-0.72 -1.475 0.118
-0.719 -1.474 0.118
-0.717 -1.47 0.117
-0.689 -1.479 0.118
-0.687 -1.473 0.118
-0.659 -1.481 0.117
-0.659 -1.48 0.117
-0.658 -1.478 0.117
-0.629 -1.484 0.117
-0.628 -1.48 0.117
-0.627 -1.478 0.117
-0.599 -1.483 0.116
-0.597 -1.48 0.116
-0.597 -1.48 0.116
-0.571 -1.49 0.117
-0.57 -1.486 0.117
-0.569 -1.482 0.116
-0.541 -1.488 0.117
-0.54 -1.486 0.117
-0.54 -1.485 0.116
-0.513 -1.492 0.116
-0.512 -1.488 0.116
-0.51 -1.484 0.115
-0.484 -1.493 0.116
-0.484 -1.491 0.116
-0.483 -1.489 0.116
-0.456 -1.495 0.115
-0.456 -1.494 0.115
-0.43 -1.503 0.116
-0.43 -1.501 0.116
-0.429 -1.497 0.115
-0.401 -1.501 0.116
-0.401 -1.501 0.116
-0.4 -1.497 0.115
-0.373 -1.5 0.115
-0.372 -1.498 0.114
-0.371 -1.492 0.114
-0.344 -1.497 0.114
-0.345 -1.498 0.115
-0.345 -1.498 0.115
-0.321 -1.514 0.116
-0.419 -2.656 0.2
-0.442 -3.619 0.27
-0.676 -7.797 0.58
-0.677 -7.813 0.581
-0.682 -7.861 0.585
-0.545 -7.888 0.584
-0.543 -7.864 0.583
-0.543 -7.856 0.582
-0.406 -7.872 0.581
-0.407 -7.896 0.583
-0.407 -7.896 0.583
-0.268 -7.886 0.58
-0.268 -7.886 0.58
-0.268 -7.878 0.58
-0.13 -7.858 0.576
-0.13 -7.882 0.578
-0.13 -7.89 0.579
0.008 -7.851 0.574
0.008 -7.875 0.576
0.008 -7.891 0.577
0.146 -7.874 0.573
0.267 -7.384 0.536
0.385 -4.34 0.312
0.453 -4.261 0.305
0.454 -4.269 0.306
0.455 -4.277 0.307
0.53 -4.268 0.305
0.53 -4.268 0.305
0.606 -4.274 0.303
0.48 -3.386 0.24
0.525 -3.286 0.233
0.495 -3.097 0.219
0.537 -3.021 0.213
0.523 -2.943 0.208
0.511 -2.876 0.203
0.55 -2.808 0.197
0.537 -2.741 0.192
0.571 -2.665 0.187
0.561 -2.618 0.183
0.549 -2.564 0.179
0.582 -2.499 0.175
0.569 -2.449 0.171
0.557 -2.398 0.167
0.587 -2.342 0.163
0.575 -2.292 0.159
0.564 -2.249 0.156
0.591 -2.193 0.152
0.58 -2.15 0.149
0.567 -2.104 0.146
0.594 -2.059 0.143
0.591 -2.048 0.142
0.593 -2.055 0.142
0.63 -2.049 0.141
0.631 -2.052 0.141
0.668 -2.045 0.14
0.668 -2.045 0.14
0.669 -2.049 0.141
0.708 -2.044 0.139
0.718 -2.075 0.142
0.73 -2.109 0.144
0.772 -2.111 0.143
0.771 -2.107 0.143
0.772 -2.111 0.143
0.812 -2.104 0.143
0.815 -2.112 0.142
0.815 -2.112 0.142
0.853 -2.101 0.142
0.856 -2.108 0.142
0.859 -2.116 0.143
0.902 -2.115 0.142
0.904 -2.119 0.142
0.908 -2.13 0.143
0.954 -2.132 0.143
0.954 -2.132 0.143
0.955 -2.136 0.143
0.994 -2.122 0.141
0.998 -2.13 0.142
0.999 -2.133 0.142
1.038 -2.119 0.14
1.042 -2.126 0.14
1.049 -2.141 0.141
1.095 -2.14 0.141
1.099 -2.147 0.141
1.099 -2.147 0.141
1.142 -2.138 0.14
1.148 -2.149 0.141
1.187 -2.132 0.139
1.175 -2.111 0.137
1.179 -2.118 0.138
1.226 -2.114 0.138
0.653 -1.082 0.07
0.648 -1.074 0.069
0.643 -1.065 0.069
0.656 -1.045 0.067
0.651 -1.037 0.067
0.665 -1.02 0.066
0.659 -1.01 0.065
0.653 -1.002 0.064
0.666 -0.984 0.063
0.66 -0.974 0.062
0.655 -0.967 0.062
0.666 -0.948 0.06
0.662 -0.941 0.06
0.657 -0.935 0.059
0.668 -0.915 0.058
0.663 -0.909 0.057
0.659 -0.904 0.057
0.669 -0.884 0.056
0.664 -0.878 0.055
0.661 -0.873 0.055
0.672 -0.857 0.054
0.667 -0.85 0.053
0.662 -0.844 0.053
0.672 -0.826 0.051
0.668 -0.822 0.051
0.678 -0.805 0.049
0.673 -0.799 0.048
0.668 -0.793 0.049
0.679 -0.778 0.047
0.675 -0.774 0.047
0.671 -0.769 0.047
0.681 -0.753 0.045
0.677 -0.749 0.045
0.674 -0.746 0.044
0.682 -0.728 0.043
0.678 -0.724 0.043
0.675 -0.721 0.043
0.682 -0.703 0.041
0.679 -0.7 0.041
0.69 -0.687 0.04
0.685 -0.683 0.04
0.683 -0.68 0.04
0.69 -0.664 0.039
0.687 -0.661 0.038
0.684 -0.658 0.038
0.691 -0.642 0.037
0.688 -0.639 0.037
0.684 -0.635 0.036
0.694 -0.622 0.035
0.691 -0.619 0.035
0.686 -0.615 0.035
0.692 -0.599 0.034
0.691 -0.598 0.034
0.689 -0.597 0.034
0.697 -0.582 0.033
0.694 -0.58 0.032
0.7 -0.565 0.031
0.699 -0.564 0.031
0.696 -0.561 0.031
0.7 -0.545 0.03
0.697 -0.543 0.03
0.695 -0.542 0.03
0.701 -0.527 0.029
0.698 -0.525 0.028
0.696 -0.523 0.028
0.702 -0.509 0.027
0.701 -0.508 0.027
0.697 -0.505 0.027
0.703 -0.491 0.026
0.703 -0.491 0.026
0.698 -0.487 0.026
0.705 -0.474 0.025
0.701 -0.472 0.024
0.708 -0.458 0.024
0.706 -0.457 0.023
0.704 -0.456 0.023
0.709 -0.442 0.022
0.706 -0.44 0.022
0.706 -0.44 0.022
0.711 -0.426 0.021
0.71 -0.425 0.021
0.706 -0.423 0.021
0.712 -0.41 0.02
0.712 -0.41 0.02
0.708 -0.408 0.02
0.714 -0.395 0.019
0.712 -0.394 0.019
0.71 -0.393 0.019
0.715 -0.379 0.018
0.713 -0.378 0.018
0.71 -0.376 0.018
0.716 -0.364 0.017
0.713 -0.362 0.016
0.717 -0.349 0.015
0.715 -0.348 0.015
0.715 -0.348 0.015
0.72 -0.335 0.014
0.718 -0.334 0.014
0.716 -0.333 0.014
0.72 -0.32 0.013
0.718 -0.319 0.013
0.716 -0.318 0.013
0.722 -0.306 0.012
0.722 -0.306 0.012
0.722 -0.306 0.012
0.729 -0.294 0.011
0.732 -0.295 0.012
0.726 -0.013 -0.009
0.724 -0.013 -0.009
0.722 -0.013 -0.009
0.718 0.0 -0.01
0.794 0.242 -0.029
0.786 0.255 -0.03
0.78 0.253 -0.029
0.772 0.265 -0.03
0.768 0.264 -0.03
0.764 0.262 -0.03
0.757 0.275 -0.031
0.759 0.276 -0.031
0.761 0.276 -0.031
0.756 0.29 -0.032
0.758 0.29 -0.032
0.762 0.292 -0.032
0.758 0.306 -0.033
0.76 0.306 -0.033
0.762 0.307 -0.033
0.758 0.321 -0.034
0.762 0.323 -0.035
0.764 0.323 -0.035
0.76 0.338 -0.036
0.76 0.338 -0.036
0.764 0.339 -0.036
0.761 0.354 -0.037
0.763 0.355 -0.037
0.765 0.356 -0.037
0.762 0.371 -0.038
0.766 0.372 -0.038
0.766 0.372 -0.038
0.761 0.387 -0.039
0.763 0.388 -0.039
0.759 0.403 -0.04
0.761 0.404 -0.04
0.764 0.405 -0.041
0.76 0.421 -0.042
5.248 3.024 -0.295
5.228 3.135 -0.303
5.283 3.168 -0.307
5.256 3.152 -0.304
5.098 3.18 -0.304
5.044 3.146 -0.301
5.078 3.167 -0.303
5.075 3.29 -0.312
5.055 3.277 -0.31
5.035 3.263 -0.31
4.944 3.328 -0.313
4.884 3.288 -0.309
4.786 3.345 -0.312
4.76 3.327 -0.31
4.721 3.3 -0.308
4.624 3.353 -0.31
4.611 3.344 -0.309
4.578 3.32 -0.308
4.488 3.376 -0.31
4.443 3.342 -0.307
4.398 3.308 -0.304
4.308 3.36 -0.307
3.702 2.993 -0.271
3.753 3.144 -0.283
3.771 3.159 -0.284
3.783 3.169 -0.286
3.709 3.219 -0.287
3.715 3.224 -0.289
3.273 2.942 -0.261
3.215 2.993 -0.264
2.903 3.002 -0.26
2.829 3.029 -0.261
2.818 3.017 -0.26
2.459 3.032 -0.257
2.398 3.065 -0.258
2.315 3.068 -0.257
2.396 3.418 -0.284
1.997 3.071 -0.252
1.988 3.058 -0.251
1.93 3.085 -0.252
1.937 3.096 -0.253
1.956 3.126 -0.256
1.922 3.197 -0.261
1.947 3.238 -0.265
1.974 3.283 -0.268
1.934 3.348 -0.272
1.95 3.375 -0.275
1.974 3.417 -0.278
1.945 3.507 -0.284
1.966 3.545 -0.287
1.964 3.542 -0.287
1.9 3.572 -0.288
1.896 3.565 -0.288
1.889 3.551 -0.286
1.819 3.569 -0.287
1.814 3.558 -0.286
1.817 3.565 -0.287
1.751 3.589 -0.287
1.744 3.575 -0.286
1.68 3.601 -0.287
1.675 3.59 -0.286
1.668 3.576 -0.285
1.599 3.59 -0.285
1.595 3.583 -0.285
1.595 3.583 -0.285
1.526 3.595 -0.285
1.525 3.591 -0.284
1.523 3.588 -0.284
1.449 3.588 -0.283
1.446 3.581 -0.282
1.446 3.581 -0.282
1.376 3.587 -0.281
1.374 3.579 -0.281
1.374 3.579 -0.281
1.311 3.603 -0.282
1.014 2.946 -0.229
1.013 2.942 -0.229
0.961 2.959 -0.23
0.96 2.956 -0.23
0.961 2.959 -0.23
0.907 2.968 -0.23
0.905 2.96 -0.229
0.9 2.945 -0.228
0.847 2.957 -0.228
0.848 2.96 -0.228
0.846 2.953 -0.228
0.794 2.967 -0.228
0.796 2.975 -0.228
0.793 2.963 -0.228
0.74 2.973 -0.227
0.741 2.977 -0.228
0.739 2.969 -0.227
0.688 2.985 -0.228
0.687 2.981 -0.228
0.684 2.97 -0.227
0.631 2.973 -0.226
0.629 2.966 -0.226
0.578 2.98 -0.226
0.578 2.98 -0.226
0.574 2.961 -0.224
0.522 2.97 -0.224
0.524 2.982 -0.225
0.524 2.978 -0.225
0.471 2.987 -0.225
0.471 2.983 -0.225
0.47 2.979 -0.225
0.417 2.979 -0.224
0.418 2.987 -0.224
0.419 2.995 -0.225
0.365 2.986 -0.223
0.365 2.99 -0.223
0.365 2.99 -0.223
0.312 2.991 -0.223
0.314 3.003 -0.224
0.314 3.003 -0.224
0.261 3.012 -0.224
0.261 3.012 -0.224
0.261 3.008 -0.224
0.208 3.005 -0.223
0.208 3.013 -0.223
0.155 3.012 -0.222
0.155 3.016 -0.222
0.155 3.016 -0.222
0.103 3.014 -0.221
0.103 3.026 -0.222
0.103 3.022 -0.222
0.05 3.027 -0.222
0.05 3.031 -0.223
0.05 3.031 -0.223
-0.004 3.698 -0.27
-0.004 3.714 -0.271
-0.069 3.706 -0.27
-0.069 3.702 -0.27
-0.069 3.706 -0.27
-0.134 3.708 -0.269
-0.134 3.716 -0.27
-0.134 3.716 -0.27
-0.199 3.713 -0.268
-0.2 3.725 -0.269
-0.2 3.725 -0.269
-0.265 3.717 -0.268
-0.265 3.729 -0.269
-0.265 3.729 -0.269
-0.331 3.724 -0.267
-0.331 3.732 -0.268
-0.331 3.728 -0.267
-0.397 3.725 -0.266
-0.397 3.729 -0.267
-0.397 3.729 -0.267
-0.463 3.73 -0.266
-0.464 3.734 -0.266
-0.464 3.734 -0.266
-0.528 3.721 -0.265
-0.53 3.729 -0.266
-0.597 3.731 -0.265
-0.597 3.731 -0.265
-0.597 3.735 -0.265
-0.662 3.724 -0.263
-0.663 3.728 -0.263
-0.664 3.732 -0.264
-0.729 3.72 -0.262
-0.729 3.72 -0.262
-0.731 3.732 -0.263
-0.799 3.73 -0.262
-0.8 3.734 -0.262
-0.803 3.75 -0.263
-0.867 3.728 -0.26
-0.865 3.72 -0.26
-0.871 3.747 -0.262
-0.941 3.747 -0.261
-0.94 3.743 -0.261
-0.936 3.728 -0.259
-1.005 3.726 -0.258
-1.006 3.73 -0.259
-1.009 3.742 -0.259
-1.081 3.747 -0.259
-1.086 3.762 -0.26
-1.089 3.773 -0.261
-1.156 3.758 -0.259
-1.162 3.777 -0.26
-1.166 3.792 -0.261
-1.236 3.783 -0.259
-1.239 3.79 -0.26
-1.302 3.761 -0.257
-1.304 3.764 -0.257
-1.31 3.783 -0.259
-1.379 3.768 -0.256
-1.39 3.798 -0.258
-1.391 3.801 -0.258
-1.458 3.777 -0.255
-1.462 3.788 -0.256
-1.463 3.791 -0.256
-1.538 3.788 -0.255
-1.544 3.802 -0.256
-1.547 3.81 -0.256
-1.617 3.79 -0.254
-1.623 3.804 -0.255
-1.626 3.812 -0.256
-1.693 3.783 -0.252
-1.699 3.798 -0.254
-1.706 3.812 -0.255
-1.782 3.804 -0.253
-1.793 3.825 -0.255
-1.796 3.833 -0.255
-1.87 3.815 -0.253
-1.877 3.829 -0.253
-1.88 3.837 -0.253
-1.951 3.81 -0.25
-1.958 3.825 -0.252
-1.965 3.839 -0.253
-2.032 3.804 -0.249
-2.047 3.832 -0.251
-2.058 3.854 -0.253
-2.137 3.838 -0.251
-2.145 3.852 -0.252
-2.224 3.835 -0.249
-2.232 3.849 -0.249
-2.228 3.842 -0.25
-2.303 3.816 -0.246
-2.32 3.844 -0.248
-2.324 3.85 -0.248
-2.403 3.83 -0.246
-2.416 3.85 -0.247
-2.42 3.857 -0.248
-2.505 3.841 -0.246
-2.527 3.874 -0.247
-2.544 3.901 -0.249
-2.625 3.876 -0.246
-2.639 3.896 -0.248
-2.648 3.909 -0.249
-2.725 3.876 -0.245
-2.739 3.895 -0.246
-2.743 3.902 -0.246
-2.811 3.854 -0.242
-2.825 3.873 -0.243
-2.844 3.899 -0.245
-2.926 3.868 -0.242
-2.95 3.9 -0.243
-2.965 3.919 -0.244
-3.043 3.879 -0.241
-3.068 3.911 -0.243
-3.092 3.942 -0.244
-3.186 3.919 -0.241
-3.206 3.944 -0.243
-3.295 3.912 -0.239
-3.316 3.936 -0.241
-2.827 3.24 -0.197
-2.811 3.222 -0.195
-2.806 3.216 -0.195
-2.856 3.16 -0.191
-2.851 3.154 -0.191
-2.845 3.148 -0.19
-2.889 3.087 -0.185
-2.895 3.093 -0.185
-2.906 3.104 -0.186
-2.982 3.076 -0.183
-3.015 3.111 -0.184
-3.742 3.729 -0.22
-3.72 3.707 -0.218
-3.703 3.69 -0.218
-3.749 3.608 -0.211
-3.744 3.603 -0.21
-3.744 3.603 -0.21
-3.8 3.532 -0.204
-3.783 3.515 -0.204
-3.759 3.493 -0.202
-3.796 3.406 -0.195
-3.737 3.353 -0.192
-3.692 3.198 -0.182
-3.644 3.156 -0.18
-3.632 3.146 -0.179
-3.662 3.062 -0.172
-3.662 3.062 -0.172
-3.668 3.067 -0.172
-3.671 2.962 -0.165
-3.628 2.927 -0.163
-3.628 2.927 -0.163
-3.672 2.859 -0.157
-3.666 2.854 -0.157
-3.672 2.859 -0.157
-3.747 2.814 -0.153
-3.637 2.732 -0.149
-3.685 2.668 -0.143
-3.659 2.65 -0.142
-3.639 2.636 -0.142
-3.698 2.581 -0.137
-3.672 2.563 -0.135
-3.676 2.472 -0.129
-3.703 2.49 -0.13
-3.703 2.49 -0.13
-3.712 2.403 -0.124
-3.699 2.394 -0.123
-3.719 2.407 -0.123
-3.774 2.351 -0.119
-3.72 2.317 -0.116
-3.679 2.292 -0.115
-3.719 2.227 -0.11
-3.698 2.215 -0.11
-3.671 2.198 -0.109
-3.681 2.118 -0.103
-3.667 2.11 -0.102
-3.674 2.114 -0.103
-3.71 2.05 -0.098
-3.724 2.058 -0.097
-3.745 2.069 -0.098
-3.795 2.011 -0.093
-3.795 2.011 -0.093
-3.725 1.974 -0.091
-3.709 1.884 -0.086
-3.709 1.884 -0.086
-3.701 1.88 -0.085
-3.718 1.808 -0.079
-3.718 1.808 -0.079
-3.786 1.76 -0.075
-3.807 1.77 -0.075
-3.807 1.77 -0.075
-3.823 1.697 -0.07
-3.779 1.678 -0.07
-3.736 1.658 -0.068
-3.757 1.59 -0.063
-3.779 1.599 -0.064
-3.706 1.493 -0.057
-3.702 1.491 -0.057
-3.721 1.499 -0.057
-3.754 1.437 -0.052
-3.732 1.428 -0.051
-3.743 1.433 -0.052
-3.775 1.37 -0.047
-3.82 1.386 -0.047
-3.723 1.278 -0.04
-3.734 1.282 -0.041
-3.782 1.225 -0.037
-3.805 1.233 -0.036
-3.775 1.223 -0.036
-3.773 1.15 -0.031
-3.815 1.163 -0.031
-3.872 1.18 -0.031
-3.919 1.121 -0.027
-3.781 1.081 -0.026
-3.784 1.011 -0.021
-3.78 1.01 -0.021
-3.772 1.008 -0.021
-3.774 0.938 -0.016
-3.754 0.933 -0.015
-3.805 0.946 -0.015
-3.832 0.882 -0.01
-3.785 0.871 -0.011
-3.797 0.874 -0.01
-3.834 0.813 -0.005
-3.901 0.827 -0.005
-3.936 0.834 -0.005
-3.919 0.76 -0.001
-3.848 0.746 -0.001
-3.777 0.732 -0.001
-3.793 0.667 0.005
-3.786 0.666 0.005
-3.793 0.599 0.01
-3.816 0.603 0.01
-3.856 0.609 0.01
-3.899 0.616 0.01
-3.866 0.542 0.015
-3.822 0.536 0.015
-3.831 0.469 0.02
-3.823 0.468 0.02
-3.807 0.466 0.02
-3.799 0.398 0.025
-4.034 0.423 0.026
-4.045 0.353 0.031
-4.045 0.353 0.031
-4.038 0.282 0.036
-3.835 0.267 0.034
-3.89 0.271 0.035
-3.911 0.204 0.04
-3.847 0.201 0.039
-3.859 0.202 0.04
-3.862 0.134 0.045
-3.838 0.134 0.044
-3.862 0.134 0.045
-3.851 0.067 0.049
-3.827 0.067 0.049
-3.832 0.0 0.006
-4.028 0.0 0.006
-4.028 0.0 0.006
-4.027 -0.07 0.006
-4.031 -0.07 0.006
-4.031 -0.07 0.006
-4.03 -0.141 0.006
-4.03 -0.141 0.006
-4.03 -0.141 0.006
-4.03 -0.211 0.006
-4.026 -0.211 0.006
-4.03 -0.211 0.006
-4.026 -0.282 0.006
-4.026 -0.282 0.006
-4.034 -0.282 0.006
-4.033 -0.353 0.007
-4.033 -0.353 0.007
-4.033 -0.353 0.007
-4.03 -0.424 0.007
-4.034 -0.424 0.007
-4.042 -0.425 0.007
-4.038 -0.496 0.007
-4.038 -0.496 0.007
-4.028 -0.566 0.007
-4.036 -0.567 0.007
-4.044 -0.568 0.007
-4.03 -0.638 0.007
-4.042 -0.64 0.007
-4.053 -0.642 0.007
-4.042 -0.713 0.007
-4.05 -0.714 0.007
-4.065 -0.717 0.007
-4.068 -0.791 0.007
-4.076 -0.792 0.007
-4.076 -0.792 0.007
-4.077 -0.867 0.008
-4.077 -0.867 0.008
-4.077 -0.867 0.008
-3.917 -0.904 0.008
-3.862 -0.892 0.008
-3.788 -0.944 0.008
-3.745 -0.934 0.008
-3.687 -0.919 0.008
-3.601 -0.965 0.008
-3.531 -0.946 0.008
-3.437 -0.986 0.007
-3.414 -0.979 0.007
-3.251 -0.994 0.007
-3.217 -0.984 0.007
-3.179 -0.972 0.007
-3.009 -0.978 0.007
-2.882 -0.992 0.007
-2.874 -0.99 0.007
-2.829 -0.974 0.006
-2.778 -1.011 0.006
-2.763 -1.006 0.006
-2.756 -1.058 0.006
-2.763 -1.061 0.006
-2.767 -1.062 0.006
-2.759 -1.115 0.006
-2.77 -1.119 0.006
-2.778 -1.122 0.006
-2.765 -1.174 0.006
-2.773 -1.177 0.006
-2.784 -1.182 0.006
-2.766 -1.232 0.006
-2.774 -1.235 0.006
-2.784 -1.24 0.006
-2.773 -1.293 0.006
-2.777 -1.295 0.006
-2.784 -1.298 0.006
-2.768 -1.35 0.006
-2.747 -1.34 0.006
-2.707 -1.32 0.006
-2.652 -1.351 0.006
-2.623 -1.337 0.006
-2.578 -1.371 0.006
-1.897 -1.008 0.005
-1.868 -1.036 0.005
-2.363 -1.364 0.006
-2.345 -1.354 0.006
-2.301 -1.382 0.006
-2.28 -1.37 0.006
-2.256 -1.356 0.006
-2.212 -1.382 0.005
-2.198 -1.374 0.005
-2.181 -1.363 0.005
-1.919 -1.246 0.005
-1.638 -1.105 0.005
-1.637 -1.104 0.005
-1.579 -1.147 0.004
-1.538 -1.159 0.004
-1.517 -1.143 0.004
-1.458 -1.181 0.004
-1.296 -1.05 0.004
-1.272 -1.067 0.004
-1.266 -1.062 0.004
-1.262 -1.059 0.004
-1.247 -1.084 0.004
-1.254 -1.09 0.004
-1.241 -1.117 0.004
-1.556 -1.451 0.005
-1.511 -1.459 0.005
-1.471 -1.471 0.005
-1.278 -1.278 0.004
-1.283 -1.283 0.004
-1.267 -1.312 0.004
-1.378 -1.427 0.004
-1.349 -1.447 0.005
-1.344 -1.441 0.005
-1.313 -1.458 0.005
-1.305 -1.449 0.005
-1.294 -1.437 0.005
-1.262 -1.452 0.005
-1.258 -1.448 0.005
-1.252 -1.44 0.005
-1.223 -1.457 0.005
-1.216 -1.449 0.005
-1.208 -1.44 0.005
-1.176 -1.452 0.005
-1.171 -1.445 0.005
-1.169 -1.444 0.005
-1.139 -1.458 0.005
-1.134 -1.452 0.005
-1.129 -1.445 0.005
-1.099 -1.458 0.005
-1.094 -1.452 0.005
-1.09 -1.447 0.005
-1.063 -1.463 0.005
-1.057 -1.455 0.005
-1.023 -1.461 0.005
-1.02 -1.456 0.005
-1.019 -1.455 0.005
-0.989 -1.466 0.005
-0.985 -1.461 0.005
-0.983 -1.457 0.005
-0.953 -1.468 0.004
-0.948 -1.459 0.004
-0.944 -1.454 0.004
-0.917 -1.467 0.004
-0.915 -1.464 0.004
-0.913 -1.46 0.004
-0.885 -1.473 0.004
-0.883 -1.469 0.004
-0.88 -1.464 0.004
-0.849 -1.471 0.004
-0.845 -1.464 0.004
-0.816 -1.473 0.004
-0.814 -1.469 0.004
-0.814 -1.468 0.004
-0.787 -1.48 0.004
-0.788 -1.482 0.004
-0.784 -1.475 0.004
-0.754 -1.479 0.004
-0.751 -1.474 0.004
-0.746 -1.465 0.004
-0.72 -1.476 0.004
-0.721 -1.478 0.004
-0.719 -1.474 0.004
-0.691 -1.483 0.004
-0.689 -1.477 0.004
-0.687 -1.474 0.004
-0.661 -1.484 0.004
-0.66 -1.482 0.004
-0.657 -1.476 0.004
-0.631 -1.486 0.004
-0.63 -1.484 0.004
-0.602 -1.491 0.004
-0.602 -1.489 0.004
-0.6 -1.485 0.004
-0.573 -1.494 0.004
-0.572 -1.49 0.004
-0.571 -1.488 0.004
-0.544 -1.496 0.004
-0.542 -1.49 0.004
-0.542 -1.488 0.004
-0.515 -1.496 0.004
-0.514 -1.492 0.004
-0.513 -1.49 0.004
-0.486 -1.497 0.004
-0.486 -1.497 0.004
-0.486 -1.497 0.004
-0.461 -1.507 0.004
-0.459 -1.501 0.004
-0.458 -1.498 0.004
-0.432 -1.505 0.004
-0.431 -1.503 0.004
-0.431 -1.503 0.004
-0.404 -1.509 0.004
-0.403 -1.505 0.004
-0.402 -1.501 0.004
-0.374 -1.502 0.004
-0.374 -1.502 0.004
-0.348 -1.508 0.004
-0.348 -1.508 0.004
-0.348 -1.506 0.004
-0.321 -1.512 0.004
-0.339 -1.594 0.004
-0.379 -2.147 0.005
-0.442 -3.597 0.007
-0.683 -7.81 0.015
-0.687 -7.85 0.015
-0.688 -7.866 0.015
-0.551 -7.877 0.015
-0.551 -7.885 0.015
-0.551 -7.885 0.015
-0.413 -7.885 0.015
-0.415 -7.917 0.015
-0.415 -7.925 0.015
-0.276 -7.915 0.014
-0.277 -7.923 0.014
-0.276 -7.907 0.014
-0.138 -7.887 0.014
-0.138 -7.895 0.014
-0.139 -7.943 0.014
0.0 -7.96 0.014
0.0 -7.936 0.014
0.0 -7.912 0.014
0.138 -7.887 0.014
0.13 -7.471 0.013
0.254 -7.268 0.013
0.374 -5.347 0.008
0.449 -4.272 0.006
0.45 -4.28 0.006
0.451 -4.288 0.006
0.526 -4.28 0.006
0.526 -4.28 0.006
0.526 -4.28 0.006
0.523 -3.303 0.005
0.509 -3.216 0.005
0.496 -3.129 0.004
0.536 -3.041 0.004
0.524 -2.974 0.004
0.511 -2.899 0.004
0.547 -2.815 0.004
0.534 -2.749 0.004
0.522 -2.686 0.004
0.558 -2.625 0.004
0.546 -2.571 0.003
0.579 -2.506 0.003
0.567 -2.455 0.003
0.555 -2.405 0.003
0.586 -2.352 0.003
0.574 -2.302 0.003
0.562 -2.255 0.003
0.591 -2.206 0.003
0.579 -2.16 0.003
0.566 -2.113 0.003
0.592 -2.065 0.003
0.589 -2.053 0.003
0.591 -2.061 0.003
0.628 -2.054 0.003
0.628 -2.054 0.003
0.629 -2.058 0.003
0.666 -2.05 0.003
0.67 -2.062 0.003
0.708 -2.057 0.003
0.712 -2.069 0.003
0.721 -2.095 0.003
0.729 -2.118 0.003
0.769 -2.112 0.003
0.77 -2.116 0.003
0.808 -2.106 0.003
0.813 -2.117 0.003
0.813 -2.117 0.003
0.853 -2.11 0.003
0.854 -2.114 0.003
0.853 -2.11 0.003
0.891 -2.099 0.003
0.897 -2.113 0.003
0.902 -2.125 0.003
0.945 -2.123 0.003
0.95 -2.134 0.003
0.953 -2.141 0.003
0.992 -2.128 0.002
0.994 -2.132 0.002
0.996 -2.135 0.002
1.036 -2.125 0.002
1.038 -2.128 0.002
1.04 -2.132 0.002
1.082 -2.124 0.002
1.091 -2.142 0.002
1.097 -2.153 0.002
1.136 -2.137 0.002
1.14 -2.144 0.002
1.147 -2.158 0.002
1.187 -2.141 0.002
1.191 -2.148 0.002
1.222 -2.117 0.002
0.652 -1.085 0.001
0.649 -1.08 0.001
0.643 -1.07 0.001
0.655 -1.048 0.001
0.65 -1.04 0.001
0.645 -1.033 0.001
0.658 -1.013 0.001
0.652 -1.005 0.001
0.665 -0.987 0.001
0.659 -0.977 0.001
0.654 -0.97 0.001
0.665 -0.95 0.001
0.661 -0.944 0.001
0.656 -0.937 0.001
0.668 -0.919 0.001
0.662 -0.911 0.001
0.657 -0.904 0.001
0.668 -0.886 0.001
0.663 -0.88 0.001
0.66 -0.875 0.001
0.67 -0.857 -0.0
0.666 -0.853 -0.0
0.661 -0.846 -0.0
0.671 -0.828 -0.0
0.667 -0.824 -0.0
0.677 -0.807 -0.0
0.672 -0.801 -0.0
0.668 -0.797 -0.0
0.678 -0.78 -0.0
0.674 -0.776 -0.0
0.67 -0.771 -0.0
0.68 -0.755 -0.0
0.676 -0.751 -0.0
0.672 -0.746 -0.0
0.681 -0.73 -0.0
0.677 -0.726 -0.0
0.674 -0.723 -0.0
0.682 -0.706 -0.0
0.678 -0.702 -0.0
0.689 -0.689 -0.0
0.684 -0.684 -0.0
0.68 -0.68 -0.0
0.689 -0.665 -0.0
0.686 -0.663 -0.0
0.682 -0.659 -0.0
0.69 -0.644 -0.0
0.687 -0.641 -0.0
0.683 -0.637 -0.0
0.691 -0.622 -0.0
0.69 -0.621 -0.0
0.687 -0.618 -0.0
0.694 -0.604 -0.0
0.691 -0.601 -0.0
0.687 -0.597 -0.0
0.696 -0.584 -0.0
0.693 -0.581 -0.0
0.689 -0.579 -0.0
0.696 -0.564 -0.0
0.695 -0.563 -0.0
0.7 -0.547 -0.0
0.697 -0.544 -0.0
0.695 -0.543 -0.0
0.701 -0.528 -0.0
0.698 -0.526 -0.0
0.696 -0.525 -0.0
0.702 -0.51 -0.0
0.699 -0.508 -0.0
0.697 -0.507 -0.0
0.703 -0.492 -0.0
0.701 -0.491 -0.0
0.698 -0.489 -0.0
0.705 -0.475 -0.0
0.701 -0.473 -0.0
0.7 -0.472 -0.0
0.706 -0.459 -0.0
0.704 -0.457 -0.0
0.709 -0.443 -0.0
0.706 -0.441 -0.0
0.706 -0.441 -0.0
0.711 -0.427 -0.0
0.71 -0.426 -0.0
0.706 -0.424 -0.0
0.712 -0.411 -0.0
0.71 -0.41 -0.0
0.707 -0.408 -0.0
0.712 -0.395 -0.0
0.712 -0.395 -0.0
0.708 -0.393 -0.0
0.715 -0.38 -0.0
0.712 -0.378 -0.0
0.71 -0.377 -0.0
0.715 -0.364 -0.0
0.713 -0.363 -0.0
0.711 -0.362 -0.0
0.715 -0.349 -0.0
0.715 -0.349 -0.0
0.714 -0.348 -0.0
0.718 -0.335 -0.0
0.716 -0.334 -0.0
0.72 -0.321 -0.0
0.718 -0.32 -0.0
0.716 -0.319 -0.0
0.722 -0.306 -0.0
0.722 -0.306 -0.0
0.72 -0.306 -0.0
0.727 -0.294 -0.0
0.731 -0.295 -0.0
0.726 -0.025 -0.001
0.726 -0.013 -0.001
0.724 -0.013 -0.001
0.72 -0.013 -0.001
0.716 0.0 -0.001
0.716 0.0 -0.001
0.794 0.243 -0.001
0.786 0.255 -0.001
0.78 0.253 -0.001
0.772 0.266 -0.001
0.77 0.265 -0.001
0.766 0.264 -0.001
0.759 0.276 -0.001
0.759 0.276 -0.001
0.759 0.276 -0.001
0.756 0.29 -0.002
0.758 0.291 -0.002
0.762 0.292 -0.002
0.758 0.306 -0.002
0.76 0.307 -0.002
0.762 0.308 -0.002
0.758 0.322 -0.002
0.762 0.324 -0.002
0.764 0.324 -0.002
0.762 0.339 -0.002
0.762 0.339 -0.002
0.764 0.34 -0.002
0.761 0.355 -0.002
0.763 0.356 -0.002
0.765 0.357 -0.002
0.762 0.372 -0.002
0.764 0.373 -0.002
0.766 0.373 -0.002
0.761 0.388 -0.002
0.763 0.389 -0.002
0.759 0.404 -0.002
0.761 0.405 -0.002
0.765 0.407 -0.002
0.761 0.422 -0.002
5.259 3.036 -0.013
5.232 3.144 -0.013
5.246 3.152 -0.014
5.266 3.164 -0.014
5.204 3.252 -0.014
5.217 3.26 -0.014
5.052 3.281 -0.014
5.066 3.29 -0.014
5.039 3.272 -0.014
4.954 3.342 -0.014
4.908 3.31 -0.014
4.81 3.368 -0.014
4.764 3.336 -0.013
4.731 3.313 -0.013
4.634 3.367 -0.013
4.615 3.353 -0.013
4.582 3.329 -0.013
4.492 3.385 -0.013
4.453 3.356 -0.013
4.408 3.322 -0.013
4.312 3.369 -0.013
4.249 3.32 -0.013
3.705 3.001 -0.011
3.757 3.152 -0.012
3.725 3.238 -0.012
3.768 3.275 -0.012
3.768 3.275 -0.012
3.323 2.992 -0.01
3.762 3.762 -0.013
3.779 3.779 -0.013
2.918 3.021 -0.01
2.832 3.037 -0.009
2.821 3.025 -0.009
3.356 3.728 -0.012
3.296 3.792 -0.012
2.809 3.469 -0.01
2.462 3.04 -0.009
2.399 3.07 -0.009
2.374 3.039 -0.009
2.845 3.776 -0.011
2.788 3.838 -0.011
4.745 6.53 -0.018
2.404 3.434 -0.01
2.002 3.083 -0.008
1.991 3.066 -0.008
1.933 3.094 -0.008
1.94 3.104 -0.008
1.959 3.134 -0.008
1.926 3.206 -0.009
1.951 3.247 -0.009
1.978 3.292 -0.009
1.938 3.357 -0.009
1.954 3.384 -0.009
1.978 3.426 -0.009
1.949 3.516 -0.009
1.97 3.554 -0.009
1.966 3.547 -0.009
1.902 3.578 -0.009
1.899 3.571 -0.009
1.893 3.56 -0.009
1.823 3.578 -0.009
1.818 3.568 -0.009
1.821 3.575 -0.009
1.755 3.599 -0.009
1.748 3.584 -0.009
1.684 3.611 -0.009
1.682 3.607 -0.009
1.677 3.596 -0.009
1.603 3.599 -0.009
1.599 3.592 -0.009
1.601 3.596 -0.009
1.532 3.608 -0.008
1.53 3.605 -0.008
1.527 3.597 -0.008
1.453 3.597 -0.008
1.452 3.594 -0.008
1.443 3.572 -0.008
1.379 3.592 -0.008
1.383 3.604 -0.008
1.378 3.589 -0.008
1.308 3.593 -0.008
1.021 2.965 -0.007
1.016 2.95 -0.007
0.959 2.952 -0.007
0.963 2.963 -0.007
0.964 2.967 -0.007
0.909 2.972 -0.006
0.906 2.965 -0.006
0.903 2.953 -0.006
0.85 2.965 -0.006
0.85 2.965 -0.006
0.849 2.961 -0.006
0.797 2.975 -0.006
0.795 2.967 -0.006
0.793 2.96 -0.006
0.743 2.981 -0.006
0.743 2.981 -0.006
0.741 2.973 -0.006
0.687 2.978 -0.006
0.687 2.978 -0.006
0.635 2.989 -0.006
0.634 2.981 -0.006
0.633 2.977 -0.006
0.581 2.988 -0.006
0.581 2.988 -0.006
0.578 2.972 -0.006
0.525 2.978 -0.006
0.527 2.986 -0.006
0.527 2.986 -0.006
0.474 2.995 -0.006
0.474 2.991 -0.006
0.473 2.987 -0.006
0.42 2.987 -0.006
0.418 2.975 -0.006
0.419 2.983 -0.006
0.368 2.997 -0.006
0.369 3.001 -0.006
0.369 3.001 -0.006
0.316 3.003 -0.005
0.317 3.011 -0.005
0.317 3.011 -0.005
0.263 3.001 -0.005
0.263 3.001 -0.005
0.264 3.012 -0.005
0.21 3.009 -0.005
0.211 3.017 -0.005
0.158 3.02 -0.005
0.158 3.024 -0.005
0.158 3.024 -0.005
0.106 3.022 -0.005
0.106 3.03 -0.005
0.105 2.994 -0.005
0.052 3.0 -0.005
0.053 3.04 -0.005
0.053 3.04 -0.005
-0.0 3.536 -0.006
-0.0 3.548 -0.006
-0.062 3.539 -0.006
-0.062 3.539 -0.006
-0.062 3.551 -0.006
-0.124 3.55 -0.006
-0.124 3.554 -0.006
-0.124 3.554 -0.006
-0.186 3.555 -0.006
-0.187 3.563 -0.006
-0.187 3.563 -0.006
-0.249 3.559 -0.006
-0.249 3.559 -0.006
-0.248 3.551 -0.006
-0.311 3.55 -0.006
-0.311 3.558 -0.006
-0.312 3.562 -0.006
-0.374 3.56 -0.005
-0.374 3.556 -0.005
-0.375 3.564 -0.005
-0.439 3.577 -0.005
-0.44 3.581 -0.005
-0.439 3.573 -0.005
-0.5 3.561 -0.005
-0.501 3.565 -0.005
-0.503 3.577 -0.005
-0.566 3.571 -0.005
-0.568 3.587 -0.005
-0.631 3.577 -0.005
-0.633 3.593 -0.005
-0.641 3.636 -0.005
-0.713 3.667 -0.005
-0.722 3.714 -0.005
-0.728 3.746 -0.006
-0.795 3.74 -0.006
-0.795 3.74 -0.006
-0.798 3.756 -0.006
-0.863 3.738 -0.006
-0.862 3.734 -0.006
-0.867 3.757 -0.006
-0.931 3.734 -0.006
-0.934 3.745 -0.006
-0.941 3.773 -0.006
-1.008 3.763 -0.005
-1.004 3.748 -0.005
-1.005 3.752 -0.005
-1.085 3.784 -0.005
-1.09 3.803 -0.005
-1.085 3.784 -0.005
-1.153 3.772 -0.005
-1.158 3.787 -0.005
-1.165 3.81 -0.005
-1.237 3.808 -0.005
-1.24 3.816 -0.005
-1.24 3.816 -0.005
-1.307 3.797 -0.005
-1.31 3.805 -0.005
-1.375 3.778 -0.005
-1.375 3.778 -0.005
-1.379 3.789 -0.005
-1.454 3.787 -0.005
-1.458 3.798 -0.005
-1.459 3.802 -0.005
-1.518 3.757 -0.005
-1.524 3.772 -0.005
-1.539 3.809 -0.005
-1.604 3.778 -0.004
-1.616 3.807 -0.004
-1.625 3.829 -0.004
-1.689 3.793 -0.004
-1.695 3.808 -0.004
-1.705 3.83 -0.004
-1.778 3.814 -0.004
-1.775 3.806 -0.004
-1.758 3.77 -0.004
-1.831 3.753 -0.004
-1.862 3.818 -0.004
-1.883 3.861 -0.004
-1.954 3.835 -0.004
-1.954 3.835 -0.004
-1.965 3.856 -0.004
-2.036 3.828 -0.004
-2.043 3.843 -0.004
-2.062 3.878 -0.004
-2.137 3.855 -0.004
-2.137 3.855 -0.004
-2.149 3.876 -0.004
-2.228 3.859 -0.004
-2.228 3.859 -0.004
-2.236 3.873 -0.003
-2.316 3.854 -0.003
-2.332 3.881 -0.003
-2.34 3.895 -0.003
-2.387 3.82 -0.003
-2.387 3.82 -0.003
-2.479 3.818 -0.003
-2.492 3.838 -0.003
-2.514 3.871 -0.003
-2.595 3.847 -0.003
-2.599 3.853 -0.003
-2.613 3.873 -0.003
-2.689 3.84 -0.003
-2.694 3.847 -0.003
-2.707 3.866 -0.003
-2.803 3.857 -0.003
-2.821 3.883 -0.003
-2.845 3.916 -0.003
-2.932 3.891 -0.002
-2.942 3.904 -0.002
-2.951 3.917 -0.002
-3.039 3.89 -0.002
-3.064 3.921 -0.002
-3.088 3.953 -0.002
-3.182 3.929 -0.002
-3.202 3.954 -0.002
-3.217 3.973 -0.002
-3.306 3.941 -0.002
-3.322 3.959 -0.002
-2.839 3.266 -0.002
-2.818 3.242 -0.002
-2.875 3.193 -0.001
-2.859 3.175 -0.002
-2.859 3.175 -0.002
-2.908 3.118 -0.0
-2.903 3.113 -0.0
-2.919 3.13 -0.0
-2.995 3.102 -0.0
-3.684 3.815 -0.001
-3.734 3.734 -0.001
-3.722 3.722 -0.0
-3.717 3.717 -0.0
-3.769 3.64 -0.0
-3.758 3.629 -0.0
-3.746 3.618 -0.0
-3.791 3.535 -0.0
-3.78 3.525 -0.0
-3.762 3.508 -0.0
-3.811 3.431 -0.0
-3.769 3.394 -0.0
-3.635 3.16 -0.0
-3.647 3.17 -0.0
-3.617 3.144 0.001
-3.652 3.065 0.001
-3.689 3.096 0.001
-3.6 2.915 0.001
-3.594 2.91 0.001
-3.675 2.871 0.001
-3.669 2.867 0.001
-3.663 2.862 0.001
-3.744 2.821 0.001
-3.712 2.797 0.001
-3.648 2.749 0.001
-3.676 2.671 0.001
-3.663 2.661 0.001
-3.637 2.643 0.001
-3.683 2.579 0.001
-3.67 2.57 0.002
-3.644 2.551 0.002
-3.701 2.496 0.002
-3.707 2.501 0.002
-3.681 2.483 0.002
-3.69 2.396 0.002
-3.683 2.392 0.002
-3.71 2.409 0.002
-3.725 2.327 0.002
-3.691 2.306 0.002
-3.758 2.258 0.002
-3.73 2.241 0.002
-3.662 2.2 0.002
-3.679 2.124 0.002
-3.672 2.12 0.002
-3.679 2.124 0.002
-3.715 2.059 0.002
-3.715 2.059 0.002
-3.729 2.067 0.002
-3.793 2.017 0.002
-3.814 2.028 0.002
-3.707 1.889 0.003
-3.692 1.881 0.003
-3.692 1.881 0.003
-3.717 1.813 0.003
-3.717 1.813 0.003
-3.732 1.82 0.003
-3.777 1.761 0.003
-3.799 1.772 0.003
-3.806 1.775 0.003
-3.815 1.699 0.003
-3.764 1.676 0.003
-3.756 1.594 0.003
-3.778 1.604 0.003
-3.752 1.593 0.003
-3.731 1.507 0.003
-3.724 1.504 0.003
-3.716 1.501 0.003
-3.757 1.442 0.003
-3.764 1.445 0.003
-3.76 1.444 0.003
-3.774 1.374 0.004
-3.796 1.382 0.004
-3.785 1.378 0.004
-3.748 1.291 0.004
-3.737 1.287 0.004
-3.762 1.222 0.004
-3.755 1.22 0.004
-3.821 1.168 0.004
-3.86 1.18 0.004
-3.886 1.188 0.004
-3.891 1.116 0.004
-3.799 1.089 0.004
-3.763 1.008 0.004
-3.779 1.012 0.004
-3.775 1.011 0.004
-3.788 0.944 0.004
-3.792 0.945 0.004
-3.788 0.944 0.004
-3.816 0.881 0.004
-3.804 0.878 0.004
-3.784 0.874 0.004
-3.842 0.817 0.005
-3.885 0.826 0.005
-3.909 0.831 0.005
-3.927 0.763 0.005
-3.899 0.758 0.005
-3.786 0.668 0.005
-3.79 0.668 0.005
-3.782 0.667 0.005
-3.816 0.604 0.005
-3.828 0.606 0.005
-3.91 0.549 0.005
-3.866 0.543 0.005
-3.822 0.537 0.005
-3.827 0.47 0.005
-3.811 0.468 0.005
-3.811 0.468 0.005
-3.827 0.402 0.005
-4.038 0.424 0.005
-4.025 0.352 0.005
-4.025 0.352 0.005
-4.037 0.353 0.005
-3.835 0.268 0.006
-3.89 0.272 0.006
-3.895 0.204 0.006
-3.831 0.201 0.006
-3.871 0.203 0.006
-3.87 0.135 0.006
-3.858 0.135 0.006
-3.866 0.135 0.006
-3.843 0.067 0.006
-3.98 0.0 0.052
-4.028 0.0 0.053
-4.027 -0.07 0.052
-4.027 -0.07 0.052
-4.031 -0.07 0.052
-4.03 -0.141 0.051
-4.03 -0.141 0.051
-4.03 -0.141 0.051
-4.03 -0.211 0.051
-4.03 -0.211 0.051
-4.03 -0.211 0.051
-4.034 -0.282 0.05
-4.034 -0.282 0.05
-4.038 -0.282 0.05
-4.037 -0.353 0.049
-4.029 -0.352 0.049
-4.033 -0.353 0.049
-4.034 -0.424 0.048
-4.034 -0.424 0.048
-4.042 -0.425 0.048
-4.034 -0.495 0.048
-4.03 -0.495 0.048
-4.038 -0.496 0.048
-4.036 -0.567 0.047
-4.04 -0.568 0.047
-4.04 -0.568 0.047
-4.042 -0.64 0.046
-4.053 -0.642 0.046
-4.053 -0.642 0.046
-4.057 -0.715 0.045
-4.065 -0.717 0.045
-4.068 -0.791 0.044
-4.076 -0.792 0.044
-4.076 -0.792 0.044
-4.069 -0.865 0.043
-4.069 -0.865 0.043
-4.077 -0.867 0.043
-4.034 -0.931 0.043
-3.972 -0.917 0.042
-3.944 -0.911 0.042
-3.811 -0.95 0.04
-3.643 -0.976 0.037
-3.578 -0.959 0.036
-3.504 -0.939 0.036
-3.395 -0.973 0.033
-3.345 -0.959 0.033
-3.294 -1.007 0.032
-3.236 -0.989 0.031
-3.209 -0.981 0.031
-3.135 -1.018 0.03
-3.062 -0.995 0.029
-2.99 -0.971 0.028
-2.916 -1.004 0.027
-2.886 -0.994 0.027
-2.844 -0.979 0.026
-2.778 -1.011 0.025
-2.763 -1.005 0.025
-2.774 -1.01 0.025
-2.778 -1.066 0.024
-2.782 -1.068 0.024
-2.775 -1.065 0.024
-2.767 -1.118 0.024
-2.774 -1.121 0.024
-2.762 -1.172 0.023
-2.769 -1.175 0.023
-2.784 -1.181 0.023
-2.766 -1.232 0.022
-2.774 -1.235 0.022
-2.788 -1.241 0.022
-2.773 -1.293 0.022
-2.781 -1.297 0.022
-2.784 -1.298 0.022
-2.768 -1.35 0.021
-2.754 -1.343 0.021
-2.732 -1.333 0.021
-2.684 -1.367 0.02
-2.648 -1.349 0.02
-2.609 -1.329 0.019
-2.568 -1.365 0.019
-1.868 -1.035 0.013
-1.861 -1.032 0.013
-1.864 -1.076 0.012
-2.314 -1.391 0.015
-2.297 -1.38 0.015
-2.27 -1.364 0.015
-2.229 -1.393 0.014
-2.215 -1.384 0.014
-1.795 -1.165 0.01
-1.795 -1.165 0.01
-1.548 -1.166 0.007
-1.803 -1.409 0.009
-1.475 -1.152 0.006
-1.278 -1.072 0.005
-1.273 -1.068 0.005
-1.266 -1.062 0.005
-1.245 -1.082 0.004
-1.253 -1.089 0.004
-1.26 -1.096 0.004
-1.247 -1.123 0.004
-1.575 -1.418 0.005
-1.553 -1.448 0.004
-1.553 -1.448 0.004
-1.505 -1.453 0.004
-1.485 -1.434 0.003
-1.488 -1.436 0.003
-1.457 -1.457 0.003
-1.284 -1.284 0.003
-1.267 -1.312 0.003
-1.275 -1.321 0.002
-1.353 -1.451 0.002
-1.345 -1.442 0.002
-1.341 -1.438 0.002
-1.31 -1.455 0.001
-1.302 -1.446 0.001
-1.293 -1.436 0.001
-1.261 -1.45 0.001
-1.257 -1.446 0.0
-1.252 -1.44 0.0
-1.221 -1.455 -0.0
-1.215 -1.448 -0.0
-1.181 -1.458 -0.001
-1.176 -1.452 -0.001
-1.172 -1.447 -0.001
-1.145 -1.466 -0.001
-1.138 -1.456 -0.001
-1.132 -1.448 -0.001
-1.103 -1.463 -0.002
-1.097 -1.455 -0.002
-1.094 -1.452 -0.002
-1.065 -1.466 -0.002
-1.059 -1.458 -0.002
-1.054 -1.451 -0.002
-1.026 -1.465 -0.003
-1.021 -1.458 -0.003
-1.018 -1.453 -0.003
-0.989 -1.466 -0.003
-0.984 -1.459 -0.003
-0.954 -1.469 -0.004
-0.951 -1.464 -0.004
-0.949 -1.461 -0.004
-0.92 -1.472 -0.004
-0.915 -1.464 -0.004
-0.914 -1.462 -0.004
-0.887 -1.476 -0.004
-0.883 -1.469 -0.004
-0.881 -1.466 -0.004
-0.852 -1.476 -0.005
-0.846 -1.465 -0.005
-0.844 -1.462 -0.005
-0.818 -1.476 -0.005
-0.815 -1.471 -0.005
-0.814 -1.468 -0.005
-0.787 -1.48 -0.006
-0.785 -1.476 -0.006
-0.781 -1.469 -0.006
-0.753 -1.477 -0.006
-0.75 -1.472 -0.006
-0.748 -1.468 -0.006
-0.722 -1.479 -0.007
-0.72 -1.476 -0.007
-0.693 -1.486 -0.007
-0.691 -1.483 -0.007
-0.691 -1.481 -0.007
-0.663 -1.489 -0.007
-0.662 -1.487 -0.007
-0.661 -1.485 -0.007
-0.632 -1.489 -0.008
-0.631 -1.486 -0.008
-0.629 -1.482 -0.008
-0.602 -1.489 -0.008
-0.601 -1.487 -0.008
-0.601 -1.487 -0.008
-0.573 -1.492 -0.008
-0.572 -1.49 -0.009
-0.571 -1.486 -0.009
-0.543 -1.492 -0.009
-0.544 -1.494 -0.009
-0.542 -1.49 -0.009
-0.516 -1.498 -0.009
-0.515 -1.496 -0.009
-0.487 -1.499 -0.01
-0.487 -1.499 -0.01
-0.486 -1.497 -0.01
-0.459 -1.501 -0.011
-0.458 -1.499 -0.01
-0.458 -1.499 -0.01
-0.432 -1.507 -0.011
-0.432 -1.505 -0.011
-0.431 -1.503 -0.011
-0.404 -1.509 -0.012
-0.404 -1.507 -0.012
-0.403 -1.503 -0.012
-0.376 -1.508 -0.012
-0.376 -1.508 -0.012
-0.375 -1.504 -0.012
-0.349 -1.51 -0.012
-0.348 -1.508 -0.012
-0.348 -1.506 -0.012
-0.326 -1.536 -0.013
-0.367 -2.08 -0.018
-0.443 -3.609 -0.034
-0.826 -7.852 -0.075
-0.688 -7.858 -0.077
-0.687 -7.842 -0.077
-0.69 -7.873 -0.078
-0.554 -7.908 -0.08
-0.552 -7.884 -0.08
-0.552 -7.884 -0.08
-0.416 -7.925 -0.082
-0.416 -7.925 -0.082
-0.414 -7.885 -0.082
-0.276 -7.883 -0.083
-0.277 -7.891 -0.083
-0.139 -7.902 -0.085
-0.139 -7.902 -0.085
-0.139 -7.91 -0.085
-0.001 -7.952 -0.087
-0.001 -7.928 -0.087
-0.001 -7.904 -0.087
0.137 -7.918 -0.089
0.137 -7.918 -0.089
0.256 -7.371 -0.084
0.379 -5.434 -0.065
0.449 -4.28 -0.053
0.448 -4.272 -0.053
0.449 -4.28 -0.053
0.525 -4.288 -0.054
0.525 -4.288 -0.054
0.526 -4.295 -0.054
0.511 -3.232 -0.043
0.486 -3.07 -0.04
0.527 -2.99 -0.04
0.513 -2.911 -0.039
0.551 -2.835 -0.038
0.538 -2.768 -0.037
0.527 -2.709 -0.037
0.561 -2.637 -0.036
0.548 -2.578 -0.035
0.537 -2.527 -0.035
0.57 -2.467 -0.034
0.559 -2.42 -0.034
0.547 -2.37 -0.033
0.576 -2.309 -0.033
0.564 -2.263 -0.032
0.55 -2.204 -0.031
0.578 -2.156 -0.032
0.57 -2.129 -0.03
0.595 -2.076 -0.031
0.59 -2.057 -0.031
0.591 -2.061 -0.031
0.628 -2.054 -0.031
0.628 -2.054 -0.031
0.629 -2.058 -0.031
0.666 -2.05 -0.032
0.667 -2.054 -0.032
0.671 -2.066 -0.032
0.711 -2.065 -0.032
0.721 -2.095 -0.032
0.733 -2.129 -0.033
0.772 -2.12 -0.033
0.773 -2.124 -0.033
0.776 -2.131 -0.033
0.816 -2.125 -0.034
0.816 -2.125 -0.034
0.817 -2.128 -0.034
0.859 -2.125 -0.034
0.863 -2.136 -0.034
0.865 -2.14 -0.035
0.906 -2.135 -0.035
0.914 -2.154 -0.036
0.914 -2.154 -0.036
0.953 -2.141 -0.036
0.957 -2.149 -0.037
0.997 -2.139 -0.037
0.999 -2.142 -0.037
1.001 -2.146 -0.037
1.042 -2.135 -0.037
1.045 -2.143 -0.038
1.05 -2.153 -0.038
1.091 -2.142 -0.038
1.144 -2.151 -0.039
1.144 -2.151 -0.039
1.147 -2.158 -0.039
1.187 -2.141 -0.04
1.191 -2.148 -0.04
1.183 -2.134 -0.038
0.653 -1.087 -0.021
0.649 -1.08 -0.02
0.643 -1.07 -0.02
0.657 -1.052 -0.021
0.652 -1.043 -0.02
0.645 -1.033 -0.019
0.658 -1.013 -0.02
0.652 -1.005 -0.02
0.648 -0.998 -0.019
0.661 -0.98 -0.02
0.655 -0.972 -0.02
0.65 -0.963 -0.02
0.662 -0.945 -0.019
0.657 -0.939 -0.019
0.668 -0.919 -0.019
0.662 -0.911 -0.019
0.657 -0.904 -0.019
0.669 -0.888 -0.019
0.664 -0.882 -0.019
0.66 -0.875 -0.019
0.67 -0.857 -0.018
0.667 -0.854 -0.018
0.662 -0.848 -0.018
0.672 -0.83 -0.018
0.667 -0.824 -0.018
0.663 -0.819 -0.018
0.674 -0.803 -0.018
0.668 -0.797 -0.018
0.678 -0.78 -0.018
0.674 -0.776 -0.018
0.67 -0.771 -0.017
0.68 -0.755 -0.017
0.676 -0.751 -0.017
0.673 -0.748 -0.017
0.682 -0.731 -0.017
0.678 -0.727 -0.017
0.674 -0.723 -0.017
0.682 -0.706 -0.017
0.679 -0.703 -0.017
0.675 -0.699 -0.017
0.684 -0.684 -0.017
0.68 -0.68 -0.016
0.677 -0.677 -0.016
0.686 -0.663 -0.016
0.683 -0.66 -0.016
0.692 -0.645 -0.016
0.687 -0.641 -0.016
0.685 -0.638 -0.016
0.693 -0.624 -0.016
0.69 -0.621 -0.016
0.687 -0.618 -0.016
0.694 -0.604 -0.016
0.691 -0.601 -0.016
0.687 -0.597 -0.016
0.696 -0.584 -0.015
0.693 -0.581 -0.015
0.689 -0.578 -0.015
0.696 -0.564 -0.015
0.693 -0.561 -0.015
0.701 -0.548 -0.015
0.704 -0.531 -0.015
0.698 -0.526 -0.015
0.701 -0.455 -0.014
0.707 -0.442 -0.014
0.706 -0.441 -0.014
0.711 -0.427 -0.014
0.71 -0.426 -0.014
0.706 -0.424 -0.014
0.712 -0.411 -0.014
0.71 -0.41 -0.014
0.708 -0.409 -0.013
0.714 -0.396 -0.013
0.71 -0.394 -0.013
0.708 -0.393 -0.013
0.715 -0.38 -0.013
0.712 -0.378 -0.013
0.71 -0.377 -0.013
0.715 -0.364 -0.013
0.713 -0.363 -0.013
0.709 -0.361 -0.013
0.715 -0.349 -0.013
0.715 -0.349 -0.013
0.714 -0.348 -0.013
0.718 -0.335 -0.013
0.716 -0.334 -0.013
0.716 -0.319 -0.013
0.707 -0.315 -0.012
0.702 -0.312 -0.012
0.701 -0.298 -0.012
0.711 -0.302 -0.012
0.725 -0.308 -0.012
0.738 -0.298 -0.013
0.728 -0.025 -0.01
0.726 -0.013 -0.01
0.724 -0.013 -0.009
0.722 -0.013 -0.009
0.716 0.0 -0.009
0.712 0.0 -0.009
0.794 0.243 -0.007
0.786 0.255 -0.007
0.78 0.253 -0.007
0.772 0.266 -0.007
0.768 0.264 -0.007
0.764 0.263 -0.007
0.757 0.276 -0.007
0.759 0.276 -0.007
0.761 0.277 -0.007
0.756 0.29 -0.007
0.758 0.291 -0.007
0.762 0.292 -0.007
0.76 0.307 -0.007
0.762 0.308 -0.007
0.762 0.308 -0.007
0.758 0.322 -0.006
0.762 0.324 -0.006
0.764 0.324 -0.006
0.762 0.339 -0.006
0.762 0.339 -0.006
0.764 0.34 -0.006
0.761 0.355 -0.006
0.763 0.356 -0.006
0.765 0.357 -0.006
0.762 0.372 -0.006
0.764 0.373 -0.006
0.766 0.373 -0.006
0.761 0.388 -0.006
0.764 0.39 -0.006
0.759 0.404 -0.006
0.763 0.406 -0.006
0.766 0.407 -0.006
0.763 0.423 -0.005
0.768 0.426 -0.005
5.279 3.048 -0.035
5.239 3.148 -0.034
5.253 3.156 -0.034
5.273 3.168 -0.034
5.244 3.277 -0.033
5.258 3.285 -0.033
5.238 3.273 -0.033
5.126 3.329 -0.03
5.072 3.294 -0.03
5.045 3.276 -0.03
4.954 3.342 -0.028
4.915 3.315 -0.028
4.81 3.368 -0.026
4.771 3.34 -0.025
4.731 3.313 -0.026
4.641 3.371 -0.024
4.615 3.353 -0.023
4.582 3.329 -0.023
4.492 3.384 -0.022
4.453 3.356 -0.021
4.408 3.322 -0.021
4.337 3.388 -0.02
4.325 3.379 -0.02
3.712 3.005 -0.016
3.743 3.031 -0.016
3.786 3.066 -0.016
3.757 3.152 -0.014
3.775 3.167 -0.014
3.787 3.178 -0.015
3.755 3.264 -0.013
3.792 3.296 -0.014
3.341 3.008 -0.011
3.259 3.039 -0.01
2.901 3.004 -0.005
2.837 3.042 -0.004
2.826 3.031 -0.004
2.784 3.091 -0.002
2.809 3.469 0.001
2.401 3.073 0.003
2.335 3.099 0.003
2.002 3.083 0.008
1.993 3.069 0.008
1.933 3.093 0.009
1.94 3.104 0.009
1.961 3.138 0.009
1.928 3.209 0.01
1.951 3.247 0.01
1.978 3.291 0.01
1.938 3.357 0.012
1.954 3.384 0.011
1.98 3.429 0.012
1.953 3.523 0.013
1.972 3.558 0.013
1.968 3.551 0.013
1.904 3.581 0.014
1.9 3.574 0.014
1.895 3.563 0.014
1.825 3.582 0.015
1.82 3.571 0.015
1.821 3.575 0.015
1.755 3.599 0.017
1.75 3.588 0.016
1.679 3.6 0.018
1.674 3.589 0.017
1.672 3.585 0.017
1.609 3.614 0.019
1.606 3.606 0.019
1.599 3.592 0.018
1.53 3.604 0.02
1.522 3.586 0.019
1.519 3.579 0.019
1.461 3.616 0.021
1.461 3.616 0.021
1.455 3.601 0.021
1.389 3.618 0.022
1.382 3.6 0.022
1.376 3.585 0.021
1.315 3.612 0.023
1.071 2.943 0.018
1.021 2.965 0.02
1.02 2.961 0.02
0.964 2.967 0.02
0.963 2.963 0.02
0.964 2.967 0.02
0.909 2.972 0.021
0.906 2.964 0.021
0.903 2.953 0.02
0.85 2.964 0.022
0.85 2.964 0.022
0.849 2.961 0.022
0.797 2.975 0.023
0.795 2.967 0.023
0.793 2.959 0.023
0.74 2.969 0.023
0.74 2.969 0.023
0.741 2.973 0.023
0.687 2.977 0.024
0.687 2.977 0.024
0.687 2.977 0.024
0.634 2.981 0.025
0.633 2.977 0.025
0.633 2.977 0.025
0.581 2.988 0.025
0.578 2.972 0.025
0.526 2.982 0.026
0.527 2.99 0.026
0.527 2.986 0.026
0.474 2.994 0.027
0.474 2.991 0.027
0.473 2.987 0.027
0.42 2.986 0.027
0.42 2.99 0.027
0.421 2.998 0.027
0.369 3.001 0.028
0.369 3.001 0.028
0.369 3.001 0.028
0.316 3.003 0.029
0.317 3.011 0.029
0.317 3.011 0.029
0.264 3.02 0.03
0.265 3.024 0.03
0.264 3.016 0.03
0.211 3.012 0.03
0.211 3.02 0.03
0.211 3.02 0.03
0.158 3.024 0.031
0.159 3.04 0.031
0.159 3.04 0.031
0.106 3.034 0.032
0.106 3.022 0.032
0.053 3.027 0.032
0.053 3.039 0.032
0.053 3.039 0.032
0.001 3.54 0.039
0.001 3.552 0.039
0.001 3.576 0.039
-0.062 3.631 0.041
-0.063 3.667 0.041
-0.126 3.642 0.042
-0.125 3.61 0.042
-0.125 3.61 0.042
-0.189 3.631 0.042
-0.19 3.643 0.042
-0.19 3.651 0.042
-0.254 3.643 0.043
-0.253 3.631 0.043
-0.252 3.623 0.043
-0.316 3.618 0.044
-0.316 3.618 0.044
-0.314 3.598 0.044
-0.374 3.564 0.044
-0.373 3.56 0.044
-0.374 3.572 0.044
-0.439 3.581 0.045
-0.443 3.613 0.046
-0.444 3.625 0.046
-0.506 3.608 0.047
-0.507 3.616 0.047
-0.508 3.62 0.047
-0.571 3.611 0.047
-0.572 3.615 0.047
-0.636 3.612 0.048
-0.637 3.62 0.048
-0.637 3.616 0.048
-0.701 3.612 0.049
-0.703 3.62 0.049
-0.702 3.616 0.049
-0.765 3.603 0.05
-0.765 3.603 0.05
-0.857 3.718 0.052
-0.862 3.737 0.052
-0.866 3.757 0.052
-0.931 3.737 0.053
-0.931 3.737 0.053
-0.936 3.757 0.053
-1.009 3.771 0.054
-1.01 3.775 0.055
-1.005 3.755 0.054
-1.079 3.768 0.055
-1.088 3.799 0.056
-1.085 3.787 0.056
-1.153 3.775 0.057
-1.158 3.791 0.057
-1.161 3.802 0.057
-1.231 3.793 0.058
-1.234 3.8 0.058
-1.299 3.774 0.059
-1.3 3.778 0.059
-1.305 3.793 0.059
-1.366 3.755 0.059
-1.368 3.762 0.059
-1.379 3.792 0.06
-1.454 3.79 0.061
-1.458 3.801 0.061
-1.46 3.805 0.061
-1.533 3.798 0.062
-1.539 3.812 0.062
-1.539 3.812 0.062
-1.612 3.8 0.063
-1.612 3.8 0.063
-1.615 3.807 0.063
-1.688 3.793 0.064
-1.694 3.807 0.064
-1.701 3.822 0.064
-1.777 3.814 0.065
-1.774 3.806 0.065
-1.781 3.821 0.065
-1.861 3.818 0.066
-1.872 3.839 0.067
-1.875 3.847 0.067
-1.946 3.82 0.067
-1.953 3.835 0.068
-1.971 3.87 0.069
-2.05 3.856 0.069
-2.053 3.864 0.069
-2.121 3.827 0.07
-2.132 3.848 0.07
-2.14 3.862 0.07
-2.215 3.838 0.071
-2.223 3.852 0.071
-2.223 3.852 0.071
-2.298 3.826 0.072
-2.319 3.86 0.072
-2.323 3.867 0.073
-2.398 3.84 0.073
-2.407 3.853 0.074
-2.42 3.874 0.075
-2.5 3.851 0.075
-2.522 3.884 0.076
-2.53 3.898 0.076
-2.607 3.866 0.077
-2.629 3.9 0.077
-2.643 3.919 0.078
-2.72 3.886 0.079
-2.734 3.905 0.079
-2.738 3.912 0.079
-2.811 3.87 0.08
-2.825 3.89 0.08
-2.839 3.909 0.08
-2.926 3.884 0.081
-2.931 3.891 0.081
-3.008 3.852 0.081
-3.013 3.858 0.081
-2.989 3.826 0.081
-3.08 3.805 0.082
-3.136 3.873 0.084
-3.218 3.836 0.084
-3.239 3.861 0.084
-3.327 3.828 0.086
-3.327 3.828 0.086
-3.409 3.787 0.087
-3.446 3.828 0.087
-3.527 3.918 0.089
-3.676 3.943 0.091
-3.693 3.961 0.092
-3.671 3.937 0.091
-3.717 3.85 0.091
-3.689 3.821 0.09
-3.672 3.804 0.09
-3.738 3.739 0.09
-3.716 3.716 0.09
-3.704 3.705 0.089
-3.763 3.634 0.089
-3.751 3.623 0.089
-3.734 3.606 0.089
-3.784 3.53 0.089
-3.761 3.508 0.088
-3.804 3.426 0.088
-3.792 3.415 0.088
-3.727 3.356 0.086
-3.688 3.207 0.083
-3.64 3.165 0.083
-3.628 3.154 0.082
-3.658 3.07 0.082
-3.651 3.065 0.082
-3.676 3.085 0.082
-3.586 2.905 0.079
-3.599 2.915 0.079
-3.668 2.866 0.08
-3.662 2.861 0.079
-3.687 2.881 0.08
-3.769 2.84 0.08
-3.622 2.73 0.077
-3.682 2.675 0.077
-3.656 2.657 0.077
-3.675 2.574 0.076
-3.695 2.588 0.076
-3.669 2.569 0.076
-3.673 2.478 0.075
-3.693 2.492 0.075
-3.7 2.496 0.075
-3.709 2.409 0.075
-3.696 2.401 0.074
-3.689 2.396 0.074
-3.758 2.348 0.075
-3.724 2.327 0.075
-3.696 2.31 0.073
-3.729 2.241 0.074
-3.695 2.221 0.072
-3.661 2.2 0.072
-3.678 2.124 0.071
-3.671 2.12 0.071
-3.671 2.12 0.071
-3.707 2.055 0.072
-3.707 2.055 0.072
-3.735 2.071 0.072
-3.813 2.028 0.072
-3.799 2.02 0.072
-3.729 1.983 0.071
-3.706 1.888 0.07
-3.698 1.885 0.069
-3.731 1.82 0.069
-3.716 1.813 0.069
-3.709 1.809 0.069
-3.762 1.755 0.068
-3.791 1.768 0.069
-3.805 1.775 0.07
-3.821 1.702 0.069
-3.785 1.685 0.069
-3.748 1.669 0.067
-3.755 1.594 0.067
-3.773 1.602 0.067
-3.708 1.498 0.065
-3.704 1.497 0.064
-3.723 1.504 0.066
-3.748 1.439 0.065
-3.726 1.431 0.065
-3.737 1.435 0.065
-3.773 1.373 0.064
-3.814 1.389 0.065
-3.739 1.288 0.063
-3.747 1.29 0.063
-3.755 1.22 0.062
-3.78 1.229 0.063
-3.77 1.225 0.062
-3.768 1.152 0.062
-3.814 1.166 0.063
-3.87 1.183 0.064
-3.918 1.123 0.063
-3.88 1.112 0.063
-3.795 1.088 0.062
-3.779 1.012 0.06
-3.79 1.016 0.061
-3.779 1.012 0.06
-3.776 0.942 0.059
-3.773 0.941 0.059
-3.792 0.945 0.06
-3.827 0.884 0.06
-3.8 0.877 0.06
-3.796 0.876 0.06
-3.838 0.816 0.059
-3.877 0.824 0.06
-3.913 0.832 0.06
-3.934 0.765 0.059
-3.887 0.756 0.059
-3.813 0.672 0.057
-3.79 0.668 0.057
-3.793 0.669 0.057
-3.809 0.603 0.057
-3.82 0.605 0.057
-3.848 0.609 0.057
-3.876 0.614 0.058
-3.886 0.546 0.057
-3.826 0.538 0.056
-3.815 0.468 0.055
-3.819 0.469 0.055
-3.835 0.471 0.055
-3.831 0.403 0.054
-3.863 0.406 0.055
-3.978 0.418 0.057
-4.025 0.352 0.057
-4.025 0.352 0.057
-4.037 0.353 0.057
-3.819 0.267 0.053
-3.843 0.269 0.053
-3.887 0.204 0.053
-3.867 0.203 0.053
-3.839 0.201 0.052
-3.846 0.134 0.051
-3.834 0.134 0.051
-3.862 0.135 0.052
-3.875 0.068 0.052
-3.831 0.067 0.051
-3.875 0.068 0.052
-3.828 0.0 0.054
-4.004 0.0 0.057
-4.024 0.0 0.057
-4.027 -0.07 0.054
-4.027 -0.07 0.054
-4.031 -0.07 0.054
-4.026 -0.14 0.051
-4.026 -0.14 0.051
-4.03 -0.141 0.051
-4.026 -0.211 0.047
-4.026 -0.211 0.047
-4.03 -0.211 0.047
-4.03 -0.282 0.044
-4.03 -0.282 0.044
-4.03 -0.282 0.044
-4.029 -0.352 0.041
-4.033 -0.352 0.041
-4.026 -0.423 0.038
-4.03 -0.423 0.038
-4.038 -0.424 0.038
-4.038 -0.495 0.034
-4.038 -0.495 0.034
-4.042 -0.496 0.034
-4.032 -0.566 0.031
-4.04 -0.567 0.031
-4.044 -0.568 0.031
-4.038 -0.639 0.028
-4.053 -0.641 0.028
-4.061 -0.643 0.027
-4.05 -0.713 0.024
-4.057 -0.715 0.024
-4.065 -0.716 0.024
-4.068 -0.79 0.022
-4.076 -0.791 0.022
-4.076 -0.791 0.022
-4.069 -0.864 0.018
-4.077 -0.866 0.018
-4.077 -0.866 0.018
-4.026 -0.929 0.014
-3.94 -0.909 0.014
-3.882 -0.895 0.014
-3.815 -0.95 0.01
-3.765 -0.938 0.01
-3.698 -0.99 0.007
-3.624 -0.97 0.006
-3.543 -0.948 0.006
-3.464 -0.992 0.003
-3.395 -0.973 0.003
-3.349 -0.959 0.003
-3.221 -0.984 0.001
-3.183 -0.972 0.0
-3.093 -1.004 -0.002
-3.04 -0.987 -0.002
-2.99 -0.971 -0.003
-2.927 -1.007 -0.005
-2.897 -0.996 -0.005
-2.83 -1.029 -0.007
-2.789 -1.014 -0.008
-2.774 -1.009 -0.007
-2.763 -1.06 -0.01
-2.775 -1.064 -0.01
-2.778 -1.065 -0.01
-2.763 -1.115 -0.012
-2.774 -1.12 -0.012
-2.782 -1.123 -0.013
-2.769 -1.174 -0.015
-2.784 -1.18 -0.015
-2.791 -1.183 -0.015
-2.771 -1.232 -0.018
-2.782 -1.237 -0.018
-2.793 -1.242 -0.018
-2.782 -1.295 -0.02
-2.782 -1.295 -0.02
-2.789 -1.299 -0.021
-2.769 -1.349 -0.023
-2.751 -1.34 -0.023
-2.73 -1.329 -0.022
-2.685 -1.366 -0.025
-2.653 -1.35 -0.025
-2.593 -1.377 -0.026
-1.893 -1.005 -0.019
-1.865 -1.033 -0.021
-1.879 -1.04 -0.021
-2.086 -1.203 -0.026
-2.35 -1.355 -0.029
-2.315 -1.389 -0.031
-2.302 -1.381 -0.03
-2.281 -1.369 -0.031
-2.236 -1.395 -0.032
-2.209 -1.378 -0.032
-1.63 -1.057 -0.026
-1.653 -1.072 -0.026
-1.638 -1.103 -0.028
-1.634 -1.1 -0.028
-1.787 -1.296 -0.035
-1.474 -1.109 -0.03
-1.467 -1.104 -0.03
-1.454 -1.134 -0.031
-1.464 -1.141 -0.031
-1.468 -1.145 -0.032
-1.454 -1.176 -0.033
-1.299 -1.05 -0.03
-1.277 -1.07 -0.031
-1.274 -1.067 -0.031
-1.268 -1.062 -0.031
-1.249 -1.084 -0.032
-1.255 -1.089 -0.032
-1.263 -1.096 -0.032
-1.252 -1.126 -0.034
-1.357 -1.263 -0.039
-1.453 -1.353 -0.041
-1.428 -1.377 -0.043
-1.417 -1.366 -0.043
-1.411 -1.36 -0.042
-1.37 -1.368 -0.044
-1.267 -1.309 -0.042
-1.272 -1.315 -0.042
-1.343 -1.438 -0.047
-1.353 -1.448 -0.048
-1.347 -1.442 -0.047
-1.318 -1.461 -0.048
-1.314 -1.457 -0.048
-1.307 -1.449 -0.049
-1.271 -1.46 -0.049
-1.262 -1.449 -0.049
-1.259 -1.446 -0.048
-1.229 -1.462 -0.05
-1.224 -1.455 -0.05
-1.22 -1.451 -0.05
-1.187 -1.463 -0.05
-1.179 -1.453 -0.05
-1.174 -1.447 -0.049
-1.146 -1.464 -0.051
-1.141 -1.458 -0.051
-1.11 -1.47 -0.052
-1.105 -1.463 -0.051
-1.101 -1.458 -0.051
-1.072 -1.472 -0.053
-1.066 -1.464 -0.052
-1.064 -1.461 -0.052
-1.033 -1.473 -0.053
-1.029 -1.466 -0.052
-1.024 -1.46 -0.053
-0.994 -1.471 -0.054
-0.994 -1.471 -0.054
-0.987 -1.461 -0.053
-0.957 -1.471 -0.054
-0.956 -1.469 -0.053
-0.954 -1.466 -0.054
-0.924 -1.476 -0.055
-0.918 -1.466 -0.054
-0.916 -1.462 -0.054
-0.89 -1.478 -0.055
-0.887 -1.473 -0.055
-0.857 -1.481 -0.056
-0.855 -1.478 -0.056
-0.853 -1.474 -0.056
-0.821 -1.478 -0.056
-0.818 -1.473 -0.056
-0.815 -1.466 -0.055
-0.79 -1.482 -0.057
-0.788 -1.478 -0.057
-0.786 -1.475 -0.057
-0.759 -1.486 -0.057
-0.757 -1.483 -0.057
-0.756 -1.479 -0.057
-0.728 -1.489 -0.058
-0.724 -1.481 -0.058
-0.72 -1.472 -0.058
-0.694 -1.485 -0.058
-0.694 -1.485 -0.058
-0.693 -1.483 -0.058
-0.666 -1.491 -0.059
-0.662 -1.484 -0.059
-0.636 -1.493 -0.06
-0.636 -1.493 -0.06
-0.634 -1.49 -0.059
-0.607 -1.499 -0.06
-0.605 -1.493 -0.06
-0.603 -1.489 -0.059
-0.576 -1.496 -0.061
-0.575 -1.494 -0.061
-0.574 -1.492 -0.061
-0.545 -1.494 -0.061
-0.545 -1.494 -0.061
-0.545 -1.494 -0.061
-0.519 -1.502 -0.062
-0.518 -1.5 -0.062
-0.518 -1.5 -0.062
-0.49 -1.503 -0.062
-0.489 -1.499 -0.062
-0.487 -1.495 -0.062
-0.461 -1.504 -0.062
-0.462 -1.506 -0.062
-0.461 -1.502 -0.062
-0.434 -1.508 -0.063
-0.434 -1.51 -0.063
-0.407 -1.513 -0.063
-0.406 -1.511 -0.063
-0.406 -1.511 -0.063
-0.379 -1.516 -0.065
-0.378 -1.512 -0.064
-0.378 -1.512 -0.064
-0.351 -1.516 -0.065
-0.351 -1.513 -0.064
-0.351 -1.513 -0.064
-0.326 -1.526 -0.065
-0.429 -2.696 -0.118
-0.45 -3.649 -0.162
-0.82 -7.749 -0.344
-0.693 -7.858 -0.351
-0.691 -7.834 -0.35
-0.694 -7.866 -0.351
-0.558 -7.9 -0.355
-0.557 -7.884 -0.354
-0.556 -7.876 -0.354
-0.42 -7.909 -0.357
-0.421 -7.933 -0.358
-0.42 -7.917 -0.358
-0.281 -7.907 -0.359
-0.282 -7.915 -0.36
-0.281 -7.907 -0.359
-0.144 -7.926 -0.362
-0.144 -7.934 -0.362
-0.144 -7.934 -0.362
-0.005 -7.912 -0.363
-0.005 -7.896 -0.363
0.134 -7.942 -0.367
0.135 -8.006 -0.37
0.254 -7.396 -0.344
0.373 -4.291 -0.202
0.447 -4.276 -0.202
0.448 -4.284 -0.203
0.523 -4.283 -0.204
0.525 -4.299 -0.204
0.6 -4.289 -0.206
0.51 -3.232 -0.155
0.497 -3.145 -0.151
0.485 -3.07 -0.148
0.526 -2.991 -0.144
0.512 -2.912 -0.141
0.55 -2.836 -0.138
0.537 -2.769 -0.135
0.525 -2.71 -0.131
0.559 -2.638 -0.129
0.547 -2.58 -0.126
0.536 -2.529 -0.124
0.568 -2.465 -0.121
0.557 -2.418 -0.119
0.545 -2.367 -0.117
0.575 -2.311 -0.114
0.562 -2.26 -0.112
0.553 -2.222 -0.11
0.582 -2.173 -0.108
0.569 -2.127 -0.106
0.594 -2.074 -0.103
0.589 -2.055 -0.102
0.59 -2.059 -0.103
0.627 -2.052 -0.103
0.627 -2.052 -0.103
0.628 -2.056 -0.103
0.666 -2.052 -0.103
0.668 -2.056 -0.103
0.67 -2.064 -0.104
0.711 -2.067 -0.105
0.722 -2.097 -0.106
0.731 -2.123 -0.108
0.771 -2.118 -0.108
0.772 -2.121 -0.108
0.775 -2.129 -0.109
0.815 -2.123 -0.109
0.816 -2.126 -0.11
0.819 -2.134 -0.11
0.862 -2.134 -0.11
0.865 -2.141 -0.11
0.87 -2.153 -0.111
0.912 -2.148 -0.112
0.913 -2.152 -0.112
0.913 -2.152 -0.112
0.952 -2.139 -0.111
0.956 -2.146 -0.113
0.959 -2.154 -0.113
0.998 -2.14 -0.112
1.0 -2.144 -0.112
1.041 -2.133 -0.113
1.044 -2.14 -0.113
1.05 -2.155 -0.114
1.092 -2.143 -0.113
1.076 -2.111 -0.112
1.14 -2.145 -0.115
1.142 -2.149 -0.115
1.145 -2.156 -0.115
1.185 -2.139 -0.115
1.189 -2.146 -0.116
1.221 -2.114 -0.114
0.652 -1.086 -0.059
0.648 -1.079 -0.059
0.642 -1.069 -0.058
0.656 -1.05 -0.057
0.651 -1.042 -0.057
0.644 -1.032 -0.056
0.657 -1.012 -0.055
0.651 -1.004 -0.055
0.647 -0.997 -0.055
0.66 -0.979 -0.054
0.654 -0.971 -0.054
0.649 -0.962 -0.053
0.661 -0.944 -0.052
0.656 -0.938 -0.052
0.651 -0.93 -0.052
0.661 -0.91 -0.051
0.656 -0.904 -0.051
0.668 -0.887 -0.05
0.663 -0.881 -0.049
0.659 -0.874 -0.049
0.669 -0.856 -0.048
0.665 -0.852 -0.048
0.661 -0.847 -0.048
0.671 -0.829 -0.047
0.666 -0.823 -0.047
0.662 -0.818 -0.047
0.671 -0.8 -0.046
0.667 -0.796 -0.046
0.664 -0.791 -0.045
0.673 -0.775 -0.046
0.669 -0.771 -0.044
0.679 -0.754 -0.045
0.675 -0.75 -0.044
0.672 -0.747 -0.044
0.681 -0.731 -0.044
0.677 -0.726 -0.043
0.673 -0.722 -0.043
0.681 -0.706 -0.042
0.678 -0.703 -0.042
0.674 -0.698 -0.042
0.683 -0.684 -0.041
0.679 -0.68 -0.041
0.675 -0.675 -0.041
0.685 -0.661 -0.04
0.683 -0.659 -0.04
0.69 -0.643 -0.04
0.687 -0.64 -0.039
0.685 -0.638 -0.039
0.693 -0.623 -0.039
0.69 -0.62 -0.038
0.687 -0.618 -0.038
0.694 -0.603 -0.038
0.69 -0.599 -0.038
0.688 -0.598 -0.037
0.696 -0.583 -0.037
0.691 -0.579 -0.037
0.689 -0.578 -0.037
0.698 -0.565 -0.036
0.693 -0.561 -0.036
0.703 -0.529 -0.034
0.702 -0.51 -0.033
0.701 -0.508 -0.033
0.699 -0.507 -0.033
0.704 -0.493 -0.033
0.711 -0.479 -0.032
0.705 -0.423 -0.029
0.71 -0.41 -0.029
0.708 -0.409 -0.029
0.714 -0.395 -0.028
0.71 -0.393 -0.028
0.708 -0.392 -0.028
0.715 -0.38 -0.027
0.712 -0.378 -0.027
0.71 -0.377 -0.027
0.715 -0.364 -0.027
0.713 -0.363 -0.027
0.711 -0.362 -0.027
0.715 -0.349 -0.026
0.714 -0.348 -0.026
0.714 -0.348 -0.026
0.718 -0.334 -0.025
0.716 -0.334 -0.025
0.712 -0.332 -0.025
0.713 -0.317 -0.025
0.707 -0.314 -0.024
0.705 -0.299 -0.024
0.709 -0.301 -0.024
0.749 -0.302 -0.025
0.749 -0.302 -0.025
0.728 -0.025 -0.011
0.726 -0.013 -0.011
0.724 -0.013 -0.011
0.72 -0.013 -0.011
0.714 0.0 -0.01
0.791 0.257 0.001
0.786 0.255 0.001
0.78 0.253 0.001
0.772 0.265 0.001
0.768 0.264 0.001
0.764 0.263 0.001
0.757 0.275 0.002
0.759 0.276 0.002
0.761 0.277 0.002
0.756 0.29 0.002
0.758 0.291 0.002
0.762 0.292 0.002
0.76 0.307 0.003
0.762 0.308 0.003
0.762 0.308 0.003
0.758 0.322 0.004
0.762 0.323 0.004
0.764 0.324 0.004
0.76 0.338 0.005
0.762 0.339 0.005
0.764 0.34 0.005
0.761 0.355 0.005
0.763 0.355 0.005
0.759 0.37 0.006
0.762 0.371 0.006
0.764 0.372 0.006
0.759 0.386 0.007
0.763 0.388 0.007
0.764 0.389 0.007
0.759 0.403 0.008
0.763 0.405 0.008
0.766 0.407 0.008
0.763 0.422 0.008
0.768 0.425 0.009
5.301 3.057 0.065
5.255 3.153 0.071
5.255 3.153 0.071
5.275 3.165 0.07
5.246 3.274 0.076
5.155 3.343 0.081
5.115 3.317 0.08
5.029 3.387 0.085
4.983 3.356 0.084
4.95 3.334 0.083
4.845 3.387 0.088
4.786 3.346 0.086
4.74 3.314 0.085
4.643 3.368 0.089
4.61 3.344 0.089
4.597 3.335 0.088
4.513 3.395 0.092
4.455 3.352 0.091
4.41 3.319 0.09
4.333 3.38 0.094
4.32 3.37 0.094
3.679 3.082 0.09
3.746 3.139 0.091
3.789 3.175 0.092
3.751 3.256 0.097
3.77 3.272 0.097
3.73 3.353 0.101
3.261 3.036 0.093
3.799 3.537 0.108
3.754 3.62 0.113
3.719 3.713 0.118
2.931 3.03 0.098
2.855 3.057 0.1
2.775 3.076 0.102
2.726 3.13 0.105
2.6 3.205 0.11
2.403 3.07 0.107
2.401 3.067 0.107
2.374 3.262 0.116
2.283 3.254 0.117
2.246 3.201 0.115
2.185 3.233 0.118
2.196 3.25 0.118
2.008 3.086 0.114
2.002 3.076 0.113
1.937 3.094 0.115
1.946 3.107 0.116
1.963 3.134 0.116
1.93 3.206 0.12
1.953 3.244 0.121
1.98 3.288 0.123
1.95 3.37 0.127
1.966 3.398 0.128
1.984 3.429 0.13
1.965 3.537 0.134
1.984 3.572 0.136
1.972 3.551 0.135
1.901 3.567 0.137
1.899 3.563 0.137
1.834 3.592 0.139
1.832 3.589 0.139
1.827 3.578 0.138
1.761 3.602 0.14
1.759 3.599 0.14
1.754 3.588 0.14
1.687 3.611 0.142
1.684 3.603 0.142
1.681 3.596 0.141
1.613 3.614 0.143
1.613 3.614 0.143
1.611 3.61 0.143
1.537 3.612 0.144
1.534 3.605 0.144
1.529 3.594 0.143
1.464 3.616 0.145
1.464 3.616 0.145
1.452 3.586 0.144
1.387 3.604 0.146
1.385 3.6 0.145
1.381 3.589 0.145
1.313 3.597 0.146
1.028 2.977 0.122
1.022 2.958 0.122
1.018 2.947 0.121
0.967 2.968 0.122
0.966 2.964 0.122
0.964 2.957 0.122
0.911 2.969 0.123
0.908 2.961 0.123
0.906 2.954 0.123
0.853 2.965 0.124
0.852 2.961 0.124
0.851 2.958 0.124
0.798 2.968 0.125
0.798 2.968 0.125
0.796 2.96 0.125
0.743 2.97 0.126
0.743 2.97 0.126
0.69 2.978 0.127
0.691 2.982 0.127
0.691 2.982 0.127
0.637 2.986 0.128
0.636 2.978 0.128
0.636 2.978 0.128
0.584 2.989 0.129
0.583 2.985 0.129
0.584 2.989 0.129
0.531 2.999 0.131
0.53 2.991 0.13
0.53 2.991 0.13
0.477 2.995 0.131
0.476 2.988 0.13
0.475 2.984 0.13
0.423 2.991 0.131
0.423 2.991 0.131
0.424 2.999 0.132
0.371 2.998 0.133
0.371 2.998 0.133
0.37 2.994 0.133
0.318 3.0 0.134
0.318 3.004 0.134
0.319 3.008 0.134
0.266 3.013 0.134
0.267 3.021 0.135
0.214 3.025 0.136
0.213 3.013 0.135
0.213 3.017 0.136
0.16 3.021 0.137
0.16 3.021 0.137
0.161 3.033 0.137
0.108 3.035 0.137
0.108 3.031 0.137
0.108 3.035 0.137
0.055 3.04 0.139
0.055 3.036 0.138
0.002 3.041 0.14
0.002 3.556 0.163
0.002 3.572 0.164
-0.061 3.592 0.166
-0.062 3.64 0.168
-0.062 3.672 0.17
-0.126 3.67 0.171
-0.126 3.65 0.17
-0.125 3.626 0.169
-0.189 3.631 0.17
-0.189 3.643 0.17
-0.189 3.643 0.17
-0.253 3.639 0.171
-0.252 3.635 0.171
-0.255 3.675 0.173
-0.321 3.686 0.174
-0.32 3.678 0.174
-0.374 3.573 0.169
-0.374 3.573 0.169
-0.438 3.577 0.17
-0.455 3.72 0.177
-0.516 3.68 0.176
-0.513 3.664 0.175
-0.585 3.702 0.178
-0.586 3.71 0.178
-0.58 3.67 0.177
-0.645 3.667 0.177
-0.654 3.715 0.18
-0.653 3.711 0.179
-0.708 3.648 0.178
-0.702 3.62 0.176
-0.704 3.628 0.177
-0.768 3.619 0.177
-0.766 3.608 0.177
-0.861 3.738 0.184
-0.866 3.761 0.185
-0.871 3.78 0.186
-0.937 3.765 0.186
-0.938 3.769 0.186
-0.94 3.776 0.186
-1.008 3.771 0.187
-1.014 3.79 0.188
-1.013 3.786 0.188
-1.079 3.768 0.188
-1.085 3.791 0.189
-1.159 3.798 0.19
-1.162 3.806 0.191
-1.163 3.81 0.191
-1.229 3.789 0.191
-1.229 3.789 0.191
-1.232 3.796 0.191
-1.302 3.786 0.192
-1.304 3.793 0.192
-1.306 3.797 0.192
-1.373 3.777 0.193
-1.381 3.8 0.195
-1.388 3.819 0.195
-1.459 3.805 0.196
-1.459 3.805 0.196
-1.449 3.779 0.195
-1.516 3.757 0.194
-1.531 3.794 0.196
-1.537 3.809 0.197
-1.61 3.796 0.197
-1.616 3.811 0.198
-1.626 3.833 0.199
-1.702 3.826 0.2
-1.702 3.826 0.2
-1.705 3.833 0.2
-1.779 3.817 0.2
-1.786 3.831 0.201
-1.796 3.853 0.202
-1.873 3.843 0.204
-1.884 3.864 0.205
-1.887 3.872 0.205
-1.962 3.852 0.205
-1.973 3.874 0.206
-2.044 3.846 0.206
-2.048 3.853 0.206
-2.051 3.86 0.206
-2.122 3.83 0.206
-2.13 3.844 0.207
-2.138 3.858 0.207
-2.221 3.848 0.208
-2.229 3.862 0.209
-2.233 3.869 0.21
-2.308 3.843 0.21
-2.317 3.857 0.21
-2.321 3.863 0.21
-2.396 3.836 0.21
-2.405 3.849 0.211
-2.418 3.87 0.212
-2.498 3.847 0.212
-2.52 3.881 0.214
-2.528 3.894 0.215
-2.61 3.869 0.215
-2.632 3.902 0.216
-2.654 3.935 0.219
-2.727 3.895 0.218
-2.732 3.902 0.218
-2.741 3.915 0.219
-2.814 3.873 0.218
-2.828 3.892 0.219
-2.924 3.88 0.219
-2.939 3.9 0.221
-2.943 3.906 0.221
-3.021 3.867 0.221
-3.006 3.848 0.22
-3.078 3.801 0.219
-3.128 3.863 0.221
-3.154 3.894 0.224
-3.221 3.838 0.222
-3.237 3.857 0.223
-3.33 3.83 0.223
-3.361 3.866 0.226
-3.403 3.914 0.228
-3.493 3.878 0.227
-3.509 3.896 0.229
-3.567 3.961 0.232
-3.691 3.957 0.234
-3.691 3.957 0.234
-3.674 3.939 0.233
-3.715 3.846 0.23
-3.681 3.811 0.227
-3.67 3.8 0.227
-3.719 3.718 0.224
-3.702 3.701 0.222
-3.702 3.701 0.222
-3.761 3.631 0.22
-3.749 3.62 0.219
-3.726 3.597 0.218
-3.777 3.521 0.215
-3.759 3.505 0.214
-3.802 3.422 0.211
-3.784 3.406 0.21
-3.633 3.156 0.196
-3.639 3.161 0.196
-3.615 3.141 0.195
-3.638 3.051 0.191
-3.65 3.062 0.193
-3.62 3.036 0.19
-3.616 2.927 0.185
-3.585 2.902 0.184
-3.604 2.917 0.185
-3.648 2.849 0.183
-3.635 2.839 0.181
-3.68 2.873 0.184
-3.704 2.789 0.18
-3.64 2.741 0.177
-3.674 2.668 0.175
-3.661 2.659 0.174
-3.635 2.64 0.172
-3.681 2.576 0.17
-3.701 2.59 0.171
-3.668 2.567 0.17
-3.672 2.476 0.166
-3.692 2.489 0.166
-3.679 2.48 0.166
-3.695 2.398 0.162
-3.722 2.416 0.164
-3.777 2.359 0.161
-3.675 2.295 0.157
-3.723 2.325 0.16
-3.728 2.239 0.156
-3.66 2.198 0.153
-3.639 2.186 0.151
-3.67 2.118 0.149
-3.67 2.118 0.149
-3.67 2.118 0.149
-3.706 2.053 0.146
-3.72 2.061 0.148
-3.784 2.011 0.146
-3.812 2.026 0.147
-3.719 1.894 0.14
-3.69 1.879 0.138
-3.683 1.876 0.138
-3.715 1.811 0.136
-3.715 1.811 0.136
-3.723 1.815 0.136
-3.768 1.756 0.134
-3.79 1.766 0.135
-3.797 1.77 0.135
-3.821 1.7 0.132
-3.77 1.677 0.13
-3.712 1.651 0.128
-3.736 1.585 0.126
-3.758 1.594 0.126
-3.736 1.585 0.126
-3.719 1.501 0.122
-3.715 1.5 0.122
-3.759 1.442 0.119
-3.763 1.443 0.119
-3.737 1.433 0.119
-3.754 1.365 0.116
-3.769 1.371 0.116
-3.795 1.38 0.117
-3.739 1.287 0.112
-3.747 1.289 0.112
-3.784 1.229 0.11
-3.796 1.232 0.111
-3.758 1.22 0.109
-3.778 1.154 0.106
-3.832 1.171 0.108
-3.885 1.187 0.11
-3.906 1.119 0.106
-3.756 1.076 0.102
-3.774 1.01 0.099
-3.789 1.015 0.101
-3.778 1.011 0.099
-3.772 0.94 0.096
-3.768 0.939 0.096
-3.826 0.883 0.095
-3.83 0.884 0.095
-3.787 0.874 0.094
-3.814 0.81 0.091
-3.845 0.817 0.092
-3.892 0.827 0.093
-3.929 0.763 0.091
-3.902 0.758 0.09
-3.843 0.746 0.088
-3.808 0.671 0.085
-3.8 0.67 0.085
-3.792 0.668 0.085
-3.804 0.602 0.082
-3.811 0.603 0.082
-3.859 0.611 0.083
-3.901 0.548 0.08
-3.881 0.545 0.08
-3.81 0.535 0.079
-3.794 0.466 0.075
-3.806 0.467 0.075
-3.806 0.467 0.075
-3.802 0.399 0.072
-4.037 0.424 0.076
-4.04 0.353 0.073
-4.04 0.353 0.073
-4.036 0.353 0.073
-3.818 0.267 0.066
-3.862 0.27 0.067
-3.89 0.204 0.064
-3.842 0.201 0.063
-3.87 0.135 0.061
-3.87 0.135 0.061
-3.834 0.134 0.06
-3.867 0.067 0.058
-3.867 0.067 0.058
-4.028 0.0 0.006
-4.028 0.0 0.006
-4.027 -0.07 0.0
-4.027 -0.07 0.0
-4.023 -0.07 0.0
-4.026 -0.14 -0.005
-4.034 -0.14 -0.005
-4.03 -0.211 -0.011
-4.03 -0.211 -0.011
-4.03 -0.211 -0.011
-4.034 -0.281 -0.016
-4.034 -0.281 -0.016
-4.034 -0.281 -0.016
-4.029 -0.351 -0.022
-4.029 -0.351 -0.022
-4.033 -0.352 -0.022
-4.034 -0.423 -0.027
-4.034 -0.423 -0.027
-4.038 -0.423 -0.027
-4.034 -0.494 -0.033
-4.034 -0.494 -0.033
-4.042 -0.495 -0.033
-4.04 -0.566 -0.039
-4.04 -0.566 -0.039
-4.04 -0.566 -0.039
-4.042 -0.638 -0.044
-4.053 -0.64 -0.044
-4.061 -0.641 -0.045
-4.057 -0.713 -0.05
-4.065 -0.715 -0.05
-4.073 -0.716 -0.05
-4.076 -0.79 -0.056
-4.068 -0.788 -0.056
-4.061 -0.861 -0.062
-4.069 -0.862 -0.062
-4.077 -0.864 -0.062
-4.077 -0.938 -0.068
-4.038 -0.929 -0.067
-3.964 -0.912 -0.066
-3.87 -0.962 -0.07
-3.788 -0.942 -0.068
-3.769 -0.937 -0.068
-3.717 -0.993 -0.072
-3.632 -0.97 -0.071
-3.547 -0.947 -0.069
-3.457 -0.988 -0.073
-3.407 -0.974 -0.072
-3.347 -1.02 -0.075
-3.29 -1.003 -0.074
-3.232 -0.985 -0.073
-3.18 -1.03 -0.076
-3.032 -0.982 -0.072
-2.969 -1.019 -0.075
-2.935 -1.007 -0.074
-2.905 -0.997 -0.074
-2.823 -1.024 -0.077
-2.781 -1.009 -0.076
-2.774 -1.007 -0.075
-2.771 -1.06 -0.08
-2.778 -1.063 -0.08
-2.778 -1.063 -0.08
-2.77 -1.116 -0.084
-2.778 -1.119 -0.084
-2.782 -1.12 -0.084
-2.773 -1.173 -0.089
-2.784 -1.178 -0.089
-2.781 -1.234 -0.093
-2.784 -1.236 -0.093
-2.788 -1.238 -0.094
-2.777 -1.291 -0.098
-2.781 -1.293 -0.098
-2.788 -1.296 -0.098
-2.772 -1.348 -0.102
-2.786 -1.355 -0.103
-2.768 -1.346 -0.102
-2.709 -1.376 -0.105
-2.691 -1.367 -0.104
-2.662 -1.352 -0.103
-2.614 -1.385 -0.105
-1.879 -1.038 -0.079
-1.872 -1.034 -0.079
-1.864 -1.073 -0.082
-2.089 -1.202 -0.092
-2.328 -1.395 -0.106
-2.311 -1.384 -0.105
-2.297 -1.376 -0.105
-2.256 -1.405 -0.107
-2.229 -1.388 -0.106
-2.187 -1.416 -0.109
-1.627 -1.094 -0.083
-1.632 -1.097 -0.084
-1.64 -1.103 -0.084
-1.617 -1.129 -0.086
-1.609 -1.123 -0.086
-1.594 -1.154 -0.088
-1.55 -1.123 -0.087
-1.532 -1.151 -0.089
-1.538 -1.156 -0.089
-1.545 -1.16 -0.09
-1.467 -1.143 -0.088
-1.467 -1.143 -0.088
-1.455 -1.174 -0.091
-1.282 -1.073 -0.083
-1.281 -1.071 -0.083
-1.272 -1.064 -0.082
-1.248 -1.082 -0.083
-1.253 -1.086 -0.084
-1.26 -1.092 -0.084
-1.247 -1.119 -0.086
-1.26 -1.131 -0.087
-1.55 -1.441 -0.112
-1.553 -1.444 -0.112
-1.534 -1.476 -0.114
-1.434 -1.381 -0.107
-1.396 -1.392 -0.108
-1.267 -1.308 -0.101
-1.274 -1.315 -0.102
-1.359 -1.452 -0.113
-1.357 -1.451 -0.112
-1.352 -1.445 -0.112
-1.321 -1.462 -0.113
-1.316 -1.456 -0.113
-1.31 -1.451 -0.112
-1.274 -1.461 -0.113
-1.266 -1.452 -0.113
-1.237 -1.469 -0.114
-1.232 -1.463 -0.113
-1.228 -1.459 -0.113
-1.197 -1.474 -0.114
-1.189 -1.464 -0.113
-1.184 -1.458 -0.113
-1.151 -1.469 -0.114
-1.145 -1.461 -0.113
-1.141 -1.456 -0.113
-1.107 -1.465 -0.114
-1.104 -1.46 -0.113
-1.104 -1.46 -0.113
-1.073 -1.473 -0.114
-1.069 -1.466 -0.114
-1.066 -1.463 -0.113
-1.036 -1.475 -0.114
-1.03 -1.467 -0.114
-1.0 -1.478 -0.115
-0.995 -1.471 -0.114
-0.994 -1.469 -0.114
-0.966 -1.483 -0.115
-0.961 -1.475 -0.114
-0.957 -1.47 -0.114
-0.929 -1.483 -0.116
-0.925 -1.476 -0.115
-0.92 -1.468 -0.115
-0.889 -1.475 -0.115
-0.889 -1.475 -0.115
-0.888 -1.473 -0.115
-0.86 -1.485 -0.116
-0.857 -1.48 -0.116
-0.854 -1.475 -0.115
-0.826 -1.486 -0.116
-0.823 -1.481 -0.116
-0.819 -1.474 -0.115
-0.79 -1.481 -0.116
-0.788 -1.477 -0.116
-0.762 -1.49 -0.117
-0.761 -1.489 -0.116
-0.759 -1.485 -0.116
-0.731 -1.495 -0.117
-0.73 -1.493 -0.117
-0.727 -1.486 -0.116
-0.697 -1.491 -0.117
-0.696 -1.489 -0.116
-0.695 -1.485 -0.116
-0.667 -1.494 -0.117
-0.665 -1.49 -0.117
-0.664 -1.486 -0.116
-0.638 -1.498 -0.117
-0.636 -1.494 -0.117
-0.636 -1.494 -0.117
-0.608 -1.501 -0.117
-0.607 -1.497 -0.117
-0.606 -1.496 -0.117
-0.578 -1.5 -0.117
-0.576 -1.497 -0.117
-0.549 -1.503 -0.118
-0.548 -1.501 -0.117
-0.546 -1.495 -0.117
-0.52 -1.504 -0.118
-0.52 -1.504 -0.118
-0.518 -1.501 -0.117
-0.493 -1.511 -0.118
-0.491 -1.507 -0.118
-0.491 -1.506 -0.118
-0.464 -1.514 -0.118
-0.463 -1.508 -0.118
-0.462 -1.506 -0.118
-0.435 -1.512 -0.118
-0.434 -1.51 -0.118
-0.434 -1.508 -0.118
-0.407 -1.516 -0.119
-0.407 -1.514 -0.118
-0.406 -1.51 -0.118
-0.379 -1.517 -0.119
-0.38 -1.519 -0.119
-0.379 -1.517 -0.119
-0.352 -1.519 -0.119
-0.351 -1.517 -0.119
-0.325 -1.525 -0.119
-0.31 -1.591 -0.126
-0.447 -3.629 -0.285
-0.833 -7.892 -0.621
-0.691 -7.865 -0.619
-0.693 -7.881 -0.621
-0.693 -7.889 -0.621
-0.553 -7.868 -0.62
-0.555 -7.9 -0.622
-0.416 -7.901 -0.622
-0.416 -7.893 -0.622
-0.416 -7.901 -0.622
-0.279 -7.938 -0.626
-0.281 -7.986 -0.63
-0.279 -7.923 -0.625
-0.139 -7.878 -0.621
-0.139 -7.886 -0.622
-0.139 -7.886 -0.622
-0.001 -7.903 -0.623
-0.001 -7.919 -0.625
-0.001 -7.959 -0.628
0.139 -8.006 -0.631
0.26 -7.46 -0.588
0.378 -4.322 -0.342
0.449 -4.267 -0.338
0.449 -4.267 -0.338
0.45 -4.275 -0.338
0.525 -4.275 -0.338
0.527 -4.29 -0.339
0.473 -3.356 -0.266
0.517 -3.253 -0.258
0.506 -3.186 -0.252
0.533 -3.016 -0.239
0.521 -2.945 -0.233
0.508 -2.875 -0.228
0.546 -2.803 -0.222
0.534 -2.736 -0.217
0.521 -2.674 -0.212
0.555 -2.602 -0.206
0.541 -2.535 -0.201
0.528 -2.477 -0.196
0.561 -2.424 -0.192
0.55 -2.374 -0.188
0.579 -2.314 -0.184
0.568 -2.271 -0.18
0.557 -2.229 -0.177
0.586 -2.18 -0.173
0.576 -2.142 -0.17
0.565 -2.103 -0.167
0.594 -2.066 -0.164
0.591 -2.055 -0.163
0.591 -2.055 -0.163
0.632 -2.059 -0.163
0.636 -2.074 -0.165
0.636 -2.074 -0.165
0.674 -2.067 -0.164
0.674 -2.067 -0.164
0.68 -2.086 -0.166
0.729 -2.111 -0.168
0.736 -2.13 -0.169
0.734 -2.126 -0.169
0.773 -2.117 -0.168
0.781 -2.14 -0.17
0.82 -2.129 -0.169
0.821 -2.133 -0.169
0.827 -2.148 -0.17
0.869 -2.144 -0.17
0.871 -2.148 -0.17
0.872 -2.152 -0.171
0.914 -2.147 -0.17
0.914 -2.147 -0.17
0.916 -2.151 -0.171
0.955 -2.138 -0.17
0.96 -2.149 -0.172
0.963 -2.157 -0.172
1.002 -2.143 -0.171
1.004 -2.147 -0.171
1.009 -2.158 -0.172
1.054 -2.154 -0.172
1.057 -2.161 -0.172
1.061 -2.168 -0.173
1.088 -2.128 -0.17
1.09 -2.132 -0.17
1.102 -2.157 -0.172
1.142 -2.141 -0.171
1.147 -2.151 -0.172
1.147 -2.151 -0.172
1.193 -2.145 -0.171
1.189 -2.138 -0.171
0.635 -1.096 -0.087
0.649 -1.077 -0.086
0.645 -1.07 -0.085
0.64 -1.061 -0.085
0.652 -1.04 -0.083
0.647 -1.031 -0.082
0.66 -1.013 -0.081
0.655 -1.005 -0.08
0.649 -0.997 -0.08
0.662 -0.979 -0.078
0.658 -0.972 -0.078
0.651 -0.962 -0.077
0.664 -0.946 -0.076
0.66 -0.939 -0.075
0.655 -0.933 -0.075
0.667 -0.915 -0.073
0.659 -0.905 -0.072
0.655 -0.898 -0.072
0.667 -0.882 -0.071
0.663 -0.877 -0.07
0.657 -0.869 -0.07
0.667 -0.852 -0.068
0.662 -0.845 -0.068
0.672 -0.827 -0.066
0.668 -0.823 -0.066
0.665 -0.818 -0.066
0.674 -0.8 -0.064
0.671 -0.797 -0.064
0.667 -0.793 -0.064
0.676 -0.775 -0.062
0.67 -0.769 -0.062
0.667 -0.764 -0.061
0.676 -0.748 -0.06
0.672 -0.744 -0.06
0.669 -0.741 -0.059
0.679 -0.726 -0.058
0.675 -0.722 -0.058
0.682 -0.704 -0.057
0.678 -0.7 -0.056
0.677 -0.698 -0.056
0.684 -0.682 -0.055
0.68 -0.678 -0.054
0.676 -0.674 -0.054
0.685 -0.659 -0.053
0.682 -0.656 -0.053
0.679 -0.654 -0.053
0.687 -0.639 -0.051
0.685 -0.636 -0.051
0.683 -0.635 -0.051
0.69 -0.619 -0.05
0.687 -0.616 -0.05
0.685 -0.615 -0.05
0.691 -0.599 -0.048
0.688 -0.596 -0.048
0.696 -0.582 -0.047
0.691 -0.578 -0.047
0.689 -0.577 -0.046
0.696 -0.562 -0.045
0.693 -0.56 -0.045
0.701 -0.546 -0.044
0.697 -0.505 -0.041
0.704 -0.492 -0.04
0.703 -0.491 -0.04
0.7 -0.488 -0.04
0.706 -0.475 -0.038
0.703 -0.473 -0.038
0.701 -0.472 -0.038
0.708 -0.458 -0.037
0.704 -0.456 -0.037
0.708 -0.391 -0.032
0.713 -0.378 -0.031
0.712 -0.377 -0.031
0.71 -0.376 -0.031
0.715 -0.363 -0.03
0.713 -0.362 -0.03
0.711 -0.361 -0.029
0.715 -0.348 -0.028
0.714 -0.347 -0.028
0.714 -0.347 -0.028
0.718 -0.334 -0.027
0.716 -0.333 -0.027
0.712 -0.331 -0.027
0.716 -0.318 -0.026
0.714 -0.317 -0.026
0.716 -0.303 -0.025
0.712 -0.301 -0.025
0.707 -0.299 -0.025
0.707 -0.285 -0.023
0.728 -0.025 -0.003
0.728 -0.025 -0.003
0.726 -0.013 -0.002
0.724 -0.013 -0.002
0.718 -0.012 -0.002
0.714 0.0 -0.001
0.789 0.256 0.019
0.784 0.254 0.019
0.78 0.253 0.019
0.772 0.265 0.02
0.768 0.264 0.02
0.764 0.262 0.02
0.757 0.275 0.021
0.759 0.275 0.021
0.761 0.276 0.021
0.756 0.289 0.022
0.76 0.291 0.022
0.764 0.292 0.022
0.758 0.305 0.023
0.76 0.306 0.023
0.762 0.307 0.023
0.76 0.322 0.024
0.762 0.323 0.024
0.764 0.323 0.025
0.76 0.337 0.026
0.762 0.338 0.026
0.759 0.353 0.027
0.761 0.354 0.027
0.763 0.355 0.027
0.76 0.37 0.028
0.762 0.371 0.028
0.764 0.371 0.028
0.761 0.387 0.029
0.763 0.387 0.03
0.766 0.389 0.03
0.763 0.404 0.031
0.765 0.405 0.031
0.766 0.406 0.031
0.763 0.421 0.032
0.764 0.422 0.032
5.246 3.142 0.24
5.273 3.159 0.241
5.258 3.275 0.25
5.1 3.43 0.263
5.021 3.376 0.258
4.954 3.331 0.255
4.843 3.38 0.259
4.79 3.344 0.256
4.745 3.312 0.254
4.666 3.38 0.26
4.634 3.356 0.258
4.595 3.328 0.256
4.523 3.398 0.261
4.504 3.384 0.26
4.485 3.369 0.259
4.407 3.432 0.264
4.381 3.412 0.262
3.718 3.001 0.231
3.646 3.05 0.235
3.622 3.03 0.233
3.591 3.004 0.231
3.52 3.05 0.235
3.484 3.019 0.233
3.448 2.988 0.231
3.371 3.026 0.234
3.353 3.01 0.232
3.335 2.994 0.231
3.276 3.046 0.235
3.259 3.03 0.234
3.247 3.019 0.233
3.182 3.064 0.237
3.165 3.047 0.235
3.136 3.019 0.233
3.06 3.051 0.236
3.032 3.023 0.233
3.015 3.006 0.232
2.956 3.052 0.236
2.945 3.041 0.235
2.87 3.068 0.237
2.853 3.051 0.237
2.837 3.033 0.235
2.778 3.076 0.239
2.768 3.064 0.238
2.757 3.052 0.237
2.692 3.088 0.24
2.677 3.07 0.238
2.661 3.052 0.237
2.587 3.073 0.238
2.576 3.061 0.237
2.561 3.042 0.236
2.49 3.065 0.238
2.482 3.056 0.237
2.482 3.056 0.237
2.416 3.083 0.239
2.401 3.064 0.238
2.34 3.095 0.24
2.335 3.089 0.24
2.33 3.083 0.239
2.266 3.11 0.241
2.255 3.094 0.24
2.243 3.078 0.239
2.182 3.106 0.242
2.17 3.09 0.241
2.157 3.07 0.239
2.094 3.094 0.241
2.087 3.084 0.24
2.08 3.074 0.24
2.015 3.093 0.241
2.009 3.083 0.24
2.006 3.08 0.24
1.946 3.104 0.242
1.952 3.115 0.243
1.976 3.152 0.246
1.941 3.22 0.251
1.959 3.251 0.253
1.982 3.288 0.256
1.95 3.367 0.263
1.974 3.408 0.266
1.941 3.491 0.272
1.974 3.55 0.277
1.99 3.578 0.279
1.923 3.605 0.281
1.915 3.591 0.28
1.904 3.57 0.279
1.834 3.589 0.28
1.832 3.585 0.28
1.829 3.578 0.279
1.762 3.602 0.281
1.762 3.602 0.281
1.762 3.602 0.281
1.697 3.628 0.283
1.694 3.621 0.283
1.687 3.607 0.281
1.622 3.632 0.283
1.62 3.628 0.283
1.617 3.621 0.283
1.554 3.649 0.286
1.543 3.623 0.284
1.473 3.634 0.285
1.47 3.627 0.284
1.464 3.612 0.283
1.399 3.633 0.285
1.392 3.615 0.283
1.39 3.611 0.283
1.334 3.653 0.286
1.026 2.971 0.232
1.025 2.967 0.232
1.027 2.975 0.233
0.972 2.981 0.233
0.969 2.973 0.233
0.969 2.973 0.233
0.913 2.978 0.234
0.91 2.967 0.233
0.909 2.963 0.233
0.857 2.978 0.234
0.853 2.967 0.233
0.799 2.974 0.234
0.799 2.974 0.234
0.8 2.977 0.234
0.749 2.995 0.235
0.746 2.983 0.234
0.746 2.983 0.234
0.694 2.996 0.235
0.69 2.98 0.234
0.691 2.984 0.234
0.638 2.992 0.235
0.637 2.988 0.235
0.638 2.992 0.235
0.586 3.006 0.236
0.585 3.002 0.236
0.585 2.998 0.236
0.53 2.996 0.235
0.527 2.981 0.234
0.527 2.981 0.234
0.476 2.997 0.235
0.477 3.005 0.236
0.425 3.013 0.237
0.425 3.017 0.237
0.425 3.013 0.237
0.371 3.012 0.237
0.371 3.012 0.237
0.371 3.012 0.237
0.319 3.026 0.238
0.319 3.022 0.237
0.319 3.022 0.237
0.266 3.027 0.239
0.265 3.015 0.238
0.264 3.011 0.238
0.212 3.019 0.238
0.212 3.023 0.238
0.213 3.031 0.239
0.16 3.034 0.239
0.16 3.034 0.239
0.16 3.038 0.24
0.107 3.045 0.24
0.107 3.041 0.24
0.106 3.037 0.24
0.053 3.042 0.24
0.0 3.055 0.241
0.0 3.573 0.282
0.0 3.577 0.282
-0.063 3.588 0.283
-0.063 3.6 0.284
-0.063 3.604 0.284
-0.126 3.595 0.284
-0.126 3.587 0.283
-0.188 3.584 0.283
-0.189 3.592 0.283
-0.189 3.596 0.284
-0.253 3.6 0.284
-0.253 3.612 0.285
-0.253 3.612 0.285
-0.317 3.615 0.285
-0.318 3.627 0.286
-0.318 3.623 0.286
-0.38 3.601 0.285
-0.378 3.589 0.284
-0.379 3.597 0.285
-0.444 3.606 0.285
-0.446 3.621 0.287
-0.448 3.633 0.288
-0.512 3.629 0.287
-0.512 3.633 0.288
-0.582 3.663 0.29
-0.71 3.64 0.288
-0.767 3.596 0.285
-0.767 3.596 0.285
-0.868 3.749 0.297
-0.871 3.761 0.298
-0.875 3.777 0.299
-0.943 3.772 0.299
-0.945 3.78 0.299
-0.949 3.796 0.3
-1.023 3.806 0.302
-1.021 3.798 0.302
-1.013 3.767 0.299
-1.084 3.768 0.299
-1.089 3.787 0.301
-1.095 3.806 0.302
-1.169 3.813 0.303
-1.166 3.802 0.302
-1.165 3.798 0.302
-1.234 3.785 0.301
-1.237 3.796 0.301
-1.24 3.804 0.302
-1.315 3.808 0.302
-1.321 3.823 0.304
-1.39 3.807 0.302
-1.387 3.8 0.302
-1.383 3.788 0.301
-1.458 3.786 0.301
-1.462 3.797 0.302
-1.462 3.797 0.302
-1.537 3.793 0.301
-1.543 3.808 0.302
-1.543 3.808 0.302
-1.613 3.788 0.302
-1.619 3.803 0.303
-1.629 3.825 0.305
-1.708 3.825 0.305
-1.712 3.832 0.305
-1.708 3.825 0.305
-1.778 3.802 0.303
-1.789 3.824 0.305
-1.795 3.838 0.306
-1.876 3.835 0.305
-1.894 3.871 0.308
-1.897 3.878 0.309
-1.969 3.851 0.307
-1.976 3.866 0.308
-1.979 3.873 0.308
-2.051 3.845 0.306
-2.054 3.852 0.307
-2.066 3.873 0.308
-2.137 3.843 0.306
-2.141 3.85 0.307
-2.22 3.833 0.305
-2.228 3.847 0.306
-2.236 3.861 0.309
-2.32 3.849 0.308
-2.328 3.862 0.309
-2.34 3.883 0.31
-2.421 3.862 0.309
-2.421 3.862 0.309
-2.433 3.882 0.31
-2.527 3.879 0.31
-2.545 3.906 0.312
-2.558 3.926 0.314
-2.63 3.888 0.311
-2.639 3.901 0.312
-2.657 3.927 0.314
-2.73 3.887 0.311
-2.735 3.894 0.311
-2.749 3.913 0.313
-2.831 3.884 0.31
-2.84 3.897 0.311
-2.859 3.923 0.313
-2.942 3.892 0.312
-2.951 3.904 0.313
-3.014 3.846 0.308
-3.0 3.827 0.307
-3.096 3.812 0.306
-3.229 3.837 0.308
-3.349 3.84 0.308
-3.401 3.9 0.313
-3.443 3.948 0.316
-3.512 3.888 0.313
-3.522 3.9 0.314
-3.581 3.965 0.319
-3.683 3.937 0.317
-3.694 3.949 0.317
-3.677 3.931 0.316
-3.718 3.838 0.309
-3.69 3.809 0.306
-3.679 3.798 0.306
-3.722 3.711 0.299
-3.705 3.694 0.297
-3.711 3.699 0.298
-3.764 3.623 0.292
-3.752 3.612 0.291
-3.729 3.59 0.289
-3.78 3.514 0.283
-3.762 3.497 0.282
-3.811 3.421 0.276
-3.787 3.399 0.274
-3.635 3.15 0.254
-3.641 3.155 0.255
-3.617 3.134 0.253
-3.64 3.045 0.246
-3.659 3.06 0.247
-3.628 3.035 0.245
-3.625 2.926 0.237
-3.606 2.911 0.236
-3.625 2.926 0.237
-3.65 2.843 0.23
-3.625 2.823 0.229
-3.637 2.833 0.229
-3.68 2.765 0.224
-3.655 2.745 0.223
-3.642 2.736 0.222
-3.683 2.667 0.216
-3.657 2.649 0.215
-3.676 2.566 0.208
-3.703 2.585 0.21
-3.67 2.562 0.208
-3.674 2.471 0.201
-3.694 2.484 0.202
-3.681 2.475 0.201
-3.697 2.393 0.195
-3.69 2.389 0.194
-3.704 2.398 0.195
-3.738 2.329 0.19
-3.691 2.299 0.187
-3.697 2.303 0.188
-3.73 2.235 0.182
-3.696 2.214 0.181
-3.662 2.193 0.179
-3.672 2.113 0.173
-3.672 2.113 0.173
-3.672 2.113 0.173
-3.708 2.049 0.168
-3.722 2.057 0.168
-3.743 2.069 0.169
-3.807 2.018 0.165
-3.793 2.011 0.165
-3.742 1.901 0.156
-3.692 1.876 0.154
-3.692 1.876 0.154
-3.732 1.814 0.149
-3.717 1.807 0.149
-3.71 1.804 0.148
-3.77 1.753 0.144
-3.792 1.763 0.145
-3.799 1.766 0.145
-3.822 1.697 0.14
-3.771 1.674 0.138
-3.713 1.648 0.136
-3.737 1.581 0.131
-3.759 1.591 0.131
-3.723 1.575 0.13
-3.701 1.491 0.124
-3.701 1.491 0.124
-3.742 1.507 0.125
-3.772 1.443 0.12
-3.727 1.426 0.118
-3.755 1.362 0.113
-3.77 1.368 0.114
-3.823 1.387 0.115
-3.74 1.284 0.107
-3.748 1.287 0.107
-3.781 1.225 0.103
-3.793 1.229 0.103
-3.774 1.222 0.102
-3.795 1.157 0.097
-3.821 1.165 0.098
-3.867 1.179 0.099
-3.914 1.119 0.094
-3.872 1.107 0.093
-3.787 1.083 0.091
-3.775 1.008 0.086
-3.794 1.013 0.086
-3.783 1.01 0.086
-3.776 0.939 0.08
-3.769 0.937 0.08
-3.773 0.938 0.08
-3.796 0.874 0.075
-3.788 0.872 0.075
-3.811 0.808 0.07
-3.842 0.814 0.07
-3.881 0.822 0.071
-3.923 0.76 0.066
-3.934 0.762 0.066
-3.883 0.753 0.065
-3.809 0.67 0.059
-3.793 0.667 0.059
-3.797 0.668 0.059
-3.801 0.6 0.053
-3.812 0.602 0.053
-3.84 0.606 0.054
-3.925 0.55 0.049
-3.807 0.533 0.048
-3.819 0.468 0.043
-3.831 0.469 0.043
-3.823 0.468 0.043
-3.819 0.4 0.038
-4.049 0.353 0.034
-4.045 0.353 0.034
-4.037 0.352 0.034
-4.042 0.282 0.028
-3.827 0.2 0.022
-3.843 0.201 0.022
-3.882 0.135 0.017
-3.87 0.135 0.017
-3.842 0.134 0.017
-3.855 0.067 0.011
-3.851 0.067 0.011
-3.843 0.067 0.011
-4.0 0.0 0.038
-4.024 0.0 0.038
-4.023 -0.069 0.027
-4.027 -0.069 0.027
-4.023 -0.069 0.027
-4.03 -0.139 0.016
-4.034 -0.139 0.016
-4.034 -0.139 0.016
-4.03 -0.209 0.005
-4.026 -0.208 0.005
-4.022 -0.278 -0.007
-4.03 -0.278 -0.007
-4.03 -0.278 -0.007
-4.021 -0.347 -0.018
-4.029 -0.348 -0.018
-4.041 -0.349 -0.018
-4.034 -0.419 -0.029
-4.03 -0.418 -0.029
-4.038 -0.419 -0.029
-4.039 -0.489 -0.041
-4.035 -0.489 -0.041
-4.043 -0.49 -0.041
-4.041 -0.561 -0.052
-4.045 -0.561 -0.052
-4.045 -0.561 -0.052
-4.047 -0.633 -0.064
-4.054 -0.634 -0.064
-4.062 -0.635 -0.064
-4.051 -0.705 -0.075
-4.058 -0.706 -0.075
-4.066 -0.708 -0.076
-4.061 -0.779 -0.087
-4.085 -0.784 -0.088
-4.092 -0.785 -0.087
-4.07 -0.854 -0.099
-4.078 -0.856 -0.099
-4.094 -0.859 -0.099
-4.101 -0.935 -0.111
-3.921 -0.965 -0.118
-3.871 -0.953 -0.117
-3.793 -0.933 -0.114
-3.702 -0.979 -0.122
-3.629 -0.96 -0.12
-3.567 -0.943 -0.117
-3.5 -0.991 -0.126
-3.435 -0.972 -0.124
-3.365 -0.953 -0.121
-3.291 -0.993 -0.128
-3.237 -0.977 -0.126
-3.199 -0.965 -0.125
-3.143 -1.008 -0.132
-3.082 -0.989 -0.13
-3.015 -1.025 -0.137
-2.902 -0.986 -0.131
-2.873 -1.032 -0.139
-2.831 -1.017 -0.136
-2.794 -1.004 -0.135
-2.764 -1.047 -0.142
-2.776 -1.052 -0.143
-2.791 -1.057 -0.144
-2.772 -1.105 -0.151
-2.78 -1.108 -0.152
-2.787 -1.111 -0.152
-2.775 -1.162 -0.161
-2.786 -1.167 -0.161
-2.804 -1.174 -0.163
-2.786 -1.224 -0.171
-2.786 -1.224 -0.171
-2.794 -1.227 -0.171
-2.783 -1.28 -0.18
-2.786 -1.282 -0.18
-2.79 -1.284 -0.18
-2.781 -1.338 -0.189
-2.785 -1.34 -0.189
-2.736 -1.375 -0.195
-2.707 -1.361 -0.192
-2.679 -1.347 -0.191
-2.619 -1.374 -0.196
-1.876 -1.026 -0.147
-1.869 -1.022 -0.146
-1.876 -1.068 -0.153
-2.125 -1.211 -0.174
-2.139 -1.218 -0.176
-2.316 -1.373 -0.198
-2.275 -1.402 -0.204
-2.254 -1.39 -0.202
-2.227 -1.373 -0.199
-2.186 -1.4 -0.204
-1.643 -1.093 -0.16
-1.617 -1.117 -0.164
-1.686 -1.164 -0.171
-1.701 -1.219 -0.18
-1.555 -1.114 -0.164
-1.532 -1.139 -0.169
-1.531 -1.137 -0.169
-1.534 -1.14 -0.169
-1.496 -1.153 -0.171
-1.477 -1.138 -0.169
-1.471 -1.133 -0.168
-1.452 -1.159 -0.172
-1.461 -1.167 -0.173
-1.284 -1.062 -0.159
-1.255 -1.075 -0.161
-1.255 -1.075 -0.161
-1.261 -1.08 -0.161
-1.249 -1.109 -0.166
-1.256 -1.115 -0.167
-1.34 -1.232 -0.185
-1.552 -1.428 -0.214
-1.541 -1.417 -0.212
-1.507 -1.435 -0.216
-1.524 -1.451 -0.219
-1.399 -1.38 -0.208
-1.282 -1.308 -0.198
-1.276 -1.303 -0.197
-1.287 -1.314 -0.199
-1.374 -1.453 -0.22
-1.366 -1.444 -0.219
-1.332 -1.459 -0.221
-1.327 -1.453 -0.221
-1.32 -1.445 -0.22
-1.292 -1.465 -0.223
-1.285 -1.458 -0.222
-1.272 -1.443 -0.22
-1.236 -1.452 -0.221
-1.235 -1.451 -0.221
-1.207 -1.469 -0.225
-1.203 -1.464 -0.224
-1.195 -1.455 -0.223
-1.163 -1.467 -0.225
-1.159 -1.463 -0.224
-1.153 -1.455 -0.223
-1.121 -1.467 -0.224
-1.119 -1.464 -0.224
-1.115 -1.459 -0.223
-1.084 -1.47 -0.226
-1.079 -1.463 -0.225
-1.074 -1.457 -0.224
-1.045 -1.47 -0.226
-1.041 -1.466 -0.225
-1.038 -1.461 -0.224
-1.009 -1.473 -0.227
-1.003 -1.465 -0.226
-0.997 -1.457 -0.225
-0.97 -1.472 -0.227
-0.968 -1.469 -0.227
-0.94 -1.482 -0.229
-0.936 -1.475 -0.228
-0.93 -1.467 -0.227
-0.9 -1.476 -0.229
-0.897 -1.471 -0.228
-0.896 -1.469 -0.228
-0.868 -1.481 -0.23
-0.865 -1.476 -0.229
-0.863 -1.472 -0.228
-0.834 -1.482 -0.23
-0.831 -1.477 -0.229
-0.829 -1.473 -0.229
-0.8 -1.482 -0.23
-0.796 -1.475 -0.23
-0.795 -1.473 -0.23
-0.767 -1.483 -0.231
-0.765 -1.478 -0.23
-0.738 -1.489 -0.232
-0.738 -1.489 -0.232
-0.736 -1.486 -0.231
-0.708 -1.494 -0.233
-0.706 -1.491 -0.232
-0.704 -1.485 -0.231
-0.676 -1.494 -0.234
-0.673 -1.488 -0.233
-0.671 -1.483 -0.232
-0.644 -1.492 -0.234
-0.643 -1.491 -0.233
-0.642 -1.489 -0.233
-0.615 -1.498 -0.234
-0.613 -1.494 -0.234
-0.612 -1.49 -0.233
-0.585 -1.501 -0.235
-0.583 -1.495 -0.235
-0.582 -1.491 -0.234
-0.556 -1.503 -0.236
-0.555 -1.499 -0.236
-0.527 -1.505 -0.237
-0.526 -1.501 -0.236
-0.524 -1.497 -0.235
-0.498 -1.506 -0.237
-0.497 -1.504 -0.236
-0.496 -1.501 -0.236
-0.469 -1.509 -0.238
-0.469 -1.507 -0.238
-0.468 -1.505 -0.238
-0.441 -1.511 -0.239
-0.44 -1.509 -0.238
-0.44 -1.507 -0.238
-0.412 -1.513 -0.239
-0.412 -1.511 -0.239
-0.411 -1.509 -0.238
-0.385 -1.518 -0.24
-0.385 -1.518 -0.24
-0.384 -1.512 -0.239
-0.357 -1.516 -0.24
-0.357 -1.516 -0.24
-0.328 -1.516 -0.24
-0.367 -2.55 -0.406
-0.454 -3.614 -0.576
-0.289 -7.823 -1.253
-0.15 -7.827 -1.255
0.25 -7.389 -1.188
0.365 -5.271 -0.849
0.373 -4.289 -0.692
0.448 -4.266 -0.689
0.45 -4.281 -0.691
0.45 -4.289 -0.693
0.528 -4.304 -0.696
0.526 -4.288 -0.693
0.513 -3.23 -0.523
0.501 -3.156 -0.512
0.526 -2.975 -0.483
0.515 -2.905 -0.471
0.504 -2.847 -0.462
0.542 -2.772 -0.45
0.53 -2.71 -0.44
0.517 -2.644 -0.429
0.55 -2.573 -0.418
0.537 -2.511 -0.408
0.567 -2.444 -0.397
0.557 -2.401 -0.39
0.548 -2.359 -0.384
0.577 -2.295 -0.373
0.564 -2.246 -0.365
0.554 -2.207 -0.359
0.583 -2.159 -0.353
0.573 -2.121 -0.345
0.562 -2.083 -0.339
0.591 -2.046 -0.334
0.593 -2.054 -0.336
0.598 -2.069 -0.338
0.634 -2.058 -0.336
0.633 -2.055 -0.336
0.636 -2.062 -0.337
0.673 -2.055 -0.336
0.674 -2.058 -0.336
0.722 -2.08 -0.341
0.733 -2.11 -0.346
0.733 -2.11 -0.346
0.771 -2.101 -0.344
0.774 -2.108 -0.345
0.778 -2.119 -0.347
0.821 -2.12 -0.348
0.827 -2.135 -0.351
0.828 -2.139 -0.351
0.869 -2.131 -0.35
0.872 -2.139 -0.351
0.872 -2.139 -0.351
0.911 -2.127 -0.35
0.913 -2.13 -0.351
0.914 -2.134 -0.352
0.954 -2.121 -0.35
0.957 -2.129 -0.351
0.96 -2.136 -0.352
1.005 -2.133 -0.351
1.011 -2.148 -0.355
1.013 -2.151 -0.355
1.053 -2.137 -0.353
1.06 -2.151 -0.355
1.065 -2.162 -0.357
1.116 -2.168 -0.359
1.114 -2.164 -0.358
1.105 -2.147 -0.355
1.144 -2.131 -0.353
1.152 -2.145 -0.355
1.154 -2.148 -0.356
1.192 -2.128 -0.353
0.638 -1.094 -0.182
0.633 -1.086 -0.18
0.647 -1.066 -0.177
0.643 -1.06 -0.176
0.638 -1.051 -0.175
0.65 -1.03 -0.171
0.643 -1.02 -0.17
0.657 -1.002 -0.167
0.652 -0.994 -0.166
0.647 -0.987 -0.164
0.661 -0.969 -0.162
0.655 -0.961 -0.16
0.651 -0.954 -0.159
0.663 -0.937 -0.156
0.657 -0.928 -0.155
0.653 -0.922 -0.154
0.666 -0.906 -0.151
0.658 -0.896 -0.15
0.654 -0.89 -0.149
0.663 -0.871 -0.146
0.66 -0.866 -0.145
0.655 -0.86 -0.144
0.666 -0.843 -0.141
0.661 -0.837 -0.14
0.671 -0.819 -0.138
0.667 -0.815 -0.137
0.664 -0.81 -0.136
0.673 -0.793 -0.133
0.669 -0.788 -0.133
0.666 -0.785 -0.132
0.675 -0.768 -0.129
0.669 -0.762 -0.128
0.666 -0.757 -0.128
0.676 -0.743 -0.125
0.672 -0.738 -0.124
0.668 -0.734 -0.124
0.678 -0.719 -0.121
0.673 -0.713 -0.121
0.681 -0.697 -0.118
0.678 -0.695 -0.118
0.676 -0.692 -0.117
0.683 -0.676 -0.114
0.679 -0.672 -0.114
0.675 -0.667 -0.113
0.684 -0.653 -0.111
0.682 -0.652 -0.111
0.678 -0.647 -0.11
0.686 -0.633 -0.108
0.684 -0.63 -0.107
0.681 -0.628 -0.107
0.689 -0.613 -0.104
0.686 -0.61 -0.104
0.683 -0.608 -0.104
0.69 -0.593 -0.102
0.687 -0.591 -0.101
0.695 -0.576 -0.1
0.69 -0.572 -0.099
0.688 -0.571 -0.098
0.695 -0.557 -0.096
0.692 -0.554 -0.096
0.691 -0.553 -0.096
0.699 -0.54 -0.094
0.7 -0.485 -0.085
0.699 -0.484 -0.085
0.705 -0.47 -0.083
0.704 -0.469 -0.082
0.7 -0.467 -0.082
0.707 -0.454 -0.08
0.705 -0.453 -0.08
0.702 -0.451 -0.079
0.706 -0.436 -0.077
0.706 -0.436 -0.077
0.703 -0.434 -0.077
0.714 -0.359 -0.065
0.712 -0.359 -0.065
0.71 -0.358 -0.064
0.714 -0.345 -0.062
0.713 -0.344 -0.062
0.711 -0.343 -0.062
0.717 -0.33 -0.06
0.715 -0.33 -0.06
0.713 -0.329 -0.06
0.715 -0.315 -0.058
0.713 -0.314 -0.057
0.713 -0.314 -0.057
0.718 -0.301 -0.055
0.718 -0.301 -0.055
0.721 -0.288 -0.053
0.721 -0.288 -0.053
0.726 -0.025 -0.011
0.728 -0.025 -0.011
0.726 -0.013 -0.009
0.724 -0.012 -0.009
0.718 -0.012 -0.009
0.714 0.0 -0.007
0.789 0.253 0.034
0.784 0.251 0.033
0.78 0.25 0.033
0.772 0.262 0.035
0.768 0.261 0.035
0.764 0.26 0.035
0.757 0.272 0.037
0.759 0.273 0.037
0.761 0.274 0.037
0.756 0.287 0.039
0.76 0.288 0.039
0.764 0.289 0.039
0.76 0.303 0.042
0.762 0.304 0.042
0.762 0.304 0.042
0.76 0.319 0.044
0.762 0.319 0.044
0.764 0.32 0.044
0.76 0.334 0.047
0.764 0.336 0.047
0.759 0.35 0.049
0.761 0.351 0.049
0.763 0.351 0.049
0.761 0.366 0.052
0.763 0.367 0.052
0.767 0.369 0.052
0.762 0.383 0.054
0.764 0.384 0.055
0.767 0.385 0.055
0.764 0.4 0.057
0.766 0.401 0.057
0.767 0.402 0.058
0.764 0.417 0.06
0.765 0.418 0.06
5.168 3.185 0.462
5.222 3.219 0.468
5.232 3.351 0.489
5.138 3.419 0.501
4.946 3.416 0.501
4.646 3.329 0.49
4.567 3.394 0.502
4.548 3.38 0.5
4.49 3.337 0.494
4.418 3.404 0.504
4.393 3.385 0.502
4.301 3.435 0.51
4.276 3.415 0.508
4.258 3.4 0.506
4.172 3.453 0.515
4.148 3.432 0.512
4.117 3.407 0.508
4.008 3.436 0.514
3.984 3.415 0.51
3.972 3.405 0.51
3.887 3.451 0.517
3.863 3.43 0.515
3.852 3.42 0.513
3.773 3.469 0.521
3.75 3.448 0.518
3.738 3.437 0.517
3.653 3.479 0.524
3.619 3.446 0.519
3.602 3.429 0.517
3.524 3.474 0.525
3.49 3.441 0.519
3.4 3.472 0.525
3.389 3.46 0.523
3.389 3.46 0.523
3.317 3.507 0.532
3.3 3.489 0.529
3.284 3.472 0.526
3.206 3.51 0.534
3.19 3.493 0.531
3.179 3.481 0.529
3.107 3.523 0.537
3.096 3.511 0.535
3.081 3.493 0.532
3.008 3.534 0.539
2.988 3.51 0.535
2.962 3.479 0.531
2.895 3.524 0.539
2.88 3.505 0.536
2.807 3.542 0.543
2.798 3.529 0.541
2.778 3.504 0.537
2.706 3.539 0.543
2.701 3.533 0.542
2.682 3.507 0.538
2.615 3.547 0.544
2.605 3.534 0.542
2.587 3.508 0.539
2.515 3.539 0.544
2.139 3.124 0.481
2.103 3.071 0.473
2.042 3.097 0.478
2.033 3.084 0.476
2.02 3.064 0.473
1.953 3.078 0.476
2.181 3.575 0.553
2.176 3.568 0.553
2.105 3.591 0.557
2.093 3.571 0.553
2.077 3.543 0.549
2.01 3.572 0.554
2.01 3.572 0.554
2.014 3.579 0.555
1.943 3.599 0.56
1.935 3.585 0.557
1.926 3.567 0.555
1.859 3.593 0.56
1.855 3.586 0.559
1.848 3.572 0.556
1.776 3.585 0.559
1.769 3.571 0.556
1.769 3.571 0.556
1.704 3.597 0.561
1.701 3.59 0.56
1.635 3.615 0.565
1.632 3.608 0.564
1.63 3.604 0.564
1.562 3.621 0.566
1.557 3.61 0.565
1.559 3.614 0.565
1.485 3.618 0.567
1.478 3.6 0.564
1.482 3.611 0.566
1.421 3.643 0.572
1.42 3.639 0.571
1.416 3.628 0.569
1.35 3.648 0.573
1.346 3.637 0.571
1.34 3.622 0.568
1.273 3.637 0.572
1.266 3.615 0.568
1.262 3.604 0.566
1.198 3.625 0.571
1.198 3.625 0.571
1.131 3.637 0.573
1.129 3.63 0.572
1.129 3.63 0.572
1.063 3.645 0.575
1.063 3.645 0.575
1.061 3.637 0.574
0.998 3.658 0.578
0.995 3.647 0.576
0.992 3.636 0.575
0.928 3.656 0.578
0.929 3.66 0.578
0.928 3.656 0.578
0.864 3.671 0.581
0.861 3.66 0.579
0.858 3.648 0.578
0.795 3.666 0.582
0.793 3.658 0.58
0.793 3.658 0.58
0.73 3.675 0.583
0.729 3.671 0.582
0.727 3.664 0.581
0.662 3.676 0.584
0.66 3.664 0.582
0.595 3.675 0.584
0.595 3.675 0.584
0.597 3.686 0.586
0.533 3.704 0.59
0.532 3.696 0.588
0.53 3.684 0.586
0.465 3.693 0.589
0.466 3.697 0.589
0.465 3.693 0.589
0.399 3.696 0.589
0.4 3.7 0.59
0.4 3.704 0.591
0.334 3.706 0.592
0.335 3.71 0.593
0.335 3.71 0.593
0.269 3.711 0.593
0.268 3.703 0.593
0.268 3.703 0.593
0.203 3.711 0.594
0.203 3.715 0.594
0.203 3.711 0.594
0.137 3.714 0.595
0.138 3.722 0.597
0.072 3.72 0.596
0.072 3.712 0.595
0.005 3.523 0.566
0.005 3.558 0.571
0.005 3.547 0.569
-0.058 3.55 0.571
-0.058 3.566 0.573
-0.058 3.57 0.574
-0.121 3.568 0.574
-0.121 3.564 0.573
-0.121 3.556 0.572
-0.184 3.561 0.574
-0.184 3.558 0.573
-0.184 3.554 0.572
-0.248 3.573 0.576
-0.249 3.581 0.577
-0.248 3.577 0.576
-0.312 3.58 0.578
-0.313 3.584 0.578
-0.314 3.596 0.58
-0.377 3.59 0.58
-0.376 3.578 0.578
-0.377 3.59 0.58
-0.442 3.591 0.58
-0.441 3.587 0.58
-0.506 3.59 0.581
-0.507 3.594 0.582
-0.507 3.598 0.583
-0.571 3.593 0.582
-0.571 3.593 0.582
-0.573 3.6 0.583
-0.637 3.594 0.583
-0.637 3.594 0.583
-0.638 3.602 0.584
-0.701 3.586 0.583
-0.7 3.582 0.582
-0.702 3.59 0.583
-0.768 3.593 0.584
-0.772 3.612 0.587
-0.877 3.775 0.614
-0.876 3.771 0.613
-0.879 3.787 0.616
-0.954 3.801 0.619
-0.956 3.809 0.62
-0.954 3.801 0.619
-1.019 3.777 0.616
-1.02 3.781 0.617
-1.021 3.784 0.618
-1.083 3.751 0.612
-1.083 3.751 0.612
-1.155 3.75 0.613
-1.16 3.766 0.615
-1.16 3.766 0.615
-1.233 3.764 0.616
-1.235 3.771 0.617
-1.233 3.764 0.616
-1.307 3.764 0.616
-1.315 3.787 0.62
-1.309 3.772 0.617
-1.383 3.767 0.618
-1.392 3.793 0.622
-1.395 3.8 0.623
-1.465 3.783 0.621
-1.468 3.79 0.622
-1.473 3.805 0.625
-1.54 3.779 0.622
-1.546 3.794 0.624
-1.558 3.823 0.629
-1.629 3.803 0.625
-1.632 3.81 0.627
-1.632 3.81 0.627
-1.702 3.788 0.624
-1.712 3.81 0.628
-1.719 3.824 0.63
-1.789 3.801 0.627
-1.796 3.816 0.63
-1.803 3.83 0.632
-1.888 3.834 0.633
-1.888 3.834 0.633
-1.888 3.834 0.633
-1.966 3.822 0.632
-1.973 3.836 0.635
-2.056 3.829 0.634
-2.067 3.85 0.638
-2.075 3.864 0.64
-2.15 3.841 0.637
-2.147 3.834 0.636
-2.15 3.841 0.637
-2.234 3.831 0.636
-2.246 3.851 0.639
-2.262 3.879 0.644
-2.33 3.839 0.638
-2.343 3.859 0.642
-2.355 3.88 0.645
-2.415 3.825 0.637
-2.427 3.845 0.64
-2.461 3.899 0.649
-2.543 3.875 0.646
-2.556 3.895 0.649
-2.573 3.922 0.654
-2.647 3.883 0.648
-2.651 3.89 0.649
-2.656 3.896 0.65
-2.747 3.882 0.649
-2.761 3.902 0.652
-2.844 3.873 0.649
-2.844 3.873 0.649
-2.867 3.904 0.654
-2.95 3.873 0.65
-2.955 3.88 0.651
-2.965 3.892 0.653
-3.008 3.809 0.64
-3.018 3.822 0.642
-3.067 3.884 0.653
-3.146 3.843 0.647
-3.146 3.843 0.647
-3.285 3.873 0.653
-3.374 3.839 0.648
-3.4 3.869 0.653
-3.421 3.893 0.657
-3.511 3.857 0.652
-3.591 3.945 0.667
-3.639 3.997 0.676
-3.704 3.928 0.666
-3.688 3.911 0.663
-3.66 3.882 0.658
-3.712 3.801 0.645
-3.69 3.779 0.642
-3.673 3.761 0.639
-3.716 3.675 0.625
-3.705 3.664 0.623
-3.763 3.594 0.612
-3.752 3.583 0.61
-3.74 3.572 0.608
-3.786 3.491 0.596
-3.775 3.48 0.595
-3.751 3.458 0.59
-3.8 3.383 0.579
-3.58 3.187 0.546
-3.648 3.135 0.537
-3.636 3.125 0.536
-3.587 3.083 0.529
-3.641 3.021 0.519
-3.623 3.006 0.517
-3.592 2.98 0.512
-3.613 2.893 0.498
-3.601 2.883 0.497
-3.601 2.883 0.497
-3.627 2.801 0.484
-3.646 2.816 0.486
-3.659 2.825 0.489
-3.67 2.733 0.474
-3.638 2.71 0.469
-3.672 2.637 0.458
-3.659 2.628 0.457
-3.633 2.609 0.453
-3.699 2.56 0.446
-3.679 2.546 0.444
-3.633 2.514 0.438
-3.677 2.451 0.429
-3.69 2.46 0.43
-3.67 2.447 0.428
-3.686 2.366 0.415
-3.686 2.366 0.415
-3.666 2.353 0.413
-3.693 2.281 0.401
-3.7 2.285 0.402
-3.68 2.273 0.4
-3.707 2.201 0.388
-3.679 2.185 0.386
-3.638 2.16 0.381
-3.669 2.093 0.371
-3.669 2.093 0.371
-3.669 2.093 0.371
-3.705 2.03 0.361
-3.747 2.053 0.365
-3.811 2.002 0.357
-3.804 1.999 0.357
-3.704 1.865 0.334
-3.689 1.858 0.333
-3.689 1.858 0.333
-3.714 1.79 0.322
-3.707 1.787 0.322
-3.722 1.794 0.323
-3.767 1.736 0.315
-3.789 1.746 0.316
-3.796 1.749 0.317
-3.797 1.671 0.304
-3.739 1.645 0.299
-3.71 1.632 0.297
-3.767 1.58 0.29
-3.749 1.572 0.287
-3.683 1.545 0.283
-3.707 1.479 0.273
-3.71 1.481 0.273
-3.736 1.417 0.262
-3.721 1.411 0.262
-3.721 1.411 0.262
-3.761 1.352 0.252
-3.798 1.366 0.255
-3.727 1.268 0.239
-3.738 1.272 0.239
-3.742 1.273 0.239
-3.798 1.219 0.232
-3.806 1.222 0.232
-3.753 1.205 0.228
-3.777 1.141 0.219
-3.835 1.158 0.222
-3.881 1.172 0.225
-3.901 1.105 0.214
-3.751 1.062 0.206
-3.769 0.998 0.196
-3.773 0.999 0.196
-3.782 0.932 0.186
-3.778 0.931 0.185
-3.767 0.928 0.185
-3.815 0.87 0.176
-3.819 0.871 0.176
-3.783 0.863 0.174
-3.81 0.8 0.164
-3.841 0.806 0.165
-3.888 0.816 0.168
-3.929 0.754 0.158
-3.929 0.754 0.158
-3.773 0.657 0.141
-3.808 0.663 0.142
-3.792 0.66 0.142
-3.776 0.591 0.131
-3.788 0.592 0.131
-3.847 0.602 0.133
-3.901 0.541 0.124
-3.877 0.538 0.123
-3.817 0.53 0.121
-3.814 0.463 0.11
-3.806 0.462 0.11
-3.802 0.461 0.11
-3.806 0.395 0.099
-4.037 0.419 0.105
-4.04 0.349 0.094
-4.036 0.349 0.094
-4.041 0.279 0.083
-3.81 0.263 0.078
-3.847 0.199 0.068
-3.903 0.202 0.069
-3.879 0.201 0.069
-3.854 0.133 0.057
-3.858 0.133 0.057
-3.85 0.133 0.057
-3.879 0.067 0.048
-3.887 0.067 0.048
-3.835 0.066 0.047
-3.995 0.0 0.08
-4.026 -0.069 0.068
-4.026 -0.069 0.068
-4.026 -0.069 0.068
-4.026 -0.138 0.054
-4.03 -0.138 0.054
-4.034 -0.138 0.054
-4.03 -0.207 0.041
-4.026 -0.207 0.041
-4.034 -0.208 0.041
-4.034 -0.277 0.027
-4.03 -0.277 0.027
-4.03 -0.277 0.027
-4.03 -0.346 0.014
-4.03 -0.346 0.014
-4.038 -0.347 0.014
-4.031 -0.416 -0.0
-4.035 -0.416 -0.0
-4.043 -0.417 0.0
-4.039 -0.487 -0.013
-4.043 -0.487 -0.013
-4.051 -0.488 -0.014
-4.041 -0.557 -0.027
-4.045 -0.558 -0.027
-4.032 -0.627 -0.04
-4.044 -0.628 -0.041
-4.055 -0.63 -0.041
-4.052 -0.701 -0.055
-4.059 -0.702 -0.055
-4.059 -0.702 -0.055
-4.062 -0.775 -0.068
-4.07 -0.776 -0.068
-4.078 -0.778 -0.069
-4.079 -0.851 -0.083
-4.079 -0.851 -0.083
-4.079 -0.851 -0.083
-4.064 -0.92 -0.096
-4.095 -0.928 -0.098
-4.056 -0.919 -0.097
-3.946 -0.965 -0.108
-3.888 -0.951 -0.106
-3.826 -0.936 -0.104
-3.724 -0.979 -0.115
-3.658 -0.962 -0.113
-3.59 -1.01 -0.124
-3.537 -0.995 -0.122
-3.479 -0.979 -0.119
-3.396 -1.018 -0.129
-3.327 -0.998 -0.126
-3.274 -0.982 -0.124
-3.21 -1.023 -0.134
-3.164 -1.008 -0.132
-3.115 -0.993 -0.13
-3.051 -1.03 -0.139
-2.983 -1.007 -0.135
-2.938 -0.992 -0.133
-2.893 -1.033 -0.142
-2.852 -1.018 -0.14
-2.807 -1.002 -0.138
-2.774 -1.044 -0.146
-2.782 -1.047 -0.147
-2.767 -1.096 -0.157
-2.774 -1.099 -0.157
-2.786 -1.103 -0.158
-2.773 -1.154 -0.167
-2.788 -1.16 -0.169
-2.795 -1.163 -0.169
-2.778 -1.212 -0.179
-2.788 -1.217 -0.18
-2.796 -1.22 -0.18
-2.781 -1.271 -0.19
-2.785 -1.273 -0.191
-2.792 -1.276 -0.191
-2.777 -1.327 -0.201
-2.791 -1.334 -0.202
-2.802 -1.339 -0.203
-2.764 -1.38 -0.212
-2.746 -1.371 -0.211
-2.724 -1.36 -0.208
-2.646 -1.437 -0.225
-1.89 -1.026 -0.161
-1.864 -1.054 -0.167
-1.892 -1.07 -0.169
-2.071 -1.22 -0.194
-2.082 -1.226 -0.195
-2.305 -1.411 -0.227
-2.285 -1.398 -0.225
-1.782 -1.134 -0.184
-1.785 -1.136 -0.184
-1.758 -1.162 -0.19
-1.755 -1.159 -0.19
-1.745 -1.153 -0.188
-1.642 -1.126 -0.185
-1.68 -1.196 -0.198
-1.537 -1.134 -0.189
-1.533 -1.131 -0.188
-1.52 -1.121 -0.187
-1.49 -1.14 -0.191
-1.508 -1.153 -0.193
-1.496 -1.186 -0.2
-1.493 -1.184 -0.199
-1.487 -1.179 -0.198
-1.469 -1.207 -0.205
-1.302 -1.069 -0.181
-1.275 -1.085 -0.184
-1.266 -1.077 -0.184
-1.266 -1.077 -0.184
-1.254 -1.105 -0.189
-1.261 -1.112 -0.19
-1.27 -1.119 -0.192
-1.378 -1.257 -0.216
-1.377 -1.256 -0.215
-1.352 -1.277 -0.22
-1.334 -1.305 -0.226
-1.395 -1.365 -0.236
-1.391 -1.361 -0.235
-1.282 -1.298 -0.225
-1.267 -1.328 -0.232
-1.293 -1.356 -0.237
-1.361 -1.478 -0.259
-1.353 -1.469 -0.258
-1.345 -1.461 -0.256
-1.312 -1.476 -0.26
-1.307 -1.47 -0.259
-1.301 -1.464 -0.258
-1.271 -1.48 -0.262
-1.264 -1.473 -0.26
-1.257 -1.465 -0.259
-1.223 -1.477 -0.261
-1.216 -1.468 -0.26
-1.211 -1.462 -0.259
-1.183 -1.479 -0.262
-1.181 -1.476 -0.262
-1.175 -1.47 -0.261
-1.141 -1.479 -0.263
-1.135 -1.472 -0.262
-1.106 -1.487 -0.266
-1.1 -1.479 -0.264
-1.096 -1.473 -0.263
-1.066 -1.486 -0.267
-1.061 -1.48 -0.266
-1.059 -1.477 -0.265
-1.028 -1.488 -0.267
-1.023 -1.48 -0.267
-1.019 -1.475 -0.266
-0.991 -1.489 -0.268
-0.986 -1.482 -0.267
-0.984 -1.479 -0.266
-0.956 -1.492 -0.27
-0.95 -1.484 -0.268
-0.947 -1.479 -0.267
-0.919 -1.491 -0.271
-0.916 -1.486 -0.27
-0.915 -1.484 -0.269
-0.883 -1.491 -0.271
-0.878 -1.483 -0.269
-0.849 -1.492 -0.272
-0.847 -1.489 -0.271
-0.846 -1.487 -0.271
-0.817 -1.498 -0.274
-0.815 -1.494 -0.273
-0.814 -1.493 -0.273
-0.785 -1.501 -0.275
-0.784 -1.499 -0.274
-0.783 -1.498 -0.274
-0.751 -1.5 -0.275
-0.748 -1.493 -0.274
-0.745 -1.488 -0.273
-0.718 -1.498 -0.276
-0.717 -1.497 -0.276
-0.716 -1.495 -0.275
-0.688 -1.503 -0.277
-0.688 -1.503 -0.277
-0.688 -1.503 -0.277
-0.659 -1.509 -0.279
-0.656 -1.504 -0.278
-0.626 -1.507 -0.279
-0.626 -1.507 -0.279
-0.625 -1.504 -0.279
-0.597 -1.51 -0.281
-0.595 -1.507 -0.28
-0.594 -1.503 -0.279
-0.567 -1.513 -0.282
-0.566 -1.511 -0.282
-0.566 -1.509 -0.281
-0.538 -1.517 -0.283
-0.537 -1.515 -0.282
-0.537 -1.515 -0.282
-0.51 -1.524 -0.285
-0.51 -1.522 -0.285
-0.508 -1.516 -0.284
-0.48 -1.523 -0.285
-0.48 -1.521 -0.285
-0.451 -1.525 -0.286
-0.451 -1.523 -0.286
-0.45 -1.519 -0.285
-0.422 -1.525 -0.287
-0.421 -1.521 -0.287
-0.421 -1.521 -0.287
-0.394 -1.528 -0.288
-0.394 -1.526 -0.288
-0.393 -1.524 -0.287
-0.365 -1.529 -0.289
-0.365 -1.529 -0.289
-0.365 -1.525 -0.288
-0.337 -1.527 -0.289
-0.468 -3.629 -0.694
-0.523 -5.626 -1.079
-0.323 -5.639 -1.086
-0.323 -5.632 -1.085
-0.223 -5.644 -1.089
-0.022 -5.663 -1.097
0.079 -5.685 -1.103
0.181 -5.699 -1.108
0.281 -5.671 -1.104
0.357 -5.304 -1.034
0.373 -4.374 -0.855
0.368 -4.319 -0.844
0.444 -4.304 -0.842
0.444 -4.304 -0.842
0.523 -4.319 -0.847
0.525 -4.334 -0.85
0.469 -3.364 -0.661
0.5 -3.173 -0.624
0.487 -3.091 -0.609
0.474 -3.014 -0.594
0.516 -2.939 -0.579
0.503 -2.862 -0.564
0.54 -2.783 -0.55
0.527 -2.718 -0.537
0.517 -2.66 -0.525
0.551 -2.593 -0.513
0.537 -2.528 -0.5
0.527 -2.481 -0.492
0.56 -2.426 -0.481
0.549 -2.372 -0.47
0.536 -2.319 -0.46
0.567 -2.267 -0.45
0.556 -2.225 -0.442
0.544 -2.176 -0.432
0.573 -2.128 -0.424
0.562 -2.09 -0.416
0.596 -2.069 -0.413
0.597 -2.072 -0.413
0.598 -2.076 -0.414
0.636 -2.069 -0.414
0.638 -2.073 -0.414
0.641 -2.084 -0.417
0.679 -2.077 -0.416
0.682 -2.084 -0.418
0.689 -2.106 -0.422
0.734 -2.116 -0.425
0.738 -2.128 -0.427
0.741 -2.135 -0.428
0.784 -2.137 -0.43
0.789 -2.151 -0.433
0.791 -2.159 -0.434
0.831 -2.148 -0.433
0.832 -2.152 -0.434
0.832 -2.152 -0.434
0.872 -2.141 -0.433
0.877 -2.152 -0.435
0.88 -2.159 -0.436
0.919 -2.147 -0.435
0.921 -2.151 -0.436
0.926 -2.162 -0.438
0.97 -2.16 -0.438
0.974 -2.167 -0.44
0.977 -2.174 -0.441
1.019 -2.164 -0.44
1.022 -2.171 -0.441
1.062 -2.157 -0.439
1.064 -2.16 -0.439
1.085 -2.106 -0.43
1.104 -2.145 -0.437
1.108 -2.152 -0.439
1.155 -2.15 -0.439
1.167 -2.171 -0.444
1.167 -2.171 -0.444
1.201 -2.143 -0.439
0.642 -1.098 -0.226
0.636 -1.088 -0.224
0.65 -1.069 -0.22
0.645 -1.06 -0.218
0.64 -1.052 -0.217
0.652 -1.031 -0.213
0.647 -1.022 -0.211
0.641 -1.014 -0.209
0.654 -0.995 -0.206
0.648 -0.986 -0.204
0.644 -0.98 -0.203
0.657 -0.962 -0.199
0.651 -0.954 -0.198
0.646 -0.946 -0.196
0.657 -0.926 -0.192
0.651 -0.918 -0.191
0.664 -0.902 -0.188
0.659 -0.896 -0.187
0.654 -0.89 -0.185
0.665 -0.872 -0.182
0.66 -0.866 -0.181
0.657 -0.859 -0.179
0.667 -0.842 -0.176
0.662 -0.836 -0.175
0.658 -0.831 -0.174
0.669 -0.815 -0.171
0.664 -0.809 -0.17
0.66 -0.804 -0.169
0.671 -0.788 -0.166
0.665 -0.782 -0.164
0.662 -0.778 -0.164
0.673 -0.763 -0.162
0.667 -0.757 -0.16
0.677 -0.741 -0.158
0.673 -0.737 -0.157
0.669 -0.733 -0.155
0.679 -0.718 -0.153
0.674 -0.712 -0.152
0.671 -0.709 -0.15
0.679 -0.694 -0.148
0.675 -0.689 -0.147
0.672 -0.686 -0.147
0.681 -0.672 -0.144
0.677 -0.668 -0.143
0.673 -0.664 -0.143
0.682 -0.649 -0.14
0.679 -0.647 -0.139
0.687 -0.632 -0.136
0.684 -0.629 -0.136
0.68 -0.625 -0.135
0.69 -0.612 -0.133
0.685 -0.608 -0.132
0.683 -0.606 -0.131
0.691 -0.591 -0.129
0.688 -0.589 -0.128
0.685 -0.586 -0.128
0.692 -0.572 -0.125
0.689 -0.569 -0.124
0.687 -0.568 -0.124
0.694 -0.554 -0.121
0.691 -0.551 -0.121
0.688 -0.549 -0.12
0.696 -0.536 -0.118
0.693 -0.533 -0.117
0.699 -0.519 -0.114
0.698 -0.518 -0.114
0.698 -0.463 -0.104
0.704 -0.45 -0.101
0.702 -0.449 -0.101
0.699 -0.447 -0.101
0.704 -0.433 -0.098
0.704 -0.433 -0.098
0.709 -0.42 -0.095
0.708 -0.419 -0.095
0.704 -0.417 -0.095
0.71 -0.404 -0.092
0.708 -0.403 -0.092
0.705 -0.401 -0.092
0.71 -0.387 -0.089
0.715 -0.374 -0.086
0.715 -0.328 -0.077
0.713 -0.327 -0.077
0.719 -0.315 -0.075
0.717 -0.314 -0.075
0.713 -0.312 -0.074
0.719 -0.3 -0.072
0.717 -0.299 -0.072
0.721 -0.301 -0.072
0.731 -0.291 -0.071
0.724 -0.025 -0.02
0.728 -0.025 -0.02
0.728 -0.025 -0.02
0.722 -0.012 -0.016
0.718 -0.012 -0.016
0.712 0.0 -0.014
0.79 0.252 0.033
0.785 0.25 0.032
0.779 0.248 0.032
0.771 0.26 0.035
0.769 0.26 0.035
0.765 0.258 0.035
0.758 0.271 0.037
0.76 0.271 0.038
0.762 0.272 0.038
0.759 0.286 0.04
0.761 0.286 0.04
0.759 0.301 0.043
0.759 0.301 0.043
0.761 0.302 0.043
0.758 0.315 0.046
0.761 0.317 0.046
0.763 0.318 0.047
0.759 0.331 0.049
0.761 0.332 0.049
0.765 0.334 0.05
0.76 0.348 0.052
0.764 0.349 0.053
0.764 0.349 0.053
0.761 0.364 0.056
0.763 0.365 0.056
0.767 0.367 0.056
0.762 0.381 0.059
0.764 0.382 0.059
0.767 0.383 0.059
0.764 0.398 0.062
0.767 0.4 0.062
0.769 0.401 0.063
0.764 0.415 0.065
0.767 0.417 0.066
0.764 0.432 0.069
5.271 3.103 0.495
5.235 3.205 0.516
5.106 3.373 0.551
4.907 3.365 0.554
4.775 3.398 0.562
4.711 3.352 0.555
2.928 2.16 0.359
4.475 3.424 0.573
4.384 3.475 0.585
4.346 3.445 0.58
4.32 3.425 0.576
4.235 3.478 0.589
4.186 3.438 0.582
4.161 3.418 0.579
4.082 3.473 0.591
4.021 3.421 0.582
3.997 3.401 0.579
3.931 3.463 0.592
3.913 3.448 0.59
3.883 3.421 0.585
3.81 3.476 0.597
3.816 3.482 0.598
3.775 3.444 0.591
3.696 3.492 0.602
3.696 3.492 0.602
3.611 3.532 0.612
3.577 3.499 0.606
3.554 3.477 0.602
3.481 3.525 0.613
3.453 3.497 0.608
3.42 3.463 0.602
3.347 3.51 0.613
3.341 3.504 0.612
3.319 3.481 0.608
3.252 3.531 0.619
3.252 3.531 0.619
3.241 3.52 0.617
3.162 3.557 0.626
3.141 3.533 0.621
3.125 3.515 0.618
3.052 3.556 0.628
3.042 3.544 0.625
3.026 3.526 0.622
2.943 3.552 0.629
2.933 3.54 0.627
2.86 3.577 0.636
2.84 3.553 0.631
2.811 3.515 0.625
2.733 3.544 0.631
2.733 3.544 0.631
2.724 3.531 0.629
2.651 3.565 0.637
2.646 3.558 0.636
2.642 3.552 0.635
2.578 3.596 0.644
2.564 3.577 0.642
2.546 3.551 0.637
2.473 3.581 0.644
2.465 3.568 0.642
2.46 3.562 0.641
2.383 3.583 0.646
2.379 3.577 0.645
2.366 3.557 0.642
2.294 3.583 0.648
2.294 3.583 0.648
2.231 3.622 0.656
2.227 3.615 0.655
2.21 3.588 0.651
2.138 3.612 0.656
2.138 3.612 0.656
2.134 3.605 0.655
2.058 3.62 0.66
2.05 3.606 0.657
2.046 3.6 0.656
1.975 3.62 0.662
1.971 3.613 0.661
1.971 3.613 0.661
1.899 3.632 0.665
1.888 3.611 0.661
1.884 3.604 0.66
1.813 3.621 0.665
1.804 3.604 0.662
1.801 3.597 0.661
1.733 3.62 0.666
1.721 3.595 0.662
1.647 3.602 0.665
1.651 3.609 0.666
1.649 3.605 0.665
1.583 3.629 0.671
1.586 3.637 0.672
1.578 3.618 0.669
1.514 3.645 0.676
1.52 3.659 0.679
1.517 3.652 0.677
1.449 3.67 0.682
1.446 3.663 0.68
1.44 3.648 0.677
1.374 3.668 0.683
1.373 3.664 0.683
1.368 3.653 0.68
1.299 3.665 0.684
1.297 3.657 0.682
1.294 3.65 0.681
1.227 3.664 0.686
1.225 3.66 0.685
1.158 3.673 0.688
1.153 3.658 0.685
1.152 3.654 0.685
1.087 3.673 0.689
1.087 3.673 0.689
1.087 3.673 0.689
1.019 3.683 0.693
1.017 3.676 0.692
1.016 3.672 0.691
0.948 3.677 0.693
0.947 3.673 0.692
0.943 3.658 0.689
0.877 3.67 0.694
0.877 3.67 0.694
0.875 3.662 0.692
0.81 3.676 0.696
0.81 3.676 0.696
0.81 3.676 0.696
0.741 3.674 0.696
0.742 3.678 0.697
0.743 3.681 0.698
0.675 3.682 0.7
0.675 3.682 0.7
0.61 3.693 0.703
0.61 3.693 0.703
0.609 3.689 0.702
0.544 3.702 0.706
0.543 3.694 0.704
0.542 3.687 0.703
0.476 3.695 0.707
0.476 3.695 0.707
0.476 3.691 0.706
0.41 3.699 0.708
0.41 3.699 0.708
0.41 3.702 0.709
0.345 3.713 0.712
0.344 3.709 0.711
0.344 3.709 0.711
0.279 3.726 0.716
0.28 3.729 0.717
0.279 3.722 0.716
0.213 3.722 0.717
0.212 3.71 0.714
0.212 3.706 0.714
0.147 3.728 0.719
0.146 3.724 0.718
0.08 3.718 0.719
0.081 3.738 0.723
0.08 3.734 0.722
0.014 3.727 0.722
0.014 3.727 0.722
0.015 3.735 0.723
-0.051 3.738 0.725
-0.051 3.738 0.725
-0.052 3.742 0.726
-0.118 3.74 0.727
-0.118 3.748 0.729
-0.118 3.748 0.729
-0.185 3.745 0.729
-0.186 3.757 0.732
-0.186 3.769 0.734
-0.253 3.765 0.734
-0.253 3.765 0.734
-0.253 3.769 0.735
-0.319 3.752 0.734
-0.32 3.76 0.735
-0.321 3.775 0.738
-0.387 3.753 0.735
-0.387 3.753 0.735
-0.455 3.761 0.737
-0.456 3.769 0.739
-0.457 3.777 0.74
-0.524 3.768 0.741
-0.524 3.768 0.741
-0.526 3.776 0.742
-0.594 3.774 0.743
-0.594 3.774 0.743
-0.596 3.789 0.746
-0.666 3.79 0.748
-0.664 3.782 0.745
-0.665 3.786 0.746
-0.739 3.809 0.753
-0.739 3.809 0.753
-0.736 3.793 0.75
-0.805 3.787 0.749
-0.807 3.795 0.751
-0.806 3.791 0.75
-0.879 3.8 0.754
-0.885 3.826 0.759
-0.884 3.823 0.758
-0.951 3.803 0.755
-0.952 3.807 0.756
-0.956 3.822 0.759
-1.025 3.812 0.759
-1.028 3.82 0.761
-1.096 3.805 0.759
-1.099 3.813 0.76
-1.102 3.824 0.763
-1.173 3.816 0.763
-1.176 3.823 0.764
-1.173 3.816 0.763
-1.243 3.802 0.761
-1.251 3.824 0.766
-1.253 3.832 0.767
-1.319 3.802 0.763
-1.321 3.81 0.765
-1.326 3.824 0.768
-1.402 3.823 0.768
-1.411 3.845 0.773
-1.411 3.845 0.773
-1.482 3.828 0.771
-1.49 3.85 0.775
-1.496 3.864 0.778
-1.567 3.845 0.777
-1.567 3.845 0.777
-1.57 3.852 0.778
-1.651 3.853 0.779
-1.664 3.882 0.786
-1.66 3.875 0.783
-1.729 3.846 0.78
-1.732 3.853 0.781
-1.739 3.867 0.784
-1.814 3.851 0.783
-1.824 3.872 0.787
-1.9 3.854 0.784
-1.907 3.868 0.787
-1.914 3.883 0.791
-1.99 3.863 0.788
-1.997 3.877 0.791
-2.003 3.891 0.793
-2.077 3.863 0.79
-2.084 3.877 0.793
-2.091 3.89 0.795
-2.161 3.854 0.79
-2.172 3.874 0.794
-2.179 3.888 0.797
-2.253 3.857 0.792
-2.261 3.87 0.795
-2.276 3.897 0.801
-2.361 3.885 0.8
-2.366 3.891 0.802
-2.361 3.885 0.8
-2.443 3.863 0.797
-2.456 3.883 0.801
-2.456 3.883 0.801
-2.53 3.847 0.796
-2.55 3.88 0.802
-2.632 3.855 0.799
-2.637 3.861 0.801
-2.655 3.887 0.806
-2.751 3.88 0.806
-2.769 3.905 0.812
-2.774 3.912 0.814
-2.852 3.876 0.808
-2.876 3.908 0.815
-2.899 3.94 0.821
-2.983 3.908 0.817
-2.964 3.883 0.812
-3.009 3.8 0.797
-3.116 3.797 0.798
-3.176 3.87 0.813
-3.469 3.936 0.832
-3.448 3.912 0.827
-3.485 3.954 0.836
-3.603 3.946 0.836
-3.651 3.998 0.847
-3.662 4.01 0.851
-3.694 3.906 0.83
-3.672 3.883 0.826
-3.724 3.802 0.811
-3.697 3.774 0.805
-3.669 3.746 0.799
-3.724 3.671 0.786
-3.707 3.654 0.783
-3.702 3.649 0.781
-3.754 3.574 0.768
-3.737 3.557 0.764
-3.726 3.546 0.762
-3.777 3.471 0.748
-3.76 3.455 0.745
-3.742 3.439 0.741
-3.596 3.19 0.69
-3.584 3.18 0.688
-3.628 3.107 0.675
-3.598 3.081 0.669
-3.67 3.034 0.662
-3.647 3.014 0.657
-3.604 2.979 0.649
-3.631 2.896 0.634
-3.613 2.882 0.631
-3.613 2.882 0.631
-3.651 2.809 0.617
-3.644 2.805 0.616
-3.638 2.8 0.615
-3.65 2.708 0.597
-3.631 2.694 0.595
-3.637 2.699 0.596
-3.652 2.613 0.579
-3.639 2.604 0.577
-3.672 2.627 0.583
-3.711 2.559 0.571
-3.652 2.518 0.561
-3.634 2.505 0.558
-3.691 2.451 0.549
-3.671 2.438 0.546
-3.644 2.42 0.542
-3.714 2.374 0.535
-3.7 2.366 0.532
-3.694 2.272 0.514
-3.701 2.277 0.515
-3.701 2.277 0.515
-3.708 2.192 0.5
-3.667 2.168 0.494
-3.632 2.148 0.489
-3.663 2.081 0.477
-3.663 2.081 0.477
-3.663 2.081 0.477
-3.706 2.022 0.466
-3.741 2.041 0.47
-3.776 2.06 0.475
-3.812 1.995 0.463
-3.665 1.917 0.445
-3.691 1.851 0.432
-3.691 1.851 0.432
-3.691 1.851 0.432
-3.709 1.78 0.42
-3.724 1.787 0.421
-3.753 1.801 0.424
-3.791 1.739 0.413
-3.798 1.743 0.413
-3.83 1.677 0.402
-3.757 1.645 0.394
-3.709 1.624 0.39
-3.752 1.567 0.378
-3.741 1.562 0.377
-3.704 1.547 0.374
-3.71 1.474 0.36
-3.699 1.47 0.359
-3.731 1.483 0.362
-3.762 1.42 0.351
-3.725 1.406 0.347
-3.728 1.407 0.348
-3.79 1.357 0.339
-3.794 1.358 0.339
-3.734 1.336 0.334
-3.727 1.262 0.319
-3.731 1.263 0.32
-3.773 1.205 0.309
-3.792 1.211 0.311
-3.765 1.203 0.309
-3.763 1.131 0.295
-3.805 1.144 0.297
-3.862 1.161 0.303
-3.909 1.102 0.292
-3.855 1.087 0.287
-3.775 1.064 0.282
-3.766 0.992 0.268
-3.774 0.994 0.269
-3.766 0.992 0.268
-3.78 0.926 0.255
-3.765 0.922 0.255
-3.761 0.922 0.254
-3.808 0.864 0.243
-3.796 0.861 0.243
-3.788 0.86 0.242
-3.834 0.801 0.232
-3.873 0.809 0.235
-3.924 0.82 0.238
-3.946 0.754 0.225
-3.903 0.746 0.222
-3.834 0.664 0.206
-3.79 0.657 0.203
-3.79 0.657 0.203
-3.782 0.589 0.19
-3.786 0.589 0.19
-3.821 0.595 0.192
-3.915 0.541 0.184
-3.875 0.535 0.182
-3.815 0.527 0.179
-3.792 0.458 0.165
-3.785 0.457 0.164
-3.805 0.393 0.152
-3.817 0.394 0.153
-4.043 0.347 0.148
-4.043 0.347 0.148
-4.035 0.347 0.148
-4.04 0.277 0.135
-3.837 0.264 0.128
-3.905 0.201 0.117
-3.905 0.201 0.117
-3.857 0.199 0.115
-3.849 0.132 0.103
-3.853 0.132 0.103
-3.853 0.132 0.103
-3.886 0.067 0.091
-3.886 0.067 0.091
-3.842 0.066 0.09
-3.836 0.0 0.002
-3.88 0.0 0.002
-3.976 0.0 0.002
-4.023 -0.068 -0.015
-4.027 -0.068 -0.015
-4.027 -0.068 -0.015
-4.026 -0.136 -0.033
-4.03 -0.136 -0.033
-4.03 -0.136 -0.033
-4.03 -0.205 -0.05
-4.03 -0.205 -0.05
-4.026 -0.205 -0.05
-4.026 -0.273 -0.067
-4.03 -0.273 -0.067
-4.03 -0.273 -0.067
-4.033 -0.342 -0.085
-4.037 -0.342 -0.085
-4.03 -0.411 -0.102
-4.03 -0.411 -0.102
-4.034 -0.411 -0.102
-4.03 -0.48 -0.119
-4.038 -0.481 -0.12
-4.042 -0.481 -0.12
-4.036 -0.55 -0.137
-4.04 -0.55 -0.137
-4.048 -0.552 -0.138
-4.042 -0.621 -0.155
-4.053 -0.622 -0.156
-4.061 -0.624 -0.156
-4.05 -0.692 -0.173
-4.057 -0.694 -0.174
-4.065 -0.695 -0.174
-4.06 -0.765 -0.192
-4.068 -0.767 -0.192
-4.076 -0.768 -0.192
-4.069 -0.838 -0.21
-4.077 -0.84 -0.211
-4.077 -0.84 -0.211
-4.061 -0.909 -0.228
-4.092 -0.916 -0.23
-4.077 -0.912 -0.229
-3.99 -0.964 -0.242
-3.951 -0.955 -0.24
-3.779 -0.982 -0.247
-3.732 -0.969 -0.243
-3.641 -1.012 -0.254
-3.564 -0.991 -0.249
-3.511 -0.976 -0.245
-3.435 -1.018 -0.256
-3.374 -1.0 -0.251
-3.048 -1.018 -0.256
-3.007 -1.004 -0.252
-2.961 -0.988 -0.248
-2.902 -1.024 -0.257
-2.875 -1.015 -0.255
-2.819 -1.049 -0.265
-2.79 -1.038 -0.262
-2.778 -1.034 -0.261
-2.763 -1.082 -0.273
-2.77 -1.085 -0.274
-2.778 -1.088 -0.275
-2.769 -1.139 -0.288
-2.784 -1.145 -0.289
-2.791 -1.148 -0.29
-2.774 -1.197 -0.302
-2.784 -1.202 -0.303
-2.792 -1.205 -0.304
-2.777 -1.255 -0.317
-2.784 -1.259 -0.318
-2.791 -1.262 -0.319
-2.775 -1.312 -0.331
-2.79 -1.319 -0.333
-2.797 -1.322 -0.334
-2.791 -1.378 -0.348
-2.773 -1.37 -0.346
-2.698 -1.391 -0.351
-2.684 -1.384 -0.349
-2.645 -1.421 -0.359
-1.91 -1.026 -0.259
-1.871 -1.047 -0.264
-1.884 -1.055 -0.266
-1.896 -1.104 -0.279
-1.906 -1.11 -0.28
-1.91 -1.112 -0.281
-1.896 -1.149 -0.29
-1.758 -1.149 -0.29
-1.751 -1.145 -0.289
-1.731 -1.132 -0.286
-1.673 -1.135 -0.287
-1.658 -1.125 -0.284
-1.658 -1.125 -0.284
-1.629 -1.148 -0.29
-1.634 -1.151 -0.29
-1.639 -1.154 -0.291
-1.53 -1.118 -0.282
-1.51 -1.144 -0.289
-1.513 -1.146 -0.289
-1.516 -1.148 -0.29
-1.492 -1.171 -0.296
-1.489 -1.169 -0.295
-1.489 -1.169 -0.295
-1.469 -1.195 -0.302
-1.307 -1.063 -0.268
-1.285 -1.082 -0.273
-1.274 -1.074 -0.271
-1.269 -1.07 -0.27
-1.253 -1.094 -0.276
-1.257 -1.098 -0.277
-1.248 -1.128 -0.285
-1.261 -1.14 -0.288
-1.244 -1.165 -0.294
-1.255 -1.174 -0.296
-1.27 -1.189 -0.3
-1.257 -1.219 -0.308
-1.269 -1.23 -0.31
-1.274 -1.235 -0.312
-1.259 -1.264 -0.319
-1.27 -1.275 -0.322
-1.281 -1.286 -0.325
-1.266 -1.316 -0.332
-1.274 -1.324 -0.334
-1.368 -1.473 -0.372
-1.362 -1.467 -0.37
-1.354 -1.458 -0.368
-1.321 -1.473 -0.372
-1.316 -1.468 -0.371
-1.306 -1.456 -0.368
-1.271 -1.469 -0.371
-1.269 -1.466 -0.37
-1.265 -1.461 -0.369
-1.232 -1.475 -0.373
-1.226 -1.468 -0.371
-1.218 -1.459 -0.368
-1.187 -1.473 -0.372
-1.185 -1.47 -0.371
-1.153 -1.483 -0.375
-1.149 -1.479 -0.373
-1.143 -1.471 -0.371
-1.112 -1.484 -0.375
-1.109 -1.479 -0.374
-1.103 -1.471 -0.372
-1.069 -1.48 -0.374
-1.063 -1.472 -0.372
-1.061 -1.469 -0.371
-1.031 -1.482 -0.374
-1.029 -1.479 -0.373
-1.024 -1.472 -0.372
-0.995 -1.485 -0.375
-0.99 -1.478 -0.373
-0.988 -1.475 -0.372
-0.958 -1.486 -0.375
-0.954 -1.48 -0.375
-0.924 -1.491 -0.377
-0.921 -1.486 -0.376
-0.918 -1.481 -0.375
-0.888 -1.491 -0.378
-0.886 -1.488 -0.377
-0.884 -1.484 -0.376
-0.855 -1.496 -0.379
-0.853 -1.492 -0.378
-0.85 -1.487 -0.377
-0.821 -1.496 -0.379
-0.817 -1.489 -0.377
-0.814 -1.484 -0.376
-0.785 -1.494 -0.378
-0.783 -1.489 -0.377
-0.781 -1.486 -0.376
-0.755 -1.5 -0.38
-0.752 -1.495 -0.379
-0.75 -1.49 -0.377
-0.721 -1.499 -0.38
-0.718 -1.494 -0.378
-0.69 -1.502 -0.38
-0.687 -1.495 -0.379
-0.686 -1.493 -0.378
-0.659 -1.504 -0.381
-0.658 -1.503 -0.381
-0.656 -1.499 -0.38
-0.629 -1.508 -0.382
-0.629 -1.508 -0.382
-0.628 -1.506 -0.381
-0.6 -1.515 -0.384
-0.598 -1.51 -0.382
-0.596 -1.506 -0.381
-0.567 -1.51 -0.382
-0.566 -1.509 -0.382
-0.566 -1.509 -0.382
-0.537 -1.512 -0.383
-0.536 -1.509 -0.382
-0.536 -1.509 -0.382
-0.507 -1.514 -0.383
-0.507 -1.512 -0.383
-0.479 -1.52 -0.385
-0.479 -1.52 -0.385
-0.479 -1.518 -0.385
-0.451 -1.525 -0.386
-0.45 -1.523 -0.386
-0.449 -1.519 -0.385
-0.422 -1.526 -0.386
-0.421 -1.524 -0.386
-0.421 -1.523 -0.386
-0.394 -1.531 -0.388
-0.393 -1.528 -0.387
-0.392 -1.526 -0.386
-0.364 -1.528 -0.387
-0.364 -1.526 -0.387
-0.363 -1.525 -0.386
-0.335 -1.529 -0.387
-0.319 -1.593 -0.403
-0.38 -2.325 -0.589
-0.393 -2.711 -0.686
-0.59 -4.649 -1.177
-0.509 -4.682 -1.186
-0.509 -4.689 -1.187
-0.427 -4.72 -1.195
-0.426 -4.713 -1.193
-0.427 -4.72 -1.195
-0.343 -4.735 -1.199
-0.342 -4.727 -1.197
-0.343 -4.735 -1.199
-0.257 -4.74 -1.2
-0.257 -4.732 -1.198
-0.257 -4.732 -1.198
-0.172 -4.743 -1.201
-0.172 -4.751 -1.203
-0.172 -4.759 -1.205
-0.087 -4.753 -1.204
-0.087 -4.753 -1.204
-0.087 -4.753 -1.204
-0.001 -4.762 -1.206
-0.001 -4.769 -1.208
-0.001 -4.769 -1.208
0.085 -4.776 -1.21
0.085 -4.776 -1.21
0.085 -4.784 -1.211
0.171 -4.782 -1.211
0.171 -4.782 -1.211
0.172 -4.79 -1.213
0.257 -4.778 -1.21
0.257 -4.778 -1.21
0.344 -4.781 -1.211
0.343 -4.773 -1.209
0.408 -4.527 -1.146
0.388 -4.311 -1.092
0.466 -4.311 -1.092
0.468 -4.327 -1.096
0.466 -4.311 -1.092
0.546 -4.318 -1.093
0.489 -3.371 -0.854
0.537 -3.286 -0.832
0.506 -3.095 -0.784
0.492 -3.014 -0.763
0.535 -2.94 -0.745
0.508 -2.795 -0.708
0.546 -2.722 -0.689
0.533 -2.657 -0.673
0.552 -2.518 -0.638
0.541 -2.469 -0.625
0.53 -2.416 -0.612
0.562 -2.361 -0.598
0.55 -2.308 -0.585
0.58 -2.254 -0.571
0.569 -2.212 -0.56
0.558 -2.171 -0.55
0.586 -2.12 -0.537
0.576 -2.082 -0.527
0.573 -2.071 -0.524
0.611 -2.065 -0.523
0.614 -2.076 -0.526
0.617 -2.087 -0.529
0.657 -2.084 -0.528
0.658 -2.088 -0.529
0.658 -2.088 -0.529
0.698 -2.084 -0.528
0.708 -2.113 -0.535
0.716 -2.135 -0.541
0.757 -2.13 -0.539
0.759 -2.137 -0.541
0.763 -2.148 -0.544
0.804 -2.143 -0.543
0.804 -2.143 -0.543
0.844 -2.132 -0.54
0.85 -2.147 -0.544
0.851 -2.15 -0.545
0.892 -2.139 -0.542
0.898 -2.154 -0.545
0.902 -2.164 -0.548
0.942 -2.152 -0.545
0.946 -2.159 -0.547
0.949 -2.167 -0.549
0.991 -2.157 -0.547
0.992 -2.161 -0.548
0.994 -2.164 -0.549
1.031 -2.144 -0.544
1.033 -2.147 -0.545
1.035 -2.151 -0.546
1.078 -2.143 -0.544
1.089 -2.164 -0.549
1.089 -2.164 -0.549
1.126 -2.142 -0.543
1.135 -2.159 -0.548
1.137 -2.163 -0.549
1.181 -2.154 -0.546
1.185 -2.16 -0.548
0.632 -1.106 -0.28
0.648 -1.088 -0.276
0.643 -1.08 -0.273
0.637 -1.07 -0.271
0.649 -1.047 -0.265
0.644 -1.039 -0.263
0.64 -1.032 -0.261
0.653 -1.013 -0.256
0.648 -1.005 -0.254
0.66 -0.985 -0.25
0.655 -0.977 -0.247
0.649 -0.969 -0.245
0.662 -0.952 -0.241
0.656 -0.944 -0.239
0.652 -0.937 -0.237
0.662 -0.916 -0.232
0.657 -0.91 -0.23
0.654 -0.905 -0.229
0.663 -0.885 -0.224
0.658 -0.878 -0.222
0.655 -0.874 -0.221
0.666 -0.856 -0.217
0.661 -0.85 -0.215
0.656 -0.844 -0.214
0.666 -0.827 -0.209
0.662 -0.822 -0.208
0.672 -0.805 -0.204
0.668 -0.8 -0.203
0.665 -0.796 -0.201
0.674 -0.778 -0.197
0.668 -0.772 -0.196
0.666 -0.769 -0.195
0.677 -0.755 -0.191
0.672 -0.749 -0.19
0.668 -0.745 -0.189
0.677 -0.729 -0.185
0.673 -0.725 -0.184
0.669 -0.72 -0.182
0.679 -0.706 -0.179
0.675 -0.702 -0.178
0.671 -0.698 -0.177
0.679 -0.682 -0.173
0.677 -0.679 -0.172
0.684 -0.664 -0.168
0.68 -0.659 -0.167
0.677 -0.657 -0.166
0.686 -0.642 -0.163
0.682 -0.638 -0.162
0.679 -0.636 -0.161
0.687 -0.621 -0.157
0.685 -0.619 -0.157
0.682 -0.616 -0.156
0.69 -0.602 -0.152
0.687 -0.599 -0.152
0.684 -0.597 -0.151
0.691 -0.583 -0.148
0.688 -0.58 -0.147
0.696 -0.566 -0.143
0.691 -0.562 -0.142
0.689 -0.561 -0.142
0.696 -0.547 -0.138
0.695 -0.545 -0.138
0.693 -0.544 -0.138
0.7 -0.53 -0.134
0.697 -0.528 -0.134
0.693 -0.525 -0.133
0.7 -0.511 -0.129
0.698 -0.51 -0.129
0.695 -0.508 -0.129
0.701 -0.493 -0.125
0.703 -0.442 -0.112
0.707 -0.428 -0.108
0.706 -0.427 -0.108
0.704 -0.426 -0.108
0.708 -0.412 -0.104
0.705 -0.41 -0.104
0.705 -0.41 -0.104
0.71 -0.397 -0.101
0.707 -0.396 -0.1
0.705 -0.395 -0.1
0.71 -0.382 -0.097
0.708 -0.381 -0.096
0.713 -0.368 -0.093
0.712 -0.367 -0.093
0.71 -0.366 -0.093
0.715 -0.353 -0.089
0.72 -0.325 -0.082
0.716 -0.309 -0.078
0.714 -0.308 -0.078
0.714 -0.308 -0.078
0.72 -0.296 -0.075
0.722 -0.297 -0.075
0.732 -0.287 -0.073
0.726 -0.025 -0.006
0.728 -0.025 -0.006
0.724 -0.012 -0.003
0.718 -0.012 -0.003
0.712 -0.012 -0.003
0.787 0.248 0.063
0.78 0.246 0.062
0.772 0.258 0.065
0.77 0.257 0.065
0.766 0.256 0.065
0.759 0.268 0.068
0.759 0.268 0.068
0.761 0.269 0.068
0.758 0.282 0.071
0.76 0.283 0.072
0.762 0.283 0.072
0.76 0.298 0.075
0.762 0.299 0.076
0.762 0.299 0.076
0.76 0.313 0.079
0.762 0.314 0.079
0.764 0.314 0.08
0.76 0.328 0.083
0.764 0.33 0.083
0.766 0.33 0.084
0.761 0.344 0.087
0.765 0.346 0.088
0.76 0.36 0.091
0.762 0.36 0.091
0.766 0.362 0.092
0.759 0.375 0.095
0.763 0.377 0.095
0.766 0.378 0.096
0.761 0.392 0.099
0.763 0.393 0.1
0.766 0.395 0.1
0.763 0.41 0.104
0.764 0.411 0.104
0.768 0.413 0.104
0.764 0.428 0.108
0.769 0.43 0.109
5.244 3.177 0.801
5.258 3.185 0.804
5.238 3.173 0.8
5.126 3.227 0.814
4.987 3.261 0.823
4.823 3.274 0.826
4.692 3.305 0.835
4.66 3.282 0.829
4.628 3.259 0.823
4.536 3.314 0.837
4.498 3.286 0.83
4.466 3.262 0.824
4.381 3.318 0.838
4.337 3.285 0.83
4.325 3.275 0.827
4.246 3.333 0.842
4.221 3.314 0.837
4.197 3.294 0.832
4.094 3.33 0.841
4.063 3.305 0.835
3.991 3.363 0.85
3.991 3.363 0.85
3.961 3.338 0.843
3.87 3.378 0.853
3.841 3.352 0.847
3.817 3.332 0.842
3.756 3.396 0.858
3.739 3.38 0.854
3.704 3.348 0.846
3.631 3.399 0.859
3.614 3.383 0.855
3.597 3.367 0.851
3.513 3.405 0.86
3.49 3.383 0.855
3.485 3.378 0.853
3.401 3.414 0.863
3.384 3.397 0.858
3.312 3.443 0.87
3.295 3.426 0.865
3.295 3.426 0.865
3.239 3.487 0.881
3.206 3.452 0.872
3.18 3.423 0.865
3.118 3.477 0.878
3.097 3.453 0.872
3.081 3.436 0.868
3.013 3.481 0.88
2.998 3.464 0.875
2.977 3.44 0.869
2.905 3.478 0.879
2.885 3.453 0.872
2.865 3.429 0.866
2.793 3.465 0.876
2.783 3.453 0.873
2.783 3.453 0.873
2.72 3.499 0.885
2.711 3.487 0.882
2.638 3.52 0.89
2.629 3.507 0.887
2.629 3.507 0.887
2.551 3.532 0.893
2.538 3.513 0.889
2.533 3.507 0.887
2.456 3.53 0.893
2.443 3.51 0.888
2.434 3.498 0.885
2.366 3.532 0.893
2.366 3.532 0.893
2.353 3.512 0.888
2.281 3.538 0.895
2.277 3.532 0.893
2.268 3.519 0.89
2.2 3.55 0.898
2.196 3.543 0.896
2.188 3.53 0.893
2.112 3.546 0.897
2.108 3.539 0.895
2.044 3.575 0.904
2.036 3.561 0.901
2.032 3.554 0.899
1.961 3.574 0.904
1.953 3.561 0.901
1.953 3.561 0.901
1.881 3.579 0.905
1.881 3.579 0.905
1.881 3.579 0.905
1.81 3.597 0.91
1.806 3.59 0.908
1.806 3.59 0.908
1.741 3.62 0.916
1.734 3.606 0.912
1.666 3.627 0.918
1.666 3.627 0.918
1.659 3.613 0.914
1.585 3.619 0.916
1.574 3.594 0.909
1.574 3.594 0.909
1.51 3.624 0.917
1.501 3.602 0.911
1.5 3.599 0.91
1.436 3.627 0.918
1.429 3.609 0.913
1.423 3.595 0.909
1.36 3.622 0.916
1.359 3.618 0.915
1.356 3.611 0.913
1.293 3.641 0.921
1.291 3.633 0.919
1.289 3.63 0.918
1.221 3.644 0.922
1.213 3.618 0.915
1.211 3.614 0.914
1.148 3.641 0.921
1.15 3.645 0.922
1.145 3.63 0.918
1.08 3.653 0.924
1.084 3.664 0.927
1.017 3.678 0.93
1.018 3.682 0.931
1.011 3.659 0.926
0.94 3.653 0.925
0.939 3.65 0.924
0.938 3.646 0.923
0.876 3.676 0.931
0.875 3.672 0.93
0.871 3.657 0.926
0.805 3.672 0.93
0.808 3.683 0.933
0.808 3.687 0.934
0.737 3.677 0.931
0.733 3.654 0.925
0.735 3.666 0.928
0.67 3.685 0.933
0.668 3.674 0.93
0.667 3.666 0.928
0.599 3.669 0.929
0.6 3.673 0.93
0.603 3.692 0.935
0.536 3.698 0.936
0.535 3.69 0.934
0.468 3.699 0.937
0.466 3.679 0.932
0.465 3.672 0.93
0.4 3.687 0.934
0.4 3.687 0.934
0.4 3.687 0.934
0.332 3.681 0.932
0.333 3.689 0.934
0.335 3.716 0.941
0.269 3.729 0.944
0.269 3.725 0.943
0.267 3.702 0.937
0.2 3.702 0.937
0.201 3.717 0.941
0.201 3.721 0.942
0.134 3.716 0.941
0.133 3.697 0.936
0.134 3.709 0.939
0.067 3.726 0.943
0.067 3.73 0.944
0.067 3.73 0.944
0.0 3.734 0.946
0.0 3.734 0.946
-0.067 3.726 0.943
-0.067 3.71 0.94
-0.067 3.714 0.941
-0.134 3.728 0.944
-0.135 3.736 0.946
-0.135 3.74 0.947
-0.202 3.733 0.945
-0.202 3.729 0.944
-0.202 3.737 0.946
-0.27 3.737 0.946
-0.269 3.725 0.943
-0.27 3.748 0.949
-0.339 3.759 0.952
-0.338 3.743 0.948
-0.339 3.755 0.951
-0.408 3.76 0.952
-0.408 3.772 0.955
-0.408 3.772 0.955
-0.475 3.752 0.95
-0.475 3.752 0.95
-0.475 3.752 0.95
-0.546 3.767 0.954
-0.548 3.79 0.96
-0.55 3.801 0.963
-0.617 3.78 0.957
-0.617 3.78 0.957
-0.687 3.784 0.958
-0.688 3.788 0.959
-0.688 3.788 0.959
-0.756 3.776 0.956
-0.76 3.795 0.961
-0.762 3.806 0.964
-0.831 3.793 0.96
-0.831 3.793 0.96
-0.831 3.797 0.961
-0.901 3.786 0.959
-0.903 3.797 0.962
-0.902 3.793 0.961
-0.971 3.777 0.958
-0.977 3.804 0.964
-0.98 3.815 0.967
-1.053 3.813 0.967
-1.054 3.817 0.967
-1.053 3.813 0.967
-1.122 3.798 0.963
-1.122 3.798 0.963
-1.12 3.791 0.961
-1.195 3.793 0.962
-1.201 3.812 0.966
-1.199 3.805 0.964
-1.27 3.791 0.961
-1.277 3.813 0.967
-1.348 3.798 0.963
-1.353 3.813 0.967
-1.361 3.835 0.972
-1.427 3.804 0.964
-1.425 3.797 0.962
-1.435 3.826 0.97
-1.51 3.816 0.967
-1.513 3.823 0.969
-1.518 3.837 0.973
-1.59 3.818 0.968
-1.599 3.84 0.973
-1.605 3.854 0.977
-1.684 3.848 0.975
-1.684 3.848 0.975
-1.678 3.833 0.972
-1.753 3.819 0.968
-1.769 3.854 0.977
-1.776 3.868 0.981
-1.848 3.845 0.975
-1.848 3.845 0.975
-1.848 3.845 0.975
-1.931 3.841 0.974
-1.938 3.855 0.977
-2.015 3.835 0.972
-2.022 3.849 0.976
-2.026 3.856 0.977
-2.095 3.821 0.969
-2.102 3.835 0.972
-2.113 3.855 0.977
-2.194 3.839 0.973
-2.206 3.859 0.978
-2.206 3.859 0.978
-2.295 3.855 0.977
-2.331 3.916 0.993
-2.339 3.929 0.996
-2.413 3.895 0.987
-2.418 3.902 0.989
-2.43 3.922 0.994
-2.513 3.9 0.989
-2.521 3.913 0.992
-2.534 3.933 0.997
-2.609 3.896 0.988
-2.613 3.902 0.989
-2.622 3.915 0.992
-2.701 3.883 0.984
-2.719 3.909 0.991
-2.803 3.882 0.984
-2.812 3.894 0.987
-2.835 3.926 0.995
-2.924 3.902 0.99
-2.938 3.921 0.995
-2.966 3.959 1.005
-3.056 3.933 0.998
-3.066 3.945 1.001
-3.08 3.964 1.006
-3.161 3.923 0.995
-3.176 3.942 1.0
-3.2 3.972 1.008
-3.287 3.936 0.999
-3.297 3.948 1.002
-3.307 3.96 1.005
-3.383 3.909 0.992
-3.398 3.927 0.996
-3.439 3.974 1.008
-3.531 3.939 0.999
-3.552 3.962 1.005
-3.578 3.992 1.013
-3.682 3.965 1.006
-3.709 3.994 1.013
-3.682 3.965 1.006
-3.709 3.857 0.979
-3.693 3.84 0.974
-3.74 3.754 0.953
-3.707 3.721 0.944
-3.684 3.699 0.939
-3.734 3.619 0.918
-3.722 3.608 0.916
-3.711 3.597 0.913
-3.764 3.523 0.894
-3.752 3.512 0.891
-3.741 3.502 0.889
-3.785 3.422 0.869
-3.774 3.411 0.866
-3.775 3.295 0.836
-3.615 3.155 0.801
-3.609 3.15 0.8
-3.641 3.068 0.779
-3.629 3.058 0.776
-3.611 3.043 0.772
-3.652 2.971 0.754
-3.634 2.956 0.751
-3.662 2.875 0.73
-3.643 2.86 0.726
-3.618 2.84 0.721
-3.682 2.788 0.708
-3.675 2.784 0.707
-3.631 2.75 0.698
-3.667 2.679 0.68
-3.712 2.712 0.689
-3.676 2.589 0.658
-3.696 2.603 0.661
-3.696 2.603 0.661
-3.703 2.513 0.638
-3.663 2.487 0.632
-3.67 2.491 0.633
-3.694 2.416 0.614
-3.661 2.394 0.608
-3.661 2.394 0.608
-3.69 2.323 0.59
-3.677 2.315 0.588
-3.711 2.248 0.571
-3.718 2.252 0.572
-3.711 2.248 0.571
-3.696 2.153 0.547
-3.682 2.145 0.545
-3.669 2.137 0.543
-3.679 2.059 0.523
-3.672 2.055 0.522
-3.679 2.059 0.523
-3.736 2.008 0.51
-3.771 2.027 0.515
-3.792 2.038 0.518
-3.687 1.901 0.483
-3.666 1.89 0.48
-3.699 1.827 0.465
-3.678 1.817 0.462
-3.678 1.817 0.462
-3.739 1.768 0.45
-3.753 1.775 0.451
-3.775 1.785 0.454
-3.814 1.724 0.439
-3.806 1.721 0.438
-3.786 1.634 0.416
-3.727 1.609 0.409
-3.72 1.606 0.409
-3.778 1.554 0.396
-3.763 1.548 0.394
-3.708 1.526 0.388
-3.716 1.455 0.371
-3.738 1.464 0.373
-3.735 1.463 0.372
-3.727 1.387 0.353
-3.727 1.387 0.353
-3.742 1.392 0.355
-3.819 1.347 0.343
-3.706 1.308 0.333
-3.737 1.247 0.318
-3.74 1.249 0.318
-3.808 1.199 0.306
-3.797 1.196 0.305
-3.743 1.179 0.301
-3.775 1.119 0.285
-3.833 1.136 0.29
-3.89 1.153 0.294
-3.899 1.084 0.276
-3.753 1.043 0.266
-3.771 0.98 0.25
-3.806 0.989 0.252
-3.802 0.988 0.252
-3.784 0.915 0.234
-3.773 0.912 0.233
-3.804 0.919 0.235
-3.82 0.855 0.218
-3.777 0.845 0.216
-3.796 0.85 0.217
-3.838 0.791 0.202
-3.897 0.803 0.205
-3.944 0.813 0.208
-3.946 0.744 0.19
-3.872 0.73 0.187
-3.825 0.654 0.168
-3.837 0.656 0.168
-3.813 0.652 0.167
-3.801 0.584 0.15
-3.809 0.585 0.15
-3.816 0.586 0.15
-3.886 0.529 0.136
-3.933 0.536 0.138
-3.795 0.452 0.116
-3.811 0.454 0.117
-3.831 0.456 0.117
-3.831 0.39 0.101
-3.819 0.389 0.101
-4.041 0.343 0.089
-4.037 0.342 0.089
-4.037 0.342 0.089
-4.042 0.274 0.071
-3.815 0.259 0.067
-3.875 0.197 0.052
-3.907 0.198 0.052
-3.85 0.13 0.035
-3.826 0.13 0.035
-3.838 0.13 0.035
-3.839 0.065 0.018
-3.867 0.065 0.019
-3.875 0.066 0.019
-3.82 0.0 -0.027
-3.88 0.0 -0.028
-3.976 0.0 -0.028
-4.019 -0.067 -0.049
-4.027 -0.068 -0.049
-4.023 -0.067 -0.049
-4.03 -0.135 -0.068
-4.034 -0.135 -0.068
-4.034 -0.135 -0.068
-4.025 -0.203 -0.088
-4.033 -0.203 -0.088
-4.029 -0.271 -0.107
-4.025 -0.27 -0.107
-4.029 -0.271 -0.107
-4.024 -0.338 -0.127
-4.032 -0.339 -0.127
-4.036 -0.339 -0.127
-4.029 -0.407 -0.147
-4.033 -0.407 -0.147
-4.041 -0.408 -0.147
-4.037 -0.476 -0.167
-4.037 -0.476 -0.167
-4.041 -0.477 -0.167
-4.039 -0.545 -0.187
-4.043 -0.546 -0.187
-4.043 -0.546 -0.187
-4.037 -0.614 -0.207
-4.052 -0.617 -0.208
-4.052 -0.617 -0.208
-4.048 -0.686 -0.228
-4.055 -0.687 -0.228
-4.063 -0.688 -0.229
-4.05 -0.756 -0.248
-4.074 -0.761 -0.25
-4.089 -0.764 -0.25
-4.067 -0.831 -0.27
-4.075 -0.832 -0.27
-4.075 -0.904 -0.291
-4.075 -0.904 -0.291
-4.075 -0.904 -0.291
-4.081 -0.978 -0.313
-3.934 -0.942 -0.301
-3.873 -0.997 -0.317
-3.8 -0.978 -0.311
-3.738 -0.963 -0.306
-3.651 -1.006 -0.318
-3.574 -0.985 -0.312
-3.524 -0.971 -0.307
-3.456 -1.015 -0.319
-3.395 -0.997 -0.313
-3.315 -1.035 -0.324
-3.258 -1.017 -0.318
-3.209 -1.002 -0.314
-3.141 -1.039 -0.323
-3.096 -1.024 -0.319
-3.05 -1.009 -0.315
-2.967 -1.038 -0.322
-2.934 -1.026 -0.319
-2.915 -1.02 -0.317
-2.844 -1.049 -0.324
-2.799 -1.033 -0.319
-2.78 -1.026 -0.317
-2.768 -1.075 -0.332
-2.776 -1.078 -0.333
-2.783 -1.081 -0.333
-2.771 -1.13 -0.348
-2.782 -1.135 -0.349
-2.774 -1.188 -0.364
-2.781 -1.191 -0.365
-2.785 -1.192 -0.366
-2.77 -1.242 -0.38
-2.778 -1.245 -0.381
-2.781 -1.247 -0.382
-2.769 -1.298 -0.396
-2.783 -1.305 -0.398
-2.794 -1.31 -0.4
-2.777 -1.36 -0.414
-2.788 -1.366 -0.416
-2.791 -1.367 -0.416
-2.184 -1.116 -0.34
-2.146 -1.144 -0.347
-2.129 -1.134 -0.344
-1.882 -1.045 -0.316
-1.879 -1.043 -0.315
-2.021 -1.167 -0.352
-2.035 -1.175 -0.356
-2.015 -1.211 -0.365
-2.026 -1.217 -0.368
-2.032 -1.221 -0.369
-2.02 -1.262 -0.38
-2.033 -1.27 -0.383
-2.047 -1.278 -0.386
-2.036 -1.321 -0.398
-1.937 -1.257 -0.378
-1.914 -1.289 -0.388
-1.92 -1.293 -0.389
-1.903 -1.33 -0.4
-3.21 -2.413 -0.723
-1.304 -1.09 -0.325
-1.286 -1.075 -0.321
-1.283 -1.072 -0.32
-1.257 -1.089 -0.325
-1.252 -1.085 -0.324
-1.261 -1.093 -0.326
-1.253 -1.124 -0.335
-1.26 -1.131 -0.337
-1.266 -1.136 -0.338
-1.254 -1.165 -0.347
-1.264 -1.174 -0.349
-3.028 -3.018 -0.897
-1.27 -1.311 -0.389
-1.276 -1.318 -0.391
-1.351 -1.445 -0.429
-1.367 -1.462 -0.434
-1.335 -1.479 -0.439
-1.331 -1.474 -0.438
-1.326 -1.469 -0.435
-1.292 -1.482 -0.439
-1.281 -1.47 -0.435
-1.276 -1.464 -0.434
-1.244 -1.479 -0.438
-1.239 -1.473 -0.436
-1.237 -1.47 -0.435
-1.205 -1.485 -0.44
-1.2 -1.479 -0.438
-1.194 -1.471 -0.436
-1.159 -1.48 -0.437
-1.155 -1.476 -0.436
-1.15 -1.47 -0.434
-1.12 -1.484 -0.438
-1.115 -1.478 -0.437
-1.083 -1.49 -0.44
-1.081 -1.487 -0.439
-1.074 -1.478 -0.436
-1.042 -1.487 -0.438
-1.038 -1.483 -0.437
-1.035 -1.478 -0.436
-1.002 -1.487 -0.438
-0.997 -1.479 -0.436
-0.995 -1.476 -0.435
-0.964 -1.486 -0.438
-0.961 -1.482 -0.437
-0.96 -1.481 -0.436
-0.929 -1.49 -0.439
-0.925 -1.484 -0.437
-0.922 -1.479 -0.436
-0.893 -1.491 -0.438
-0.89 -1.486 -0.437
-0.86 -1.495 -0.44
-0.858 -1.492 -0.439
-0.856 -1.489 -0.438
-0.826 -1.498 -0.44
-0.824 -1.494 -0.439
-0.824 -1.494 -0.439
-0.795 -1.504 -0.442
-0.791 -1.498 -0.44
-0.784 -1.484 -0.436
-0.755 -1.493 -0.438
-0.756 -1.495 -0.439
-0.755 -1.492 -0.438
-0.726 -1.502 -0.441
-0.726 -1.502 -0.441
-0.724 -1.497 -0.439
-0.694 -1.504 -0.441
-0.694 -1.504 -0.441
-0.693 -1.502 -0.441
-0.663 -1.506 -0.442
-0.66 -1.499 -0.44
-0.631 -1.507 -0.442
-0.631 -1.507 -0.442
-0.63 -1.505 -0.441
-0.601 -1.512 -0.442
-0.6 -1.51 -0.442
-0.6 -1.508 -0.441
-0.571 -1.514 -0.443
-0.571 -1.514 -0.443
-0.57 -1.513 -0.443
-0.541 -1.517 -0.444
-0.54 -1.515 -0.443
-0.54 -1.515 -0.443
-0.511 -1.518 -0.444
-0.511 -1.518 -0.444
-0.511 -1.518 -0.444
-0.481 -1.519 -0.443
-0.48 -1.517 -0.443
-0.479 -1.515 -0.442
-0.451 -1.52 -0.444
-0.451 -1.52 -0.444
-0.451 -1.52 -0.444
-0.422 -1.525 -0.445
-0.422 -1.523 -0.445
-0.394 -1.528 -0.446
-0.393 -1.525 -0.445
-0.392 -1.523 -0.445
-0.365 -1.531 -0.447
-0.365 -1.529 -0.446
-0.364 -1.527 -0.446
-0.336 -1.533 -0.447
-0.309 -1.541 -0.449
-0.339 -2.079 -0.605
-0.522 -3.622 -1.054
-0.526 -4.187 -1.218
-0.452 -4.21 -1.224
-0.451 -4.203 -1.222
-0.451 -4.203 -1.222
-0.374 -4.21 -1.224
-0.374 -4.202 -1.221
-0.373 -4.195 -1.219
-0.296 -4.193 -1.218
-0.296 -4.193 -1.218
-0.222 -4.228 -1.228
-0.223 -4.243 -1.232
-0.222 -4.235 -1.23
-0.145 -4.239 -1.23
-0.145 -4.231 -1.228
-0.145 -4.231 -1.228
-0.068 -4.241 -1.231
-0.068 -4.264 -1.237
-0.068 -4.248 -1.233
0.009 -4.241 -1.23
0.009 -4.257 -1.234
0.009 -4.249 -1.232
0.086 -4.256 -1.233
0.086 -4.256 -1.233
0.086 -4.264 -1.235
0.165 -4.277 -1.239
0.165 -4.285 -1.241
0.165 -4.285 -1.241
0.243 -4.282 -1.239
0.243 -4.297 -1.244
0.244 -4.305 -1.246
0.322 -4.292 -1.243
0.323 -4.308 -1.247
0.399 -4.286 -1.24
0.399 -4.286 -1.24
0.401 -4.302 -1.244
0.481 -4.31 -1.247
0.482 -4.325 -1.251
0.48 -4.302 -1.244
0.557 -4.286 -1.239
0.499 -3.363 -0.971
0.485 -3.264 -0.943
0.513 -3.074 -0.887
0.502 -3.005 -0.867
0.49 -2.933 -0.847
0.517 -2.781 -0.802
0.554 -2.708 -0.781
0.541 -2.647 -0.764
0.562 -2.518 -0.726
0.55 -2.461 -0.71
0.536 -2.397 -0.691
0.567 -2.34 -0.674
0.556 -2.291 -0.66
0.545 -2.246 -0.647
0.574 -2.192 -0.632
0.562 -2.151 -0.62
0.59 -2.1 -0.605
0.585 -2.082 -0.6
0.585 -2.082 -0.6
0.623 -2.072 -0.597
0.625 -2.079 -0.599
0.625 -2.079 -0.599
0.662 -2.068 -0.595
0.664 -2.072 -0.596
0.664 -2.072 -0.596
0.711 -2.09 -0.601
0.725 -2.13 -0.613
0.727 -2.137 -0.615
0.766 -2.125 -0.611
0.768 -2.132 -0.613
0.774 -2.147 -0.616
0.814 -2.137 -0.614
0.815 -2.141 -0.615
0.822 -2.159 -0.62
0.866 -2.156 -0.619
0.866 -2.156 -0.619
0.868 -2.163 -0.621
0.912 -2.159 -0.619
0.914 -2.162 -0.62
0.953 -2.147 -0.615
0.951 -2.143 -0.614
0.954 -2.15 -0.616
0.998 -2.144 -0.615
1.001 -2.151 -0.617
1.003 -2.155 -0.618
1.047 -2.148 -0.616
1.049 -2.152 -0.617
1.093 -2.144 -0.614
1.103 -2.165 -0.62
1.146 -2.153 -0.616
1.15 -2.16 -0.618
1.154 -2.167 -0.62
1.198 -2.157 -0.617
1.196 -2.154 -0.616
0.635 -1.097 -0.313
0.65 -1.078 -0.308
0.645 -1.07 -0.305
0.64 -1.061 -0.303
0.654 -1.042 -0.297
0.647 -1.031 -0.294
0.642 -1.022 -0.291
0.655 -1.003 -0.286
0.649 -0.994 -0.283
0.644 -0.987 -0.281
0.657 -0.968 -0.276
0.651 -0.96 -0.273
0.664 -0.943 -0.268
0.658 -0.935 -0.266
0.654 -0.928 -0.264
0.665 -0.909 -0.259
0.66 -0.903 -0.257
0.656 -0.897 -0.255
0.667 -0.88 -0.25
0.664 -0.875 -0.249
0.658 -0.867 -0.246
0.669 -0.85 -0.241
0.664 -0.844 -0.24
0.659 -0.838 -0.238
0.668 -0.819 -0.232
0.664 -0.814 -0.231
0.674 -0.797 -0.226
0.672 -0.794 -0.225
0.667 -0.788 -0.224
0.676 -0.771 -0.219
0.672 -0.767 -0.217
0.668 -0.762 -0.216
0.679 -0.748 -0.212
0.674 -0.742 -0.21
0.671 -0.739 -0.209
0.679 -0.724 -0.205
0.674 -0.718 -0.203
0.67 -0.714 -0.202
0.68 -0.7 -0.198
0.676 -0.695 -0.197
0.672 -0.691 -0.195
0.68 -0.676 -0.191
0.678 -0.673 -0.19
0.685 -0.657 -0.186
0.681 -0.653 -0.184
0.678 -0.651 -0.184
0.687 -0.636 -0.18
0.683 -0.632 -0.178
0.68 -0.63 -0.178
0.688 -0.616 -0.174
0.686 -0.613 -0.173
0.683 -0.61 -0.172
0.691 -0.596 -0.168
0.688 -0.594 -0.167
0.685 -0.591 -0.166
0.692 -0.577 -0.162
0.688 -0.573 -0.161
0.697 -0.561 -0.158
0.692 -0.557 -0.156
0.69 -0.556 -0.156
0.697 -0.542 -0.152
0.696 -0.54 -0.152
0.693 -0.538 -0.151
0.699 -0.524 -0.147
0.698 -0.523 -0.147
0.694 -0.52 -0.146
0.701 -0.506 -0.142
0.699 -0.505 -0.141
0.696 -0.503 -0.141
0.702 -0.489 -0.137
0.698 -0.487 -0.136
0.705 -0.474 -0.132
0.707 -0.423 -0.118
0.705 -0.422 -0.117
0.709 -0.409 -0.113
0.707 -0.408 -0.113
0.706 -0.407 -0.113
0.711 -0.394 -0.109
0.708 -0.392 -0.109
0.713 -0.379 -0.105
0.711 -0.378 -0.105
0.709 -0.377 -0.104
0.714 -0.364 -0.101
0.713 -0.363 -0.1
0.711 -0.363 -0.1
0.716 -0.35 -0.096
0.714 -0.349 -0.096
0.718 -0.336 -0.092
0.723 -0.309 -0.084
0.715 -0.305 -0.084
0.715 -0.305 -0.084
0.719 -0.293 -0.08
0.725 -0.295 -0.081
0.737 -0.286 -0.078
0.722 -0.024 -0.002
0.726 -0.024 -0.002
0.724 -0.024 -0.002
0.72 -0.012 0.002
0.714 -0.012 0.002
0.714 0.0 0.005
0.788 0.246 0.077
0.785 0.245 0.077
0.779 0.243 0.077
0.771 0.255 0.08
0.767 0.254 0.079
0.765 0.253 0.078
0.758 0.265 0.082
0.758 0.265 0.082
0.76 0.266 0.082
0.757 0.279 0.086
0.759 0.28 0.086
0.757 0.294 0.09
0.759 0.295 0.091
0.759 0.295 0.091
0.757 0.309 0.095
0.759 0.31 0.095
0.761 0.311 0.095
0.757 0.324 0.099
0.759 0.325 0.099
0.763 0.327 0.1
0.758 0.34 0.104
0.762 0.342 0.104
0.766 0.343 0.105
0.761 0.357 0.109
0.763 0.358 0.109
0.765 0.359 0.109
0.762 0.373 0.113
0.763 0.374 0.113
0.765 0.375 0.114
0.762 0.39 0.118
0.765 0.391 0.118
0.767 0.392 0.119
0.762 0.406 0.123
0.765 0.408 0.123
0.769 0.41 0.125
0.763 0.424 0.128
0.768 0.426 0.129
4.777 2.871 0.866
4.73 2.842 0.858
4.65 2.904 0.875
4.617 2.883 0.869
4.53 2.939 0.884
4.471 2.9 0.873
4.345 2.926 0.88
4.319 2.909 0.874
4.306 2.9 0.872
4.214 2.945 0.884
4.175 2.918 0.876
4.096 2.969 0.89
4.089 2.964 0.888
4.051 2.936 0.88
3.934 2.957 0.885
3.903 2.933 0.878
3.89 2.923 0.876
3.811 2.969 0.888
3.78 2.945 0.881
3.768 2.935 0.878
3.689 2.978 0.89
3.677 2.968 0.887
3.671 2.963 0.885
3.598 3.009 0.899
3.58 2.994 0.894
3.556 2.974 0.887
3.478 3.013 0.899
3.448 2.987 0.891
3.364 3.018 0.899
3.341 2.997 0.893
3.329 2.987 0.89
3.268 3.037 0.904
3.245 3.016 0.897
3.222 2.994 0.891
3.156 3.037 0.904
3.139 3.021 0.898
3.122 3.004 0.893
3.056 3.045 0.905
3.034 3.023 0.899
3.012 3.001 0.892
2.951 3.046 0.904
2.94 3.034 0.901
2.907 3.001 0.891
2.842 3.038 0.901
2.836 3.032 0.899
2.815 3.009 0.893
2.749 3.044 0.903
2.744 3.039 0.901
2.673 3.067 0.908
2.663 3.055 0.905
2.653 3.043 0.901
2.592 3.081 0.912
2.577 3.063 0.906
2.557 3.039 0.899
2.496 3.076 0.91
2.479 3.055 0.904
2.464 3.036 0.898
2.396 3.062 0.905
2.387 3.05 0.901
2.382 3.044 0.9
2.317 3.071 0.907
2.31 3.061 0.905
2.3 3.049 0.9
2.24 3.081 0.909
2.238 3.078 0.908
2.229 3.065 0.905
2.168 3.096 0.914
2.166 3.093 0.913
2.1 3.116 0.918
2.095 3.109 0.917
2.088 3.096 0.913
2.019 3.115 0.917
2.014 3.105 0.914
2.006 3.092 0.911
1.939 3.109 0.915
1.935 3.102 0.913
1.939 3.109 0.915
1.879 3.137 0.923
1.869 3.121 0.918
1.858 3.101 0.912
1.793 3.118 0.917
1.789 3.111 0.915
1.789 3.111 0.915
1.726 3.131 0.92
1.726 3.131 0.92
1.723 3.124 0.918
1.662 3.146 0.924
1.658 3.139 0.922
1.594 3.153 0.925
1.596 3.156 0.926
1.59 3.146 0.923
1.528 3.161 0.928
1.526 3.158 0.927
1.523 3.151 0.925
1.459 3.162 0.927
1.456 3.155 0.925
1.452 3.148 0.923
1.395 3.172 0.93
1.395 3.172 0.93
1.389 3.158 0.926
1.325 3.167 0.928
1.324 3.163 0.927
1.324 3.163 0.927
1.262 3.174 0.929
1.257 3.163 0.926
1.253 3.153 0.923
1.194 3.17 0.928
1.196 3.173 0.929
1.135 3.186 0.932
1.134 3.182 0.931
1.132 3.178 0.93
1.071 3.186 0.932
1.071 3.186 0.932
1.07 3.182 0.931
1.007 3.185 0.931
1.008 3.189 0.932
1.006 3.182 0.93
0.945 3.187 0.931
0.946 3.191 0.932
0.946 3.191 0.932
0.884 3.195 0.932
0.885 3.199 0.934
0.884 3.195 0.932
0.822 3.195 0.932
0.821 3.191 0.931
0.822 3.195 0.932
0.763 3.204 0.934
0.761 3.197 0.932
0.702 3.202 0.933
0.702 3.205 0.934
0.703 3.209 0.936
0.644 3.217 0.938
0.645 3.221 0.939
0.643 3.213 0.937
0.584 3.22 0.938
0.585 3.227 0.94
0.585 3.223 0.939
0.524 3.221 0.938
0.524 3.221 0.938
0.526 3.229 0.94
0.466 3.234 0.941
0.467 3.238 0.942
0.466 3.234 0.941
0.406 3.234 0.941
0.407 3.237 0.942
0.409 3.253 0.946
0.349 3.255 0.947
0.348 3.244 0.944
0.348 3.244 0.944
0.289 3.253 0.945
0.289 3.245 0.943
0.23 3.25 0.944
0.23 3.254 0.945
0.23 3.258 0.947
0.171 3.261 0.947
0.171 3.265 0.948
0.171 3.269 0.949
0.112 3.275 0.951
0.112 3.267 0.948
0.112 3.267 0.948
0.052 3.269 0.948
0.052 3.261 0.946
0.052 3.273 0.949
-0.007 3.281 0.951
-0.007 3.277 0.95
-0.007 3.277 0.95
-0.067 3.28 0.951
-0.067 3.28 0.951
-0.067 3.277 0.95
-0.126 3.283 0.951
-0.127 3.29 0.953
-0.127 3.294 0.954
-0.187 3.296 0.955
-0.187 3.303 0.957
-0.247 3.296 0.954
-0.247 3.296 0.954
-0.248 3.307 0.957
-0.308 3.307 0.957
-0.308 3.307 0.957
-0.309 3.314 0.959
-0.37 3.316 0.959
-0.371 3.324 0.961
-0.371 3.328 0.962
-0.43 3.31 0.957
-0.432 3.321 0.96
-0.434 3.34 0.966
-0.496 3.344 0.966
-0.496 3.344 0.966
-0.496 3.344 0.966
-0.558 3.339 0.964
-0.558 3.339 0.964
-0.56 3.351 0.968
-0.622 3.352 0.968
-0.624 3.36 0.97
-0.627 3.379 0.976
-0.69 3.375 0.974
-0.689 3.368 0.971
-0.69 3.375 0.974
-0.752 3.367 0.971
-0.754 3.375 0.973
-0.818 3.373 0.972
-0.819 3.376 0.973
-0.821 3.388 0.976
-0.886 3.385 0.975
-0.889 3.396 0.979
-0.891 3.407 0.982
-0.955 3.399 0.979
-0.956 3.403 0.98
-0.959 3.414 0.983
-1.022 3.401 0.979
-1.024 3.405 0.98
-1.027 3.416 0.983
-1.092 3.409 0.981
-1.092 3.409 0.981
-1.091 3.406 0.98
-1.158 3.402 0.978
-1.166 3.427 0.986
-1.171 3.442 0.99
-1.235 3.425 0.984
-1.242 3.444 0.989
-1.245 3.454 0.993
-1.309 3.437 0.988
-1.319 3.462 0.995
-1.39 3.461 0.994
-1.39 3.461 0.994
-1.393 3.468 0.996
-1.46 3.455 0.992
-1.465 3.466 0.995
-1.469 3.477 0.998
-1.537 3.462 0.993
-1.54 3.469 0.995
-1.545 3.48 0.998
-1.616 3.471 0.994
-1.623 3.485 0.999
-1.631 3.503 1.004
-1.699 3.485 0.999
-1.711 3.51 1.006
-1.723 3.534 1.013
-1.787 3.505 1.003
-1.797 3.525 1.009
-1.81 3.55 1.016
-1.877 3.526 1.009
-1.877 3.526 1.009
-1.888 3.546 1.015
-1.964 3.535 1.011
-1.971 3.548 1.015
-1.979 3.562 1.019
-2.051 3.542 1.012
-2.055 3.548 1.014
-2.123 3.52 1.006
-2.131 3.533 1.01
-2.151 3.567 1.019
-2.232 3.556 1.015
-2.244 3.576 1.021
-2.261 3.603 1.029
-2.343 3.59 1.024
-2.351 3.603 1.028
-2.36 3.616 1.032
-2.438 3.596 1.026
-2.447 3.609 1.029
-2.456 3.621 1.032
-2.539 3.605 1.027
-2.561 3.637 1.037
-2.576 3.656 1.042
-2.645 3.619 1.03
-2.664 3.644 1.038
-2.688 3.676 1.047
-2.768 3.649 1.038
-2.782 3.667 1.043
-2.796 3.686 1.049
-2.882 3.663 1.041
-2.902 3.688 1.048
-2.988 3.663 1.041
-2.988 3.663 1.041
-3.003 3.681 1.046
-3.094 3.66 1.039
-3.114 3.684 1.046
-3.139 3.714 1.055
-3.232 3.69 1.047
-3.258 3.72 1.056
-3.279 3.743 1.062
-3.367 3.711 1.052
-3.393 3.74 1.061
-3.414 3.763 1.067
-3.509 3.734 1.058
-3.536 3.763 1.066
-3.562 3.791 1.074
-3.664 3.765 1.066
-3.685 3.787 1.072
-3.674 3.776 1.069
-3.715 3.687 1.042
-3.692 3.664 1.037
-3.68 3.653 1.033
-3.729 3.575 1.01
-3.718 3.564 1.006
-3.712 3.559 1.005
-3.765 3.485 0.984
-3.753 3.475 0.981
-3.798 3.396 0.958
-3.781 3.38 0.953
-3.644 3.146 0.886
-3.644 3.146 0.886
-3.615 3.121 0.879
-3.647 3.04 0.855
-3.653 3.045 0.857
-3.629 3.025 0.851
-3.652 2.939 0.826
-3.634 2.924 0.822
-3.64 2.929 0.823
-3.662 2.843 0.798
-3.618 2.809 0.789
-3.706 2.777 0.779
-3.637 2.725 0.764
-3.656 2.739 0.768
-3.704 2.677 0.75
-3.66 2.645 0.741
-3.694 2.574 0.72
-3.739 2.606 0.729
-3.714 2.588 0.723
-3.701 2.486 0.695
-3.708 2.49 0.695
-3.688 2.477 0.692
-3.679 2.38 0.664
-3.686 2.385 0.665
-3.712 2.402 0.669
-3.715 2.314 0.644
-3.675 2.289 0.638
-3.702 2.306 0.643
-3.716 2.227 0.619
-3.688 2.211 0.615
-3.668 2.199 0.612
-3.68 2.121 0.589
-3.673 2.117 0.588
-3.645 2.101 0.583
-3.697 2.048 0.568
-3.724 2.063 0.571
-3.768 2.004 0.554
-3.782 2.012 0.556
-3.796 2.019 0.558
-3.677 1.876 0.518
-3.663 1.869 0.516
-3.718 1.817 0.5
-3.718 1.817 0.5
-3.696 1.807 0.498
-3.743 1.751 0.481
-3.765 1.762 0.484
-3.786 1.772 0.487
-3.817 1.708 0.468
-3.809 1.705 0.467
-3.759 1.682 0.461
-3.73 1.594 0.435
-3.723 1.591 0.434
-3.752 1.603 0.438
-3.759 1.531 0.417
-3.714 1.513 0.412
-3.719 1.442 0.391
-3.749 1.454 0.394
-3.756 1.456 0.395
-3.741 1.378 0.373
-3.749 1.381 0.373
-3.76 1.385 0.375
-3.818 1.334 0.36
-3.709 1.296 0.349
-3.739 1.236 0.331
-3.746 1.238 0.332
-3.793 1.253 0.336
-3.799 1.185 0.317
-3.749 1.169 0.312
-3.78 1.179 0.315
-3.858 1.132 0.3
-3.885 1.14 0.303
-3.885 1.07 0.282
-3.82 1.052 0.278
-3.759 1.035 0.273
-3.773 0.97 0.254
-3.804 0.978 0.257
-3.796 0.976 0.256
-3.782 0.905 0.235
-3.767 0.902 0.234
-3.782 0.905 0.235
-3.802 0.843 0.217
-3.775 0.837 0.216
-3.775 0.837 0.216
-3.821 0.78 0.199
-3.895 0.795 0.202
-3.942 0.804 0.205
-3.943 0.736 0.185
-3.888 0.726 0.182
-3.814 0.712 0.179
-3.822 0.647 0.161
-3.838 0.65 0.161
-3.802 0.578 0.141
-3.79 0.576 0.14
-3.806 0.579 0.141
-3.879 0.523 0.124
-3.899 0.526 0.125
-3.851 0.52 0.123
-3.828 0.451 0.104
-3.812 0.449 0.103
-3.828 0.451 0.104
-3.832 0.387 0.085
-3.824 0.386 0.085
-4.042 0.34 0.069
-4.038 0.339 0.069
-4.038 0.339 0.069
-4.042 0.271 0.05
-3.827 0.193 0.029
-3.915 0.197 0.029
-3.87 0.13 0.01
-3.866 0.13 0.01
-3.862 0.13 0.01
-3.839 0.064 -0.008
-3.871 0.065 -0.009
-3.859 0.065 -0.009
-3.84 0.0 0.019
-3.836 0.0 0.019
-4.019 -0.066 -0.005
-4.027 -0.066 -0.005
-4.027 -0.066 -0.005
-4.03 -0.131 -0.03
-4.03 -0.131 -0.03
-4.03 -0.131 -0.03
-4.026 -0.197 -0.056
-4.03 -0.197 -0.056
-4.026 -0.197 -0.056
-4.022 -0.263 -0.081
-4.026 -0.263 -0.081
-4.03 -0.263 -0.081
-4.034 -0.329 -0.106
-4.038 -0.33 -0.106
-4.035 -0.396 -0.132
-4.035 -0.396 -0.132
-4.035 -0.396 -0.132
-4.031 -0.462 -0.157
-4.039 -0.463 -0.157
-4.043 -0.463 -0.158
-4.037 -0.53 -0.183
-4.045 -0.531 -0.183
-4.049 -0.531 -0.184
-4.039 -0.597 -0.209
-4.054 -0.599 -0.209
-4.054 -0.599 -0.209
-4.051 -0.667 -0.235
-4.058 -0.668 -0.235
-4.066 -0.669 -0.236
-4.053 -0.735 -0.261
-4.077 -0.74 -0.263
-4.085 -0.741 -0.263
-4.071 -0.808 -0.289
-4.079 -0.809 -0.289
-4.095 -0.812 -0.29
-4.079 -0.879 -0.316
-4.094 -0.882 -0.317
-4.069 -0.947 -0.342
-4.077 -0.949 -0.343
-3.928 -0.982 -0.356
-3.881 -0.971 -0.352
-3.815 -0.954 -0.347
-3.755 -1.005 -0.366
-3.72 -0.996 -0.363
-3.647 -0.976 -0.356
-3.552 -1.013 -0.37
-3.479 -0.993 -0.362
-3.41 -0.973 -0.356
-3.369 -1.021 -0.374
-3.327 -1.009 -0.37
-3.243 -1.042 -0.383
-3.205 -1.03 -0.379
-3.149 -1.012 -0.372
-3.054 -1.037 -0.383
-2.983 -1.013 -0.373
-2.934 -0.996 -0.367
-2.896 -1.037 -0.383
-2.874 -1.029 -0.38
-2.825 -1.012 -0.374
-2.772 -1.045 -0.387
-2.78 -1.048 -0.388
-2.787 -1.051 -0.389
-2.775 -1.099 -0.407
-2.786 -1.103 -0.409
-2.8 -1.109 -0.411
-2.783 -1.156 -0.429
-2.786 -1.158 -0.43
-2.775 -1.208 -0.449
-2.783 -1.211 -0.45
-2.783 -1.211 -0.45
-2.79 -1.214 -0.451
-2.785 -1.267 -0.472
-2.806 -1.277 -0.475
-2.79 -1.326 -0.494
-2.787 -1.324 -0.494
-2.772 -1.375 -0.513
-2.199 -1.091 -0.407
-2.143 -1.108 -0.414
-2.129 -1.101 -0.411
-2.101 -1.132 -0.423
-1.9 -1.023 -0.382
-1.867 -1.046 -0.392
-1.888 -1.058 -0.396
-2.027 -1.182 -0.443
-2.015 -1.221 -0.458
-1.998 -1.257 -0.472
-2.008 -1.264 -0.474
-2.022 -1.272 -0.478
-1.925 -1.258 -0.472
-1.935 -1.264 -0.474
-1.915 -1.297 -0.487
-1.925 -1.304 -0.49
-2.051 -1.441 -0.542
-3.283 -2.392 -0.9
-3.188 -2.407 -0.907
-1.754 -1.421 -0.536
-1.303 -1.056 -0.398
-1.282 -1.076 -0.406
-1.273 -1.068 -0.403
-1.27 -1.066 -0.403
-1.254 -1.09 -0.412
-1.263 -1.098 -0.415
-1.246 -1.122 -0.424
-3.02 -2.815 -1.064
-3.054 -2.847 -1.076
-3.029 -2.923 -1.105
-3.035 -2.929 -1.107
-1.286 -1.285 -0.486
-1.29 -1.289 -0.487
-1.273 -1.317 -0.499
-1.393 -1.442 -0.546
-1.36 -1.457 -0.552
-1.349 -1.446 -0.547
-1.317 -1.462 -0.553
-1.312 -1.456 -0.551
-1.308 -1.452 -0.55
-1.278 -1.47 -0.557
-1.269 -1.46 -0.554
-1.262 -1.451 -0.55
-1.229 -1.466 -0.556
-1.222 -1.457 -0.552
-1.216 -1.45 -0.55
-1.186 -1.466 -0.556
-1.185 -1.465 -0.555
-1.181 -1.46 -0.554
-1.143 -1.466 -0.556
-1.137 -1.458 -0.553
-1.134 -1.453 -0.551
-1.103 -1.467 -0.556
-1.101 -1.464 -0.555
-1.097 -1.459 -0.553
-1.065 -1.471 -0.559
-1.061 -1.465 -0.556
-1.027 -1.472 -0.559
-1.021 -1.464 -0.556
-1.017 -1.458 -0.554
-0.988 -1.471 -0.559
-0.985 -1.468 -0.558
-0.983 -1.465 -0.556
-0.954 -1.478 -0.561
-0.951 -1.473 -0.559
-0.948 -1.468 -0.558
-0.915 -1.475 -0.56
-0.912 -1.47 -0.558
-0.91 -1.467 -0.557
-0.88 -1.477 -0.562
-0.877 -1.472 -0.56
-0.874 -1.467 -0.558
-0.843 -1.476 -0.562
-0.841 -1.473 -0.56
-0.841 -1.471 -0.56
-0.811 -1.481 -0.564
-0.808 -1.476 -0.562
-0.779 -1.485 -0.565
-0.778 -1.484 -0.565
-0.775 -1.479 -0.563
-0.746 -1.488 -0.566
-0.744 -1.484 -0.565
-0.743 -1.481 -0.564
-0.712 -1.486 -0.566
-0.708 -1.479 -0.563
-0.707 -1.477 -0.562
-0.678 -1.485 -0.566
-0.678 -1.485 -0.566
-0.678 -1.485 -0.566
-0.649 -1.493 -0.569
-0.647 -1.489 -0.568
-0.647 -1.489 -0.568
-0.617 -1.494 -0.57
-0.617 -1.492 -0.569
-0.586 -1.497 -0.571
-0.586 -1.495 -0.57
-0.586 -1.495 -0.57
-0.555 -1.497 -0.571
-0.555 -1.496 -0.57
-0.553 -1.492 -0.569
-0.524 -1.497 -0.571
-0.524 -1.497 -0.571
-0.523 -1.494 -0.569
-0.495 -1.502 -0.574
-0.495 -1.502 -0.574
-0.494 -1.498 -0.572
-0.466 -1.506 -0.575
-0.466 -1.506 -0.575
-0.464 -1.503 -0.574
-0.436 -1.508 -0.576
-0.436 -1.508 -0.576
-0.435 -1.506 -0.575
-0.407 -1.513 -0.578
-0.407 -1.513 -0.578
-0.406 -1.508 -0.576
-0.376 -1.51 -0.577
-0.376 -1.509 -0.576
-0.348 -1.514 -0.578
-0.347 -1.513 -0.578
-0.32 -1.523 -0.582
-0.456 -2.656 -1.016
-0.48 -3.596 -1.376
-0.481 -3.603 -1.379
-0.482 -3.611 -1.382
-0.416 -3.633 -1.39
-0.415 -3.622 -1.386
-0.414 -3.614 -1.383
-0.346 -3.613 -1.383
-0.346 -3.613 -1.383
-0.346 -3.617 -1.384
-0.278 -3.614 -1.384
-0.278 -3.618 -1.386
-0.278 -3.622 -1.387
-0.21 -3.626 -1.389
-0.21 -3.626 -1.389
-0.21 -3.626 -1.389
-0.143 -3.632 -1.391
-0.143 -3.628 -1.39
-0.075 -3.622 -1.388
-0.075 -3.622 -1.388
-0.075 -3.637 -1.394
-0.007 -3.653 -1.4
-0.007 -3.653 -1.4
-0.007 -3.657 -1.401
0.061 -3.66 -1.403
0.061 -3.66 -1.403
0.061 -3.664 -1.404
0.13 -3.666 -1.406
0.13 -3.673 -1.409
0.131 -3.677 -1.41
0.199 -3.674 -1.409
0.199 -3.674 -1.409
0.199 -3.674 -1.409
0.269 -3.685 -1.413
0.269 -3.689 -1.415
0.269 -3.685 -1.413
0.338 -3.684 -1.414
0.338 -3.687 -1.415
0.408 -3.685 -1.414
0.408 -3.689 -1.416
0.409 -3.692 -1.417
0.479 -3.692 -1.417
0.476 -3.203 -1.23
0.506 -3.018 -1.16
0.493 -2.94 -1.13
0.479 -2.859 -1.098
0.52 -2.781 -1.069
0.508 -2.718 -1.045
0.496 -2.656 -1.021
0.533 -2.585 -0.994
0.521 -2.526 -0.971
0.556 -2.462 -0.947
0.543 -2.408 -0.926
0.532 -2.36 -0.908
0.566 -2.304 -0.886
0.554 -2.256 -0.868
0.541 -2.205 -0.848
0.572 -2.156 -0.829
0.56 -2.113 -0.813
0.549 -2.069 -0.796
0.583 -2.046 -0.787
0.584 -2.049 -0.788
0.584 -2.049 -0.788
0.624 -2.047 -0.787
0.624 -2.047 -0.787
0.664 -2.04 -0.785
0.665 -2.043 -0.786
0.671 -2.061 -0.793
0.719 -2.078 -0.8
0.725 -2.096 -0.807
0.728 -2.103 -0.81
0.767 -2.091 -0.805
0.772 -2.105 -0.811
0.781 -2.13 -0.82
0.824 -2.123 -0.818
0.825 -2.127 -0.819
0.826 -2.13 -0.821
0.866 -2.117 -0.815
0.868 -2.12 -0.817
0.87 -2.127 -0.819
0.913 -2.119 -0.817
0.915 -2.123 -0.819
0.918 -2.13 -0.821
0.962 -2.125 -0.819
0.967 -2.135 -0.823
0.97 -2.142 -0.826
1.011 -2.129 -0.821
1.014 -2.136 -0.824
1.019 -2.146 -0.828
1.063 -2.136 -0.824
1.056 -2.122 -0.818
1.102 -2.118 -0.818
1.113 -2.138 -0.826
1.109 -2.132 -0.823
1.155 -2.123 -0.82
1.16 -2.133 -0.824
1.165 -2.143 -0.827
1.203 -2.121 -0.819
0.642 -1.085 -0.419
0.635 -1.073 -0.414
0.629 -1.063 -0.411
0.645 -1.046 -0.404
0.638 -1.035 -0.4
0.651 -1.015 -0.392
0.647 -1.008 -0.39
0.641 -0.999 -0.386
0.654 -0.98 -0.379
0.648 -0.971 -0.375
0.642 -0.963 -0.372
0.656 -0.946 -0.366
0.65 -0.938 -0.363
0.646 -0.932 -0.36
0.658 -0.913 -0.353
0.652 -0.906 -0.35
0.664 -0.889 -0.344
0.66 -0.883 -0.341
0.654 -0.875 -0.338
0.666 -0.858 -0.332
0.66 -0.851 -0.329
0.654 -0.843 -0.326
0.665 -0.826 -0.32
0.661 -0.822 -0.318
0.658 -0.817 -0.316
0.667 -0.799 -0.309
0.662 -0.793 -0.307
0.659 -0.79 -0.306
0.669 -0.774 -0.299
0.665 -0.769 -0.298
0.676 -0.754 -0.292
0.671 -0.748 -0.29
0.667 -0.744 -0.288
0.677 -0.729 -0.282
0.673 -0.724 -0.281
0.669 -0.72 -0.279
0.679 -0.705 -0.273
0.675 -0.701 -0.272
0.669 -0.695 -0.269
0.68 -0.682 -0.264
0.676 -0.677 -0.263
0.673 -0.675 -0.262
0.681 -0.66 -0.256
0.677 -0.656 -0.254
0.686 -0.642 -0.249
0.683 -0.639 -0.248
0.679 -0.635 -0.246
0.688 -0.621 -0.241
0.685 -0.619 -0.24
0.679 -0.614 -0.238
0.686 -0.599 -0.232
0.684 -0.596 -0.231
0.681 -0.594 -0.23
0.69 -0.581 -0.226
0.687 -0.579 -0.225
0.684 -0.576 -0.224
0.692 -0.562 -0.22
0.689 -0.56 -0.218
0.686 -0.557 -0.217
0.693 -0.544 -0.212
0.69 -0.541 -0.21
0.697 -0.528 -0.206
0.694 -0.525 -0.205
0.691 -0.523 -0.203
0.697 -0.509 -0.199
0.696 -0.508 -0.199
0.692 -0.506 -0.198
0.699 -0.492 -0.193
0.697 -0.491 -0.192
0.695 -0.49 -0.192
0.701 -0.476 -0.187
0.698 -0.474 -0.186
0.696 -0.473 -0.185
0.702 -0.46 -0.18
0.699 -0.457 -0.179
0.705 -0.445 -0.175
0.707 -0.397 -0.156
0.704 -0.395 -0.156
0.711 -0.384 -0.151
0.707 -0.382 -0.15
0.706 -0.381 -0.15
0.711 -0.368 -0.145
0.709 -0.368 -0.145
0.706 -0.366 -0.144
0.711 -0.353 -0.139
0.709 -0.352 -0.139
0.707 -0.352 -0.139
0.712 -0.339 -0.134
0.71 -0.338 -0.134
0.714 -0.326 -0.129
0.713 -0.325 -0.129
0.715 -0.312 -0.123
0.717 -0.299 -0.118
0.719 -0.285 -0.113
0.723 -0.287 -0.114
0.733 -0.277 -0.11
0.722 -0.024 -0.013
0.722 -0.024 -0.013
0.72 -0.012 -0.008
0.716 -0.012 -0.008
0.714 0.0 -0.004
0.791 0.24 0.088
0.786 0.238 0.087
0.782 0.237 0.087
0.773 0.249 0.091
0.77 0.247 0.091
0.761 0.259 0.095
0.759 0.258 0.095
0.761 0.259 0.095
0.759 0.272 0.1
0.761 0.272 0.1
0.763 0.273 0.101
0.761 0.287 0.106
0.763 0.288 0.106
0.763 0.288 0.106
0.761 0.301 0.112
0.763 0.302 0.112
0.765 0.303 0.112
0.761 0.316 0.117
0.765 0.318 0.118
0.767 0.318 0.118
0.762 0.331 0.123
0.766 0.333 0.124
0.768 0.334 0.124
0.763 0.347 0.129
0.767 0.349 0.13
0.769 0.35 0.13
0.764 0.363 0.135
0.767 0.365 0.136
0.762 0.378 0.141
0.764 0.379 0.141
0.767 0.381 0.142
0.764 0.395 0.147
0.767 0.397 0.148
0.769 0.397 0.148
0.765 0.412 0.154
0.767 0.413 0.154
0.77 0.415 0.155
0.767 0.43 0.161
4.306 2.51 0.94
4.272 2.49 0.932
4.178 2.531 0.949
4.131 2.502 0.938
4.051 2.548 0.957
4.031 2.536 0.952
3.898 2.545 0.955
3.865 2.524 0.947
3.798 2.573 0.967
3.778 2.56 0.962
3.746 2.538 0.954
3.647 2.563 0.964
3.615 2.54 0.956
3.602 2.531 0.952
3.535 2.575 0.969
3.51 2.557 0.962
3.504 2.552 0.96
3.431 2.59 0.976
3.406 2.572 0.969
3.339 2.612 0.984
3.32 2.598 0.979
3.29 2.574 0.969
3.205 2.597 0.98
3.181 2.578 0.972
3.169 2.568 0.968
3.102 2.604 0.982
3.091 2.594 0.978
3.079 2.584 0.974
3.012 2.619 0.989
3.001 2.608 0.985
2.983 2.593 0.979
2.917 2.626 0.991
2.897 2.608 0.984
2.822 2.631 0.994
2.802 2.612 0.987
2.794 2.604 0.984
2.736 2.641 0.998
2.728 2.633 0.995
2.711 2.617 0.989
2.646 2.644 1.0
2.638 2.636 0.997
2.629 2.628 0.994
2.561 2.651 1.003
2.553 2.642 1.0
2.54 2.629 0.994
2.472 2.65 1.004
2.461 2.638 0.999
2.446 2.622 0.993
2.386 2.649 1.003
2.381 2.644 1.001
2.373 2.635 0.998
2.308 2.656 1.006
2.296 2.641 1.0
2.291 2.636 0.998
2.229 2.658 1.008
2.219 2.646 1.003
2.167 2.679 1.016
2.159 2.67 1.012
2.152 2.661 1.009
2.098 2.689 1.02
2.086 2.674 1.014
2.069 2.653 1.007
2.017 2.683 1.018
2.019 2.686 1.02
2.006 2.668 1.013
1.94 2.678 1.017
1.935 2.672 1.014
1.929 2.663 1.011
1.87 2.681 1.019
1.868 2.678 1.017
1.863 2.672 1.015
1.807 2.692 1.023
1.802 2.686 1.02
1.748 2.709 1.029
1.742 2.699 1.025
1.738 2.693 1.023
1.685 2.717 1.032
1.683 2.714 1.031
1.675 2.701 1.027
1.62 2.721 1.035
1.615 2.711 1.031
1.609 2.702 1.027
1.558 2.727 1.037
1.549 2.711 1.031
1.534 2.684 1.021
1.481 2.706 1.03
1.483 2.709 1.031
1.478 2.699 1.027
1.425 2.719 1.035
1.425 2.719 1.035
1.42 2.709 1.031
1.366 2.725 1.037
1.364 2.722 1.036
1.31 2.737 1.042
1.303 2.723 1.037
1.302 2.719 1.035
1.248 2.733 1.042
1.244 2.726 1.039
1.244 2.726 1.039
1.187 2.732 1.041
1.184 2.725 1.039
1.183 2.722 1.037
1.126 2.727 1.039
1.123 2.72 1.036
1.122 2.716 1.035
1.069 2.731 1.042
1.065 2.72 1.038
1.065 2.72 1.038
1.01 2.726 1.04
1.006 2.716 1.036
1.006 2.716 1.036
0.954 2.728 1.041
0.953 2.725 1.039
0.901 2.736 1.044
0.902 2.74 1.045
0.902 2.74 1.045
0.847 2.743 1.047
0.846 2.739 1.046
0.846 2.739 1.046
0.793 2.746 1.048
0.791 2.738 1.045
0.792 2.742 1.047
0.739 2.751 1.05
0.739 2.751 1.05
0.738 2.743 1.047
0.686 2.755 1.053
0.686 2.755 1.053
0.686 2.755 1.053
0.634 2.762 1.056
0.634 2.762 1.056
0.632 2.755 1.053
0.578 2.754 1.052
0.578 2.754 1.052
0.527 2.766 1.057
0.527 2.762 1.056
0.527 2.766 1.057
0.475 2.771 1.06
0.474 2.767 1.058
0.474 2.763 1.057
0.421 2.767 1.058
0.422 2.77 1.06
0.422 2.77 1.06
0.37 2.773 1.061
0.37 2.773 1.061
0.369 2.769 1.059
0.317 2.775 1.061
0.318 2.779 1.063
0.317 2.775 1.061
0.265 2.776 1.063
0.265 2.772 1.061
0.265 2.772 1.061
0.213 2.783 1.066
0.213 2.78 1.064
0.213 2.78 1.064
0.161 2.771 1.061
0.16 2.768 1.06
0.109 2.777 1.063
0.109 2.781 1.065
0.109 2.781 1.065
0.057 2.782 1.066
0.057 2.786 1.068
0.057 2.793 1.071
0.005 2.794 1.071
0.005 2.794 1.071
0.005 2.786 1.068
-0.047 2.793 1.071
-0.047 2.801 1.073
-0.047 2.805 1.075
-0.1 2.796 1.073
-0.1 2.796 1.073
-0.1 2.803 1.075
-0.152 2.805 1.076
-0.153 2.809 1.077
-0.153 2.809 1.077
-0.205 2.806 1.076
-0.205 2.806 1.076
-0.205 2.806 1.076
-0.258 2.809 1.078
-0.259 2.817 1.081
-0.259 2.813 1.079
-0.311 2.808 1.078
-0.312 2.812 1.08
-0.365 2.814 1.08
-0.365 2.817 1.082
-0.365 2.814 1.08
-0.418 2.811 1.079
-0.419 2.815 1.081
-0.419 2.818 1.082
-0.472 2.815 1.081
-0.472 2.815 1.081
-0.474 2.822 1.084
-0.527 2.818 1.083
-0.526 2.814 1.081
-0.528 2.825 1.086
-0.583 2.827 1.086
-0.585 2.838 1.091
-0.586 2.841 1.092
-0.64 2.839 1.091
-0.642 2.846 1.094
-0.642 2.846 1.094
-0.697 2.842 1.093
-0.699 2.85 1.096
-0.702 2.864 1.102
-0.758 2.863 1.101
-0.759 2.867 1.103
-0.761 2.874 1.105
-0.817 2.868 1.103
-0.817 2.868 1.103
-0.872 2.858 1.099
-0.876 2.872 1.105
-0.877 2.876 1.106
-0.931 2.861 1.102
-0.933 2.868 1.104
-0.934 2.872 1.106
-0.989 2.86 1.101
-0.994 2.874 1.106
-0.998 2.884 1.11
-1.053 2.871 1.105
-1.055 2.878 1.108
-1.058 2.885 1.111
-1.117 2.882 1.11
-1.124 2.899 1.117
-1.13 2.913 1.123
-1.188 2.905 1.119
-1.187 2.901 1.118
-1.191 2.912 1.122
-1.253 2.909 1.121
-1.256 2.916 1.124
-1.26 2.926 1.128
-1.319 2.916 1.124
-1.321 2.919 1.126
-1.326 2.929 1.13
-1.387 2.921 1.126
-1.393 2.934 1.132
-1.455 2.925 1.128
-1.456 2.928 1.129
-1.463 2.942 1.134
-1.532 2.944 1.136
-1.541 2.961 1.143
-1.541 2.961 1.143
-1.601 2.945 1.137
-1.603 2.949 1.138
-1.612 2.965 1.144
-1.68 2.961 1.144
-1.686 2.971 1.148
-1.69 2.978 1.15
-1.751 2.96 1.143
-1.759 2.973 1.148
-1.761 2.976 1.15
-1.826 2.963 1.145
-1.842 2.989 1.155
-1.852 3.005 1.161
-1.914 2.984 1.154
-1.92 2.993 1.157
-1.933 3.013 1.165
-2.008 3.009 1.163
-2.023 3.031 1.172
-2.033 3.047 1.178
-2.098 3.026 1.171
-2.105 3.035 1.174
-2.17 3.013 1.166
-2.182 3.028 1.172
-2.197 3.05 1.18
-2.27 3.035 1.175
-2.279 3.047 1.18
-2.295 3.069 1.188
-2.38 3.067 1.187
-2.397 3.088 1.196
-2.413 3.109 1.204
-2.488 3.09 1.197
-2.493 3.096 1.2
-2.502 3.108 1.204
-2.58 3.09 1.197
-2.595 3.108 1.204
-2.604 3.12 1.209
-2.682 3.1 1.202
-2.708 3.129 1.213
-2.723 3.147 1.22
-2.807 3.13 1.214
-2.827 3.153 1.222
-2.838 3.165 1.227
-2.928 3.152 1.223
-2.949 3.174 1.232
-3.024 3.142 1.219
-3.04 3.159 1.226
-3.056 3.175 1.232
-3.148 3.158 1.226
-3.169 3.18 1.235
-3.191 3.202 1.243
-3.295 3.192 1.24
-3.312 3.208 1.247
-3.328 3.224 1.253
-3.411 3.19 1.24
-3.433 3.212 1.248
-3.467 3.243 1.261
-3.55 3.207 1.247
-3.591 3.243 1.261
-3.619 3.269 1.271
-3.703 3.23 1.257
-3.739 3.261 1.269
-3.75 3.271 1.273
-3.579 3.014 1.173
-3.611 2.936 1.143
-3.592 2.921 1.137
-3.64 2.857 1.113
-3.64 2.857 1.113
-3.628 2.847 1.109
-3.657 2.769 1.08
-3.638 2.755 1.074
-3.62 2.741 1.068
-3.658 2.672 1.043
-3.651 2.667 1.04
-3.733 2.63 1.027
-3.656 2.576 1.006
-3.694 2.603 1.017
-3.762 2.555 0.998
-3.704 2.516 0.983
-3.658 2.485 0.971
-3.737 2.447 0.957
-3.639 2.382 0.931
-3.689 2.327 0.911
-3.689 2.327 0.911
-3.72 2.258 0.884
-3.706 2.25 0.881
-3.706 2.25 0.881
-3.727 2.177 0.853
-3.673 2.146 0.841
-3.666 2.142 0.84
-3.692 2.074 0.814
-3.658 2.055 0.806
-3.644 2.047 0.802
-3.716 2.006 0.788
-3.765 2.032 0.798
-3.807 2.054 0.806
-3.844 1.992 0.782
-3.774 1.956 0.769
-3.69 1.912 0.752
-3.676 1.827 0.719
-3.669 1.824 0.718
-3.662 1.82 0.717
-3.696 1.76 0.694
-3.689 1.757 0.692
-3.718 1.77 0.697
-3.779 1.722 0.679
-3.772 1.719 0.678
-3.796 1.654 0.653
-3.796 1.654 0.653
-3.745 1.632 0.645
-3.732 1.553 0.614
-3.743 1.557 0.616
-3.735 1.554 0.615
-3.72 1.475 0.584
-3.705 1.47 0.582
-3.723 1.477 0.585
-3.75 1.416 0.562
-3.728 1.408 0.558
-3.706 1.399 0.555
-3.731 1.339 0.532
-3.761 1.349 0.536
-3.812 1.297 0.516
-3.756 1.277 0.509
-3.712 1.262 0.503
-3.735 1.201 0.479
-3.742 1.204 0.48
-3.773 1.214 0.484
-3.783 1.148 0.459
-3.753 1.139 0.456
-3.772 1.145 0.458
-3.85 1.1 0.44
-3.881 1.108 0.445
-3.865 1.104 0.443
-3.812 1.021 0.41
-3.758 1.007 0.405
-3.755 1.006 0.405
-3.788 0.948 0.382
-3.792 0.949 0.383
-3.765 0.943 0.38
-3.778 0.88 0.356
-3.817 0.889 0.36
-3.805 0.886 0.359
-3.775 0.814 0.331
-3.782 0.816 0.332
-3.817 0.758 0.309
-3.871 0.769 0.315
-3.915 0.777 0.318
-3.929 0.713 0.293
-3.902 0.708 0.292
-3.823 0.694 0.285
-3.804 0.627 0.259
-3.804 0.627 0.259
-3.781 0.623 0.258
-3.796 0.562 0.234
-3.804 0.563 0.235
-3.835 0.567 0.236
-3.865 0.507 0.214
-3.917 0.514 0.217
-3.81 0.437 0.186
-3.806 0.437 0.186
-3.802 0.436 0.186
-3.806 0.374 0.162
-3.802 0.373 0.162
-4.044 0.33 0.147
-4.079 0.333 0.149
-4.075 0.333 0.149
-4.041 0.264 0.121
-3.818 0.249 0.115
-3.835 0.188 0.091
-3.895 0.191 0.093
-3.895 0.191 0.093
-3.866 0.126 0.068
-3.882 0.127 0.069
-3.867 0.063 0.044
-3.871 0.063 0.044
-3.879 0.063 0.044
-3.832 0.0 -0.005
-3.848 0.0 -0.005
-4.027 -0.067 -0.028
-4.027 -0.067 -0.028
-4.026 -0.133 -0.05
-4.03 -0.133 -0.05
-4.034 -0.133 -0.05
-4.026 -0.2 -0.073
-4.026 -0.2 -0.073
-4.03 -0.2 -0.073
-4.034 -0.267 -0.096
-4.034 -0.267 -0.096
-4.03 -0.267 -0.096
-4.025 -0.333 -0.118
-4.029 -0.334 -0.118
-4.033 -0.334 -0.118
-4.03 -0.401 -0.141
-4.034 -0.401 -0.141
-4.038 -0.402 -0.141
-4.038 -0.469 -0.164
-4.042 -0.47 -0.165
-4.046 -0.47 -0.165
-4.04 -0.538 -0.188
-4.044 -0.538 -0.188
-4.034 -0.605 -0.21
-4.026 -0.604 -0.21
-4.038 -0.606 -0.211
-4.05 -0.676 -0.235
-4.057 -0.677 -0.235
-4.057 -0.677 -0.235
-4.06 -0.747 -0.259
-4.068 -0.749 -0.259
-4.076 -0.75 -0.26
-4.069 -0.819 -0.283
-4.069 -0.819 -0.283
-4.077 -0.821 -0.284
-4.069 -0.889 -0.307
-4.092 -0.895 -0.309
-4.1 -0.896 -0.309
-4.091 -0.966 -0.333
-4.099 -0.968 -0.334
-4.036 -0.953 -0.329
-3.929 -0.997 -0.344
-3.879 -0.984 -0.339
-3.822 -1.038 -0.357
-3.803 -1.032 -0.356
-3.638 -1.053 -0.362
-3.58 -1.036 -0.356
-3.515 -1.018 -0.35
-3.42 -1.052 -0.361
-3.401 -1.046 -0.359
-3.374 -1.038 -0.357
-3.279 -1.069 -0.367
-3.222 -1.051 -0.361
-3.169 -1.033 -0.355
-3.093 -1.066 -0.366
-3.037 -1.047 -0.36
-2.981 -1.027 -0.353
-2.935 -1.067 -0.366
-2.909 -1.057 -0.363
-2.833 -1.084 -0.371
-2.796 -1.07 -0.366
-2.782 -1.064 -0.364
-2.769 -1.113 -0.381
-2.78 -1.117 -0.382
-2.791 -1.122 -0.384
-2.774 -1.169 -0.4
-2.784 -1.174 -0.402
-2.792 -1.177 -0.403
-2.772 -1.225 -0.419
-2.78 -1.228 -0.42
-2.787 -1.231 -0.421
-2.778 -1.283 -0.439
-2.8 -1.293 -0.442
-2.81 -1.298 -0.444
-2.786 -1.345 -0.46
-2.761 -1.39 -0.475
-2.179 -1.097 -0.376
-2.138 -1.122 -0.384
-2.124 -1.115 -0.382
-2.117 -1.111 -0.38
-2.089 -1.142 -0.391
-2.054 -1.123 -0.384
-1.875 -1.067 -0.364
-1.875 -1.067 -0.364
-1.883 -1.114 -0.38
-2.309 -1.367 -0.467
-2.28 -1.403 -0.479
-2.304 -1.417 -0.484
-2.3 -1.415 -0.484
-2.261 -1.444 -0.494
-2.247 -1.436 -0.491
-2.204 -1.462 -0.5
-1.921 -1.322 -0.451
-1.934 -1.331 -0.454
-2.063 -1.472 -0.503
-1.695 -1.255 -0.428
-1.685 -1.248 -0.426
-1.662 -1.275 -0.435
-1.659 -1.273 -0.434
-1.635 -1.3 -0.444
-1.72 -1.416 -0.483
-1.295 -1.104 -0.377
-1.289 -1.099 -0.375
-1.258 -1.111 -0.379
-1.256 -1.109 -0.379
-1.262 -1.115 -0.381
-1.247 -1.141 -0.389
-1.259 -1.151 -0.393
-1.524 -1.496 -0.51
-1.422 -1.395 -0.476
-1.388 -1.41 -0.481
-1.381 -1.403 -0.479
-1.272 -1.338 -0.457
-1.276 -1.343 -0.458
-1.292 -1.359 -0.464
-1.371 -1.495 -0.51
-1.371 -1.495 -0.51
-1.339 -1.512 -0.515
-1.326 -1.497 -0.51
-1.321 -1.491 -0.509
-1.288 -1.507 -0.514
-1.284 -1.503 -0.512
-1.252 -1.519 -0.518
-1.248 -1.513 -0.516
-1.243 -1.507 -0.514
-1.206 -1.517 -0.516
-1.198 -1.506 -0.513
-1.193 -1.5 -0.511
-1.163 -1.517 -0.516
-1.159 -1.512 -0.515
-1.155 -1.506 -0.513
-1.122 -1.519 -0.517
-1.117 -1.512 -0.515
-1.113 -1.506 -0.513
-1.08 -1.518 -0.517
-1.075 -1.51 -0.514
-1.07 -1.504 -0.512
-1.039 -1.517 -0.516
-1.037 -1.514 -0.515
-1.035 -1.51 -0.514
-1.002 -1.519 -0.517
-0.997 -1.513 -0.515
-0.965 -1.523 -0.518
-0.961 -1.516 -0.516
-0.959 -1.513 -0.515
-0.928 -1.524 -0.518
-0.926 -1.52 -0.517
-0.924 -1.517 -0.516
-0.893 -1.527 -0.52
-0.888 -1.519 -0.517
-0.887 -1.517 -0.516
-0.857 -1.528 -0.52
-0.854 -1.523 -0.518
-0.852 -1.52 -0.517
-0.822 -1.529 -0.52
-0.82 -1.525 -0.519
-0.818 -1.522 -0.518
-0.788 -1.532 -0.521
-0.787 -1.53 -0.521
-0.756 -1.538 -0.523
-0.754 -1.533 -0.522
-0.753 -1.531 -0.521
-0.723 -1.54 -0.524
-0.721 -1.535 -0.522
-0.719 -1.531 -0.521
-0.689 -1.539 -0.524
-0.687 -1.536 -0.523
-0.687 -1.534 -0.522
-0.657 -1.542 -0.525
-0.655 -1.536 -0.523
-0.655 -1.538 -0.523
-0.625 -1.543 -0.525
-0.622 -1.536 -0.523
-0.62 -1.531 -0.521
-0.591 -1.541 -0.524
-0.591 -1.539 -0.524
-0.562 -1.547 -0.526
-0.561 -1.545 -0.526
-0.56 -1.543 -0.525
-0.531 -1.551 -0.528
-0.531 -1.549 -0.527
-0.53 -1.547 -0.526
-0.5 -1.55 -0.528
-0.5 -1.55 -0.528
-0.5 -1.552 -0.528
-0.471 -1.56 -0.531
-0.471 -1.56 -0.531
-0.469 -1.553 -0.528
-0.439 -1.555 -0.529
-0.438 -1.551 -0.528
-0.438 -1.551 -0.528
-0.41 -1.56 -0.531
-0.409 -1.556 -0.53
-0.408 -1.553 -0.527
-0.379 -1.559 -0.53
-0.379 -1.557 -0.529
-0.35 -1.563 -0.531
-0.35 -1.562 -0.53
-0.321 -1.567 -0.532
-0.371 -1.996 -0.678
-0.43 -2.577 -0.876
-0.429 -2.57 -0.874
-0.484 -3.271 -1.112
-0.425 -3.286 -1.117
-0.425 -3.282 -1.116
-0.425 -3.286 -1.117
-0.364 -3.288 -1.117
-0.364 -3.285 -1.116
-0.363 -3.281 -1.114
-0.303 -3.286 -1.116
-0.303 -3.29 -1.117
-0.303 -3.29 -1.117
-0.242 -3.295 -1.119
-0.243 -3.298 -1.12
-0.182 -3.302 -1.122
-0.181 -3.294 -1.119
-0.182 -3.302 -1.122
-0.121 -3.308 -1.124
-0.121 -3.304 -1.122
-0.121 -3.308 -1.124
-0.06 -3.314 -1.125
-0.06 -3.314 -1.125
-0.06 -3.317 -1.127
0.001 -3.318 -1.127
0.001 -3.318 -1.127
0.001 -3.322 -1.128
0.062 -3.317 -1.127
0.062 -3.329 -1.131
0.062 -3.329 -1.131
0.123 -3.316 -1.126
0.124 -3.327 -1.13
0.124 -3.339 -1.134
0.186 -3.336 -1.133
0.186 -3.336 -1.133
0.186 -3.34 -1.134
0.248 -3.34 -1.134
0.248 -3.348 -1.137
0.248 -3.351 -1.138
0.31 -3.347 -1.137
0.311 -3.358 -1.141
0.373 -3.352 -1.139
0.374 -3.356 -1.14
0.374 -3.36 -1.141
0.437 -3.361 -1.14
0.436 -3.357 -1.139
0.433 -3.334 -1.132
0.49 -3.297 -1.119
0.467 -3.139 -1.065
0.513 -3.064 -1.04
0.5 -2.981 -1.012
0.488 -2.91 -0.988
0.528 -2.831 -0.961
0.514 -2.756 -0.935
0.552 -2.684 -0.911
0.539 -2.621 -0.889
0.527 -2.562 -0.869
0.561 -2.493 -0.846
0.549 -2.441 -0.828
0.538 -2.393 -0.812
0.571 -2.336 -0.792
0.559 -2.288 -0.776
0.546 -2.236 -0.759
0.577 -2.187 -0.742
0.565 -2.143 -0.727
0.559 -2.12 -0.719
0.599 -2.115 -0.717
0.602 -2.126 -0.721
0.643 -2.119 -0.719
0.644 -2.123 -0.72
0.645 -2.126 -0.721
0.685 -2.119 -0.719
0.686 -2.122 -0.72
0.696 -2.151 -0.73
0.745 -2.168 -0.736
0.749 -2.179 -0.739
0.749 -2.179 -0.739
0.791 -2.174 -0.737
0.797 -2.188 -0.742
0.797 -2.188 -0.742
0.84 -2.182 -0.74
0.841 -2.185 -0.741
0.842 -2.189 -0.742
0.885 -2.182 -0.74
0.887 -2.185 -0.741
0.891 -2.196 -0.745
0.936 -2.191 -0.743
0.939 -2.198 -0.746
0.944 -2.209 -0.749
0.987 -2.2 -0.746
0.987 -2.2 -0.746
0.99 -2.207 -0.749
1.037 -2.204 -0.748
1.039 -2.208 -0.749
1.08 -2.19 -0.743
1.127 -2.185 -0.741
1.128 -2.189 -0.742
1.134 -2.199 -0.746
1.181 -2.194 -0.744
1.185 -2.2 -0.746
1.178 -2.187 -0.742
0.629 -1.12 -0.38
0.644 -1.1 -0.373
0.638 -1.09 -0.369
0.652 -1.069 -0.362
0.646 -1.059 -0.359
0.642 -1.053 -0.357
0.655 -1.032 -0.35
0.649 -1.023 -0.346
0.643 -1.013 -0.343
0.656 -0.994 -0.337
0.65 -0.984 -0.333
0.645 -0.978 -0.331
0.658 -0.959 -0.325
0.652 -0.951 -0.322
0.648 -0.945 -0.32
0.66 -0.926 -0.314
0.654 -0.918 -0.311
0.666 -0.901 -0.305
0.662 -0.895 -0.303
0.656 -0.887 -0.3
0.668 -0.87 -0.295
0.662 -0.863 -0.292
0.658 -0.858 -0.29
0.669 -0.841 -0.285
0.663 -0.833 -0.282
0.66 -0.829 -0.281
0.67 -0.812 -0.275
0.666 -0.807 -0.273
0.662 -0.803 -0.272
0.671 -0.784 -0.265
0.667 -0.78 -0.264
0.677 -0.765 -0.259
0.674 -0.76 -0.257
0.668 -0.754 -0.255
0.678 -0.739 -0.25
0.674 -0.735 -0.249
0.67 -0.73 -0.247
0.68 -0.715 -0.242
0.676 -0.711 -0.24
0.672 -0.706 -0.239
0.681 -0.691 -0.234
0.677 -0.687 -0.232
0.674 -0.684 -0.231
0.682 -0.669 -0.226
0.679 -0.666 -0.225
0.675 -0.662 -0.224
0.684 -0.648 -0.219
0.68 -0.644 -0.218
0.689 -0.63 -0.213
0.686 -0.627 -0.212
0.682 -0.624 -0.211
0.689 -0.608 -0.206
0.685 -0.604 -0.204
0.683 -0.603 -0.204
0.69 -0.588 -0.199
0.687 -0.585 -0.198
0.685 -0.584 -0.197
0.693 -0.57 -0.193
0.69 -0.568 -0.192
0.687 -0.565 -0.191
0.694 -0.551 -0.186
0.691 -0.549 -0.185
0.698 -0.535 -0.181
0.695 -0.533 -0.18
0.692 -0.53 -0.179
0.698 -0.516 -0.174
0.697 -0.515 -0.174
0.693 -0.513 -0.173
0.7 -0.499 -0.169
0.698 -0.498 -0.168
0.696 -0.497 -0.168
0.702 -0.483 -0.163
0.699 -0.481 -0.162
0.697 -0.48 -0.162
0.703 -0.466 -0.157
0.7 -0.464 -0.157
0.698 -0.463 -0.156
0.705 -0.45 -0.152
0.701 -0.448 -0.151
0.71 -0.388 -0.131
0.708 -0.387 -0.131
0.707 -0.386 -0.13
0.712 -0.374 -0.126
0.71 -0.373 -0.126
0.707 -0.371 -0.125
0.712 -0.358 -0.121
0.71 -0.357 -0.12
0.715 -0.345 -0.116
0.713 -0.344 -0.116
0.711 -0.343 -0.116
0.715 -0.33 -0.111
0.714 -0.33 -0.111
0.712 -0.329 -0.111
0.716 -0.316 -0.106
0.722 -0.304 -0.102
0.724 -0.291 -0.098
0.731 -0.28 -0.094
0.718 -0.024 -0.007
0.718 -0.024 -0.007
0.716 -0.012 -0.003
0.712 -0.012 -0.003
0.787 0.242 0.083
0.782 0.241 0.083
0.775 0.253 0.087
0.772 0.252 0.086
0.763 0.263 0.09
0.759 0.262 0.09
0.761 0.262 0.09
0.758 0.276 0.095
0.76 0.276 0.095
0.762 0.277 0.095
0.76 0.291 0.1
0.762 0.292 0.1
0.762 0.292 0.1
0.76 0.306 0.105
0.762 0.306 0.105
0.764 0.307 0.105
0.76 0.32 0.11
0.762 0.321 0.11
0.766 0.323 0.111
0.761 0.336 0.115
0.763 0.337 0.115
0.767 0.339 0.116
0.762 0.352 0.121
0.764 0.353 0.121
0.768 0.354 0.121
0.763 0.368 0.126
0.766 0.37 0.127
0.761 0.383 0.131
0.765 0.385 0.132
0.766 0.386 0.132
0.763 0.4 0.137
0.766 0.402 0.138
0.768 0.403 0.138
0.764 0.418 0.143
0.766 0.419 0.143
0.769 0.42 0.144
0.765 0.435 0.149
0.768 0.437 0.149
3.89 2.393 0.818
3.85 2.368 0.809
3.823 2.352 0.804
3.74 2.389 0.816
3.72 2.376 0.812
3.656 2.424 0.827
3.577 2.372 0.81
3.513 2.418 0.825
3.475 2.391 0.816
3.429 2.36 0.806
3.372 2.407 0.822
3.347 2.389 0.815
3.334 2.38 0.812
3.271 2.42 0.826
3.252 2.406 0.821
3.239 2.397 0.818
3.16 2.424 0.827
3.132 2.403 0.82
3.075 2.444 0.834
3.054 2.427 0.828
3.036 2.413 0.823
2.973 2.448 0.835
2.954 2.433 0.83
2.933 2.415 0.824
2.868 2.446 0.835
2.847 2.428 0.828
2.832 2.415 0.823
2.772 2.449 0.835
2.755 2.433 0.829
2.728 2.41 0.822
2.672 2.444 0.833
2.666 2.439 0.831
2.649 2.423 0.826
2.598 2.461 0.839
2.593 2.456 0.837
2.576 2.44 0.832
2.516 2.468 0.841
2.505 2.457 0.838
2.441 2.479 0.845
2.43 2.468 0.841
2.419 2.457 0.838
2.352 2.474 0.843
2.341 2.463 0.839
2.333 2.454 0.837
2.279 2.484 0.847
2.264 2.467 0.841
2.245 2.447 0.834
2.19 2.472 0.843
2.184 2.466 0.841
2.177 2.457 0.838
2.124 2.484 0.847
2.116 2.475 0.844
2.106 2.464 0.84
2.053 2.489 0.848
2.048 2.483 0.846
2.033 2.465 0.839
1.975 2.483 0.845
1.966 2.471 0.841
1.913 2.494 0.849
1.908 2.488 0.847
1.899 2.476 0.843
1.848 2.501 0.851
1.846 2.498 0.85
1.839 2.488 0.847
1.788 2.512 0.855
1.784 2.506 0.853
1.777 2.496 0.85
1.724 2.516 0.856
1.72 2.509 0.854
1.714 2.5 0.851
1.659 2.515 0.856
1.648 2.499 0.851
1.644 2.492 0.849
1.594 2.513 0.855
1.587 2.503 0.852
1.587 2.503 0.852
1.535 2.519 0.858
1.527 2.506 0.853
1.475 2.521 0.858
1.475 2.521 0.858
1.473 2.518 0.857
1.419 2.528 0.861
1.415 2.521 0.858
1.413 2.518 0.857
1.361 2.531 0.862
1.356 2.521 0.858
1.352 2.514 0.856
1.298 2.522 0.859
1.288 2.502 0.852
1.284 2.495 0.85
1.238 2.516 0.857
1.236 2.513 0.855
1.235 2.509 0.854
1.188 2.529 0.86
1.183 2.519 0.857
1.18 2.512 0.854
1.132 2.528 0.86
1.129 2.521 0.857
1.081 2.535 0.862
1.078 2.528 0.86
1.075 2.521 0.857
1.028 2.539 0.863
1.025 2.532 0.861
1.021 2.521 0.857
0.973 2.534 0.862
0.974 2.538 0.863
0.974 2.538 0.863
0.924 2.543 0.865
0.922 2.539 0.863
0.922 2.539 0.863
0.873 2.547 0.866
0.868 2.532 0.861
0.864 2.521 0.857
0.816 2.532 0.861
0.815 2.528 0.86
0.814 2.525 0.858
0.767 2.538 0.863
0.766 2.534 0.862
0.717 2.539 0.863
0.719 2.543 0.865
0.716 2.535 0.862
0.669 2.543 0.865
0.669 2.543 0.865
0.669 2.543 0.865
0.621 2.55 0.867
0.62 2.546 0.866
0.62 2.546 0.866
0.571 2.549 0.867
0.572 2.553 0.868
0.571 2.549 0.867
0.523 2.554 0.869
0.525 2.562 0.871
0.523 2.554 0.869
0.475 2.555 0.869
0.474 2.551 0.868
0.474 2.551 0.868
0.426 2.551 0.868
0.425 2.548 0.866
0.427 2.559 0.87
0.379 2.562 0.87
0.378 2.554 0.868
0.33 2.556 0.868
0.33 2.553 0.867
0.33 2.556 0.868
0.283 2.561 0.87
0.284 2.565 0.871
0.283 2.561 0.87
0.236 2.562 0.87
0.236 2.562 0.87
0.236 2.562 0.87
0.188 2.565 0.871
0.188 2.565 0.871
0.188 2.565 0.871
0.141 2.572 0.874
0.141 2.572 0.874
0.141 2.572 0.874
0.094 2.574 0.874
0.094 2.57 0.873
0.046 2.571 0.873
0.046 2.575 0.875
0.046 2.575 0.875
-0.001 2.575 0.875
-0.001 2.572 0.873
-0.001 2.568 0.872
-0.048 2.568 0.872
-0.048 2.575 0.875
-0.048 2.575 0.875
-0.096 2.574 0.874
-0.096 2.574 0.874
-0.096 2.574 0.874
-0.144 2.58 0.876
-0.144 2.576 0.875
-0.144 2.576 0.875
-0.191 2.577 0.875
-0.191 2.573 0.874
-0.192 2.581 0.876
-0.239 2.581 0.877
-0.239 2.581 0.877
-0.24 2.585 0.878
-0.288 2.584 0.878
-0.288 2.584 0.878
-0.288 2.588 0.879
-0.336 2.586 0.878
-0.336 2.586 0.878
-0.337 2.594 0.881
-0.386 2.595 0.882
-0.386 2.592 0.88
-0.434 2.589 0.878
-0.435 2.592 0.88
-0.435 2.596 0.881
-0.483 2.589 0.878
-0.483 2.589 0.878
-0.484 2.596 0.881
-0.533 2.591 0.879
-0.534 2.595 0.88
-0.535 2.603 0.883
-0.583 2.593 0.88
-0.585 2.601 0.882
-0.587 2.612 0.886
-0.635 2.602 0.883
-0.636 2.605 0.884
-0.638 2.613 0.886
-0.689 2.613 0.886
-0.689 2.613 0.886
-0.69 2.617 0.888
-0.74 2.612 0.886
-0.741 2.616 0.887
-0.745 2.63 0.892
-0.797 2.629 0.892
-0.798 2.632 0.893
-0.797 2.629 0.892
-0.845 2.615 0.887
-0.848 2.622 0.89
-0.898 2.615 0.887
-0.901 2.622 0.89
-0.903 2.63 0.892
-0.952 2.614 0.887
-0.954 2.621 0.889
-0.959 2.636 0.894
-1.013 2.634 0.894
-1.017 2.644 0.897
-1.02 2.652 0.9
-1.073 2.645 0.897
-1.073 2.645 0.897
-1.078 2.655 0.901
-1.131 2.648 0.898
-1.132 2.651 0.9
-1.135 2.658 0.902
-1.189 2.65 0.899
-1.192 2.657 0.901
-1.194 2.66 0.903
-1.244 2.643 0.896
-1.252 2.661 0.902
-1.257 2.671 0.905
-1.308 2.653 0.899
-1.316 2.671 0.905
-1.321 2.681 0.909
-1.379 2.676 0.907
-1.384 2.686 0.91
-1.39 2.696 0.914
-1.445 2.683 0.909
-1.45 2.693 0.913
-1.501 2.672 0.906
-1.503 2.675 0.907
-1.511 2.689 0.911
-1.57 2.68 0.908
-1.578 2.693 0.913
-1.583 2.703 0.916
-1.645 2.696 0.914
-1.653 2.709 0.918
-1.657 2.716 0.92
-1.715 2.701 0.915
-1.721 2.711 0.919
-1.729 2.724 0.923
-1.788 2.708 0.918
-1.798 2.724 0.923
-1.805 2.733 0.926
-1.859 2.71 0.918
-1.872 2.729 0.925
-1.881 2.741 0.929
-1.938 2.719 0.922
-1.951 2.738 0.928
-1.96 2.751 0.932
-2.02 2.73 0.925
-2.031 2.746 0.931
-2.045 2.764 0.937
-2.108 2.745 0.929
-2.117 2.758 0.934
-2.129 2.773 0.939
-2.192 2.753 0.932
-2.199 2.762 0.935
-2.262 2.74 0.928
-2.276 2.758 0.934
-2.294 2.779 0.941
-2.36 2.758 0.934
-2.375 2.776 0.94
-2.4 2.805 0.95
-2.472 2.788 0.944
-2.482 2.8 0.948
-2.5 2.82 0.955
-2.57 2.798 0.947
-2.581 2.81 0.951
-2.596 2.827 0.957
-2.667 2.803 0.949
-2.68 2.817 0.954
-2.71 2.848 0.964
-2.794 2.836 0.96
-2.816 2.859 0.968
-2.838 2.881 0.975
-2.907 2.85 0.964
-2.93 2.872 0.971
-2.952 2.893 0.979
-3.033 2.871 0.971
-3.061 2.898 0.98
-3.09 2.925 0.989
-3.172 2.899 0.981
-3.201 2.926 0.99
-3.277 2.893 0.979
-3.307 2.919 0.987
-3.33 2.94 0.994
-3.425 2.92 0.988
-3.455 2.945 0.996
-3.485 2.97 1.005
-3.569 2.937 0.994
-3.593 2.957 1.0
-3.642 2.997 1.014
-3.733 2.965 1.002
-3.745 2.975 1.005
-3.745 2.975 1.005
-3.75 2.875 0.971
-3.663 2.808 0.95
-3.632 2.784 0.942
-3.588 2.654 0.897
-3.694 2.635 0.89
-3.726 2.658 0.898
-3.694 2.635 0.89
-3.697 2.542 0.859
-3.697 2.542 0.859
-3.756 2.49 0.841
-3.71 2.459 0.83
-3.677 2.437 0.824
-3.735 2.385 0.805
-3.702 2.364 0.798
-3.675 2.347 0.793
-3.731 2.294 0.774
-3.711 2.281 0.77
-3.691 2.269 0.766
-3.726 2.204 0.744
-3.678 2.176 0.735
-3.671 2.172 0.734
-3.697 2.103 0.709
-3.683 2.095 0.708
-3.725 2.118 0.715
-3.812 2.083 0.703
-3.798 2.076 0.7
-3.828 2.009 0.677
-3.695 1.939 0.654
-3.66 1.921 0.648
-3.674 1.849 0.624
-3.674 1.849 0.624
-3.715 1.792 0.604
-3.736 1.802 0.607
-3.765 1.816 0.612
-3.805 1.757 0.592
-3.798 1.753 0.591
-3.798 1.753 0.591
-3.8 1.677 0.565
-3.735 1.649 0.555
-3.706 1.636 0.551
-3.747 1.579 0.531
-3.736 1.574 0.53
-3.699 1.559 0.525
-3.724 1.496 0.503
-3.72 1.495 0.503
-3.724 1.496 0.503
-3.754 1.436 0.483
-3.725 1.424 0.479
-3.736 1.429 0.48
-3.784 1.375 0.462
-3.81 1.384 0.465
-3.711 1.279 0.429
-3.718 1.281 0.43
-3.745 1.221 0.41
-3.747 1.153 0.387
-3.766 1.159 0.389
-3.827 1.177 0.395
-3.89 1.126 0.378
-3.883 1.124 0.377
-3.772 1.024 0.343
-3.76 1.021 0.342
-3.78 1.026 0.344
-3.779 0.959 0.321
-3.759 0.954 0.319
-3.763 0.955 0.319
-3.776 0.892 0.298
-3.8 0.897 0.3
-3.8 0.831 0.277
-3.773 0.825 0.275
-3.804 0.832 0.277
-3.866 0.778 0.259
-3.905 0.786 0.262
-3.92 0.789 0.263
-3.93 0.723 0.241
-3.773 0.695 0.231
-3.817 0.637 0.211
-3.813 0.637 0.211
-3.77 0.629 0.209
-3.793 0.569 0.188
-3.812 0.572 0.189
-3.856 0.578 0.191
-3.898 0.519 0.171
-3.87 0.515 0.17
-3.815 0.508 0.167
-3.795 0.441 0.145
-3.792 0.441 0.145
-3.799 0.442 0.145
-3.815 0.38 0.124
-3.879 0.386 0.126
-3.993 0.331 0.107
-4.045 0.335 0.109
-4.041 0.335 0.109
-4.058 0.269 0.086
-4.054 0.268 0.086
-3.807 0.189 0.059
-3.883 0.193 0.06
-3.915 0.194 0.061
-3.87 0.128 0.038
-3.854 0.127 0.038
-3.85 0.127 0.038
-3.843 0.064 0.017
-3.883 0.064 0.017
-3.883 0.064 0.017
-3.836 0.0 0.028
-3.848 0.0 0.028
-4.027 -0.065 0.003
-4.027 -0.065 0.003
-4.026 -0.13 -0.024
-4.026 -0.13 -0.024
-4.03 -0.13 -0.024
-4.026 -0.195 -0.052
-4.026 -0.195 -0.052
-4.03 -0.195 -0.052
-4.035 -0.26 -0.079
-4.035 -0.26 -0.079
-4.031 -0.26 -0.079
-4.03 -0.325 -0.106
-4.034 -0.325 -0.107
-4.034 -0.325 -0.107
-4.027 -0.39 -0.134
-4.031 -0.391 -0.134
-4.039 -0.391 -0.134
-4.035 -0.457 -0.162
-4.043 -0.458 -0.162
-4.038 -0.523 -0.19
-4.046 -0.524 -0.19
-4.046 -0.524 -0.19
-4.036 -0.589 -0.217
-4.032 -0.589 -0.217
-4.04 -0.59 -0.218
-4.044 -0.657 -0.246
-4.052 -0.658 -0.246
-4.067 -0.661 -0.247
-4.062 -0.728 -0.275
-4.07 -0.729 -0.276
-4.078 -0.73 -0.277
-4.063 -0.796 -0.304
-4.071 -0.798 -0.305
-4.079 -0.799 -0.305
-4.072 -0.866 -0.334
-4.095 -0.871 -0.336
-4.08 -0.868 -0.334
-4.078 -0.937 -0.363
-4.102 -0.942 -0.366
-4.102 -0.942 -0.366
-4.037 -0.997 -0.388
-3.944 -0.974 -0.38
-3.867 -1.022 -0.401
-3.833 -1.013 -0.397
-3.806 -1.005 -0.394
-3.744 -1.055 -0.416
-3.664 -1.032 -0.406
-3.591 -1.011 -0.399
-3.503 -1.049 -0.414
-3.442 -1.03 -0.407
-3.419 -1.023 -0.405
-3.35 -1.063 -0.421
-3.282 -1.041 -0.413
-3.237 -1.027 -0.407
-3.175 -1.065 -0.424
-3.119 -1.046 -0.416
-3.051 -1.023 -0.407
-2.934 -1.038 -0.415
-2.907 -1.082 -0.433
-2.855 -1.062 -0.425
-2.814 -1.047 -0.419
-2.772 -1.084 -0.435
-2.783 -1.088 -0.437
-2.794 -1.092 -0.439
-2.777 -1.139 -0.458
-2.787 -1.143 -0.46
-2.791 -1.145 -0.46
-2.777 -1.192 -0.481
-2.785 -1.196 -0.482
-2.795 -1.2 -0.484
-2.783 -1.25 -0.505
-2.794 -1.255 -0.507
-2.797 -1.256 -0.507
-2.791 -1.309 -0.53
-2.798 -1.313 -0.531
-2.809 -1.318 -0.532
-2.292 -1.122 -0.454
-2.271 -1.159 -0.469
-2.736 -1.397 -0.566
-2.685 -1.427 -0.579
-2.641 -1.461 -0.594
-1.902 -1.052 -0.428
-1.865 -1.073 -0.436
-1.882 -1.083 -0.44
-2.289 -1.368 -0.557
-1.807 -1.122 -0.458
-1.796 -1.157 -0.473
-1.926 -1.288 -0.527
-1.761 -1.221 -0.499
-1.774 -1.23 -0.503
-1.744 -1.253 -0.513
-1.731 -1.244 -0.509
-1.689 -1.258 -0.516
-1.683 -1.253 -0.514
-1.646 -1.271 -0.521
-1.604 -1.282 -0.526
-1.595 -1.275 -0.523
-1.583 -1.266 -0.519
-1.559 -1.291 -0.531
-1.286 -1.103 -0.454
-1.278 -1.097 -0.451
-1.276 -1.094 -0.45
-1.256 -1.116 -0.459
-1.26 -1.12 -0.461
-1.27 -1.129 -0.465
-1.26 -1.158 -0.477
-1.352 -1.287 -0.53
-1.379 -1.313 -0.541
-1.395 -1.328 -0.547
-1.352 -1.333 -0.549
-1.289 -1.316 -0.543
-1.272 -1.344 -0.555
-1.401 -1.481 -0.612
-1.368 -1.497 -0.619
-1.363 -1.492 -0.616
-1.355 -1.483 -0.613
-1.317 -1.493 -0.617
-1.311 -1.488 -0.614
-1.309 -1.485 -0.613
-1.273 -1.497 -0.619
-1.266 -1.488 -0.616
-1.235 -1.505 -0.623
-1.23 -1.499 -0.62
-1.227 -1.495 -0.618
-1.194 -1.508 -0.624
-1.186 -1.499 -0.62
-1.181 -1.492 -0.617
-1.146 -1.503 -0.623
-1.145 -1.502 -0.622
-1.141 -1.496 -0.62
-1.107 -1.506 -0.624
-1.105 -1.504 -0.623
-1.102 -1.5 -0.622
-1.068 -1.51 -0.626
-1.061 -1.499 -0.621
-1.055 -1.491 -0.618
-1.026 -1.506 -0.624
-1.021 -1.5 -0.623
-0.991 -1.513 -0.628
-0.99 -1.511 -0.627
-0.986 -1.505 -0.625
-0.952 -1.512 -0.628
-0.948 -1.506 -0.625
-0.945 -1.501 -0.623
-0.915 -1.515 -0.629
-0.914 -1.511 -0.627
-0.911 -1.506 -0.625
-0.88 -1.518 -0.631
-0.877 -1.513 -0.629
-0.875 -1.509 -0.628
-0.844 -1.518 -0.631
-0.842 -1.515 -0.63
-0.839 -1.51 -0.628
-0.809 -1.52 -0.632
-0.806 -1.515 -0.63
-0.776 -1.524 -0.634
-0.775 -1.523 -0.633
-0.774 -1.521 -0.632
-0.744 -1.53 -0.637
-0.741 -1.525 -0.635
-0.739 -1.52 -0.633
-0.708 -1.528 -0.636
-0.707 -1.524 -0.635
-0.706 -1.523 -0.634
-0.675 -1.529 -0.637
-0.673 -1.523 -0.634
-0.671 -1.52 -0.633
-0.641 -1.529 -0.637
-0.641 -1.527 -0.636
-0.64 -1.525 -0.635
-0.61 -1.532 -0.639
-0.61 -1.534 -0.64
-0.608 -1.528 -0.638
-0.577 -1.533 -0.639
-0.577 -1.533 -0.639
-0.548 -1.542 -0.643
-0.548 -1.542 -0.643
-0.546 -1.535 -0.64
-0.515 -1.54 -0.642
-0.516 -1.541 -0.643
-0.515 -1.538 -0.641
-0.485 -1.542 -0.643
-0.484 -1.54 -0.643
-0.484 -1.54 -0.643
-0.454 -1.546 -0.646
-0.453 -1.541 -0.644
-0.452 -1.539 -0.643
-0.423 -1.546 -0.646
-0.423 -1.546 -0.646
-0.422 -1.542 -0.644
-0.393 -1.551 -0.648
-0.392 -1.547 -0.646
-0.363 -1.551 -0.648
-0.363 -1.553 -0.649
-0.363 -1.553 -0.649
-0.334 -1.559 -0.652
-0.422 -2.415 -1.011
-0.422 -2.714 -1.136
-0.453 -2.911 -1.219
-0.397 -2.914 -1.22
-0.397 -2.914 -1.22
-0.398 -2.918 -1.222
-0.342 -2.923 -1.225
-0.341 -2.916 -1.222
-0.341 -2.916 -1.222
-0.287 -2.925 -1.226
-0.287 -2.925 -1.226
-0.287 -2.925 -1.226
-0.231 -2.929 -1.227
-0.231 -2.921 -1.224
-0.175 -2.928 -1.228
-0.176 -2.936 -1.231
-0.176 -2.939 -1.233
-0.12 -2.941 -1.234
-0.12 -2.941 -1.234
-0.12 -2.941 -1.234
-0.065 -2.943 -1.235
-0.065 -2.946 -1.237
-0.065 -2.958 -1.241
-0.009 -2.962 -1.243
-0.009 -2.954 -1.24
-0.009 -2.947 -1.237
0.047 -2.946 -1.237
0.047 -2.961 -1.243
0.047 -2.969 -1.246
0.103 -2.964 -1.245
0.103 -2.967 -1.246
0.104 -2.971 -1.248
0.16 -2.969 -1.247
0.16 -2.969 -1.247
0.16 -2.976 -1.25
0.217 -2.98 -1.253
0.217 -2.98 -1.253
0.273 -2.972 -1.25
0.274 -2.98 -1.253
0.274 -2.987 -1.256
0.331 -2.982 -1.254
0.331 -2.986 -1.255
0.332 -2.993 -1.258
0.389 -2.991 -1.258
0.389 -2.987 -1.257
0.389 -2.987 -1.257
0.446 -2.988 -1.257
0.446 -2.988 -1.257
0.442 -2.962 -1.246
0.493 -2.925 -1.232
0.475 -2.816 -1.186
0.52 -2.768 -1.166
0.493 -2.622 -1.105
0.531 -2.556 -1.077
0.521 -2.509 -1.057
0.542 -2.381 -1.003
0.531 -2.334 -0.984
0.563 -2.278 -0.96
0.551 -2.228 -0.939
0.539 -2.181 -0.92
0.568 -2.126 -0.896
0.563 -2.108 -0.889
0.563 -2.104 -0.887
0.604 -2.098 -0.885
0.604 -2.098 -0.885
0.605 -2.102 -0.886
0.647 -2.099 -0.886
0.648 -2.102 -0.887
0.691 -2.102 -0.887
0.699 -2.13 -0.899
0.708 -2.155 -0.91
0.748 -2.143 -0.906
0.751 -2.15 -0.909
0.756 -2.164 -0.914
0.802 -2.166 -0.915
0.804 -2.173 -0.918
0.804 -2.173 -0.918
0.847 -2.163 -0.914
0.851 -2.173 -0.918
0.854 -2.18 -0.921
0.896 -2.169 -0.918
0.902 -2.183 -0.923
0.902 -2.183 -0.923
0.943 -2.168 -0.917
0.946 -2.175 -0.92
0.947 -2.178 -0.921
0.995 -2.176 -0.92
1.001 -2.19 -0.926
1.004 -2.197 -0.929
1.046 -2.18 -0.923
1.047 -2.183 -0.924
1.041 -2.17 -0.919
1.085 -2.159 -0.914
1.097 -2.183 -0.924
1.099 -2.186 -0.926
1.142 -2.171 -0.919
1.147 -2.181 -0.924
1.19 -2.166 -0.918
0.639 -1.114 -0.472
0.634 -1.104 -0.468
0.627 -1.093 -0.464
0.643 -1.074 -0.456
0.636 -1.063 -0.451
0.63 -1.053 -0.447
0.645 -1.035 -0.439
0.639 -1.025 -0.435
0.653 -1.007 -0.428
0.648 -0.999 -0.424
0.642 -0.99 -0.42
0.653 -0.968 -0.411
0.649 -0.962 -0.409
0.644 -0.954 -0.405
0.657 -0.937 -0.398
0.651 -0.928 -0.395
0.645 -0.92 -0.391
0.657 -0.902 -0.384
0.652 -0.896 -0.381
0.647 -0.888 -0.378
0.659 -0.872 -0.371
0.654 -0.866 -0.368
0.665 -0.847 -0.361
0.66 -0.841 -0.358
0.655 -0.835 -0.356
0.667 -0.82 -0.349
0.661 -0.813 -0.346
0.657 -0.807 -0.344
0.668 -0.791 -0.337
0.664 -0.786 -0.335
0.659 -0.78 -0.333
0.67 -0.765 -0.326
0.668 -0.762 -0.325
0.663 -0.757 -0.323
0.672 -0.74 -0.316
0.666 -0.735 -0.313
0.676 -0.72 -0.307
0.672 -0.715 -0.305
0.668 -0.711 -0.304
0.679 -0.698 -0.298
0.675 -0.693 -0.296
0.67 -0.688 -0.294
0.68 -0.674 -0.288
0.676 -0.67 -0.286
0.672 -0.666 -0.285
0.682 -0.653 -0.279
0.677 -0.649 -0.277
0.673 -0.645 -0.276
0.682 -0.631 -0.27
0.678 -0.627 -0.268
0.675 -0.625 -0.267
0.684 -0.611 -0.261
0.68 -0.607 -0.26
0.69 -0.595 -0.255
0.685 -0.591 -0.253
0.683 -0.589 -0.252
0.691 -0.575 -0.246
0.686 -0.571 -0.245
0.683 -0.569 -0.244
0.691 -0.555 -0.238
0.688 -0.553 -0.237
0.685 -0.55 -0.236
0.692 -0.537 -0.23
0.689 -0.535 -0.229
0.687 -0.533 -0.229
0.694 -0.52 -0.223
0.693 -0.519 -0.223
0.688 -0.515 -0.221
0.695 -0.502 -0.216
0.693 -0.501 -0.215
0.699 -0.487 -0.21
0.696 -0.485 -0.209
0.694 -0.484 -0.208
0.701 -0.47 -0.202
0.698 -0.468 -0.202
0.696 -0.467 -0.201
0.702 -0.454 -0.195
0.699 -0.452 -0.195
0.697 -0.451 -0.194
0.702 -0.437 -0.189
0.7 -0.436 -0.188
0.699 -0.435 -0.188
0.705 -0.423 -0.182
0.706 -0.376 -0.163
0.711 -0.364 -0.158
0.709 -0.363 -0.157
0.706 -0.361 -0.157
0.711 -0.349 -0.151
0.709 -0.348 -0.151
0.707 -0.347 -0.151
0.712 -0.335 -0.146
0.71 -0.334 -0.145
0.714 -0.322 -0.14
0.713 -0.321 -0.14
0.711 -0.32 -0.139
0.715 -0.308 -0.134
0.715 -0.308 -0.134
0.713 -0.307 -0.134
0.712 -0.023 -0.015
0.712 -0.023 -0.015
0.714 0.0 -0.005
0.792 0.237 0.094
0.787 0.235 0.093
0.776 0.246 0.097
0.773 0.245 0.097
0.766 0.257 0.102
0.764 0.256 0.101
0.762 0.255 0.101
0.759 0.268 0.107
0.761 0.269 0.107
0.763 0.27 0.107
0.759 0.283 0.113
0.763 0.284 0.113
0.763 0.284 0.113
0.759 0.297 0.119
0.761 0.298 0.119
0.765 0.299 0.12
0.761 0.312 0.125
0.763 0.313 0.125
0.765 0.314 0.126
0.762 0.327 0.131
0.764 0.328 0.132
0.768 0.33 0.132
0.763 0.343 0.138
0.765 0.344 0.138
0.769 0.345 0.139
0.764 0.358 0.144
0.767 0.36 0.145
0.769 0.361 0.145
0.766 0.375 0.151
0.767 0.376 0.152
0.764 0.39 0.158
0.765 0.391 0.158
0.769 0.392 0.159
0.771 0.393 0.159
0.765 0.407 0.165
0.77 0.409 0.166
0.766 0.424 0.172
0.769 0.426 0.173
0.763 0.439 0.178
3.575 2.137 0.871
3.542 2.117 0.863
3.489 2.166 0.883
3.469 2.153 0.879
3.448 2.141 0.874
3.388 2.183 0.891
3.356 2.162 0.883
3.323 2.141 0.875
3.253 2.174 0.889
3.214 2.148 0.878
3.194 2.135 0.873
3.144 2.18 0.892
3.118 2.162 0.884
3.096 2.146 0.878
3.039 2.184 0.895
3.024 2.173 0.89
2.998 2.155 0.883
2.926 2.18 0.894
2.907 2.166 0.888
2.892 2.154 0.883
2.835 2.188 0.897
2.82 2.176 0.893
2.763 2.209 0.907
2.745 2.195 0.901
2.727 2.18 0.895
2.667 2.209 0.907
2.659 2.201 0.905
2.647 2.192 0.901
2.587 2.219 0.912
2.578 2.211 0.909
2.561 2.196 0.903
2.507 2.226 0.917
2.49 2.211 0.91
2.467 2.191 0.901
2.414 2.219 0.914
2.406 2.212 0.91
2.397 2.204 0.907
2.344 2.231 0.92
2.327 2.215 0.913
2.274 2.242 0.924
2.263 2.231 0.919
2.249 2.217 0.915
2.188 2.234 0.922
2.178 2.223 0.917
2.167 2.212 0.912
2.114 2.235 0.923
2.109 2.23 0.921
2.106 2.227 0.92
2.056 2.252 0.93
2.046 2.241 0.925
2.036 2.229 0.921
1.981 2.247 0.929
1.963 2.227 0.921
1.958 2.221 0.918
1.913 2.25 0.93
1.903 2.238 0.925
1.853 2.259 0.934
1.849 2.253 0.932
1.839 2.242 0.928
1.792 2.265 0.938
1.784 2.256 0.934
1.78 2.25 0.931
1.73 2.269 0.939
1.723 2.26 0.936
1.719 2.254 0.933
1.664 2.266 0.939
1.653 2.25 0.933
1.651 2.247 0.931
1.604 2.267 0.94
1.6 2.261 0.937
1.595 2.255 0.935
1.548 2.274 0.943
1.542 2.265 0.94
1.535 2.255 0.936
1.488 2.273 0.943
1.482 2.264 0.939
1.429 2.271 0.943
1.425 2.265 0.941
1.427 2.268 0.942
1.374 2.274 0.945
1.37 2.268 0.942
1.368 2.265 0.941
1.322 2.28 0.947
1.316 2.27 0.943
1.316 2.27 0.943
1.269 2.284 0.95
1.265 2.277 0.947
1.262 2.271 0.944
1.217 2.287 0.951
1.217 2.287 0.951
1.212 2.277 0.947
1.163 2.286 0.952
1.16 2.28 0.949
1.117 2.298 0.957
1.113 2.291 0.954
1.11 2.284 0.951
1.067 2.302 0.958
1.065 2.298 0.957
1.06 2.288 0.952
1.012 2.295 0.956
1.011 2.291 0.955
1.008 2.284 0.952
0.96 2.29 0.954
0.963 2.297 0.957
0.963 2.297 0.957
0.917 2.305 0.96
0.913 2.294 0.956
0.909 2.284 0.952
0.864 2.295 0.957
0.865 2.298 0.959
0.863 2.291 0.956
0.817 2.298 0.958
0.818 2.301 0.96
0.815 2.294 0.957
0.768 2.296 0.958
0.767 2.293 0.956
0.768 2.296 0.958
0.724 2.305 0.962
0.724 2.305 0.962
0.679 2.312 0.966
0.678 2.309 0.964
0.676 2.301 0.961
0.632 2.312 0.965
0.632 2.312 0.965
0.632 2.312 0.965
0.588 2.322 0.97
0.587 2.318 0.969
0.586 2.314 0.967
0.542 2.32 0.97
0.541 2.316 0.968
0.54 2.313 0.967
0.495 2.313 0.967
0.495 2.317 0.969
0.496 2.321 0.97
0.451 2.321 0.971
0.452 2.325 0.973
0.449 2.314 0.968
0.404 2.31 0.966
0.405 2.317 0.969
0.406 2.324 0.973
0.362 2.327 0.974
0.36 2.319 0.97
0.316 2.321 0.972
0.317 2.328 0.975
0.317 2.328 0.975
0.273 2.329 0.976
0.272 2.326 0.974
0.271 2.318 0.971
0.227 2.318 0.971
0.227 2.322 0.973
0.227 2.322 0.973
0.183 2.325 0.975
0.183 2.325 0.975
0.183 2.325 0.975
0.139 2.328 0.976
0.139 2.328 0.976
0.139 2.324 0.975
0.095 2.326 0.975
0.095 2.322 0.974
0.095 2.322 0.974
0.051 2.331 0.978
0.051 2.334 0.98
0.051 2.331 0.978
0.007 2.327 0.977
0.007 2.335 0.98
0.007 2.338 0.982
-0.037 2.338 0.981
-0.037 2.338 0.981
-0.081 2.333 0.98
-0.081 2.333 0.98
-0.082 2.337 0.982
-0.126 2.335 0.981
-0.126 2.339 0.983
-0.126 2.346 0.986
-0.171 2.344 0.985
-0.171 2.347 0.986
-0.171 2.351 0.988
-0.216 2.348 0.987
-0.216 2.348 0.987
-0.216 2.352 0.989
-0.26 2.34 0.984
-0.261 2.348 0.987
-0.261 2.355 0.99
-0.305 2.347 0.987
-0.306 2.35 0.988
-0.307 2.361 0.993
-0.352 2.356 0.992
-0.352 2.356 0.992
-0.353 2.359 0.993
-0.397 2.35 0.989
-0.398 2.357 0.992
-0.398 2.361 0.994
-0.444 2.357 0.992
-0.444 2.357 0.992
-0.489 2.353 0.992
-0.49 2.357 0.993
-0.49 2.357 0.993
-0.535 2.352 0.991
-0.536 2.356 0.993
-0.538 2.363 0.996
-0.583 2.357 0.994
-0.585 2.365 0.997
-0.587 2.372 1.0
-0.632 2.362 0.996
-0.634 2.369 0.999
-0.635 2.373 1.001
-0.679 2.362 0.996
-0.681 2.369 0.999
-0.684 2.376 1.002
-0.731 2.372 1.001
-0.733 2.379 1.004
-0.733 2.379 1.004
-0.781 2.377 1.004
-0.784 2.384 1.007
-0.784 2.384 1.007
-0.829 2.371 1.001
-0.831 2.378 1.004
-0.877 2.368 1.0
-0.88 2.375 1.003
-0.884 2.385 1.008
-0.932 2.378 1.005
-0.933 2.381 1.006
-0.936 2.388 1.009
-0.982 2.376 1.004
-0.984 2.379 1.006
-0.986 2.386 1.009
-1.036 2.38 1.007
-1.039 2.387 1.01
-1.039 2.387 1.01
-1.09 2.383 1.008
-1.093 2.39 1.011
-1.096 2.397 1.014
-1.148 2.392 1.012
-1.151 2.399 1.015
-1.156 2.409 1.019
-1.207 2.4 1.016
-1.21 2.407 1.019
-1.214 2.413 1.022
-1.264 2.403 1.018
-1.268 2.41 1.021
-1.271 2.417 1.023
-1.32 2.402 1.018
-1.324 2.409 1.021
-1.331 2.422 1.027
-1.381 2.407 1.02
-1.385 2.413 1.023
-1.436 2.4 1.018
-1.442 2.41 1.022
-1.452 2.429 1.031
-1.505 2.415 1.025
-1.512 2.428 1.03
-1.516 2.434 1.033
-1.565 2.412 1.024
-1.571 2.422 1.028
-1.58 2.437 1.035
-1.634 2.421 1.028
-1.639 2.43 1.032
-1.654 2.452 1.041
-1.707 2.434 1.035
-1.713 2.444 1.039
-1.722 2.456 1.044
-1.772 2.434 1.035
-1.779 2.443 1.038
-1.784 2.449 1.041
-1.837 2.429 1.033
-1.848 2.444 1.04
-1.855 2.453 1.044
-1.915 2.441 1.039
-1.925 2.453 1.044
-1.932 2.462 1.047
-1.99 2.445 1.041
-2.004 2.463 1.049
-2.058 2.438 1.039
-2.068 2.45 1.043
-2.075 2.459 1.047
-2.132 2.436 1.039
-2.147 2.454 1.046
-2.164 2.474 1.054
-2.221 2.45 1.044
-2.234 2.464 1.05
-2.247 2.478 1.057
-2.301 2.45 1.045
-2.328 2.477 1.057
-2.343 2.494 1.064
-2.393 2.459 1.05
-2.409 2.475 1.057
-2.428 2.494 1.065
-2.488 2.468 1.054
-2.507 2.487 1.062
-2.524 2.503 1.07
-2.584 2.475 1.058
-2.607 2.497 1.067
-2.637 2.526 1.079
-2.71 2.506 1.072
-2.733 2.527 1.081
-2.755 2.548 1.09
-2.818 2.516 1.077
-2.841 2.536 1.086
-2.914 2.513 1.076
-2.955 2.548 1.092
-2.985 2.573 1.102
-3.017 2.601 1.114
-3.095 2.577 1.104
-3.113 2.591 1.111
-3.192 2.565 1.1
-3.234 2.599 1.115
-3.295 2.647 1.135
-3.375 2.617 1.124
-3.405 2.641 1.134
-3.436 2.665 1.144
-3.523 2.637 1.133
-3.567 2.669 1.146
-3.617 2.706 1.163
-3.718 2.684 1.154
-3.756 2.711 1.166
-3.762 2.716 1.168
-3.8 2.646 1.139
-3.589 2.499 1.075
-3.61 2.424 1.043
-3.603 2.419 1.042
-3.65 2.361 1.018
-3.663 2.369 1.022
-3.7 2.306 0.995
-3.667 2.285 0.986
-3.694 2.302 0.993
-3.717 2.23 0.963
-3.676 2.206 0.953
-3.67 2.202 0.951
-3.697 2.134 0.923
-3.69 2.13 0.921
-3.677 2.123 0.918
-3.69 2.048 0.887
-3.697 2.052 0.888
-3.731 2.071 0.896
-3.805 2.029 0.879
-3.811 2.032 0.881
-3.749 1.999 0.867
-3.723 1.906 0.827
-3.688 1.888 0.82
-3.653 1.87 0.812
-3.667 1.801 0.783
-3.674 1.804 0.784
-3.695 1.815 0.789
-3.765 1.772 0.772
-3.793 1.785 0.777
-3.842 1.73 0.754
-3.842 1.73 0.754
-3.777 1.701 0.742
-3.758 1.618 0.707
-3.736 1.609 0.702
-3.722 1.602 0.7
-3.751 1.542 0.675
-3.722 1.53 0.669
-3.708 1.524 0.667
-3.714 1.456 0.638
-3.729 1.461 0.64
-3.725 1.46 0.64
-3.727 1.39 0.61
-3.727 1.39 0.61
-3.757 1.401 0.616
-3.82 1.353 0.596
-3.725 1.251 0.552
-3.721 1.25 0.552
-3.717 1.249 0.551
-3.801 1.208 0.535
-3.801 1.208 0.535
-3.736 1.188 0.525
-3.747 1.124 0.499
-3.793 1.137 0.505
-3.853 1.156 0.513
-3.887 1.097 0.489
-3.845 1.085 0.483
-3.78 1.066 0.476
-3.769 0.997 0.447
-3.769 0.997 0.447
-3.784 1.001 0.448
-3.78 0.935 0.42
-3.756 0.929 0.418
-3.764 0.931 0.419
-3.801 0.874 0.395
-3.797 0.874 0.395
-3.778 0.805 0.366
-3.789 0.807 0.367
-3.817 0.813 0.369
-3.95 0.775 0.354
-3.918 0.768 0.352
-3.925 0.704 0.324
-3.775 0.677 0.312
-3.776 0.614 0.286
-3.768 0.613 0.285
-3.788 0.616 0.287
-3.814 0.557 0.262
-3.822 0.559 0.262
-3.889 0.568 0.268
-3.931 0.51 0.243
-3.793 0.492 0.234
-3.783 0.428 0.208
-3.791 0.429 0.208
-3.806 0.369 0.183
-3.806 0.369 0.183
-4.02 0.324 0.165
-4.02 0.324 0.165
-4.016 0.324 0.165
-4.053 0.261 0.14
-4.037 0.26 0.139
-3.814 0.184 0.105
-3.91 0.189 0.108
-3.87 0.125 0.08
-3.858 0.124 0.08
-3.854 0.124 0.08
-3.839 0.062 0.054
-3.879 0.062 0.054
-3.883 0.063 0.054
-3.836 0.0 0.011
-3.844 0.0 0.011
-4.027 -0.064 -0.018
-4.027 -0.064 -0.018
-4.022 -0.128 -0.048
-4.026 -0.128 -0.048
-4.03 -0.128 -0.048
-4.026 -0.192 -0.077
-4.026 -0.192 -0.077
-4.026 -0.192 -0.077
-4.03 -0.256 -0.106
-4.034 -0.256 -0.107
-4.026 -0.256 -0.106
-4.029 -0.32 -0.136
-4.033 -0.321 -0.136
-4.037 -0.321 -0.136
-4.03 -0.385 -0.166
-4.03 -0.385 -0.166
-4.034 -0.385 -0.166
-4.035 -0.45 -0.195
-4.043 -0.451 -0.196
-4.041 -0.516 -0.226
-4.045 -0.517 -0.226
-4.045 -0.517 -0.226
-4.043 -0.582 -0.256
-4.047 -0.582 -0.256
-4.054 -0.584 -0.257
-4.043 -0.648 -0.286
-4.051 -0.649 -0.287
-4.058 -0.65 -0.287
-4.045 -0.715 -0.317
-4.053 -0.716 -0.317
-4.069 -0.719 -0.319
-4.062 -0.785 -0.349
-4.062 -0.785 -0.349
-4.07 -0.786 -0.349
-4.07 -0.854 -0.38
-4.086 -0.857 -0.382
-4.078 -0.856 -0.381
-4.053 -0.918 -0.41
-4.076 -0.924 -0.412
-4.1 -0.929 -0.415
-4.081 -0.994 -0.445
-4.031 -0.982 -0.439
-3.927 -1.023 -0.458
-3.884 -1.012 -0.453
-3.842 -1.001 -0.448
-3.773 -1.048 -0.47
-3.727 -1.035 -0.465
-3.662 -1.017 -0.456
-3.573 -1.055 -0.474
-3.501 -1.034 -0.464
-3.436 -1.015 -0.455
-3.401 -1.064 -0.479
-3.363 -1.052 -0.473
-3.295 -1.031 -0.464
-3.226 -1.067 -0.48
-3.177 -1.051 -0.473
-3.104 -1.083 -0.487
-3.044 -1.062 -0.479
-2.988 -1.042 -0.47
-2.931 -1.076 -0.485
-2.912 -1.069 -0.482
-2.875 -1.056 -0.476
-2.807 -1.083 -0.488
-2.785 -1.074 -0.484
-2.788 -1.075 -0.485
-2.775 -1.123 -0.507
-2.785 -1.127 -0.509
-2.793 -1.13 -0.51
-2.774 -1.176 -0.531
-2.782 -1.179 -0.532
-2.79 -1.182 -0.534
-2.781 -1.232 -0.557
-2.792 -1.237 -0.559
-2.799 -1.24 -0.561
-2.789 -1.291 -0.584
-2.796 -1.294 -0.585
-2.81 -1.301 -0.588
-2.799 -1.352 -0.612
-2.275 -1.146 -0.519
-2.289 -1.153 -0.523
-2.718 -1.425 -0.645
-2.69 -1.411 -0.639
-2.635 -1.438 -0.652
-1.873 -1.064 -0.483
-1.863 -1.099 -0.499
-2.267 -1.389 -0.631
-1.806 -1.149 -0.522
-2.209 -1.458 -0.662
-1.755 -1.158 -0.526
-1.743 -1.193 -0.542
-1.736 -1.231 -0.559
-1.693 -1.245 -0.566
-1.684 -1.238 -0.563
-1.651 -1.257 -0.571
-1.657 -1.262 -0.574
-1.514 -1.195 -0.544
-1.519 -1.199 -0.546
-1.583 -1.294 -0.589
-1.604 -1.311 -0.597
-1.297 -1.099 -0.5
-1.291 -1.094 -0.497
-1.263 -1.108 -0.504
-1.261 -1.106 -0.503
-1.271 -1.115 -0.507
-1.257 -1.142 -0.519
-1.265 -1.149 -0.523
-1.35 -1.269 -0.578
-1.355 -1.274 -0.58
-1.508 -1.468 -0.669
-1.497 -1.457 -0.664
-1.491 -1.452 -0.662
-1.455 -1.467 -0.669
-1.272 -1.328 -0.605
-1.281 -1.338 -0.609
-1.385 -1.499 -0.683
-1.375 -1.487 -0.678
-1.341 -1.503 -0.685
-1.334 -1.495 -0.681
-1.326 -1.486 -0.677
-1.292 -1.501 -0.684
-1.29 -1.499 -0.683
-1.254 -1.51 -0.689
-1.247 -1.501 -0.685
-1.239 -1.493 -0.681
-1.21 -1.512 -0.69
-1.208 -1.509 -0.689
-1.201 -1.5 -0.685
-1.165 -1.51 -0.689
-1.162 -1.506 -0.687
-1.158 -1.501 -0.685
-1.125 -1.513 -0.691
-1.118 -1.504 -0.687
-1.113 -1.497 -0.683
-1.08 -1.509 -0.689
-1.077 -1.505 -0.687
-1.075 -1.502 -0.686
-1.044 -1.516 -0.692
-1.043 -1.514 -0.691
-1.008 -1.523 -0.695
-1.001 -1.512 -0.69
-0.998 -1.507 -0.688
-0.968 -1.521 -0.694
-0.965 -1.516 -0.692
-0.962 -1.511 -0.69
-0.93 -1.522 -0.695
-0.928 -1.519 -0.693
-0.923 -1.511 -0.69
-0.892 -1.522 -0.696
-0.89 -1.519 -0.694
-0.886 -1.511 -0.691
-0.856 -1.523 -0.696
-0.855 -1.521 -0.695
-0.852 -1.516 -0.693
-0.82 -1.525 -0.697
-0.818 -1.521 -0.695
-0.817 -1.52 -0.695
-0.786 -1.529 -0.699
-0.785 -1.526 -0.698
-0.753 -1.533 -0.701
-0.75 -1.528 -0.699
-0.749 -1.525 -0.697
-0.719 -1.535 -0.702
-0.717 -1.531 -0.7
-0.715 -1.528 -0.699
-0.685 -1.536 -0.702
-0.683 -1.532 -0.7
-0.682 -1.529 -0.699
-0.651 -1.536 -0.702
-0.65 -1.534 -0.701
-0.648 -1.531 -0.7
-0.618 -1.539 -0.704
-0.618 -1.538 -0.703
-0.616 -1.532 -0.701
-0.585 -1.54 -0.704
-0.585 -1.538 -0.703
-0.584 -1.537 -0.703
-0.555 -1.546 -0.707
-0.554 -1.544 -0.706
-0.522 -1.547 -0.708
-0.522 -1.546 -0.708
-0.522 -1.546 -0.708
-0.491 -1.55 -0.71
-0.49 -1.547 -0.708
-0.49 -1.548 -0.709
-0.46 -1.554 -0.712
-0.46 -1.554 -0.712
-0.46 -1.552 -0.711
-0.428 -1.554 -0.712
-0.428 -1.552 -0.711
-0.427 -1.551 -0.71
-0.397 -1.557 -0.713
-0.397 -1.555 -0.712
-0.396 -1.552 -0.71
-0.366 -1.556 -0.712
-0.365 -1.554 -0.712
-0.335 -1.558 -0.713
-0.37 -2.108 -0.965
-0.407 -2.61 -1.196
-0.41 -2.632 -1.206
-0.414 -2.661 -1.219
-0.365 -2.678 -1.227
-0.365 -2.681 -1.228
-0.365 -2.678 -1.227
-0.312 -2.676 -1.226
-0.313 -2.68 -1.228
-0.312 -2.676 -1.226
-0.261 -2.677 -1.226
-0.261 -2.68 -1.228
-0.261 -2.677 -1.226
-0.209 -2.677 -1.226
-0.209 -2.684 -1.23
-0.158 -2.687 -1.232
-0.158 -2.691 -1.234
-0.158 -2.694 -1.235
-0.107 -2.696 -1.236
-0.106 -2.693 -1.235
-0.107 -2.7 -1.238
-0.055 -2.705 -1.24
-0.055 -2.701 -1.238
-0.055 -2.701 -1.238
-0.003 -2.705 -1.24
-0.003 -2.705 -1.24
-0.003 -2.709 -1.242
0.049 -2.705 -1.24
0.049 -2.705 -1.24
0.049 -2.705 -1.24
0.101 -2.704 -1.24
0.101 -2.707 -1.241
0.101 -2.714 -1.245
0.154 -2.716 -1.245
0.153 -2.712 -1.244
0.154 -2.716 -1.245
0.206 -2.717 -1.247
0.206 -2.717 -1.247
0.258 -2.713 -1.245
0.259 -2.72 -1.248
0.259 -2.72 -1.248
0.311 -2.712 -1.244
0.312 -2.723 -1.249
0.312 -2.734 -1.254
0.366 -2.728 -1.252
0.365 -2.732 -1.254
0.366 -2.736 -1.255
0.419 -2.733 -1.254
0.42 -2.74 -1.257
0.42 -2.74 -1.257
0.472 -2.733 -1.254
0.472 -2.733 -1.254
0.472 -2.726 -1.251
0.517 -2.678 -1.229
0.507 -2.628 -1.206
0.5 -2.593 -1.19
0.54 -2.538 -1.165
0.529 -2.488 -1.142
0.548 -2.354 -1.081
0.536 -2.305 -1.059
0.567 -2.246 -1.032
0.556 -2.2 -1.011
0.543 -2.151 -0.988
0.576 -2.11 -0.969
0.575 -2.106 -0.968
0.577 -2.113 -0.971
0.621 -2.118 -0.973
0.622 -2.121 -0.975
0.622 -2.121 -0.975
0.664 -2.115 -0.971
0.665 -2.118 -0.973
0.674 -2.146 -0.986
0.724 -2.163 -0.994
0.727 -2.17 -0.997
0.728 -2.173 -0.998
0.773 -2.172 -0.998
0.776 -2.179 -1.001
0.779 -2.189 -1.006
0.824 -2.183 -1.003
0.824 -2.183 -1.003
0.867 -2.173 -0.998
0.868 -2.176 -1.0
0.871 -2.183 -1.003
0.917 -2.179 -1.002
0.919 -2.183 -1.004
0.922 -2.189 -1.007
0.969 -2.188 -1.006
0.972 -2.195 -1.009
0.974 -2.198 -1.011
1.019 -2.189 -1.007
1.021 -2.192 -1.008
1.024 -2.199 -1.011
1.071 -2.192 -1.008
1.076 -2.202 -1.013
1.072 -2.196 -1.01
1.113 -2.175 -1.0
1.119 -2.188 -1.006
1.126 -2.201 -1.012
1.172 -2.19 -1.007
1.17 -2.186 -1.005
0.626 -1.119 -0.515
0.643 -1.101 -0.507
0.637 -1.092 -0.502
0.631 -1.08 -0.497
0.645 -1.059 -0.488
0.641 -1.053 -0.485
0.635 -1.043 -0.48
0.647 -1.02 -0.47
0.641 -1.011 -0.465
0.655 -0.993 -0.457
0.65 -0.985 -0.454
0.644 -0.976 -0.449
0.657 -0.957 -0.441
0.652 -0.95 -0.437
0.647 -0.942 -0.434
0.657 -0.921 -0.424
0.651 -0.913 -0.421
0.647 -0.907 -0.418
0.659 -0.889 -0.41
0.654 -0.883 -0.407
0.649 -0.876 -0.403
0.661 -0.859 -0.396
0.656 -0.853 -0.393
0.667 -0.835 -0.385
0.663 -0.831 -0.383
0.658 -0.825 -0.38
0.669 -0.809 -0.373
0.665 -0.803 -0.37
0.66 -0.797 -0.367
0.67 -0.781 -0.36
0.665 -0.775 -0.357
0.66 -0.769 -0.355
0.671 -0.754 -0.348
0.667 -0.75 -0.346
0.664 -0.746 -0.344
0.673 -0.73 -0.337
0.669 -0.726 -0.335
0.679 -0.711 -0.328
0.675 -0.707 -0.326
0.669 -0.701 -0.323
0.68 -0.688 -0.317
0.677 -0.685 -0.316
0.672 -0.68 -0.314
0.681 -0.665 -0.307
0.677 -0.661 -0.305
0.673 -0.657 -0.303
0.683 -0.643 -0.297
0.678 -0.64 -0.295
0.676 -0.637 -0.294
0.683 -0.622 -0.287
0.681 -0.62 -0.286
0.688 -0.605 -0.279
0.685 -0.602 -0.278
0.682 -0.6 -0.277
0.691 -0.586 -0.271
0.688 -0.584 -0.27
0.684 -0.58 -0.268
0.692 -0.567 -0.262
0.689 -0.564 -0.261
0.686 -0.562 -0.26
0.692 -0.547 -0.253
0.689 -0.545 -0.252
0.686 -0.543 -0.251
0.693 -0.529 -0.245
0.69 -0.527 -0.244
0.698 -0.515 -0.238
0.695 -0.513 -0.237
0.694 -0.511 -0.236
0.699 -0.497 -0.23
0.696 -0.495 -0.229
0.692 -0.492 -0.228
0.699 -0.479 -0.222
0.697 -0.478 -0.221
0.695 -0.477 -0.221
0.701 -0.464 -0.215
0.698 -0.462 -0.214
0.696 -0.461 -0.213
0.703 -0.448 -0.208
0.7 -0.446 -0.207
0.697 -0.444 -0.206
0.704 -0.432 -0.2
0.7 -0.43 -0.199
0.707 -0.418 -0.194
0.705 -0.417 -0.193
0.702 -0.415 -0.192
0.706 -0.402 -0.186
0.721 -0.363 -0.168
0.71 -0.358 -0.166
0.707 -0.356 -0.165
0.712 -0.344 -0.16
0.71 -0.343 -0.159
0.715 -0.331 -0.154
0.713 -0.33 -0.153
0.711 -0.329 -0.153
0.715 -0.317 -0.147
0.714 -0.316 -0.147
0.712 -0.316 -0.147
0.718 -0.304 -0.141
0.716 -0.303 -0.141
0.712 -0.302 -0.14
0.718 -0.291 -0.135
0.72 -0.291 -0.136
0.706 -0.022 -0.012
0.708 -0.011 -0.007
0.789 0.233 0.105
0.787 0.233 0.105
0.779 0.244 0.11
0.773 0.242 0.109
0.767 0.254 0.114
0.765 0.253 0.114
0.763 0.252 0.114
0.756 0.264 0.119
0.758 0.265 0.119
0.762 0.266 0.12
0.758 0.279 0.126
0.76 0.279 0.126
0.762 0.28 0.126
0.76 0.293 0.133
0.762 0.294 0.133
0.764 0.295 0.133
0.76 0.308 0.139
0.762 0.308 0.139
0.764 0.309 0.14
0.761 0.323 0.146
0.763 0.323 0.146
0.767 0.325 0.147
0.762 0.338 0.153
0.764 0.339 0.153
0.768 0.34 0.154
0.763 0.353 0.16
0.766 0.355 0.161
0.768 0.356 0.161
0.765 0.37 0.167
0.766 0.37 0.168
0.77 0.372 0.169
0.764 0.385 0.175
0.766 0.386 0.175
0.77 0.388 0.176
0.767 0.402 0.182
0.77 0.404 0.183
0.766 0.418 0.189
0.767 0.419 0.19
0.769 0.419 0.19
0.766 0.434 0.197
0.771 0.437 0.199
3.31 1.953 0.886
3.253 1.993 0.905
3.233 1.98 0.899
3.21 1.966 0.892
3.155 2.006 0.911
3.106 1.975 0.896
3.045 2.009 0.913
3.032 2.0 0.909
2.996 1.977 0.898
2.932 2.007 0.912
2.907 1.989 0.904
2.884 1.974 0.897
2.83 2.008 0.913
2.815 1.997 0.907
2.793 1.981 0.9
2.729 2.007 0.912
2.707 1.991 0.905
2.654 2.022 0.92
2.638 2.01 0.915
2.62 1.996 0.908
2.569 2.028 0.923
2.557 2.018 0.918
2.518 1.987 0.904
2.435 1.99 0.905
2.414 1.973 0.898
2.402 1.963 0.893
2.346 1.986 0.904
2.343 1.984 0.903
2.337 1.979 0.9
2.293 2.011 0.916
2.302 2.018 0.919
2.299 2.016 0.918
2.252 2.044 0.931
2.237 2.031 0.925
2.22 2.016 0.918
2.165 2.035 0.927
2.148 2.019 0.92
2.14 2.011 0.916
2.093 2.037 0.928
2.084 2.029 0.924
2.037 2.054 0.936
2.029 2.046 0.932
2.018 2.035 0.927
1.974 2.061 0.939
1.961 2.047 0.934
1.948 2.033 0.927
1.895 2.05 0.935
1.883 2.036 0.928
1.877 2.031 0.926
1.836 2.057 0.938
1.828 2.049 0.934
1.815 2.035 0.928
1.771 2.057 0.938
1.771 2.057 0.938
1.761 2.046 0.933
1.71 2.059 0.939
1.703 2.05 0.935
1.658 2.071 0.944
1.654 2.065 0.942
1.644 2.053 0.936
1.598 2.07 0.945
1.595 2.067 0.944
1.588 2.058 0.94
1.542 2.074 0.947
1.535 2.065 0.943
1.531 2.059 0.94
1.482 2.071 0.945
1.478 2.064 0.943
1.474 2.058 0.94
1.432 2.078 0.949
1.425 2.069 0.945
1.421 2.063 0.942
1.377 2.079 0.949
1.371 2.07 0.945
1.325 2.081 0.95
1.319 2.072 0.946
1.315 2.066 0.943
1.271 2.08 0.95
1.269 2.077 0.948
1.265 2.07 0.945
1.22 2.08 0.951
1.218 2.077 0.949
1.216 2.074 0.948
1.174 2.09 0.955
1.172 2.086 0.954
1.169 2.08 0.951
1.125 2.092 0.956
1.122 2.085 0.953
1.12 2.082 0.951
1.071 2.083 0.952
1.068 2.076 0.949
1.066 2.073 0.947
1.023 2.083 0.952
1.021 2.079 0.95
1.02 2.076 0.949
0.978 2.089 0.955
0.977 2.085 0.953
0.937 2.1 0.96
0.934 2.094 0.957
0.932 2.09 0.955
0.889 2.098 0.96
0.89 2.101 0.961
0.889 2.098 0.96
0.846 2.105 0.963
0.844 2.101 0.961
0.842 2.094 0.958
0.796 2.094 0.958
0.793 2.087 0.955
0.792 2.083 0.953
0.751 2.092 0.957
0.75 2.089 0.956
0.75 2.089 0.956
0.709 2.1 0.961
0.707 2.093 0.958
0.666 2.101 0.961
0.666 2.101 0.961
0.666 2.101 0.961
0.624 2.107 0.964
0.623 2.104 0.963
0.622 2.1 0.961
0.582 2.11 0.965
0.582 2.11 0.965
0.582 2.11 0.965
0.541 2.119 0.969
0.54 2.115 0.968
0.54 2.115 0.968
0.498 2.116 0.969
0.498 2.116 0.969
0.498 2.116 0.969
0.456 2.12 0.971
0.456 2.117 0.969
0.455 2.113 0.968
0.414 2.12 0.971
0.414 2.116 0.969
0.413 2.113 0.968
0.372 2.115 0.969
0.371 2.112 0.967
0.371 2.112 0.967
0.33 2.117 0.97
0.331 2.121 0.971
0.29 2.122 0.972
0.289 2.115 0.969
0.289 2.115 0.969
0.249 2.126 0.974
0.25 2.134 0.977
0.249 2.13 0.976
0.208 2.126 0.974
0.208 2.126 0.974
0.207 2.123 0.972
0.167 2.129 0.976
0.167 2.126 0.974
0.166 2.122 0.973
0.126 2.128 0.976
0.125 2.124 0.974
0.125 2.124 0.974
0.085 2.129 0.976
0.085 2.133 0.978
0.085 2.133 0.978
0.044 2.134 0.978
0.044 2.13 0.977
0.044 2.138 0.98
0.003 2.138 0.98
0.003 2.134 0.979
0.003 2.134 0.979
-0.038 2.141 0.982
-0.038 2.145 0.983
-0.079 2.144 0.983
-0.08 2.151 0.986
-0.08 2.148 0.985
-0.121 2.142 0.982
-0.121 2.146 0.984
-0.121 2.15 0.986
-0.162 2.144 0.983
-0.162 2.147 0.984
-0.162 2.151 0.986
-0.204 2.148 0.986
-0.204 2.152 0.987
-0.204 2.152 0.987
-0.246 2.152 0.987
-0.246 2.152 0.987
-0.246 2.152 0.987
-0.287 2.147 0.985
-0.288 2.151 0.987
-0.288 2.155 0.989
-0.33 2.153 0.988
-0.33 2.157 0.99
-0.33 2.157 0.99
-0.372 2.155 0.989
-0.373 2.158 0.991
-0.373 2.158 0.991
-0.414 2.152 0.988
-0.415 2.156 0.989
-0.457 2.152 0.988
-0.457 2.152 0.988
-0.458 2.156 0.989
-0.5 2.152 0.988
-0.502 2.159 0.991
-0.503 2.166 0.994
-0.547 2.165 0.994
-0.549 2.175 0.999
-0.55 2.179 1.001
-0.591 2.166 0.995
-0.591 2.166 0.995
-0.593 2.173 0.998
-0.637 2.171 0.997
-0.638 2.174 0.999
-0.64 2.181 1.002
-0.683 2.174 0.999
-0.684 2.178 1.0
-0.686 2.185 1.004
-0.729 2.177 1.0
-0.73 2.18 1.002
-0.731 2.184 1.003
-0.774 2.175 0.999
-0.777 2.182 1.002
-0.776 2.179 1.001
-0.82 2.173 0.998
-0.824 2.183 1.003
-0.827 2.19 1.006
-0.873 2.187 1.005
-0.874 2.19 1.006
-0.92 2.186 1.005
-0.922 2.189 1.007
-0.923 2.193 1.008
-0.966 2.181 1.003
-0.969 2.188 1.006
-0.972 2.195 1.009
-1.014 2.179 1.002
-1.019 2.189 1.007
-1.025 2.202 1.013
-1.071 2.192 1.008
-1.076 2.202 1.013
-1.079 2.209 1.016
-1.121 2.191 1.008
-1.126 2.201 1.012
-1.133 2.215 1.018
-1.181 2.206 1.014
-1.184 2.212 1.017
-1.184 2.212 1.017
-1.234 2.206 1.015
-1.239 2.216 1.019
-1.243 2.222 1.022
-1.291 2.212 1.018
-1.295 2.218 1.021
-1.3 2.228 1.025
-1.347 2.213 1.019
-1.353 2.223 1.023
-1.358 2.232 1.028
-1.411 2.226 1.025
-1.415 2.233 1.028
-1.46 2.213 1.019
-1.466 2.222 1.023
-1.476 2.238 1.03
-1.525 2.223 1.023
-1.53 2.229 1.026
-1.534 2.236 1.029
-1.585 2.223 1.023
-1.592 2.232 1.027
-1.598 2.241 1.032
-1.654 2.234 1.029
-1.666 2.249 1.036
-1.672 2.258 1.04
-1.727 2.246 1.035
-1.731 2.252 1.037
-1.736 2.258 1.04
-1.786 2.239 1.031
-1.793 2.247 1.035
-1.803 2.259 1.041
-1.858 2.245 1.034
-1.867 2.256 1.039
-1.879 2.271 1.046
-1.933 2.252 1.038
-1.942 2.264 1.043
-1.957 2.281 1.051
-2.008 2.258 1.041
-2.013 2.263 1.044
-2.064 2.239 1.033
-2.074 2.251 1.038
-2.087 2.265 1.044
-2.141 2.242 1.034
-2.154 2.256 1.04
-2.17 2.272 1.048
-2.235 2.259 1.042
-2.245 2.27 1.047
-2.251 2.275 1.049
-2.31 2.255 1.04
-2.327 2.271 1.048
-2.34 2.284 1.054
-2.406 2.268 1.047
-2.42 2.281 1.053
-2.428 2.289 1.056
-2.495 2.27 1.048
-2.517 2.291 1.057
-2.528 2.301 1.062
-2.595 2.281 1.053
-2.615 2.299 1.061
-2.633 2.314 1.068
-2.703 2.294 1.06
-2.726 2.314 1.069
-2.741 2.326 1.074
-2.809 2.302 1.063
-2.851 2.336 1.079
-2.883 2.362 1.091
-2.946 2.331 1.077
-2.968 2.347 1.084
-3.046 2.326 1.075
-3.086 2.356 1.089
-3.129 2.389 1.104
-3.217 2.371 1.096
-3.249 2.394 1.106
-3.292 2.426 1.121
-3.376 2.4 1.109
-3.414 2.427 1.123
-3.464 2.462 1.139
-3.556 2.438 1.128
-3.594 2.464 1.14
-3.658 2.508 1.16
-3.764 2.488 1.152
-3.803 2.513 1.163
-3.667 2.336 1.081
-3.66 2.332 1.079
-3.641 2.319 1.073
-3.691 2.265 1.048
-3.665 2.249 1.041
-3.645 2.237 1.035
-3.687 2.178 1.009
-3.674 2.17 1.005
-3.667 2.166 1.003
-3.681 2.093 0.969
-3.667 2.085 0.966
-3.734 2.041 0.946
-3.741 2.045 0.948
-3.755 2.052 0.951
-3.828 2.011 0.933
-3.814 2.003 0.93
-3.692 1.862 0.863
-3.678 1.854 0.86
-3.685 1.858 0.862
-3.728 1.803 0.836
-3.713 1.796 0.833
-3.713 1.796 0.833
-3.769 1.746 0.812
-3.804 1.763 0.819
-3.819 1.77 0.822
-3.845 1.706 0.793
-3.78 1.677 0.78
-3.708 1.645 0.764
-3.739 1.586 0.737
-3.775 1.601 0.745
-3.776 1.529 0.712
-3.714 1.504 0.7
-3.696 1.497 0.696
-3.709 1.432 0.667
-3.709 1.432 0.667
-3.724 1.438 0.669
-3.748 1.377 0.641
-3.733 1.372 0.639
-3.736 1.373 0.639
-3.785 1.321 0.617
-3.755 1.311 0.611
-3.717 1.298 0.605
-3.73 1.235 0.576
-3.734 1.236 0.577
-3.798 1.257 0.587
-3.746 1.173 0.548
-3.761 1.178 0.551
-3.818 1.128 0.528
-3.86 1.14 0.534
-3.889 1.081 0.507
-3.843 1.068 0.501
-3.771 1.048 0.492
-3.759 0.98 0.459
-3.759 0.98 0.459
-3.779 0.985 0.463
-3.793 0.924 0.435
-3.77 0.918 0.432
-3.766 0.918 0.432
-3.795 0.86 0.405
-3.795 0.86 0.405
-3.768 0.854 0.403
-3.776 0.793 0.374
-3.803 0.798 0.377
-3.865 0.811 0.383
-3.923 0.758 0.359
-3.919 0.757 0.358
-3.91 0.691 0.328
-3.776 0.667 0.317
-3.804 0.61 0.291
-3.804 0.61 0.291
-3.781 0.606 0.289
-3.796 0.547 0.262
-3.808 0.548 0.262
-3.843 0.553 0.265
-3.936 0.503 0.242
-3.79 0.484 0.233
-3.798 0.424 0.205
-3.794 0.424 0.205
-3.807 0.364 0.178
-3.811 0.364 0.178
-4.025 0.32 0.158
-4.025 0.32 0.158
-4.025 0.32 0.158
-4.05 0.257 0.129
-4.034 0.256 0.129
-3.819 0.182 0.094
-3.911 0.186 0.096
-3.85 0.122 0.067
-3.858 0.122 0.067
-3.858 0.122 0.067
-3.843 0.061 0.039
-3.879 0.062 0.039
-3.883 0.062 0.039
-3.86 0.0 -0.003
-3.836 0.0 -0.003
-3.86 0.0 -0.003
-4.027 -0.063 -0.035
-4.023 -0.063 -0.035
-4.022 -0.125 -0.067
-4.026 -0.125 -0.067
-4.03 -0.125 -0.067
-4.026 -0.188 -0.099
-4.026 -0.188 -0.099
-4.026 -0.188 -0.099
-4.026 -0.251 -0.131
-4.026 -0.251 -0.131
-4.025 -0.313 -0.163
-4.033 -0.314 -0.164
-4.033 -0.314 -0.164
-4.03 -0.377 -0.196
-4.034 -0.377 -0.196
-4.038 -0.378 -0.196
-4.038 -0.441 -0.229
-4.034 -0.441 -0.229
-4.038 -0.441 -0.229
-4.036 -0.505 -0.261
-4.044 -0.506 -0.262
-4.044 -0.506 -0.262
-4.038 -0.569 -0.294
-4.046 -0.57 -0.295
-4.053 -0.572 -0.295
-4.042 -0.634 -0.328
-4.057 -0.637 -0.329
-4.065 -0.638 -0.329
-4.052 -0.701 -0.362
-4.06 -0.703 -0.362
-4.06 -0.703 -0.362
-4.061 -0.769 -0.396
-4.069 -0.77 -0.397
-4.069 -0.77 -0.397
-4.053 -0.833 -0.429
-4.077 -0.838 -0.432
-4.083 -0.906 -0.467
-4.083 -0.906 -0.467
-4.083 -0.906 -0.467
-4.088 -0.975 -0.502
-4.088 -0.975 -0.502
-4.041 -0.964 -0.496
-3.937 -1.005 -0.517
-3.887 -0.992 -0.511
-3.841 -0.981 -0.505
-3.81 -1.037 -0.533
-3.684 -1.003 -0.516
-3.606 -1.043 -0.537
-3.53 -1.021 -0.524
-3.458 -1.0 -0.514
-3.419 -1.048 -0.538
-3.293 -1.067 -0.548
-3.263 -1.057 -0.543
-3.206 -1.039 -0.533
-3.137 -1.072 -0.55
-3.088 -1.055 -0.542
-3.017 -1.031 -0.529
-2.937 -1.057 -0.542
-2.908 -1.046 -0.537
-2.897 -1.042 -0.535
-2.839 -1.073 -0.551
-2.802 -1.059 -0.544
-2.795 -1.056 -0.542
-2.781 -1.102 -0.566
-2.784 -1.104 -0.567
-2.792 -1.107 -0.568
-2.773 -1.151 -0.591
-2.781 -1.154 -0.592
-2.791 -1.159 -0.595
-2.779 -1.207 -0.619
-2.79 -1.211 -0.622
-2.773 -1.258 -0.645
-2.787 -1.264 -0.649
-2.798 -1.269 -0.651
-2.78 -1.316 -0.675
-2.79 -1.321 -0.678
-2.778 -1.371 -0.703
-2.288 -1.129 -0.58
-2.266 -1.165 -0.598
-2.719 -1.398 -0.717
-2.702 -1.389 -0.712
-2.66 -1.423 -0.73
-2.639 -1.412 -0.724
-1.9 -1.057 -0.542
-1.886 -1.049 -0.538
-1.879 -1.086 -0.557
-2.268 -1.362 -0.699
-1.819 -1.134 -0.581
-1.822 -1.136 -0.582
-1.799 -1.164 -0.596
-1.783 -1.153 -0.591
-1.757 -1.137 -0.582
-1.735 -1.164 -0.596
-1.731 -1.162 -0.595
-1.741 -1.168 -0.598
-1.74 -1.21 -0.62
-1.73 -1.204 -0.617
-1.708 -1.188 -0.609
-1.688 -1.217 -0.623
-1.7 -1.226 -0.628
-1.691 -1.219 -0.625
-1.652 -1.234 -0.632
-1.673 -1.25 -0.64
-1.521 -1.178 -0.603
-1.52 -1.176 -0.603
-1.495 -1.199 -0.614
-1.492 -1.196 -0.613
-1.476 -1.225 -0.628
-1.302 -1.081 -0.554
-1.278 -1.098 -0.563
-1.27 -1.092 -0.56
-1.27 -1.092 -0.56
-1.256 -1.118 -0.573
-1.263 -1.124 -0.576
-1.25 -1.153 -0.591
-1.349 -1.244 -0.637
-1.353 -1.248 -0.639
-1.339 -1.279 -0.655
-1.497 -1.43 -0.732
-1.458 -1.442 -0.739
-1.287 -1.318 -0.675
-1.268 -1.345 -0.689
-1.38 -1.465 -0.75
-1.358 -1.494 -0.765
-1.356 -1.492 -0.764
-1.348 -1.483 -0.76
-1.317 -1.501 -0.769
-1.309 -1.493 -0.765
-1.302 -1.485 -0.76
-1.268 -1.499 -0.768
-1.263 -1.493 -0.765
-1.26 -1.49 -0.763
-1.224 -1.501 -0.769
-1.219 -1.495 -0.766
-1.217 -1.492 -0.764
-1.181 -1.502 -0.769
-1.176 -1.496 -0.766
-1.142 -1.509 -0.773
-1.139 -1.504 -0.77
-1.136 -1.501 -0.769
-1.105 -1.516 -0.776
-1.1 -1.51 -0.773
-1.096 -1.504 -0.77
-1.061 -1.513 -0.775
-1.056 -1.505 -0.771
-1.05 -1.498 -0.767
-1.018 -1.509 -0.773
-1.016 -1.506 -0.772
-1.013 -1.502 -0.769
-0.98 -1.513 -0.775
-0.978 -1.51 -0.773
-0.976 -1.507 -0.772
-0.945 -1.52 -0.778
-0.941 -1.512 -0.774
-0.936 -1.504 -0.771
-0.903 -1.514 -0.775
-0.901 -1.511 -0.774
-0.899 -1.508 -0.772
-0.867 -1.517 -0.777
-0.865 -1.514 -0.775
-0.835 -1.525 -0.781
-0.83 -1.517 -0.777
-0.828 -1.512 -0.775
-0.795 -1.52 -0.779
-0.794 -1.517 -0.777
-0.794 -1.517 -0.777
-0.761 -1.524 -0.781
-0.76 -1.521 -0.779
-0.759 -1.519 -0.778
-0.727 -1.526 -0.782
-0.725 -1.523 -0.78
-0.725 -1.523 -0.78
-0.694 -1.53 -0.783
-0.692 -1.527 -0.781
-0.691 -1.524 -0.779
-0.658 -1.529 -0.782
-0.657 -1.526 -0.781
-0.627 -1.536 -0.786
-0.626 -1.534 -0.785
-0.625 -1.531 -0.783
-0.594 -1.539 -0.787
-0.592 -1.534 -0.785
-0.59 -1.529 -0.782
-0.56 -1.538 -0.787
-0.561 -1.539 -0.787
-0.56 -1.536 -0.786
-0.528 -1.541 -0.788
-0.528 -1.539 -0.787
-0.527 -1.538 -0.786
-0.496 -1.544 -0.79
-0.496 -1.544 -0.79
-0.495 -1.54 -0.788
-0.464 -1.546 -0.791
-0.464 -1.546 -0.791
-0.464 -1.544 -0.79
-0.433 -1.551 -0.794
-0.433 -1.548 -0.792
-0.432 -1.545 -0.79
-0.401 -1.549 -0.792
-0.4 -1.548 -0.792
-0.369 -1.55 -0.793
-0.369 -1.548 -0.792
-0.369 -1.552 -0.794
-0.339 -1.557 -0.797
-0.342 -1.57 -0.803
-0.347 -1.592 -0.814
-0.433 -2.438 -1.247
-0.388 -2.465 -1.261
-0.388 -2.462 -1.259
-0.387 -2.458 -1.257
-0.338 -2.46 -1.258
-0.339 -2.464 -1.26
-0.29 -2.469 -1.263
-0.29 -2.465 -1.261
-0.29 -2.465 -1.261
-0.241 -2.466 -1.261
-0.241 -2.466 -1.261
-0.242 -2.469 -1.263
-0.193 -2.473 -1.265
-0.193 -2.473 -1.265
-0.193 -2.473 -1.265
-0.145 -2.475 -1.266
-0.145 -2.479 -1.268
-0.145 -2.479 -1.268
-0.096 -2.481 -1.269
-0.096 -2.484 -1.271
-0.096 -2.481 -1.269
-0.048 -2.485 -1.271
-0.048 -2.485 -1.271
-0.048 -2.482 -1.269
0.001 -2.486 -1.271
0.001 -2.486 -1.271
0.05 -2.485 -1.271
0.05 -2.489 -1.273
0.05 -2.489 -1.273
0.099 -2.488 -1.272
0.099 -2.488 -1.272
0.099 -2.488 -1.272
0.148 -2.489 -1.273
0.148 -2.493 -1.275
0.148 -2.493 -1.275
0.197 -2.49 -1.274
0.197 -2.501 -1.279
0.197 -2.501 -1.279
0.246 -2.494 -1.276
0.247 -2.501 -1.279
0.247 -2.508 -1.283
0.297 -2.507 -1.283
0.297 -2.511 -1.284
0.298 -2.518 -1.288
0.348 -2.517 -1.287
0.348 -2.517 -1.287
0.349 -2.52 -1.289
0.398 -2.514 -1.286
0.398 -2.518 -1.288
0.448 -2.515 -1.286
0.448 -2.515 -1.286
0.45 -2.522 -1.29
0.5 -2.522 -1.29
0.501 -2.525 -1.292
0.498 -2.508 -1.283
0.538 -2.461 -1.259
0.53 -2.423 -1.239
0.522 -2.388 -1.221
0.561 -2.344 -1.199
0.55 -2.299 -1.176
0.539 -2.254 -1.153
0.571 -2.196 -1.123
0.557 -2.144 -1.097
0.549 -2.113 -1.081
0.59 -2.104 -1.076
0.591 -2.108 -1.078
0.634 -2.102 -1.075
0.636 -2.109 -1.079
0.636 -2.109 -1.079
0.677 -2.098 -1.073
0.678 -2.102 -1.075
0.689 -2.136 -1.093
0.741 -2.156 -1.102
0.74 -2.152 -1.1
0.741 -2.156 -1.102
0.79 -2.161 -1.104
0.793 -2.171 -1.109
0.795 -2.174 -1.111
0.84 -2.168 -1.108
0.842 -2.175 -1.112
0.845 -2.182 -1.115
0.89 -2.175 -1.112
0.893 -2.182 -1.115
0.897 -2.192 -1.12
0.94 -2.178 -1.113
0.943 -2.184 -1.116
0.946 -2.191 -1.12
0.99 -2.179 -1.114
0.994 -2.189 -1.119
0.996 -2.192 -1.12
1.043 -2.186 -1.117
1.048 -2.196 -1.122
1.075 -2.147 -1.097
1.098 -2.193 -1.121
1.14 -2.175 -1.112
1.145 -2.185 -1.117
1.151 -2.195 -1.122
1.195 -2.18 -1.114
0.639 -1.117 -0.571
0.635 -1.109 -0.567
0.63 -1.101 -0.563
0.645 -1.08 -0.552
0.638 -1.067 -0.546
0.653 -1.048 -0.536
0.648 -1.04 -0.532
0.641 -1.029 -0.527
0.653 -1.007 -0.515
0.647 -0.998 -0.51
0.642 -0.99 -0.506
0.655 -0.971 -0.497
0.651 -0.965 -0.493
0.645 -0.955 -0.489
0.656 -0.935 -0.478
0.652 -0.929 -0.475
0.647 -0.921 -0.471
0.658 -0.902 -0.461
0.652 -0.895 -0.458
0.667 -0.88 -0.45
0.66 -0.871 -0.445
0.655 -0.865 -0.442
0.668 -0.849 -0.434
0.663 -0.843 -0.431
0.657 -0.836 -0.427
0.669 -0.82 -0.419
0.664 -0.814 -0.416
0.659 -0.808 -0.413
0.67 -0.792 -0.405
0.666 -0.786 -0.402
0.66 -0.779 -0.399
0.67 -0.763 -0.39
0.666 -0.759 -0.388
0.678 -0.746 -0.382
0.673 -0.74 -0.379
0.668 -0.735 -0.376
0.679 -0.72 -0.368
0.675 -0.716 -0.366
0.67 -0.711 -0.364
0.678 -0.695 -0.355
0.674 -0.691 -0.353
0.672 -0.688 -0.352
0.681 -0.674 -0.345
0.678 -0.671 -0.343
0.674 -0.667 -0.341
0.682 -0.651 -0.333
0.679 -0.649 -0.332
0.675 -0.645 -0.33
0.684 -0.63 -0.322
0.679 -0.626 -0.32
0.689 -0.613 -0.314
0.686 -0.611 -0.312
0.682 -0.607 -0.31
0.689 -0.592 -0.303
0.686 -0.59 -0.302
0.683 -0.588 -0.301
0.692 -0.574 -0.294
0.689 -0.572 -0.293
0.685 -0.568 -0.291
0.693 -0.555 -0.284
0.69 -0.553 -0.283
0.685 -0.549 -0.281
0.693 -0.536 -0.274
0.691 -0.535 -0.274
0.699 -0.522 -0.267
0.696 -0.52 -0.266
0.691 -0.516 -0.264
0.698 -0.503 -0.257
0.696 -0.502 -0.257
0.692 -0.499 -0.255
0.698 -0.486 -0.248
0.697 -0.485 -0.248
0.693 -0.482 -0.247
0.7 -0.469 -0.24
0.698 -0.468 -0.24
0.696 -0.467 -0.239
0.702 -0.454 -0.232
0.699 -0.452 -0.231
0.706 -0.44 -0.225
0.703 -0.438 -0.224
0.701 -0.437 -0.224
0.706 -0.424 -0.217
0.705 -0.423 -0.216
0.703 -0.422 -0.216
0.708 -0.409 -0.209
0.706 -0.408 -0.209
0.703 -0.406 -0.208
0.707 -0.393 -0.201
0.706 -0.393 -0.201
0.711 -0.381 -0.195
0.712 -0.337 -0.172
0.71 -0.336 -0.172
0.715 -0.324 -0.166
0.713 -0.323 -0.165
0.711 -0.323 -0.165
0.715 -0.311 -0.159
0.714 -0.31 -0.159
0.712 -0.309 -0.158
0.716 -0.297 -0.152
0.714 -0.296 -0.152
0.712 -0.296 -0.151
0.718 -0.285 -0.145
0.722 -0.286 -0.145
0.725 -0.288 -0.146
0.791 0.229 0.118
0.783 0.24 0.124
0.779 0.239 0.123
0.775 0.238 0.123
0.769 0.249 0.128
0.765 0.248 0.128
0.763 0.247 0.127
0.758 0.259 0.134
0.76 0.26 0.134
0.764 0.261 0.134
0.76 0.273 0.141
0.762 0.274 0.141
0.764 0.275 0.142
0.76 0.287 0.148
0.764 0.289 0.149
0.758 0.301 0.155
0.76 0.301 0.155
0.764 0.303 0.156
0.761 0.316 0.163
0.763 0.317 0.163
0.765 0.318 0.163
0.76 0.33 0.17
0.764 0.332 0.171
0.766 0.333 0.171
0.763 0.346 0.178
0.766 0.348 0.179
0.766 0.348 0.179
0.763 0.361 0.186
0.766 0.363 0.187
0.768 0.364 0.187
0.763 0.376 0.194
0.766 0.378 0.194
0.77 0.38 0.195
0.766 0.394 0.202
0.767 0.394 0.203
0.771 0.396 0.204
0.766 0.41 0.211
0.768 0.411 0.211
0.77 0.412 0.212
0.767 0.426 0.219
0.77 0.428 0.22
0.765 0.442 0.227
3.027 1.818 0.932
3.01 1.808 0.927
2.984 1.792 0.919
2.932 1.828 0.937
2.915 1.818 0.932
2.853 1.846 0.946
2.831 1.832 0.939
2.808 1.817 0.931
2.743 1.841 0.944
2.721 1.826 0.936
2.702 1.813 0.929
2.656 1.848 0.947
2.637 1.835 0.941
2.618 1.822 0.934
2.56 1.847 0.947
2.539 1.831 0.939
2.505 1.806 0.926
2.444 1.827 0.936
2.46 1.838 0.942
2.444 1.827 0.936
2.366 1.832 0.939
2.351 1.82 0.933
2.3 1.844 0.945
2.27 1.821 0.933
2.264 1.816 0.931
2.228 1.851 0.949
2.231 1.853 0.95
2.228 1.851 0.949
2.171 1.868 0.957
2.157 1.855 0.951
2.14 1.841 0.942
2.095 1.866 0.955
2.084 1.856 0.95
2.072 1.846 0.945
2.022 1.865 0.955
2.014 1.857 0.951
2.005 1.85 0.947
1.958 1.87 0.958
1.947 1.86 0.952
1.897 1.876 0.961
1.894 1.874 0.959
1.886 1.866 0.955
1.833 1.879 0.962
1.825 1.871 0.958
1.818 1.863 0.954
1.773 1.882 0.964
1.768 1.877 0.961
1.755 1.863 0.954
1.711 1.882 0.964
1.708 1.879 0.962
1.701 1.871 0.958
1.659 1.891 0.968
1.656 1.889 0.967
1.644 1.875 0.96
1.597 1.888 0.967
1.59 1.88 0.963
1.544 1.893 0.969
1.539 1.887 0.966
1.532 1.878 0.962
1.49 1.896 0.971
1.483 1.887 0.966
1.479 1.882 0.963
1.439 1.901 0.974
1.435 1.895 0.971
1.428 1.887 0.966
1.382 1.897 0.971
1.374 1.885 0.965
1.369 1.879 0.962
1.33 1.897 0.971
1.326 1.891 0.968
1.324 1.888 0.966
1.28 1.899 0.972
1.274 1.89 0.967
1.272 1.886 0.966
1.231 1.9 0.973
1.229 1.897 0.971
1.188 1.909 0.978
1.186 1.906 0.976
1.18 1.897 0.971
1.135 1.902 0.974
1.129 1.893 0.969
1.128 1.89 0.968
1.09 1.907 0.976
1.089 1.904 0.975
1.087 1.901 0.973
1.046 1.911 0.978
1.044 1.908 0.977
1.041 1.901 0.974
1.003 1.917 0.982
1.001 1.914 0.98
0.996 1.904 0.975
0.954 1.91 0.978
0.949 1.9 0.973
0.946 1.893 0.969
0.909 1.908 0.977
0.907 1.905 0.975
0.868 1.915 0.981
0.867 1.912 0.979
0.864 1.905 0.976
0.826 1.918 0.982
0.825 1.915 0.981
0.822 1.908 0.977
0.783 1.917 0.982
0.782 1.914 0.98
0.779 1.907 0.977
0.739 1.913 0.979
0.739 1.913 0.979
0.736 1.906 0.976
0.697 1.914 0.979
0.697 1.914 0.979
0.697 1.914 0.979
0.656 1.914 0.979
0.655 1.911 0.977
0.655 1.911 0.977
0.616 1.917 0.981
0.615 1.914 0.979
0.577 1.919 0.982
0.575 1.913 0.978
0.574 1.909 0.977
0.536 1.918 0.981
0.536 1.918 0.981
0.535 1.914 0.979
0.497 1.922 0.983
0.497 1.919 0.982
0.496 1.915 0.98
0.458 1.923 0.984
0.457 1.919 0.982
0.456 1.916 0.98
0.419 1.923 0.983
0.418 1.919 0.982
0.416 1.912 0.978
0.378 1.915 0.979
0.379 1.918 0.981
0.379 1.918 0.981
0.341 1.924 0.984
0.342 1.927 0.986
0.342 1.927 0.986
0.304 1.929 0.987
0.303 1.925 0.985
0.265 1.926 0.985
0.265 1.926 0.985
0.265 1.926 0.985
0.226 1.927 0.985
0.226 1.927 0.985
0.226 1.923 0.984
0.188 1.926 0.985
0.189 1.93 0.987
0.189 1.93 0.987
0.151 1.933 0.989
0.151 1.933 0.989
0.151 1.929 0.987
0.113 1.931 0.988
0.113 1.931 0.988
0.113 1.931 0.988
0.075 1.936 0.99
0.075 1.94 0.992
0.075 1.936 0.99
0.037 1.937 0.991
0.037 1.937 0.991
0.037 1.937 0.991
-0.001 1.937 0.991
-0.001 1.941 0.993
-0.001 1.941 0.993
-0.039 1.941 0.993
-0.039 1.941 0.993
-0.077 1.94 0.992
-0.077 1.94 0.992
-0.077 1.94 0.992
-0.115 1.942 0.993
-0.115 1.942 0.993
-0.116 1.945 0.995
-0.154 1.943 0.994
-0.153 1.94 0.992
-0.154 1.943 0.994
-0.192 1.941 0.993
-0.191 1.937 0.991
-0.192 1.941 0.993
-0.23 1.937 0.991
-0.23 1.941 0.993
-0.231 1.944 0.995
-0.27 1.948 0.996
-0.27 1.948 0.996
-0.27 1.951 0.998
-0.309 1.95 0.998
-0.309 1.954 0.999
-0.31 1.957 1.001
-0.348 1.952 0.999
-0.348 1.949 0.997
-0.35 1.959 1.002
-0.389 1.957 1.001
-0.388 1.953 0.999
-0.389 1.96 1.003
-0.429 1.961 1.003
-0.429 1.961 1.003
-0.468 1.954 1.0
-0.468 1.958 1.001
-0.469 1.961 1.003
-0.508 1.954 0.999
-0.509 1.96 1.003
-0.51 1.964 1.005
-0.55 1.959 1.002
-0.551 1.963 1.004
-0.553 1.97 1.007
-0.591 1.961 1.003
-0.593 1.968 1.006
-0.594 1.971 1.008
-0.634 1.965 1.005
-0.635 1.968 1.007
-0.637 1.975 1.01
-0.677 1.968 1.007
-0.677 1.968 1.007
-0.678 1.972 1.009
-0.719 1.968 1.006
-0.72 1.971 1.007
-0.722 1.975 1.009
-0.763 1.97 1.007
-0.767 1.98 1.012
-0.772 1.993 1.019
-0.81 1.978 1.011
-0.81 1.978 1.011
-0.852 1.975 1.009
-0.855 1.981 1.013
-0.858 1.988 1.016
-0.899 1.978 1.011
-0.899 1.978 1.011
-0.903 1.988 1.016
-0.943 1.977 1.01
-0.945 1.98 1.012
-0.954 2.0 1.022
-1.0 1.998 1.021
-1.0 1.998 1.021
-1.042 1.988 1.016
-1.044 1.991 1.018
-1.049 2.001 1.023
-1.092 1.991 1.017
-1.093 1.994 1.019
-1.099 2.004 1.024
-1.141 1.993 1.018
-1.145 1.999 1.022
-1.145 1.999 1.022
-1.19 1.99 1.017
-1.199 2.006 1.025
-1.205 2.016 1.03
-1.252 2.009 1.027
-1.256 2.015 1.03
-1.26 2.021 1.033
-1.303 2.008 1.026
-1.307 2.014 1.029
-1.35 1.999 1.022
-1.357 2.009 1.026
-1.363 2.018 1.031
-1.408 2.005 1.025
-1.421 2.023 1.034
-1.434 2.042 1.043
-1.472 2.016 1.03
-1.472 2.016 1.03
-1.48 2.028 1.036
-1.529 2.016 1.03
-1.54 2.031 1.038
-1.547 2.04 1.043
-1.591 2.022 1.033
-1.596 2.027 1.036
-1.602 2.036 1.041
-1.654 2.025 1.035
-1.666 2.04 1.042
-1.675 2.051 1.048
-1.722 2.034 1.039
-1.734 2.048 1.046
-1.737 2.051 1.048
-1.784 2.032 1.038
-1.796 2.046 1.045
-1.801 2.051 1.048
-1.851 2.034 1.039
-1.866 2.051 1.048
-1.922 2.038 1.041
-1.935 2.051 1.048
-1.945 2.062 1.054
-1.995 2.043 1.044
-2.001 2.048 1.047
-2.011 2.059 1.052
-2.067 2.043 1.044
-2.083 2.059 1.052
-2.097 2.072 1.059
-2.148 2.05 1.047
-2.159 2.06 1.052
-2.175 2.076 1.06
-2.224 2.049 1.046
-2.238 2.062 1.053
-2.254 2.078 1.061
-2.32 2.065 1.054
-2.346 2.088 1.066
-2.351 2.093 1.068
-2.409 2.071 1.057
-2.427 2.085 1.065
-2.447 2.103 1.074
-2.505 2.079 1.061
-2.523 2.094 1.069
-2.549 2.115 1.08
-2.614 2.095 1.069
-2.638 2.114 1.079
-2.65 2.123 1.084
-2.712 2.098 1.071
-2.742 2.121 1.083
-2.766 2.14 1.093
-2.832 2.115 1.08
-2.866 2.14 1.093
-2.939 2.118 1.081
-2.963 2.136 1.09
-2.988 2.154 1.1
-3.055 2.125 1.085
-3.087 2.146 1.096
-3.118 2.168 1.107
-3.192 2.141 1.093
-3.24 2.173 1.11
-3.291 2.207 1.127
-3.36 2.173 1.109
-3.392 2.194 1.12
-3.444 2.227 1.137
-3.54 2.206 1.126
-3.599 2.243 1.144
-3.658 2.28 1.163
-3.722 2.234 1.14
-3.788 2.274 1.16
-3.718 2.149 1.096
-3.678 2.126 1.084
-3.678 2.126 1.084
-3.705 2.061 1.051
-3.705 2.061 1.051
-3.753 2.087 1.065
-3.786 2.025 1.033
-3.766 2.014 1.027
-3.825 1.966 1.003
-3.687 1.895 0.966
-3.695 1.823 0.93
-3.688 1.82 0.928
-3.688 1.82 0.928
-3.716 1.759 0.897
-3.752 1.776 0.905
-3.773 1.786 0.91
-3.822 1.733 0.884
-3.843 1.743 0.888
-3.822 1.733 0.884
-3.798 1.649 0.84
-3.74 1.624 0.827
-3.733 1.62 0.826
-3.778 1.568 0.799
-3.742 1.553 0.791
-3.728 1.477 0.753
-3.732 1.479 0.753
-3.717 1.473 0.75
-3.746 1.415 0.721
-3.746 1.415 0.721
-3.727 1.408 0.717
-3.772 1.357 0.691
-3.787 1.362 0.694
-3.787 1.362 0.694
-3.76 1.285 0.654
-3.712 1.269 0.646
-3.716 1.27 0.647
-3.736 1.211 0.616
-3.785 1.227 0.624
-3.789 1.228 0.625
-3.752 1.15 0.585
-3.748 1.149 0.585
-3.782 1.159 0.59
-3.846 1.113 0.566
-3.865 1.118 0.569
-3.877 1.121 0.571
-3.745 1.019 0.518
-3.768 0.962 0.489
-3.814 0.974 0.495
-3.795 0.969 0.493
-3.767 0.899 0.457
-3.775 0.9 0.458
-3.763 0.898 0.456
-3.8 0.843 0.428
-3.8 0.843 0.428
-3.769 0.837 0.425
-3.796 0.78 0.396
-3.827 0.787 0.399
-3.87 0.795 0.404
-3.924 0.743 0.377
-3.92 0.742 0.376
-3.87 0.732 0.372
-3.813 0.66 0.334
-3.813 0.66 0.334
-3.813 0.66 0.334
-3.782 0.594 0.301
-3.793 0.596 0.302
-3.82 0.539 0.273
-3.812 0.538 0.272
-3.844 0.542 0.274
-3.921 0.491 0.248
-3.795 0.475 0.24
-3.807 0.416 0.21
-3.803 0.416 0.21
-3.799 0.415 0.209
-3.827 0.358 0.18
-3.895 0.364 0.183
-3.99 0.373 0.188
-4.037 0.314 0.158
-4.033 0.314 0.158
-4.033 0.314 0.158
-4.038 0.251 0.126
-3.831 0.238 0.119
-3.847 0.179 0.089
-3.907 0.182 0.09
-3.894 0.121 0.059
-3.862 0.12 0.058
-3.898 0.121 0.059
-3.879 0.06 0.028
-3.843 0.06 0.028
-3.871 0.06 0.028
-3.906 0.0 0.131
-3.854 0.0 0.129
-3.846 0.0 0.129
-4.026 -0.061 0.101
-4.022 -0.061 0.101
-4.022 -0.122 0.066
-4.026 -0.123 0.066
-4.026 -0.123 0.066
-4.023 -0.184 0.032
-4.023 -0.184 0.032
-4.027 -0.184 0.032
-4.028 -0.245 -0.003
-4.028 -0.245 -0.003
-4.032 -0.246 -0.003
-4.033 -0.307 -0.038
-4.037 -0.308 -0.038
-4.035 -0.369 -0.073
-4.035 -0.369 -0.073
-4.039 -0.37 -0.073
-4.036 -0.431 -0.108
-4.04 -0.432 -0.108
-4.044 -0.432 -0.108
-4.043 -0.494 -0.143
-4.047 -0.495 -0.142
-4.051 -0.495 -0.143
-4.05 -0.558 -0.178
-4.054 -0.559 -0.178
-4.061 -0.56 -0.179
-4.051 -0.621 -0.213
-4.066 -0.624 -0.215
-4.066 -0.624 -0.215
-4.063 -0.687 -0.25
-4.063 -0.687 -0.25
-4.071 -0.688 -0.251
-4.073 -0.752 -0.287
-4.081 -0.754 -0.287
-4.097 -0.757 -0.289
-4.09 -0.82 -0.324
-4.098 -0.822 -0.325
-4.089 -0.886 -0.361
-4.097 -0.887 -0.362
-4.097 -0.887 -0.362
-4.096 -0.953 -0.399
-4.104 -0.955 -0.4
-4.104 -0.955 -0.4
-4.047 -1.007 -0.431
-3.976 -0.99 -0.424
-3.957 -0.985 -0.422
-3.9 -1.035 -0.452
-3.85 -1.021 -0.445
-3.8 -1.008 -0.44
-3.693 -1.041 -0.462
-3.631 -1.024 -0.455
-3.57 -1.006 -0.447
-3.479 -1.039 -0.468
-3.413 -1.019 -0.459
-3.371 -1.064 -0.485
-3.333 -1.052 -0.48
-3.284 -1.036 -0.473
-3.218 -1.071 -0.494
-3.177 -1.057 -0.488
-3.117 -1.037 -0.479
-3.044 -1.066 -0.497
-2.963 -1.037 -0.484
-2.931 -1.078 -0.508
-2.879 -1.059 -0.499
-2.842 -1.045 -0.493
-2.8 -1.079 -0.513
-2.803 -1.081 -0.514
-2.79 -1.126 -0.54
-2.797 -1.129 -0.542
-2.804 -1.132 -0.542
-2.789 -1.177 -0.569
-2.8 -1.181 -0.571
-2.811 -1.186 -0.573
-2.798 -1.233 -0.6
-2.813 -1.239 -0.603
-2.823 -1.244 -0.606
-2.806 -1.29 -0.631
-2.817 -1.295 -0.634
-2.827 -1.3 -0.637
-2.819 -1.351 -0.665
-2.823 -1.352 -0.666
-2.292 -1.144 -0.567
-2.274 -1.18 -0.587
-2.734 -1.419 -0.707
-2.706 -1.404 -0.7
-2.686 -1.393 -0.694
-2.647 -1.428 -0.715
-1.898 -1.063 -0.535
-1.869 -1.088 -0.55
-2.329 -1.355 -0.684
-2.299 -1.388 -0.703
-2.342 -1.414 -0.717
-2.348 -1.418 -0.719
-2.304 -1.443 -0.734
-1.756 -1.139 -0.583
-1.756 -1.139 -0.583
-1.762 -1.144 -0.584
-1.739 -1.17 -0.6
-1.742 -1.172 -0.601
-1.748 -1.176 -0.603
-1.719 -1.198 -0.617
-1.741 -1.213 -0.624
-1.727 -1.246 -0.644
-1.713 -1.237 -0.639
-1.692 -1.265 -0.655
-1.522 -1.178 -0.611
-1.531 -1.185 -0.615
-1.54 -1.191 -0.619
-1.553 -1.201 -0.624
-1.713 -1.372 -0.715
-1.31 -1.086 -0.567
-1.303 -1.08 -0.564
-1.279 -1.097 -0.574
-1.283 -1.101 -0.576
-1.291 -1.108 -0.58
-1.28 -1.136 -0.596
-1.352 -1.2 -0.63
-1.358 -1.248 -0.657
-1.548 -1.423 -0.749
-1.509 -1.435 -0.757
-1.511 -1.438 -0.759
-1.408 -1.387 -0.733
-1.304 -1.33 -0.705
-1.298 -1.323 -0.701
-1.284 -1.355 -0.719
-1.413 -1.492 -0.792
-1.404 -1.482 -0.786
-1.367 -1.495 -0.795
-1.362 -1.489 -0.792
-1.354 -1.481 -0.788
-1.322 -1.498 -0.798
-1.317 -1.492 -0.795
-1.31 -1.484 -0.792
-1.276 -1.498 -0.8
-1.268 -1.489 -0.795
-1.264 -1.484 -0.792
-1.235 -1.502 -0.804
-1.23 -1.497 -0.801
-1.222 -1.488 -0.796
-1.189 -1.5 -0.805
-1.183 -1.494 -0.801
-1.177 -1.486 -0.796
-1.143 -1.497 -0.804
-1.138 -1.491 -0.801
-1.109 -1.508 -0.811
-1.107 -1.505 -0.809
-1.102 -1.498 -0.806
-1.066 -1.506 -0.812
-1.063 -1.502 -0.809
-1.061 -1.499 -0.808
-1.027 -1.508 -0.814
-1.021 -1.499 -0.809
-1.018 -1.495 -0.806
-0.986 -1.506 -0.814
-0.984 -1.503 -0.812
-0.982 -1.5 -0.812
-0.95 -1.512 -0.819
-0.948 -1.508 -0.817
-0.945 -1.504 -0.815
-0.914 -1.516 -0.822
-0.912 -1.513 -0.821
-0.907 -1.504 -0.815
-0.872 -1.509 -0.819
-0.871 -1.506 -0.818
-0.839 -1.515 -0.824
-0.836 -1.51 -0.821
-0.834 -1.507 -0.821
-0.804 -1.519 -0.828
-0.803 -1.518 -0.827
-0.802 -1.515 -0.826
-0.769 -1.521 -0.83
-0.767 -1.518 -0.829
-0.767 -1.518 -0.829
-0.735 -1.524 -0.833
-0.733 -1.521 -0.831
-0.732 -1.518 -0.829
-0.699 -1.523 -0.834
-0.697 -1.52 -0.832
-0.695 -1.515 -0.829
-0.664 -1.523 -0.835
-0.663 -1.522 -0.834
-0.632 -1.53 -0.839
-0.632 -1.528 -0.838
-0.631 -1.526 -0.837
-0.6 -1.532 -0.841
-0.6 -1.532 -0.841
-0.599 -1.53 -0.841
-0.569 -1.539 -0.846
-0.568 -1.537 -0.845
-0.567 -1.534 -0.843
-0.536 -1.542 -0.85
-0.535 -1.538 -0.848
-0.533 -1.532 -0.844
-0.501 -1.536 -0.848
-0.502 -1.537 -0.849
-0.502 -1.537 -0.849
-0.471 -1.544 -0.853
-0.47 -1.541 -0.852
-0.469 -1.538 -0.85
-0.438 -1.542 -0.853
-0.438 -1.542 -0.853
-0.437 -1.539 -0.851
-0.405 -1.543 -0.855
-0.406 -1.545 -0.856
-0.375 -1.55 -0.86
-0.374 -1.549 -0.859
-0.459 -2.29 -1.273
-0.413 -2.296 -1.278
-0.413 -2.293 -1.276
-0.413 -2.293 -1.276
-0.367 -2.298 -1.28
-0.367 -2.298 -1.28
-0.367 -2.298 -1.28
-0.321 -2.306 -1.287
-0.321 -2.306 -1.287
-0.274 -2.306 -1.289
-0.274 -2.306 -1.289
-0.274 -2.303 -1.287
-0.228 -2.309 -1.292
-0.228 -2.309 -1.292
-0.228 -2.309 -1.292
-0.182 -2.312 -1.295
-0.182 -2.308 -1.293
-0.182 -2.312 -1.295
-0.137 -2.317 -1.299
-0.137 -2.314 -1.297
-0.137 -2.314 -1.297
-0.09 -2.315 -1.3
-0.09 -2.315 -1.3
-0.09 -2.315 -1.3
-0.044 -2.319 -1.303
-0.044 -2.319 -1.303
-0.044 -2.319 -1.303
0.002 -2.318 -1.305
0.002 -2.318 -1.305
0.002 -2.322 -1.307
0.049 -2.321 -1.307
0.049 -2.321 -1.307
0.095 -2.319 -1.308
0.096 -2.322 -1.31
0.096 -2.322 -1.31
0.142 -2.323 -1.311
0.142 -2.323 -1.311
0.142 -2.323 -1.311
0.19 -2.327 -1.316
0.19 -2.331 -1.318
0.19 -2.327 -1.316
0.236 -2.323 -1.315
0.237 -2.327 -1.317
0.237 -2.33 -1.319
0.284 -2.329 -1.32
0.285 -2.332 -1.322
0.286 -2.339 -1.325
0.333 -2.337 -1.326
0.333 -2.341 -1.328
0.334 -2.351 -1.334
0.382 -2.345 -1.333
0.382 -2.352 -1.337
0.384 -2.359 -1.34
0.431 -2.355 -1.34
0.432 -2.359 -1.341
0.431 -2.355 -1.34
0.476 -2.331 -1.328
0.475 -2.327 -1.326
0.515 -2.288 -1.305
0.503 -2.234 -1.274
0.541 -2.201 -1.257
0.519 -2.11 -1.204
0.516 -2.099 -1.199
0.561 -2.101 -1.2
0.56 -2.097 -1.198
0.561 -2.101 -1.2
0.605 -2.098 -1.201
0.606 -2.101 -1.203
0.609 -2.112 -1.208
0.659 -2.125 -1.218
0.665 -2.145 -1.229
0.667 -2.152 -1.233
0.712 -2.147 -1.232
0.713 -2.151 -1.234
0.716 -2.157 -1.238
0.761 -2.152 -1.236
0.764 -2.159 -1.24
0.808 -2.149 -1.237
0.809 -2.153 -1.239
0.812 -2.159 -1.242
0.856 -2.149 -1.238
0.861 -2.159 -1.244
0.863 -2.166 -1.248
0.912 -2.165 -1.248
0.916 -2.174 -1.254
0.917 -2.178 -1.256
0.964 -2.169 -1.253
0.966 -2.176 -1.256
0.968 -2.179 -1.258
1.014 -2.166 -1.253
1.018 -2.176 -1.259
1.019 -2.179 -1.26
1.064 -2.163 -1.252
1.068 -2.172 -1.259
1.074 -2.185 -1.266
1.119 -2.171 -1.259
1.124 -2.18 -1.264
0.604 -1.117 -0.649
0.623 -1.101 -0.64
0.617 -1.092 -0.635
0.611 -1.081 -0.629
0.626 -1.059 -0.616
0.618 -1.047 -0.61
0.614 -1.039 -0.605
0.628 -1.019 -0.594
0.623 -1.009 -0.589
0.617 -1.0 -0.583
0.631 -0.981 -0.573
0.625 -0.972 -0.568
0.64 -0.955 -0.559
0.634 -0.946 -0.554
0.627 -0.935 -0.547
0.64 -0.918 -0.538
0.636 -0.912 -0.535
0.631 -0.903 -0.529
0.644 -0.887 -0.521
0.639 -0.88 -0.517
0.633 -0.873 -0.513
0.646 -0.857 -0.504
0.64 -0.848 -0.499
0.635 -0.841 -0.495
0.646 -0.824 -0.485
0.641 -0.818 -0.482
0.654 -0.802 -0.473
0.649 -0.797 -0.47
0.644 -0.791 -0.467
0.655 -0.775 -0.458
0.651 -0.77 -0.455
0.647 -0.766 -0.453
0.657 -0.75 -0.444
0.655 -0.746 -0.441
0.652 -0.743 -0.44
0.662 -0.728 -0.431
0.657 -0.722 -0.428
0.653 -0.718 -0.426
0.662 -0.702 -0.417
0.658 -0.698 -0.415
0.668 -0.683 -0.407
0.664 -0.679 -0.404
0.66 -0.675 -0.402
0.668 -0.659 -0.394
0.665 -0.657 -0.392
0.661 -0.653 -0.389
0.671 -0.639 -0.382
0.667 -0.635 -0.38
0.663 -0.631 -0.377
0.673 -0.618 -0.371
0.672 -0.617 -0.37
0.666 -0.612 -0.367
0.675 -0.599 -0.36
0.671 -0.595 -0.358
0.681 -0.582 -0.351
0.677 -0.579 -0.349
0.672 -0.575 -0.346
0.681 -0.562 -0.339
0.678 -0.56 -0.338
0.674 -0.556 -0.336
0.682 -0.544 -0.329
0.68 -0.542 -0.328
0.677 -0.54 -0.327
0.686 -0.527 -0.319
0.683 -0.525 -0.318
0.678 -0.522 -0.316
0.686 -0.509 -0.309
0.683 -0.506 -0.308
0.679 -0.504 -0.307
0.686 -0.491 -0.299
0.685 -0.49 -0.299
0.692 -0.478 -0.292
0.688 -0.474 -0.29
0.686 -0.473 -0.289
0.694 -0.462 -0.283
0.691 -0.46 -0.281
0.689 -0.458 -0.281
0.695 -0.446 -0.274
0.692 -0.444 -0.272
0.688 -0.442 -0.271
0.695 -0.43 -0.265
0.693 -0.428 -0.264
0.69 -0.426 -0.263
0.697 -0.414 -0.256
0.693 -0.412 -0.255
0.7 -0.401 -0.249
0.698 -0.4 -0.249
0.695 -0.398 -0.247
0.699 -0.385 -0.241
0.698 -0.384 -0.24
0.696 -0.383 -0.239
0.703 -0.372 -0.233
0.708 -0.36 -0.226
0.709 -0.317 -0.202
0.707 -0.317 -0.202
0.705 -0.316 -0.202
0.709 -0.304 -0.195
0.708 -0.303 -0.195
0.706 -0.303 -0.194
0.71 -0.291 -0.188
0.71 -0.291 -0.188
0.708 -0.29 -0.187
0.714 -0.279 -0.181
0.716 -0.28 -0.181
0.791 0.236 0.107
0.785 0.234 0.106
0.781 0.233 0.105
0.775 0.244 0.111
0.771 0.243 0.111
0.769 0.243 0.11
0.762 0.254 0.118
0.762 0.254 0.118
0.766 0.255 0.117
0.763 0.267 0.125
0.765 0.268 0.125
0.767 0.268 0.125
0.763 0.281 0.133
0.767 0.282 0.133
0.769 0.283 0.133
0.765 0.295 0.14
0.767 0.296 0.14
0.771 0.297 0.141
0.766 0.309 0.148
0.77 0.311 0.149
0.766 0.323 0.156
0.77 0.325 0.157
0.772 0.326 0.157
0.767 0.338 0.164
0.769 0.339 0.164
0.772 0.34 0.165
0.767 0.353 0.172
0.771 0.354 0.173
0.772 0.355 0.174
0.77 0.368 0.181
0.771 0.369 0.182
0.775 0.371 0.183
0.771 0.384 0.19
0.773 0.385 0.191
0.776 0.387 0.192
0.772 0.4 0.199
0.775 0.402 0.2
0.777 0.403 0.201
0.772 0.417 0.208
0.777 0.419 0.21
0.779 0.42 0.21
0.775 0.434 0.218
2.875 1.673 0.845
2.805 1.694 0.858
2.789 1.684 0.854
2.782 1.68 0.852
2.73 1.709 0.87
2.697 1.689 0.86
2.641 1.714 0.876
2.625 1.704 0.871
2.605 1.691 0.864
2.556 1.719 0.882
2.54 1.709 0.876
2.517 1.694 0.868
2.465 1.718 0.884
2.44 1.7 0.875
2.431 1.694 0.872
2.39 1.726 0.89
2.369 1.71 0.883
2.348 1.694 0.875
2.301 1.72 0.89
2.289 1.711 0.886
2.277 1.702 0.881
2.222 1.719 0.893
2.204 1.705 0.886
2.198 1.701 0.883
2.149 1.722 0.896
2.137 1.712 0.892
2.092 1.734 0.905
2.077 1.722 0.899
2.068 1.715 0.895
2.029 1.741 0.912
2.011 1.726 0.903
1.997 1.713 0.898
1.952 1.733 0.91
1.94 1.723 0.904
1.934 1.718 0.902
1.887 1.734 0.912
1.882 1.729 0.909
1.872 1.721 0.906
1.828 1.739 0.917
1.823 1.733 0.914
1.814 1.726 0.91
1.767 1.739 0.919
1.761 1.734 0.917
1.716 1.749 0.927
1.708 1.741 0.922
1.701 1.733 0.919
1.658 1.75 0.929
1.651 1.742 0.925
1.643 1.734 0.92
1.601 1.75 0.931
1.588 1.736 0.923
1.581 1.728 0.92
1.544 1.749 0.932
1.539 1.743 0.929
1.532 1.735 0.924
1.492 1.752 0.936
1.487 1.746 0.933
1.485 1.743 0.931
1.443 1.756 0.94
1.434 1.745 0.933
1.39 1.755 0.941
1.383 1.746 0.936
1.376 1.737 0.931
1.339 1.754 0.943
1.335 1.749 0.939
1.33 1.743 0.936
1.293 1.759 0.946
1.289 1.753 0.943
1.283 1.744 0.939
1.241 1.754 0.945
1.235 1.745 0.94
1.233 1.742 0.939
1.194 1.754 0.947
1.19 1.748 0.944
1.186 1.742 0.941
1.152 1.76 0.951
1.147 1.753 0.948
1.143 1.747 0.945
1.107 1.761 0.953
1.105 1.758 0.952
1.099 1.749 0.947
1.058 1.755 0.952
1.056 1.752 0.95
1.02 1.764 0.958
1.017 1.758 0.955
1.015 1.755 0.954
0.976 1.763 0.96
0.973 1.757 0.956
0.973 1.757 0.956
0.934 1.765 0.961
0.931 1.758 0.958
0.929 1.755 0.956
0.893 1.765 0.964
0.891 1.762 0.962
0.888 1.756 0.958
0.85 1.762 0.963
0.848 1.759 0.961
0.847 1.755 0.959
0.81 1.764 0.965
0.81 1.764 0.965
0.809 1.761 0.963
0.768 1.759 0.964
0.765 1.753 0.961
0.731 1.767 0.97
0.728 1.76 0.966
0.727 1.757 0.964
0.691 1.764 0.969
0.688 1.757 0.966
0.688 1.757 0.966
0.652 1.764 0.971
0.65 1.76 0.969
0.65 1.76 0.969
0.614 1.766 0.973
0.613 1.763 0.971
0.613 1.763 0.971
0.577 1.768 0.975
0.575 1.765 0.973
0.574 1.761 0.971
0.539 1.769 0.977
0.539 1.769 0.977
0.537 1.763 0.974
0.5 1.763 0.975
0.499 1.76 0.974
0.499 1.76 0.974
0.464 1.767 0.978
0.464 1.767 0.978
0.428 1.769 0.981
0.427 1.766 0.979
0.426 1.763 0.977
0.39 1.765 0.979
0.389 1.758 0.977
0.389 1.761 0.978
0.355 1.77 0.984
0.355 1.77 0.984
0.353 1.763 0.98
0.318 1.768 0.984
0.317 1.764 0.982
0.318 1.766 0.983
0.282 1.77 0.986
0.282 1.768 0.985
0.282 1.768 0.985
0.247 1.774 0.989
0.247 1.772 0.988
0.246 1.768 0.986
0.211 1.771 0.989
0.211 1.773 0.99
0.175 1.772 0.991
0.175 1.774 0.992
0.175 1.772 0.991
0.14 1.772 0.993
0.14 1.776 0.995
0.14 1.774 0.994
0.104 1.775 0.995
0.104 1.775 0.995
0.104 1.774 0.994
0.069 1.776 0.997
0.069 1.776 0.997
0.069 1.778 0.998
0.034 1.78 1.0
0.034 1.78 1.0
0.034 1.782 1.001
-0.002 1.781 1.003
-0.002 1.781 1.003
-0.002 1.78 1.002
-0.037 1.782 1.004
-0.037 1.782 1.004
-0.037 1.781 1.003
-0.073 1.781 1.004
-0.073 1.779 1.003
-0.109 1.779 1.004
-0.109 1.781 1.005
-0.109 1.784 1.007
-0.109 1.788 1.009
-0.145 1.785 1.009
-0.145 1.785 1.009
-0.181 1.782 1.009
-0.181 1.786 1.011
-0.181 1.786 1.011
-0.218 1.789 1.014
-0.219 1.796 1.018
-0.219 1.793 1.016
-0.255 1.792 1.017
-0.255 1.795 1.019
-0.255 1.795 1.019
-0.291 1.791 1.017
-0.293 1.798 1.021
-0.293 1.798 1.021
-0.329 1.796 1.022
-0.331 1.803 1.026
-0.33 1.799 1.024
-0.367 1.797 1.023
-0.367 1.8 1.025
-0.367 1.8 1.025
-0.404 1.797 1.025
-0.404 1.797 1.025
-0.405 1.801 1.027
-0.442 1.797 1.026
-0.443 1.801 1.027
-0.444 1.804 1.029
-0.48 1.796 1.027
-0.481 1.8 1.029
-0.519 1.798 1.029
-0.521 1.805 1.033
-0.521 1.805 1.033
-0.559 1.803 1.033
-0.559 1.803 1.033
-0.56 1.806 1.035
-0.599 1.804 1.035
-0.601 1.81 1.039
-0.602 1.817 1.043
-0.64 1.807 1.038
-0.641 1.81 1.04
-0.641 1.814 1.042
-0.678 1.803 1.037
-0.68 1.807 1.039
-0.681 1.813 1.043
-0.721 1.809 1.042
-0.722 1.812 1.044
-0.724 1.818 1.047
-0.763 1.813 1.046
-0.765 1.816 1.047
-0.768 1.823 1.051
-0.807 1.817 1.05
-0.809 1.82 1.051
-0.813 1.83 1.057
-0.85 1.817 1.05
-0.851 1.82 1.052
-0.856 1.829 1.058
-0.896 1.822 1.055
-0.899 1.828 1.059
-0.899 1.828 1.059
-0.939 1.82 1.055
-0.942 1.826 1.059
-0.982 1.818 1.055
-0.986 1.824 1.06
-0.989 1.83 1.063
-1.031 1.824 1.06
-1.036 1.833 1.066
-1.04 1.839 1.069
-1.08 1.829 1.065
-1.084 1.835 1.069
-1.086 1.838 1.07
-1.127 1.827 1.065
-1.132 1.836 1.071
-1.138 1.845 1.076
-1.181 1.836 1.072
-1.185 1.842 1.076
-1.192 1.854 1.084
-1.237 1.847 1.081
-1.239 1.85 1.082
-1.243 1.856 1.086
-1.286 1.842 1.08
-1.289 1.848 1.083
-1.295 1.857 1.088
-1.337 1.842 1.081
-1.337 1.842 1.081
-1.35 1.86 1.092
-1.4 1.856 1.091
-1.404 1.861 1.095
-1.413 1.873 1.101
-1.458 1.859 1.095
-1.46 1.862 1.097
-1.504 1.848 1.09
-1.511 1.856 1.095
-1.523 1.87 1.104
-1.57 1.857 1.097
-1.574 1.863 1.101
-1.586 1.877 1.109
-1.634 1.863 1.102
-1.641 1.871 1.108
-1.648 1.879 1.113
-1.696 1.864 1.105
-1.708 1.878 1.114
-1.718 1.889 1.12
-1.769 1.875 1.114
-1.774 1.88 1.117
-1.777 1.883 1.119
-1.832 1.874 1.116
-1.845 1.887 1.123
-1.852 1.895 1.128
-1.904 1.878 1.12
-1.917 1.891 1.129
-1.925 1.899 1.133
-1.974 1.879 1.124
-1.993 1.897 1.134
-2.014 1.918 1.146
-2.066 1.899 1.138
-2.078 1.909 1.143
-2.124 1.884 1.131
-2.138 1.896 1.138
-2.155 1.911 1.147
-2.174 1.928 1.158
-2.227 1.906 1.147
-2.239 1.916 1.153
-2.297 1.898 1.145
-2.309 1.907 1.15
-2.321 1.917 1.156
-2.386 1.901 1.15
-2.417 1.927 1.166
-2.444 1.948 1.178
-2.498 1.921 1.164
-2.513 1.933 1.172
-2.534 1.949 1.182
-2.6 1.93 1.173
-2.631 1.952 1.187
-2.648 1.965 1.194
-2.713 1.942 1.184
-2.738 1.959 1.194
-2.762 1.977 1.205
-2.827 1.951 1.192
-2.858 1.973 1.205
-2.88 1.988 1.215
-2.948 1.962 1.202
-2.993 1.991 1.221
-3.03 2.016 1.236
-3.097 1.986 1.221
-3.122 2.002 1.231
-3.154 2.023 1.243
-3.228 1.994 1.23
-3.273 2.022 1.247
-3.321 2.052 1.266
-3.389 2.016 1.248
-3.429 2.039 1.263
-3.481 2.071 1.281
-3.589 2.055 1.276
-3.636 2.081 1.293
-3.704 2.04 1.272
-3.751 2.066 1.288
-3.772 2.077 1.295
-3.821 2.022 1.266
-3.793 2.008 1.257
-3.628 1.844 1.159
-3.628 1.844 1.159
-3.628 1.844 1.159
-3.658 1.785 1.127
-3.651 1.782 1.125
-3.651 1.782 1.125
-3.737 1.748 1.109
-3.807 1.781 1.129
-3.8 1.778 1.128
-3.822 1.713 1.092
-3.765 1.687 1.076
-3.695 1.656 1.055
-3.714 1.593 1.021
-3.714 1.593 1.021
-3.7 1.586 1.017
-3.707 1.519 0.979
-3.679 1.507 0.972
-3.702 1.448 0.939
-3.719 1.455 0.943
-3.713 1.452 0.942
-3.713 1.384 0.903
-3.713 1.384 0.903
-3.72 1.387 0.905
-3.796 1.347 0.885
-3.778 1.34 0.881
-3.7 1.313 0.862
-3.701 1.247 0.825
-3.705 1.248 0.827
-3.697 1.246 0.824
-3.779 1.207 0.806
-3.708 1.184 0.791
-3.729 1.126 0.758
-3.773 1.14 0.768
-3.838 1.094 0.744
-3.846 1.096 0.745
-3.884 1.041 0.716
-3.732 1.0 0.687
-3.728 0.999 0.687
-3.771 0.948 0.66
-3.771 0.948 0.66
-3.733 0.938 0.652
-3.74 0.878 0.62
-3.737 0.877 0.619
-3.771 0.885 0.625
-3.782 0.826 0.591
-3.751 0.819 0.587
-3.751 0.819 0.587
-3.783 0.765 0.557
-3.857 0.78 0.568
-3.9 0.788 0.574
-3.908 0.727 0.54
-3.881 0.722 0.536
-3.796 0.706 0.524
-3.759 0.639 0.486
-3.783 0.643 0.489
-3.792 0.585 0.456
-3.788 0.584 0.456
-3.792 0.585 0.456
-3.789 0.525 0.422
-3.797 0.526 0.423
-3.848 0.533 0.429
-3.883 0.477 0.398
-3.788 0.465 0.389
-3.813 0.409 0.358
-3.813 0.409 0.358
-3.809 0.409 0.358
-3.798 0.349 0.323
-3.981 0.366 0.34
-4.029 0.308 0.308
-4.021 0.307 0.308
-4.017 0.307 0.308
-4.071 0.249 0.277
-3.828 0.234 0.259
-3.838 0.176 0.228
-3.917 0.179 0.232
-3.842 0.117 0.195
-3.878 0.118 0.196
-3.876 0.059 0.163
-3.84 0.058 0.162
-3.892 0.059 0.163
-3.903 0.0 0.091
-3.851 0.0 0.089
-3.851 0.0 0.089
-4.023 -0.059 0.055
-4.023 -0.059 0.055
-4.027 -0.118 0.016
-4.031 -0.118 0.017
-4.031 -0.118 0.017
-4.028 -0.177 -0.022
-4.024 -0.177 -0.022
-4.028 -0.177 -0.022
-4.028 -0.236 -0.061
-4.028 -0.236 -0.061
-4.032 -0.236 -0.06
-4.032 -0.295 -0.099
-4.032 -0.295 -0.099
-4.03 -0.354 -0.137
-4.034 -0.355 -0.137
-4.038 -0.355 -0.138
-4.039 -0.415 -0.177
-4.039 -0.415 -0.177
-4.039 -0.415 -0.177
-4.038 -0.475 -0.216
-4.046 -0.476 -0.216
-4.05 -0.476 -0.217
-4.045 -0.536 -0.255
-4.053 -0.537 -0.256
-4.06 -0.538 -0.257
-4.05 -0.597 -0.295
-4.058 -0.598 -0.296
-4.065 -0.599 -0.297
-4.061 -0.66 -0.336
-4.069 -0.661 -0.337
-4.069 -0.661 -0.337
-4.071 -0.723 -0.378
-4.087 -0.726 -0.378
-4.095 -0.727 -0.379
-4.088 -0.788 -0.419
-4.088 -0.788 -0.419
-4.103 -0.791 -0.421
-4.095 -0.853 -0.461
-4.095 -0.853 -0.461
-4.093 -0.916 -0.502
-4.101 -0.917 -0.503
-4.101 -0.917 -0.503
-4.097 -0.981 -0.545
-4.067 -0.973 -0.541
-3.996 -0.957 -0.531
-3.95 -1.008 -0.566
-3.897 -0.994 -0.559
-3.847 -0.981 -0.551
-3.789 -1.027 -0.582
-3.723 -1.009 -0.572
-3.662 -0.993 -0.563
-3.574 -1.026 -0.587
-3.505 -1.007 -0.576
-3.448 -0.99 -0.566
-3.424 -1.039 -0.599
-3.29 -1.053 -0.611
-3.253 -1.041 -0.604
-3.212 -1.028 -0.596
-3.123 -1.052 -0.614
-3.064 -1.032 -0.602
-3.019 -1.017 -0.593
-2.95 -1.043 -0.613
-2.924 -1.034 -0.607
-2.902 -1.026 -0.603
-2.847 -1.056 -0.623
-2.814 -1.044 -0.616
-2.807 -1.041 -0.614
-2.789 -1.083 -0.642
-2.8 -1.087 -0.644
-2.807 -1.09 -0.646
-2.791 -1.134 -0.675
-2.802 -1.138 -0.678
-2.793 -1.185 -0.708
-2.808 -1.191 -0.712
-2.822 -1.197 -0.716
-2.805 -1.241 -0.745
-2.812 -1.244 -0.747
-2.822 -1.249 -0.75
-2.811 -1.296 -0.781
-2.828 -1.304 -0.786
-2.832 -1.306 -0.786
-2.805 -1.347 -0.814
-2.302 -1.106 -0.668
-2.29 -1.144 -0.693
-2.739 -1.368 -0.83
-2.696 -1.401 -0.852
-2.673 -1.388 -0.844
-1.914 -1.033 -0.63
-1.904 -1.027 -0.626
-1.89 -1.058 -0.647
-2.291 -1.332 -0.816
-2.335 -1.408 -0.865
-2.332 -1.406 -0.863
-2.315 -1.396 -0.858
-1.776 -1.111 -0.684
-1.754 -1.136 -0.7
-1.76 -1.141 -0.703
-1.766 -1.145 -0.706
-1.739 -1.168 -0.722
-1.742 -1.17 -0.723
-1.745 -1.172 -0.725
-1.731 -1.204 -0.745
-1.743 -1.212 -0.751
-1.728 -1.202 -0.744
-1.69 -1.218 -0.755
-1.69 -1.218 -0.755
-1.678 -1.209 -0.75
-1.537 -1.147 -0.713
-1.51 -1.166 -0.726
-1.512 -1.168 -0.727
-1.515 -1.17 -0.728
-1.49 -1.19 -0.743
-1.299 -1.074 -0.671
-1.287 -1.065 -0.665
-1.287 -1.065 -0.665
-1.275 -1.092 -0.683
-1.282 -1.098 -0.686
-1.268 -1.123 -0.704
-1.37 -1.214 -0.76
-1.34 -1.23 -0.771
-1.445 -1.373 -0.863
-1.407 -1.383 -0.87
-1.315 -1.293 -0.814
-1.29 -1.313 -0.827
-1.301 -1.325 -0.835
-1.386 -1.463 -0.922
-1.381 -1.457 -0.919
-1.384 -1.46 -0.92
-1.348 -1.474 -0.931
-1.339 -1.464 -0.924
-1.334 -1.458 -0.92
-1.299 -1.472 -0.93
-1.294 -1.466 -0.927
-1.289 -1.461 -0.923
-1.256 -1.476 -0.934
-1.256 -1.476 -0.934
-1.254 -1.474 -0.932
-1.212 -1.478 -0.936
-1.201 -1.464 -0.927
-1.166 -1.475 -0.935
-1.161 -1.469 -0.932
-1.159 -1.467 -0.93
-1.126 -1.48 -0.94
-1.12 -1.472 -0.934
-1.116 -1.466 -0.93
-1.081 -1.476 -0.938
-1.077 -1.47 -0.934
-1.042 -1.48 -0.941
-1.042 -1.48 -0.941
-1.039 -1.475 -0.938
-1.005 -1.486 -0.946
-1.002 -1.481 -0.943
-0.999 -1.477 -0.94
-0.966 -1.486 -0.948
-0.964 -1.483 -0.946
-0.961 -1.479 -0.943
-0.926 -1.487 -0.949
-0.923 -1.481 -0.945
-0.92 -1.476 -0.942
-0.887 -1.486 -0.949
-0.886 -1.483 -0.947
-0.883 -1.478 -0.945
-0.852 -1.491 -0.953
-0.851 -1.489 -0.952
-0.818 -1.498 -0.958
-0.815 -1.492 -0.954
-0.812 -1.486 -0.95
-0.778 -1.491 -0.955
-0.777 -1.489 -0.954
-0.776 -1.488 -0.953
-0.742 -1.493 -0.957
-0.741 -1.491 -0.956
-0.739 -1.486 -0.953
-0.708 -1.497 -0.96
-0.708 -1.497 -0.96
-0.706 -1.493 -0.958
-0.675 -1.5 -0.964
-0.674 -1.497 -0.962
-0.674 -1.498 -0.963
-0.642 -1.506 -0.968
-0.641 -1.503 -0.966
-0.64 -1.501 -0.965
-0.607 -1.505 -0.968
-0.606 -1.504 -0.967
-0.573 -1.507 -0.97
-0.571 -1.503 -0.967
-0.571 -1.501 -0.966
-0.54 -1.509 -0.972
-0.538 -1.506 -0.97
-0.537 -1.502 -0.968
-0.506 -1.51 -0.974
-0.506 -1.511 -0.975
-0.506 -1.51 -0.974
-0.473 -1.513 -0.976
-0.473 -1.513 -0.976
-0.472 -1.51 -0.974
-0.441 -1.515 -0.978
-0.441 -1.515 -0.978
-0.44 -1.513 -0.977
-0.408 -1.517 -0.981
-0.408 -1.517 -0.981
-0.408 -1.517 -0.981
-0.376 -1.521 -0.984
-0.376 -1.521 -0.984
-0.427 -2.088 -1.352
-0.427 -2.091 -1.354
-0.384 -2.097 -1.359
-0.384 -2.097 -1.359
-0.384 -2.097 -1.359
-0.34 -2.101 -1.363
-0.34 -2.098 -1.361
-0.339 -2.095 -1.36
-0.295 -2.099 -1.363
-0.296 -2.102 -1.366
-0.296 -2.102 -1.366
-0.251 -2.099 -1.364
-0.251 -2.099 -1.364
-0.208 -2.105 -1.37
-0.208 -2.109 -1.372
-0.208 -2.102 -1.367
-0.163 -2.101 -1.368
-0.164 -2.104 -1.37
-0.164 -2.108 -1.372
-0.12 -2.113 -1.376
-0.12 -2.113 -1.376
-0.12 -2.109 -1.374
-0.076 -2.114 -1.378
-0.076 -2.114 -1.378
-0.076 -2.114 -1.378
-0.032 -2.117 -1.381
-0.032 -2.117 -1.381
-0.032 -2.117 -1.381
0.012 -2.12 -1.384
0.012 -2.12 -1.384
0.012 -2.124 -1.386
0.056 -2.119 -1.385
0.056 -2.119 -1.385
0.057 -2.123 -1.387
0.101 -2.124 -1.389
0.101 -2.124 -1.389
0.145 -2.122 -1.388
0.145 -2.122 -1.388
0.145 -2.125 -1.391
0.19 -2.126 -1.392
0.19 -2.129 -1.394
0.19 -2.129 -1.394
0.235 -2.126 -1.393
0.235 -2.126 -1.393
0.235 -2.129 -1.395
0.28 -2.128 -1.395
0.28 -2.131 -1.398
0.281 -2.138 -1.402
0.327 -2.136 -1.402
0.327 -2.136 -1.402
0.326 -2.133 -1.4
0.37 -2.128 -1.397
0.372 -2.134 -1.401
0.372 -2.134 -1.401
0.417 -2.138 -1.405
0.419 -2.148 -1.411
0.421 -2.154 -1.415
0.466 -2.151 -1.414
0.468 -2.157 -1.418
0.511 -2.143 -1.41
0.509 -2.13 -1.402
0.501 -2.1 -1.382
0.536 -2.056 -1.355
0.533 -2.047 -1.348
0.535 -2.053 -1.352
0.579 -2.048 -1.35
0.579 -2.048 -1.35
0.58 -2.051 -1.352
0.623 -2.045 -1.349
0.624 -2.048 -1.351
0.625 -2.052 -1.353
0.671 -2.051 -1.354
0.685 -2.093 -1.382
0.697 -2.129 -1.406
0.745 -2.127 -1.406
0.747 -2.137 -1.412
0.748 -2.14 -1.414
0.795 -2.135 -1.412
0.799 -2.144 -1.418
0.8 -2.147 -1.42
0.846 -2.138 -1.415
0.846 -2.138 -1.415
0.893 -2.128 -1.409
0.895 -2.134 -1.413
0.899 -2.144 -1.42
0.946 -2.136 -1.416
0.95 -2.146 -1.422
0.953 -2.152 -1.427
0.999 -2.14 -1.42
1.002 -2.146 -1.424
1.007 -2.156 -1.43
1.053 -2.143 -1.423
1.056 -2.149 -1.427
1.061 -2.159 -1.433
1.109 -2.148 -1.428
1.112 -2.155 -1.432
1.109 -2.148 -1.428
1.159 -2.141 -1.423
0.617 -1.088 -0.725
0.614 -1.084 -0.721
0.632 -1.066 -0.71
0.624 -1.052 -0.701
0.618 -1.042 -0.695
0.633 -1.022 -0.682
0.627 -1.012 -0.675
0.623 -1.004 -0.67
0.636 -0.983 -0.656
0.628 -0.971 -0.649
0.624 -0.965 -0.645
0.639 -0.949 -0.634
0.634 -0.94 -0.628
0.628 -0.931 -0.623
0.641 -0.913 -0.611
0.634 -0.903 -0.604
0.647 -0.886 -0.593
0.643 -0.881 -0.59
0.638 -0.872 -0.584
0.649 -0.854 -0.572
0.644 -0.847 -0.568
0.638 -0.84 -0.563
0.65 -0.823 -0.552
0.646 -0.818 -0.549
0.642 -0.812 -0.545
0.654 -0.797 -0.535
0.65 -0.792 -0.532
0.643 -0.783 -0.526
0.655 -0.768 -0.516
0.651 -0.764 -0.514
0.662 -0.749 -0.505
0.659 -0.745 -0.501
0.653 -0.738 -0.497
0.664 -0.723 -0.488
0.66 -0.719 -0.484
0.655 -0.714 -0.481
0.665 -0.699 -0.472
0.661 -0.695 -0.469
0.657 -0.691 -0.466
0.667 -0.676 -0.457
0.662 -0.671 -0.453
0.658 -0.667 -0.45
0.668 -0.654 -0.442
0.664 -0.65 -0.44
0.674 -0.636 -0.431
0.671 -0.634 -0.429
0.666 -0.629 -0.426
0.676 -0.615 -0.417
0.673 -0.613 -0.416
0.67 -0.61 -0.414
0.679 -0.596 -0.405
0.675 -0.593 -0.403
0.672 -0.59 -0.401
0.68 -0.577 -0.392
0.675 -0.573 -0.39
0.673 -0.571 -0.388
0.68 -0.557 -0.38
0.677 -0.555 -0.378
0.674 -0.553 -0.377
0.682 -0.539 -0.368
0.679 -0.537 -0.366
0.688 -0.525 -0.358
0.685 -0.522 -0.357
0.68 -0.519 -0.355
0.688 -0.507 -0.347
0.685 -0.504 -0.345
0.682 -0.502 -0.344
0.691 -0.491 -0.336
0.688 -0.489 -0.335
0.683 -0.486 -0.333
0.691 -0.473 -0.325
0.689 -0.472 -0.324
0.686 -0.47 -0.323
0.694 -0.459 -0.315
0.69 -0.456 -0.313
0.686 -0.454 -0.312
0.693 -0.442 -0.304
0.691 -0.441 -0.303
0.698 -0.429 -0.296
0.695 -0.427 -0.295
0.69 -0.424 -0.293
0.698 -0.413 -0.286
0.697 -0.412 -0.285
0.695 -0.411 -0.284
0.7 -0.399 -0.276
0.699 -0.398 -0.276
0.695 -0.396 -0.274
0.702 -0.385 -0.267
0.698 -0.383 -0.266
0.697 -0.382 -0.265
0.703 -0.371 -0.258
0.7 -0.369 -0.257
0.698 -0.368 -0.256
0.704 -0.357 -0.249
0.7 -0.355 -0.248
0.707 -0.344 -0.241
0.706 -0.303 -0.214
0.704 -0.303 -0.213
0.709 -0.292 -0.207
0.709 -0.292 -0.207
0.714 -0.28 -0.2
0.712 -0.28 -0.199
0.71 -0.279 -0.199
0.718 -0.269 -0.193
0.721 -0.27 -0.193
0.79 0.227 0.13
0.786 0.226 0.129
0.782 0.225 0.129
0.774 0.235 0.135
0.772 0.234 0.135
0.763 0.244 0.141
0.761 0.244 0.141
0.763 0.244 0.141
0.761 0.256 0.149
0.764 0.257 0.15
0.766 0.258 0.15
0.762 0.27 0.158
0.764 0.27 0.158
0.766 0.271 0.159
0.762 0.283 0.166
0.766 0.284 0.167
0.768 0.285 0.168
0.765 0.297 0.176
0.767 0.298 0.176
0.769 0.299 0.177
0.767 0.311 0.185
0.769 0.312 0.186
0.773 0.314 0.187
0.768 0.325 0.194
0.771 0.327 0.195
0.773 0.328 0.196
0.768 0.34 0.204
0.771 0.341 0.205
0.773 0.342 0.205
0.768 0.354 0.213
0.771 0.356 0.214
0.775 0.357 0.215
0.769 0.369 0.223
0.772 0.371 0.224
0.769 0.384 0.232
0.772 0.386 0.234
0.774 0.386 0.234
0.769 0.399 0.243
0.773 0.401 0.244
0.776 0.403 0.245
0.771 0.416 0.253
0.774 0.418 0.255
0.769 0.431 0.263
2.68 1.558 0.955
2.667 1.551 0.95
2.615 1.577 0.969
2.596 1.565 0.961
2.57 1.55 0.952
2.515 1.573 0.968
2.489 1.556 0.957
2.464 1.54 0.948
2.415 1.565 0.965
2.406 1.559 0.961
2.354 1.581 0.978
2.339 1.571 0.971
2.32 1.558 0.962
2.269 1.578 0.978
2.26 1.572 0.974
2.251 1.566 0.969
2.2 1.585 0.983
2.188 1.576 0.977
2.175 1.567 0.972
2.122 1.583 0.983
2.113 1.576 0.979
2.107 1.571 0.976
2.063 1.592 0.991
2.047 1.581 0.984
2.03 1.567 0.976
1.982 1.585 0.988
1.974 1.578 0.983
1.936 1.601 1.0
1.928 1.594 0.996
1.91 1.58 0.987
1.863 1.595 0.998
1.855 1.588 0.993
1.84 1.576 0.986
1.805 1.6 1.002
1.8 1.595 0.999
1.789 1.585 0.993
1.75 1.606 1.008
1.74 1.596 1.001
1.72 1.578 0.99
1.677 1.593 1.0
1.672 1.588 0.997
1.663 1.58 0.993
1.628 1.601 1.007
1.623 1.596 1.004
1.616 1.589 0.999
1.572 1.601 1.009
1.567 1.596 1.005
1.524 1.608 1.014
1.516 1.6 1.009
1.509 1.592 1.004
1.468 1.605 1.013
1.461 1.597 1.008
1.456 1.592 1.005
1.421 1.61 1.017
1.414 1.602 1.012
1.404 1.591 1.006
1.362 1.6 1.013
1.355 1.592 1.007
1.352 1.589 1.006
1.317 1.605 1.017
1.31 1.597 1.012
1.306 1.591 1.008
1.268 1.604 1.018
1.266 1.601 1.016
1.261 1.596 1.012
1.222 1.605 1.019
1.215 1.597 1.014
1.178 1.608 1.022
1.172 1.599 1.016
1.165 1.591 1.011
1.13 1.604 1.021
1.126 1.599 1.017
1.122 1.593 1.013
1.085 1.603 1.021
1.083 1.6 1.019
1.081 1.597 1.017
1.046 1.609 1.026
1.044 1.606 1.024
1.04 1.6 1.02
1.003 1.609 1.027
0.999 1.603 1.023
0.999 1.603 1.023
0.96 1.608 1.027
0.957 1.602 1.023
0.955 1.599 1.021
0.918 1.606 1.027
0.917 1.603 1.025
0.881 1.613 1.032
0.88 1.61 1.03
0.878 1.607 1.028
0.841 1.613 1.033
0.84 1.61 1.031
0.838 1.607 1.029
0.799 1.606 1.03
0.794 1.597 1.024
0.796 1.6 1.026
0.761 1.608 1.032
0.759 1.603 1.029
0.757 1.6 1.027
0.722 1.607 1.032
0.723 1.609 1.032
0.722 1.607 1.032
0.687 1.612 1.036
0.686 1.609 1.034
0.684 1.604 1.031
0.649 1.611 1.036
0.649 1.611 1.036
0.612 1.61 1.036
0.611 1.608 1.035
0.61 1.607 1.034
0.576 1.612 1.039
0.575 1.61 1.037
0.574 1.605 1.034
0.538 1.607 1.036
0.537 1.605 1.035
0.537 1.605 1.035
0.503 1.611 1.04
0.503 1.609 1.039
0.502 1.606 1.037
0.468 1.609 1.039
0.467 1.608 1.038
0.467 1.608 1.038
0.433 1.611 1.041
0.432 1.607 1.039
0.432 1.607 1.039
0.398 1.61 1.041
0.398 1.61 1.041
0.398 1.61 1.041
0.364 1.613 1.045
0.363 1.61 1.042
0.362 1.605 1.039
0.329 1.611 1.044
0.328 1.61 1.043
0.294 1.611 1.044
0.294 1.609 1.043
0.294 1.609 1.043
0.26 1.613 1.046
0.261 1.614 1.047
0.26 1.613 1.046
0.227 1.614 1.048
0.227 1.614 1.048
0.226 1.613 1.047
0.193 1.615 1.05
0.193 1.614 1.049
0.193 1.615 1.05
0.159 1.614 1.05
0.159 1.612 1.049
0.159 1.614 1.05
0.125 1.616 1.051
0.125 1.618 1.052
0.125 1.613 1.049
0.091 1.614 1.051
0.091 1.617 1.053
0.091 1.617 1.053
0.059 1.621 1.057
0.059 1.621 1.057
0.058 1.618 1.054
0.025 1.618 1.056
0.025 1.62 1.057
-0.009 1.621 1.059
-0.01 1.616 1.055
-0.01 1.618 1.056
-0.042 1.617 1.056
-0.042 1.619 1.057
-0.043 1.622 1.059
-0.077 1.624 1.062
-0.077 1.623 1.061
-0.076 1.621 1.059
-0.11 1.623 1.062
-0.111 1.624 1.063
-0.111 1.626 1.064
-0.145 1.625 1.064
-0.145 1.627 1.065
-0.145 1.629 1.067
-0.179 1.629 1.067
-0.18 1.631 1.068
-0.18 1.631 1.068
-0.214 1.628 1.067
-0.214 1.633 1.07
-0.215 1.634 1.071
-0.248 1.629 1.069
-0.249 1.632 1.071
-0.249 1.634 1.072
-0.283 1.631 1.071
-0.284 1.633 1.072
-0.318 1.628 1.07
-0.319 1.633 1.073
-0.32 1.636 1.076
-0.354 1.631 1.073
-0.355 1.636 1.076
-0.355 1.636 1.076
-0.388 1.629 1.071
-0.389 1.632 1.074
-0.391 1.64 1.079
-0.427 1.639 1.079
-0.427 1.64 1.08
-0.428 1.644 1.082
-0.464 1.643 1.083
-0.465 1.645 1.084
-0.465 1.646 1.085
-0.501 1.644 1.084
-0.501 1.645 1.085
-0.501 1.645 1.085
-0.536 1.639 1.082
-0.537 1.642 1.084
-0.539 1.647 1.088
-0.573 1.639 1.083
-0.574 1.64 1.084
-0.575 1.644 1.086
-0.612 1.641 1.084
-0.613 1.644 1.088
-0.615 1.65 1.092
-0.652 1.647 1.09
-0.655 1.653 1.094
-0.656 1.657 1.097
-0.692 1.65 1.092
-0.693 1.653 1.094
-0.729 1.645 1.09
-0.729 1.645 1.09
-0.73 1.648 1.092
-0.766 1.64 1.088
-0.768 1.643 1.09
-0.771 1.649 1.094
-0.806 1.641 1.089
-0.808 1.644 1.091
-0.813 1.653 1.097
-0.852 1.65 1.096
-0.854 1.653 1.098
-0.858 1.662 1.104
-0.895 1.652 1.099
-0.896 1.655 1.101
-0.898 1.658 1.103
-0.936 1.65 1.098
-0.939 1.656 1.102
-0.943 1.662 1.106
-0.979 1.651 1.1
-0.981 1.654 1.102
-0.987 1.666 1.11
-1.028 1.659 1.107
-1.028 1.659 1.107
-1.033 1.668 1.112
-1.073 1.658 1.107
-1.077 1.667 1.113
-1.081 1.673 1.116
-1.119 1.66 1.109
-1.124 1.668 1.114
-1.13 1.677 1.121
-1.169 1.666 1.114
-1.175 1.674 1.12
-1.215 1.662 1.112
-1.218 1.668 1.117
-1.225 1.676 1.123
-1.266 1.666 1.117
-1.27 1.672 1.121
-1.275 1.677 1.124
-1.314 1.664 1.116
-1.318 1.669 1.12
-1.327 1.68 1.127
-1.371 1.671 1.122
-1.378 1.679 1.128
-1.383 1.685 1.131
-1.427 1.675 1.126
-1.434 1.683 1.132
-1.441 1.691 1.137
-1.481 1.675 1.128
-1.486 1.68 1.131
-1.495 1.691 1.138
-1.545 1.684 1.135
-1.557 1.697 1.143
-1.565 1.705 1.15
-1.608 1.69 1.14
-1.613 1.695 1.144
-1.618 1.7 1.147
-1.666 1.689 1.141
-1.679 1.701 1.149
-1.689 1.712 1.157
-1.735 1.697 1.148
-1.745 1.707 1.154
-1.756 1.717 1.161
-1.802 1.7 1.151
-1.81 1.708 1.156
-1.82 1.718 1.164
-1.873 1.705 1.157
-1.891 1.722 1.168
-1.941 1.706 1.158
-1.95 1.713 1.164
-1.963 1.725 1.172
-2.013 1.708 1.161
-2.026 1.72 1.169
-2.038 1.729 1.176
-2.083 1.706 1.162
-2.102 1.722 1.172
-2.125 1.741 1.186
-2.176 1.72 1.173
-2.19 1.732 1.181
-2.208 1.746 1.191
-2.253 1.719 1.175
-2.271 1.733 1.183
-2.301 1.755 1.199
-2.364 1.741 1.191
-2.382 1.754 1.2
-2.391 1.76 1.205
-2.446 1.738 1.191
-2.47 1.755 1.203
-2.5 1.777 1.217
-2.566 1.758 1.207
-2.581 1.769 1.214
-2.599 1.782 1.223
-2.662 1.759 1.21
-2.689 1.778 1.223
-2.724 1.801 1.239
-2.793 1.78 1.226
-2.818 1.796 1.238
-2.838 1.808 1.246
-2.907 1.786 1.233
-2.936 1.804 1.245
-2.965 1.821 1.257
-3.036 1.797 1.243
-3.075 1.82 1.259
-3.142 1.791 1.241
-3.179 1.812 1.256
-3.208 1.828 1.268
-3.283 1.801 1.252
-3.326 1.825 1.268
-3.379 1.854 1.288
-3.472 1.832 1.276
-3.506 1.85 1.289
-3.546 1.871 1.304
-3.64 1.846 1.289
-3.701 1.877 1.311
-3.755 1.905 1.331
-3.83 1.866 1.306
-3.637 1.772 1.241
-3.681 1.722 1.209
-3.695 1.728 1.213
-3.766 1.689 1.19
-3.787 1.699 1.196
-3.759 1.686 1.188
-3.739 1.606 1.135
-3.703 1.591 1.124
-3.703 1.591 1.124
-3.729 1.533 1.087
-3.722 1.53 1.085
-3.679 1.513 1.073
-3.693 1.451 1.033
-3.686 1.448 1.031
-3.709 1.391 0.994
-3.705 1.39 0.993
-3.694 1.386 0.99
-3.742 1.338 0.96
-3.771 1.348 0.968
-3.785 1.353 0.971
-3.7 1.259 0.907
-3.689 1.255 0.905
-3.741 1.209 0.876
-3.775 1.22 0.884
-3.804 1.229 0.891
-3.714 1.138 0.828
-3.733 1.144 0.833
-3.794 1.099 0.805
-3.825 1.108 0.812
-3.84 1.113 0.815
-3.844 1.051 0.775
-3.764 1.029 0.759
-3.737 0.961 0.714
-3.737 0.961 0.714
-3.811 0.919 0.688
-3.738 0.901 0.675
-3.734 0.9 0.674
-3.753 0.845 0.639
-3.776 0.851 0.643
-3.765 0.848 0.641
-3.76 0.788 0.601
-3.76 0.788 0.601
-3.787 0.793 0.606
-3.866 0.75 0.579
-3.897 0.756 0.584
-3.889 0.754 0.582
-3.908 0.698 0.546
-3.772 0.674 0.527
-3.807 0.621 0.493
-3.81 0.622 0.495
-3.767 0.615 0.489
-3.795 0.562 0.455
-3.795 0.562 0.455
-3.811 0.507 0.42
-3.867 0.514 0.425
-3.894 0.518 0.429
-3.858 0.455 0.387
-3.803 0.449 0.381
-3.81 0.449 0.382
-3.812 0.393 0.345
-3.812 0.393 0.345
-3.812 0.393 0.345
-3.801 0.335 0.307
-4.028 0.355 0.326
-4.027 0.295 0.287
-4.027 0.295 0.287
-4.033 0.236 0.248
-3.897 0.229 0.24
-3.887 0.171 0.201
-3.915 0.172 0.203
-3.847 0.113 0.162
-3.879 0.114 0.164
-3.877 0.057 0.127
-3.841 0.056 0.126
-3.893 0.057 0.127
-3.904 0.0 0.043
-3.852 0.0 0.042
-3.848 0.0 0.042
-3.919 -0.057 0.005
-4.003 -0.058 0.005
-4.023 -0.058 0.005
-4.027 -0.117 -0.034
-4.031 -0.117 -0.034
-4.031 -0.117 -0.034
-4.027 -0.175 -0.073
-4.027 -0.175 -0.073
-4.027 -0.175 -0.073
-4.023 -0.234 -0.112
-4.027 -0.234 -0.112
-4.027 -0.293 -0.152
-4.031 -0.293 -0.152
-4.031 -0.293 -0.152
-4.024 -0.351 -0.191
-4.032 -0.352 -0.191
-4.036 -0.352 -0.192
-4.037 -0.412 -0.231
-4.041 -0.412 -0.232
-4.045 -0.413 -0.232
-4.043 -0.472 -0.272
-4.043 -0.472 -0.272
-4.047 -0.473 -0.272
-4.042 -0.532 -0.311
-4.05 -0.533 -0.311
-4.05 -0.533 -0.311
-4.046 -0.592 -0.352
-4.054 -0.594 -0.352
-4.061 -0.595 -0.353
-4.057 -0.655 -0.393
-4.057 -0.655 -0.393
-4.065 -0.656 -0.394
-4.066 -0.718 -0.435
-4.074 -0.719 -0.436
-4.09 -0.722 -0.437
-4.074 -0.781 -0.477
-4.083 -0.782 -0.478
-4.073 -0.843 -0.519
-4.073 -0.843 -0.519
-4.089 -0.846 -0.521
-4.086 -0.909 -0.563
-4.094 -0.911 -0.564
-4.094 -0.911 -0.564
-4.083 -0.972 -0.604
-4.09 -0.973 -0.606
-4.067 -0.968 -0.602
-3.985 -1.011 -0.632
-3.955 -1.003 -0.628
-3.807 -1.027 -0.644
-3.777 -1.018 -0.64
-3.724 -1.004 -0.63
-3.657 -1.045 -0.658
-3.604 -1.03 -0.648
-3.504 -1.058 -0.669
-3.427 -1.035 -0.654
-3.412 -1.03 -0.652
-3.365 -1.071 -0.679
-3.305 -1.052 -0.667
-3.275 -1.043 -0.661
-3.22 -1.079 -0.686
-3.16 -1.059 -0.673
-3.096 -1.038 -0.66
-3.031 -1.067 -0.68
-2.979 -1.049 -0.668
-2.956 -1.041 -0.664
-2.913 -1.075 -0.687
-2.862 -1.056 -0.675
-2.84 -1.048 -0.67
-2.796 -1.081 -0.691
-2.789 -1.078 -0.69
-2.773 -1.121 -0.719
-2.783 -1.125 -0.721
-2.798 -1.131 -0.725
-2.784 -1.176 -0.755
-2.796 -1.181 -0.758
-2.81 -1.187 -0.762
-2.796 -1.232 -0.792
-2.803 -1.235 -0.794
-2.813 -1.24 -0.798
-2.801 -1.287 -0.829
-2.815 -1.293 -0.833
-2.815 -1.293 -0.833
-2.788 -1.334 -0.86
-2.781 -1.33 -0.858
-2.729 -1.358 -0.878
-2.267 -1.174 -0.76
-2.272 -1.175 -0.761
-2.536 -1.364 -0.884
-2.519 -1.355 -0.878
-1.902 -1.062 -0.689
-1.888 -1.054 -0.684
-1.869 -1.083 -0.703
-2.272 -1.366 -0.888
-2.353 -1.415 -0.92
-2.316 -1.445 -0.941
-2.3 -1.435 -0.934
-1.802 -1.165 -0.759
-1.802 -1.165 -0.759
-1.765 -1.182 -0.771
-1.762 -1.18 -0.77
-1.775 -1.189 -0.776
-1.746 -1.212 -0.791
-1.743 -1.21 -0.79
-1.749 -1.214 -0.793
-1.727 -1.241 -0.811
-1.724 -1.239 -0.809
-1.706 -1.226 -0.801
-1.659 -1.235 -0.807
-1.653 -1.231 -0.805
-1.653 -1.231 -0.805
-1.53 -1.179 -0.771
-1.502 -1.199 -0.785
-1.505 -1.201 -0.787
-1.505 -1.201 -0.787
-1.485 -1.227 -0.804
-1.306 -1.079 -0.707
-1.281 -1.096 -0.718
-1.278 -1.093 -0.717
-1.281 -1.096 -0.718
-1.266 -1.121 -0.735
-1.274 -1.128 -0.74
-1.261 -1.157 -0.759
-1.371 -1.258 -0.826
-1.366 -1.253 -0.823
-1.347 -1.28 -0.841
-1.36 -1.293 -0.849
-1.358 -1.29 -0.847
-1.332 -1.309 -0.86
-1.329 -1.307 -0.859
-1.293 -1.317 -0.866
-1.291 -1.315 -0.865
-1.296 -1.321 -0.869
-1.276 -1.347 -0.886
-1.407 -1.486 -0.978
-1.366 -1.495 -0.984
-1.361 -1.49 -0.981
-1.359 -1.487 -0.979
-1.323 -1.501 -0.989
-1.316 -1.493 -0.984
-1.311 -1.488 -0.98
-1.275 -1.501 -0.989
-1.271 -1.496 -0.986
-1.268 -1.493 -0.984
-1.232 -1.505 -0.993
-1.226 -1.497 -0.988
-1.221 -1.492 -0.984
-1.185 -1.503 -0.992
-1.181 -1.498 -0.988
-1.179 -1.495 -0.986
-1.143 -1.506 -0.994
-1.139 -1.5 -0.991
-1.132 -1.492 -0.985
-1.099 -1.505 -0.994
-1.097 -1.502 -0.992
-1.091 -1.494 -0.986
-1.057 -1.506 -0.995
-1.055 -1.503 -0.993
-1.021 -1.515 -1.002
-1.017 -1.51 -0.998
-1.012 -1.501 -0.992
-0.978 -1.512 -1.0
-0.976 -1.509 -0.998
-0.974 -1.506 -0.996
-0.941 -1.517 -1.004
-0.938 -1.513 -1.001
-0.936 -1.51 -0.999
-0.902 -1.518 -1.005
-0.9 -1.515 -1.003
-0.898 -1.512 -1.001
-0.863 -1.519 -1.006
-0.859 -1.511 -1.001
-0.785 -1.446 -0.958
-0.783 -1.442 -0.955
-0.749 -1.445 -0.958
-0.748 -1.443 -0.957
-0.747 -1.442 -0.956
-0.715 -1.449 -0.961
-0.714 -1.446 -0.959
-0.712 -1.443 -0.957
-0.68 -1.448 -0.961
-0.678 -1.444 -0.958
-0.676 -1.441 -0.956
-0.646 -1.45 -0.962
-0.645 -1.448 -0.961
-0.643 -1.444 -0.958
-0.612 -1.451 -0.963
-0.611 -1.45 -0.962
-0.61 -1.446 -0.96
-0.578 -1.452 -0.964
-0.578 -1.45 -0.963
-0.577 -1.449 -0.962
-0.545 -1.453 -0.965
-0.545 -1.452 -0.964
-0.545 -1.452 -0.964
-0.514 -1.458 -0.968
-0.512 -1.453 -0.965
-0.482 -1.46 -0.971
-0.49 -1.487 -0.989
-0.502 -1.523 -1.013
-0.506 -1.535 -1.02
-0.474 -1.542 -1.026
-0.473 -1.541 -1.025
-0.44 -1.546 -1.028
-0.44 -1.544 -1.027
-0.44 -1.544 -1.027
-0.407 -1.548 -1.031
-0.407 -1.55 -1.032
-0.407 -1.548 -1.031
-0.374 -1.552 -1.034
-0.374 -1.552 -1.034
-0.341 -1.556 -1.036
-0.388 -1.961 -1.307
-0.387 -1.958 -1.305
-0.346 -1.966 -1.31
-0.346 -1.966 -1.31
-0.346 -1.966 -1.31
-0.305 -1.967 -1.312
-0.305 -1.967 -1.312
-0.305 -1.967 -1.312
-0.263 -1.971 -1.315
-0.263 -1.968 -1.312
-0.263 -1.968 -1.312
-0.221 -1.971 -1.316
-0.221 -1.971 -1.316
-0.221 -1.971 -1.316
-0.18 -1.974 -1.317
-0.18 -1.974 -1.317
-0.18 -1.974 -1.317
-0.14 -1.976 -1.32
-0.14 -1.976 -1.32
-0.098 -1.981 -1.323
-0.098 -1.981 -1.323
-0.098 -1.977 -1.321
-0.057 -1.978 -1.321
-0.057 -1.978 -1.321
-0.057 -1.978 -1.321
-0.015 -1.979 -1.323
-0.015 -1.982 -1.325
-0.015 -1.985 -1.327
0.027 -1.985 -1.327
0.027 -1.985 -1.327
0.027 -1.985 -1.327
0.068 -1.981 -1.325
0.068 -1.984 -1.327
0.069 -1.991 -1.332
0.11 -1.989 -1.331
0.11 -1.986 -1.328
0.11 -1.986 -1.328
0.152 -1.984 -1.328
0.152 -1.987 -1.33
0.152 -1.99 -1.332
0.194 -1.984 -1.328
0.194 -1.988 -1.331
0.194 -1.988 -1.331
0.236 -1.988 -1.332
0.237 -1.994 -1.336
0.279 -1.99 -1.333
0.279 -1.99 -1.333
0.279 -1.994 -1.336
0.322 -1.992 -1.336
0.322 -1.992 -1.336
0.322 -1.996 -1.338
0.365 -1.997 -1.339
0.366 -2.0 -1.341
0.366 -2.0 -1.341
0.409 -2.001 -1.343
0.409 -2.001 -1.343
0.41 -2.004 -1.345
0.453 -2.001 -1.343
0.454 -2.004 -1.345
0.454 -2.008 -1.347
0.497 -2.004 -1.345
0.498 -2.007 -1.348
0.499 -2.01 -1.35
0.542 -2.006 -1.347
0.543 -2.009 -1.349
0.545 -2.015 -1.353
0.589 -2.013 -1.353
0.591 -2.02 -1.357
0.589 -2.013 -1.353
0.626 -1.988 -1.336
0.625 -1.985 -1.334
0.625 -1.985 -1.334
0.669 -1.982 -1.332
0.671 -1.988 -1.336
0.716 -1.988 -1.337
0.721 -2.0 -1.345
0.721 -2.0 -1.345
0.762 -1.989 -1.338
0.765 -1.996 -1.342
0.766 -1.999 -1.345
0.809 -1.99 -1.339
0.813 -2.0 -1.346
0.816 -2.006 -1.35
0.859 -1.997 -1.345
0.861 -2.0 -1.347
0.862 -2.003 -1.349
0.907 -1.996 -1.344
0.908 -1.999 -1.346
0.912 -2.009 -1.353
0.959 -2.004 -1.351
0.962 -2.01 -1.355
0.963 -2.013 -1.357
1.009 -2.005 -1.351
1.012 -2.011 -1.355
1.012 -2.011 -1.355
1.059 -2.005 -1.352
1.065 -2.017 -1.36
0.617 -1.114 -0.751
0.636 -1.098 -0.741
0.629 -1.086 -0.733
0.622 -1.073 -0.724
0.638 -1.055 -0.712
0.632 -1.044 -0.705
0.627 -1.036 -0.699
0.642 -1.014 -0.685
0.635 -1.004 -0.678
0.631 -0.997 -0.673
0.645 -0.977 -0.66
0.637 -0.966 -0.652
0.632 -0.958 -0.648
0.646 -0.94 -0.636
0.641 -0.933 -0.631
0.653 -0.914 -0.618
0.647 -0.905 -0.612
0.643 -0.899 -0.608
0.655 -0.881 -0.596
0.65 -0.873 -0.59
0.645 -0.866 -0.586
0.656 -0.848 -0.574
0.651 -0.841 -0.569
0.645 -0.834 -0.564
0.657 -0.817 -0.553
0.653 -0.812 -0.55
0.665 -0.797 -0.54
0.66 -0.791 -0.536
0.656 -0.786 -0.532
0.666 -0.769 -0.521
0.662 -0.764 -0.518
0.657 -0.759 -0.514
0.668 -0.744 -0.504
0.664 -0.738 -0.501
0.659 -0.733 -0.497
0.671 -0.719 -0.488
0.666 -0.714 -0.484
0.661 -0.709 -0.481
0.671 -0.694 -0.471
0.667 -0.69 -0.468
0.663 -0.686 -0.466
0.672 -0.671 -0.456
0.667 -0.666 -0.452
0.677 -0.653 -0.443
0.675 -0.65 -0.442
0.671 -0.646 -0.439
0.679 -0.631 -0.429
0.673 -0.626 -0.426
0.671 -0.624 -0.424
0.68 -0.61 -0.416
0.677 -0.608 -0.413
0.675 -0.606 -0.412
0.684 -0.592 -0.404
0.68 -0.588 -0.4
0.677 -0.586 -0.399
0.685 -0.573 -0.391
0.68 -0.569 -0.387
0.678 -0.567 -0.386
0.685 -0.553 -0.378
0.681 -0.55 -0.376
0.689 -0.538 -0.367
0.688 -0.536 -0.367
0.683 -0.533 -0.364
0.692 -0.521 -0.356
0.689 -0.518 -0.355
0.684 -0.515 -0.352
0.693 -0.504 -0.345
0.69 -0.502 -0.343
0.687 -0.5 -0.342
0.695 -0.487 -0.334
0.692 -0.485 -0.332
0.687 -0.482 -0.33
0.695 -0.47 -0.322
0.692 -0.468 -0.321
0.689 -0.466 -0.319
0.695 -0.453 -0.311
0.694 -0.452 -0.31
0.701 -0.441 -0.303
0.7 -0.44 -0.302
0.695 -0.437 -0.3
0.702 -0.426 -0.293
0.699 -0.424 -0.292
0.696 -0.422 -0.29
0.701 -0.41 -0.282
0.7 -0.409 -0.281
0.698 -0.408 -0.281
0.705 -0.397 -0.273
0.7 -0.394 -0.272
0.698 -0.393 -0.271
0.705 -0.382 -0.263
0.701 -0.38 -0.262
0.7 -0.379 -0.262
0.706 -0.368 -0.254
0.703 -0.367 -0.253
0.708 -0.355 -0.246
0.707 -0.355 -0.245
0.703 -0.353 -0.244
0.709 -0.342 -0.236
0.705 -0.34 -0.235
0.713 -0.33 -0.228
0.716 -0.304 -0.211
0.712 -0.289 -0.201
0.712 -0.289 -0.201
0.716 -0.278 -0.194
0.714 -0.278 -0.194
0.714 -0.278 -0.194
0.725 -0.269 -0.188
0.787 0.225 0.141
0.787 0.225 0.141
0.783 0.224 0.14
0.774 0.234 0.148
0.773 0.233 0.148
0.771 0.233 0.147
0.762 0.243 0.154
0.762 0.243 0.154
0.759 0.254 0.162
0.762 0.255 0.163
0.764 0.256 0.163
0.76 0.268 0.171
0.762 0.268 0.171
0.764 0.269 0.172
0.76 0.281 0.18
0.762 0.281 0.18
0.766 0.283 0.181
0.761 0.294 0.189
0.765 0.296 0.19
0.767 0.297 0.19
0.762 0.308 0.198
0.766 0.31 0.199
0.768 0.311 0.2
0.763 0.322 0.207
0.766 0.324 0.208
0.768 0.325 0.209
0.765 0.337 0.217
0.767 0.338 0.218
0.77 0.34 0.219
0.766 0.351 0.227
0.769 0.353 0.228
0.773 0.355 0.229
0.767 0.367 0.237
0.77 0.368 0.238
0.774 0.37 0.239
0.768 0.382 0.247
0.771 0.384 0.248
0.773 0.385 0.249
0.768 0.397 0.258
0.773 0.4 0.259
0.776 0.402 0.26
0.77 0.414 0.269
0.773 0.416 0.27
0.776 0.417 0.27
0.771 0.43 0.28
2.547 1.476 0.959
2.49 1.497 0.974
2.477 1.489 0.969
2.461 1.48 0.962
2.41 1.503 0.979
2.391 1.491 0.971
2.369 1.477 0.961
2.321 1.501 0.978
2.309 1.493 0.973
2.293 1.482 0.966
2.249 1.507 0.982
2.237 1.498 0.977
2.218 1.486 0.969
2.165 1.503 0.98
2.147 1.49 0.972
2.103 1.512 0.988
2.094 1.505 0.983
2.082 1.497 0.977
2.038 1.518 0.992
2.023 1.506 0.985
2.006 1.493 0.976
1.962 1.513 0.989
1.951 1.504 0.984
1.942 1.497 0.98
1.899 1.515 0.992
1.884 1.504 0.984
1.876 1.497 0.98
1.841 1.521 0.997
1.83 1.512 0.991
1.813 1.498 0.981
1.77 1.514 0.993
1.759 1.505 0.987
1.75 1.497 0.982
1.713 1.518 0.995
1.705 1.51 0.991
1.665 1.527 1.003
1.662 1.525 1.001
1.652 1.515 0.995
1.601 1.521 0.999
1.591 1.511 0.993
1.588 1.508 0.991
1.554 1.528 1.005
1.549 1.523 1.001
1.538 1.513 0.994
1.496 1.525 1.003
1.491 1.52 1.0
1.481 1.509 0.993
1.442 1.523 1.002
1.437 1.517 0.998
1.429 1.509 0.993
1.39 1.522 1.002
1.383 1.514 0.997
1.346 1.528 1.006
1.344 1.525 1.005
1.339 1.52 1.001
1.298 1.528 1.008
1.291 1.52 1.002
1.287 1.515 0.998
1.248 1.525 1.005
1.243 1.519 1.001
1.239 1.514 0.998
1.203 1.526 1.007
1.196 1.517 1.001
1.194 1.514 0.999
1.158 1.526 1.007
1.151 1.517 1.001
1.149 1.514 0.999
1.113 1.525 1.007
1.107 1.516 1.002
1.105 1.514 1.0
1.069 1.523 1.006
1.065 1.518 1.003
1.031 1.53 1.012
1.027 1.524 1.008
1.025 1.521 1.006
0.989 1.53 1.012
0.988 1.527 1.01
0.984 1.521 1.006
0.948 1.529 1.012
0.946 1.526 1.01
0.943 1.522 1.007
0.908 1.529 1.012
0.906 1.526 1.01
0.904 1.523 1.008
0.869 1.53 1.013
0.866 1.525 1.01
0.866 1.524 1.009
0.832 1.533 1.015
0.828 1.525 1.01
0.793 1.532 1.015
0.789 1.524 1.01
0.787 1.52 1.007
0.755 1.531 1.015
0.753 1.526 1.012
0.75 1.522 1.009
0.717 1.529 1.014
0.717 1.529 1.014
0.716 1.527 1.013
0.682 1.533 1.018
0.679 1.527 1.013
0.679 1.525 1.012
0.645 1.53 1.016
0.641 1.52 1.009
0.639 1.516 1.006
0.607 1.524 1.012
0.606 1.523 1.011
0.605 1.52 1.009
0.572 1.525 1.013
0.571 1.523 1.012
0.571 1.522 1.011
0.539 1.53 1.016
0.537 1.526 1.014
0.536 1.523 1.012
0.504 1.529 1.017
0.502 1.524 1.014
0.47 1.531 1.018
0.468 1.525 1.014
0.467 1.521 1.012
0.435 1.528 1.016
0.435 1.528 1.016
0.435 1.526 1.015
0.403 1.532 1.02
0.401 1.527 1.017
0.401 1.524 1.015
0.369 1.529 1.018
0.368 1.528 1.017
0.367 1.524 1.015
0.335 1.529 1.018
0.335 1.528 1.017
0.334 1.524 1.015
0.302 1.529 1.019
0.302 1.529 1.019
0.301 1.524 1.016
0.27 1.53 1.019
0.27 1.531 1.021
0.269 1.526 1.017
0.237 1.53 1.02
0.237 1.532 1.021
0.205 1.533 1.023
0.205 1.531 1.022
0.204 1.53 1.02
0.172 1.532 1.022
0.172 1.531 1.021
0.172 1.531 1.021
0.14 1.534 1.025
0.14 1.534 1.025
0.14 1.534 1.025
0.108 1.534 1.025
0.108 1.534 1.025
0.108 1.534 1.025
0.075 1.535 1.025
0.075 1.532 1.023
0.075 1.53 1.022
0.043 1.534 1.026
0.043 1.534 1.026
0.043 1.534 1.026
0.011 1.535 1.026
0.011 1.535 1.026
0.011 1.536 1.027
-0.021 1.534 1.026
-0.021 1.536 1.027
-0.021 1.534 1.026
-0.053 1.532 1.025
-0.053 1.532 1.025
-0.086 1.534 1.027
-0.086 1.541 1.031
-0.086 1.541 1.031
-0.118 1.539 1.03
-0.119 1.541 1.031
-0.119 1.543 1.032
-0.151 1.54 1.032
-0.151 1.54 1.032
-0.151 1.539 1.031
-0.183 1.536 1.029
-0.184 1.54 1.031
-0.184 1.543 1.033
-0.217 1.541 1.032
-0.217 1.541 1.032
-0.217 1.543 1.033
-0.25 1.543 1.034
-0.25 1.544 1.035
-0.25 1.546 1.036
-0.283 1.544 1.035
-0.284 1.547 1.037
-0.284 1.547 1.037
-0.317 1.547 1.038
-0.318 1.549 1.039
-0.317 1.547 1.038
-0.35 1.546 1.037
-0.351 1.547 1.038
-0.352 1.551 1.04
-0.384 1.545 1.037
-0.384 1.545 1.037
-0.419 1.547 1.039
-0.42 1.55 1.041
-0.42 1.552 1.042
-0.453 1.549 1.04
-0.454 1.55 1.041
-0.454 1.552 1.042
-0.488 1.548 1.04
-0.489 1.55 1.041
-0.49 1.553 1.043
-0.524 1.55 1.042
-0.524 1.552 1.043
-0.526 1.557 1.047
-0.56 1.554 1.044
-0.561 1.557 1.047
-0.562 1.56 1.049
-0.596 1.553 1.045
-0.597 1.554 1.046
-0.598 1.558 1.048
-0.632 1.552 1.044
-0.634 1.558 1.048
-0.634 1.556 1.047
-0.667 1.548 1.042
-0.668 1.552 1.044
-0.67 1.556 1.047
-0.704 1.549 1.044
-0.708 1.559 1.05
-0.743 1.551 1.045
-0.743 1.552 1.046
-0.747 1.562 1.052
-0.783 1.555 1.048
-0.785 1.558 1.05
-0.785 1.561 1.053
-0.82 1.551 1.046
-0.82 1.552 1.047
-0.822 1.555 1.049
-0.858 1.549 1.045
-0.862 1.558 1.052
-0.867 1.567 1.058
-0.901 1.554 1.049
-0.903 1.56 1.053
-0.909 1.569 1.059
-0.943 1.559 1.052
-0.947 1.564 1.056
-0.947 1.564 1.056
-0.982 1.553 1.049
-0.985 1.559 1.053
-0.987 1.562 1.055
-1.025 1.553 1.049
-1.031 1.565 1.057
-1.035 1.571 1.061
-1.074 1.564 1.057
-1.078 1.57 1.061
-1.08 1.572 1.063
-1.113 1.556 1.052
-1.117 1.562 1.056
-1.16 1.56 1.055
-1.167 1.568 1.061
-1.169 1.571 1.063
-1.208 1.562 1.057
-1.215 1.57 1.063
-1.221 1.579 1.068
-1.256 1.563 1.059
-1.261 1.569 1.063
-1.267 1.577 1.068
-1.307 1.566 1.061
-1.312 1.572 1.065
-1.316 1.577 1.069
-1.359 1.568 1.063
-1.37 1.582 1.072
-1.378 1.59 1.078
-1.418 1.578 1.071
-1.423 1.583 1.074
-1.43 1.591 1.079
-1.466 1.572 1.067
-1.473 1.58 1.072
-1.485 1.593 1.081
-1.526 1.579 1.072
-1.536 1.589 1.079
-1.549 1.602 1.088
-1.59 1.587 1.079
-1.595 1.592 1.082
-1.6 1.597 1.086
-1.647 1.586 1.078
-1.662 1.601 1.088
-1.673 1.611 1.095
-1.717 1.596 1.086
-1.728 1.606 1.093
-1.769 1.588 1.082
-1.778 1.595 1.086
-1.786 1.603 1.091
-1.836 1.591 1.083
-1.85 1.603 1.091
-1.866 1.617 1.102
-1.914 1.601 1.091
-1.92 1.606 1.095
-1.934 1.618 1.102
-1.985 1.603 1.094
-1.996 1.612 1.1
-2.008 1.622 1.106
-2.062 1.608 1.098
-2.08 1.622 1.107
-2.1 1.637 1.118
-2.149 1.618 1.105
-2.158 1.624 1.11
-2.173 1.636 1.117
-2.225 1.617 1.106
-2.249 1.634 1.117
-2.267 1.647 1.126
-2.317 1.625 1.112
-2.335 1.637 1.12
-2.363 1.657 1.133
-2.422 1.639 1.122
-2.444 1.653 1.132
-2.466 1.668 1.142
-2.519 1.644 1.127
-2.541 1.658 1.137
-2.601 1.637 1.123
-2.633 1.657 1.137
-2.662 1.675 1.149
-2.722 1.652 1.134
-2.745 1.665 1.143
-2.773 1.683 1.156
-2.839 1.659 1.14
-2.877 1.682 1.157
-2.913 1.703 1.171
-2.963 1.668 1.148
-2.991 1.685 1.159
-3.031 1.707 1.174
-3.1 1.681 1.157
-3.137 1.701 1.172
-3.171 1.719 1.184
-3.247 1.694 1.168
-3.294 1.718 1.184
-3.342 1.743 1.202
-3.423 1.716 1.185
-3.471 1.74 1.201
-3.519 1.764 1.218
-3.59 1.729 1.196
-3.638 1.753 1.211
-3.68 1.772 1.226
-3.779 1.748 1.21
-3.835 1.773 1.227
-3.828 1.77 1.225
-3.865 1.714 1.189
-3.675 1.63 1.129
-3.716 1.579 1.097
-3.702 1.573 1.093
-3.728 1.516 1.054
-3.721 1.513 1.052
-3.714 1.51 1.051
-3.723 1.448 1.009
-3.708 1.442 1.005
-3.701 1.439 1.003
-3.728 1.384 0.966
-3.725 1.382 0.965
-3.736 1.386 0.968
-3.797 1.344 0.94
-3.782 1.338 0.937
-3.716 1.315 0.92
-3.715 1.251 0.877
-3.715 1.251 0.877
-3.737 1.258 0.882
-3.807 1.218 0.856
-3.811 1.219 0.857
-3.791 1.15 0.811
-3.742 1.135 0.8
-3.746 1.136 0.801
-3.819 1.096 0.774
-3.857 1.106 0.782
-3.857 1.106 0.782
-3.853 1.043 0.739
-3.789 1.026 0.728
-3.732 1.01 0.716
-3.749 0.955 0.679
-3.788 0.965 0.687
-3.776 0.962 0.685
-3.742 0.894 0.638
-3.746 0.895 0.639
-3.75 0.896 0.64
-3.815 0.851 0.611
-3.815 0.851 0.611
-3.753 0.837 0.601
-3.77 0.783 0.564
-3.817 0.792 0.572
-3.875 0.805 0.581
-3.911 0.752 0.546
-3.903 0.75 0.545
-3.919 0.693 0.507
-3.778 0.669 0.489
-3.823 0.619 0.456
-3.815 0.617 0.455
-3.768 0.61 0.449
-3.789 0.556 0.414
-3.786 0.556 0.413
-3.786 0.556 0.413
-3.824 0.504 0.379
-3.876 0.511 0.384
-3.864 0.509 0.383
-3.854 0.451 0.343
-3.784 0.442 0.338
-3.776 0.442 0.337
-3.8 0.388 0.302
-3.8 0.388 0.302
-3.796 0.388 0.301
-3.991 0.349 0.277
-4.027 0.352 0.279
-4.031 0.293 0.24
-4.031 0.293 0.24
-4.011 0.292 0.239
-4.008 0.233 0.2
-3.805 0.221 0.19
-3.838 0.167 0.154
-3.906 0.17 0.157
-3.901 0.113 0.119
-3.849 0.112 0.117
-3.881 0.113 0.118
-3.878 0.056 0.081
-3.842 0.056 0.079
-3.894 0.057 0.081
